parcel_id,truth,pred,epistemic,prob_0,prob_1,prob_2
428,0,0,0.0,0.89510924,0.017625395,0.08726556
428,0,0,0.0,0.93699217,0.030798687,0.032209337
428,0,0,2.9802322387695312e-08,0.93303895,0.026859295,0.04010182
428,0,0,0.0,0.94150645,0.023647081,0.034846634
428,0,0,0.0,0.9544736,0.020047983,0.025478419
428,0,0,0.0,0.9483906,0.021277683,0.030331723
428,0,0,1.4901161193847656e-08,0.9572108,0.015840504,0.02694879
428,0,0,0.0,0.90964144,0.024879448,0.06547917
428,0,0,0.0,0.93357605,0.020099878,0.046324108
428,0,0,0.0,0.96707547,0.014009392,0.018915178
428,0,0,2.9802322387695312e-08,0.9579473,0.01626688,0.025785707
428,0,0,0.0,0.94814634,0.024056152,0.02779768
428,0,0,0.0,0.963064,0.017190311,0.019745888
428,0,0,0.0,0.94623184,0.02281378,0.030954735
428,0,0,0.0,0.9599098,0.018344242,0.021746082
428,0,0,0.0,0.9564419,0.018456826,0.025101384
428,0,0,0.0,0.9507438,0.019997424,0.029258741
428,0,0,1.4901161193847656e-08,0.96474415,0.01645304,0.018802937
428,0,0,0.0,0.97058684,0.013515735,0.015897438
428,0,0,0.0,0.9481226,0.026584318,0.025293123
428,0,0,5.960464477539063e-08,0.96922326,0.014530888,0.016245864
428,0,0,0.0,0.9545686,0.020832324,0.02459914
428,0,0,0.0,0.963989,0.017176513,0.018834455
428,0,0,0.0,0.9702306,0.014765693,0.015003705
428,0,0,0.0,0.97035116,0.014394905,0.015253895
428,0,0,2.9802322387695312e-08,0.9650733,0.016729783,0.018196873
428,0,0,0.0,0.97233427,0.013634373,0.01403138
428,0,0,0.0,0.9394293,0.027584452,0.03298632
428,0,0,0.0,0.95521736,0.021022078,0.023760747
428,0,0,0.0,0.95705277,0.018978655,0.023968674
428,0,0,0.0,0.9597689,0.017596073,0.022635039
428,0,0,5.960464477539063e-08,0.89940894,0.023878748,0.07671228
428,0,0,0.0,0.9488163,0.025987873,0.025195958
428,0,0,0.0,0.9584885,0.020516615,0.020995004
428,0,0,0.0,0.96757317,0.015677428,0.01674958
428,0,0,1.4901161193847656e-08,0.95055544,0.023909954,0.02553468
428,0,0,0.0,0.9403172,0.028783983,0.030899001
428,0,0,0.0,0.947833,0.021789698,0.03037728
428,0,0,0.0,0.9571728,0.02116308,0.021664262
428,0,0,0.0,0.9455348,0.012830626,0.04163471
428,0,0,0.0,0.9278497,0.03862072,0.033529818
428,0,0,0.0,0.96215963,0.017148344,0.020692132
428,0,0,0.0,0.96424484,0.015650412,0.020104857
428,0,0,0.0,0.96793836,0.013874571,0.018187193
428,0,0,0.0,0.9568903,0.019535063,0.023574734
428,0,0,0.0,0.96165824,0.016041571,0.02230021
428,0,0,0.0,0.96010965,0.01746934,0.022421207
428,0,0,0.0,0.9742326,0.010881866,0.014885562
428,0,0,0.0,0.95960516,0.016416404,0.023978539
428,0,0,0.0,0.95653075,0.02022465,0.02324467
428,0,0,0.0,0.96035486,0.018551378,0.021093963
428,0,0,0.0,0.96712506,0.016432835,0.016442263
428,0,0,0.0,0.958284,0.019145813,0.022570223
428,0,0,0.0,0.96987164,0.01367737,0.01645108
428,0,0,0.0,0.95529,0.01945425,0.02525577
407,0,0,5.960464477539063e-08,0.9386679,0.023427239,0.037904877
407,0,0,5.960464477539063e-08,0.75855124,0.051790137,0.18965866
407,0,0,0.0,0.9461119,0.02327873,0.030609483
407,0,0,5.960464477539063e-08,0.61270034,0.0415602,0.3457396
407,0,0,0.0,0.8089418,0.06104283,0.13001564
407,0,0,5.960464477539063e-08,0.95952857,0.018909875,0.021561481
407,0,0,0.0,0.96113694,0.019293131,0.019569986
407,0,0,0.0,0.9263324,0.029602539,0.044065196
407,0,0,2.9802322387695312e-08,0.9016573,0.036554616,0.061788127
407,0,0,0.0,0.96669775,0.014703864,0.018598525
407,0,0,0.0,0.79301304,0.05587501,0.151112
407,0,0,0.0,0.8962559,0.04694892,0.05679525
407,0,0,0.0,0.90242964,0.048031937,0.04953861
407,0,0,0.0,0.96487284,0.016836315,0.01829086
407,0,0,0.0,0.9112016,0.03260739,0.056191184
407,0,0,0.0,0.9577822,0.018990325,0.023227585
407,0,0,0.0,0.9784283,0.009992173,0.011579589
407,0,0,0.0,0.8593284,0.047457114,0.09321447
407,0,0,0.0,0.9485178,0.01856185,0.03292057
407,0,0,0.0,0.98228705,0.009054262,0.0086587975
407,0,0,0.0,0.8586249,0.03728937,0.1040858
4,0,0,0.0,0.85071415,0.019861544,0.1294244
4,0,0,0.0,0.7181764,0.0160016,0.26582208
4,0,0,0.0,0.5011826,0.01569241,0.48312503
4,0,2,0.0,0.2918101,0.020627264,0.6875627
4,0,0,2.9802322387695312e-08,0.9077684,0.015238955,0.076992474
4,0,0,0.0,0.7413156,0.028274326,0.23041004
4,0,0,0.0,0.8285752,0.022693843,0.14873123
4,0,0,0.0,0.78867626,0.0356122,0.17571178
4,0,0,0.0,0.83576053,0.022611097,0.14162846
4,0,0,0.0,0.86469,0.03619393,0.09911622
4,0,0,0.0,0.7906733,0.024562716,0.18476416
4,0,0,0.0,0.86874795,0.013642477,0.11760962
4,0,0,0.0,0.9385263,0.026345529,0.035128277
4,0,0,4.470348358154297e-08,0.9495269,0.017437913,0.033035107
4,0,0,5.960464477539063e-08,0.9268467,0.020075873,0.053077396
4,0,0,0.0,0.94620126,0.018011926,0.035786923
4,0,0,0.0,0.93915313,0.020032426,0.04081448
4,0,0,0.0,0.93445504,0.018509781,0.047035266
4,0,0,1.4901161193847656e-08,0.9500696,0.012338416,0.037591986
4,0,0,0.0,0.8949084,0.010792529,0.09429915
4,0,0,0.0,0.7912748,0.01878912,0.18993606
4,0,2,0.0,0.11994785,0.025099954,0.8549523
4,0,2,0.0,0.09266381,0.026714008,0.8806224
427,0,0,0.0,0.93291104,0.013940177,0.053148877
427,0,0,0.0,0.9536939,0.020850535,0.025455546
427,0,0,2.9802322387695312e-08,0.94719166,0.024743717,0.028064528
427,0,0,0.0,0.9033103,0.026577253,0.07011251
427,0,0,0.0,0.95522803,0.020896759,0.023875171
427,0,0,0.0,0.9026026,0.053414427,0.04398303
427,0,0,0.0,0.93574065,0.028123345,0.036135938
427,0,0,0.0,0.9402523,0.029508393,0.030239386
427,0,0,0.0,0.9592919,0.019518128,0.021190036
427,0,0,0.0,0.9608737,0.018464806,0.020661624
427,0,0,2.9802322387695312e-08,0.93872327,0.026655743,0.034621034
427,0,0,1.4901161193847656e-08,0.95303106,0.012501419,0.034467522
427,0,0,0.0,0.9387336,0.028836565,0.03243003
427,0,0,2.9802322387695312e-08,0.941251,0.02731457,0.031434372
427,0,0,5.960464477539063e-08,0.94404244,0.023240974,0.03271667
427,0,0,0.0,0.9508296,0.022013567,0.02715681
427,0,0,0.0,0.9556437,0.019502442,0.02485392
427,0,0,0.0,0.96352637,0.016717318,0.019756513
427,0,0,4.470348358154297e-08,0.9620825,0.011208348,0.026709149
427,0,0,2.9802322387695312e-08,0.93901116,0.026540799,0.03444801
427,0,0,0.0,0.96232367,0.0147888055,0.022887591
427,0,0,0.0,0.94098186,0.02377819,0.035240207
427,0,0,0.0,0.94931126,0.022963982,0.027724858
427,0,0,0.0,0.96101224,0.019027524,0.019960308
427,0,0,0.0,0.9598557,0.018248156,0.021896284
427,0,0,0.0,0.8286454,0.021994052,0.14936054
427,0,0,0.0,0.95226204,0.0154254325,0.03231258
427,0,0,0.0,0.94481415,0.021379095,0.0338068
427,0,0,0.0,0.9556598,0.0176071,0.026733289
427,0,0,0.0,0.9396805,0.02505338,0.035266023
427,0,0,0.0,0.9363856,0.029573511,0.034040958
427,0,0,0.0,0.9607176,0.017477704,0.021804867
427,0,0,0.0,0.958241,0.017480513,0.024278568
427,0,0,0.0,0.6531604,0.025685059,0.32115462
427,0,0,2.9802322387695312e-08,0.9425718,0.02606076,0.031367328
427,0,0,0.0,0.9545531,0.022367146,0.023079857
427,0,0,0.0,0.9304387,0.034021556,0.035539746
427,0,0,0.0,0.8950402,0.050619643,0.054340106
427,0,0,0.0,0.94365597,0.029904407,0.026439684
427,0,0,0.0,0.9062615,0.04470267,0.04903595
427,0,0,0.0,0.9252168,0.03180487,0.042978484
427,0,0,0.0,0.6137849,0.03215013,0.354065
427,0,0,0.0,0.91088957,0.040899318,0.04821134
427,0,0,0.0,0.9392911,0.03058059,0.030128282
427,0,0,0.0,0.95022005,0.023659887,0.026120245
427,0,0,0.0,0.9538784,0.022140497,0.02398121
427,0,0,0.0,0.96701443,0.015025535,0.017960098
427,0,0,0.0,0.9398031,0.03241277,0.027784169
427,0,0,0.0,0.95596033,0.022921301,0.021118505
427,0,0,0.0,0.6531544,0.022824444,0.3240213
427,0,0,0.0,0.8889829,0.053376693,0.057640452
427,0,0,0.0,0.8962051,0.03874253,0.065052345
427,0,0,0.0,0.934947,0.024862543,0.040190402
427,0,0,5.960464477539063e-08,0.92744654,0.024461595,0.0480918
427,0,0,0.0,0.95040524,0.019194994,0.03039983
427,0,0,2.9802322387695312e-08,0.92891806,0.027430963,0.043650903
427,0,0,0.0,0.90401477,0.033406377,0.062578954
408,0,0,0.0,0.7133282,0.048053175,0.23861879
408,0,0,2.9802322387695312e-08,0.9356462,0.02332781,0.041025896
408,0,0,0.0,0.8615896,0.031156478,0.10725385
408,0,0,0.0,0.84679943,0.043122653,0.11007797
408,0,0,5.960464477539063e-08,0.6713911,0.04404796,0.28456104
408,0,0,0.0,0.95694107,0.016702084,0.026356906
408,0,0,0.0,0.86108166,0.036755748,0.10216266
408,0,0,0.0,0.85789007,0.040689234,0.10142089
408,0,0,2.9802322387695312e-08,0.857258,0.04451193,0.09823002
408,0,0,0.0,0.9099121,0.025961759,0.06412629
408,0,0,0.0,0.88112974,0.03254971,0.08632058
408,0,0,0.0,0.87750363,0.048965726,0.0735307
408,0,0,5.960464477539063e-08,0.9239742,0.030099032,0.045926772
408,0,0,0.0,0.9549762,0.02147996,0.02354386
408,0,0,0.0,0.8623315,0.03304256,0.104626015
408,0,0,0.0,0.9105568,0.031054595,0.058388907
408,0,0,0.0,0.89322394,0.034060992,0.07271518
337,0,0,5.960464477539063e-08,0.50197816,0.0449277,0.45309427
337,0,0,0.0,0.93758506,0.0139710745,0.048444033
337,0,0,0.0,0.93735504,0.033121467,0.029523592
337,0,0,0.0,0.8859543,0.022789905,0.0912558
337,0,0,0.0,0.6213584,0.062343065,0.3162986
337,0,0,0.0,0.81071186,0.032706745,0.15658143
337,0,0,0.0,0.8934779,0.019818632,0.08670369
337,0,0,0.0,0.9652067,0.013251626,0.02154173
337,0,0,0.0,0.9687105,0.017217983,0.014071582
337,0,0,0.0,0.9314967,0.035541695,0.03296184
337,0,0,0.0,0.87527275,0.06450738,0.060220115
337,0,0,0.0,0.6645366,0.07082576,0.26463762
337,0,0,0.0,0.93003464,0.019914066,0.050051406
337,0,0,0.0,0.9584232,0.008931056,0.032645926
337,0,0,0.0,0.9652118,0.0124018015,0.022386631
337,0,0,0.0,0.94087934,0.029456154,0.02966475
337,0,0,0.0,0.94912136,0.02229017,0.028588528
337,0,0,0.0,0.9125099,0.047702506,0.039787825
337,0,0,0.0,0.88695717,0.03588961,0.07715347
337,0,0,0.0,0.87293065,0.05246922,0.0746002
337,0,0,0.0,0.94777787,0.010027574,0.042194676
337,0,0,7.450580596923828e-08,0.9465486,0.010057451,0.04339391
337,0,0,0.0,0.9301576,0.0447005,0.025142172
337,0,0,0.0,0.9436641,0.028166546,0.028169433
337,0,0,0.0,0.8161774,0.063957274,0.11986532
337,0,0,0.0,0.69825494,0.16115543,0.14058967
337,0,0,5.960464477539063e-08,0.49734524,0.38284665,0.119808204
337,0,0,0.0,0.4822739,0.30031425,0.21741182
337,0,0,1.4901161193847656e-08,0.9669223,0.010841364,0.02223634
337,0,0,0.0,0.9110309,0.030689161,0.058280077
337,0,0,2.9802322387695312e-08,0.88398284,0.07302887,0.04298821
337,0,0,0.0,0.8404035,0.09375056,0.06584606
337,0,0,0.0,0.86051583,0.09877249,0.04071162
337,0,0,0.0,0.81119114,0.14630258,0.04250636
337,0,0,0.0,0.621178,0.30119586,0.07762626
337,0,0,0.0,0.5314566,0.21635158,0.252192
337,0,2,0.0,0.45474386,0.06939147,0.47586486
337,0,0,0.0,0.9203121,0.01283275,0.06685513
337,0,0,0.0,0.7282144,0.13859184,0.13319391
337,0,0,0.0,0.83007,0.095931716,0.07399824
337,0,0,0.0,0.90522283,0.050575826,0.04420157
337,0,0,0.0,0.8240061,0.0806421,0.09535198
337,0,0,0.0,0.69476444,0.16537131,0.13986437
337,0,0,0.0,0.82453287,0.102393694,0.073073365
337,0,0,0.0,0.4968956,0.025824519,0.47727987
337,0,0,0.0,0.828175,0.04660581,0.12521924
337,0,0,0.0,0.81990856,0.099963196,0.08012839
337,0,0,0.0,0.88866335,0.060751624,0.050585236
337,0,0,0.0,0.8907468,0.0357516,0.07350153
337,0,0,0.0,0.899531,0.056315646,0.0441535
337,0,0,0.0,0.8399681,0.1157761,0.044255972
337,0,0,0.0,0.88955075,0.0730752,0.037374128
337,0,0,5.960464477539063e-08,0.81398505,0.03603856,0.14997652
337,0,0,0.0,0.93411297,0.010157461,0.05572959
337,0,0,0.0,0.91929144,0.024540672,0.056168064
337,0,0,5.960464477539063e-08,0.9420935,0.018650237,0.03925623
337,0,0,0.0,0.68455803,0.1223232,0.19311884
337,0,0,0.0,0.5578006,0.3189459,0.123253465
337,0,0,0.0,0.68022716,0.12966608,0.1901069
337,0,0,0.0,0.9151816,0.019381018,0.06543756
337,0,0,0.0,0.95138884,0.012626233,0.03598499
337,0,0,0.0,0.93327665,0.03420806,0.03251528
337,0,0,0.0,0.84847593,0.059631303,0.091893084
337,0,0,0.0,0.5496619,0.12123566,0.32910252
337,0,2,0.0,0.21589412,0.33565855,0.44844747
337,0,0,1.1920928955078125e-07,0.54258376,0.11201066,0.34540573
337,0,0,0.0,0.8150334,0.035112903,0.14985378
337,0,0,0.0,0.7181292,0.067215525,0.21465543
337,0,0,0.0,0.71694386,0.12173611,0.16132016
337,0,0,0.0,0.7191948,0.05587164,0.22493362
337,0,0,0.0,0.5429862,0.089976124,0.3670378
337,0,0,0.0,0.6934113,0.028690796,0.2778981
337,0,2,0.0,0.36198142,0.070349745,0.5676689
337,0,0,5.960464477539063e-08,0.5114237,0.118423454,0.37015292
337,0,0,0.0,0.5636596,0.21215922,0.22418122
337,0,2,0.0,0.25833166,0.14831872,0.5933497
128,0,0,0.0,0.9090447,0.04598791,0.04496753
128,0,0,0.0,0.8956109,0.07570806,0.028681207
128,0,0,0.0,0.92209923,0.057969216,0.019931523
128,0,0,0.0,0.8295412,0.13375242,0.03670649
128,0,0,0.0,0.7331067,0.22808988,0.03880358
128,0,0,5.960464477539063e-08,0.5399089,0.16848718,0.291604
128,0,0,0.0,0.4309125,0.150392,0.41869566
128,0,0,0.0,0.85512125,0.083266616,0.061612103
128,0,0,2.9802322387695312e-08,0.9217239,0.039684672,0.03859134
128,0,0,5.960464477539063e-08,0.8886611,0.0728186,0.038520265
128,0,0,0.0,0.92506546,0.054037374,0.020897193
128,0,0,0.0,0.8314535,0.13992585,0.028620733
128,0,0,0.0,0.7095878,0.23034802,0.06006422
128,0,0,0.0,0.8387081,0.04612272,0.11516948
128,0,0,0.0,0.9418351,0.027484668,0.030680228
128,0,0,2.9802322387695312e-08,0.95585865,0.022952517,0.021188848
128,0,0,0.0,0.9262843,0.03762656,0.03608929
128,0,0,0.0,0.903449,0.07091469,0.02563643
128,0,0,0.0,0.6955157,0.24623647,0.05824791
128,0,0,0.0,0.65387607,0.2657979,0.080326185
128,0,0,5.960464477539063e-08,0.74518704,0.061276805,0.19353622
128,0,0,0.0,0.9639922,0.020272147,0.015735922
128,0,0,0.0,0.93818945,0.033097792,0.02871294
128,0,0,0.0,0.91088724,0.05382439,0.03528858
128,0,0,0.0,0.7815077,0.16967689,0.048815425
128,0,0,0.0,0.42701438,0.3926027,0.1803831
128,0,2,0.0,0.45512968,0.05477117,0.4900992
128,0,0,2.9802322387695312e-08,0.94825613,0.024712423,0.02703138
128,0,0,0.0,0.9280106,0.036141858,0.035847552
128,0,0,0.0,0.8208771,0.14127338,0.03784966
128,0,1,5.960464477539063e-08,0.3409458,0.53997767,0.11907651
128,0,2,0.0,0.22865517,0.069665946,0.70167893
128,0,0,0.0,0.9722156,0.012593985,0.015190477
128,0,0,1.4901161193847656e-08,0.9505364,0.023537945,0.025925754
128,0,0,0.0,0.5358405,0.40398932,0.0601703
128,0,2,1.7881393432617188e-07,0.21253595,0.051451955,0.7360121
128,0,0,0.0,0.661543,0.16963936,0.16881776
128,0,0,0.0,0.61908877,0.08417988,0.29673132
128,0,2,5.960464477539063e-08,0.18065943,0.17877683,0.6405638
128,0,2,0.0,0.10578758,0.07892795,0.81528467
128,0,2,2.9802322387695312e-08,0.042862423,0.020708464,0.93642914
341,0,0,0.0,0.86904234,0.016967628,0.113990225
341,0,0,0.0,0.58047974,0.042338595,0.3771818
341,0,0,0.0,0.91646016,0.0151798185,0.06836
341,0,0,0.0,0.9688182,0.010815269,0.020366732
341,0,0,0.0,0.97586155,0.00857293,0.0155655015
341,0,0,2.9802322387695312e-08,0.88671654,0.031050583,0.082232885
341,0,2,0.0,0.46896014,0.05501655,0.47602344
341,0,0,0.0,0.92388076,0.020807263,0.055312026
341,0,0,0.0,0.9655985,0.013815597,0.020585993
341,0,0,7.450580596923828e-08,0.9652607,0.014470932,0.02026833
341,0,0,0.0,0.96584576,0.012054878,0.022099404
341,0,0,0.0,0.9668493,0.00989245,0.023258219
341,0,0,0.0,0.9609995,0.011591837,0.027408782
341,0,0,0.0,0.9463377,0.01873519,0.034927227
341,0,0,0.0,0.8574691,0.027023122,0.1155078
341,0,0,5.960464477539063e-08,0.9208837,0.01220677,0.066909485
341,0,0,0.0,0.95052385,0.02004716,0.029428944
341,0,0,0.0,0.959445,0.016741106,0.023813814
341,0,0,0.0,0.9645579,0.012234537,0.023207603
341,0,0,1.4901161193847656e-08,0.97238696,0.009554099,0.018059045
341,0,0,0.0,0.9410716,0.011759804,0.047168683
341,0,0,0.0,0.9521198,0.016119024,0.031761117
341,0,0,0.0,0.94481844,0.023851203,0.031330504
341,0,0,0.0,0.93751734,0.0223938,0.04008897
341,0,0,0.0,0.90948594,0.024227746,0.06628635
341,0,0,0.0,0.7930528,0.03175987,0.1751875
341,0,0,0.0,0.883545,0.022796491,0.09365854
341,0,0,0.0,0.9143538,0.027100751,0.058545522
341,0,0,1.4901161193847656e-08,0.9669105,0.0127497185,0.0203399
341,0,0,0.0,0.97475046,0.012404297,0.0128452815
341,0,0,0.0,0.9745964,0.013601886,0.011801795
341,0,0,0.0,0.9683966,0.014044668,0.017558834
341,0,0,0.0,0.9707987,0.012739285,0.016462112
341,0,0,0.0,0.964457,0.009081125,0.02646204
341,0,0,0.0,0.95718634,0.01585872,0.02695493
341,0,0,0.0,0.94573057,0.029961908,0.02430766
341,0,0,0.0,0.9482566,0.015442307,0.036301106
341,0,0,0.0,0.94430345,0.019380616,0.03631613
341,0,0,0.0,0.95501465,0.016815778,0.02816979
341,0,0,5.960464477539063e-08,0.9056841,0.030738335,0.06357746
341,0,0,2.9802322387695312e-08,0.9354679,0.016370745,0.048161276
341,0,0,2.9802322387695312e-08,0.9547846,0.012430682,0.03278485
341,0,0,2.9802322387695312e-08,0.9681399,0.01242507,0.019435022
341,0,0,0.0,0.9647727,0.015093553,0.020133913
341,0,0,4.470348358154297e-08,0.9664671,0.017077459,0.01645552
341,0,0,0.0,0.9685421,0.015481289,0.015976746
341,0,0,0.0,0.9643717,0.015690567,0.019937778
341,0,0,0.0,0.96689177,0.017812345,0.015295979
341,0,0,0.0,0.96861696,0.01726798,0.014115123
341,0,0,1.4901161193847656e-08,0.95738655,0.02095841,0.021654991
341,0,0,0.0,0.9403835,0.022093574,0.03752303
341,0,0,0.0,0.94264895,0.019465502,0.037885703
341,0,0,2.9802322387695312e-08,0.94476074,0.019393077,0.035846125
341,0,0,0.0,0.9701866,0.0132493945,0.016564097
341,0,0,0.0,0.9744721,0.012840169,0.012687756
341,0,0,0.0,0.94364125,0.02899392,0.027364869
341,0,2,5.960464477539063e-08,0.19797862,0.061546125,0.7404753
341,0,0,0.0,0.68290246,0.04267585,0.27442166
341,0,0,0.0,0.8766152,0.0202489,0.10313602
341,0,0,0.0,0.96703047,0.012170962,0.020798756
341,0,0,0.0,0.9742289,0.010030837,0.015740236
341,0,0,0.0,0.9755226,0.012392173,0.012085302
341,0,0,0.0,0.9729339,0.015098482,0.011967737
341,0,0,0.0,0.97539514,0.013302457,0.011302554
341,0,0,5.960464477539063e-08,0.96926606,0.015845938,0.01488796
341,0,0,2.9802322387695312e-08,0.9748751,0.011815997,0.013309017
341,0,0,1.4901161193847656e-08,0.9581158,0.01755777,0.024326485
341,0,0,0.0,0.9565468,0.018447962,0.025005441
341,0,0,0.0,0.96929884,0.01934078,0.011360483
341,0,0,0.0,0.96754265,0.0137060825,0.018751465
341,0,0,0.0,0.9116673,0.025098212,0.06323458
341,0,0,0.0,0.9611636,0.016726233,0.022110336
341,0,0,0.0,0.96201575,0.018168591,0.01981573
341,0,0,0.0,0.9796519,0.011529089,0.008818987
341,0,0,0.0,0.9587896,0.025979169,0.015231283
341,0,2,1.1920928955078125e-07,0.22725347,0.06581982,0.70692676
341,0,2,5.960464477539063e-08,0.3129482,0.07390506,0.6131469
341,0,0,0.0,0.9209355,0.01596938,0.06309521
341,0,0,0.0,0.95491403,0.017003994,0.028082246
341,0,0,1.4901161193847656e-08,0.9553148,0.018935068,0.025750179
341,0,0,0.0,0.9595281,0.024516538,0.015955392
341,0,0,1.043081283569336e-07,0.9522945,0.02991087,0.017794568
341,0,0,7.450580596923828e-09,0.9792829,0.0109627955,0.009754288
341,0,0,0.0,0.9758546,0.012811351,0.011334245
341,0,0,1.4901161193847656e-08,0.9650575,0.015556183,0.019386282
341,0,0,0.0,0.96813685,0.016218534,0.015644794
341,0,0,0.0,0.94960785,0.02484959,0.025542732
341,0,0,0.0,0.97812873,0.0127144335,0.009156859
341,0,0,0.0,0.9698863,0.016388921,0.013724821
341,0,0,0.0,0.95107794,0.028900754,0.02002127
341,0,0,0.0,0.9668545,0.021066394,0.012079224
341,0,0,0.0,0.9602239,0.019212773,0.020563303
341,0,0,0.0,0.97452927,0.01255115,0.012919714
341,0,0,5.960464477539063e-08,0.9527066,0.023798479,0.023495026
341,0,0,0.0,0.9605065,0.018221403,0.021272125
341,0,2,0.0,0.28305203,0.09553716,0.6214109
341,0,0,0.0,0.85073197,0.031010397,0.11825778
341,0,0,0.0,0.9645182,0.017472522,0.01800934
341,0,0,1.4901161193847656e-08,0.95803946,0.020823495,0.021136984
341,0,0,0.0,0.967489,0.019260528,0.0132506145
341,0,0,1.4901161193847656e-08,0.97119284,0.015684307,0.0131228445
341,0,0,0.0,0.9788751,0.010709092,0.01041601
341,0,0,0.0,0.96682924,0.01680901,0.016361864
341,0,0,0.0,0.9612379,0.019694101,0.019068127
341,0,0,0.0,0.95759016,0.023495143,0.018914826
341,0,0,0.0,0.9686967,0.016673367,0.0146299815
341,0,0,0.0,0.9761925,0.012900145,0.010907461
341,0,0,0.0,0.97337097,0.015904361,0.010724822
341,0,0,4.470348358154297e-08,0.9698758,0.017463243,0.012660929
341,0,0,7.450580596923828e-09,0.9775173,0.015793413,0.0066892267
341,0,0,0.0,0.9637533,0.0177383,0.01850844
341,0,0,0.0,0.9667167,0.017399184,0.015884299
341,0,0,1.4901161193847656e-08,0.95394343,0.025579406,0.020477185
341,0,0,0.0,0.9710945,0.013594786,0.0153108295
341,0,0,0.0,0.66696197,0.041117847,0.29192024
341,0,0,0.0,0.93557316,0.023821957,0.040605076
341,0,0,4.470348358154297e-08,0.9608061,0.015595122,0.0235987
341,0,0,0.0,0.9805846,0.010979075,0.008436261
341,0,0,0.0,0.97306734,0.015351175,0.011581472
341,0,0,0.0,0.9778661,0.010618334,0.011515683
341,0,0,0.0,0.95991653,0.01806621,0.022017222
341,0,0,0.0,0.9615235,0.02009589,0.018380718
341,0,0,4.470348358154297e-08,0.96514183,0.021564566,0.013293592
341,0,0,4.470348358154297e-08,0.96371514,0.022035733,0.014249048
341,0,0,0.0,0.97531646,0.015108436,0.0095751155
341,0,0,0.0,0.9763948,0.013860553,0.009744655
341,0,0,0.0,0.96836853,0.01924344,0.012388053
341,0,0,0.0,0.97436184,0.017668663,0.007969574
341,0,0,0.0,0.97341436,0.011594042,0.014991576
341,0,0,0.0,0.9649997,0.018390771,0.016609654
341,0,0,0.0,0.9636942,0.018740596,0.017565256
341,0,0,0.0,0.9364762,0.023407502,0.040116295
341,0,0,0.0,0.82747996,0.02735215,0.14516798
341,0,0,0.0,0.85524887,0.019159127,0.12559205
341,0,0,0.0,0.959364,0.020487592,0.020148456
341,0,0,4.470348358154297e-08,0.9509417,0.025700059,0.023358218
341,0,0,0.0,0.9492234,0.02892075,0.021856075
341,0,0,1.4901161193847656e-08,0.9679328,0.019100951,0.012966243
341,0,0,0.0,0.9742108,0.016392866,0.009396549
341,0,0,0.0,0.9759826,0.014014157,0.0100035
341,0,0,0.0,0.9717116,0.016050868,0.0122376345
341,0,0,0.0,0.96641773,0.021611383,0.011970973
341,0,0,0.0,0.9745518,0.015437199,0.010011058
341,0,0,0.0,0.9640355,0.02356154,0.012403056
341,0,0,4.470348358154297e-08,0.9585044,0.019565329,0.021930316
341,0,0,0.0,0.9769903,0.011062173,0.011947637
341,0,0,0.0,0.94298697,0.030841453,0.026171694
341,0,0,0.0,0.94225997,0.027321499,0.030418614
341,0,0,0.0,0.76251066,0.025949338,0.21154004
341,0,0,5.960464477539063e-08,0.9217783,0.041051257,0.03717048
341,0,0,0.0,0.861629,0.056028284,0.082342796
341,0,0,0.0,0.9388815,0.0355806,0.02553795
341,0,0,0.0,0.9848242,0.009232167,0.00594374
341,0,0,0.0,0.9724499,0.013272285,0.014277886
341,0,0,2.9802322387695312e-08,0.95324844,0.027013322,0.019738255
341,0,0,0.0,0.96781635,0.018032111,0.014151839
341,0,0,0.0,0.972808,0.014300015,0.012891997
341,0,0,0.0,0.96057993,0.023006305,0.016413907
341,0,0,5.960464477539063e-08,0.87559175,0.06502445,0.059383884
341,0,0,0.0,0.6053691,0.05864135,0.33598968
341,0,0,0.0,0.9136793,0.026368346,0.05995241
341,0,0,0.0,0.9328434,0.028958002,0.038198825
341,0,0,2.9802322387695312e-08,0.9231951,0.037914515,0.038890325
341,0,0,0.0,0.9783084,0.010885779,0.010805969
341,0,0,0.0,0.9710693,0.016974702,0.011956067
341,0,0,0.0,0.9613623,0.024307301,0.01433046
341,0,0,2.9802322387695312e-08,0.9545351,0.02241764,0.023047185
341,0,0,0.0,0.9236055,0.028297268,0.048097268
341,0,0,0.0,0.73093075,0.06354513,0.2055242
341,0,0,0.0,0.6533235,0.08471137,0.26196527
341,0,0,0.0,0.9254427,0.0344287,0.04012874
341,0,0,0.0,0.8578539,0.08821896,0.05392718
341,0,0,5.960464477539063e-08,0.71360797,0.094369255,0.19202283
341,0,0,0.0,0.8263226,0.043080356,0.13059725
341,0,2,0.0,0.15043347,0.23091702,0.6186496
341,0,2,0.0,0.18134359,0.09427058,0.72438586
431,0,0,0.0,0.9666292,0.014840904,0.018529948
431,0,0,2.9802322387695312e-08,0.8840308,0.055469804,0.060499437
431,0,0,0.0,0.94928545,0.025379347,0.025335358
431,0,0,0.0,0.966,0.016273178,0.017726943
431,0,0,0.0,0.96612084,0.01661619,0.017262885
431,0,0,1.4901161193847656e-08,0.97387546,0.011145007,0.014979571
431,0,0,5.960464477539063e-08,0.9495565,0.016569177,0.033874203
431,0,0,0.0,0.9530268,0.016145177,0.030828059
431,0,0,0.0,0.967154,0.016204944,0.016641214
431,0,0,0.0,0.9130993,0.04612778,0.04077314
431,0,0,0.0,0.9692781,0.013443899,0.017278045
431,0,0,0.0,0.965129,0.013825673,0.021045387
431,0,0,1.4901161193847656e-08,0.94617003,0.017502274,0.03632773
431,0,0,0.0,0.96756214,0.014510207,0.017927704
431,0,0,0.0,0.9694991,0.01408443,0.016416498
431,0,0,0.0,0.9653773,0.015074298,0.019548655
431,0,0,1.4901161193847656e-08,0.9563556,0.016998159,0.026646327
431,0,0,0.0,0.9671716,0.012752218,0.02007639
431,0,0,0.0,0.9689113,0.012827109,0.018261736
431,0,0,0.0,0.97540236,0.012434772,0.012162973
431,0,0,2.9802322387695312e-08,0.95331776,0.028973555,0.017708626
431,0,0,0.0,0.9700686,0.016266685,0.0136647755
431,0,0,0.0,0.87064266,0.0146058565,0.11475172
431,0,0,0.0,0.9649006,0.014282897,0.020816576
431,0,0,0.0,0.9704415,0.012878706,0.016679768
431,0,0,0.0,0.9660706,0.014614865,0.019314624
431,0,0,0.0,0.96311754,0.017025998,0.019856567
431,0,0,0.0,0.9669757,0.015089156,0.017935237
431,0,0,0.0,0.9681563,0.013492477,0.018351337
431,0,0,0.0,0.96624,0.014466551,0.01929372
431,0,0,0.0,0.97590077,0.011047508,0.013051685
431,0,0,5.960464477539063e-08,0.9753124,0.011814791,0.012872783
431,0,0,5.960464477539063e-08,0.97572005,0.011810532,0.012469424
431,0,0,0.0,0.978635,0.008978392,0.01238679
431,0,0,0.0,0.8719178,0.020897795,0.10718447
431,0,0,0.0,0.9747424,0.010971189,0.01428635
431,0,0,0.0,0.96638155,0.0137263,0.019892277
431,0,0,4.470348358154297e-08,0.9719739,0.013905827,0.014120232
431,0,0,5.960464477539063e-08,0.96769446,0.016888596,0.015416977
431,0,0,0.0,0.9722129,0.014602486,0.013184707
431,0,0,0.0,0.9735908,0.012956805,0.013452512
431,0,0,0.0,0.9751917,0.010852117,0.01395614
431,0,0,4.470348358154297e-08,0.97284526,0.01263367,0.014521046
431,0,0,0.0,0.975794,0.012170248,0.012035775
431,0,0,0.0,0.9776768,0.0093047405,0.013018449
431,0,0,0.0,0.9751092,0.011227519,0.013663362
431,0,0,2.9802322387695312e-08,0.9032986,0.027746402,0.06895502
431,0,0,0.0,0.9669718,0.013558494,0.019469768
431,0,0,0.0,0.97126234,0.01404205,0.014695656
431,0,0,0.0,0.97107416,0.013600452,0.015325328
431,0,0,0.0,0.975419,0.011884362,0.012696775
431,0,0,0.0,0.9738226,0.013307335,0.012870014
431,0,0,0.0,0.9718923,0.013662534,0.014445307
431,0,0,0.0,0.9730874,0.013148156,0.01376453
431,0,0,0.0,0.97263044,0.012966601,0.0144030275
431,0,0,0.0,0.97397566,0.013204615,0.012819808
431,0,0,0.0,0.9585763,0.017154412,0.024269411
431,0,0,5.960464477539063e-08,0.97702235,0.009625792,0.013351827
431,0,0,0.0,0.95426273,0.02339469,0.022342678
431,0,0,2.9802322387695312e-08,0.92550963,0.031456415,0.043033876
431,0,0,0.0,0.9578869,0.018112263,0.024000984
431,0,0,0.0,0.9716397,0.0128669515,0.015493428
431,0,0,0.0,0.96876824,0.015745867,0.015485997
431,0,0,0.0,0.97183526,0.014012767,0.014152048
431,0,0,0.0,0.97116,0.0132942125,0.015545948
431,0,0,0.0,0.9780365,0.011127659,0.010835912
431,0,0,0.0,0.97352403,0.0146855125,0.011790692
431,0,0,0.0,0.9632182,0.020346455,0.016435398
431,0,0,4.470348358154297e-08,0.94703346,0.023488797,0.029477777
431,0,0,0.0,0.94494593,0.019045752,0.036008317
431,0,0,0.0,0.885065,0.031913735,0.08302139
431,0,0,0.0,0.95203733,0.02107778,0.026884984
431,0,0,0.0,0.9625484,0.0125804255,0.024871435
431,0,0,1.4901161193847656e-08,0.9663726,0.01395453,0.019672923
431,0,0,0.0,0.9786997,0.00983595,0.011464472
431,0,0,5.960464477539063e-08,0.98003256,0.009370566,0.010596867
431,0,0,0.0,0.96028376,0.015838934,0.023877375
431,0,0,0.0,0.9503717,0.019306028,0.030322498
431,0,0,0.0,0.940775,0.02305655,0.036168613
431,0,0,0.0,0.9546939,0.018642036,0.026664173
431,0,0,0.0,0.95747393,0.015063865,0.027462266
431,0,0,0.0,0.9427624,0.016314482,0.040923372
431,0,0,0.0,0.8343364,0.041309614,0.12435416
431,0,0,0.0,0.9235839,0.0146404635,0.06177576
431,0,0,0.0,0.96345806,0.010389596,0.026152374
431,0,0,0.0,0.964467,0.010278145,0.025255064
431,0,0,0.0,0.9613272,0.012519165,0.026153754
431,0,0,0.0,0.9674632,0.010571788,0.021965168
431,0,0,0.0,0.950102,0.022313325,0.02758467
431,0,0,0.0,0.90388495,0.023755208,0.07236001
431,0,0,0.0,0.9500342,0.016757095,0.0332086
431,0,0,0.0,0.9409114,0.024120303,0.034968447
431,0,0,0.0,0.9492101,0.016691694,0.03409833
431,0,0,2.9802322387695312e-08,0.9345251,0.023046162,0.04242877
42,0,0,2.9802322387695312e-08,0.89320517,0.041962404,0.06483256
42,0,0,0.0,0.94562954,0.026524257,0.027846236
42,0,0,0.0,0.9437561,0.031944428,0.024299715
42,0,0,0.0,0.94068813,0.023936026,0.035376094
42,0,0,0.0,0.87964576,0.043989167,0.07636522
42,0,0,0.0,0.8087079,0.09884031,0.09245183
42,0,0,0.0,0.8165393,0.06873693,0.11472379
42,0,0,2.9802322387695312e-08,0.89634377,0.04457732,0.059079025
42,0,0,0.0,0.8910757,0.053861544,0.055062845
42,0,0,0.0,0.9289161,0.047668353,0.02341566
42,0,0,4.470348358154297e-08,0.9583189,0.025130667,0.01655047
42,0,0,0.0,0.9425318,0.031313833,0.026154408
42,0,0,0.0,0.8712073,0.080866314,0.04792656
42,0,0,0.0,0.87620157,0.07888894,0.04490965
42,0,0,0.0,0.9081712,0.04154793,0.05028113
42,0,0,0.0,0.96354485,0.011616532,0.024838733
42,0,0,0.0,0.9618869,0.020415612,0.017697798
42,0,0,0.0,0.96486276,0.019410484,0.015726913
42,0,0,0.0,0.9687153,0.01682837,0.014456324
42,0,0,0.0,0.9668269,0.017354589,0.015818525
42,0,0,0.0,0.9715685,0.014570151,0.013861504
42,0,0,0.0,0.9388785,0.031739406,0.029382315
42,0,0,2.9802322387695312e-08,0.9478679,0.022114668,0.030017436
42,0,0,0.0,0.9403047,0.022135848,0.037559725
42,0,0,0.0,0.9627649,0.013264927,0.023970183
42,0,0,0.0,0.9563136,0.022203263,0.02148327
42,0,0,0.0,0.9621192,0.018758476,0.019122405
42,0,0,0.0,0.9719716,0.014294521,0.013733815
42,0,0,0.0,0.97108984,0.01378037,0.015129827
42,0,0,0.0,0.9765271,0.01101913,0.012453915
42,0,0,0.0,0.9618664,0.01734314,0.020790571
42,0,0,0.0,0.93610567,0.029391311,0.034503043
42,0,0,0.0,0.9329754,0.02814491,0.0388797
42,0,0,0.0,0.9691557,0.010963198,0.019881064
42,0,0,0.0,0.9600067,0.01813558,0.021857806
42,0,0,0.0,0.9615697,0.01735199,0.021078479
42,0,0,1.4901161193847656e-08,0.95046014,0.016660945,0.03287893
42,0,0,0.0,0.9593587,0.0152289225,0.025412457
42,0,0,0.0,0.9731669,0.009559126,0.017274002
42,0,0,4.470348358154297e-08,0.94725174,0.025665084,0.027083112
42,0,0,0.0,0.88065857,0.060925696,0.05841581
42,0,0,0.0,0.7120367,0.11875808,0.16920523
42,0,0,0.0,0.86304086,0.055887934,0.08107135
42,0,0,0.0,0.82979536,0.07995135,0.09025329
42,0,1,0.0,0.34106192,0.40174493,0.2571932
425,0,0,0.0,0.95757097,0.017697426,0.024731679
425,0,0,8.940696716308594e-08,0.9363752,0.02401819,0.039606504
425,0,0,0.0,0.94521564,0.024252614,0.03053186
425,0,0,0.0,0.9540129,0.019840615,0.026146572
425,0,0,0.0,0.96136826,0.013723629,0.024908304
425,0,0,0.0,0.9591388,0.009739936,0.031121342
425,0,0,0.0,0.9369396,0.023847593,0.03921291
425,0,0,0.0,0.95445055,0.020252423,0.025297135
425,0,0,0.0,0.95548403,0.019871244,0.024644736
425,0,0,0.0,0.9711052,0.01186278,0.017032014
425,0,0,0.0,0.96175426,0.01636617,0.021879664
425,0,0,0.0,0.94843155,0.018905101,0.032663405
425,0,0,0.0,0.9370665,0.016940305,0.045993265
425,0,0,2.9802322387695312e-08,0.9472057,0.020305898,0.032488305
425,0,0,0.0,0.9675962,0.011716767,0.020686997
425,0,0,7.450580596923828e-08,0.9665138,0.0115363365,0.021949708
425,0,0,0.0,0.9527107,0.022086559,0.025202824
425,0,0,5.960464477539063e-08,0.9628301,0.014319298,0.022850553
425,0,0,0.0,0.9356195,0.018169163,0.046211492
425,0,0,0.0,0.96832573,0.013246515,0.018427761
425,0,0,0.0,0.95013905,0.019977216,0.029883875
425,0,0,0.0,0.96969235,0.011554079,0.018753625
425,0,0,0.0,0.97119325,0.0111538,0.017653119
425,0,0,0.0,0.9643993,0.012963665,0.022637306
425,0,0,0.0,0.9550009,0.014540862,0.030458294
425,0,0,0.0,0.94275635,0.018445583,0.03879817
425,0,0,0.0,0.9546781,0.013744265,0.031577647
425,0,0,0.0,0.9476086,0.019905504,0.032486007
425,0,0,2.9802322387695312e-08,0.9207975,0.025139635,0.054062914
425,0,0,0.0,0.9219722,0.029655946,0.048371945
425,0,0,0.0,0.9558536,0.016968008,0.027178599
425,0,0,0.0,0.8976195,0.037269816,0.06511082
425,0,0,0.0,0.92101485,0.029855622,0.049129605
425,0,0,0.0,0.9679479,0.01218466,0.019867625
425,0,0,0.0,0.9718095,0.010707959,0.01748259
425,0,0,0.0,0.9538621,0.016006233,0.030131845
425,0,0,0.0,0.91977304,0.030746067,0.049481038
425,0,0,2.9802322387695312e-08,0.9017177,0.04264022,0.055642117
425,0,0,5.960464477539063e-08,0.94268245,0.02947522,0.027842376
425,0,0,0.0,0.93918335,0.010216032,0.050600614
425,0,0,0.0,0.93236303,0.017031811,0.050605185
425,0,0,1.4901161193847656e-08,0.97218937,0.010728884,0.017081693
425,0,0,1.4901161193847656e-08,0.9613439,0.01377258,0.024883578
425,0,0,0.0,0.9482586,0.014486901,0.037254695
425,0,0,2.9802322387695312e-08,0.92042404,0.036108974,0.043466836
425,0,0,0.0,0.6471411,0.045206867,0.30765226
425,0,0,0.0,0.7405006,0.045165766,0.21433368
425,0,0,0.0,0.5234129,0.02191299,0.45467427
424,0,0,0.0,0.96266794,0.015519589,0.021812614
424,0,0,0.0,0.9695125,0.013491595,0.016995711
424,0,0,0.0,0.9540907,0.021038188,0.024871165
424,0,0,0.0,0.9626579,0.014314759,0.023027444
424,0,0,0.0,0.9650755,0.014684812,0.020239778
424,0,0,7.450580596923828e-08,0.9705854,0.01178774,0.0176269
424,0,0,0.0,0.9615926,0.019028258,0.019379226
424,0,0,0.0,0.9596702,0.017417172,0.022912674
424,0,0,0.0,0.969984,0.013664091,0.016352037
424,0,0,0.0,0.9669103,0.014695782,0.018394094
424,0,0,0.0,0.9649803,0.014357003,0.020662766
424,0,0,0.0,0.96629757,0.015433622,0.018268982
424,0,0,0.0,0.96847355,0.013964254,0.0175623
424,0,0,0.0,0.9571537,0.017751643,0.025094777
424,0,0,0.0,0.9728128,0.011797626,0.015389748
424,0,0,0.0,0.8448114,0.022651419,0.1325374
424,0,0,0.0,0.9381766,0.024765514,0.03705803
424,0,0,5.960464477539063e-08,0.9555098,0.019283626,0.025206525
424,0,0,0.0,0.97392327,0.012597132,0.013479609
424,0,0,0.0,0.9544516,0.020155521,0.025393099
424,0,0,0.0,0.9681797,0.015634995,0.0161855
424,0,0,0.0,0.9628239,0.018867606,0.018308558
424,0,0,0.0,0.9625169,0.017834945,0.019648116
424,0,0,0.0,0.9632436,0.014172138,0.02258431
424,0,0,0.0,0.9567918,0.018659048,0.024549292
424,0,0,0.0,0.68733406,0.033543464,0.27912262
424,0,0,0.0,0.93326586,0.021686152,0.045047954
424,0,0,0.0,0.9312677,0.02886545,0.03986684
424,0,0,2.9802322387695312e-08,0.9555365,0.020037154,0.024426365
424,0,0,0.0,0.96573657,0.015962293,0.018301243
424,0,0,0.0,0.9654998,0.01807525,0.01642508
424,0,0,0.0,0.9651951,0.016605118,0.018199824
424,0,0,0.0,0.9642753,0.015850592,0.019874372
424,0,0,0.0,0.9500642,0.021673834,0.028262025
424,0,0,2.9802322387695312e-08,0.9235994,0.048010904,0.028389651
424,0,0,8.940696716308594e-08,0.93183535,0.02086435,0.04730019
424,0,0,0.0,0.9501181,0.023339748,0.026542198
424,0,0,2.9802322387695312e-08,0.96417356,0.017114045,0.018712478
424,0,0,0.0,0.9654217,0.017070986,0.01750755
424,0,0,0.0,0.9649376,0.017130814,0.017931638
424,0,0,0.0,0.9709982,0.012409018,0.016592951
424,0,0,0.0,0.96737665,0.014727622,0.017895836
424,0,0,0.0,0.9589231,0.018387565,0.022689486
424,0,0,0.0,0.94690907,0.029785855,0.023305155
424,0,0,4.470348358154297e-08,0.94773215,0.020657372,0.031610444
424,0,0,0.0,0.9617667,0.015739456,0.022493945
424,0,0,0.0,0.961084,0.019207539,0.01970845
424,0,0,0.0,0.96918225,0.014988067,0.015829798
424,0,0,0.0,0.9676985,0.016394204,0.01590731
424,0,0,0.0,0.97285366,0.0118244225,0.015321923
424,0,0,1.4901161193847656e-08,0.9623806,0.015932271,0.021687217
424,0,0,5.960464477539063e-08,0.9497558,0.024658471,0.025585676
424,0,0,0.0,0.7130862,0.06421073,0.22270323
424,0,0,0.0,0.9055886,0.034526188,0.05988518
424,0,0,0.0,0.9379655,0.0255136,0.03652087
424,0,0,0.0,0.9722437,0.011659473,0.016096724
424,0,0,0.0,0.96674734,0.012590681,0.02066214
424,0,0,4.470348358154297e-08,0.9576231,0.0154865,0.026890442
424,0,0,0.0,0.9644332,0.016358806,0.01920806
424,0,0,1.4901161193847656e-08,0.9538294,0.021782314,0.024388362
424,0,0,0.0,0.9283449,0.035548277,0.036106974
424,0,0,0.0,0.7625208,0.019767994,0.2177113
144,0,0,0.0,0.48192763,0.04163729,0.47643524
144,0,2,0.0,0.45223102,0.045309503,0.5024595
144,0,2,0.0,0.028451135,0.03797884,0.93357015
144,0,2,0.0,0.3113326,0.045467485,0.6432001
72,0,2,0.0,0.14355934,0.09594872,0.760492
72,0,0,0.0,0.48817405,0.027925817,0.48390007
72,0,2,0.0,0.35675883,0.037080728,0.60616064
72,0,2,0.0,0.15550886,0.3794604,0.46503088
72,0,2,0.0,0.4017268,0.063441366,0.53483194
72,0,0,0.0,0.61654043,0.068532206,0.31492734
72,0,2,0.0,0.30979666,0.020938452,0.66926485
72,0,0,0.0,0.54067594,0.099822894,0.3595012
72,0,0,0.0,0.5597041,0.054269306,0.38602668
72,0,0,5.960464477539063e-08,0.6183614,0.06220544,0.31943327
72,0,0,0.0,0.86673707,0.026804559,0.10645832
72,0,0,0.0,0.82325995,0.058894046,0.11784613
72,0,2,0.0,0.4583227,0.04755495,0.49412227
72,0,0,0.0,0.751651,0.03781212,0.21053702
72,0,0,1.4901161193847656e-08,0.9465138,0.021355387,0.032130886
72,0,0,0.0,0.95436186,0.015693577,0.029944718
72,0,0,0.0,0.9171693,0.023528172,0.059302572
72,0,0,0.0,0.89592,0.02816854,0.075911544
72,0,0,0.0,0.7950754,0.0447344,0.1601903
72,0,0,0.0,0.8073903,0.068596125,0.12401372
72,0,0,0.0,0.95727974,0.020037772,0.022682576
72,0,0,0.0,0.9329676,0.028102452,0.038930114
72,0,0,0.0,0.9572548,0.019596236,0.023148954
72,0,0,0.0,0.90928453,0.019729555,0.070986144
72,0,0,0.0,0.8441891,0.049387857,0.10642315
72,0,0,5.960464477539063e-08,0.85056746,0.050582632,0.09884986
72,0,0,0.0,0.9508868,0.030041492,0.019071747
72,0,0,0.0,0.95495856,0.023140946,0.021900488
72,0,0,0.0,0.9220528,0.032256212,0.04569109
72,0,0,0.0,0.86615896,0.03086605,0.10297503
72,0,0,0.0,0.85561705,0.035013177,0.109369926
72,0,0,0.0,0.9408352,0.031521887,0.02764298
72,0,0,0.0,0.90192264,0.06182852,0.036248967
72,0,0,5.960464477539063e-08,0.6619712,0.10804798,0.22998083
72,0,0,0.0,0.8437805,0.040128827,0.11609084
72,0,0,0.0,0.63455015,0.06368135,0.30176845
72,0,0,0.0,0.95037884,0.025371417,0.024249792
72,0,0,0.0,0.9440319,0.030003732,0.025964389
72,0,0,0.0,0.88551426,0.048358314,0.06612753
72,0,0,0.0,0.8288177,0.064829186,0.106353216
72,0,0,0.0,0.74526316,0.046442013,0.208295
10,0,0,2.9802322387695312e-08,0.91759706,0.03278775,0.04961519
10,0,0,0.0,0.91013473,0.04458849,0.04527692
10,0,0,0.0,0.898883,0.047809433,0.053307574
10,0,0,0.0,0.88627625,0.04997595,0.063748
10,0,0,0.0,0.94110316,0.025878264,0.033018745
10,0,0,0.0,0.9608621,0.017208051,0.021930045
10,0,0,0.0,0.95502275,0.014041427,0.030936085
10,0,0,0.0,0.93524307,0.014588365,0.05016863
10,0,0,0.0,0.93114966,0.020638332,0.04821203
10,0,0,0.0,0.93700135,0.021591567,0.041407123
10,0,0,0.0,0.90976155,0.031000987,0.05923746
10,0,0,0.0,0.94384336,0.021856716,0.034299977
10,0,0,0.0,0.96570545,0.0128351245,0.021459594
10,0,0,0.0,0.9630396,0.01581158,0.021148842
10,0,0,0.0,0.94564956,0.021035744,0.03331473
10,0,0,0.0,0.93184274,0.023521941,0.044635396
10,0,0,0.0,0.9028906,0.036320917,0.060788553
10,0,0,0.0,0.8724071,0.034128405,0.09346458
10,0,0,0.0,0.95917946,0.013518243,0.027302368
10,0,0,0.0,0.928964,0.018037926,0.052998085
10,0,0,0.0,0.89207894,0.025073744,0.08284733
10,0,0,0.0,0.6614953,0.07008583,0.26841885
10,0,0,0.0,0.7024888,0.050493345,0.2470179
10,0,2,0.0,0.2837527,0.05339707,0.6628502
126,0,0,0.0,0.97432125,0.012169552,0.013509343
126,0,0,0.0,0.9342093,0.03420011,0.03159072
126,0,0,0.0,0.90835476,0.050140373,0.041504964
126,0,0,0.0,0.94585615,0.03543156,0.018712513
126,0,2,0.0,0.24708459,0.055783525,0.69713205
126,0,0,0.0,0.79158556,0.1437919,0.064622566
126,0,0,0.0,0.95302236,0.03098752,0.015990106
126,0,0,0.0,0.9681093,0.016284015,0.015606721
126,0,0,0.0,0.9311442,0.037306763,0.031549208
126,0,0,0.0,0.8329717,0.092320204,0.07470821
126,0,0,0.0,0.92666817,0.040254284,0.033077676
126,0,0,0.0,0.69375813,0.04279961,0.26344234
126,0,0,1.7881393432617188e-07,0.8087316,0.14089677,0.0503716
126,0,0,0.0,0.90750617,0.057583436,0.034910377
126,0,0,0.0,0.9341716,0.035625964,0.030202612
126,0,0,0.0,0.93310755,0.036035035,0.030857397
126,0,0,0.0,0.6357942,0.161732,0.20247379
126,0,0,0.0,0.6163058,0.20366958,0.18002455
126,0,0,0.0,0.7578517,0.028993512,0.21315481
126,0,0,0.0,0.6333364,0.17959827,0.1870654
126,0,0,0.0,0.6895938,0.155045,0.15536132
126,0,0,0.0,0.9265527,0.04029374,0.033153716
126,0,0,5.960464477539063e-08,0.94931906,0.028843384,0.02183756
126,0,0,7.450580596923828e-08,0.95427954,0.02567266,0.020047715
126,0,0,0.0,0.95412993,0.027634744,0.018235335
126,0,0,0.0,0.62837934,0.04537455,0.32624614
126,0,0,0.0,0.77960837,0.082221225,0.13817039
126,0,0,0.0,0.7433435,0.09110838,0.1655483
126,0,0,0.0,0.7859912,0.09785077,0.11615811
126,0,0,0.0,0.8888454,0.070905745,0.04024906
126,0,0,0.0,0.82818615,0.123868935,0.047944903
126,0,0,0.0,0.9220726,0.050772104,0.027155353
126,0,0,0.0,0.6894509,0.024688855,0.2858602
346,0,0,5.960464477539063e-08,0.7917906,0.06651073,0.14169867
346,0,0,0.0,0.7838402,0.022596113,0.19356385
346,0,0,0.0,0.75685894,0.024396775,0.21874434
346,0,0,0.0,0.842495,0.05438968,0.10311539
346,0,0,0.0,0.55006945,0.10253944,0.34739113
346,0,2,0.0,0.3176614,0.1967863,0.48555237
346,0,2,0.0,0.46343958,0.033322025,0.5032385
346,0,0,0.0,0.60294926,0.018900594,0.37815014
346,0,0,0.0,0.93870705,0.013867791,0.047425184
346,0,0,0.0,0.8989788,0.025022713,0.075998664
346,0,0,0.0,0.73450476,0.031608913,0.2338865
346,0,0,0.0,0.66794395,0.035623886,0.29643226
346,0,2,0.0,0.25060105,0.3594962,0.38990286
346,0,0,0.0,0.46713886,0.15214539,0.3807159
346,0,0,0.0,0.81921816,0.028122345,0.1526595
346,0,0,0.0,0.7737918,0.04560818,0.18060015
346,0,2,0.0,0.4380844,0.11623424,0.44568142
346,0,2,0.0,0.35859713,0.09531632,0.5460866
40,0,0,0.0,0.88371944,0.031101698,0.085179046
40,0,0,2.9802322387695312e-08,0.9240232,0.027201055,0.048775744
40,0,0,0.0,0.9350795,0.021470305,0.043450456
40,0,0,0.0,0.9491119,0.020098794,0.030789485
40,0,0,0.0,0.94656676,0.024776664,0.028656684
40,0,0,0.0,0.91093886,0.04244162,0.0466196
40,0,0,0.0,0.89776224,0.027499095,0.07473885
40,0,0,5.960464477539063e-08,0.9369799,0.02786062,0.035159413
40,0,0,0.0,0.95329523,0.01837507,0.028329771
40,0,0,1.4901161193847656e-08,0.96284693,0.0145135205,0.02263966
40,0,0,0.0,0.95453215,0.015158365,0.030309394
40,0,0,0.0,0.95209277,0.018923514,0.02898378
40,0,0,0.0,0.9518147,0.019591562,0.028593818
40,0,0,0.0,0.95501137,0.017716829,0.027271835
40,0,0,0.0,0.97502613,0.0098029915,0.015170997
40,0,0,0.0,0.96739197,0.0126822395,0.019926036
40,0,0,0.0,0.9345092,0.023964155,0.041526612
40,0,0,0.0,0.9397549,0.025563292,0.03468187
40,0,0,0.0,0.9581133,0.014569735,0.027316926
40,0,0,0.0,0.9777803,0.010444534,0.011775218
40,0,0,0.0,0.9760685,0.010649864,0.013281782
40,0,0,0.0,0.9393944,0.021063462,0.039542243
40,0,0,5.960464477539063e-08,0.9341489,0.021593712,0.04425733
40,0,0,0.0,0.9453241,0.020666221,0.034009647
40,0,0,0.0,0.95525146,0.01755895,0.02718974
40,0,0,0.0,0.97688925,0.010412633,0.01269819
40,0,0,0.0,0.9725484,0.010769452,0.016682217
40,0,0,0.0,0.94611776,0.0126045635,0.041277766
40,0,0,0.0,0.948656,0.022889437,0.028454635
40,0,0,0.0,0.9687883,0.016974686,0.014237209
40,0,0,0.0,0.96982765,0.014786316,0.015386227
40,0,0,0.0,0.9702517,0.012171653,0.017576726
40,0,0,5.960464477539063e-08,0.9433157,0.015239528,0.041444734
40,0,0,0.0,0.9170065,0.04127875,0.041714914
40,0,0,0.0,0.9658694,0.015646681,0.01848397
40,0,0,0.0,0.970952,0.013367142,0.015681136
40,0,0,0.0,0.97112167,0.012094329,0.016784262
30,1,1,0.0,0.03028033,0.9446793,0.025040595
30,1,1,0.0,0.04061435,0.89410496,0.06528093
30,1,1,0.0,0.024425132,0.96184206,0.013732852
30,1,1,2.9802322387695312e-08,0.016003286,0.96917737,0.014819427
30,1,1,0.0,0.0139595,0.97208893,0.0139516415
30,1,1,0.0,0.037687793,0.8916945,0.07061773
30,1,2,0.0,0.11873795,0.3573753,0.5238868
30,1,1,5.960464477539063e-08,0.01771122,0.9687925,0.013496197
30,1,1,0.0,0.023983072,0.96145874,0.014558241
30,1,1,0.0,0.018773882,0.9663005,0.014925712
30,1,1,0.0,0.025694355,0.94518125,0.029124433
30,1,1,0.0,0.17638461,0.63986313,0.18375234
30,1,1,0.0,0.02547266,0.9510065,0.023520898
30,1,1,1.4901161193847656e-08,0.022369824,0.95784134,0.019788805
30,1,1,0.0,0.03568886,0.94664973,0.017661404
442,1,1,0.0,0.045742355,0.9187423,0.03551547
442,1,1,0.0,0.01500641,0.9724016,0.012592027
442,1,1,5.960464477539063e-08,0.087816484,0.830084,0.08209952
442,1,1,0.0,0.042408787,0.9444175,0.013173704
442,1,1,0.0,0.043318607,0.94408894,0.012592621
442,1,1,2.9802322387695312e-08,0.03677735,0.9507571,0.012465584
442,1,1,0.0,0.048245236,0.92949903,0.02225571
442,1,1,0.0,0.055187993,0.9076195,0.037192732
442,1,1,5.960464477539063e-08,0.16215804,0.7731314,0.0647107
442,1,1,0.0,0.047854226,0.9375716,0.014574382
442,1,1,0.0,0.040712968,0.947382,0.011905122
442,1,1,0.0,0.05887178,0.92662585,0.014502487
442,1,1,0.0,0.087888494,0.8702207,0.041890815
442,1,1,0.0,0.07438892,0.86675686,0.058854353
442,1,1,0.0,0.08626826,0.88273627,0.030995397
442,1,1,0.0,0.0755865,0.8884565,0.03595699
442,1,1,2.9802322387695312e-08,0.07604164,0.8628079,0.061150417
442,1,1,0.0,0.042543814,0.93977505,0.017681256
442,1,1,0.0,0.03807384,0.9435115,0.018414762
442,1,1,0.0,0.052491914,0.8616314,0.08587704
442,1,1,0.0,0.14243925,0.7701635,0.0873974
442,1,1,0.0,0.101293415,0.835411,0.06329572
442,1,1,0.0,0.07323046,0.8783557,0.04841394
442,1,1,0.0,0.0437022,0.91890347,0.037394334
442,1,1,0.0,0.16203527,0.69569385,0.14227104
442,1,1,5.960464477539063e-08,0.08411814,0.8483765,0.06750533
442,1,2,0.0,0.3311167,0.25175765,0.41712573
442,1,1,0.0,0.042193107,0.9268733,0.030933702
442,1,1,0.0,0.101972215,0.8304104,0.06761745
442,1,1,0.0,0.13751645,0.78043574,0.0820478
442,1,1,5.960464477539063e-08,0.10395642,0.81437224,0.08167132
442,1,1,0.0,0.117805146,0.56092,0.32127494
442,1,2,0.0,0.26213986,0.33882678,0.3990334
442,1,2,0.0,0.14142959,0.35216004,0.5064103
442,1,1,0.0,0.041084457,0.8701393,0.088776335
442,1,1,0.0,0.02426682,0.9378881,0.037845206
442,1,1,2.9802322387695312e-08,0.060518295,0.8821567,0.057324942
442,1,1,0.0,0.13744311,0.43996555,0.42259148
442,1,2,0.0,0.23823263,0.3614469,0.4003206
442,1,1,0.0,0.1616211,0.6127255,0.22565353
442,1,1,0.0,0.03988301,0.9400855,0.020031724
442,1,1,0.0,0.034770586,0.93387425,0.031355277
442,1,1,0.0,0.03367847,0.8851181,0.08120341
442,1,1,0.0,0.060262457,0.57868856,0.3610491
442,1,1,0.0,0.084824346,0.4612537,0.45392206
442,1,1,0.0,0.19660932,0.59714,0.20625071
442,1,1,0.0,0.10056602,0.84195435,0.057479642
442,1,1,0.0,0.04776338,0.9319339,0.020302886
442,1,1,0.0,0.038092766,0.9383614,0.023545887
442,1,1,5.960464477539063e-08,0.064786576,0.8858711,0.049342357
442,1,1,0.0,0.097530514,0.5155844,0.38688514
442,1,2,0.0,0.116819754,0.21582952,0.66735077
442,1,1,5.960464477539063e-08,0.071417026,0.72167265,0.2069103
442,1,1,0.0,0.03292012,0.9508276,0.016252264
442,1,1,0.0,0.03294728,0.94990677,0.017146057
442,1,1,0.0,0.049017668,0.9255939,0.025388535
442,1,1,0.0,0.07785147,0.818254,0.1038946
442,1,1,0.0,0.09419878,0.51779205,0.38800925
442,1,1,0.0,0.09835047,0.56501436,0.33663526
442,1,1,0.0,0.060735445,0.89600515,0.043259647
442,1,1,0.0,0.034539223,0.9449973,0.02046367
442,1,1,0.0,0.035849314,0.9458024,0.018348446
442,1,1,0.0,0.05470182,0.83661467,0.108683735
442,1,2,5.960464477539063e-08,0.11760295,0.19152862,0.6908685
442,1,1,5.960464477539063e-08,0.12079826,0.775208,0.103993855
442,1,1,0.0,0.05242538,0.8766839,0.07089094
442,1,1,0.0,0.107495464,0.6768013,0.21570328
335,1,1,0.0,0.13114543,0.76824397,0.10061063
335,1,1,0.0,0.10903489,0.7252934,0.16567172
335,1,1,0.0,0.064128175,0.9238945,0.01197735
335,1,1,0.0,0.025373988,0.96540034,0.00922583
335,1,1,0.0,0.033042844,0.95766866,0.009288529
335,1,1,0.0,0.04133033,0.93645906,0.022210525
335,1,1,1.4901161193847656e-08,0.023115989,0.9658263,0.011057901
335,1,1,0.0,0.020813528,0.96875054,0.010436036
335,1,1,0.0,0.02089964,0.9636202,0.015480409
335,1,1,8.940696716308594e-08,0.037497506,0.9464551,0.016047303
335,1,1,0.0,0.14127746,0.82695585,0.031766832
335,1,1,0.0,0.3153732,0.4420396,0.24258713
335,1,1,0.0,0.24258533,0.59003794,0.16737679
335,1,1,4.470348358154297e-08,0.022867825,0.9641544,0.012977636
335,1,1,0.0,0.009630966,0.9823113,0.008057752
335,1,1,0.0,0.011851008,0.97937155,0.008777528
335,1,1,0.0,0.01915187,0.96986,0.01098822
335,1,1,0.0,0.024413802,0.9623389,0.013247272
335,1,1,0.0,0.15774716,0.70148265,0.14077033
335,1,1,0.0,0.020837665,0.9667408,0.012421557
335,1,1,0.0,0.007983275,0.98440933,0.007607435
335,1,1,0.0,0.017991899,0.97270006,0.009308233
335,1,1,0.0,0.036483526,0.9469739,0.016542675
335,1,1,2.9802322387695312e-08,0.041126095,0.94307065,0.015803227
335,1,1,0.0,0.027392037,0.95124483,0.021363152
335,1,1,0.0,0.02367958,0.9666342,0.009686326
335,1,1,0.0,0.020277683,0.97100806,0.008714376
335,1,1,0.0,0.015498719,0.9774112,0.007090294
335,1,1,0.0,0.03609228,0.9363843,0.02752335
335,1,1,0.0,0.01919014,0.9682565,0.012553496
335,1,1,0.0,0.02480514,0.96053714,0.014657752
335,1,1,0.0,0.027653705,0.9636738,0.008672603
335,1,1,1.4901161193847656e-08,0.028450383,0.9610162,0.010533476
335,1,1,0.0,0.02276885,0.96763194,0.0095993215
335,1,1,4.470348358154297e-08,0.027988935,0.94681853,0.025192508
335,1,1,0.0,0.033748552,0.9507723,0.015479228
335,1,1,0.0,0.020473382,0.9715148,0.008011792
335,1,1,0.0,0.033452954,0.9566803,0.009866977
335,1,1,0.0,0.024104325,0.9643169,0.011578948
335,1,1,0.0,0.02953152,0.95802176,0.012446886
335,1,1,0.0,0.082861,0.7094007,0.20773834
335,1,1,5.960464477539063e-08,0.053149726,0.9281488,0.018701421
335,1,1,0.0,0.045262095,0.9389001,0.015837763
335,1,1,0.0,0.02745483,0.95779514,0.014750127
335,1,2,0.0,0.18122648,0.18128255,0.63749105
261,1,1,0.0,0.015705734,0.9750072,0.00928705
261,1,1,4.470348358154297e-08,0.013895958,0.97643715,0.009666919
261,1,1,0.0,0.035426967,0.9509482,0.013624996
261,1,1,0.0,0.020102505,0.96682554,0.013072089
261,1,1,0.0,0.010549692,0.97927773,0.010172555
261,1,1,0.0,0.0076803025,0.9839721,0.00834765
261,1,1,0.0,0.012782377,0.97438425,0.012833606
261,1,1,7.450580596923828e-09,0.009959156,0.9795943,0.0104467105
261,1,1,0.0,0.008138681,0.9826876,0.009173768
261,1,1,0.0,0.010529836,0.9800033,0.009467041
444,1,1,0.0,0.028579636,0.9573393,0.0140811475
444,1,1,0.0,0.02324298,0.966473,0.010284127
444,1,1,2.9802322387695312e-08,0.04864855,0.90235823,0.048993204
444,1,1,0.0,0.042155486,0.92056865,0.03727596
444,1,1,0.0,0.021050716,0.9706111,0.008338277
444,1,1,0.0,0.02753804,0.9638902,0.008571851
444,1,1,0.0,0.028468506,0.96281725,0.008714389
444,1,1,0.0,0.041135095,0.9404278,0.018437395
444,1,1,5.960464477539063e-08,0.049232695,0.9238922,0.026875135
444,1,1,0.0,0.021926615,0.9628405,0.015233099
444,1,1,0.0,0.034659542,0.9530621,0.0122783985
444,1,1,0.0,0.01789838,0.9737342,0.008367493
444,1,1,0.0,0.022579324,0.963716,0.013704802
444,1,1,0.0,0.019202026,0.97179514,0.009002905
444,1,1,4.470348358154297e-08,0.026639618,0.95958394,0.0137764085
444,1,1,0.0,0.04657992,0.9222537,0.031166412
444,1,1,0.0,0.04038517,0.9295011,0.030113712
444,1,1,0.0,0.015065897,0.9731544,0.011779755
444,1,1,5.960464477539063e-08,0.019277724,0.9737268,0.0069953767
444,1,1,0.0,0.018363591,0.9737606,0.007875963
444,1,1,0.0,0.021240648,0.967657,0.0111025255
444,1,1,0.0,0.018771375,0.964158,0.017070817
444,1,1,1.4901161193847656e-08,0.021312812,0.95598245,0.022704773
444,1,1,0.0,0.02386774,0.9625804,0.013551997
444,1,1,0.0,0.027784348,0.9571048,0.015111045
444,1,2,0.0,0.16400672,0.3018675,0.5341258
444,1,1,0.0,0.06872812,0.62558466,0.30568728
444,1,1,0.0,0.022737347,0.9665465,0.010716244
444,1,1,0.0,0.013920063,0.97771424,0.008365697
444,1,1,0.0,0.037736967,0.95153373,0.0107293995
444,1,1,0.0,0.042413652,0.90700233,0.050584175
444,1,1,0.0,0.028947053,0.9306556,0.04039741
444,1,1,0.0,0.026856374,0.9194797,0.053663913
444,1,2,5.960464477539063e-08,0.12512138,0.07976083,0.79511786
444,1,1,0.0,0.14616814,0.626581,0.2272509
444,1,1,0.0,0.056898557,0.9261432,0.01695836
444,1,1,0.0,0.03904875,0.9458771,0.015074284
444,1,1,0.0,0.09771454,0.778413,0.123872414
444,1,1,0.0,0.04680768,0.77462786,0.1785646
444,1,2,0.0,0.11903571,0.062208306,0.81875616
444,1,1,0.0,0.22838536,0.6070483,0.16456649
444,1,1,0.0,0.063294694,0.8381529,0.09855253
444,1,2,0.0,0.07962029,0.15908158,0.7612982
14,1,1,0.0,0.018770687,0.9533855,0.02784395
14,1,1,0.0,0.012091372,0.97561026,0.012298391
14,1,1,0.0,0.014799083,0.97000545,0.015195613
14,1,1,0.0,0.008948815,0.981306,0.009745316
14,1,1,0.0,0.016357612,0.9744267,0.009215801
14,1,1,0.0,0.027894901,0.95548683,0.016618226
14,1,1,2.2351741790771484e-08,0.008516722,0.98128855,0.010194781
14,1,1,0.0,0.022763513,0.95503044,0.022206249
14,1,1,0.0,0.02893106,0.9535981,0.017470947
14,1,1,0.0,0.013200182,0.9757078,0.0110921115
14,1,1,0.0,0.024612516,0.92458886,0.05079861
14,1,1,0.0,0.024168149,0.95911616,0.0167159
14,1,1,0.0,0.014209173,0.9719812,0.013809596
14,1,1,0.0,0.009295454,0.980414,0.010290572
14,1,1,0.0,0.015408084,0.9741067,0.010485383
14,1,1,0.0,0.037293557,0.94256496,0.020141581
14,1,1,4.470348358154297e-08,0.015601109,0.96999854,0.014400336
14,1,1,1.4901161193847656e-08,0.024418999,0.9590294,0.01655163
14,1,1,0.0,0.014489009,0.972593,0.012918013
14,1,1,0.0,0.018915975,0.96984583,0.011238162
14,1,1,0.0,0.03746973,0.9004747,0.062055666
14,1,1,0.0,0.016728729,0.9558253,0.027446043
443,1,1,0.0,0.07994974,0.8654646,0.05458578
443,1,1,0.0,0.058743883,0.8923589,0.048897397
443,1,1,0.0,0.07580735,0.9029259,0.02126677
443,1,1,0.0,0.047433656,0.9358835,0.016682854
443,1,1,0.0,0.031321015,0.94127387,0.027405305
443,1,1,0.0,0.048749782,0.90190804,0.04934223
443,1,1,0.0,0.042361867,0.9111172,0.046520997
443,1,1,0.0,0.052964937,0.9149609,0.032074217
443,1,1,0.0,0.035270866,0.9430148,0.021714456
443,1,1,0.0,0.059909116,0.9190353,0.021055635
443,1,1,0.0,0.13215162,0.794417,0.07343134
443,1,1,0.0,0.11250789,0.7938733,0.09361889
443,1,1,0.0,0.06452323,0.8486354,0.086841404
443,1,1,0.0,0.052837763,0.8971304,0.05003191
443,1,1,0.0,0.066889815,0.88660634,0.046503928
443,1,1,0.0,0.08031116,0.88932705,0.030361902
443,1,1,2.9802322387695312e-08,0.06288724,0.8947325,0.042380374
443,1,1,0.0,0.04444691,0.9361538,0.019399317
443,1,1,0.0,0.14853443,0.7853044,0.06616131
443,1,1,0.0,0.11343683,0.806859,0.07970428
443,1,1,0.0,0.039107267,0.9306821,0.030210806
443,1,1,0.0,0.1154448,0.5962939,0.2882613
443,1,1,0.0,0.14740399,0.48500845,0.36758766
443,1,1,2.9802322387695312e-08,0.05801103,0.8750158,0.066973306
443,1,1,0.0,0.042055413,0.91158265,0.04636195
443,1,1,0.0,0.057223804,0.8676014,0.07517488
443,1,1,0.0,0.06780391,0.89056027,0.04163592
443,1,1,2.9802322387695312e-08,0.049662754,0.92144597,0.02889135
443,1,1,0.0,0.06070983,0.9135677,0.025722574
443,1,1,0.0,0.050938286,0.93586916,0.0131926555
443,1,1,0.0,0.08920641,0.8797285,0.031065125
443,1,1,0.0,0.058239616,0.9058124,0.03594812
443,1,1,0.0,0.23339668,0.6519884,0.11461503
443,1,2,0.0,0.3563352,0.21953839,0.4241266
443,1,1,0.0,0.21885973,0.6215453,0.15959516
443,1,1,0.0,0.14314406,0.69642735,0.16042867
443,1,1,0.0,0.02319796,0.94831127,0.028490724
443,1,1,1.4901161193847656e-08,0.026335048,0.9587748,0.014890183
443,1,1,0.0,0.03485616,0.9464869,0.0186571
443,1,1,0.0,0.09975977,0.8719904,0.028250013
443,1,1,0.0,0.058171604,0.91359484,0.028233673
443,1,1,0.0,0.05309115,0.9248835,0.02202536
443,1,1,0.0,0.053647902,0.9280195,0.018332722
443,1,1,0.0,0.06667682,0.85901266,0.07431066
443,1,1,0.0,0.0859182,0.8621935,0.05188842
443,1,2,1.1920928955078125e-07,0.24433173,0.24679019,0.5088782
443,1,0,0.0,0.3509726,0.30904898,0.3399785
443,1,1,5.960464477539063e-08,0.15617262,0.7752754,0.068552
443,1,1,0.0,0.19119109,0.68771553,0.12109362
443,1,1,1.1920928955078125e-07,0.05918978,0.8938515,0.04695875
443,1,1,0.0,0.025786808,0.95540524,0.018807981
443,1,1,0.0,0.08268096,0.88290405,0.03441505
443,1,1,0.0,0.08025623,0.84856755,0.07117634
443,1,1,2.9802322387695312e-08,0.06734769,0.8674913,0.06516109
443,1,1,8.940696716308594e-08,0.060743235,0.8778364,0.061420336
443,1,1,0.0,0.060724657,0.8952418,0.044033684
443,1,2,0.0,0.2740376,0.16712768,0.5588346
443,1,1,5.960464477539063e-08,0.14949441,0.63943505,0.21107066
443,1,1,0.0,0.111807,0.79468656,0.0935066
443,1,1,0.0,0.07739989,0.8916393,0.030960944
443,1,1,0.0,0.044236224,0.9309435,0.02482044
443,1,1,0.0,0.08090116,0.8867508,0.03234813
443,1,1,0.0,0.09555355,0.8717854,0.03266117
443,1,1,0.0,0.10180235,0.8663721,0.031825706
443,1,1,0.0,0.20492545,0.626658,0.16841656
443,1,2,0.0,0.18807912,0.05330048,0.75862044
443,1,2,0.0,0.27470738,0.093099065,0.6321937
443,1,1,0.0,0.29318047,0.4315977,0.27522182
443,1,1,0.0,0.09342196,0.77817506,0.12840319
443,1,1,0.0,0.12216532,0.60090727,0.2769274
443,1,1,0.0,0.0829006,0.72134316,0.19575632
443,1,2,0.0,0.142576,0.048448756,0.8089753
443,1,2,0.0,0.1245243,0.10691571,0.76856005
291,1,1,0.0,0.005473536,0.98670006,0.007826527
291,1,1,7.450580596923828e-09,0.005589594,0.9859242,0.008486238
291,1,1,0.0,0.017987585,0.80849546,0.17351723
291,1,1,0.0,0.0052629677,0.98506653,0.009670501
291,1,1,0.0,0.00750678,0.98085624,0.011637034
291,1,1,0.0,0.04238484,0.82976556,0.12784962
291,1,1,0.0,0.030619869,0.6248691,0.3445111
291,1,1,2.9802322387695312e-08,0.022872977,0.93384695,0.0432801
291,1,2,0.0,0.05353339,0.13419808,0.81226873
291,1,2,0.0,0.08777578,0.2969003,0.6153241
323,1,1,0.0,0.022835467,0.8711109,0.10605388
323,1,1,0.0,0.011223703,0.94309634,0.045680024
323,1,1,0.0,0.024781678,0.8562551,0.1189632
323,1,2,0.0,0.039117582,0.20542194,0.7554605
323,1,1,0.0,0.016441677,0.88693184,0.09662665
323,1,1,0.0,0.0070364824,0.96816045,0.024803182
323,1,1,0.0,0.006477176,0.97015667,0.023366347
323,1,2,0.0,0.053045765,0.24762686,0.69932747
323,1,1,8.940696716308594e-08,0.008189046,0.8989359,0.09287501
323,1,1,0.0,0.006450361,0.9243249,0.069224834
323,1,1,0.0,0.005923577,0.92785543,0.066220984
445,1,0,0.0,0.52655625,0.13322198,0.34022188
445,1,2,0.0,0.21729009,0.11305651,0.6696535
445,1,0,0.0,0.952671,0.016440155,0.030888997
445,1,0,0.0,0.72967315,0.10385703,0.16646992
445,1,0,0.0,0.49618548,0.1693504,0.33446422
445,1,0,0.0,0.93953186,0.024829322,0.035638973
445,1,0,0.0,0.94631666,0.019068917,0.03461453
445,1,0,0.0,0.93248475,0.029204555,0.038310725
445,1,0,0.0,0.872459,0.05580308,0.071738124
445,1,2,0.0,0.41511345,0.04445664,0.54043
445,1,0,0.0,0.71855885,0.106594555,0.1748468
445,1,0,0.0,0.73580354,0.10292258,0.161274
445,1,0,0.0,0.9116198,0.04140707,0.04697324
445,1,0,0.0,0.91880935,0.028204782,0.05298587
445,1,0,0.0,0.85246843,0.040525883,0.10700592
445,1,0,0.0,0.44658357,0.19341582,0.3600006
445,1,2,1.1920928955078125e-07,0.115235284,0.12380111,0.7609636
445,1,0,0.0,0.38580626,0.34120044,0.27299336
445,1,2,0.0,0.2959415,0.12374652,0.5803121
445,1,0,0.0,0.56105596,0.056123037,0.38282108
445,1,0,0.0,0.8882038,0.02172793,0.09006848
445,1,0,0.0,0.7585878,0.05420468,0.18720768
445,1,0,0.0,0.57713884,0.15736125,0.26549995
445,1,2,0.0,0.12105194,0.09659021,0.7823578
445,1,2,0.0,0.16234995,0.37074998,0.46690008
445,1,2,0.0,0.40575933,0.08572092,0.50851977
445,1,0,0.0,0.9105855,0.025038708,0.06437577
445,1,0,0.0,0.93823814,0.0190972,0.042664852
445,1,0,0.0,0.5109272,0.088163696,0.40090922
445,1,0,0.0,0.41159102,0.23767,0.3507391
445,1,0,0.0,0.60660136,0.10624637,0.28715226
315,1,1,0.0,0.021519851,0.8860931,0.09238713
315,1,1,0.0,0.017367603,0.95107365,0.0315588
315,1,1,0.0,0.01695579,0.90853554,0.074508786
315,1,1,0.0,0.021253197,0.88170767,0.097039394
315,1,1,0.0,0.022229057,0.5989165,0.3788546
315,1,1,0.0,0.014503317,0.92119133,0.06430532
315,1,1,0.0,0.008362877,0.9425631,0.049074125
315,1,1,0.0,0.013945529,0.8947125,0.09134221
315,1,1,0.0,0.013609327,0.9580193,0.028371422
315,1,1,0.0,0.008590485,0.92372715,0.06768236
315,1,1,0.0,0.010128627,0.9380904,0.051781185
265,1,1,0.0,0.020750212,0.84648055,0.13276932
265,1,1,0.0,0.010329947,0.97249883,0.017171396
265,1,1,0.0,0.012680565,0.94304806,0.04427142
265,1,1,0.0,0.013815221,0.937966,0.048218846
265,1,1,0.0,0.0056090257,0.98583883,0.008552265
265,1,1,0.0,0.0053262063,0.9766536,0.018020293
265,1,1,0.0,0.014237793,0.9085106,0.07725166
265,1,1,0.0,0.010259255,0.96748304,0.022257864
265,1,2,0.0,0.09022287,0.24979086,0.6599864
127,1,1,0.0,0.4351264,0.47186527,0.0930083
127,1,0,0.0,0.79072475,0.12636013,0.082915284
262,1,1,1.4901161193847656e-08,0.016631726,0.96954954,0.013818719
262,1,1,0.0,0.032400757,0.94388026,0.023719065
262,1,1,0.0,0.011967651,0.97956467,0.008467826
262,1,1,0.0,0.016746288,0.9710728,0.012181012
262,1,1,4.470348358154297e-08,0.0139808245,0.9742147,0.011804423
262,1,1,0.0,0.027101424,0.89824575,0.07465297
262,1,1,0.0,0.010515871,0.9797289,0.0097553115
262,1,1,4.470348358154297e-08,0.014527265,0.97238463,0.013088044
262,1,1,0.0,0.0082314685,0.9813079,0.010460657
262,1,1,0.0,0.010933201,0.9786031,0.010463781
262,1,1,0.0,0.01853666,0.94012827,0.04133527
262,1,1,0.0,0.035424013,0.94247776,0.022098415
262,1,1,0.0,0.010242318,0.9815797,0.008178163
262,1,1,0.0,0.011628154,0.9759664,0.012405581
262,1,1,0.0,0.0073911413,0.9834823,0.009126728
262,1,1,0.0,0.011629778,0.97713006,0.011240215
262,1,1,0.0,0.016821414,0.88839924,0.09477939
262,1,1,4.470348358154297e-08,0.012651562,0.9767143,0.010634122
262,1,1,0.0,0.013623163,0.97659165,0.009785306
262,1,1,0.0,0.014433698,0.9515791,0.033987265
262,1,1,0.0,0.006906698,0.958424,0.034669396
336,1,1,0.0,0.10589127,0.8676657,0.026443208
336,1,1,0.0,0.10952587,0.8073545,0.08311953
336,1,1,0.0,0.03827263,0.94186014,0.01986745
336,1,1,0.0,0.023617517,0.9622578,0.014124711
336,1,1,0.0,0.016873384,0.9719509,0.011175814
336,1,1,0.0,0.12558779,0.73187983,0.1425325
336,1,1,0.0,0.048278265,0.93176514,0.019956578
336,1,1,0.0,0.03584757,0.9494535,0.014698992
336,1,1,0.0,0.023626668,0.96692747,0.00944601
336,1,1,0.0,0.03588973,0.9238286,0.040281624
336,1,1,0.0,0.027878992,0.9572444,0.014876641
336,1,1,0.0,0.025152586,0.96255326,0.0122942515
336,1,1,0.0,0.05989486,0.92097825,0.01912687
336,1,1,0.0,0.12422164,0.8511958,0.024582518
336,1,1,2.9802322387695312e-08,0.038133364,0.94319934,0.018667364
336,1,1,0.0,0.07553692,0.90365505,0.020808041
336,1,1,0.0,0.0917253,0.8267292,0.08154565
336,1,1,0.0,0.01796654,0.9680997,0.013933804
336,1,1,0.0,0.031259313,0.95034564,0.018395001
336,1,1,0.0,0.04384532,0.9361602,0.019994427
336,1,1,5.960464477539063e-08,0.19068523,0.57703507,0.2322797
336,1,1,0.0,0.052006487,0.92226374,0.025729792
336,1,1,0.0,0.035411604,0.9462921,0.018296296
336,1,1,0.0,0.114025734,0.7243032,0.1616712
336,1,2,0.0,0.1885877,0.078901425,0.732511
336,1,1,0.0,0.08520939,0.8350183,0.079772316
336,1,1,0.0,0.3324635,0.4336291,0.2339075
16,1,1,0.0,0.1839995,0.74995106,0.06604945
16,1,1,0.0,0.14625369,0.78543794,0.06830853
16,1,1,5.960464477539063e-08,0.44866824,0.5329268,0.01840511
16,1,1,0.0,0.17212354,0.7994796,0.028396921
16,1,1,0.0,0.15531854,0.7654897,0.07919177
16,1,1,0.0,0.42700368,0.42835307,0.14464338
16,1,1,0.0,0.077284954,0.8726664,0.050048817
16,1,1,0.0,0.20816804,0.66820157,0.12363048
16,1,1,5.960464477539063e-08,0.25604302,0.617215,0.12674205
237,1,1,0.0,0.040299416,0.92059577,0.03910491
237,1,1,0.0,0.030376485,0.9294042,0.040219463
237,1,1,0.0,0.020440426,0.9597774,0.019782323
237,1,1,0.0,0.010427381,0.9805948,0.008977896
237,1,1,5.960464477539063e-08,0.024273913,0.93377316,0.04195291
237,1,1,0.0,0.023405664,0.9478738,0.02872058
237,1,1,0.0,0.027247243,0.9532265,0.019526305
237,1,1,0.0,0.013725298,0.9755808,0.010693998
237,1,1,0.0,0.007504282,0.97657627,0.015919492
237,1,1,0.0,0.0100055225,0.97134197,0.01865259
237,1,1,0.0,0.054239765,0.636828,0.30893224
237,1,1,0.0,0.036899775,0.8562414,0.10685881
237,1,1,0.0,0.06594268,0.8630985,0.070958935
237,1,1,0.0,0.019537982,0.9213409,0.05912121
237,1,2,1.1920928955078125e-07,0.16708505,0.30665943,0.5262556
237,1,1,0.0,0.13264829,0.5486383,0.31871352
263,1,1,0.0,0.009026729,0.9831723,0.0078010643
263,1,1,0.0,0.007917039,0.9832296,0.008853427
263,1,1,0.0,0.0058139157,0.983675,0.010511209
263,1,1,0.0,0.005472169,0.98649496,0.008033118
263,1,1,0.0,0.013354234,0.9761534,0.010492666
263,1,1,0.0,0.007696999,0.98527664,0.007026514
263,1,1,0.0,0.006174561,0.98736477,0.0064607225
263,1,1,0.0,0.0059476662,0.9882216,0.0058306954
263,1,1,0.0,0.005908592,0.9885293,0.005562182
263,1,1,0.0,0.0082640555,0.9830991,0.008636938
263,1,1,0.0,0.009949411,0.90686935,0.08318134
263,1,1,0.0,0.023764214,0.9532242,0.023011798
263,1,1,0.0,0.013585824,0.9756064,0.010807799
263,1,1,0.0,0.012100168,0.9790972,0.008802791
263,1,1,0.0,0.012905669,0.978042,0.009052466
263,1,1,0.0,0.015255648,0.97578055,0.00896389
263,1,1,0.0,0.018792445,0.97250324,0.008704351
263,1,1,0.0,0.013917428,0.97844183,0.0076407976
263,1,2,0.0,0.028508438,0.39941806,0.5720735
263,1,1,1.4901161193847656e-08,0.016531445,0.97247976,0.010988776
263,1,1,0.0,0.022412628,0.9628816,0.014705786
263,1,1,0.0,0.014020199,0.9758705,0.010109326
263,1,1,0.0,0.013978938,0.9744339,0.011587178
263,1,1,0.0,0.025027558,0.94824123,0.026731307
263,1,1,0.0,0.06858334,0.9054666,0.025950143
263,1,1,0.0,0.03551852,0.94170195,0.022779763
263,1,1,0.0,0.012080548,0.9754764,0.012443236
263,1,1,0.0,0.015979815,0.96320486,0.020815294
263,1,1,0.0,0.033360142,0.92990416,0.03673567
263,1,1,0.0,0.25279462,0.5931728,0.15403263
263,1,2,0.0,0.10463407,0.29839447,0.59697145
264,2,1,0.0,0.0348629,0.9189011,0.0462361
264,2,2,0.0,0.07484715,0.20663074,0.7185222
264,2,1,0.0,0.012491951,0.98063225,0.006875757
264,2,1,0.0,0.1494743,0.6217068,0.22881901
264,2,2,0.0,0.13598181,0.22902219,0.63499606
264,2,1,0.0,0.023732536,0.93082726,0.045440197
264,2,2,0.0,0.3954726,0.120285526,0.484242
238,2,0,0.0,0.7050163,0.1530699,0.14191376
238,2,0,0.0,0.8805733,0.048835658,0.070591144
238,2,0,0.0,0.51083213,0.26752114,0.22164679
238,2,0,0.0,0.73414135,0.07715829,0.18870045
238,2,0,0.0,0.7368416,0.07101035,0.19214801
238,2,2,0.0,0.39360306,0.12183951,0.4845576
238,2,0,0.0,0.91529006,0.028211674,0.05649825
238,2,0,0.0,0.48060542,0.10405571,0.41533896
238,2,0,0.0,0.81078345,0.054369107,0.13484764
238,2,0,0.0,0.8604551,0.050121777,0.08942321
238,2,0,0.0,0.64596015,0.110321075,0.24371885
238,2,0,0.0,0.58916926,0.049788944,0.36104187
238,2,2,0.0,0.4509008,0.047383536,0.5017157
238,2,0,0.0,0.6896467,0.051027678,0.2593257
238,2,0,0.0,0.53363854,0.06915123,0.3972102
238,2,0,0.0,0.41902024,0.21246277,0.36851704
250,2,2,0.0,0.31319523,0.18795018,0.49885467
250,2,2,0.0,0.35976157,0.23817687,0.40206155
250,2,0,0.0,0.5323937,0.09575559,0.37185082
250,2,0,0.0,0.5191445,0.06787584,0.4129798
250,2,2,0.0,0.38291427,0.19971618,0.4173696
250,2,2,1.1920928955078125e-07,0.35934478,0.19709481,0.44356057
250,2,2,0.0,0.36645132,0.1237865,0.5097622
250,2,2,0.0,0.32354915,0.15844378,0.5180072
250,2,2,0.0,0.33144954,0.27264035,0.3959101
250,2,2,1.1920928955078125e-07,0.3666117,0.18258071,0.45080766
250,2,2,0.0,0.33148587,0.13994804,0.5285661
250,2,2,0.0,0.33247077,0.23824054,0.42928886
250,2,0,0.0,0.39857006,0.21781534,0.38361475
250,2,2,0.0,0.33780125,0.19366674,0.46853203
250,2,2,0.0,0.29182938,0.2581248,0.45004588
250,2,2,0.0,0.4314235,0.12879893,0.43977758
250,2,0,0.0,0.4845874,0.1803755,0.3350371
250,2,0,0.0,0.4892631,0.20080268,0.30993447
250,2,1,0.0,0.25132734,0.45670947,0.29196325
250,2,2,0.0,0.41457373,0.16606177,0.4193645
250,2,0,0.0,0.67819035,0.101717964,0.22009183
250,2,0,0.0,0.505383,0.13541836,0.35919884
250,2,2,0.0,0.29624635,0.31822008,0.38553363
250,2,2,5.960464477539063e-08,0.22782613,0.103676714,0.6684972
250,2,0,0.0,0.4782136,0.11076435,0.41102216
250,2,0,0.0,0.4311037,0.14108343,0.42781302
250,2,2,0.0,0.10008307,0.19372861,0.7061883
250,2,2,0.0,0.24269561,0.18563646,0.571668
250,2,0,0.0,0.46532035,0.14499459,0.38968524
250,2,0,0.0,0.5454772,0.14845338,0.3060695
250,2,2,0.0,0.08527794,0.22931625,0.68540585
250,2,2,0.0,0.11463911,0.29121864,0.59414244
250,2,2,0.0,0.3092147,0.11762355,0.57316184
250,2,2,5.960464477539063e-08,0.18709354,0.0986466,0.7142599
76,2,1,0.0,0.020332837,0.93850523,0.041161984
76,2,1,0.0,0.01686747,0.96131706,0.021815563
76,2,1,0.0,0.037584808,0.8009105,0.16150488
76,2,2,0.0,0.061503015,0.4226356,0.5158615
76,2,1,0.0,0.013069465,0.9657502,0.021180449
76,2,1,0.0,0.02274328,0.9520015,0.02525533
76,2,1,5.960464477539063e-08,0.034466602,0.9170305,0.048502788
76,2,1,5.960464477539063e-08,0.041765347,0.50532657,0.45290813
76,2,1,0.0,0.044083036,0.7324058,0.2235113
76,2,1,0.0,0.0079922015,0.98241246,0.009595496
76,2,1,0.0,0.023879908,0.95654774,0.019572627
76,2,1,0.0,0.027365377,0.9341716,0.0384631
76,2,1,0.0,0.040295262,0.7552907,0.20441413
76,2,1,0.0,0.0084475,0.9812194,0.0103332335
76,2,1,0.0,0.01434901,0.96957934,0.016071761
76,2,1,0.0,0.034944884,0.89563704,0.06941824
76,2,1,0.0,0.05059428,0.70722497,0.24218085
76,2,1,0.0,0.006930213,0.9851429,0.007926921
76,2,1,0.0,0.021495966,0.9621701,0.016334096
76,2,1,0.0,0.02805626,0.9156141,0.056329813
76,2,1,0.0,0.04904653,0.8262357,0.12471791
76,2,1,0.0,0.085376635,0.6754846,0.23913893
76,2,1,0.0,0.018545387,0.968465,0.012989826
76,2,1,0.0,0.086361155,0.762455,0.15118402
76,2,1,0.0,0.064805284,0.7894956,0.14569913
211,2,1,0.0,0.11853916,0.57414067,0.30732024
211,2,2,0.0,0.083149694,0.24225013,0.67460024
211,2,2,0.0,0.0706858,0.10993472,0.8193795
211,2,2,0.0,0.036989126,0.04483405,0.91817683
211,2,2,0.0,0.078495264,0.06207097,0.85943377
211,2,2,0.0,0.14188851,0.37503654,0.48307505
211,2,2,0.0,0.3045012,0.2857617,0.4097372
211,2,2,0.0,0.120827384,0.13554528,0.7436273
211,2,2,2.9802322387695312e-08,0.044431094,0.052953824,0.90261513
211,2,2,0.0,0.014571409,0.007755614,0.9776731
211,2,2,0.0,0.22956266,0.09647348,0.673964
211,2,2,0.0,0.110271566,0.08827126,0.8014574
211,2,2,0.0,0.1788731,0.09662803,0.7244989
211,2,2,5.960464477539063e-08,0.1848866,0.052668776,0.76244473
312,2,2,0.0,0.028258394,0.09791501,0.8738267
312,2,2,0.0,0.09334092,0.0688284,0.83783066
312,2,2,0.0,0.12997653,0.07991568,0.79010785
312,2,2,0.0,0.030549603,0.09144009,0.8780104
312,2,2,0.0,0.06392599,0.058043856,0.87803024
312,2,2,0.0,0.24912573,0.1235627,0.62731165
312,2,2,0.0,0.19291268,0.06292731,0.7441601
312,2,2,0.0,0.046373844,0.07599569,0.87763065
312,2,2,0.0,0.123059414,0.084890746,0.79204994
312,2,2,0.0,0.10396092,0.23784292,0.6581963
312,2,2,0.0,0.06268639,0.051903043,0.8854105
312,2,2,0.0,0.049601585,0.05007505,0.90032333
312,2,2,0.0,0.07641042,0.054782674,0.868807
312,2,2,0.0,0.13307834,0.0648772,0.8020445
158,2,0,0.0,0.4988086,0.02927854,0.47191295
158,2,0,0.0,0.5035079,0.042253233,0.45423892
158,2,2,0.0,0.3107855,0.06351316,0.6257014
158,2,2,0.0,0.4618039,0.03459876,0.5035974
158,2,2,0.0,0.26305175,0.04640519,0.6905432
158,2,2,0.0,0.28226495,0.06784649,0.64988863
158,2,2,0.0,0.14745769,0.023023266,0.8295192
158,2,2,0.0,0.19072437,0.2676852,0.5415904
158,2,2,0.0,0.19812779,0.26250327,0.5393691
158,2,2,0.0,0.21136156,0.18735419,0.6012843
158,2,0,0.0,0.55264413,0.11060454,0.33675137
158,2,2,0.0,0.32088974,0.15863204,0.52047825
158,2,2,0.0,0.19812417,0.022000555,0.77987534
158,2,2,0.0,0.118724965,0.031168144,0.85010684
158,2,2,0.0,0.062267914,0.027387917,0.91034424
158,2,2,0.0,0.14011554,0.07599841,0.7838861
158,2,2,0.0,0.12394928,0.08120932,0.79484147
158,2,2,0.0,0.094994955,0.03768932,0.8673159
158,2,2,0.0,0.26752248,0.02350348,0.7089741
158,2,2,0.0,0.14249481,0.020380756,0.8371244
158,2,2,0.0,0.24334536,0.040388763,0.7162659
158,2,2,5.960464477539063e-08,0.1254557,0.024304891,0.8502394
158,2,2,0.0,0.052463476,0.033691414,0.91384524
158,2,0,0.0,0.62388146,0.031746384,0.34437215
158,2,2,5.960464477539063e-08,0.33559024,0.03688906,0.6275207
158,2,2,0.0,0.22816914,0.028430292,0.7434007
158,2,0,5.960464477539063e-08,0.73625815,0.026940314,0.23680149
294,2,0,5.960464477539063e-08,0.60513526,0.16242912,0.23243572
294,2,2,0.0,0.22488452,0.072673306,0.7024422
294,2,2,0.0,0.13077232,0.03871747,0.83051026
294,2,2,5.960464477539063e-08,0.31422535,0.092618816,0.5931559
294,2,2,0.0,0.04256318,0.0427368,0.9147001
294,2,2,8.940696716308594e-08,0.038554683,0.025177281,0.93626803
180,2,2,0.0,0.045104966,0.12347759,0.8314175
180,2,2,2.9802322387695312e-08,0.029622981,0.039336044,0.93104094
180,2,2,0.0,0.032692965,0.11009099,0.85721606
180,2,2,2.9802322387695312e-08,0.03100074,0.061054125,0.90794516
180,2,2,0.0,0.05818288,0.024438027,0.9173791
180,2,2,0.0,0.10794349,0.07371989,0.8183366
180,2,2,0.0,0.04388938,0.1251805,0.83093023
180,2,2,0.0,0.026830606,0.11841011,0.8547593
180,2,2,0.0,0.1164905,0.124763474,0.7587461
180,2,2,2.9802322387695312e-08,0.034095306,0.08852471,0.8773801
316,2,1,5.960464477539063e-08,0.023260824,0.8693878,0.107351325
316,2,1,0.0,0.13187748,0.5974296,0.27069306
316,2,1,5.960464477539063e-08,0.041389044,0.8531892,0.1054218
316,2,1,0.0,0.046832662,0.7602625,0.19290508
316,2,1,0.0,0.028769458,0.51179165,0.45943904
316,2,2,0.0,0.15690322,0.09779789,0.745299
316,2,2,0.0,0.22583191,0.07033485,0.7038334
316,2,2,0.0,0.09711684,0.060388517,0.84249496
316,2,2,0.0,0.02688139,0.049700014,0.92341864
316,2,2,0.0,0.049260665,0.38985682,0.5608827
316,2,2,0.0,0.08896046,0.07933397,0.83170563
316,2,2,0.0,0.11092117,0.08986878,0.79921013
316,2,2,0.0,0.2840174,0.14451963,0.57146305
316,2,2,0.0,0.10737039,0.072397284,0.82023245
316,2,2,5.960464477539063e-08,0.12097228,0.15072274,0.72830504
236,2,2,0.0,0.06034947,0.024778182,0.91487235
236,2,2,0.0,0.11886222,0.04224868,0.83888924
236,2,2,0.0,0.25395557,0.031507026,0.7145375
236,2,0,0.0,0.50330377,0.07766815,0.41902828
236,2,0,0.0,0.42713213,0.17380945,0.3990585
236,2,2,0.0,0.107461125,0.056897808,0.83564115
236,2,2,5.960464477539063e-08,0.06945896,0.041349787,0.8891912
236,2,2,0.0,0.05235029,0.15224662,0.7954031
236,2,2,5.960464477539063e-08,0.083089486,0.037564956,0.87934554
236,2,2,0.0,0.04787678,0.03282691,0.91929626
236,2,2,0.0,0.10446031,0.0633965,0.83214325
236,2,2,0.0,0.19758622,0.096968435,0.70544547
236,2,2,0.0,0.18451418,0.19956052,0.61592543
236,2,0,0.0,0.43719035,0.17625709,0.3865526
236,2,0,0.0,0.54677194,0.3463134,0.10691465
236,2,2,0.0,0.03891869,0.22830622,0.7327752
281,2,2,0.0,0.13683622,0.04010353,0.8230602
281,2,2,0.0,0.10236963,0.04531809,0.85231227
281,2,2,0.0,0.08846148,0.03038364,0.8811549
281,2,2,0.0,0.10546845,0.040355027,0.85417664
281,2,2,5.960464477539063e-08,0.08215803,0.038961247,0.8788807
281,2,2,0.0,0.07768426,0.051477574,0.8708383
281,2,2,0.0,0.056497667,0.053836532,0.889666
281,2,2,0.0,0.04643549,0.06301609,0.89054847
281,2,2,2.9802322387695312e-08,0.04364645,0.0959537,0.86039984
281,2,2,0.0,0.041318074,0.066232026,0.89245003
190,2,2,0.0,0.018275168,0.015596631,0.9661283
190,2,2,0.0,0.020929512,0.027885566,0.95118487
190,2,2,0.0,0.013844897,0.013976817,0.9721784
190,2,2,0.0,0.05772529,0.06573071,0.8765442
190,2,2,0.0,0.054244045,0.06165073,0.8841053
230,2,1,1.1920928955078125e-07,0.34032306,0.38820696,0.27147007
230,2,2,0.0,0.062553816,0.045963645,0.89148253
230,2,2,0.0,0.025404423,0.021640629,0.952955
230,2,2,0.0,0.03679889,0.020914255,0.94228697
230,2,1,0.0,0.03739201,0.90669054,0.055917576
230,2,1,0.0,0.027810141,0.906024,0.066166125
230,2,2,0.0,0.035927124,0.24598372,0.7180893
230,2,2,0.0,0.021151775,0.022859761,0.95598847
230,2,2,0.0,0.039055992,0.023333333,0.93761075
230,2,2,1.1920928955078125e-07,0.11292761,0.030292135,0.85678023
230,2,2,0.0,0.053567164,0.09926438,0.8471685
230,2,2,0.0,0.06418163,0.05074516,0.8850733
230,2,1,5.960464477539063e-08,0.04817495,0.92902815,0.022796856
230,2,1,0.0,0.040781245,0.8554851,0.1037338
230,2,1,5.960464477539063e-08,0.043165695,0.6457719,0.31106237
230,2,2,0.0,0.024790997,0.16080828,0.8144008
230,2,2,0.0,0.018767191,0.019827895,0.961405
230,2,2,0.0,0.034623906,0.03932364,0.9260525
230,2,2,8.940696716308594e-08,0.06712832,0.03215187,0.9007198
230,2,2,0.0,0.038173754,0.1046681,0.8571582
230,2,1,5.960464477539063e-08,0.02860237,0.5845996,0.38679805
230,2,2,1.1920928955078125e-07,0.058604218,0.27824628,0.6631496
230,2,1,0.0,0.03644587,0.9247796,0.03877453
230,2,1,0.0,0.033076193,0.93844265,0.028481202
230,2,2,0.0,0.0712502,0.42252874,0.5062211
230,2,2,0.0,0.04700482,0.14383936,0.80915594
230,2,2,6.705522537231445e-08,0.009415871,0.009496787,0.9810873
230,2,2,0.0,0.0141886445,0.008713458,0.9770979
230,2,2,0.0,0.014068819,0.021357847,0.9645735
230,2,2,0.0,0.032272745,0.37719613,0.5905313
230,2,1,0.0,0.006188943,0.8994431,0.094367996
230,2,1,0.0,0.2607514,0.5113992,0.22784951
230,2,1,0.0,0.10367376,0.6456978,0.25062853
230,2,1,0.0,0.07134153,0.7151753,0.21348333
230,2,2,0.0,0.025711998,0.041478254,0.9328098
230,2,2,0.0,0.021649338,0.031930715,0.94642013
230,2,2,0.0,0.015006918,0.010531518,0.9744617
230,2,2,0.0,0.011419301,0.013291411,0.97528946
230,2,2,0.0,0.015473192,0.07326236,0.91126454
230,2,2,5.960464477539063e-08,0.1787129,0.15567553,0.66561157
230,2,2,1.1920928955078125e-07,0.07967024,0.08830352,0.8320261
230,2,2,0.0,0.045036614,0.1020095,0.8529539
230,2,2,0.0,0.045916777,0.03398506,0.9200983
292,2,1,0.0,0.027700273,0.52227885,0.45002088
292,2,2,1.7881393432617188e-07,0.023489587,0.17350082,0.8030096
292,2,1,0.0,0.028528502,0.5123429,0.4591287
292,2,2,0.0,0.02635805,0.34382725,0.6298147
292,2,2,0.0,0.02630701,0.1526252,0.82106787
292,2,2,0.0,0.03201291,0.098259225,0.8697281
292,2,2,0.0,0.029808667,0.17226529,0.7979261
292,2,2,0.0,0.04590708,0.10514074,0.8489523
292,2,2,0.0,0.042144556,0.029637583,0.928218
292,2,2,0.0,0.1043681,0.09881998,0.79681206
410,2,2,0.0,0.13437523,0.070552535,0.79507226
410,2,2,0.0,0.25690776,0.059297297,0.68379503
410,2,0,0.0,0.5180728,0.042455032,0.43947223
410,2,0,0.0,0.5977843,0.041498847,0.36071697
410,2,0,0.0,0.735335,0.05156634,0.21309882
410,2,2,0.0,0.16455999,0.06602685,0.7694133
410,2,2,0.0,0.15881501,0.04799937,0.7931858
410,2,2,0.0,0.19951142,0.0439507,0.75653803
410,2,0,0.0,0.47963554,0.10622646,0.41413817
410,2,2,0.0,0.30348688,0.0846672,0.6118461
410,2,2,0.0,0.46107864,0.039925598,0.49899587
410,2,0,0.0,0.63486254,0.027678654,0.33745882
410,2,2,0.0,0.44648227,0.049453773,0.504064
410,2,2,0.0,0.43792018,0.054500658,0.50757927
410,2,2,5.960464477539063e-08,0.33820498,0.083836995,0.57795805
410,2,2,0.0,0.1603039,0.063022025,0.77667433
410,2,2,5.960464477539063e-08,0.31265712,0.09537895,0.591964
410,2,2,0.0,0.31038854,0.08980006,0.5998115
423,2,2,0.0,0.0682328,0.057649758,0.87411755
423,2,2,0.0,0.08062206,0.13357106,0.78580695
423,2,2,0.0,0.05717958,0.28440773,0.6584127
423,2,2,0.0,0.041388866,0.071204074,0.88740724
423,2,2,0.0,0.053981915,0.12054247,0.8254757
423,2,2,0.0,0.1433293,0.13692036,0.71975046
143,2,0,0.0,0.69127226,0.033654075,0.2750737
143,2,2,0.0,0.039202403,0.02526335,0.9355344
143,2,2,0.0,0.31493852,0.063912824,0.6211487
143,2,2,0.0,0.023510039,0.031073298,0.9454166
143,2,0,0.0,0.85760874,0.041732732,0.10065862
143,2,2,0.0,0.13037015,0.09832933,0.7713007
283,2,2,0.0,0.026115216,0.03211725,0.9417677
283,2,2,0.0,0.027574891,0.03749801,0.9349271
283,2,2,0.0,0.035262506,0.02527308,0.9394645
283,2,2,0.0,0.021049585,0.13564898,0.8433015
283,2,2,0.0,0.03478337,0.072189465,0.8930273
283,2,2,2.9802322387695312e-08,0.04039611,0.03973095,0.9198728
283,2,2,0.0,0.020511985,0.02736029,0.9521279
283,2,2,0.0,0.017490217,0.02957966,0.9529301
283,2,2,0.0,0.049828693,0.02739087,0.92278045
283,2,2,0.0,0.017936366,0.19855504,0.78350866
283,2,2,0.0,0.025623336,0.17723759,0.79713935
283,2,2,0.0,0.033539195,0.043781,0.9226799
283,2,2,0.0,0.02790184,0.02598498,0.9461132
283,2,2,2.9802322387695312e-08,0.030746127,0.024438186,0.94481575
283,2,2,2.9802322387695312e-08,0.06349265,0.04051207,0.8959954
283,2,2,0.0,0.016977074,0.04884685,0.9341761
283,2,2,0.0,0.030589331,0.035172526,0.9342384
283,2,2,0.0,0.036180582,0.026687717,0.9371319
283,2,2,0.0,0.032429643,0.043540634,0.92402977
283,2,2,0.0,0.03486385,0.054550786,0.91058546
283,2,2,0.0,0.099522345,0.059555274,0.84092253
210,2,2,0.0,0.016874759,0.019400971,0.9637243
210,2,2,0.0,0.007445876,0.0048670196,0.98768723
210,2,2,0.0,0.017223911,0.016288806,0.9664874
210,2,2,5.960464477539063e-08,0.02726958,0.12276302,0.84996754
210,2,2,0.0,0.017058723,0.028281689,0.9546596
210,2,2,0.0,0.007293904,0.016840877,0.97586536
210,2,2,0.0,0.007610029,0.008287256,0.9841028
210,2,2,0.0,0.019938909,0.017188549,0.9628726
210,2,2,0.0,0.030881604,0.029692445,0.93942595
210,2,2,1.4901161193847656e-08,0.011983869,0.016601032,0.97141516
210,2,2,7.450580596923828e-09,0.0077791144,0.010594851,0.98162603
210,2,2,0.0,0.03396723,0.026252743,0.93978024
210,2,2,0.0,0.046612404,0.019772831,0.93361485
210,2,2,0.0,0.010878509,0.013549057,0.9755726
210,2,2,0.0,0.010764052,0.013245997,0.97598994
210,2,2,1.4901161193847656e-08,0.01672306,0.010433687,0.9728433
210,2,2,0.0,0.1188903,0.07050459,0.8106052
210,2,0,0.0,0.66038996,0.048522033,0.29108813
210,2,2,0.0,0.015649397,0.41017684,0.57417375
210,2,2,0.0,0.015111339,0.45275995,0.53212875
409,2,0,0.0,0.8796741,0.042133737,0.07819227
409,2,0,0.0,0.95819616,0.019568315,0.022235652
409,2,0,0.0,0.9718485,0.012996493,0.015155126
409,2,0,0.0,0.9677301,0.014224432,0.018045625
409,2,0,0.0,0.7761015,0.048241213,0.17565729
409,2,0,0.0,0.46096355,0.084106006,0.4549304
409,2,0,0.0,0.8769629,0.041743748,0.08129341
409,2,0,8.940696716308594e-08,0.8927943,0.03799842,0.069207326
409,2,0,0.0,0.8635236,0.06884392,0.06763261
409,2,0,0.0,0.8216069,0.08383662,0.094556615
409,2,0,0.0,0.6675689,0.068875246,0.26355582
409,2,2,0.0,0.13226011,0.07160438,0.7961355
409,2,0,5.960464477539063e-08,0.80206907,0.053793397,0.14413765
409,2,0,2.9802322387695312e-08,0.9227978,0.03292885,0.04427329
409,2,0,0.0,0.840275,0.03980981,0.119915195
409,2,0,0.0,0.7706124,0.059745066,0.16964251
409,2,0,0.0,0.78342956,0.05607416,0.16049638
409,2,2,0.0,0.14208195,0.06952331,0.7883947
409,2,0,0.0,0.86026686,0.029370766,0.11036254
409,2,0,0.0,0.8692995,0.027625779,0.103074856
409,2,2,0.0,0.41478094,0.02490328,0.5603159
191,2,2,0.0,0.11563876,0.20342362,0.68093777
191,2,2,5.960464477539063e-08,0.15256247,0.28648448,0.5609531
191,2,2,0.0,0.064405106,0.36525065,0.57034445
191,2,2,0.0,0.3198878,0.108545445,0.57156694
317,2,2,0.0,0.038563233,0.06342657,0.89801025
317,2,2,0.0,0.06472319,0.050743088,0.8845338
317,2,2,0.0,0.06112243,0.06345621,0.8754215
317,2,2,0.0,0.021582425,0.04770965,0.93070805
317,2,2,0.0,0.03760597,0.079439655,0.88295454
317,2,2,0.0,0.035675034,0.109861776,0.8544632
317,2,2,0.0,0.07760067,0.13388218,0.7885171
317,2,2,0.0,0.07705422,0.062640704,0.86030525
317,2,2,2.9802322387695312e-08,0.03615279,0.030705411,0.9331419
317,2,2,0.0,0.050811462,0.03710363,0.912085
282,2,2,0.0,0.0912668,0.032487854,0.8762455
282,2,2,0.0,0.04808022,0.03591641,0.9160034
282,2,2,5.960464477539063e-08,0.03825609,0.039264947,0.92247885
282,2,2,0.0,0.07522076,0.04609838,0.87868094
282,2,2,2.9802322387695312e-08,0.057378907,0.033829853,0.9087911
282,2,2,0.0,0.04906136,0.032879222,0.91805947
282,2,2,2.9802322387695312e-08,0.057914563,0.03561263,0.90647286
282,2,2,0.0,0.07153392,0.053746767,0.87471956
282,2,2,0.0,0.044298958,0.04611478,0.9095864
282,2,2,0.0,0.047014896,0.038900644,0.91408455
282,2,2,0.0,0.055587962,0.046512414,0.8978998
282,2,2,0.0,0.11464026,0.064852156,0.8205076
89,0,2,0.0,0.21168357,0.13245635,0.6558602
89,0,2,5.960464477539063e-08,0.061262343,0.02099188,0.91774577
89,0,2,5.960464477539063e-08,0.13599639,0.023383567,0.84062016
89,0,2,0.0,0.44530532,0.022513894,0.53218085
89,0,2,5.960464477539063e-08,0.15703425,0.02737623,0.8155896
89,0,2,0.0,0.3158862,0.06309487,0.6210189
89,0,0,0.0,0.9027372,0.038176402,0.059086464
35,0,0,2.9802322387695312e-08,0.926148,0.029578965,0.044273037
35,0,0,0.0,0.88683546,0.03946359,0.07370103
35,0,0,0.0,0.83630556,0.0686668,0.09502778
35,0,0,0.0,0.7531644,0.11998403,0.12685157
35,0,0,0.0,0.92615217,0.027213542,0.046634514
35,0,0,0.0,0.88420147,0.046628576,0.06917003
35,0,0,0.0,0.780841,0.09321747,0.12594153
35,0,0,0.0,0.8248812,0.05978652,0.11533245
35,0,0,0.0,0.95514107,0.021444224,0.023414735
35,0,0,0.0,0.93192786,0.03684586,0.031226384
35,0,0,0.0,0.8643009,0.057811253,0.07788797
35,0,0,0.0,0.93864536,0.032021794,0.02933306
35,0,0,0.0,0.9130368,0.0411069,0.04585642
35,0,0,0.0,0.95410216,0.019010147,0.026887909
35,0,0,0.0,0.8555208,0.06679012,0.07768917
35,0,0,0.0,0.73899364,0.13447545,0.12653099
35,0,0,0.0,0.9089903,0.046555206,0.044454508
35,0,0,0.0,0.9029009,0.04732791,0.049771197
35,0,0,5.960464477539063e-08,0.8103563,0.056845374,0.13279845
35,0,0,0.0,0.9189558,0.036624473,0.04441993
35,0,2,0.0,0.2861175,0.15868305,0.55519944
35,0,2,0.0,0.12461908,0.20184648,0.6735346
35,0,0,0.0,0.8072564,0.09088654,0.10185703
35,0,0,2.9802322387695312e-08,0.87406707,0.046554063,0.079378985
35,0,0,0.0,0.7464496,0.17468181,0.07886866
35,0,2,0.0,0.32887015,0.21534711,0.4557829
35,0,0,0.0,0.8216025,0.07093855,0.10745897
35,0,0,0.0,0.87475544,0.06980867,0.0554361
35,0,0,0.0,0.6930915,0.22372717,0.083181396
35,0,0,0.0,0.84384364,0.065769404,0.09038706
35,0,0,0.0,0.7993693,0.08235012,0.11828071
35,0,2,0.0,0.23295644,0.08773591,0.6793078
35,0,0,1.1920928955078125e-07,0.48607185,0.15612864,0.35779953
35,0,2,0.0,0.27819005,0.18004365,0.5417664
129,0,0,0.0,0.97009,0.018027546,0.011882526
129,0,0,0.0,0.96865225,0.017515533,0.0138323
129,0,0,1.4901161193847656e-08,0.9653765,0.020869555,0.01375406
129,0,0,0.0,0.9646933,0.024262035,0.01104477
129,0,0,0.0,0.7700783,0.032648098,0.19727366
129,0,0,5.960464477539063e-08,0.9505531,0.028117517,0.021329405
129,0,0,0.0,0.95159,0.025082067,0.023328027
129,0,0,0.0,0.9523596,0.025242664,0.022397768
129,0,0,0.0,0.9568433,0.022517914,0.020638878
129,0,0,0.0,0.96949995,0.017248444,0.013251688
129,0,0,0.0,0.860104,0.028032836,0.1118632
129,0,0,2.9802322387695312e-08,0.9362158,0.033334754,0.03044943
129,0,0,0.0,0.9345409,0.030909564,0.034549575
129,0,0,0.0,0.95942557,0.019839466,0.020734895
129,0,0,0.0,0.95801544,0.021328053,0.020656781
129,0,0,0.0,0.95118386,0.026077816,0.02273848
129,0,0,0.0,0.95187104,0.027189583,0.020939382
129,0,0,0.0,0.887494,0.023787769,0.08871847
129,0,0,0.0,0.9669019,0.018448276,0.014649815
129,0,0,0.0,0.92963517,0.03489598,0.03546897
129,0,0,0.0,0.94404024,0.026867166,0.029092757
129,0,0,0.0,0.95115274,0.02681129,0.022036053
129,0,0,0.0,0.9488577,0.029173948,0.021968378
129,0,0,0.0,0.9350553,0.03415044,0.03079426
129,0,0,0.0,0.9427721,0.02985017,0.027377745
129,0,0,0.0,0.9237262,0.028527096,0.047746703
129,0,0,0.0,0.95216,0.024670856,0.023169246
129,0,0,0.0,0.9340344,0.026842976,0.039122775
129,0,0,0.0,0.92995405,0.028139321,0.041906696
129,0,0,5.960464477539063e-08,0.91596377,0.04523699,0.03879921
129,0,0,0.0,0.9262897,0.03933332,0.034377027
129,0,0,0.0,0.9485589,0.02595312,0.025488012
129,0,0,0.0,0.82171094,0.03999996,0.13828915
129,0,0,0.0,0.95885473,0.018872987,0.022272421
129,0,0,5.960464477539063e-08,0.9402792,0.026354901,0.033365846
129,0,0,0.0,0.9472232,0.029354027,0.023422875
129,0,0,0.0,0.9463459,0.028189057,0.025464956
129,0,0,0.0,0.94884247,0.025678469,0.025479121
129,0,0,0.0,0.9506807,0.025271647,0.024047831
129,0,0,2.9802322387695312e-08,0.9027416,0.044475775,0.052782554
129,0,0,0.0,0.95897335,0.023142044,0.01788466
129,0,0,0.0,0.94321203,0.030983001,0.025805064
129,0,0,0.0,0.9615656,0.02139255,0.017041951
129,0,0,0.0,0.9580498,0.025164362,0.016786
129,0,0,0.0,0.9590914,0.024170414,0.016738249
129,0,0,0.0,0.94380766,0.032614466,0.023578042
129,0,0,0.0,0.84151036,0.0759782,0.08251147
129,0,0,0.0,0.6510749,0.04062023,0.30830494
129,0,0,0.0,0.94770664,0.029268285,0.023025122
129,0,0,0.0,0.95384884,0.027348401,0.018802864
129,0,0,2.9802322387695312e-08,0.95169085,0.028502429,0.019806737
129,0,0,0.0,0.9626727,0.021808501,0.015518946
129,0,0,2.9802322387695312e-08,0.9059498,0.055916786,0.038133472
129,0,0,0.0,0.79784393,0.09673941,0.10541679
129,0,2,0.0,0.31104636,0.052392878,0.63656086
129,0,0,0.0,0.9539462,0.020740848,0.025313074
129,0,0,7.450580596923828e-08,0.9671909,0.016682664,0.016126458
129,0,0,0.0,0.9625516,0.021890381,0.0155580435
129,0,0,0.0,0.91957664,0.04493878,0.03548472
129,0,0,0.0,0.92856735,0.04509172,0.026341062
129,0,0,0.0,0.84168667,0.094548546,0.06376494
129,0,2,0.0,0.11566463,0.03876935,0.845566
129,0,0,0.0,0.7439538,0.17933643,0.07670985
129,0,0,0.0,0.9281869,0.042412568,0.029400626
347,0,0,0.0,0.5848434,0.33011648,0.08504019
347,0,0,0.0,0.7354193,0.19939424,0.06518666
347,0,0,0.0,0.7523082,0.08189292,0.16579904
347,0,0,0.0,0.7017099,0.09317901,0.20511109
347,0,0,0.0,0.7574108,0.10261939,0.13996994
347,0,0,0.0,0.6968576,0.116804264,0.18633828
347,0,0,0.0,0.6168133,0.18488954,0.19829728
347,0,0,2.9802322387695312e-08,0.88219756,0.09926803,0.018534414
347,0,0,0.0,0.8904381,0.08815529,0.021406893
347,0,0,0.0,0.6586178,0.25967294,0.081709325
347,0,0,0.0,0.6142936,0.25304356,0.13266303
347,0,0,0.0,0.6500151,0.30120194,0.04878299
347,0,0,0.0,0.83487034,0.13432065,0.030809116
347,0,0,0.0,0.81611204,0.124072604,0.059815474
130,0,0,0.0,0.96641165,0.018572595,0.015015886
130,0,0,7.450580596923828e-08,0.95316756,0.022577599,0.024254777
130,0,0,0.0,0.9516899,0.027592247,0.020717837
130,0,0,2.9802322387695312e-08,0.95494956,0.024200555,0.020849925
130,0,0,0.0,0.9614577,0.019002538,0.019539913
130,0,0,0.0,0.96613485,0.01567337,0.018191973
130,0,0,0.0,0.8877778,0.021605084,0.09061721
130,0,0,0.0,0.9399562,0.030739836,0.029303968
130,0,0,0.0,0.94877857,0.0296584,0.021563137
130,0,0,1.4901161193847656e-08,0.9505506,0.027814234,0.021635195
130,0,0,0.0,0.9686595,0.014479918,0.016860748
130,0,0,0.0,0.9641528,0.016589621,0.019257598
130,0,0,0.0,0.9578333,0.021699473,0.020467501
130,0,0,0.0,0.8023387,0.065477096,0.1321843
130,0,0,0.0,0.95977056,0.021606818,0.018622756
130,0,0,0.0,0.95694315,0.024614036,0.018442908
130,0,0,5.960464477539063e-08,0.9588977,0.021793505,0.01930868
130,0,0,0.0,0.9608928,0.018945603,0.020161701
130,0,0,5.960464477539063e-08,0.9624655,0.018290468,0.019244004
130,0,0,0.0,0.9469456,0.02868477,0.024369622
130,0,0,0.0,0.9552032,0.022725131,0.02207182
130,0,0,0.0,0.9475341,0.029795699,0.022670431
130,0,0,0.0,0.9514795,0.024507923,0.024012666
130,0,0,0.0,0.9498548,0.024795007,0.025350356
130,0,0,5.960464477539063e-08,0.9587795,0.021403499,0.019816926
130,0,0,0.0,0.9560381,0.022341155,0.021620773
130,0,0,2.9802322387695312e-08,0.946622,0.021354374,0.032023627
130,0,0,0.0,0.93441063,0.029646493,0.035942923
130,0,0,0.0,0.9431024,0.030803291,0.026094358
130,0,0,0.0,0.9476341,0.031153554,0.021212298
130,0,0,0.0,0.94718075,0.030008046,0.02281116
130,0,0,0.0,0.9477092,0.027846215,0.024444787
130,0,0,0.0,0.9487676,0.02241519,0.028817384
130,0,0,4.470348358154297e-08,0.9538914,0.023276715,0.02283199
130,0,0,0.0,0.95752627,0.021303313,0.021170584
130,0,0,1.043081283569336e-07,0.9596598,0.020651497,0.019688716
130,0,0,5.960464477539063e-08,0.9431936,0.032122467,0.024683857
130,0,0,0.0,0.95534086,0.023325473,0.021333763
130,0,0,0.0,0.9534602,0.024051724,0.022488121
130,0,0,1.4901161193847656e-08,0.9459328,0.025516734,0.0285505
130,0,0,4.470348358154297e-08,0.9501383,0.024617422,0.025244227
130,0,0,5.960464477539063e-08,0.9556185,0.02417337,0.020208025
130,0,0,0.0,0.92930263,0.041667618,0.029029857
130,0,0,0.0,0.9152369,0.05782162,0.02694171
130,0,0,0.0,0.94868577,0.018311018,0.033003226
130,0,0,0.0,0.945446,0.023409856,0.031144232
130,0,0,0.0,0.9513942,0.023795884,0.02481015
130,0,0,2.9802322387695312e-08,0.9609596,0.021055102,0.017985327
130,0,0,0.0,0.9543086,0.024044178,0.021647304
130,0,0,0.0,0.8821315,0.0842419,0.033626806
130,0,0,0.0,0.9408831,0.031325527,0.027791535
130,0,0,0.0,0.9722887,0.010387526,0.017323881
130,0,0,0.0,0.95747566,0.019715477,0.02280891
130,0,0,0.0,0.9599009,0.018029403,0.022069978
130,0,0,0.0,0.95839405,0.021697193,0.019908864
130,0,0,0.0,0.962594,0.020854687,0.016551433
130,0,0,0.0,0.9493276,0.025579778,0.025092643
130,0,0,1.4901161193847656e-08,0.9498197,0.028597228,0.021582913
130,0,0,2.9802322387695312e-08,0.88320297,0.03248578,0.08431124
130,0,0,0.0,0.90384454,0.027497947,0.06865753
130,0,0,0.0,0.9422884,0.027851831,0.029859945
130,0,0,0.0,0.94786316,0.023492483,0.028644407
130,0,0,0.0,0.9473095,0.020143596,0.032547243
130,0,0,0.0,0.94822407,0.019147035,0.03262911
130,0,0,4.470348358154297e-08,0.94891226,0.029974269,0.021113444
130,0,0,0.0,0.7223773,0.09190294,0.18571985
130,0,0,0.0,0.6501696,0.10707617,0.24275434
130,0,0,0.0,0.90179175,0.047213517,0.050994717
130,0,0,0.0,0.9169497,0.045372255,0.037677992
130,0,0,0.0,0.86769736,0.08483913,0.047463644
130,0,0,0.0,0.93371737,0.048523333,0.01775923
130,0,0,0.0,0.95835835,0.029296633,0.012345237
130,0,2,0.0,0.39655256,0.17518018,0.4282673
130,0,2,0.0,0.27057168,0.13932289,0.5901055
130,0,0,0.0,0.7107379,0.162339,0.12692325
426,0,0,0.0,0.90108603,0.04482435,0.054089755
426,0,0,0.0,0.90689003,0.047012463,0.046097536
426,0,0,0.0,0.7179465,0.20381069,0.07824281
426,0,0,0.0,0.885059,0.060427047,0.054514065
426,0,0,0.0,0.9028654,0.038765892,0.05836881
426,0,0,0.0,0.93825,0.017755868,0.04399423
426,0,0,0.0,0.94503117,0.025818244,0.029150685
426,0,0,2.9802322387695312e-08,0.9089777,0.04811453,0.04290787
426,0,0,0.0,0.9279901,0.042348932,0.02966098
426,0,0,0.0,0.9224658,0.03929664,0.03823766
426,0,0,0.0,0.9570536,0.019461859,0.0234847
426,0,0,1.4901161193847656e-08,0.9721876,0.011087417,0.016725037
426,0,0,1.4901161193847656e-08,0.95355666,0.022591934,0.023851419
426,0,0,0.0,0.95793587,0.019355763,0.022708304
426,0,0,0.0,0.9573065,0.018607138,0.024086436
426,0,0,0.0,0.93191487,0.024541399,0.043543726
426,0,0,0.0,0.9769609,0.008656206,0.014382905
426,0,0,0.0,0.9648367,0.014732969,0.020430472
426,0,0,0.0,0.9395919,0.024572834,0.035835546
426,0,0,0.0,0.9496516,0.022547869,0.02780066
426,0,0,7.450580596923828e-08,0.94562644,0.022681914,0.031691693
426,0,0,0.0,0.9471084,0.020044925,0.032846738
426,0,0,0.0,0.96363735,0.014872393,0.021490416
426,0,0,0.0,0.9442658,0.019995494,0.035738826
426,0,0,0.0,0.9510242,0.019525994,0.029449882
426,0,0,0.0,0.9544277,0.01961785,0.02595463
426,0,0,4.470348358154297e-08,0.9503433,0.021070303,0.028586295
426,0,0,0.0,0.9657375,0.014466,0.019796643
426,0,0,0.0,0.96537155,0.016045703,0.018582895
426,0,0,0.0,0.9579793,0.017267825,0.024752857
426,0,0,0.0,0.9562612,0.019319907,0.024418872
426,0,0,0.0,0.94223994,0.023140952,0.034619167
426,0,0,0.0,0.9627866,0.015469134,0.02174451
426,0,0,0.0,0.9713097,0.012217816,0.01647246
426,0,0,0.0,0.974129,0.011254577,0.01461635
426,0,0,0.0,0.96667665,0.01414025,0.019183278
426,0,0,0.0,0.9617901,0.01670312,0.02150711
426,0,0,0.0,0.93996245,0.022925667,0.037112027
426,0,0,0.0,0.96420395,0.012987572,0.022808604
340,0,0,0.0,0.5811141,0.03432051,0.38456538
340,0,0,0.0,0.9317919,0.013893213,0.05431498
340,0,0,0.0,0.730354,0.036699813,0.23294628
340,0,0,0.0,0.98113257,0.006978309,0.011889073
340,0,0,0.0,0.95480514,0.011291689,0.033903226
340,0,0,0.0,0.9495384,0.016574392,0.033887208
340,0,0,0.0,0.93932676,0.016299676,0.044373766
340,0,0,0.0,0.93769073,0.018824484,0.04348488
340,0,0,5.960464477539063e-08,0.7021877,0.08455036,0.21326199
340,0,0,0.0,0.95783085,0.015936382,0.026232703
340,0,0,0.0,0.9862432,0.0068784365,0.0068784957
340,0,0,0.0,0.96790886,0.010067796,0.022023395
340,0,0,0.0,0.9574845,0.0141317975,0.028383838
340,0,0,0.0,0.83947957,0.06386528,0.09665521
340,0,0,0.0,0.93558156,0.02081732,0.04360124
340,0,0,0.0,0.91839755,0.02528449,0.05631797
340,0,2,0.0,0.45028308,0.09065814,0.45905888
340,0,2,5.960464477539063e-08,0.42949745,0.12848568,0.44201687
340,0,0,0.0,0.95820373,0.012406794,0.029389482
340,0,0,0.0,0.9730548,0.01108677,0.015858598
340,0,0,0.0,0.9807409,0.0074737244,0.011785431
340,0,0,0.0,0.97364473,0.008909341,0.017445914
340,0,0,0.0,0.9719958,0.01079501,0.017209388
340,0,0,0.0,0.96060675,0.016669923,0.022723328
340,0,0,0.0,0.9251749,0.030240634,0.04458465
340,0,0,5.960464477539063e-08,0.83937854,0.07475895,0.085862465
340,0,0,0.0,0.75161135,0.07704369,0.17134501
340,0,0,5.960464477539063e-08,0.57577497,0.09434802,0.32987708
340,0,0,0.0,0.8880173,0.014187947,0.097794764
340,0,0,0.0,0.9567152,0.016543187,0.02674172
340,0,0,0.0,0.94520676,0.015159709,0.039633617
340,0,0,0.0,0.97480214,0.009535485,0.015662558
340,0,0,0.0,0.97532606,0.009412465,0.015261577
340,0,0,1.4901161193847656e-08,0.96132946,0.015628815,0.023041734
340,0,0,0.0,0.94563836,0.020481676,0.03388005
340,0,0,0.0,0.9392101,0.017589763,0.04320015
340,0,0,0.0,0.94732875,0.017411517,0.035259914
340,0,0,0.0,0.8799782,0.024802031,0.09521999
340,0,1,0.0,0.27993083,0.5734996,0.14656948
340,0,2,0.0,0.3890635,0.052056406,0.55888015
340,0,0,0.0,0.87220204,0.02797417,0.09982384
340,0,0,0.0,0.97229713,0.008571143,0.019131776
340,0,0,0.0,0.9594269,0.012749208,0.02782397
340,0,0,0.0,0.9647212,0.015340447,0.019938592
340,0,0,0.0,0.9834991,0.00674674,0.0097542275
340,0,0,0.0,0.97317517,0.010899174,0.015925603
340,0,0,0.0,0.9522931,0.016396519,0.031310458
340,0,0,0.0,0.94584084,0.014749065,0.039410185
340,0,0,0.0,0.9713287,0.012396126,0.016275328
340,0,0,2.9802322387695312e-08,0.95521563,0.014099262,0.030685117
340,0,0,0.0,0.52742195,0.14418192,0.32839614
340,0,2,0.0,0.32453892,0.12421746,0.5512437
340,0,0,0.0,0.908535,0.01809649,0.073368676
340,0,0,0.0,0.957748,0.011176155,0.031075994
340,0,0,0.0,0.97845834,0.007921147,0.013620702
340,0,0,4.470348358154297e-08,0.9745351,0.011632951,0.013831851
340,0,0,0.0,0.95881283,0.017489143,0.023698015
340,0,0,0.0,0.9483351,0.017217973,0.034446992
340,0,0,0.0,0.95107555,0.019235779,0.029688856
340,0,0,2.9802322387695312e-08,0.9407965,0.014451625,0.044751957
340,0,0,0.0,0.93916124,0.021806587,0.039032422
340,0,0,0.0,0.44562206,0.21287054,0.3415075
340,0,0,0.0,0.94181883,0.016360873,0.041820448
340,0,0,0.0,0.95681286,0.019083064,0.024104118
340,0,0,0.0,0.9592463,0.018575508,0.0221783
340,0,0,0.0,0.92923486,0.025593558,0.045171548
340,0,0,0.0,0.9740082,0.010126665,0.0158653
340,0,0,0.0,0.9613151,0.009327013,0.0293581
340,0,0,0.0,0.8987193,0.01843332,0.08284739
340,0,0,0.0,0.67422765,0.060721356,0.26505116
340,0,0,5.960464477539063e-08,0.8743861,0.03293108,0.09268293
340,0,0,0.0,0.8629743,0.05383427,0.08319154
340,0,0,0.0,0.9578876,0.012767697,0.029344944
340,0,0,0.0,0.93506473,0.021020854,0.043914564
340,0,2,0.0,0.44822896,0.09742379,0.4543474
340,0,0,0.0,0.56777596,0.06692414,0.36529997
340,0,0,0.0,0.8305816,0.042771097,0.1266475
340,0,2,0.0,0.1873281,0.09872649,0.7139455
87,0,2,0.0,0.42690617,0.049472842,0.52362114
87,0,0,0.0,0.7832967,0.017916108,0.19878721
87,0,0,0.0,0.82838726,0.022965627,0.14864714
87,0,0,0.0,0.8307181,0.059057854,0.110224195
87,0,2,0.0,0.29282326,0.03630219,0.6708746
87,0,0,0.0,0.51200324,0.023966776,0.46403012
87,0,0,0.0,0.7428179,0.017137587,0.24004464
41,0,0,8.940696716308594e-08,0.92868155,0.026572298,0.044746112
41,0,0,0.0,0.9285542,0.032611247,0.038834613
41,0,0,0.0,0.84833616,0.08103193,0.07063212
41,0,0,0.0,0.9215579,0.036914513,0.04152761
41,0,0,0.0,0.8803302,0.044698738,0.07497111
41,0,0,0.0,0.89811677,0.034816932,0.067066334
41,0,0,0.0,0.9420921,0.02752509,0.030382916
41,0,0,0.0,0.94387096,0.026988866,0.029140156
41,0,0,0.0,0.9316903,0.028825058,0.039484803
41,0,0,0.0,0.96178055,0.016269967,0.02194964
41,0,0,0.0,0.9401154,0.028743397,0.031141426
41,0,0,0.0,0.94364023,0.024986843,0.031372953
41,0,0,0.0,0.88989466,0.05540805,0.054697413
41,0,0,0.0,0.8702178,0.06526544,0.0645169
41,0,0,0.0,0.9377827,0.030242141,0.031975288
41,0,0,5.960464477539063e-08,0.9412275,0.0241067,0.03466576
41,0,0,0.0,0.9373336,0.02661146,0.03605505
41,0,0,0.0,0.9620742,0.013929612,0.023996333
41,0,0,0.0,0.96315217,0.01681568,0.020032227
41,0,0,5.960464477539063e-08,0.9667555,0.015483495,0.017761024
41,0,0,0.0,0.928574,0.037241366,0.034184642
41,0,0,0.0,0.87268543,0.0671597,0.06015517
41,0,0,0.0,0.8702888,0.074505694,0.05520572
41,0,0,0.0,0.9331742,0.02893346,0.037892587
41,0,0,0.0,0.9580418,0.017764581,0.024193563
41,0,0,0.0,0.9447845,0.024586774,0.030628819
41,0,0,0.0,0.9514247,0.014635179,0.03394026
41,0,0,2.9802322387695312e-08,0.96303105,0.016825914,0.020143097
41,0,0,0.0,0.9615502,0.018769039,0.019680837
41,0,0,2.9802322387695312e-08,0.9624258,0.017893039,0.019680986
41,0,0,0.0,0.9675411,0.016307458,0.01615156
41,0,0,0.0,0.9668817,0.01672322,0.016395181
41,0,0,5.960464477539063e-08,0.96712226,0.016038863,0.016838862
41,0,0,0.0,0.9659814,0.014896376,0.01912244
41,0,0,0.0,0.9532265,0.019952504,0.026821129
41,0,0,0.0,0.92859125,0.022402313,0.049006414
41,0,0,0.0,0.964556,0.016905725,0.018538348
41,0,0,2.9802322387695312e-08,0.949449,0.027010152,0.02354082
41,0,0,0.0,0.9630308,0.017040497,0.0199289
41,0,0,0.0,0.96779495,0.015250978,0.016954018
41,0,0,0.0,0.96270865,0.019429488,0.01786189
41,0,0,0.0,0.9621185,0.01865867,0.019222807
41,0,0,0.0,0.95078033,0.019471249,0.02974836
41,0,0,0.0,0.93701637,0.029037472,0.033946343
41,0,0,0.0,0.90479004,0.016961271,0.078248754
41,0,0,0.0,0.95721763,0.018211726,0.024570817
41,0,0,0.0,0.9431397,0.030777868,0.026082441
41,0,0,0.0,0.9509124,0.022900155,0.026187435
41,0,0,0.0,0.95231545,0.021404443,0.026280116
41,0,0,0.0,0.96198004,0.018881476,0.019138705
41,0,0,1.4901161193847656e-08,0.95055497,0.023630774,0.025814202
41,0,0,5.960464477539063e-08,0.94436663,0.026119268,0.029514084
41,0,0,1.4901161193847656e-08,0.94923556,0.021695213,0.029069316
41,0,0,0.0,0.90264136,0.017824087,0.079534836
41,0,0,1.4901161193847656e-08,0.9593727,0.018983724,0.021643538
41,0,0,0.0,0.93358946,0.028518097,0.03789258
41,0,0,0.0,0.95244557,0.020893715,0.026660923
41,0,0,2.9802322387695312e-08,0.9452429,0.025845269,0.02891185
41,0,0,0.0,0.948255,0.023786679,0.027958509
41,0,0,5.960464477539063e-08,0.93158835,0.033950813,0.0344609
41,0,0,0.0,0.93937886,0.02775556,0.03286564
41,0,0,2.9802322387695312e-08,0.93670326,0.028903792,0.034392938
41,0,0,0.0,0.9271833,0.03308184,0.039734863
41,0,0,0.0,0.9542376,0.02353981,0.022222668
41,0,0,0.0,0.9568024,0.02064904,0.022548584
41,0,0,0.0,0.95398635,0.022959035,0.023054637
41,0,0,8.940696716308594e-08,0.94603026,0.028223032,0.025746662
41,0,0,0.0,0.9438552,0.032338835,0.02380606
41,0,0,0.0,0.9393989,0.031820152,0.028781066
41,0,0,0.0,0.8799829,0.052662056,0.06735524
429,0,0,0.0,0.9654288,0.01741073,0.01716046
429,0,0,7.450580596923828e-08,0.9650351,0.017099712,0.017865228
429,0,0,0.0,0.9619252,0.017562324,0.020512503
429,0,0,0.0,0.9497756,0.023071688,0.027152821
429,0,0,0.0,0.9569264,0.020656003,0.022417722
429,0,0,0.0,0.9633795,0.016906017,0.019714493
429,0,0,0.0,0.96950316,0.013642568,0.016854405
429,0,0,0.0,0.9595185,0.019006444,0.021475162
429,0,0,0.0,0.9450293,0.020767316,0.03420351
429,0,0,0.0,0.93811035,0.024398115,0.03749158
429,0,0,0.0,0.9587545,0.019599548,0.021646082
429,0,0,0.0,0.95090234,0.022969421,0.026128238
429,0,0,0.0,0.91558707,0.037160005,0.04725296
429,0,0,0.0,0.9446158,0.025034403,0.030349808
429,0,0,0.0,0.96740067,0.015291247,0.01730811
429,0,0,0.0,0.9681534,0.014811897,0.017034769
429,0,0,0.0,0.9619836,0.015747257,0.022269309
429,0,0,2.9802322387695312e-08,0.9627459,0.017532922,0.019721175
429,0,0,0.0,0.96229833,0.018092297,0.019609652
429,0,0,0.0,0.96658176,0.016826395,0.016591948
429,0,0,0.0,0.961321,0.021157505,0.017521497
429,0,0,1.4901161193847656e-08,0.96123165,0.01823918,0.020529171
429,0,0,1.4901161193847656e-08,0.9581038,0.01947005,0.022426242
429,0,0,0.0,0.93675804,0.032262303,0.030979773
429,0,0,0.0,0.9482946,0.019271322,0.032434113
429,0,0,0.0,0.9401421,0.02448111,0.035376806
429,0,0,0.0,0.9536686,0.022003807,0.024327692
429,0,0,0.0,0.97036016,0.015542325,0.014097554
429,0,0,0.0,0.9714557,0.014214139,0.014330282
429,0,0,0.0,0.9666443,0.016326902,0.017028922
429,0,0,0.0,0.96640724,0.016504815,0.017088123
429,0,0,0.0,0.9555365,0.022484062,0.021979617
429,0,0,5.960464477539063e-08,0.8715927,0.034529764,0.09387747
429,0,0,0.0,0.9421272,0.02319811,0.034674853
429,0,0,0.0,0.9552418,0.01872199,0.026036302
429,0,0,0.0,0.9647054,0.01459888,0.020695858
429,0,0,0.0,0.96346253,0.015004771,0.021532893
429,0,0,4.470348358154297e-08,0.9698606,0.013756932,0.016382357
429,0,0,0.0,0.96454024,0.017425196,0.018034589
429,0,0,0.0,0.96615165,0.017012868,0.016835568
429,0,0,0.0,0.96861416,0.016339995,0.015045875
429,0,0,0.0,0.865869,0.0611783,0.07295277
429,0,0,0.0,0.938653,0.022611495,0.038735494
429,0,0,0.0,0.9485025,0.020446088,0.031051442
429,0,0,0.0,0.96904576,0.015628755,0.0153255975
429,0,0,0.0,0.96105343,0.016853038,0.022093574
429,0,0,0.0,0.9577422,0.02080051,0.021457428
429,0,0,0.0,0.9608242,0.019629894,0.019546097
429,0,0,0.0,0.95804495,0.021585776,0.02036949
429,0,0,0.0,0.96350384,0.017165756,0.019330496
429,0,0,0.0,0.95734894,0.020997938,0.021653226
429,0,0,0.0,0.95301765,0.01941101,0.027571395
429,0,0,1.4901161193847656e-08,0.9546358,0.017471097,0.02789308
429,0,0,5.960464477539063e-08,0.96473753,0.014576211,0.020686287
429,0,0,2.9802322387695312e-08,0.9399172,0.02493949,0.035143238
429,0,0,0.0,0.95051295,0.020601569,0.028885448
429,0,0,0.0,0.9542786,0.021736503,0.023984874
429,0,0,0.0,0.9622152,0.017498095,0.020286784
429,0,0,0.0,0.88675016,0.021763742,0.091486216
429,0,0,0.0,0.89884704,0.014076903,0.08707618
429,0,0,0.0,0.8746057,0.017689478,0.1077049
429,0,0,0.0,0.67910415,0.033012662,0.2878833
429,0,0,0.0,0.5513663,0.02570597,0.4229279
429,0,0,0.0,0.78624195,0.017923541,0.19583458
429,0,0,0.0,0.86719316,0.02391947,0.10888754
429,0,0,0.0,0.9418017,0.018350286,0.039848052
88,0,0,5.960464477539063e-08,0.46170688,0.11159258,0.4267006
88,0,2,0.0,0.17494443,0.15102436,0.6740314
88,0,0,0.0,0.66232085,0.04994525,0.287734
88,0,0,0.0,0.8438426,0.033573672,0.12258388
88,0,0,0.0,0.8785548,0.027941322,0.09350406
88,0,0,0.0,0.608855,0.07977669,0.31136835
88,0,0,0.0,0.9002277,0.03399776,0.06577453
88,0,0,0.0,0.928327,0.02362329,0.048049737
430,0,0,0.0,0.96704686,0.016224714,0.016728427
430,0,0,0.0,0.94505596,0.024167337,0.030776862
430,0,0,0.0,0.9646393,0.016597573,0.018763183
430,0,0,0.0,0.9463511,0.025313275,0.028335735
430,0,0,0.0,0.96381336,0.018659173,0.017527705
430,0,0,0.0,0.95523876,0.023780582,0.020980703
430,0,0,0.0,0.94756144,0.027221309,0.025217231
430,0,0,0.0,0.9425154,0.03082464,0.02666004
430,0,0,0.0,0.9505157,0.024620533,0.02486392
430,0,0,0.0,0.95110273,0.023143303,0.025754053
430,0,0,0.0,0.8775703,0.045785856,0.076643966
430,0,0,0.0,0.9446279,0.028386157,0.026986074
430,0,0,0.0,0.9522387,0.02352719,0.024234274
430,0,0,0.0,0.9639041,0.018763697,0.01733231
430,0,0,0.0,0.97407377,0.01360033,0.012326049
430,0,0,0.0,0.9358615,0.03618142,0.027957095
430,0,0,0.0,0.9526931,0.023817476,0.023489505
430,0,0,0.0,0.935927,0.032287113,0.03178601
430,0,0,5.960464477539063e-08,0.9372036,0.030985681,0.03181067
430,0,0,0.0,0.86781216,0.052809767,0.0793782
430,0,0,0.0,0.9613539,0.019907786,0.018738426
430,0,0,0.0,0.9342689,0.03729507,0.028436176
430,0,0,0.0,0.967772,0.01710427,0.015123796
430,0,0,0.0,0.954936,0.024170304,0.020893846
430,0,0,0.0,0.940127,0.03455737,0.025315743
430,0,0,0.0,0.96510994,0.018870471,0.016019572
430,0,0,1.4901161193847656e-08,0.9456607,0.026819684,0.027519682
430,0,0,0.0,0.95233405,0.024018997,0.023646962
430,0,0,0.0,0.8751169,0.032352485,0.092530794
430,0,0,2.9802322387695312e-08,0.9725028,0.013522834,0.013974345
430,0,0,0.0,0.9594465,0.02199186,0.018561676
430,0,0,0.0,0.96357536,0.017956056,0.018468851
430,0,0,0.0,0.9607759,0.019612173,0.01961198
430,0,0,0.0,0.9618942,0.01931798,0.018787822
430,0,0,0.0,0.9372523,0.031710032,0.031037757
430,0,0,5.960464477539063e-08,0.9620363,0.020015182,0.017948506
430,0,0,0.0,0.96053374,0.019437976,0.020028438
430,0,0,0.0,0.9620232,0.017315283,0.020661632
430,0,0,0.0,0.93617713,0.027811533,0.036011465
430,0,0,0.0,0.95457363,0.022762872,0.022663618
430,0,0,1.4901161193847656e-08,0.95567954,0.02087669,0.02344377
430,0,0,0.0,0.94101715,0.02543247,0.033550546
430,0,0,0.0,0.95707655,0.02116958,0.02175385
430,0,0,0.0,0.9552986,0.023133896,0.021567445
430,0,0,0.0,0.95919263,0.018409232,0.022398211
430,0,0,8.940696716308594e-08,0.8957035,0.052827347,0.051469166
430,0,0,0.0,0.90000546,0.058092058,0.04190247
430,0,0,0.0,0.9589262,0.022707785,0.018366087
430,0,0,0.0,0.96800417,0.016602354,0.015393536
430,0,0,0.0,0.9260584,0.041288592,0.032653034
430,0,0,0.0,0.9085638,0.04810663,0.043329574
430,0,0,0.0,0.95492506,0.022179898,0.022895062
430,0,0,2.9802322387695312e-08,0.9412847,0.031947598,0.026767721
430,0,0,5.960464477539063e-08,0.9364476,0.029280877,0.0342714
430,0,0,0.0,0.9306884,0.024359707,0.04495196
430,0,0,0.0,0.9413558,0.023053626,0.03559058
430,0,0,4.470348358154297e-08,0.9541651,0.018199477,0.027635364
430,0,0,0.0,0.9235741,0.017310578,0.059115335
430,0,0,0.0,0.9258151,0.018167196,0.0560178
430,0,0,2.9802322387695312e-08,0.93766516,0.0228057,0.03952917
430,0,0,0.0,0.94077504,0.019851128,0.039373998
430,0,0,0.0,0.8513507,0.02005765,0.12859178
430,0,0,0.0,0.79228175,0.029433738,0.17828454
430,0,0,0.0,0.94096226,0.015135297,0.04390247
430,0,0,2.9802322387695312e-08,0.93944764,0.018433997,0.042118277
430,0,0,0.0,0.94556373,0.0119760875,0.042460386
430,0,0,0.0,0.95666695,0.014268901,0.029064326
430,0,0,2.9802322387695312e-08,0.9371025,0.020019468,0.04287805
430,0,0,0.0,0.9341736,0.018731788,0.047094855
430,0,0,0.0,0.5881993,0.02919199,0.3826087
7,0,2,0.0,0.20532934,0.03477191,0.7598988
7,0,0,5.960464477539063e-08,0.72758156,0.03601642,0.23640206
7,0,0,0.0,0.8449187,0.090718165,0.064363144
7,0,0,0.0,0.76889193,0.13843729,0.09267082
7,0,0,0.0,0.7666566,0.126901,0.10644249
7,0,0,0.0,0.70323235,0.12213124,0.17463651
7,0,0,0.0,0.7289625,0.10236073,0.16867694
7,0,0,0.0,0.80696976,0.070598334,0.122432
7,0,0,0.0,0.6621547,0.050231956,0.28761336
7,0,0,0.0,0.79159504,0.054929722,0.15347536
7,0,0,0.0,0.79493135,0.062627,0.14244182
7,0,0,0.0,0.87141514,0.0566193,0.07196566
7,0,0,0.0,0.87733555,0.032501895,0.090162754
7,0,0,0.0,0.9231845,0.042499755,0.03431579
7,0,0,0.0,0.9022686,0.057201996,0.040529564
7,0,0,0.0,0.783956,0.10774392,0.10830024
7,0,0,5.960464477539063e-08,0.82273114,0.08238346,0.09488536
7,0,0,5.960464477539063e-08,0.8747435,0.06297588,0.062280625
7,0,0,0.0,0.74240494,0.0683506,0.18924457
7,0,0,0.0,0.79027,0.0380155,0.17171462
7,0,0,0.0,0.91881275,0.031618584,0.049568865
7,0,0,0.0,0.9124657,0.031007644,0.056526702
7,0,0,0.0,0.8848149,0.043185726,0.07199936
7,0,0,0.0,0.7951832,0.038518474,0.16629845
7,0,0,0.0,0.7438279,0.08095022,0.175222
7,0,0,0.0,0.6908308,0.117112115,0.19205697
7,0,0,0.0,0.8434449,0.08259638,0.07395875
7,0,0,0.0,0.83504266,0.05067972,0.11427774
7,0,0,0.0,0.93748665,0.0253167,0.037196826
7,0,0,0.0,0.8580133,0.022871822,0.11911481
7,0,0,0.0,0.8401413,0.029203322,0.13065562
7,0,0,5.960464477539063e-08,0.80396324,0.03564838,0.16038841
7,0,0,0.0,0.5885132,0.06646424,0.34502268
7,0,0,0.0,0.8080878,0.05314371,0.1387686
7,0,2,0.0,0.06807907,0.02419891,0.9077221
7,0,0,0.0,0.7085815,0.054047357,0.2373712
7,0,0,5.960464477539063e-08,0.8479872,0.03050811,0.121504664
7,0,0,0.0,0.8987283,0.027563145,0.07370873
7,0,0,5.960464477539063e-08,0.89836174,0.06400817,0.037630167
7,0,0,0.0,0.9669952,0.0145641705,0.018440837
7,0,0,7.450580596923828e-08,0.95121205,0.017306063,0.031481713
7,0,0,0.0,0.69992274,0.025024517,0.2750528
7,0,0,0.0,0.757513,0.03313745,0.20934969
7,0,0,0.0,0.7140985,0.084462896,0.20143859
7,0,0,0.0,0.64232534,0.108904004,0.24877061
7,0,0,0.0,0.71731204,0.034874298,0.2478137
7,0,2,5.960464477539063e-08,0.24093448,0.032736074,0.7263295
7,0,0,0.0,0.7033726,0.02364279,0.27298465
7,0,0,0.0,0.78180563,0.04909773,0.16909677
7,0,0,0.0,0.817491,0.0422401,0.14026901
7,0,0,0.0,0.8377352,0.089393176,0.072871655
7,0,0,0.0,0.91393805,0.027240038,0.05882206
7,0,0,0.0,0.72318023,0.03332389,0.243496
7,0,0,0.0,0.58681303,0.020482916,0.39270416
7,0,0,0.0,0.54437107,0.044279993,0.41134903
7,0,0,0.0,0.7091619,0.076460995,0.21437718
7,0,0,0.0,0.75214636,0.076286435,0.17156729
7,0,2,0.0,0.4131887,0.032798734,0.5540126
7,0,2,0.0,0.33593923,0.05473031,0.60933053
7,0,0,0.0,0.8488575,0.027140452,0.124002166
7,0,0,5.960464477539063e-08,0.8347765,0.0708041,0.09441938
7,0,0,0.0,0.85882103,0.06034757,0.08083141
7,0,0,0.0,0.76070833,0.11634595,0.1229458
7,0,0,0.0,0.8701071,0.009862034,0.12003078
7,0,0,0.0,0.52554095,0.023951165,0.45050794
7,0,0,0.0,0.5862718,0.03846644,0.3752618
7,0,2,5.960464477539063e-08,0.31829935,0.07637046,0.6053302
7,0,0,0.0,0.5064552,0.06379275,0.4297522
7,0,0,0.0,0.667605,0.03747948,0.29491547
7,0,2,0.0,0.45164785,0.016015936,0.5323363
324,1,2,0.0,0.15018952,0.28386882,0.5659416
324,1,1,5.960464477539063e-08,0.2100767,0.6154493,0.17447412
324,1,2,0.0,0.12590742,0.29481527,0.5792774
324,1,2,0.0,0.15751573,0.15628855,0.6861958
324,1,2,0.0,0.0339011,0.03946821,0.9266307
324,1,1,0.0,0.032451402,0.546474,0.4210746
324,1,2,0.0,0.023386398,0.16382104,0.8127927
186,1,0,0.0,0.5653814,0.299152,0.13546672
186,1,0,0.0,0.8013741,0.15341632,0.045209646
186,1,0,2.9802322387695312e-08,0.93206465,0.03672573,0.031209607
186,1,0,0.0,0.8788014,0.06392646,0.0572723
186,1,0,5.960464477539063e-08,0.82387793,0.12132166,0.054800376
186,1,0,0.0,0.83566254,0.038877856,0.12545972
186,1,0,0.0,0.9081937,0.027882494,0.06392382
186,1,0,0.0,0.9585557,0.019517997,0.021926355
186,1,0,2.9802322387695312e-08,0.88766146,0.056462713,0.055875782
186,1,0,0.0,0.8956643,0.041327827,0.06300807
186,1,0,0.0,0.92600924,0.030389277,0.043601666
186,1,0,5.960464477539063e-08,0.83356535,0.108003445,0.05843117
186,1,0,0.0,0.9125921,0.05248827,0.03491973
186,1,0,0.0,0.94379944,0.020271638,0.035929076
186,1,0,0.0,0.9492875,0.021963758,0.028748784
338,1,0,0.0,0.7199685,0.027832178,0.25219944
338,1,0,0.0,0.87327594,0.01766771,0.109056495
338,1,0,0.0,0.8686663,0.025662709,0.10567106
338,1,0,5.960464477539063e-08,0.954591,0.021195946,0.024213089
338,1,0,0.0,0.9392666,0.023829695,0.036903884
338,1,0,5.960464477539063e-08,0.92445433,0.03165948,0.0438862
338,1,0,0.0,0.9239387,0.02992211,0.04613945
338,1,0,5.960464477539063e-08,0.9362661,0.012224856,0.051508967
338,1,0,0.0,0.6641594,0.024772896,0.3110678
338,1,0,0.0,0.94427246,0.014604158,0.041123584
338,1,0,0.0,0.9790383,0.0115743335,0.009387633
338,1,0,0.0,0.97336304,0.0129441945,0.013692868
338,1,0,0.0,0.9565732,0.020620963,0.022805924
338,1,0,0.0,0.93847656,0.027795292,0.03372841
338,1,0,0.0,0.9350052,0.024111614,0.04088327
338,1,0,0.0,0.9693873,0.01178175,0.018831132
338,1,0,0.0,0.9730024,0.0077355,0.019262373
338,1,0,0.0,0.6149727,0.06216796,0.3228595
338,1,0,0.0,0.67777836,0.052162122,0.27005956
338,1,0,4.470348358154297e-08,0.9640514,0.01694676,0.019001763
338,1,0,0.0,0.9717318,0.014017398,0.014250977
338,1,0,0.0,0.97898304,0.010579172,0.010437873
338,1,0,0.0,0.96239483,0.019876618,0.017728642
338,1,0,2.9802322387695312e-08,0.93317145,0.040894676,0.02593384
338,1,0,0.0,0.9530067,0.0256406,0.02135281
338,1,0,0.0,0.9606852,0.019254692,0.020060223
338,1,0,0.0,0.9698906,0.012342948,0.017766649
338,1,0,1.4901161193847656e-08,0.96117127,0.0146437595,0.024185015
338,1,0,0.0,0.93546337,0.01864219,0.045894504
338,1,0,0.0,0.7884942,0.0864376,0.12506823
338,1,0,0.0,0.85654277,0.04826947,0.095187806
338,1,0,0.0,0.9287902,0.028096462,0.043113478
338,1,0,0.0,0.9103298,0.0365541,0.053116158
338,1,0,0.0,0.95556784,0.01731265,0.027119495
338,1,0,0.0,0.9717998,0.011979658,0.016220614
338,1,0,0.0,0.9345627,0.03601,0.029427359
338,1,0,0.0,0.9550105,0.026442746,0.018547026
338,1,0,0.0,0.9581543,0.02253912,0.0193066
338,1,0,0.0,0.9180145,0.03219,0.0497957
338,1,0,0.0,0.9636326,0.016076274,0.02029133
338,1,0,0.0,0.947889,0.01977097,0.032340016
338,1,0,7.450580596923828e-08,0.96109456,0.01253594,0.026369564
338,1,0,2.9802322387695312e-08,0.9047675,0.02842071,0.066811875
338,1,0,0.0,0.96278137,0.013018468,0.02420034
338,1,0,0.0,0.9599027,0.017700726,0.022396706
338,1,0,0.0,0.93563133,0.024080716,0.04028807
338,1,0,0.0,0.9307765,0.025187356,0.044036217
338,1,0,0.0,0.9519415,0.015732583,0.032326035
338,1,0,0.0,0.9714788,0.010176529,0.018344678
338,1,0,1.4901161193847656e-08,0.96037525,0.017542154,0.02208255
338,1,0,0.0,0.96078485,0.018510373,0.020704953
338,1,0,0.0,0.901597,0.07027967,0.028123392
338,1,0,0.0,0.96321964,0.021255715,0.015524739
338,1,0,0.0,0.94978374,0.027444104,0.022772051
338,1,0,0.0,0.9513589,0.023542643,0.025098559
338,1,0,1.4901161193847656e-08,0.9543992,0.014593946,0.031006914
338,1,0,0.0,0.9169216,0.029033817,0.054044656
338,1,0,0.0,0.9318128,0.024357645,0.043829616
338,1,0,0.0,0.918578,0.02822546,0.05319663
338,1,0,0.0,0.9383382,0.018614149,0.043047797
338,1,0,0.0,0.9683337,0.012278791,0.019387709
338,1,0,0.0,0.9679366,0.012789547,0.019273903
338,1,0,5.960464477539063e-08,0.95908374,0.020726923,0.020189254
338,1,0,1.4901161193847656e-08,0.95514345,0.023051696,0.021804923
338,1,0,0.0,0.94901764,0.02791413,0.02306835
338,1,0,0.0,0.95905346,0.02350857,0.01743803
338,1,0,0.0,0.9575602,0.023628077,0.018811878
338,1,0,0.0,0.9234296,0.03966294,0.036907595
338,1,0,0.0,0.92009825,0.036084056,0.04381793
338,1,0,0.0,0.92757285,0.020484798,0.051942512
338,1,0,0.0,0.861391,0.030916406,0.107692756
338,1,0,0.0,0.95476824,0.021661395,0.023570523
338,1,0,1.4901161193847656e-08,0.9616561,0.021143844,0.017200168
338,1,0,0.0,0.9714346,0.013523639,0.015041765
338,1,0,0.0,0.9689121,0.014821145,0.016266825
338,1,0,0.0,0.9481822,0.025686963,0.026130911
338,1,0,0.0,0.9322468,0.03163935,0.036113907
338,1,0,0.0,0.9387131,0.02659921,0.034687802
338,1,0,0.0,0.9592562,0.023849957,0.016893929
338,1,0,0.0,0.93336505,0.03644613,0.030188855
338,1,0,0.0,0.93344206,0.044932365,0.021625783
338,1,0,0.0,0.9435715,0.0349446,0.021483952
338,1,0,0.0,0.9685059,0.015547105,0.015947077
338,1,0,0.0,0.95993185,0.019088173,0.020980112
338,1,0,0.0,0.9111887,0.031343196,0.057468187
338,1,0,0.0,0.9645707,0.011483216,0.023946278
338,1,0,6.705522537231445e-08,0.978449,0.007511162,0.0140398005
338,1,0,4.470348358154297e-08,0.95443785,0.0153278345,0.03023426
338,1,0,0.0,0.9465141,0.018556412,0.034929607
338,1,0,0.0,0.9449057,0.02162416,0.033470243
338,1,0,0.0,0.9432769,0.02172328,0.035000063
338,1,0,0.0,0.92353785,0.044736974,0.031725265
338,1,0,0.0,0.69058204,0.23167913,0.07773882
338,1,0,0.0,0.81982476,0.14069037,0.039485022
338,1,0,0.0,0.93565655,0.037255663,0.027087884
338,1,0,0.0,0.96311414,0.020765582,0.016120352
338,1,0,0.0,0.96883583,0.015618214,0.0155460825
338,1,0,0.0,0.96651196,0.012150538,0.021337569
338,1,0,0.0,0.9461489,0.020724501,0.03312668
338,1,0,0.0,0.97967255,0.008563198,0.011764263
338,1,0,0.0,0.96114355,0.015721979,0.023134647
338,1,0,0.0,0.91776985,0.034287002,0.047943372
338,1,0,0.0,0.9508606,0.018394375,0.0307451
338,1,0,0.0,0.94432163,0.03101484,0.024663769
338,1,0,0.0,0.7958919,0.15681207,0.04729619
338,1,0,5.960464477539063e-08,0.52557623,0.42537364,0.049050122
338,1,0,5.960464477539063e-08,0.90716225,0.05871449,0.034123197
338,1,0,0.0,0.89422506,0.06007035,0.045704853
338,1,0,0.0,0.926621,0.039468322,0.033910718
338,1,0,0.0,0.93632746,0.034450524,0.029222114
338,1,0,2.9802322387695312e-08,0.9022934,0.052303977,0.045402683
338,1,0,0.0,0.83991337,0.07320083,0.08688594
338,1,0,0.0,0.8725214,0.07763773,0.049840953
338,1,0,0.0,0.97276115,0.013421655,0.013817198
338,1,0,0.0,0.955723,0.019878024,0.024399063
338,1,0,5.960464477539063e-08,0.90361077,0.03900148,0.057387747
338,1,0,0.0,0.9069885,0.060696706,0.032314952
338,1,0,5.960464477539063e-08,0.8122913,0.16156186,0.026146783
338,1,0,0.0,0.89077085,0.068982825,0.04024648
338,1,0,2.9802322387695312e-08,0.93001425,0.0371271,0.032858666
338,1,0,0.0,0.92263126,0.042170126,0.035198756
338,1,0,0.0,0.8868251,0.07333476,0.03984031
338,1,0,0.0,0.90505797,0.055796094,0.03914599
338,1,0,2.9802322387695312e-08,0.9249005,0.04468576,0.030413797
338,1,0,0.0,0.8333368,0.10686948,0.0597939
338,1,0,0.0,0.72396433,0.16274811,0.11328758
338,1,0,0.0,0.8020105,0.09405944,0.1039303
338,1,0,5.960464477539063e-08,0.90755296,0.034356352,0.05809072
338,1,0,0.0,0.88095677,0.045762904,0.07328051
338,1,0,0.0,0.907528,0.030964052,0.061508026
338,1,0,0.0,0.82483006,0.0627625,0.11240763
338,1,0,5.960464477539063e-08,0.7585387,0.19086923,0.050592132
338,1,0,0.0,0.9152245,0.052025985,0.0327496
338,1,0,4.470348358154297e-08,0.9548975,0.02352738,0.021575056
338,1,0,0.0,0.9114953,0.05504812,0.033456583
338,1,0,0.0,0.91237175,0.0650681,0.02256006
338,1,0,0.0,0.90816253,0.06559045,0.026247153
338,1,0,0.0,0.83365154,0.107489824,0.05885877
338,1,0,5.960464477539063e-08,0.52130395,0.37336314,0.105332926
338,1,0,0.0,0.73278236,0.14775367,0.11946407
338,1,0,0.0,0.87278605,0.0397714,0.08744271
338,1,0,0.0,0.88408035,0.048021745,0.06789798
338,1,0,0.0,0.90929216,0.052938502,0.03776954
338,1,0,2.9802322387695312e-08,0.9323437,0.034714963,0.03294128
338,1,0,0.0,0.9609295,0.01873083,0.020339746
338,1,0,0.0,0.929307,0.0427669,0.027926277
338,1,0,5.960464477539063e-08,0.92756325,0.042833325,0.02960338
338,1,0,5.960464477539063e-08,0.93560326,0.047988992,0.016407553
338,1,0,0.0,0.8408413,0.114907034,0.04425167
338,1,0,0.0,0.70278966,0.09496106,0.20224933
338,1,0,5.960464477539063e-08,0.90236205,0.033920567,0.063717335
338,1,0,0.0,0.93278354,0.027117698,0.040098757
338,1,0,0.0,0.9470157,0.02616044,0.02682393
338,1,0,1.4901161193847656e-08,0.95565194,0.022274863,0.02207334
338,1,0,0.0,0.90705025,0.06462591,0.02832397
338,1,0,0.0,0.9041735,0.07447756,0.021348998
338,1,0,0.0,0.6488906,0.3022225,0.048886966
338,1,0,0.0,0.8358075,0.041972432,0.1222202
338,1,0,0.0,0.93816185,0.017853076,0.043985154
338,1,0,0.0,0.9632013,0.011019875,0.025778886
338,1,0,0.0,0.91306555,0.036739383,0.050195117
338,1,0,0.0,0.8710303,0.06683571,0.06213403
338,1,0,0.0,0.8653645,0.03658616,0.09804941
339,1,0,0.0,0.92500556,0.013172359,0.061822195
339,1,2,0.0,0.22834323,0.054655645,0.7170012
339,1,0,0.0,0.867548,0.03385075,0.09860135
339,1,0,0.0,0.97884786,0.009162091,0.011990185
339,1,0,7.450580596923828e-08,0.9732515,0.008197477,0.018551055
339,1,0,0.0,0.71833396,0.034512825,0.24715334
339,1,0,5.960464477539063e-08,0.80392694,0.037373435,0.15869966
339,1,0,0.0,0.8820367,0.017573625,0.10038974
339,1,0,0.0,0.9688098,0.011683058,0.01950728
339,1,0,0.0,0.96136,0.011415463,0.027224606
339,1,0,0.0,0.8423701,0.015614737,0.14201535
339,1,0,5.960464477539063e-08,0.60776955,0.03393605,0.35829434
339,1,0,0.0,0.95071507,0.017285405,0.031999614
339,1,0,2.9802322387695312e-08,0.95277554,0.020945797,0.026278764
339,1,0,0.0,0.92998034,0.03078164,0.03923802
339,1,0,0.0,0.84307283,0.06566554,0.09126169
339,1,0,0.0,0.95592314,0.014805421,0.029271588
339,1,0,0.0,0.92088616,0.03879082,0.040323038
339,1,0,0.0,0.8541094,0.09810831,0.04778233
339,1,0,0.0,0.6701723,0.24626572,0.08356199
339,1,0,0.0,0.9065472,0.03411022,0.059342656
339,1,0,0.0,0.9519726,0.0128896665,0.035137832
339,1,0,0.0,0.886943,0.04716771,0.065889314
339,1,0,0.0,0.82311344,0.07866434,0.098222315
339,1,0,0.0,0.9161202,0.0426689,0.041210975
339,1,0,0.0,0.9250212,0.020797089,0.054181762
339,1,0,0.0,0.9456693,0.01578303,0.038547818
339,1,0,0.0,0.54823655,0.26683527,0.18492818
339,1,0,0.0,0.8317091,0.08672448,0.0815665
339,1,0,0.0,0.93301696,0.03587516,0.031107884
339,1,0,0.0,0.8905726,0.035558283,0.07386933
339,1,0,0.0,0.80598783,0.043855425,0.15015687
339,1,0,0.0,0.51329273,0.03403671,0.45267057
339,1,0,0.0,0.77603215,0.13721435,0.08675341
339,1,0,0.0,0.93681145,0.031852216,0.03133647
339,1,0,5.960464477539063e-08,0.88015616,0.056009132,0.06383459
339,1,0,0.0,0.73044693,0.111054584,0.15849857
339,1,0,0.0,0.8408276,0.024958929,0.1342136
339,1,0,0.0,0.6785464,0.025768058,0.29568562
339,1,0,0.0,0.9258061,0.035741217,0.03845285
339,1,0,0.0,0.89029896,0.059005503,0.050695613
339,1,0,0.0,0.7893251,0.13983087,0.07084415
339,1,0,0.0,0.8608722,0.08384247,0.055285476
339,1,0,0.0,0.9346373,0.014419493,0.05094323
339,1,0,0.0,0.8032676,0.030074758,0.16665763
339,1,0,0.0,0.87996525,0.051777743,0.06825712
339,1,0,0.0,0.8651257,0.09630305,0.03857128
339,1,0,0.0,0.9273529,0.043539263,0.029107979
339,1,0,0.0,0.91667366,0.04924088,0.034085643
339,1,0,5.960464477539063e-08,0.8477318,0.09666414,0.055604108
339,1,0,0.0,0.8563954,0.055158947,0.08844562
339,1,0,2.9802322387695312e-08,0.8888905,0.077851705,0.033257857
339,1,0,0.0,0.9019843,0.070655264,0.027360624
339,1,0,2.9802322387695312e-08,0.88043034,0.082259126,0.037310604
339,1,0,0.0,0.6676836,0.21970738,0.11260922
339,1,0,5.960464477539063e-08,0.87759036,0.06639927,0.056010377
339,1,0,0.0,0.5498754,0.037201397,0.4129232
339,1,0,0.0,0.8978371,0.034877658,0.06728532
339,1,0,0.0,0.86738724,0.02780371,0.104809016
339,1,0,0.0,0.8232464,0.0284143,0.14833942
339,1,0,0.0,0.9052529,0.022093678,0.07265351
49,1,2,5.960464477539063e-08,0.25418702,0.1960549,0.5497581
49,1,0,0.0,0.61094123,0.18956356,0.19949536
49,1,0,5.960464477539063e-08,0.7748386,0.101882264,0.123279154
49,1,0,0.0,0.6865767,0.098714076,0.21470928
49,1,1,0.0,0.06370393,0.8852903,0.0510057
49,1,1,0.0,0.11230356,0.78765273,0.10004373
49,1,1,0.0,0.18273248,0.6182868,0.19898076
49,1,0,0.0,0.72175235,0.087553635,0.19069421
49,1,0,0.0,0.8710004,0.040273,0.08872667
49,1,0,0.0,0.90694463,0.024928147,0.068127245
49,1,0,0.0,0.89678293,0.019084537,0.08413259
49,1,0,5.960464477539063e-08,0.89168173,0.026143424,0.08217504
49,1,0,0.0,0.8772673,0.048944633,0.07378804
49,1,0,1.4901161193847656e-08,0.9542505,0.01733078,0.028418716
49,1,0,0.0,0.9555044,0.017064493,0.027431143
49,1,0,0.0,0.9548799,0.016700579,0.028419584
311,1,1,0.0,0.06263648,0.64243156,0.29493216
311,1,1,5.960464477539063e-08,0.10579175,0.48971635,0.404492
311,1,1,0.0,0.03307322,0.843466,0.12346079
311,1,1,0.0,0.028781416,0.8402854,0.13093324
311,1,1,5.960464477539063e-08,0.032436464,0.83717364,0.13038982
311,1,1,0.0,0.022490706,0.7793946,0.19811489
311,1,1,0.0,0.03206155,0.55103713,0.41690135
311,1,1,0.0,0.015067407,0.96413374,0.02079901
311,1,1,0.0,0.010636146,0.962099,0.027265068
311,1,1,5.960464477539063e-08,0.009039392,0.96978873,0.0211718
311,1,1,0.0,0.009171668,0.95241445,0.03841406
311,1,2,0.0,0.028988507,0.111487225,0.8595243
311,1,1,0.0,0.009500655,0.9318208,0.05867878
311,1,1,0.0,0.0058147893,0.9507828,0.04340255
311,1,1,0.0,0.0071959593,0.9795655,0.013238691
311,1,1,4.470348358154297e-08,0.0075960965,0.97857785,0.0138260815
311,1,1,0.0,0.007867995,0.96909535,0.023036724
311,1,2,0.0,0.07694328,0.059171114,0.86388564
311,1,2,0.0,0.056287203,0.073079936,0.87063307
311,1,1,0.0,0.011993438,0.76009977,0.22790694
311,1,1,0.0,0.008719194,0.9120574,0.07922347
311,1,1,0.0,0.010152663,0.74059814,0.24924925
311,1,2,0.0,0.093022555,0.08743633,0.81954116
311,1,2,5.960464477539063e-08,0.042053588,0.35310152,0.60484487
311,1,2,0.0,0.04000555,0.123109296,0.83688515
168,1,1,0.0,0.021086687,0.96159786,0.017315598
168,1,1,5.960464477539063e-08,0.11511023,0.8510305,0.03385924
168,1,1,0.0,0.013736632,0.9641262,0.022137215
168,1,1,5.960464477539063e-08,0.024667697,0.9445841,0.030748172
168,1,1,0.0,0.019033935,0.96534634,0.015619839
168,1,1,2.9802322387695312e-08,0.060227912,0.91752017,0.022251915
168,1,1,0.0,0.48041794,0.4806443,0.038937848
168,1,1,1.4901161193847656e-08,0.018856762,0.9573666,0.023776604
168,1,1,0.0,0.016151598,0.9724989,0.011349589
168,1,1,0.0,0.024025189,0.95117134,0.024803668
168,1,1,0.0,0.031842876,0.9510097,0.01714747
168,1,2,0.0,0.29367137,0.29645655,0.4098721
168,1,1,0.0,0.12944327,0.83420384,0.036353014
322,1,2,0.0,0.047065545,0.19707404,0.75586045
322,1,1,0.0,0.03132876,0.92317814,0.045493163
322,1,1,0.0,0.011140018,0.9770431,0.011817134
322,1,1,7.450580596923828e-09,0.009142117,0.9805008,0.010357054
322,1,2,0.0,0.09855681,0.17044316,0.73100007
322,1,1,0.0,0.15304215,0.7641581,0.08279983
322,1,1,0.0,0.037242386,0.9380051,0.024752598
322,1,1,5.960464477539063e-08,0.01987631,0.9277374,0.052386194
322,1,1,0.0,0.049833085,0.8694489,0.08071803
322,1,1,0.0,0.20904301,0.6420731,0.1488839
322,1,1,0.0,0.05956316,0.7805595,0.15987748
322,1,1,0.0,0.07793251,0.6283109,0.29375663
322,1,1,0.0,0.05057437,0.80888194,0.14054383
290,2,1,0.0,0.033352967,0.6905366,0.27611044
290,2,2,0.0,0.07766832,0.13167207,0.7906598
290,2,2,0.0,0.051878326,0.17505282,0.77306885
290,2,2,0.0,0.031425994,0.19654311,0.77203095
290,2,2,0.0,0.048438292,0.027644958,0.9239168
290,2,2,0.0,0.06572775,0.08919764,0.8450748
290,2,2,2.9802322387695312e-08,0.049179867,0.048223227,0.9025969
290,2,2,5.960464477539063e-08,0.056446414,0.12957428,0.8139794
290,2,2,0.0,0.054304373,0.04724525,0.8984505
290,2,2,0.0,0.06750951,0.08208821,0.85040236
290,2,2,0.0,0.08718689,0.09488341,0.81792974
293,2,2,0.0,0.038502607,0.045192216,0.91630524
293,2,2,0.0,0.044275414,0.032981012,0.92274374
293,2,2,0.0,0.066276565,0.14734869,0.7863747
293,2,2,0.0,0.09180965,0.22028404,0.6879064
293,2,2,0.0,0.044272657,0.024229877,0.9314976
293,2,2,0.0,0.08214769,0.08035595,0.8374964
293,2,2,0.0,0.1074621,0.12959838,0.7629396
293,2,2,0.0,0.11515391,0.24594395,0.63890225
293,2,2,0.0,0.046123587,0.19187382,0.76200265
293,2,2,0.0,0.044583652,0.022803439,0.932613
293,2,2,0.0,0.12296535,0.115454964,0.7615798
293,2,2,0.0,0.13417435,0.21619755,0.6496282
293,2,2,0.0,0.07053874,0.35171825,0.57774305
293,2,2,0.0,0.03808431,0.03024411,0.9316717
293,2,2,0.0,0.052682944,0.3120764,0.6352408
293,2,1,0.0,0.03304141,0.81495136,0.1520073
293,2,1,0.0,0.05449303,0.5800436,0.36546347
293,2,2,0.0,0.037226435,0.02901503,0.93375874
411,2,0,5.960464477539063e-08,0.6288736,0.03530587,0.33582056
411,2,2,0.0,0.3899208,0.064023785,0.5460555
411,2,2,0.0,0.11867841,0.10256533,0.7787563
222,2,2,5.960464477539063e-08,0.07898049,0.07838847,0.842631
222,2,2,0.0,0.07878154,0.022357807,0.89886063
222,2,2,0.0,0.28616205,0.086300924,0.62753713
222,2,2,0.0,0.26504207,0.14735532,0.58760256
244,2,2,0.0,0.10024336,0.026049541,0.8737072
244,2,2,0.0,0.08760391,0.02747842,0.88491774
244,2,2,0.0,0.062202286,0.04206191,0.8957359
244,2,2,0.0,0.15682423,0.15120877,0.6919671
244,2,2,0.0,0.08929212,0.030544957,0.88016313
244,2,2,0.0,0.22049236,0.040346242,0.7391615
244,2,2,2.9802322387695312e-08,0.049920656,0.030503562,0.9195758
244,2,2,2.9802322387695312e-08,0.053259693,0.037862506,0.90887785
244,2,2,0.0,0.2824725,0.100180455,0.61734724
244,2,2,0.0,0.1549148,0.028288519,0.8167967
244,2,2,0.0,0.07969086,0.024416195,0.89589304
244,2,2,0.0,0.049293797,0.03033798,0.9203683
244,2,2,0.0,0.04310177,0.026993545,0.9299049
244,2,2,0.0,0.094176546,0.02428463,0.88153875
244,2,2,0.0,0.06749115,0.044031788,0.88847727
244,2,2,0.0,0.098997734,0.06470169,0.8363005
244,2,2,5.960464477539063e-08,0.04114047,0.023022477,0.9358369
244,2,2,0.0,0.16831659,0.0468167,0.78486675
244,2,2,0.0,0.1603057,0.020432483,0.8192619
244,2,2,0.0,0.07318921,0.036664236,0.8901467
244,2,2,8.940696716308594e-08,0.0853415,0.051103834,0.8635546
244,2,2,0.0,0.12237281,0.07013075,0.8074965
244,2,2,0.0,0.035591703,0.020081388,0.944327
244,2,2,0.0,0.14941141,0.056682725,0.7939059
244,2,2,0.0,0.24852018,0.01921234,0.73226756
244,2,2,0.0,0.0846203,0.040482894,0.87489694
244,2,2,0.0,0.10464802,0.06340722,0.8319448
244,2,2,0.0,0.08514733,0.046163093,0.8686897
244,2,2,0.0,0.06683501,0.030532027,0.90263313
244,2,2,5.960464477539063e-08,0.03719523,0.022607593,0.94019717
244,2,2,0.0,0.04120062,0.02385987,0.9349395
244,2,2,2.9802322387695312e-08,0.048180237,0.025229763,0.9265901
244,2,2,0.0,0.18295039,0.023586236,0.79346335
244,2,2,0.0,0.10690368,0.051872894,0.8412237
244,2,2,0.0,0.16780505,0.06989944,0.7622957
244,2,2,0.0,0.13649125,0.062083546,0.8014254
244,2,2,0.0,0.10046638,0.048210192,0.85132354
244,2,2,0.0,0.12307884,0.06503293,0.8118884
244,2,2,0.0,0.11870167,0.056377873,0.8249206
244,2,2,0.0,0.09266569,0.047844507,0.8594898
244,2,2,0.0,0.045526713,0.028467964,0.92600536
244,2,2,0.0,0.09890235,0.041269638,0.8598281
244,2,2,5.960464477539063e-08,0.1727071,0.040442396,0.7868506
244,2,2,0.0,0.10130476,0.045041025,0.8536543
244,2,2,0.0,0.15708458,0.039864093,0.8030514
244,2,2,0.0,0.14090686,0.081635445,0.7774577
244,2,2,2.9802322387695312e-08,0.084232174,0.047576558,0.86819136
244,2,2,0.0,0.0579498,0.049786,0.8922644
244,2,2,0.0,0.09672179,0.057580303,0.845698
244,2,2,0.0,0.077614695,0.05061641,0.8717691
244,2,2,0.0,0.06559731,0.06674201,0.86766064
244,2,2,0.0,0.08431401,0.03175039,0.88393587
244,2,2,0.0,0.10118967,0.035598516,0.8632118
244,2,2,0.0,0.08824306,0.045742787,0.8660145
244,2,2,0.0,0.2042308,0.05924857,0.73652077
244,2,2,0.0,0.09592146,0.039750732,0.8643279
244,2,2,0.0,0.08101875,0.044583306,0.87439823
244,2,2,0.0,0.084731616,0.048822004,0.8664465
244,2,2,0.0,0.10234649,0.063940845,0.8337127
244,2,2,0.0,0.079856746,0.057939425,0.8622038
244,2,2,0.0,0.076931134,0.062874496,0.8601944
244,2,2,5.960464477539063e-08,0.2283982,0.040219698,0.73138213
244,2,2,0.0,0.2802828,0.043793704,0.6759235
244,2,2,0.0,0.12763746,0.042666804,0.8296958
244,2,2,0.0,0.113406844,0.034434766,0.8521585
244,2,2,0.0,0.06807643,0.036877587,0.89504623
244,2,2,0.0,0.12270509,0.035814997,0.8414799
244,2,2,0.0,0.063789375,0.027817305,0.9083934
244,2,2,0.0,0.08399934,0.033695865,0.8823047
244,2,2,0.0,0.21438318,0.062792465,0.7228245
244,2,2,0.0,0.04807817,0.035874393,0.9160475
244,2,2,0.0,0.059124283,0.03581153,0.90506417
244,2,2,5.960464477539063e-08,0.072030954,0.037750088,0.8902189
244,2,2,0.0,0.044481557,0.03031688,0.92520154
244,2,2,0.0,0.09028988,0.05219347,0.8575167
244,2,2,0.0,0.12398203,0.06458757,0.81143045
244,2,2,0.0,0.10257149,0.038544066,0.85888445
244,2,2,0.0,0.042766336,0.025733951,0.93149966
244,2,2,0.0,0.065472566,0.025333922,0.90919363
244,2,2,2.9802322387695312e-08,0.050294343,0.02450277,0.925203
244,2,2,1.1920928955078125e-07,0.20517278,0.06774799,0.72707945
244,2,2,0.0,0.10562568,0.05096999,0.8434044
244,2,2,0.0,0.03266574,0.036883723,0.9304506
244,2,2,2.9802322387695312e-08,0.03511862,0.031055283,0.9338261
244,2,2,5.960464477539063e-08,0.043843843,0.033479538,0.9226767
244,2,2,0.0,0.029363457,0.028574573,0.9420621
244,2,2,0.0,0.09590121,0.077246934,0.826852
244,2,2,0.0,0.05298995,0.055816814,0.89119345
244,2,2,0.0,0.058427025,0.032959916,0.90861326
244,2,2,0.0,0.054363977,0.01924302,0.92639303
244,2,2,0.0,0.043671757,0.027502531,0.92882556
244,2,2,0.0,0.04815038,0.024370885,0.92747885
244,2,2,0.0,0.055105906,0.034588642,0.9103056
244,2,2,0.0,0.06135677,0.05939084,0.87925243
244,2,2,0.0,0.045443837,0.056716725,0.8978397
244,2,2,0.0,0.04807355,0.05867679,0.89324975
244,2,2,0.0,0.053762905,0.037546556,0.9086906
244,2,2,0.0,0.06358489,0.06329637,0.87311894
244,2,2,0.0,0.051817026,0.045266345,0.9029169
244,2,2,0.0,0.056860056,0.037159413,0.9059805
244,2,2,0.0,0.050643787,0.032514684,0.9168416
244,2,2,0.0,0.032399565,0.03984241,0.9277582
244,2,2,2.9802322387695312e-08,0.04717697,0.059561864,0.8932612
244,2,2,0.0,0.05607809,0.042016737,0.9019052
244,2,2,0.0,0.10189827,0.035475705,0.8626262
244,2,2,0.0,0.06943914,0.04508957,0.88547134
244,2,2,0.0,0.050100427,0.025643883,0.9242557
244,2,2,0.0,0.03706631,0.029562037,0.93337166
239,2,2,0.0,0.09916595,0.045890912,0.8549433
239,2,2,0.0,0.15971228,0.09098491,0.74930286
239,2,2,0.0,0.32178947,0.14598833,0.5322222
239,2,0,0.0,0.4393979,0.2301941,0.33040798
239,2,2,0.0,0.18817075,0.19941834,0.612411
239,2,2,0.0,0.07439568,0.1289512,0.79665333
239,2,2,0.0,0.11860981,0.12219973,0.75919056
239,2,2,0.0,0.10074599,0.08285867,0.81639534
239,2,0,0.0,0.37659252,0.25189555,0.37151203
239,2,0,0.0,0.6706757,0.22620587,0.10311856
239,2,1,0.0,0.4409003,0.4789856,0.080114104
239,2,2,0.0,0.3180876,0.2781498,0.40376267
239,2,2,0.0,0.0800193,0.11079491,0.80918604
239,2,2,5.960464477539063e-08,0.15825348,0.14449902,0.6972475
239,2,2,0.0,0.3300666,0.07995874,0.5899748
239,2,0,0.0,0.70976883,0.15583894,0.1343923
239,2,2,0.0,0.3628066,0.17300564,0.4641879
239,2,2,5.960464477539063e-08,0.14515515,0.08889759,0.76594734
71,2,2,0.0,0.1867984,0.0182009,0.79500085
71,2,2,0.0,0.032091152,0.015006746,0.9529022
71,2,2,0.0,0.014702868,0.011126115,0.97417104
71,2,2,0.0,0.22100736,0.036481347,0.7425114
71,2,2,0.0,0.036405403,0.030669969,0.9329247
71,2,2,0.0,0.028756915,0.019678734,0.95156443
71,2,2,1.4901161193847656e-08,0.012287331,0.009950868,0.97776186
71,2,2,0.0,0.021941112,0.022051884,0.9560072
71,2,2,0.0,0.18118435,0.036646303,0.78216946
71,2,2,0.0,0.11816269,0.040494382,0.841343
71,2,2,0.0,0.13071588,0.077746056,0.79153824
71,2,2,0.0,0.05162547,0.044929396,0.90344524
71,2,2,0.0,0.032862052,0.021705462,0.9454326
71,2,2,0.0,0.020760385,0.036212973,0.9430267
321,2,2,0.0,0.027225502,0.0411322,0.9316425
321,2,2,0.0,0.02540747,0.025162201,0.9494304
321,2,2,0.0,0.029480588,0.05965878,0.91086066
321,2,2,0.0,0.083934836,0.14027467,0.7757906
152,2,1,0.0,0.2000852,0.45341703,0.34649783
152,2,2,0.0,0.338523,0.124552004,0.536925
152,2,0,0.0,0.40007544,0.2204074,0.37951738
152,2,2,0.0,0.10376603,0.071350716,0.82488346
152,2,0,5.960464477539063e-08,0.63052255,0.057670254,0.31180727
