scheme,training_scheme,w_ring0,w_ring1,w_ring2,polygon_id,y_true,y_pred,correct,confidence,entropy,margin,effective_pixels,n_pixels,mean_distance_px,prob_class_0,prob_class_1,prob_class_2
A0_standard,T0_standard,1.0,1.0,1.0,1,1,1,1,0.9634257289474509,0.18216843924493337,0.9439090361395065,191.0,191,1.7893955968586386,0.019516692807944387,0.9634257289474509,0.01705757824460473
A0_standard,T0_standard,1.0,1.0,1.0,2,0,1,0,0.3830394915681609,1.0777246905667386,0.005807596539646187,29.0,29,0.9194155862068966,0.37723189502851473,0.3830394915681609,0.23972861340332424
A0_standard,T0_standard,1.0,1.0,1.0,7,0,0,1,0.6050503330696171,0.8639755212004021,0.28585515788566385,70.0,70,1.2559205428571434,0.6050503330696171,0.07575449174642972,0.31919517518395324
A0_standard,T0_standard,1.0,1.0,1.0,8,0,0,1,0.837290869931921,0.5464742329544797,0.7271060200250353,69.0,69,1.4160222753623186,0.837290869931921,0.052524280161193204,0.11018484990688573
A0_standard,T0_standard,1.0,1.0,1.0,9,0,0,1,0.8000784030833217,0.637790550670189,0.6897450768425308,97.0,97,1.6381157731958764,0.8000784030833217,0.08958827067588745,0.11033332624079081
A0_standard,T0_standard,1.0,1.0,1.0,12,0,0,1,0.8657413657823072,0.4869727207693135,0.7928742932381473,65.0,65,1.1779163384615385,0.8657413657823072,0.07286707254415989,0.061391561673533004
A0_standard,T0_standard,1.0,1.0,1.0,15,1,1,1,0.9739210721059658,0.13890114165048886,0.9604959045995031,38.0,38,1.0010864210526318,0.012653760387571608,0.9739210721059658,0.013425167506462705
A0_standard,T0_standard,1.0,1.0,1.0,18,1,0,0,0.8968637745159771,0.40311238278627837,0.841390448280429,96.0,96,1.3256457604166665,0.8968637745159771,0.05547332623554812,0.04766289924847466
A0_standard,T0_standard,1.0,1.0,1.0,22,1,1,1,0.9653837118331215,0.17063147655900585,0.9401154469504258,19.0,19,0.8067329999999999,0.009348023284182565,0.9653837118331215,0.02526826488269578
A0_standard,T0_standard,1.0,1.0,1.0,28,1,1,1,0.8926797970839354,0.3705259291448857,0.7938360803200762,21.0,21,0.7458260476190477,0.008476486152205366,0.8926797970839354,0.0988437167638592
A0_standard,T0_standard,1.0,1.0,1.0,29,1,1,1,0.7479044838826054,0.6294118670994437,0.5137835894677871,13.0,13,0.504573923076923,0.01797462170257617,0.7479044838826054,0.23412089441481831
A0_standard,T0_standard,1.0,1.0,1.0,32,0,2,0,0.5057175874556358,0.9701556836529781,0.13420926582745646,116.0,116,1.5386575431034482,0.3715083216281793,0.12277409091618499,0.5057175874556358
A0_standard,T0_standard,1.0,1.0,1.0,35,0,0,1,0.5804208048661628,0.9497268538906718,0.30441876771806264,34.0,34,0.681779294117647,0.5804208048661628,0.1435771579857371,0.2760020371481001
A0_standard,T0_standard,1.0,1.0,1.0,37,0,0,1,0.8789900682981799,0.4528099025216251,0.8183800490770002,184.0,184,1.7882877282608698,0.8789900682981799,0.06039991248064046,0.06061001922117969
A0_standard,T0_standard,1.0,1.0,1.0,38,0,0,1,0.7996088158303853,0.6392489542582505,0.6916902352955807,37.0,37,0.9075333243243243,0.7996088158303853,0.09247260363481007,0.1079185805348046
A0_standard,T0_standard,1.0,1.0,1.0,39,0,0,1,0.8441675628890353,0.5397339727762723,0.757545019735803,33.0,33,0.8299917878787879,0.8441675628890353,0.0866225431532323,0.06920989395773236
A0_standard,T0_standard,1.0,1.0,1.0,41,0,0,1,0.8229606290218282,0.5893145796450469,0.7295165795673456,70.0,70,1.2843535142857143,0.8229606290218282,0.0934440494544826,0.08359532152368923
A0_standard,T0_standard,1.0,1.0,1.0,44,0,0,1,0.8749228256733491,0.4633732566725813,0.8084796395879247,25.0,25,0.5948057999999999,0.8749228256733491,0.06644318608542442,0.058633988241226426
A0_standard,T0_standard,1.0,1.0,1.0,49,1,0,0,0.546150436243661,0.9383775084550723,0.2006959378886345,16.0,16,0.37066231250000004,0.546150436243661,0.10839506540131255,0.3454544983550265
A0_standard,T0_standard,1.0,1.0,1.0,51,0,0,1,0.6109696991850654,0.876022578809768,0.30970873400597126,18.0,18,0.5287885,0.6109696991850654,0.08776933563584038,0.3012609651790941
A0_standard,T0_standard,1.0,1.0,1.0,55,0,0,1,0.9048582616060199,0.3788529839734241,0.8492354730905676,39.0,39,0.6499513846153847,0.9048582616060199,0.05562278851545227,0.03951894987852776
A0_standard,T0_standard,1.0,1.0,1.0,60,0,0,1,0.8911628184713163,0.4185965420101583,0.8296750959472459,51.0,51,1.224436588235294,0.8911628184713163,0.06148772252407042,0.047349459004613285
A0_standard,T0_standard,1.0,1.0,1.0,61,0,0,1,0.7764594703079295,0.6782871094492043,0.6349442637154605,33.0,33,0.9699814242424242,0.7764594703079295,0.08202532309960153,0.141515206592469
A0_standard,T0_standard,1.0,1.0,1.0,71,2,2,1,0.873839647157962,0.4626007755406501,0.7952177633285864,14.0,14,0.6911514999999999,0.07862188382937561,0.04753846901266241,0.873839647157962
A0_standard,T0_standard,1.0,1.0,1.0,75,0,1,0,0.7343501832005567,0.6358335343536909,0.48344177062131355,19.0,19,0.7114136315789473,0.014741404220200061,0.7343501832005567,0.2509084125792431
A0_standard,T0_standard,1.0,1.0,1.0,77,0,0,1,0.6473154514508501,0.826799945942705,0.3660550972919535,9.0,9,0.3371106666666667,0.6473154514508501,0.2812603541588966,0.07142419439025322
A0_standard,T0_standard,1.0,1.0,1.0,84,2,2,1,0.6942230534793875,0.6971587787154786,0.41138918118513124,8.0,8,0.40794074999999996,0.02294307422635618,0.28283387229425627,0.6942230534793875
A0_standard,T0_standard,1.0,1.0,1.0,85,2,0,0,0.5205110098891127,1.0020619296861624,0.20774213026222027,10.0,10,0.6327266,0.5205110098891127,0.16672011048399485,0.3127688796268924
A0_standard,T0_standard,1.0,1.0,1.0,86,0,2,0,0.8053103479204118,0.6003603559266534,0.6574494032280217,14.0,14,0.5406887857142857,0.04682870738719808,0.14786094469239006,0.8053103479204118
A0_standard,T0_standard,1.0,1.0,1.0,87,0,2,0,0.5305650510786504,0.8752563221531149,0.12353122002357303,7.0,7,0.5237958571428571,0.40703383105507734,0.0624011178662722,0.5305650510786504
A0_standard,T0_standard,1.0,1.0,1.0,88,0,0,1,0.4776799916455155,0.9100106300964586,0.032031494958194295,8.0,8,0.40546887499999995,0.4776799916455155,0.07667151166716331,0.4456484966873212
A0_standard,T0_standard,1.0,1.0,1.0,89,0,2,0,0.7556216380557098,0.6922239350960901,0.571192179423904,7.0,7,0.3756504285714285,0.18442945863180582,0.0599489033124843,0.7556216380557098
A0_standard,T0_standard,1.0,1.0,1.0,90,0,0,1,0.5607926800626719,0.938978962622673,0.2372745292770993,9.0,9,0.6029300000000001,0.5607926800626719,0.11568916915175545,0.3235181507855726
A0_standard,T0_standard,1.0,1.0,1.0,93,0,0,1,0.5928463474496131,0.9296376592986464,0.3141492846532308,11.0,11,0.3752034545454545,0.5928463474496131,0.12845658975400462,0.2786970627963823
A0_standard,T0_standard,1.0,1.0,1.0,98,0,0,1,0.6718485775912965,0.8318364560949159,0.44041982018716874,17.0,17,0.4362414705882353,0.6718485775912965,0.0967226650045758,0.23142875740412774
A0_standard,T0_standard,1.0,1.0,1.0,101,0,0,1,0.7948855594656019,0.6490477348317469,0.6849030088127286,13.0,13,0.519376153846154,0.7948855594656019,0.10998255065287327,0.09513188988152499
A0_standard,T0_standard,1.0,1.0,1.0,102,0,0,1,0.8551999099786158,0.5115236804031139,0.7695830433735766,12.0,12,0.54038,0.8551999099786158,0.08561686660503921,0.059183223416344806
A0_standard,T0_standard,1.0,1.0,1.0,106,0,0,1,0.6903497849075794,0.7644575815085988,0.43621930696598854,101.0,101,1.456544306930693,0.6903497849075794,0.055519737150829744,0.2541304779415908
A0_standard,T0_standard,1.0,1.0,1.0,118,0,0,1,0.7322109807775286,0.7559509489224223,0.5606965960829333,27.0,27,0.771531037037037,0.7322109807775286,0.09627463452787617,0.17151438469459526
A0_standard,T0_standard,1.0,1.0,1.0,119,0,0,1,0.8482691748865869,0.5307940984098214,0.7699813296062206,97.0,97,1.3621651546391753,0.8482691748865869,0.07344297983304669,0.07828784528036635
A0_standard,T0_standard,1.0,1.0,1.0,120,0,0,1,0.8403673728261145,0.5467705480267117,0.7452834071515825,77.0,77,1.3922861558441562,0.8403673728261145,0.06454866149935341,0.09508396567453203
A0_standard,T0_standard,1.0,1.0,1.0,123,0,0,1,0.872496449971004,0.4699568269764257,0.8072455849526317,20.0,20,0.5155320999999999,0.872496449971004,0.06525086501837228,0.06225268501062379
A0_standard,T0_standard,1.0,1.0,1.0,124,0,0,1,0.895492525856142,0.40710038407608445,0.839894505900801,47.0,47,0.8481854893617022,0.895492525856142,0.048909454188516804,0.05559801995534113
A0_standard,T0_standard,1.0,1.0,1.0,129,0,0,1,0.7662025966926999,0.7045625117857632,0.6369042500307851,64.0,64,1.315091625,0.7662025966926999,0.1292983466619147,0.10449905664538547
A0_standard,T0_standard,1.0,1.0,1.0,130,0,0,1,0.7463360662474356,0.7398528399270148,0.602456603756806,75.0,75,1.3049385733333334,0.7463360662474356,0.10978447126193472,0.14387946249062963
A0_standard,T0_standard,1.0,1.0,1.0,134,1,1,1,0.9410211661155146,0.26484857335322814,0.9092232928551536,24.0,24,0.7835483333333334,0.031797873260361,0.9410211661155146,0.027180960624124395
A0_standard,T0_standard,1.0,1.0,1.0,136,1,1,1,0.8526401481736129,0.46997293156709885,0.7218790626584642,102.0,102,1.6543439509803923,0.016598766311238633,0.8526401481736129,0.13076108551514865
A0_standard,T0_standard,1.0,1.0,1.0,138,1,1,1,0.5400194562296654,0.7520636361625783,0.09387983698332164,7.0,7,0.46868471428571423,0.013840924523990775,0.5400194562296654,0.44613961924634377
A0_standard,T0_standard,1.0,1.0,1.0,140,1,0,0,0.5252758688639587,0.9516809737887179,0.1629369869822359,11.0,11,0.4528042727272727,0.5252758688639587,0.3623388818817228,0.11238524925431848
A0_standard,T0_standard,1.0,1.0,1.0,145,1,1,1,0.9457572128829697,0.23948419510257543,0.9035112030458177,91.0,91,1.4519752857142858,0.011996777279878247,0.9457572128829697,0.04224600983715197
A0_standard,T0_standard,1.0,1.0,1.0,149,2,2,1,0.8417473855911687,0.5435671810711149,0.7475554095740977,14.0,14,0.40021921428571433,0.06406063839176025,0.09419197601707098,0.8417473855911687
A0_standard,T0_standard,1.0,1.0,1.0,150,2,2,1,0.9296419746865732,0.30269468515604564,0.8897331734020033,8.0,8,0.35506275,0.03044922402885705,0.03990880128456981,0.9296419746865732
A0_standard,T0_standard,1.0,1.0,1.0,151,2,2,1,0.9352984315377277,0.2845383268424667,0.9021024395672954,11.0,11,0.5133822727272727,0.033195991970432284,0.03150557649183994,0.9352984315377277
A0_standard,T0_standard,1.0,1.0,1.0,152,2,2,1,0.7013932529845772,0.8048518245556254,0.5103851149450667,5.0,5,0.2464702,0.1075986089759123,0.19100813803951053,0.7013932529845772
A0_standard,T0_standard,1.0,1.0,1.0,160,2,2,1,0.9440837844408678,0.25411619511355676,0.9136375873390838,13.0,13,0.5016772307692308,0.02547001845734816,0.030446197101784027,0.9440837844408678
A0_standard,T0_standard,1.0,1.0,1.0,168,1,1,1,0.9084687210988296,0.36009762178294136,0.8423112510817827,13.0,13,0.4162788461538462,0.02537380888412358,0.9084687210988296,0.0661574700170468
A0_standard,T0_standard,1.0,1.0,1.0,169,2,2,1,0.8160356035298824,0.6006474585456575,0.7044297576886195,11.0,11,0.44178781818181817,0.07235855062885485,0.11160584584126283,0.8160356035298824
A0_standard,T0_standard,1.0,1.0,1.0,174,2,2,1,0.5711703911659324,0.9562632333618505,0.2857543460988199,5.0,5,0.3432982,0.2854160450671125,0.14341356376695516,0.5711703911659324
A0_standard,T0_standard,1.0,1.0,1.0,176,2,2,1,0.7429470358373398,0.6430695538938012,0.507059677057714,30.0,30,0.8189938999999999,0.02116560538303453,0.23588735877962574,0.7429470358373398
A0_standard,T0_standard,1.0,1.0,1.0,178,2,2,1,0.9423148208750995,0.25433072324880895,0.900341404824741,32.0,32,0.95442090625,0.01571176307454191,0.041973416050358536,0.9423148208750995
A0_standard,T0_standard,1.0,1.0,1.0,184,2,2,1,0.7806246101479816,0.6727282483885567,0.646594422560645,15.0,15,0.7859551333333333,0.13403018758733656,0.08534520226468181,0.7806246101479816
A0_standard,T0_standard,1.0,1.0,1.0,186,1,0,0,0.7739049596553077,0.6788650750390347,0.6238121748902088,15.0,15,0.6404765999999998,0.7739049596553077,0.07600225557959338,0.1500927847650989
A0_standard,T0_standard,1.0,1.0,1.0,187,2,2,1,0.7687170615395649,0.6669786532702819,0.591828232096961,14.0,14,0.5083184285714285,0.17688882944260392,0.054394109017831205,0.7687170615395649
A0_standard,T0_standard,1.0,1.0,1.0,194,2,2,1,0.940099035572257,0.26448114580807125,0.8996847821744085,12.0,12,0.537488,0.01948671102989452,0.040414253397848585,0.940099035572257
A0_standard,T0_standard,1.0,1.0,1.0,198,1,1,1,0.5837018537772992,0.8320809306318769,0.2174909545544116,15.0,15,0.7177088000000001,0.36621089922288763,0.5837018537772992,0.05008724699981304
A0_standard,T0_standard,1.0,1.0,1.0,200,2,2,1,0.7664741426165711,0.7052936632456271,0.6467358308370925,5.0,5,0.2278204,0.11378754560395041,0.11973831177947862,0.7664741426165711
A0_standard,T0_standard,1.0,1.0,1.0,202,2,2,1,0.8284130089722685,0.5304668079402319,0.6823007953854185,22.0,22,0.5913674545454545,0.025474777440881544,0.14611221358685003,0.8284130089722685
A0_standard,T0_standard,1.0,1.0,1.0,205,1,1,1,0.8003525483093171,0.5446696862836413,0.6124821355177418,56.0,56,1.062304125,0.011777038899107578,0.8003525483093171,0.18787041279157538
A0_standard,T0_standard,1.0,1.0,1.0,206,2,2,1,0.7684741471598986,0.6243092648817454,0.563857549126715,22.0,22,0.6087270454545455,0.02690925480691803,0.20461659803318352,0.7684741471598986
A0_standard,T0_standard,1.0,1.0,1.0,212,2,2,1,0.7924980601665199,0.6446949376479723,0.6571736351279405,26.0,26,0.8470876538461538,0.07217751479490069,0.1353244250385795,0.7924980601665199
A0_standard,T0_standard,1.0,1.0,1.0,214,2,2,1,0.8916953241938709,0.4168701887942015,0.8296416704635877,46.0,46,1.0707565,0.04625102207584614,0.06205365373028311,0.8916953241938709
A0_standard,T0_standard,1.0,1.0,1.0,222,2,2,1,0.7847901967995635,0.6641170395048619,0.6522460368441946,4.0,4,0.5312697500000001,0.08266564324506755,0.13254415995536895,0.7847901967995635
A0_standard,T0_standard,1.0,1.0,1.0,229,1,1,1,0.8227584616153824,0.512187747535516,0.6579422267534794,21.0,21,0.46933819047619046,0.012425303522714629,0.8227584616153824,0.16481623486190297
A0_standard,T0_standard,1.0,1.0,1.0,231,2,2,1,0.944748718609892,0.24768092943291997,0.9063526036943192,5.0,5,0.4425108,0.016855166474535378,0.038396114915572696,0.944748718609892
A0_standard,T0_standard,1.0,1.0,1.0,233,2,2,1,0.8308459008050209,0.5647005036727957,0.7219527575297042,67.0,67,1.22872771641791,0.06026095591966258,0.10889314327531667,0.8308459008050209
A0_standard,T0_standard,1.0,1.0,1.0,235,2,2,1,0.6780746404826798,0.7676821255163783,0.4063599279562732,25.0,25,0.58303204,0.05021064699091353,0.27171471252640667,0.6780746404826798
A0_standard,T0_standard,1.0,1.0,1.0,239,2,2,1,0.7835211389242328,0.6652793519250599,0.6475451131524901,18.0,18,0.5865500555555556,0.13597602577174278,0.08050283530402426,0.7835211389242328
A0_standard,T0_standard,1.0,1.0,1.0,242,2,2,1,0.5937186013583642,0.8094994102001529,0.22895671441126925,15.0,15,0.6072851333333332,0.36476188694709494,0.041519511694540795,0.5937186013583642
A0_standard,T0_standard,1.0,1.0,1.0,244,2,2,1,0.8639225089470883,0.4819596187617784,0.7699483947416821,108.0,108,1.5329172870370373,0.042103376847505376,0.0939741142054063,0.8639225089470883
A0_standard,T0_standard,1.0,1.0,1.0,245,2,2,1,0.8878174630079759,0.4261127684442525,0.8194683173982584,13.0,13,0.5391935384615386,0.06834914560971748,0.04383339138230656,0.8878174630079759
A0_standard,T0_standard,1.0,1.0,1.0,249,0,0,1,0.5929825496600395,0.8590048516800128,0.2537168637963141,32.0,32,0.737368,0.5929825496600395,0.06775176447623514,0.3392656858637254
A0_standard,T0_standard,1.0,1.0,1.0,253,0,0,1,0.7841614070547583,0.6483402579451368,0.6274730505666317,94.0,94,1.2869785319148936,0.7841614070547583,0.05915023645711495,0.15668835648812665
A0_standard,T0_standard,1.0,1.0,1.0,259,1,0,0,0.49684156589762296,1.0406852495653232,0.22785924481561148,10.0,10,0.49205679999999996,0.49684156589762296,0.2341761130203655,0.2689823210820115
A0_standard,T0_standard,1.0,1.0,1.0,260,1,1,1,0.769044492987418,0.5866749100421367,0.5497723525238541,12.0,12,0.5609836666666668,0.011683366549018264,0.769044492987418,0.21927214046356377
A0_standard,T0_standard,1.0,1.0,1.0,269,1,1,1,0.9561529106241123,0.20810342530261203,0.9272327635699827,11.0,11,0.3788078181818182,0.014926942321758209,0.9561529106241123,0.02892014705412957
A0_standard,T0_standard,1.0,1.0,1.0,270,1,1,1,0.9723436944178824,0.1455744629295253,0.9573771511293895,7.0,7,0.36814757142857146,0.012689762293624595,0.9723436944178824,0.014966543288492874
A0_standard,T0_standard,1.0,1.0,1.0,271,2,2,1,0.5248083239368715,1.0069424118656887,0.2291151395620507,4.0,4,0.6352672500000001,0.2956931843748208,0.1794984916883077,0.5248083239368715
A0_standard,T0_standard,1.0,1.0,1.0,276,1,2,0,0.5942039617970695,0.7797532657295483,0.21740992618149813,8.0,8,0.425745125,0.029002002587359164,0.37679403561557134,0.5942039617970695
A0_standard,T0_standard,1.0,1.0,1.0,278,1,1,1,0.8418640055357169,0.4788075169011163,0.6956346528173931,10.0,10,0.49930959999999996,0.011906641745959332,0.8418640055357169,0.14622935271832385
A0_standard,T0_standard,1.0,1.0,1.0,290,2,2,1,0.8112799669265971,0.5979338810572657,0.6772152524858339,11.0,11,0.6727623636363637,0.05465531863263979,0.13406471444076312,0.8112799669265971
A0_standard,T0_standard,1.0,1.0,1.0,293,2,2,1,0.8964015508732106,0.3922510555579368,0.8197051280781573,18.0,18,0.6691911666666666,0.02690202633173623,0.07669642279505327,0.8964015508732106
A0_standard,T0_standard,1.0,1.0,1.0,297,2,2,1,0.5231691383571407,1.0221906601780275,0.27503249380539035,10.0,10,0.4448850999999999,0.22869421709110904,0.24813664455175038,0.5231691383571407
A0_standard,T0_standard,1.0,1.0,1.0,298,2,2,1,0.7083377311497221,0.786805501583518,0.5104578982428871,16.0,16,0.6169322500000001,0.09378243594344289,0.197879832906835,0.7083377311497221
A0_standard,T0_standard,1.0,1.0,1.0,299,1,1,1,0.8410421568777868,0.480893018789564,0.6942505941599834,17.0,17,0.6325850000000001,0.012166280404409719,0.8410421568777868,0.1467915627178035
A0_standard,T0_standard,1.0,1.0,1.0,304,1,1,1,0.9614321230823527,0.18631489332266774,0.9337486377198541,22.0,22,0.6175126818181818,0.027683485362498626,0.9614321230823527,0.010884391555148695
A0_standard,T0_standard,1.0,1.0,1.0,308,2,2,1,0.8532804927023538,0.4992482859668207,0.7430290352277548,21.0,21,0.744395857142857,0.03646804982304715,0.11025145747459905,0.8532804927023538
A0_standard,T0_standard,1.0,1.0,1.0,311,1,1,1,0.6876424524273191,0.6953552352530521,0.3953100070589332,25.0,25,0.62898604,0.020025102204294896,0.6876424524273191,0.29233244536838593
A0_standard,T0_standard,1.0,1.0,1.0,314,1,1,1,0.7796904902793161,0.5890504649184113,0.5771433488811417,9.0,9,0.4122361111111112,0.017762368322509454,0.7796904902793161,0.20254714139817442
A0_standard,T0_standard,1.0,1.0,1.0,321,2,2,1,0.7889254189590658,0.6209216361958465,0.6200098612712038,4.0,4,0.34794725,0.04215902335307227,0.16891555768786193,0.7889254189590658
A0_standard,T0_standard,1.0,1.0,1.0,322,1,1,1,0.8866665604990067,0.3999345534506845,0.7895382507082764,13.0,13,0.5984578461538462,0.01620512971026292,0.8866665604990067,0.09712830979073032
A0_standard,T0_standard,1.0,1.0,1.0,324,1,2,0,0.5668824632904816,0.7749455286807965,0.15706997469790185,7.0,7,0.3544742857142857,0.023305048116938537,0.4098124885925798,0.5668824632904816
A0_standard,T0_standard,1.0,1.0,1.0,326,2,2,1,0.9210616769610807,0.3305240104515662,0.8778229623931761,7.0,7,0.42478699999999997,0.04323871456790447,0.03569960847101494,0.9210616769610807
A0_standard,T0_standard,1.0,1.0,1.0,327,1,1,1,0.8858055432617516,0.3837049688284496,0.779429531426502,9.0,9,0.38338188888888886,0.007818444902998609,0.8858055432617516,0.10637601183524972
A0_standard,T0_standard,1.0,1.0,1.0,329,1,1,1,0.9593350908765005,0.1964138199969649,0.9329579635968173,6.0,6,0.44581633333333337,0.02637712727968323,0.9593350908765005,0.014287781843816216
A0_standard,T0_standard,1.0,1.0,1.0,331,1,1,1,0.6277588413960148,0.7304555086362661,0.2729288022020695,7.0,7,0.4697390000000001,0.017411119410039932,0.6277588413960148,0.3548300391939453
A0_standard,T0_standard,1.0,1.0,1.0,332,2,1,0,0.39945398538569843,1.0832137771900126,0.057363578619456956,18.0,18,0.71271,0.2584556078480601,0.39945398538569843,0.3420904067662415
A0_standard,T0_standard,1.0,1.0,1.0,334,1,1,1,0.9550870523125279,0.205174184771613,0.9187638452876865,17.0,17,0.6182341764705882,0.008589740662630718,0.9550870523125279,0.036323207024841334
A0_standard,T0_standard,1.0,1.0,1.0,338,1,0,0,0.8107438733180051,0.6105537896125808,0.6928664163883267,163.0,163,1.9818752024539878,0.8107438733180051,0.11787745692967846,0.07137866975231646
A0_standard,T0_standard,1.0,1.0,1.0,339,1,0,0,0.7521762268112714,0.7311309761521566,0.619797144734235,61.0,61,0.9155766885245903,0.7521762268112714,0.11544469111169203,0.13237908207703647
A0_standard,T0_standard,1.0,1.0,1.0,340,0,0,1,0.7803260722657425,0.6671328606612441,0.6350697187860921,78.0,78,1.3844180128205126,0.7803260722657425,0.1452563534796504,0.07441757425460709
A0_standard,T0_standard,1.0,1.0,1.0,347,0,0,1,0.7305555929293068,0.7619679308659,0.5641902130250351,14.0,14,0.44679828571428576,0.7305555929293068,0.10307902716642148,0.16636537990427172
A0_standard,T0_standard,1.0,1.0,1.0,360,2,2,1,0.8771982926662911,0.4335513993092738,0.7786919335167024,12.0,12,0.5786047499999999,0.02429534818412014,0.09850635914958877,0.8771982926662911
A0_standard,T0_standard,1.0,1.0,1.0,361,2,2,1,0.7371666981886111,0.7225269024355369,0.5388950421438224,10.0,10,0.5130506,0.06456164576660006,0.19827165604478866,0.7371666981886111
A0_standard,T0_standard,1.0,1.0,1.0,362,2,2,1,0.7879692946080704,0.6485786588288333,0.6425223934576718,11.0,11,0.5684201818181817,0.06658380424153099,0.1454469011503986,0.7879692946080704
A0_standard,T0_standard,1.0,1.0,1.0,366,0,0,1,0.8454462034694596,0.5371524351894504,0.7619347048383571,6.0,6,0.3645646666666667,0.8454462034694596,0.08351149863110251,0.0710422978994377
A0_standard,T0_standard,1.0,1.0,1.0,374,0,0,1,0.8850326013402674,0.43281943302723574,0.8131481430120389,18.0,18,0.5402341666666667,0.8850326013402674,0.0718844583282286,0.043082940331504095
A0_standard,T0_standard,1.0,1.0,1.0,376,0,0,1,0.8551578974771741,0.5098912914988979,0.7654582133136923,18.0,18,0.5590460555555555,0.8551578974771741,0.08969968416348176,0.05514241835934413
A0_standard,T0_standard,1.0,1.0,1.0,378,0,0,1,0.8434115648066861,0.5367281749921977,0.7439765866364139,16.0,16,0.487147875,0.8434115648066861,0.0994349781702723,0.05715345702304161
A0_standard,T0_standard,1.0,1.0,1.0,380,0,0,1,0.845276904923555,0.5321067581962355,0.7465920604026823,19.0,19,0.48924563157894735,0.845276904923555,0.09868484452087262,0.05603825055557234
A0_standard,T0_standard,1.0,1.0,1.0,387,0,0,1,0.7221786077305553,0.7568127308747022,0.5234265173263817,44.0,44,1.1116842272727274,0.7221786077305553,0.1987520904041737,0.079069301865271
A0_standard,T0_standard,1.0,1.0,1.0,388,0,0,1,0.758263536253131,0.7126311108123353,0.6064702153085195,23.0,23,0.6896618260869564,0.758263536253131,0.15179332094461156,0.08994314280225729
A0_standard,T0_standard,1.0,1.0,1.0,389,0,0,1,0.8714124592588645,0.468906158013921,0.791330838726313,24.0,24,0.8380092500000001,0.8714124592588645,0.08008162053255145,0.048505920208583894
A0_standard,T0_standard,1.0,1.0,1.0,391,0,0,1,0.8772035365832749,0.4531208723509459,0.7993671796869131,34.0,34,0.927025911764706,0.8772035365832749,0.07783635689636181,0.04496010652036337
A0_standard,T0_standard,1.0,1.0,1.0,400,0,0,1,0.8933642908236983,0.41284407123832273,0.8349217990244584,15.0,15,0.5019540666666668,0.8933642908236983,0.05844249179923991,0.048193217377061864
A0_standard,T0_standard,1.0,1.0,1.0,403,0,0,1,0.8671167405588399,0.4817116995916755,0.7885448400074958,13.0,13,0.619328,0.8671167405588399,0.07857190055134415,0.05431135888981599
A0_standard,T0_standard,1.0,1.0,1.0,405,0,0,1,0.7460722342800061,0.7363484526053906,0.5910102704876725,47.0,47,1.081583680851064,0.7460722342800061,0.0988658019276602,0.15506196379233367
A0_standard,T0_standard,1.0,1.0,1.0,411,2,2,1,0.8410950168015421,0.5435231957960562,0.7428839206672281,3.0,3,0.201223,0.0606938870641439,0.09821109613431404,0.8410950168015421
A0_standard,T0_standard,1.0,1.0,1.0,413,0,0,1,0.8278258877655577,0.5709351849262921,0.7161477369617878,83.0,83,1.1146613373493979,0.8278258877655577,0.11167815080376982,0.06049596143067254
A0_standard,T0_standard,1.0,1.0,1.0,421,0,0,1,0.758576652199548,0.7174672062047408,0.6202157869857751,60.0,60,0.8280121,0.758576652199548,0.13836086521377286,0.10306248258667919
A0_standard,T0_standard,1.0,1.0,1.0,422,0,0,1,0.8917943322750979,0.4165237109667578,0.8295623479519398,72.0,72,0.9631183333333332,0.8917943322750979,0.04597368340174422,0.06223198432315804
A0_standard,T0_standard,1.0,1.0,1.0,426,0,0,1,0.8872358574019901,0.43040942571313934,0.8301645289588686,39.0,39,1.0525164615384617,0.8872358574019901,0.05569281415488852,0.05707132844312142
A0_standard,T0_standard,1.0,1.0,1.0,429,0,0,1,0.8240428088940347,0.5870592214107173,0.7329185203969344,66.0,66,1.4506720606060608,0.8240428088940347,0.08483290260886513,0.0911242884971003
A0_standard,T0_standard,1.0,1.0,1.0,430,0,0,1,0.8046752204418217,0.6291269216195644,0.7036708960426764,70.0,70,1.3141251428571425,0.8046752204418217,0.0943204551590329,0.10100432439914535
A0_standard,T0_standard,1.0,1.0,1.0,432,0,0,1,0.7907014193265549,0.6580801092632219,0.6845885318183843,99.0,99,1.6191042626262624,0.7907014193265549,0.10611288750817062,0.10318569316527448
A0_standard,T0_standard,1.0,1.0,1.0,433,0,0,1,0.8180724315219362,0.5991317438403715,0.7163534303038394,66.0,66,1.1340002424242426,0.8180724315219362,0.10171900121809684,0.08020856725996692
A0_standard,T0_standard,1.0,1.0,1.0,438,0,0,1,0.8912763433274965,0.4191439086782267,0.8351687541663333,160.0,160,2.0565121187499997,0.8912763433274965,0.05261606751134022,0.056107589161163214
A0_standard,T0_standard,1.0,1.0,1.0,439,0,0,1,0.8726779131994903,0.46944264926183416,0.8068391537532149,144.0,144,1.8719137986111112,0.8726779131994903,0.06583875944627536,0.06148332735423429
A0_standard,T0_standard,1.0,1.0,1.0,452,1,1,1,0.9496401491601866,0.23039605486313705,0.9144588461408549,16.0,16,0.5164338125,0.015178547820481728,0.9496401491601866,0.03518130301933165
A1_boundary_075,T0_standard,0.75,1.0,1.0,1,1,1,1,0.9645626389559067,0.17758142348373318,0.945246748953908,187.98364397109168,191,1.7893955968586386,0.019315890001998622,0.9645626389559067,0.016121471042094843
A1_boundary_075,T0_standard,0.75,1.0,1.0,2,0,0,1,0.38156184943890903,1.0808647907106064,0.010069253127371725,28.408695652173915,29,0.9194155862068966,0.38156184943890903,0.3714925963115373,0.24694555424955358
A1_boundary_075,T0_standard,0.75,1.0,1.0,7,0,0,1,0.6126592194998912,0.856765059222836,0.29952733646104157,68.64285714285714,70,1.2559205428571434,0.6126592194998912,0.07420889746125918,0.31313188303884965
A1_boundary_075,T0_standard,0.75,1.0,1.0,8,0,0,1,0.8470654253422576,0.5247396818004643,0.7445795415658184,67.69127516778524,69,1.4160222753623186,0.8470654253422576,0.05044869088130307,0.1024858837764392
A1_boundary_075,T0_standard,0.75,1.0,1.0,9,0,0,1,0.8057849225344861,0.6260855695187273,0.6998062909504953,95.25660964230171,97,1.6381157731958764,0.8057849225344861,0.08823644588152317,0.10597863158399076
A1_boundary_075,T0_standard,0.75,1.0,1.0,12,0,0,1,0.8681197789354705,0.48082427502124864,0.7962525212129987,63.71931956257594,65,1.1779163384615385,0.8681197789354705,0.07186725772247177,0.06001296334205776
A1_boundary_075,T0_standard,0.75,1.0,1.0,15,1,1,1,0.9738368766760501,0.13925175942580334,0.9601972112672638,37.22559652928417,38,1.0010864210526318,0.012523457915163327,0.9738368766760501,0.013639665408786392
A1_boundary_075,T0_standard,0.75,1.0,1.0,18,1,0,0,0.9013371362930152,0.3903316482161329,0.848935114545639,94.19455564451562,96,1.3256457604166665,0.9013371362930152,0.05240202174737619,0.04626084195960868
A1_boundary_075,T0_standard,0.75,1.0,1.0,22,1,1,1,0.965825334209796,0.1691356681662948,0.9411195690991487,18.660194174757283,19,0.8067329999999999,0.009468900679556821,0.965825334209796,0.024705765110647208
A1_boundary_075,T0_standard,0.75,1.0,1.0,28,1,1,1,0.8974753693446919,0.35973467553815375,0.8033829905904192,20.642857142857142,21,0.7458260476190477,0.008432251901035462,0.8974753693446919,0.09409237875427265
A1_boundary_075,T0_standard,0.75,1.0,1.0,29,1,1,1,0.750328767324002,0.6260267671536488,0.5184164189802972,12.903225806451612,13,0.504573923076923,0.01775888433229323,0.750328767324002,0.23191234834370475
A1_boundary_075,T0_standard,0.75,1.0,1.0,32,0,2,0,0.4975719513077365,0.9760127512395347,0.12106488822014627,113.98135048231511,116,1.5386575431034482,0.37650706308759024,0.12592098560467319,0.4975719513077365
A1_boundary_075,T0_standard,0.75,1.0,1.0,35,0,0,1,0.5924634950304845,0.9387199120671517,0.32583400195794204,33.33942558746736,34,0.681779294117647,0.5924634950304845,0.1409070118969731,0.2666294930725424
A1_boundary_075,T0_standard,0.75,1.0,1.0,37,0,0,1,0.883211278745805,0.44142929886837656,0.824795291127497,180.9544546544147,184,1.7882877282608698,0.883211278745805,0.05837273363588725,0.05841598761830789
A1_boundary_075,T0_standard,0.75,1.0,1.0,38,0,0,1,0.8028255639856394,0.6328463912398763,0.698940462205486,36.24494382022472,37,0.9075333243243243,0.8028255639856394,0.09328933423420728,0.10388510178015342
A1_boundary_075,T0_standard,0.75,1.0,1.0,39,0,0,1,0.8450704416900978,0.5376648889553919,0.7593124770597182,32.329896907216494,33,0.8299917878787879,0.8450704416900978,0.08575796463037967,0.0691715936795225
A1_boundary_075,T0_standard,0.75,1.0,1.0,41,0,0,1,0.8242529584490084,0.5864012155244934,0.7312446123014715,68.70338058887677,70,1.2843535142857143,0.8242529584490084,0.09300834614753678,0.08273869540345491
A1_boundary_075,T0_standard,0.75,1.0,1.0,44,0,0,1,0.875476859960375,0.4619479468883647,0.809633993812359,24.66798418972332,25,0.5948057999999999,0.875476859960375,0.06584286614801603,0.058680273891608896
A1_boundary_075,T0_standard,0.75,1.0,1.0,49,1,0,0,0.546150436243661,0.9383775084550723,0.2006959378886345,16.0,16,0.37066231250000004,0.546150436243661,0.10839506540131255,0.3454544983550265
A1_boundary_075,T0_standard,0.75,1.0,1.0,51,0,0,1,0.6136701544397812,0.8759855586940647,0.31666840379930655,17.818181818181817,18,0.5287885,0.6136701544397812,0.08932809491974403,0.2970017506404747
A1_boundary_075,T0_standard,0.75,1.0,1.0,55,0,0,1,0.904808564286321,0.3790436111573764,0.8492893996592294,38.34782608695652,39,0.6499513846153847,0.904808564286321,0.055519164627091507,0.039672271086587496
A1_boundary_075,T0_standard,0.75,1.0,1.0,60,0,0,1,0.8920356710083467,0.41597776982170587,0.8303768130237855,50.0,51,1.224436588235294,0.8920356710083467,0.061658857984561125,0.04630547100709213
A1_boundary_075,T0_standard,0.75,1.0,1.0,61,0,0,1,0.7815921001173398,0.6687765790006476,0.6439387338084475,32.32658227848101,33,0.9699814242424242,0.7815921001173398,0.08075453357376784,0.13765336630889238
A1_boundary_075,T0_standard,0.75,1.0,1.0,71,2,2,1,0.8777023195075686,0.45266019281812586,0.8018137450454017,13.82857142857143,14,0.6911514999999999,0.07588857446216689,0.046409106030264415,0.8777023195075686
A1_boundary_075,T0_standard,0.75,1.0,1.0,75,0,1,0,0.7223401220981629,0.6471297232446145,0.4590005462113268,18.660194174757283,19,0.7114136315789473,0.014320302015001016,0.7223401220981629,0.2633395758868361
A1_boundary_075,T0_standard,0.75,1.0,1.0,77,0,0,1,0.6473154514508501,0.826799945942705,0.3660550972919535,9.0,9,0.3371106666666667,0.6473154514508501,0.2812603541588966,0.07142419439025322
A1_boundary_075,T0_standard,0.75,1.0,1.0,84,2,2,1,0.6942230534793875,0.6971587787154786,0.41138918118513124,8.0,8,0.40794074999999996,0.02294307422635618,0.28283387229425627,0.6942230534793875
A1_boundary_075,T0_standard,0.75,1.0,1.0,85,2,0,0,0.527186544301627,0.9978757334730493,0.21999689376705678,9.846153846153847,10,0.6327266,0.527186544301627,0.16562380516380273,0.30718965053457026
A1_boundary_075,T0_standard,0.75,1.0,1.0,86,0,2,0,0.8083542865691832,0.5949887065416598,0.6633825599012844,13.82857142857143,14,0.5406887857142857,0.046673986762918,0.14497172666789884,0.8083542865691832
A1_boundary_075,T0_standard,0.75,1.0,1.0,87,0,2,0,0.5305650510786504,0.8752563221531149,0.12353122002357303,7.0,7,0.5237958571428571,0.40703383105507734,0.0624011178662722,0.5305650510786504
A1_boundary_075,T0_standard,0.75,1.0,1.0,88,0,0,1,0.4776799916455155,0.9100106300964586,0.032031494958194295,8.0,8,0.40546887499999995,0.4776799916455155,0.07667151166716331,0.4456484966873212
A1_boundary_075,T0_standard,0.75,1.0,1.0,89,0,2,0,0.7556216380557098,0.6922239350960901,0.571192179423904,7.0,7,0.3756504285714285,0.18442945863180582,0.0599489033124843,0.7556216380557098
A1_boundary_075,T0_standard,0.75,1.0,1.0,90,0,0,1,0.5506277220088643,0.9484013019224675,0.22088212981286492,8.909090909090908,9,0.6029300000000001,0.5506277220088643,0.11962668579513615,0.3297455921959994
A1_boundary_075,T0_standard,0.75,1.0,1.0,93,0,0,1,0.5981315720104403,0.9293283662571572,0.32989041525420426,10.84070796460177,11,0.3752034545454545,0.5981315720104403,0.13362727123332357,0.26824115675623605
A1_boundary_075,T0_standard,0.75,1.0,1.0,98,0,0,1,0.6718485775912965,0.8318364560949159,0.44041982018716874,17.0,17,0.4362414705882353,0.6718485775912965,0.0967226650045758,0.23142875740412774
A1_boundary_075,T0_standard,0.75,1.0,1.0,101,0,0,1,0.7948855594656019,0.6490477348317469,0.6849030088127286,13.0,13,0.519376153846154,0.7948855594656019,0.10998255065287327,0.09513188988152499
A1_boundary_075,T0_standard,0.75,1.0,1.0,102,0,0,1,0.8551999099786158,0.5115236804031139,0.7695830433735766,12.0,12,0.54038,0.8551999099786158,0.08561686660503921,0.059183223416344806
A1_boundary_075,T0_standard,0.75,1.0,1.0,106,0,0,1,0.6902891833691304,0.7624683293206285,0.43476366795474614,99.17365269461078,101,1.456544306930693,0.6902891833691304,0.05418530121648529,0.25552551541438423
A1_boundary_075,T0_standard,0.75,1.0,1.0,118,0,0,1,0.7469618181663885,0.7329435849778956,0.5886070211254372,26.45,27,0.771531037037037,0.7469618181663885,0.0946833847926602,0.15835479704095132
A1_boundary_075,T0_standard,0.75,1.0,1.0,119,0,0,1,0.8515322058344484,0.5229158882879335,0.7756583138716581,95.20754716981132,97,1.3621651546391753,0.8515322058344484,0.07259390220276127,0.07587389196279035
A1_boundary_075,T0_standard,0.75,1.0,1.0,120,0,0,1,0.846307790904715,0.5333586720929673,0.7563935734531733,75.57142857142857,77,1.3922861558441562,0.846307790904715,0.06377799164374329,0.08991421745154167
A1_boundary_075,T0_standard,0.75,1.0,1.0,123,0,0,1,0.8731736462347306,0.46818436109592365,0.8082951061649745,19.898395721925134,20,0.5155320999999999,0.8731736462347306,0.06487854006975616,0.06194781369551324
A1_boundary_075,T0_standard,0.75,1.0,1.0,124,0,0,1,0.8976432725428861,0.40102584246748507,0.8436671220946274,46.049180327868854,47,0.8481854893617022,0.8976432725428861,0.04838057700885515,0.053976150448258806
A1_boundary_075,T0_standard,0.75,1.0,1.0,129,0,0,1,0.7750378674887471,0.6875385616997455,0.6495375565264663,62.746928746928745,64,1.315091625,0.7750378674887471,0.12550031096228087,0.0994618215489721
A1_boundary_075,T0_standard,0.75,1.0,1.0,130,0,0,1,0.753808190504083,0.7270859074481806,0.6163742715162187,73.56965944272446,75,1.3049385733333334,0.753808190504083,0.1087578905080527,0.13743391898786428
A1_boundary_075,T0_standard,0.75,1.0,1.0,134,1,1,1,0.9436976849909525,0.255515161948843,0.9132953013901904,23.58139534883721,24,0.7835483333333334,0.03040238360076213,0.9436976849909525,0.025899931408285493
A1_boundary_075,T0_standard,0.75,1.0,1.0,136,1,1,1,0.8588124546010928,0.45649950155456454,0.7333775878843519,100.27826086956522,102,1.6543439509803923,0.015752678682166354,0.8588124546010928,0.12543486671674087
A1_boundary_075,T0_standard,0.75,1.0,1.0,138,1,1,1,0.5400194562296654,0.7520636361625783,0.09387983698332164,7.0,7,0.46868471428571423,0.013840924523990775,0.5400194562296654,0.44613961924634377
A1_boundary_075,T0_standard,0.75,1.0,1.0,140,1,0,0,0.5252758688639587,0.9516809737887179,0.1629369869822359,11.0,11,0.4528042727272727,0.5252758688639587,0.3623388818817228,0.11238524925431848
A1_boundary_075,T0_standard,0.75,1.0,1.0,145,1,1,1,0.9504512816770622,0.22449503958817857,0.9127989531280817,89.35548172757476,91,1.4519752857142858,0.011896389773957428,0.9504512816770622,0.03765232854898044
A1_boundary_075,T0_standard,0.75,1.0,1.0,149,2,2,1,0.8445723943609342,0.5369197431649204,0.7520896246868762,13.902255639097744,14,0.40021921428571433,0.06294483596500768,0.09248276967405801,0.8445723943609342
A1_boundary_075,T0_standard,0.75,1.0,1.0,150,2,2,1,0.9296419746865732,0.30269468515604564,0.8897331734020033,8.0,8,0.35506275,0.03044922402885705,0.03990880128456981,0.9296419746865732
A1_boundary_075,T0_standard,0.75,1.0,1.0,151,2,2,1,0.9360616647390018,0.28194856985185074,0.9029714269399524,10.84070796460177,11,0.5133822727272727,0.033090237799049446,0.030848097461948807,0.9360616647390018
A1_boundary_075,T0_standard,0.75,1.0,1.0,152,2,2,1,0.7013932529845772,0.8048518245556254,0.5103851149450667,5.0,5,0.2464702,0.1075986089759123,0.19100813803951053,0.7013932529845772
A1_boundary_075,T0_standard,0.75,1.0,1.0,160,2,2,1,0.9450680702993723,0.25068402104938575,0.9153769911749037,12.83206106870229,13,0.5016772307692308,0.02524085057615894,0.02969107912446871,0.9450680702993723
A1_boundary_075,T0_standard,0.75,1.0,1.0,168,1,1,1,0.9084687210988296,0.36009762178294136,0.8423112510817827,13.0,13,0.4162788461538462,0.02537380888412358,0.9084687210988296,0.0661574700170468
A1_boundary_075,T0_standard,0.75,1.0,1.0,169,2,2,1,0.8173034623396612,0.5983134941921514,0.7074375675783715,10.90566037735849,11,0.44178781818181817,0.07283064289904898,0.10986589476128966,0.8173034623396612
A1_boundary_075,T0_standard,0.75,1.0,1.0,174,2,2,1,0.5711703911659324,0.9562632333618505,0.2857543460988199,5.0,5,0.3432982,0.2854160450671125,0.14341356376695516,0.5711703911659324
A1_boundary_075,T0_standard,0.75,1.0,1.0,176,2,2,1,0.7459545508563045,0.6397027843233729,0.5131201798515701,29.389830508474578,30,0.8189938999999999,0.02121107813896127,0.23283437100473434,0.7459545508563045
A1_boundary_075,T0_standard,0.75,1.0,1.0,178,2,2,1,0.9442319302203589,0.24820801940219886,0.9040570611941523,31.34715025906736,32,0.95442090625,0.015593200753434504,0.04017486902620658,0.9442319302203589
A1_boundary_075,T0_standard,0.75,1.0,1.0,184,2,2,1,0.7903168198228865,0.6539341876625938,0.6627987799178922,14.76923076923077,15,0.7859551333333333,0.12751803990499433,0.08216514027211932,0.7903168198228865
A1_boundary_075,T0_standard,0.75,1.0,1.0,186,1,0,0,0.776165829108147,0.6751856647407704,0.6284080524503999,14.76923076923077,15,0.6404765999999998,0.776165829108147,0.0760763942341059,0.14775777665774711
A1_boundary_075,T0_standard,0.75,1.0,1.0,187,2,2,1,0.7722654075042434,0.6618250404704429,0.5990144199260463,13.902255639097744,14,0.5083184285714285,0.17325098757819712,0.05448360491755941,0.7722654075042434
A1_boundary_075,T0_standard,0.75,1.0,1.0,194,2,2,1,0.9391598143809534,0.2675325090506842,0.8979497352066784,11.836065573770492,12,0.537488,0.01963010644477163,0.04121007917427501,0.9391598143809534
A1_boundary_075,T0_standard,0.75,1.0,1.0,198,1,1,1,0.5882078565213379,0.830931408211462,0.22700834049392504,14.76923076923077,15,0.7177088000000001,0.36119951602741285,0.5882078565213379,0.050592627451249296
A1_boundary_075,T0_standard,0.75,1.0,1.0,200,2,2,1,0.7664741426165711,0.7052936632456271,0.6467358308370925,5.0,5,0.2278204,0.11378754560395041,0.11973831177947862,0.7664741426165711
A1_boundary_075,T0_standard,0.75,1.0,1.0,202,2,2,1,0.8268350510026133,0.532423870285044,0.6787087203422718,21.68141592920354,22,0.5913674545454545,0.02503861833704503,0.14812633066034156,0.8268350510026133
A1_boundary_075,T0_standard,0.75,1.0,1.0,205,1,1,1,0.8180815146195889,0.516791647831607,0.6475220357341999,54.88,56,1.062304125,0.011359006495021959,0.8180815146195889,0.170559478885389
A1_boundary_075,T0_standard,0.75,1.0,1.0,206,2,2,1,0.7714064089249509,0.6190803101078695,0.5690701761322845,21.6,22,0.6087270454545455,0.02625735828238259,0.20233623279266646,0.7714064089249509
A1_boundary_075,T0_standard,0.75,1.0,1.0,212,2,2,1,0.8077332321363712,0.6133690035081485,0.6817970385862502,25.473684210526315,26,0.8470876538461538,0.0663305743135078,0.12593619355012103,0.8077332321363712
A1_boundary_075,T0_standard,0.75,1.0,1.0,214,2,2,1,0.896553397858196,0.4027310141655646,0.8358606365586748,45.061371841155236,46,1.0707565,0.042753840842282724,0.0606927612995212,0.896553397858196
A1_boundary_075,T0_standard,0.75,1.0,1.0,222,2,2,1,0.7847901967995635,0.6641170395048619,0.6522460368441946,4.0,4,0.5312697500000001,0.08266564324506755,0.13254415995536895,0.7847901967995635
A1_boundary_075,T0_standard,0.75,1.0,1.0,229,1,1,1,0.8251553333327781,0.5081152740481205,0.662659154773478,20.897959183673468,21,0.46933819047619046,0.012348488107921794,0.8251553333327781,0.16249617855930013
A1_boundary_075,T0_standard,0.75,1.0,1.0,231,2,2,1,0.944748718609892,0.24768092943291997,0.9063526036943192,5.0,5,0.4425108,0.016855166474535378,0.038396114915572696,0.944748718609892
A1_boundary_075,T0_standard,0.75,1.0,1.0,233,2,2,1,0.8414797803832954,0.5410499612014141,0.7404873589815333,65.67924528301887,67,1.22872771641791,0.057527798214942354,0.10099242140176218,0.8414797803832954
A1_boundary_075,T0_standard,0.75,1.0,1.0,235,2,2,1,0.6701799968785861,0.7737301097789946,0.38998367759078223,24.66798418972332,25,0.58303204,0.04962368383361011,0.28019631928780386,0.6701799968785861
A1_boundary_075,T0_standard,0.75,1.0,1.0,239,2,2,1,0.794871429677264,0.6430052395296821,0.6664114578361823,17.705263157894738,18,0.5865500555555556,0.1284599718410817,0.07666859848165435,0.794871429677264
A1_boundary_075,T0_standard,0.75,1.0,1.0,242,2,2,1,0.5856736456238695,0.8161606082310107,0.21419174576207028,14.825503355704697,15,0.6072851333333332,0.3714818998617992,0.042844454514331304,0.5856736456238695
A1_boundary_075,T0_standard,0.75,1.0,1.0,244,2,2,1,0.862027118688057,0.48656737584859705,0.7666784761933787,106.09368494101318,108,1.5329172870370373,0.042624238817264716,0.09534864249467834,0.862027118688057
A1_boundary_075,T0_standard,0.75,1.0,1.0,245,2,2,1,0.8880559034392373,0.4251281456105864,0.8191278697906327,12.782608695652174,13,0.5391935384615386,0.06892803364860464,0.04301606291215799,0.8880559034392373
A1_boundary_075,T0_standard,0.75,1.0,1.0,249,0,0,1,0.6247603690150416,0.8366683708265494,0.3158183783999952,31.35483870967742,32,0.737368,0.6247603690150416,0.06629764036991204,0.3089419906150464
A1_boundary_075,T0_standard,0.75,1.0,1.0,253,0,0,1,0.8014464983283941,0.6183586366731331,0.6609328541080987,92.281098546042,94,1.2869785319148936,0.8014464983283941,0.05803985745131052,0.14051364422029547
A1_boundary_075,T0_standard,0.75,1.0,1.0,259,1,0,0,0.49684156589762296,1.0406852495653232,0.22785924481561148,10.0,10,0.49205679999999996,0.49684156589762296,0.2341761130203655,0.2689823210820115
A1_boundary_075,T0_standard,0.75,1.0,1.0,260,1,1,1,0.7740141221973775,0.5799476274748258,0.5595680968550953,11.904347826086957,12,0.5609836666666668,0.011539852460340127,0.7740141221973775,0.21444602534228224
A1_boundary_075,T0_standard,0.75,1.0,1.0,269,1,1,1,0.9561529106241123,0.20810342530261203,0.9272327635699827,11.0,11,0.3788078181818182,0.014926942321758209,0.9561529106241123,0.02892014705412957
A1_boundary_075,T0_standard,0.75,1.0,1.0,270,1,1,1,0.9723436944178824,0.1455744629295253,0.9573771511293895,7.0,7,0.36814757142857146,0.012689762293624595,0.9723436944178824,0.014966543288492874
A1_boundary_075,T0_standard,0.75,1.0,1.0,271,2,2,1,0.5248083239368715,1.0069424118656887,0.2291151395620507,4.0,4,0.6352672500000001,0.2956931843748208,0.1794984916883077,0.5248083239368715
A1_boundary_075,T0_standard,0.75,1.0,1.0,276,1,2,0,0.5942039617970695,0.7797532657295483,0.21740992618149813,8.0,8,0.425745125,0.029002002587359164,0.37679403561557134,0.5942039617970695
A1_boundary_075,T0_standard,0.75,1.0,1.0,278,1,1,1,0.8376505826636923,0.48623889806075915,0.6872578093948434,9.907216494845361,10,0.49930959999999996,0.011956644067458813,0.8376505826636923,0.15039277326884892
A1_boundary_075,T0_standard,0.75,1.0,1.0,290,2,2,1,0.8183417266945715,0.5828420148107725,0.6888737156548974,10.8,11,0.6727623636363637,0.0521902622657543,0.12946801103967415,0.8183417266945715
A1_boundary_075,T0_standard,0.75,1.0,1.0,293,2,2,1,0.9016184888171583,0.37906725318038187,0.8299749145339352,17.67005076142132,18,0.6691911666666666,0.02673793689961837,0.07164357428322314,0.9016184888171583
A1_boundary_075,T0_standard,0.75,1.0,1.0,297,2,2,1,0.512408163992726,1.0304421416640326,0.259115989115858,9.907216494845361,10,0.4448850999999999,0.23429966113040587,0.25329217487686806,0.512408163992726
A1_boundary_075,T0_standard,0.75,1.0,1.0,298,2,2,1,0.7081101741579962,0.7898722395086966,0.5138719460924608,15.720930232558139,16,0.6169322500000001,0.09765159777646863,0.19423822806553537,0.7081101741579962
A1_boundary_075,T0_standard,0.75,1.0,1.0,299,1,1,1,0.8508641383287092,0.46279682696046964,0.7136653276378389,16.712707182320443,17,0.6325850000000001,0.011937050980420336,0.8508641383287092,0.13719881069087037
A1_boundary_075,T0_standard,0.75,1.0,1.0,304,1,1,1,0.9620035761188701,0.18417690729263278,0.9347778489942509,21.6,22,0.6175126818181818,0.027225727124619212,0.9620035761188701,0.010770696756510652
A1_boundary_075,T0_standard,0.75,1.0,1.0,308,2,2,1,0.8573894585514132,0.49005117740306015,0.7505977205393956,20.58823529411765,21,0.744395857142857,0.035818803436569,0.10679173801201766,0.8573894585514132
A1_boundary_075,T0_standard,0.75,1.0,1.0,311,1,1,1,0.7045427548418547,0.6787149401312459,0.42854928748194204,24.615384615384617,25,0.62898604,0.019463777798232614,0.7045427548418547,0.27599346735991265
A1_boundary_075,T0_standard,0.75,1.0,1.0,314,1,1,1,0.7796904902793161,0.5890504649184113,0.5771433488811417,9.0,9,0.4122361111111112,0.017762368322509454,0.7796904902793161,0.20254714139817442
A1_boundary_075,T0_standard,0.75,1.0,1.0,321,2,2,1,0.7889254189590658,0.6209216361958465,0.6200098612712038,4.0,4,0.34794725,0.04215902335307227,0.16891555768786193,0.7889254189590658
A1_boundary_075,T0_standard,0.75,1.0,1.0,322,1,1,1,0.892040329953087,0.38725908607026793,0.7999285769358321,12.782608695652174,13,0.5984578461538462,0.01584791702965799,0.892040329953087,0.09211175301725492
A1_boundary_075,T0_standard,0.75,1.0,1.0,324,1,2,0,0.5668824632904816,0.7749455286807965,0.15706997469790185,7.0,7,0.3544742857142857,0.023305048116938537,0.4098124885925798,0.5668824632904816
A1_boundary_075,T0_standard,0.75,1.0,1.0,326,2,2,1,0.9210616769610807,0.3305240104515662,0.8778229623931761,7.0,7,0.42478699999999997,0.04323871456790447,0.03569960847101494,0.9210616769610807
A1_boundary_075,T0_standard,0.75,1.0,1.0,327,1,1,1,0.8858055432617516,0.3837049688284496,0.779429531426502,9.0,9,0.38338188888888886,0.007818444902998609,0.8858055432617516,0.10637601183524972
A1_boundary_075,T0_standard,0.75,1.0,1.0,329,1,1,1,0.9593350908765005,0.1964138199969649,0.9329579635968173,6.0,6,0.44581633333333337,0.02637712727968323,0.9593350908765005,0.014287781843816216
A1_boundary_075,T0_standard,0.75,1.0,1.0,331,1,1,1,0.6277588413960148,0.7304555086362661,0.2729288022020695,7.0,7,0.4697390000000001,0.017411119410039932,0.6277588413960148,0.3548300391939453
A1_boundary_075,T0_standard,0.75,1.0,1.0,332,2,1,0,0.38388782647704445,1.0892528803934944,0.041928045087389065,17.67005076142132,18,0.71271,0.27415239213330017,0.38388782647704445,0.3419597813896554
A1_boundary_075,T0_standard,0.75,1.0,1.0,334,1,1,1,0.9554996593176999,0.20379006445195907,0.9195662092198823,16.712707182320443,17,0.6182341764705882,0.008566890584482624,0.9554996593176999,0.03593345009781752
A1_boundary_075,T0_standard,0.75,1.0,1.0,338,1,0,0,0.8147905462360604,0.6022677525393565,0.7001148931866015,160.68425643262103,163,1.9818752024539878,0.8147905462360604,0.11467565304945894,0.07053380071448065
A1_boundary_075,T0_standard,0.75,1.0,1.0,339,1,0,0,0.7596277712528997,0.7173300112134746,0.6296910439359791,59.75609756097561,61,0.9155766885245903,0.7596277712528997,0.11043550143017966,0.12993672731692063
A1_boundary_075,T0_standard,0.75,1.0,1.0,340,0,0,1,0.7964534973344635,0.6362775539595824,0.6629028887691562,76.58680892337536,78,1.3844180128205126,0.7964534973344635,0.13355060856530734,0.06999589410022913
A1_boundary_075,T0_standard,0.75,1.0,1.0,347,0,0,1,0.7305555929293068,0.7619679308659,0.5641902130250351,14.0,14,0.44679828571428576,0.7305555929293068,0.10307902716642148,0.16636537990427172
A1_boundary_075,T0_standard,0.75,1.0,1.0,360,2,2,1,0.8806805675900761,0.42598237415055284,0.7857406082066355,11.836065573770492,12,0.5786047499999999,0.024379473026483404,0.0949399593834406,0.8806805675900761
A1_boundary_075,T0_standard,0.75,1.0,1.0,361,2,2,1,0.7352182539424972,0.7264782170887409,0.5362535518717818,9.907216494845361,10,0.5130506,0.06581704398678741,0.1989647020707154,0.7352182539424972
A1_boundary_075,T0_standard,0.75,1.0,1.0,362,2,2,1,0.7925903887577455,0.6398694303903338,0.6506955049794336,10.90566037735849,11,0.5684201818181817,0.06551472746394273,0.14189488377831178,0.7925903887577455
A1_boundary_075,T0_standard,0.75,1.0,1.0,366,0,0,1,0.8454462034694596,0.5371524351894504,0.7619347048383571,6.0,6,0.3645646666666667,0.8454462034694596,0.08351149863110251,0.0710422978994377
A1_boundary_075,T0_standard,0.75,1.0,1.0,374,0,0,1,0.8846760950702812,0.4337806453732096,0.8125656252268748,17.75409836065574,18,0.5402341666666667,0.8846760950702812,0.07211046984340644,0.043213435086312264
A1_boundary_075,T0_standard,0.75,1.0,1.0,376,0,0,1,0.8562215827991788,0.5072540674296209,0.7671043489936701,17.75409836065574,18,0.5590460555555555,0.8562215827991788,0.08911723380550876,0.054661183395312354
A1_boundary_075,T0_standard,0.75,1.0,1.0,378,0,0,1,0.8438523900861594,0.5357165830369637,0.7447347668488657,15.900662251655628,16,0.487147875,0.8438523900861594,0.0991176232372937,0.05702998667654686
A1_boundary_075,T0_standard,0.75,1.0,1.0,380,0,0,1,0.8449606788689346,0.5327451889664305,0.7458891392707517,18.75,19,0.48924563157894735,0.8449606788689346,0.09907153959818282,0.055967781532882524
A1_boundary_075,T0_standard,0.75,1.0,1.0,387,0,0,1,0.7260378944830981,0.7517473758401019,0.5311029402619976,43.12,44,1.1116842272727274,0.7260378944830981,0.19493495422110046,0.0790271512958015
A1_boundary_075,T0_standard,0.75,1.0,1.0,388,0,0,1,0.760183237457354,0.7076840172749482,0.6069005938368377,22.5625,23,0.6896618260869564,0.760183237457354,0.1532826436205163,0.08653411892212962
A1_boundary_075,T0_standard,0.75,1.0,1.0,389,0,0,1,0.8733525955301171,0.4639461201292734,0.7945893506845972,23.529411764705884,24,0.8380092500000001,0.8733525955301171,0.07876324484551987,0.0478841596243631
A1_boundary_075,T0_standard,0.75,1.0,1.0,391,0,0,1,0.8788654169152965,0.44886399442892966,0.8022938747487288,33.306930693069305,34,0.927025911764706,0.8788654169152965,0.07657154216656771,0.044563040918135746
A1_boundary_075,T0_standard,0.75,1.0,1.0,400,0,0,1,0.8927836598474634,0.4144949406262479,0.8341207801900866,14.76923076923077,15,0.5019540666666668,0.8927836598474634,0.0586628796573768,0.04855346049515973
A1_boundary_075,T0_standard,0.75,1.0,1.0,403,0,0,1,0.8675795860090116,0.48049264692470606,0.7891818570527909,12.83206106870229,13,0.619328,0.8675795860090116,0.07839772895622073,0.05402268503476773
A1_boundary_075,T0_standard,0.75,1.0,1.0,405,0,0,1,0.7505505908792568,0.7294199023979588,0.6004121655112118,46.065989847715734,47,1.081583680851064,0.7505505908792568,0.09931098375269821,0.15013842536804503
A1_boundary_075,T0_standard,0.75,1.0,1.0,411,2,2,1,0.8410950168015421,0.5435231957960562,0.7428839206672281,3.0,3,0.201223,0.0606938870641439,0.09821109613431404,0.8410950168015421
A1_boundary_075,T0_standard,0.75,1.0,1.0,413,0,0,1,0.8296377191344938,0.56704993087817,0.7193741347251198,81.3587786259542,83,1.1146613373493979,0.8296377191344938,0.11026358440937405,0.0600986964561322
A1_boundary_075,T0_standard,0.75,1.0,1.0,421,0,0,1,0.7713256984759136,0.6936925760811692,0.6401735582260972,58.80786026200873,60,0.8280121,0.7713256984759136,0.13115214024981642,0.09752216127426991
A1_boundary_075,T0_standard,0.75,1.0,1.0,422,0,0,1,0.8944429761370544,0.40916994476018687,0.8339869296819945,70.54176072234763,72,0.9631183333333332,0.8944429761370544,0.04510097740788577,0.06045604645505991
A1_boundary_075,T0_standard,0.75,1.0,1.0,426,0,0,1,0.8896792101230204,0.4236530429905446,0.8342837362165707,38.20754716981132,39,1.0525164615384617,0.8896792101230204,0.05492531597052982,0.055395473906449715
A1_boundary_075,T0_standard,0.75,1.0,1.0,429,0,0,1,0.8274685395613537,0.5794093383121275,0.7389679677073723,64.76279069767442,66,1.4506720606060608,0.8274685395613537,0.0840308885846649,0.08850057185398143
A1_boundary_075,T0_standard,0.75,1.0,1.0,430,0,0,1,0.8086044242271238,0.6208604947103484,0.7108302179116576,68.70338058887677,70,1.3141251428571425,0.8086044242271238,0.09362136945741,0.0977742063154662
A1_boundary_075,T0_standard,0.75,1.0,1.0,432,0,0,1,0.8035711525636363,0.6315129620861397,0.7030782895195739,97.2412746585736,99,1.6191042626262624,0.8035711525636363,0.10049286304406244,0.09593598439230121
A1_boundary_075,T0_standard,0.75,1.0,1.0,433,0,0,1,0.8242149267402061,0.5856186014304515,0.726201717670844,64.70679380214541,66,1.1340002424242426,0.8242149267402061,0.09801320906936219,0.07777186419043168
A1_boundary_075,T0_standard,0.75,1.0,1.0,438,0,0,1,0.8917715587417955,0.4177415964819732,0.8356836174947849,157.656836461126,160,2.0565121187499997,0.8917715587417955,0.05214050001119397,0.05608794124701054
A1_boundary_075,T0_standard,0.75,1.0,1.0,439,0,0,1,0.872254489835573,0.47055999543979954,0.8063462516168598,141.7255297679112,144,1.8719137986111112,0.872254489835573,0.06590823821871317,0.061837271945713895
A1_boundary_075,T0_standard,0.75,1.0,1.0,452,1,1,1,0.9509738427374225,0.22610745298089707,0.9172940147269969,15.763636363636364,16,0.5164338125,0.015346329252151958,0.9509738427374225,0.033679828010425565
A2_boundary_050,T0_standard,0.5,1.0,1.0,1,1,1,1,0.9659155972833741,0.17204712232980124,0.9468386688759278,177.35111876075732,191,1.7893955968586386,0.019076928407446188,0.9659155972833741,0.015007474309179685
A2_boundary_050,T0_standard,0.5,1.0,1.0,2,0,0,1,0.3876871507850957,1.0842484729356436,0.03252918674818139,25.861538461538462,29,0.9194155862068966,0.3876871507850957,0.3551579640369143,0.25715488517798996
A2_boundary_050,T0_standard,0.5,1.0,1.0,7,0,0,1,0.6225225907788126,0.8470545824180049,0.31725053087541866,63.391304347826086,70,1.2559205428571434,0.6225225907788126,0.07220534931779363,0.3052720599033939
A2_boundary_050,T0_standard,0.5,1.0,1.0,8,0,0,1,0.8595551350359595,0.4958303752859653,0.7669068190950079,62.70967741935484,69,1.4160222753623186,0.8595551350359595,0.04779654902308894,0.0926483159409516
A2_boundary_050,T0_standard,0.5,1.0,1.0,9,0,0,1,0.8128814915851823,0.6111935481558166,0.7123183136049419,88.81751824817518,97,1.6381157731958764,0.8128814915851823,0.08655533043457733,0.1005631779802404
A2_boundary_050,T0_standard,0.5,1.0,1.0,12,0,0,1,0.8712429477144684,0.4726712914261553,0.8006885781383317,58.68862275449102,65,1.1779163384615385,0.8712429477144684,0.07055436957613669,0.05820268270939498
A2_boundary_050,T0_standard,0.5,1.0,1.0,15,1,1,1,0.9737205339005739,0.13972846314373927,0.9597844713914312,33.98876404494382,38,1.0010864210526318,0.012343403590283342,0.9737205339005739,0.013936062509142649
A2_boundary_050,T0_standard,0.5,1.0,1.0,18,1,0,0,0.9070251194774877,0.373725507813456,0.8585283325744715,87.36015325670498,96,1.3256457604166665,0.9070251194774877,0.04849678690301618,0.044478093619496256
A2_boundary_050,T0_standard,0.5,1.0,1.0,22,1,1,1,0.9665245696413219,0.16673743136649224,0.9427094291720336,16.941176470588236,19,0.8067329999999999,0.009660289889389766,0.9665245696413219,0.023815140469288374
A2_boundary_050,T0_standard,0.5,1.0,1.0,28,1,1,1,0.9052220630099429,0.341735567387938,0.8188049225919861,18.77777777777778,21,0.7458260476190477,0.008360796572100227,0.9052220630099429,0.08641714041795677
A2_boundary_050,T0_standard,0.5,1.0,1.0,29,1,1,1,0.7548310080070442,0.619656459190685,0.5270202452295933,12.25,13,0.504573923076923,0.017358229215505054,0.7548310080070442,0.22781076277745085
A2_boundary_050,T0_standard,0.5,1.0,1.0,32,0,2,0,0.48757307518255727,0.9828218585584024,0.10492999082825005,106.62985074626866,116,1.5386575431034482,0.3826430843543072,0.12978384046313549,0.48757307518255727
A2_boundary_050,T0_standard,0.5,1.0,1.0,35,0,0,1,0.6106613379204693,0.9208989434944523,0.35819480032043144,30.223880597014926,34,0.681779294117647,0.6106613379204693,0.13687212447949282,0.25246653760003784
A2_boundary_050,T0_standard,0.5,1.0,1.0,37,0,0,1,0.8883044113661779,0.4274671264120331,0.8323775853270918,170.06398537477148,184,1.7882877282608698,0.8883044113661779,0.05592682603908603,0.05576876259473607
A2_boundary_050,T0_standard,0.5,1.0,1.0,38,0,0,1,0.8073168727192694,0.6236100437287079,0.7090634205067353,33.04705882352941,37,0.9075333243243243,0.8073168727192694,0.09442967506819645,0.09825345221253408
A2_boundary_050,T0_standard,0.5,1.0,1.0,39,0,0,1,0.8463658764919848,0.5346792343211613,0.7618483940903928,29.38888888888889,33,0.8299917878787879,0.8463658764919848,0.08451748240159192,0.0691166411064234
A2_boundary_050,T0_standard,0.5,1.0,1.0,41,0,0,1,0.8258829234930106,0.5827082422999286,0.733424113048168,63.83937823834197,70,1.2843535142857143,0.8258829234930106,0.09245881044484255,0.08165826606214692
A2_boundary_050,T0_standard,0.5,1.0,1.0,44,0,0,1,0.8764320914887165,0.4594767248700743,0.8116242597144443,22.72972972972973,25,0.5948057999999999,0.8764320914887165,0.06480783177427224,0.058760076737011245
A2_boundary_050,T0_standard,0.5,1.0,1.0,49,1,0,0,0.546150436243661,0.9383775084550723,0.2006959378886345,16.0,16,0.37066231250000004,0.546150436243661,0.10839506540131255,0.3454544983550265
A2_boundary_050,T0_standard,0.5,1.0,1.0,51,0,0,1,0.6185309739019919,0.8756662541444988,0.32919580943690285,16.666666666666668,18,0.5287885,0.6185309739019919,0.09213386163291908,0.289335164465089
A2_boundary_050,T0_standard,0.5,1.0,1.0,55,0,0,1,0.9047278061419559,0.37935169907790844,0.8493770303331466,34.90909090909091,39,0.6499513846153847,0.9047278061419559,0.05535077580880934,0.03992141804923463
A2_boundary_050,T0_standard,0.5,1.0,1.0,60,0,0,1,0.8931770935615427,0.4125156150796031,0.831294443050789,46.09090909090909,51,1.224436588235294,0.8931770935615427,0.06188265051075374,0.044940255927703454
A2_boundary_050,T0_standard,0.5,1.0,1.0,61,0,0,1,0.7887996228001569,0.6551470629569359,0.6565692662299103,29.453333333333333,33,0.9699814242424242,0.7887996228001569,0.07897002062959642,0.1322303565702466
A2_boundary_050,T0_standard,0.5,1.0,1.0,71,2,2,1,0.884461996072277,0.43491762251506466,0.813356712969394,12.8,14,0.6911514999999999,0.07110528310288301,0.04443272082483996,0.884461996072277
A2_boundary_050,T0_standard,0.5,1.0,1.0,75,0,1,0,0.7033241919180063,0.6633901829156913,0.4203019406892277,16.941176470588236,19,0.7114136315789473,0.013653556853215044,0.7033241919180063,0.2830222512287786
A2_boundary_050,T0_standard,0.5,1.0,1.0,77,0,0,1,0.6473154514508501,0.826799945942705,0.3660550972919535,9.0,9,0.3371106666666667,0.6473154514508501,0.2812603541588966,0.07142419439025322
A2_boundary_050,T0_standard,0.5,1.0,1.0,84,2,2,1,0.6942230534793875,0.6971587787154786,0.41138918118513124,8.0,8,0.40794074999999996,0.02294307422635618,0.28283387229425627,0.6942230534793875
A2_boundary_050,T0_standard,0.5,1.0,1.0,85,2,0,0,0.5383124350188546,0.990469149673499,0.24042149966298032,9.0,10,0.6327266,0.5383124350188546,0.16379662962527103,0.2978909353558743
A2_boundary_050,T0_standard,0.5,1.0,1.0,86,0,2,0,0.81368117920409,0.5854202641602215,0.6737655840786303,12.8,14,0.5406887857142857,0.04640322567045037,0.13991559512545965,0.81368117920409
A2_boundary_050,T0_standard,0.5,1.0,1.0,87,0,2,0,0.5305650510786504,0.8752563221531149,0.12353122002357303,7.0,7,0.5237958571428571,0.40703383105507734,0.0624011178662722,0.5305650510786504
A2_boundary_050,T0_standard,0.5,1.0,1.0,88,0,0,1,0.4776799916455155,0.9100106300964586,0.032031494958194295,8.0,8,0.40546887499999995,0.4776799916455155,0.07667151166716331,0.4456484966873212
A2_boundary_050,T0_standard,0.5,1.0,1.0,89,0,2,0,0.7556216380557098,0.6922239350960901,0.571192179423904,7.0,7,0.3756504285714285,0.18442945863180582,0.0599489033124843,0.7556216380557098
A2_boundary_050,T0_standard,0.5,1.0,1.0,90,0,0,1,0.5323307975264004,0.964267436705023,0.1913758108004484,8.333333333333334,9,0.6029300000000001,0.5323307975264004,0.12671421574764738,0.34095498672595204
A2_boundary_050,T0_standard,0.5,1.0,1.0,93,0,0,1,0.6070757981434676,0.9273094432589247,0.3565292515163639,9.941176470588236,11,0.3752034545454545,0.6070757981434676,0.14237765522942886,0.2505465466271037
A2_boundary_050,T0_standard,0.5,1.0,1.0,98,0,0,1,0.6718485775912965,0.8318364560949159,0.44041982018716874,17.0,17,0.4362414705882353,0.6718485775912965,0.0967226650045758,0.23142875740412774
A2_boundary_050,T0_standard,0.5,1.0,1.0,101,0,0,1,0.7948855594656019,0.6490477348317469,0.6849030088127286,13.0,13,0.519376153846154,0.7948855594656019,0.10998255065287327,0.09513188988152499
A2_boundary_050,T0_standard,0.5,1.0,1.0,102,0,0,1,0.8551999099786158,0.5115236804031139,0.7695830433735766,12.0,12,0.54038,0.8551999099786158,0.08561686660503921,0.059183223416344806
A2_boundary_050,T0_standard,0.5,1.0,1.0,106,0,0,1,0.6902136184878342,0.7599310954531209,0.43294861190320355,92.40845070422536,101,1.456544306930693,0.6902136184878342,0.052521374927535044,0.2572650065846307
A2_boundary_050,T0_standard,0.5,1.0,1.0,118,0,0,1,0.7679235344420452,0.6977962684998809,0.6282692040545086,24.066666666666666,27,0.771531037037037,0.7679235344420452,0.09242213517041828,0.13965433038753655
A2_boundary_050,T0_standard,0.5,1.0,1.0,119,0,0,1,0.8556427772782796,0.5128498088936928,0.782809839487399,88.49253731343283,97,1.3621651546391753,0.8556427772782796,0.07152428493083968,0.07283293779088061
A2_boundary_050,T0_standard,0.5,1.0,1.0,120,0,0,1,0.8538063514200305,0.5159292491551367,0.7704178817165614,70.20754716981132,77,1.3922861558441562,0.8538063514200305,0.0628051788765006,0.08338846970346901
A2_boundary_050,T0_standard,0.5,1.0,1.0,123,0,0,1,0.8744635438820981,0.46479670465539313,0.8102941941918536,19.17391304347826,20,0.5155320999999999,0.8744635438820981,0.06416934969024456,0.06136710642765738
A2_boundary_050,T0_standard,0.5,1.0,1.0,124,0,0,1,0.9007535831434837,0.3921351612040428,0.8491229055264775,41.83168316831683,47,0.8481854893617022,0.9007535831434837,0.0476157392395099,0.05163067761700623
A2_boundary_050,T0_standard,0.5,1.0,1.0,129,0,0,1,0.7865778130026505,0.6645915785779527,0.6660382017229695,57.855421686746986,64,1.315091625,0.7865778130026505,0.12053961127968109,0.09288257571766842
A2_boundary_050,T0_standard,0.5,1.0,1.0,130,0,0,1,0.7633878369738729,0.7101512245096167,0.6342174352859535,68.1044776119403,75,1.3049385733333334,0.7633878369738729,0.10744176133820767,0.1291704016879194
A2_boundary_050,T0_standard,0.5,1.0,1.0,134,1,1,1,0.9479801151920351,0.24029817041852677,0.9198105150468304,21.428571428571427,24,0.7835483333333334,0.02816960014520465,0.9479801151920351,0.02385028466276031
A2_boundary_050,T0_standard,0.5,1.0,1.0,136,1,1,1,0.8663073981288276,0.43971284573464675,0.7473400828176192,94.08,102,1.6543439509803923,0.014725286559964027,0.8663073981288276,0.1189673153112084
A2_boundary_050,T0_standard,0.5,1.0,1.0,138,1,1,1,0.5400194562296654,0.7520636361625783,0.09387983698332164,7.0,7,0.46868471428571423,0.013840924523990775,0.5400194562296654,0.44613961924634377
A2_boundary_050,T0_standard,0.5,1.0,1.0,140,1,0,0,0.5252758688639587,0.9516809737887179,0.1629369869822359,11.0,11,0.4528042727272727,0.5252758688639587,0.3623388818817228,0.11238524925431848
A2_boundary_050,T0_standard,0.5,1.0,1.0,145,1,1,1,0.9563027921163475,0.20498100049501497,0.9243768334165511,83.265625,91,1.4519752857142858,0.011771249183855977,0.9563027921163475,0.031925958699796454
A2_boundary_050,T0_standard,0.5,1.0,1.0,149,2,2,1,0.8498457440642628,0.524347754302209,0.7605534928970208,13.235294117647058,14,0.40021921428571433,0.06086200476849527,0.089292251167242,0.8498457440642628
A2_boundary_050,T0_standard,0.5,1.0,1.0,150,2,2,1,0.9296419746865732,0.30269468515604564,0.8897331734020033,8.0,8,0.35506275,0.03044922402885705,0.03990880128456981,0.9296419746865732
A2_boundary_050,T0_standard,0.5,1.0,1.0,151,2,2,1,0.9373532901668555,0.27753163040316253,0.9044420209669599,9.941176470588236,11,0.5133822727272727,0.03291126919989564,0.029735440633248903,0.9373532901668555
A2_boundary_050,T0_standard,0.5,1.0,1.0,152,2,2,1,0.7013932529845772,0.8048518245556254,0.5103851149450667,5.0,5,0.2464702,0.1075986089759123,0.19100813803951053,0.7013932529845772
A2_boundary_050,T0_standard,0.5,1.0,1.0,160,2,2,1,0.9467741657852632,0.2446817639845677,0.918391957819799,11.842105263157896,13,0.5016772307692308,0.02484362624927274,0.028382207965464153,0.9467741657852632
A2_boundary_050,T0_standard,0.5,1.0,1.0,168,1,1,1,0.9084687210988296,0.36009762178294136,0.8423112510817827,13.0,13,0.4162788461538462,0.02537380888412358,0.9084687210988296,0.0661574700170468
A2_boundary_050,T0_standard,0.5,1.0,1.0,169,2,2,1,0.8196278701651827,0.5939496291255458,0.7129518857275975,10.285714285714286,11,0.44178781818181817,0.07369614539723222,0.10667598443758515,0.8196278701651827
A2_boundary_050,T0_standard,0.5,1.0,1.0,174,2,2,1,0.5711703911659324,0.9562632333618505,0.2857543460988199,5.0,5,0.3432982,0.2854160450671125,0.14341356376695516,0.5711703911659324
A2_boundary_050,T0_standard,0.5,1.0,1.0,176,2,2,1,0.7502510008677915,0.6348023463961318,0.5217780409542037,26.727272727272727,30,0.8189938999999999,0.021276039218620663,0.2284729599135879,0.7502510008677915
A2_boundary_050,T0_standard,0.5,1.0,1.0,178,2,2,1,0.9468992127785026,0.23954670598096045,0.909226670038162,28.594594594594593,32,0.95442090625,0.015428244481156749,0.037672542740340584,0.9468992127785026
A2_boundary_050,T0_standard,0.5,1.0,1.0,184,2,2,1,0.806470502606705,0.6213231855329382,0.6898060421671147,13.5,15,0.7859551333333333,0.1166644604395903,0.07686503695370472,0.806470502606705
A2_boundary_050,T0_standard,0.5,1.0,1.0,186,1,0,0,0.7799339448443185,0.6689562332118533,0.6360678483463219,13.5,15,0.6404765999999998,0.7799339448443185,0.07619995865768481,0.14386609649799662
A2_boundary_050,T0_standard,0.5,1.0,1.0,187,2,2,1,0.7788889866505007,0.6519553523061026,0.6124286372316943,13.235294117647058,14,0.5083184285714285,0.1664603494188064,0.054650663930692844,0.7788889866505007
A2_boundary_050,T0_standard,0.5,1.0,1.0,194,2,2,1,0.9375497209090942,0.2727232030181709,0.8949753689743386,10.88888888888889,12,0.537488,0.019875927156150344,0.04257435193475559,0.9375497209090942
A2_boundary_050,T0_standard,0.5,1.0,1.0,198,1,1,1,0.5957178610529256,0.8287727680956978,0.24287065030480492,13.5,15,0.7177088000000001,0.35284721074812064,0.5957178610529256,0.05143492819895376
A2_boundary_050,T0_standard,0.5,1.0,1.0,200,2,2,1,0.7664741426165711,0.7052936632456271,0.6467358308370925,5.0,5,0.2278204,0.11378754560395041,0.11973831177947862,0.7664741426165711
A2_boundary_050,T0_standard,0.5,1.0,1.0,202,2,2,1,0.8241646606001498,0.5356493809722578,0.6726298241329864,19.88235294117647,22,0.5913674545454545,0.024300502932686853,0.15153483646716337,0.8241646606001498
A2_boundary_050,T0_standard,0.5,1.0,1.0,205,1,1,1,0.841720136308894,0.4762296232620954,0.6942419025753901,50.4,56,1.062304125,0.010801629957602222,0.841720136308894,0.14747823373350383
A2_boundary_050,T0_standard,0.5,1.0,1.0,206,2,2,1,0.7760142488299393,0.6107559785241441,0.5772614471205529,19.6,22,0.6087270454545455,0.025232949460674316,0.1987528017093864,0.7760142488299393
A2_boundary_050,T0_standard,0.5,1.0,1.0,212,2,2,1,0.8297395916373428,0.565439493974881,0.7173641768970834,23.142857142857142,26,0.8470876538461538,0.05788499362239787,0.11237541474025936,0.8297395916373428
A2_boundary_050,T0_standard,0.5,1.0,1.0,214,2,2,1,0.903325258136724,0.3824436182220863,0.8445294984127246,41.094339622641506,46,1.0707565,0.03787898213927647,0.05879575972399942,0.903325258136724
A2_boundary_050,T0_standard,0.5,1.0,1.0,222,2,2,1,0.7847901967995635,0.6641170395048619,0.6522460368441946,4.0,4,0.5312697500000001,0.08266564324506755,0.13254415995536895,0.7847901967995635
A2_boundary_050,T0_standard,0.5,1.0,1.0,229,1,1,1,0.82973117933973,0.5002275163944833,0.6716641991772901,20.166666666666668,21,0.46933819047619046,0.012201840497830225,0.82973117933973,0.15806698016243978
A2_boundary_050,T0_standard,0.5,1.0,1.0,231,2,2,1,0.944748718609892,0.24768092943291997,0.9063526036943192,5.0,5,0.4425108,0.016855166474535378,0.038396114915572696,0.944748718609892
A2_boundary_050,T0_standard,0.5,1.0,1.0,233,2,2,1,0.8554497790125478,0.5086287922854931,0.7648367373029494,60.48837209302326,67,1.22872771641791,0.05393717927785385,0.09061304170959839,0.8554497790125478
A2_boundary_050,T0_standard,0.5,1.0,1.0,235,2,2,1,0.6565685424249633,0.7833235642313878,0.36174876324260113,22.72972972972973,25,0.58303204,0.04861167839267453,0.2948197791823622,0.6565685424249633
A2_boundary_050,T0_standard,0.5,1.0,1.0,239,2,2,1,0.8134446327346673,0.6048282686569916,0.6972836582392954,16.133333333333333,18,0.5865500555555556,0.11616097449537194,0.0703943927699608,0.8134446327346673
A2_boundary_050,T0_standard,0.5,1.0,1.0,242,2,2,1,0.5714766649223672,0.8272507047223567,0.18813591874587238,13.761904761904763,15,0.6072851333333332,0.3833407461764948,0.04518258890113801,0.5714766649223672
A2_boundary_050,T0_standard,0.5,1.0,1.0,244,2,2,1,0.8596876655670213,0.49221285614677524,0.7626424624400577,99.11003236245955,108,1.5329172870370373,0.043267131306015304,0.0970452031269635,0.8596876655670213
A2_boundary_050,T0_standard,0.5,1.0,1.0,245,2,2,1,0.8884433691417061,0.4234843885606906,0.8185746424258579,11.636363636363637,13,0.5391935384615386,0.06986872671584819,0.0416879041424457,0.8884433691417061
A2_boundary_050,T0_standard,0.5,1.0,1.0,249,0,0,1,0.6709826516347129,0.7958494489932662,0.40614785403373344,28.470588235294116,32,0.737368,0.6709826516347129,0.06418255076430748,0.2648347976009795
A2_boundary_050,T0_standard,0.5,1.0,1.0,253,0,0,1,0.8231104793430768,0.5775634252119503,0.7028691411199569,85.87786259541984,94,1.2869785319148936,0.8231104793430768,0.056648182433803373,0.1202413382231199
A2_boundary_050,T0_standard,0.5,1.0,1.0,259,1,0,0,0.49684156589762296,1.0406852495653232,0.22785924481561148,10.0,10,0.49205679999999996,0.49684156589762296,0.2341761130203655,0.2689823210820115
A2_boundary_050,T0_standard,0.5,1.0,1.0,260,1,1,1,0.783188822272127,0.5671524227872784,0.5776525479179533,11.266666666666667,12,0.5609836666666668,0.011274903373699203,0.783188822272127,0.20553627435417374
A2_boundary_050,T0_standard,0.5,1.0,1.0,269,1,1,1,0.9561529106241123,0.20810342530261203,0.9272327635699827,11.0,11,0.3788078181818182,0.014926942321758209,0.9561529106241123,0.02892014705412957
A2_boundary_050,T0_standard,0.5,1.0,1.0,270,1,1,1,0.9723436944178824,0.1455744629295253,0.9573771511293895,7.0,7,0.36814757142857146,0.012689762293624595,0.9723436944178824,0.014966543288492874
A2_boundary_050,T0_standard,0.5,1.0,1.0,271,2,2,1,0.5248083239368715,1.0069424118656887,0.2291151395620507,4.0,4,0.6352672500000001,0.2956931843748208,0.1794984916883077,0.5248083239368715
A2_boundary_050,T0_standard,0.5,1.0,1.0,276,1,2,0,0.5942039617970695,0.7797532657295483,0.21740992618149813,8.0,8,0.425745125,0.029002002587359164,0.37679403561557134,0.5942039617970695
A2_boundary_050,T0_standard,0.5,1.0,1.0,278,1,1,1,0.8299898137761489,0.4994024390397721,0.6720271849319217,9.307692307692308,10,0.49930959999999996,0.012047557379623975,0.8299898137761489,0.15796262884422718
A2_boundary_050,T0_standard,0.5,1.0,1.0,290,2,2,1,0.8294387776212244,0.5584336780136413,0.7071941575510272,9.8,11,0.6727623636363637,0.04831660230857847,0.12224462007019718,0.8294387776212244
A2_boundary_050,T0_standard,0.5,1.0,1.0,293,2,2,1,0.9097841308477743,0.35764307371307513,0.8460493629612995,16.03030303030303,18,0.6691911666666666,0.026481101265750845,0.06373476788647482,0.9097841308477743
A2_boundary_050,T0_standard,0.5,1.0,1.0,297,2,2,1,0.49284275592225496,1.0442536183485578,0.23017688948041265,9.307692307692308,10,0.4448850999999999,0.24449137763590287,0.2626658664418423,0.49284275592225496
A2_boundary_050,T0_standard,0.5,1.0,1.0,298,2,2,1,0.7077460829723108,0.7943198049480741,0.519334422635626,14.285714285714286,16,0.6169322500000001,0.10384225669100434,0.18841166033668483,0.7077460829723108
A2_boundary_050,T0_standard,0.5,1.0,1.0,299,1,1,1,0.8667663938769514,0.4318040469917367,0.7450987053843297,15.206896551724139,17,0.6325850000000001,0.011565917630426773,0.8667663938769514,0.12166768849262181
A2_boundary_050,T0_standard,0.5,1.0,1.0,304,1,1,1,0.9629015737506158,0.18079849815851518,0.9363951810021562,19.6,22,0.6175126818181818,0.0265063927484596,0.9629015737506158,0.010592033500924563
A2_boundary_050,T0_standard,0.5,1.0,1.0,308,2,2,1,0.8635529073322462,0.4759851294343652,0.7619507485201996,18.666666666666668,21,0.744395857142857,0.034844933855707264,0.10160215881204662,0.8635529073322462
A2_boundary_050,T0_standard,0.5,1.0,1.0,311,1,1,1,0.7327099255626526,0.6478680821281774,0.4839480882457741,22.5,25,0.62898604,0.01852823712046887,0.7327099255626526,0.24876183731687845
A2_boundary_050,T0_standard,0.5,1.0,1.0,314,1,1,1,0.7796904902793161,0.5890504649184113,0.5771433488811417,9.0,9,0.4122361111111112,0.017762368322509454,0.7796904902793161,0.20254714139817442
A2_boundary_050,T0_standard,0.5,1.0,1.0,321,2,2,1,0.7889254189590658,0.6209216361958465,0.6200098612712038,4.0,4,0.34794725,0.04215902335307227,0.16891555768786193,0.7889254189590658
A2_boundary_050,T0_standard,0.5,1.0,1.0,322,1,1,1,0.9007727052364982,0.3659853167165276,0.816812856901954,11.636363636363637,13,0.5984578461538462,0.015267446428957583,0.9007727052364982,0.08395984833454417
A2_boundary_050,T0_standard,0.5,1.0,1.0,324,1,2,0,0.5668824632904816,0.7749455286807965,0.15706997469790185,7.0,7,0.3544742857142857,0.023305048116938537,0.4098124885925798,0.5668824632904816
A2_boundary_050,T0_standard,0.5,1.0,1.0,326,2,2,1,0.9210616769610807,0.3305240104515662,0.8778229623931761,7.0,7,0.42478699999999997,0.04323871456790447,0.03569960847101494,0.9210616769610807
A2_boundary_050,T0_standard,0.5,1.0,1.0,327,1,1,1,0.8858055432617516,0.3837049688284496,0.779429531426502,9.0,9,0.38338188888888886,0.007818444902998609,0.8858055432617516,0.10637601183524972
A2_boundary_050,T0_standard,0.5,1.0,1.0,329,1,1,1,0.9593350908765005,0.1964138199969649,0.9329579635968173,6.0,6,0.44581633333333337,0.02637712727968323,0.9593350908765005,0.014287781843816216
A2_boundary_050,T0_standard,0.5,1.0,1.0,331,1,1,1,0.6277588413960148,0.7304555086362661,0.2729288022020695,7.0,7,0.4697390000000001,0.017411119410039932,0.6277588413960148,0.3548300391939453
A2_boundary_050,T0_standard,0.5,1.0,1.0,332,2,1,0,0.3595234036900841,1.0956411990690442,0.017768079412843252,16.03030303030303,18,0.71271,0.29872127203267507,0.3595234036900841,0.34175532427724087
A2_boundary_050,T0_standard,0.5,1.0,1.0,334,1,1,1,0.9561676897046496,0.20153961714675694,0.9208652746292927,15.206896551724139,17,0.6182341764705882,0.008529895219993497,0.9561676897046496,0.0353024150753569
A2_boundary_050,T0_standard,0.5,1.0,1.0,338,1,0,0,0.8194852628599335,0.592504703205607,0.7085241580843864,152.7292069632495,163,1.9818752024539878,0.8194852628599335,0.11096110477554712,0.06955363236451932
A2_boundary_050,T0_standard,0.5,1.0,1.0,339,1,0,0,0.7699583215033345,0.6976217170228722,0.6434075860135327,54.53521126760563,61,0.9155766885245903,0.7699583215033345,0.10349094300686362,0.12655073548980186
A2_boundary_050,T0_standard,0.5,1.0,1.0,340,0,0,1,0.8165805238326584,0.5954664029532649,0.6976386849294741,71.34703196347031,78,1.3844180128205126,0.8165805238326584,0.11894183890318431,0.0644776372641572
A2_boundary_050,T0_standard,0.5,1.0,1.0,347,0,0,1,0.7305555929293068,0.7619679308659,0.5641902130250351,14.0,14,0.44679828571428576,0.7305555929293068,0.10307902716642148,0.16636537990427172
A2_boundary_050,T0_standard,0.5,1.0,1.0,360,2,2,1,0.886650181719588,0.4126595798069837,0.7978240504805221,10.88888888888889,12,0.5786047499999999,0.0245236870413461,0.0888261312390659,0.886650181719588
A2_boundary_050,T0_standard,0.5,1.0,1.0,361,2,2,1,0.7316756280303336,0.7335819697038918,0.531450842272509,9.307692307692308,10,0.5130506,0.06809958621184181,0.20022478575782454,0.7316756280303336
A2_boundary_050,T0_standard,0.5,1.0,1.0,362,2,2,1,0.8010623946934368,0.623554523263331,0.6656795427598157,10.285714285714286,11,0.5684201818181817,0.06355475337294217,0.13538285193362107,0.8010623946934368
A2_boundary_050,T0_standard,0.5,1.0,1.0,366,0,0,1,0.8454462034694596,0.5371524351894504,0.7619347048383571,6.0,6,0.3645646666666667,0.8454462034694596,0.08351149863110251,0.0710422978994377
A2_boundary_050,T0_standard,0.5,1.0,1.0,374,0,0,1,0.884064941469054,0.43542554070418216,0.8115670233167436,16.333333333333332,18,0.5402341666666667,0.884064941469054,0.07249791815231045,0.043437140378635476
A2_boundary_050,T0_standard,0.5,1.0,1.0,376,0,0,1,0.8580450433517801,0.5027112900576578,0.7699262958745497,16.333333333333332,18,0.5590460555555555,0.8580450433517801,0.08811874747723032,0.05383620917098958
A2_boundary_050,T0_standard,0.5,1.0,1.0,378,0,0,1,0.8446821788424865,0.533808300591792,0.7461619295930576,15.210526315789474,16,0.487147875,0.8446821788424865,0.09852024924942895,0.05679757190808452
A2_boundary_050,T0_standard,0.5,1.0,1.0,380,0,0,1,0.8444144702271448,0.5338438934762764,0.7446750027657187,17.285714285714285,19,0.48924563157894735,0.8444144702271448,0.09973946746142603,0.055846062311429176
A2_boundary_050,T0_standard,0.5,1.0,1.0,387,0,0,1,0.7311836101621589,0.7448451070654274,0.5413381708607283,39.6,44,1.1116842272727274,0.7311836101621589,0.18984543930143066,0.07897095053641047
A2_boundary_050,T0_standard,0.5,1.0,1.0,388,0,0,1,0.7631267792981398,0.6997982143063572,0.6075605075789834,20.454545454545453,23,0.6896618260869564,0.7631267792981398,0.15556627171915638,0.08130694898270376
A2_boundary_050,T0_standard,0.5,1.0,1.0,389,0,0,1,0.8762627999372216,0.4564413184490415,0.7994771186224026,21.333333333333332,24,0.8380092500000001,0.8762627999372216,0.076785681314819,0.0469515187479595
A2_boundary_050,T0_standard,0.5,1.0,1.0,391,0,0,1,0.8812197473875953,0.442786127300908,0.8064400260897083,30.31578947368421,34,0.927025911764706,0.8812197473875953,0.07477972129788697,0.04400053131451772
A2_boundary_050,T0_standard,0.5,1.0,1.0,400,0,0,1,0.8918159415475303,0.41723778201154127,0.8327857487909021,13.5,15,0.5019540666666668,0.8918159415475303,0.059030192756628234,0.0491538656958416
A2_boundary_050,T0_standard,0.5,1.0,1.0,403,0,0,1,0.8683818514508567,0.4783744613857869,0.790286019924257,11.842105263157896,13,0.619328,0.8683818514508567,0.07809583152659977,0.05352231702254347
A2_boundary_050,T0_standard,0.5,1.0,1.0,405,0,0,1,0.7564796827147585,0.7199534117646095,0.612859744837887,42.36134453781513,47,1.081583680851064,0.7564796827147585,0.09990037940836986,0.14361993787687155
A2_boundary_050,T0_standard,0.5,1.0,1.0,411,2,2,1,0.8410950168015421,0.5435231957960562,0.7428839206672281,3.0,3,0.201223,0.0606938870641439,0.09821109613431404,0.8410950168015421
A2_boundary_050,T0_standard,0.5,1.0,1.0,413,0,0,1,0.8320247350627912,0.561893469990925,0.7236247857427245,74.88679245283019,83,1.1146613373493979,0.8320247350627912,0.10839994932006675,0.059575315617142036
A2_boundary_050,T0_standard,0.5,1.0,1.0,421,0,0,1,0.7902131744155785,0.6567647897412505,0.6697406266906392,53.34146341463415,60,0.8280121,0.7902131744155785,0.12047254772493927,0.08931427785948225
A2_boundary_050,T0_standard,0.5,1.0,1.0,422,0,0,1,0.8980411338442774,0.3990563580493524,0.8399976822342361,64.57471264367815,72,0.9631183333333332,0.8980411338442774,0.043915414545681264,0.05804345161004128
A2_boundary_050,T0_standard,0.5,1.0,1.0,426,0,0,1,0.8930227454002861,0.41429670467600344,0.8391476900951744,34.935483870967744,39,1.0525164615384617,0.8930227454002861,0.053875055305111684,0.05310219929460223
A2_boundary_050,T0_standard,0.5,1.0,1.0,429,0,0,1,0.8318165823476763,0.5695560861047482,0.7466461123993404,60.08888888888889,66,1.4506720606060608,0.8318165823476763,0.0830129477039878,0.08517046994833592
A2_boundary_050,T0_standard,0.5,1.0,1.0,430,0,0,1,0.8135601767424949,0.6102470578612323,0.7198599932298211,63.83937823834197,70,1.3141251428571425,0.8135601767424949,0.09273963974483126,0.09370018351267381
A2_boundary_050,T0_standard,0.5,1.0,1.0,432,0,0,1,0.8194974473900564,0.5971497850062283,0.7259593645965423,90.78014184397163,99,1.6191042626262624,0.8194974473900564,0.09353808279351408,0.0869644698164296
A2_boundary_050,T0_standard,0.5,1.0,1.0,433,0,0,1,0.8322427423083693,0.5675613088333451,0.7390727467616653,59.654970760233915,66,1.1340002424242426,0.8322427423083693,0.09316999554670385,0.07458726214492684
A2_boundary_050,T0_standard,0.5,1.0,1.0,438,0,0,1,0.8923499125106603,0.41609800884634923,0.8362849177327467,149.55378486055776,160,2.0565121187499997,0.8923499125106603,0.051585092711426216,0.056064994777913636
A2_boundary_050,T0_standard,0.5,1.0,1.0,439,0,0,1,0.8717505810383738,0.4718867272148741,0.805759657338335,133.70776255707761,144,1.8719137986111112,0.8717505810383738,0.06599092370003874,0.06225849526158748
A2_boundary_050,T0_standard,0.5,1.0,1.0,452,1,1,1,0.9532200634988214,0.21872322816751932,0.9220690355031012,14.44,16,0.5164338125,0.015628908505458394,0.9532200634988214,0.031151027995720237
A6_boundary_0625,T0_standard,0.625,1.0,1.0,1,1,1,1,0.9652084376520391,0.17495032229308094,0.9460066096156271,183.75063484002033,191,1.7893955968586386,0.019201828036412006,0.9652084376520391,0.015589734311548847
A6_boundary_0625,T0_standard,0.625,1.0,1.0,2,0,0,1,0.384336847840996,1.082552021896503,0.02024447168172544,27.461022632020118,29,0.9194155862068966,0.384336847840996,0.36409237615927054,0.2515707759997334
A6_boundary_0625,T0_standard,0.625,1.0,1.0,7,0,0,1,0.617250788891105,0.8522959342252172,0.30777778903819375,66.61386138613861,70,1.2559205428571434,0.617250788891105,0.07327621125598373,0.3094729998529112
A6_boundary_0625,T0_standard,0.625,1.0,1.0,8,0,0,1,0.852904770133739,0.5113875996208307,0.7550182687216446,65.75600739371534,69,1.4160222753623186,0.852904770133739,0.04920872845416662,0.0978865014120944
A6_boundary_0625,T0_standard,0.625,1.0,1.0,9,0,0,1,0.8091295290975754,0.6191141219386121,0.7057031958898587,92.73042742276766,97,1.6381157731958764,0.8091295290975754,0.087444137694708,0.10342633320771667
A6_boundary_0625,T0_standard,0.625,1.0,1.0,12,0,0,1,0.8695679930308403,0.4770550299094232,0.7983095218497659,61.785496441884106,65,1.1779163384615385,0.8695679930308403,0.07125847118107442,0.05917353578808538
A6_boundary_0625,T0_standard,0.625,1.0,1.0,15,1,1,1,0.9737837741643635,0.13947045782081052,0.9600088237718628,36.008059516429014,38,1.0010864210526318,0.012441275443135778,0.9737837741643635,0.013774950392500677
A6_boundary_0625,T0_standard,0.625,1.0,1.0,18,1,0,0,0.9040003470246595,0.3826071563745017,0.8534268228325299,91.53465346534654,96,1.3256457604166665,0.9040003470246595,0.05057352419212961,0.04542612878321079
A6_boundary_0625,T0_standard,0.625,1.0,1.0,22,1,1,1,0.966130455125101,0.16809371609589618,0.9418133262212482,18.059701492537314,19,0.8067329999999999,0.009552415971046368,0.966130455125101,0.02431712890385279
A6_boundary_0625,T0_standard,0.625,1.0,1.0,28,1,1,1,0.9008322699309564,0.35202332284390225,0.8100658277870948,20.0,21,0.7458260476190477,0.008401287925182079,0.9008322699309564,0.09076644214386165
A6_boundary_0625,T0_standard,0.625,1.0,1.0,29,1,1,1,0.7521826311336961,0.6234169271688554,0.5219591709634472,12.703296703296703,13,0.504573923076923,0.017593908696055028,0.7521826311336961,0.23022346017024883
A6_boundary_0625,T0_standard,0.625,1.0,1.0,32,0,2,0,0.4928415693621345,0.9792862907119106,0.11343160760328114,111.08421785279276,116,1.5386575431034482,0.3794099617588534,0.127748468879012,0.4928415693621345
A6_boundary_0625,T0_standard,0.625,1.0,1.0,35,0,0,1,0.6005315041972432,0.9309966962895673,0.3401811539479115,32.21970289288507,34,0.681779294117647,0.6005315041972432,0.139118145553425,0.26035035024933173
A6_boundary_0625,T0_standard,0.625,1.0,1.0,37,0,0,1,0.8856327993193458,0.4348230132297549,0.8284229679693607,176.63794398540617,184,1.7882877282608698,0.8856327993193458,0.057209831349985134,0.057157369330668985
A6_boundary_0625,T0_standard,0.625,1.0,1.0,38,0,0,1,0.8048688203210469,0.6286881514188238,0.7035457565436859,35.04777275661717,37,0.9075333243243243,0.8048688203210469,0.09380811590159203,0.101323063777361
A6_boundary_0625,T0_standard,0.625,1.0,1.0,39,0,0,1,0.8456546573850136,0.5363209053696589,0.7604561259165855,31.243243243243242,33,0.8299917878787879,0.8456546573850136,0.085198531468428,0.06914681114655848
A6_boundary_0625,T0_standard,0.625,1.0,1.0,41,0,0,1,0.8250179737549739,0.5846705132365455,0.7322675492268501,66.80471782621679,70,1.2843535142857143,0.8250179737549739,0.09275042452812378,0.08223160171690233
A6_boundary_0625,T0_standard,0.625,1.0,1.0,44,0,0,1,0.8758812645491727,0.46090387746983474,0.8104765881361959,24.03201024327785,25,0.5948057999999999,0.8758812645491727,0.0654046764129767,0.05871405903785072
A6_boundary_0625,T0_standard,0.625,1.0,1.0,49,1,0,0,0.546150436243661,0.9383775084550723,0.2006959378886345,16.0,16,0.37066231250000004,0.546150436243661,0.10839506540131255,0.3454544983550265
A6_boundary_0625,T0_standard,0.625,1.0,1.0,51,0,0,1,0.6156954958817874,0.8758920784831292,0.32188815614680605,17.454545454545453,18,0.5287885,0.6156954958817874,0.09049716438323127,0.29380733973498135
A6_boundary_0625,T0_standard,0.625,1.0,1.0,55,0,0,1,0.9047736418454925,0.3791770934551011,0.8493272940047314,37.16742081447964,39,0.6499513846153847,0.9047736418454925,0.05544634784076113,0.03978001031374652
A6_boundary_0625,T0_standard,0.625,1.0,1.0,60,0,0,1,0.8925656171930867,0.4143757020944514,0.8308028555357823,48.49484536082474,51,1.224436588235294,0.8925656171930867,0.06176276165730441,0.04567162114960893
A6_boundary_0625,T0_standard,0.625,1.0,1.0,61,0,0,1,0.7848650814363354,0.6626274704316014,0.6496743379103909,31.25382932166302,33,0.9699814242424242,0.7848650814363354,0.07994417503772007,0.13519074352594457
A6_boundary_0625,T0_standard,0.625,1.0,1.0,71,2,2,1,0.8805484991210686,0.44524431438409057,0.8066739420785075,13.495327102803738,14,0.6911514999999999,0.07387455704256106,0.04557694383637037,0.8805484991210686
A6_boundary_0625,T0_standard,0.625,1.0,1.0,75,0,1,0,0.714042261671193,0.6544661515368124,0.44211388201459806,18.059701492537314,19,0.7114136315789473,0.014029358672211995,0.714042261671193,0.27192837965659494
A6_boundary_0625,T0_standard,0.625,1.0,1.0,77,0,0,1,0.6473154514508501,0.826799945942705,0.3660550972919535,9.0,9,0.3371106666666667,0.6473154514508501,0.2812603541588966,0.07142419439025322
A6_boundary_0625,T0_standard,0.625,1.0,1.0,84,2,2,1,0.6942230534793875,0.6971587787154786,0.41138918118513124,8.0,8,0.40794074999999996,0.02294307422635618,0.28283387229425627,0.6942230534793875
A6_boundary_0625,T0_standard,0.625,1.0,1.0,85,2,0,0,0.5319547831758924,0.9947674022923694,0.2287502962855349,9.560975609756097,10,0.6327266,0.5319547831758924,0.1648407299337501,0.3032044868903575
A6_boundary_0625,T0_standard,0.625,1.0,1.0,86,0,2,0,0.8105971887313179,0.5909862011535431,0.6677543595550376,13.495327102803738,14,0.5406887857142857,0.04655998209240183,0.1428428291762803,0.8105971887313179
A6_boundary_0625,T0_standard,0.625,1.0,1.0,87,0,2,0,0.5305650510786504,0.8752563221531149,0.12353122002357303,7.0,7,0.5237958571428571,0.40703383105507734,0.0624011178662722,0.5305650510786504
A6_boundary_0625,T0_standard,0.625,1.0,1.0,88,0,0,1,0.4776799916455155,0.9100106300964586,0.032031494958194295,8.0,8,0.40546887499999995,0.4776799916455155,0.07667151166716331,0.4456484966873212
A6_boundary_0625,T0_standard,0.625,1.0,1.0,89,0,2,0,0.7556216380557098,0.6922239350960901,0.571192179423904,7.0,7,0.3756504285714285,0.18442945863180582,0.0599489033124843,0.7556216380557098
A6_boundary_0625,T0_standard,0.625,1.0,1.0,90,0,0,1,0.5430040034722561,0.9551824893208944,0.2085878302207323,8.727272727272727,9,0.6029300000000001,0.5430040034722561,0.12257982327622008,0.3344161732515238
A6_boundary_0625,T0_standard,0.625,1.0,1.0,93,0,0,1,0.6019438651235202,0.9286994210586597,0.34124467335459974,10.541076487252125,11,0.3752034545454545,0.6019438651235202,0.13735694310755941,0.2606991917689204
A6_boundary_0625,T0_standard,0.625,1.0,1.0,98,0,0,1,0.6718485775912965,0.8318364560949159,0.44041982018716874,17.0,17,0.4362414705882353,0.6718485775912965,0.0967226650045758,0.23142875740412774
A6_boundary_0625,T0_standard,0.625,1.0,1.0,101,0,0,1,0.7948855594656019,0.6490477348317469,0.6849030088127286,13.0,13,0.519376153846154,0.7948855594656019,0.10998255065287327,0.09513188988152499
A6_boundary_0625,T0_standard,0.625,1.0,1.0,102,0,0,1,0.8551999099786158,0.5115236804031139,0.7695830433735766,12.0,12,0.54038,0.8551999099786158,0.08561686660503921,0.059183223416344806
A6_boundary_0625,T0_standard,0.625,1.0,1.0,106,0,0,1,0.6902535975820111,0.7612814034823872,0.43390890318635444,96.52202283849918,101,1.456544306930693,0.6902535975820111,0.053401708022332094,0.25634469439565666
A6_boundary_0625,T0_standard,0.625,1.0,1.0,118,0,0,1,0.7564444993407123,0.7174125867643313,0.6065494372161881,25.565217391304348,27,0.771531037037037,0.7564444993407123,0.09366043853476323,0.14989506212452425
A6_boundary_0625,T0_standard,0.625,1.0,1.0,119,0,0,1,0.8534621692576313,0.5182096667270206,0.7790160423643835,92.58519793459553,97,1.3621651546391753,0.8534621692576313,0.07209170384912085,0.07444612689324782
A6_boundary_0625,T0_standard,0.625,1.0,1.0,120,0,0,1,0.8498263462248479,0.525251516729643,0.7629742104101656,73.47826086956522,77,1.3922861558441562,0.8498263462248479,0.06332151796046984,0.08685213581468235
A6_boundary_0625,T0_standard,0.625,1.0,1.0,123,0,0,1,0.8736996239158371,0.46680481763705467,0.8091102682724887,19.682745825602968,20,0.5155320999999999,0.8736996239158371,0.06458935564334845,0.06171102044081437
A6_boundary_0625,T0_standard,0.625,1.0,1.0,124,0,0,1,0.8990423741960427,0.39704229643527494,0.8461212807298771,44.49706979222163,47,0.8481854893617022,0.8990423741960427,0.04803653233779179,0.05292109346616554
A6_boundary_0625,T0_standard,0.625,1.0,1.0,129,0,0,1,0.7803976526111502,0.6769827476720358,0.6572013633033456,60.86261107313739,64,1.315091625,0.7803976526111502,0.12319628930780471,0.09640605808104506
A6_boundary_0625,T0_standard,0.625,1.0,1.0,130,0,0,1,0.7582825164019832,0.7192570691527039,0.624708204298307,71.44918872758326,75,1.3049385733333334,0.7582825164019832,0.10814317149434063,0.13357431210367615
A6_boundary_0625,T0_standard,0.625,1.0,1.0,134,1,1,1,0.9455596111652784,0.24894306875625088,0.9161280029799459,22.834532374100718,24,0.7835483333333334,0.029431608185332494,0.9455596111652784,0.02500878064938917
A6_boundary_0625,T0_standard,0.625,1.0,1.0,136,1,1,1,0.8623693769520551,0.4485923682332946,0.7400038566640376,97.82669789227167,102,1.6543439509803923,0.015265102759927424,0.8623693769520551,0.12236552028801755
A6_boundary_0625,T0_standard,0.625,1.0,1.0,138,1,1,1,0.5400194562296654,0.7520636361625783,0.09387983698332164,7.0,7,0.46868471428571423,0.013840924523990775,0.5400194562296654,0.44613961924634377
A6_boundary_0625,T0_standard,0.625,1.0,1.0,140,1,0,0,0.5252758688639587,0.9516809737887179,0.1629369869822359,11.0,11,0.4528042727272727,0.5252758688639587,0.3623388818817228,0.11238524925431848
A6_boundary_0625,T0_standard,0.625,1.0,1.0,145,1,1,1,0.953207154332145,0.21542656632551843,0.918251761257176,86.96832579185521,91,1.4519752857142858,0.011837452592885996,0.953207154332145,0.034955393074968935
A6_boundary_0625,T0_standard,0.625,1.0,1.0,149,2,2,1,0.8467395243760376,0.5317791626767812,0.7555679266911044,13.699228791773779,14,0.40021921428571433,0.062088877939029126,0.09117159768493324,0.8467395243760376
A6_boundary_0625,T0_standard,0.625,1.0,1.0,150,2,2,1,0.9296419746865732,0.30269468515604564,0.8897331734020033,8.0,8,0.35506275,0.03044922402885705,0.03990880128456981,0.9296419746865732
A6_boundary_0625,T0_standard,0.625,1.0,1.0,151,2,2,1,0.9366121936083049,0.28007126961811557,0.9035982375070358,10.541076487252125,11,0.5133822727272727,0.03301395610126913,0.030373850290426014,0.9366121936083049
A6_boundary_0625,T0_standard,0.625,1.0,1.0,152,2,2,1,0.7013932529845772,0.8048518245556254,0.5103851149450667,5.0,5,0.2464702,0.1075986089759123,0.19100813803951053,0.7013932529845772
A6_boundary_0625,T0_standard,0.625,1.0,1.0,160,2,2,1,0.9457889557162837,0.24815619006075967,0.9166509207437663,12.508684863523573,13,0.5016772307692308,0.025073009311198775,0.02913803497251742,0.9457889557162837
A6_boundary_0625,T0_standard,0.625,1.0,1.0,168,1,1,1,0.9084687210988296,0.36009762178294136,0.8423112510817827,13.0,13,0.4162788461538462,0.02537380888412358,0.9084687210988296,0.0661574700170468
A6_boundary_0625,T0_standard,0.625,1.0,1.0,169,2,2,1,0.8182652862662715,0.5965211874481647,0.7097193543959136,10.713375796178344,11,0.44178781818181817,0.0731887818633707,0.10854593187035784,0.8182652862662715
A6_boundary_0625,T0_standard,0.625,1.0,1.0,174,2,2,1,0.5711703911659324,0.9562632333618505,0.2857543460988199,5.0,5,0.3432982,0.2854160450671125,0.14341356376695516,0.5711703911659324
A6_boundary_0625,T0_standard,0.625,1.0,1.0,176,2,2,1,0.7478948831218301,0.6375029728955767,0.5170301816444374,28.40394088669951,30,0.8189938999999999,0.021240415400777306,0.23086470147739266,0.7478948831218301
A6_boundary_0625,T0_standard,0.625,1.0,1.0,178,2,2,1,0.945446732178857,0.244284346797385,0.9064115365118115,30.315007429420504,32,0.95442090625,0.015518072154097423,0.03903519566704553,0.945446732178857
A6_boundary_0625,T0_standard,0.625,1.0,1.0,184,2,2,1,0.797239826731414,0.6401592173805704,0.6743733208838122,14.341463414634147,15,0.7859551333333333,0.1228665058476018,0.07989366742098403,0.797239826731414
A6_boundary_0625,T0_standard,0.625,1.0,1.0,186,1,0,0,0.7777807358550615,0.6725308785804218,0.6316908221258557,14.341463414634147,15,0.6404765999999998,0.7777807358550615,0.0761293504157329,0.14608991372920574
A6_boundary_0625,T0_standard,0.625,1.0,1.0,187,2,2,1,0.7749874263295509,0.6578087368226819,0.6045271119655716,13.699228791773779,14,0.5083184285714285,0.1704603143639792,0.05455225930646989,0.7749874263295509
A6_boundary_0625,T0_standard,0.625,1.0,1.0,194,2,2,1,0.9384767444233574,0.2697407636471957,0.8966878828659859,11.523809523809524,12,0.537488,0.019734394019271125,0.041788861557371514,0.9384767444233574
A6_boundary_0625,T0_standard,0.625,1.0,1.0,198,1,1,1,0.5914264298984179,0.8300435637820969,0.2338064732835332,14.341463414634147,15,0.7177088000000001,0.35761995661488466,0.5914264298984179,0.05095361348669753
A6_boundary_0625,T0_standard,0.625,1.0,1.0,200,2,2,1,0.7664741426165711,0.7052936632456271,0.6467358308370925,5.0,5,0.2278204,0.11378754560395041,0.11973831177947862,0.7664741426165711
A6_boundary_0625,T0_standard,0.625,1.0,1.0,202,2,2,1,0.8256968518134912,0.5338119199752045,0.6761177153979072,21.08215297450425,22,0.5913674545454545,0.024724011770924918,0.149579136415584,0.8256968518134912
A6_boundary_0625,T0_standard,0.625,1.0,1.0,205,1,1,1,0.8289916477151581,0.4985737838995655,0.6690850512155665,53.168539325842694,56,1.062304125,0.011101755785250328,0.8289916477151581,0.1599065964995916
A6_boundary_0625,T0_standard,0.625,1.0,1.0,206,2,2,1,0.7734223388851162,0.6154546798163113,0.5726538571927324,20.897959183673468,22,0.6087270454545455,0.025809179422499964,0.2007684816923838,0.7734223388851162
A6_boundary_0625,T0_standard,0.625,1.0,1.0,212,2,2,1,0.8176360939134224,0.5922065928029521,0.6978022508287337,24.615384615384617,26,0.8470876538461538,0.06253006300188893,0.11983384308468874,0.8176360939134224
A6_boundary_0625,T0_standard,0.625,1.0,1.0,214,2,2,1,0.8996357618442758,0.39358353672669744,0.8398064633300789,43.575129533678755,46,1.0707565,0.04053493964152728,0.05982929851419689,0.8996357618442758
A6_boundary_0625,T0_standard,0.625,1.0,1.0,222,2,2,1,0.7847901967995635,0.6641170395048619,0.6522460368441946,4.0,4,0.5312697500000001,0.08266564324506755,0.13254415995536895,0.7847901967995635
A6_boundary_0625,T0_standard,0.625,1.0,1.0,229,1,1,1,0.8270195668910052,0.5049197724136767,0.6663278765673074,20.680851063829788,21,0.46933819047619046,0.01228874278529705,0.8270195668910052,0.16069169032369782
A6_boundary_0625,T0_standard,0.625,1.0,1.0,231,2,2,1,0.944748718609892,0.24768092943291997,0.9063526036943192,5.0,5,0.4425108,0.016855166474535378,0.038396114915572696,0.944748718609892
A6_boundary_0625,T0_standard,0.625,1.0,1.0,233,2,2,1,0.8479567797523423,0.5262153858934778,0.7517766162112554,63.68421052631579,67,1.22872771641791,0.05586305670657084,0.09618016354108698,0.8479567797523423
A6_boundary_0625,T0_standard,0.625,1.0,1.0,235,2,2,1,0.6644174833086862,0.7779191066434878,0.37803021019090066,24.03201024327785,25,0.58303204,0.049195243573528155,0.28638727311778556,0.6644174833086862
A6_boundary_0625,T0_standard,0.625,1.0,1.0,239,2,2,1,0.8028833996225307,0.6268063293321556,0.6797288776161486,17.168316831683168,18,0.5865500555555556,0.1231545220063821,0.07396207837108718,0.8028833996225307
A6_boundary_0625,T0_standard,0.625,1.0,1.0,242,2,2,1,0.5797144191555726,0.820918675159964,0.2032547319509676,14.483443708609272,15,0.6072851333333332,0.37645968720460504,0.04382589363982219,0.5797144191555726
A6_boundary_0625,T0_standard,0.625,1.0,1.0,244,2,2,1,0.8609221138402458,0.48923965309013473,0.7647721269174941,103.3466967814794,108,1.5329172870370373,0.04292789923700261,0.0961499869227517,0.8609221138402458
A6_boundary_0625,T0_standard,0.625,1.0,1.0,245,2,2,1,0.8882234561751865,0.4244240256715407,0.8188886363359571,12.389140271493213,13,0.5391935384615386,0.06933481983922946,0.04244172398558404,0.8882234561751865
A6_boundary_0625,T0_standard,0.625,1.0,1.0,249,0,0,1,0.6455132306108944,0.8195959535964579,0.3563744695233516,30.29652996845426,32,0.737368,0.6455132306108944,0.06534800830156287,0.2891387610875428
A6_boundary_0625,T0_standard,0.625,1.0,1.0,253,0,0,1,0.811633323263617,0.5996445390790677,0.6806521113366539,89.77591530657256,94,1.2869785319148936,0.811633323263617,0.057385464809419785,0.13098121192696316
A6_boundary_0625,T0_standard,0.625,1.0,1.0,259,1,0,0,0.49684156589762296,1.0406852495653232,0.22785924481561148,10.0,10,0.49205679999999996,0.49684156589762296,0.2341761130203655,0.2689823210820115
A6_boundary_0625,T0_standard,0.625,1.0,1.0,260,1,1,1,0.7778005063560245,0.5747266790420653,0.567031521104863,11.70796460176991,12,0.5609836666666668,0.011430508392814023,0.7778005063560245,0.21076898525116147
A6_boundary_0625,T0_standard,0.625,1.0,1.0,269,1,1,1,0.9561529106241123,0.20810342530261203,0.9272327635699827,11.0,11,0.3788078181818182,0.014926942321758209,0.9561529106241123,0.02892014705412957
A6_boundary_0625,T0_standard,0.625,1.0,1.0,270,1,1,1,0.9723436944178824,0.1455744629295253,0.9573771511293895,7.0,7,0.36814757142857146,0.012689762293624595,0.9723436944178824,0.014966543288492874
A6_boundary_0625,T0_standard,0.625,1.0,1.0,271,2,2,1,0.5248083239368715,1.0069424118656887,0.2291151395620507,4.0,4,0.6352672500000001,0.2956931843748208,0.1794984916883077,0.5248083239368715
A6_boundary_0625,T0_standard,0.625,1.0,1.0,276,1,2,0,0.5942039617970695,0.7797532657295483,0.21740992618149813,8.0,8,0.425745125,0.029002002587359164,0.37679403561557134,0.5942039617970695
A6_boundary_0625,T0_standard,0.625,1.0,1.0,278,1,1,1,0.834470640865908,0.49175682113668373,0.6809356634004964,9.719723183391004,10,0.49930959999999996,0.011994381668680422,0.834470640865908,0.15353497746541164
A6_boundary_0625,T0_standard,0.625,1.0,1.0,290,2,2,1,0.8231966864956318,0.572269413881336,0.6968889090185453,10.448979591836734,11,0.6727623636363637,0.05049553602728167,0.1263077774770865,0.8231966864956318
A6_boundary_0625,T0_standard,0.625,1.0,1.0,293,2,2,1,0.9051958177020464,0.36980431924370544,0.8370170538356888,17.093023255813954,18,0.6691911666666666,0.026625418431596153,0.06817876386635759,0.9051958177020464
A6_boundary_0625,T0_standard,0.625,1.0,1.0,297,2,2,1,0.5042866738714397,1.0363616989527595,0.2471035326947263,9.719723183391004,10,0.4448850999999999,0.23853018495184708,0.25718314117671337,0.5042866738714397
A6_boundary_0625,T0_standard,0.625,1.0,1.0,298,2,2,1,0.707951873642318,0.7918745869278847,0.5162469358962797,15.223021582733812,16,0.6169322500000001,0.10034318861164378,0.19170493774603836,0.707951873642318
A6_boundary_0625,T0_standard,0.625,1.0,1.0,299,1,1,1,0.8577496510606875,0.4496431673984701,0.7272756561868896,16.19449225473322,17,0.6325850000000001,0.011776354065514777,0.8577496510606875,0.1304739948737979
A6_boundary_0625,T0_standard,0.625,1.0,1.0,304,1,1,1,0.9623964500823179,0.18270169262996602,0.9354854317469152,20.897959183673468,22,0.6175126818181818,0.02691101833540267,0.9623964500823179,0.010692531582279485
A6_boundary_0625,T0_standard,0.625,1.0,1.0,308,2,2,1,0.8601287691195992,0.483840247750369,0.7556435107511096,19.894736842105264,21,0.744395857142857,0.03538597251191112,0.10448525836848965,0.8601287691195992
A6_boundary_0625,T0_standard,0.625,1.0,1.0,311,1,1,1,0.7166143994319052,0.6659811990642962,0.452291630657439,23.902439024390244,25,0.62898604,0.01906283179362876,0.7166143994319052,0.2643227687744662
A6_boundary_0625,T0_standard,0.625,1.0,1.0,314,1,1,1,0.7796904902793161,0.5890504649184113,0.5771433488811417,9.0,9,0.4122361111111112,0.017762368322509454,0.7796904902793161,0.20254714139817442
A6_boundary_0625,T0_standard,0.625,1.0,1.0,321,2,2,1,0.7889254189590658,0.6209216361958465,0.6200098612712038,4.0,4,0.34794725,0.04215902335307227,0.16891555768786193,0.7889254189590658
A6_boundary_0625,T0_standard,0.625,1.0,1.0,322,1,1,1,0.8958164922498797,0.37816518861703274,0.8072298872147983,12.389140271493213,13,0.5984578461538462,0.015596902715038986,0.8958164922498797,0.08858660503508137
A6_boundary_0625,T0_standard,0.625,1.0,1.0,324,1,2,0,0.5668824632904816,0.7749455286807965,0.15706997469790185,7.0,7,0.3544742857142857,0.023305048116938537,0.4098124885925798,0.5668824632904816
A6_boundary_0625,T0_standard,0.625,1.0,1.0,326,2,2,1,0.9210616769610807,0.3305240104515662,0.8778229623931761,7.0,7,0.42478699999999997,0.04323871456790447,0.03569960847101494,0.9210616769610807
A6_boundary_0625,T0_standard,0.625,1.0,1.0,327,1,1,1,0.8858055432617516,0.3837049688284496,0.779429531426502,9.0,9,0.38338188888888886,0.007818444902998609,0.8858055432617516,0.10637601183524972
A6_boundary_0625,T0_standard,0.625,1.0,1.0,329,1,1,1,0.9593350908765005,0.1964138199969649,0.9329579635968173,6.0,6,0.44581633333333337,0.02637712727968323,0.9593350908765005,0.014287781843816216
A6_boundary_0625,T0_standard,0.625,1.0,1.0,331,1,1,1,0.6277588413960148,0.7304555086362661,0.2729288022020695,7.0,7,0.4697390000000001,0.017411119410039932,0.6277588413960148,0.3548300391939453
A6_boundary_0625,T0_standard,0.625,1.0,1.0,332,2,1,0,0.3732138888972672,1.0925078500178258,0.03134367919476966,17.093023255813954,18,0.71271,0.28491590140023515,0.3732138888972672,0.34187020970249754
A6_boundary_0625,T0_standard,0.625,1.0,1.0,334,1,1,1,0.9557889095886986,0.2028170927959873,0.9201286911504315,16.19449225473322,17,0.6182341764705882,0.008550871973034372,0.9557889095886986,0.0356602184382671
A6_boundary_0625,T0_standard,0.625,1.0,1.0,338,1,0,0,0.8170475443050118,0.59759448049271,0.7041576706652437,157.49233606085053,163,1.9818752024539878,0.8170475443050118,0.11288987363976809,0.07006258205522004
A6_boundary_0625,T0_standard,0.625,1.0,1.0,339,1,0,0,0.7643380739574998,0.7084281196836837,0.6359452185616667,57.795190069821565,61,0.9155766885245903,0.7643380739574998,0.10726907064666723,0.12839285539583298
A6_boundary_0625,T0_standard,0.625,1.0,1.0,340,0,0,1,0.8059294985089187,0.6173927118465224,0.6792568417606887,74.53370340999207,78,1.3844180128205126,0.8059294985089187,0.12667265674823003,0.06739784474285125
A6_boundary_0625,T0_standard,0.625,1.0,1.0,347,0,0,1,0.7305555929293068,0.7619679308659,0.5641902130250351,14.0,14,0.44679828571428576,0.7305555929293068,0.10307902716642148,0.16636537990427172
A6_boundary_0625,T0_standard,0.625,1.0,1.0,360,2,2,1,0.8832131311641133,0.42038491924122806,0.7908669170580802,11.523809523809524,12,0.5786047499999999,0.024440654729853697,0.09234621410603303,0.8832131311641133
A6_boundary_0625,T0_standard,0.625,1.0,1.0,361,2,2,1,0.7337477299805456,0.7294394427502914,0.5342599743044252,9.719723183391004,10,0.5130506,0.06676451434333401,0.1994877556761204,0.7337477299805456
A6_boundary_0625,T0_standard,0.625,1.0,1.0,362,2,2,1,0.7960960463871518,0.6331736276440019,0.6568957964762576,10.713375796178344,11,0.5684201818181817,0.06470370370195405,0.13920024991089416,0.7960960463871518
A6_boundary_0625,T0_standard,0.625,1.0,1.0,366,0,0,1,0.8454462034694596,0.5371524351894504,0.7619347048383571,6.0,6,0.3645646666666667,0.8454462034694596,0.08351149863110251,0.0710422978994377
A6_boundary_0625,T0_standard,0.625,1.0,1.0,374,0,0,1,0.8844168177842235,0.43447892602541394,0.8121419759305426,17.285714285714285,18,0.5402341666666667,0.8844168177842235,0.072274841853681,0.04330834036209535
A6_boundary_0625,T0_standard,0.625,1.0,1.0,376,0,0,1,0.8569951721244334,0.5053302075812949,0.7683015385793563,17.285714285714285,18,0.5590460555555555,0.8569951721244334,0.0886936335450771,0.05431119433048954
A6_boundary_0625,T0_standard,0.625,1.0,1.0,378,0,0,1,0.8441923035534019,0.5349355269185736,0.7453193877333963,15.69248291571754,16,0.487147875,0.8441923035534019,0.09887291582000561,0.0569347806265926
A6_boundary_0625,T0_standard,0.625,1.0,1.0,380,0,0,1,0.8447295905977159,0.5332106487453177,0.7453754661346912,18.27027027027027,19,0.48924563157894735,0.8447295905977159,0.09935412446302475,0.055916284939259306
A6_boundary_0625,T0_standard,0.625,1.0,1.0,387,0,0,1,0.7284128401798475,0.748582959519756,0.5358268928434838,41.7752808988764,44,1.1116842272727274,0.7284128401798475,0.1925859473363637,0.07900121248378884
A6_boundary_0625,T0_standard,0.625,1.0,1.0,388,0,0,1,0.7614818588585497,0.7042506454913806,0.6071917322526805,21.81132075471698,23,0.6896618260869564,0.7614818588585497,0.1542901266058691,0.08422801453558118
A6_boundary_0625,T0_standard,0.625,1.0,1.0,389,0,0,1,0.874646019711019,0.46062031694397576,0.7967616919902323,22.736842105263158,24,0.8380092500000001,0.874646019711019,0.07788432772078667,0.04746965256819445
A6_boundary_0625,T0_standard,0.625,1.0,1.0,391,0,0,1,0.8799315288269998,0.44611867234161506,0.8041713772422623,32.19484240687679,34,0.927025911764706,0.8799315288269998,0.07576015158473746,0.044308319588262646
A6_boundary_0625,T0_standard,0.625,1.0,1.0,400,0,0,1,0.8923689234341566,0.41567175717591504,0.8335486238774613,14.341463414634147,15,0.5019540666666668,0.8923689234341566,0.05882029955669527,0.04881077700914807
A6_boundary_0625,T0_standard,0.625,1.0,1.0,403,0,0,1,0.8679185714077663,0.47959843941123825,0.7896484047460497,12.508684863523573,13,0.619328,0.8679185714077663,0.07827016666171661,0.053811261930516975
A6_boundary_0625,T0_standard,0.625,1.0,1.0,405,0,0,1,0.753293037265728,0.725083439441589,0.6061696777730988,44.646612979630504,47,1.081583680851064,0.753293037265728,0.09958360324164257,0.14712335949262922
A6_boundary_0625,T0_standard,0.625,1.0,1.0,411,2,2,1,0.8410950168015421,0.5435231957960562,0.7428839206672281,3.0,3,0.201223,0.0606938870641439,0.09821109613431404,0.8410950168015421
A6_boundary_0625,T0_standard,0.625,1.0,1.0,413,0,0,1,0.830743469160414,0.564666646553619,0.7213431863000066,78.87420042643923,83,1.1146613373493979,0.830743469160414,0.10940028286040739,0.059856247979178684
A6_boundary_0625,T0_standard,0.625,1.0,1.0,421,0,0,1,0.7797548199733841,0.6774697525617766,0.6533687788690136,56.82147477360932,60,0.8280121,0.7797548199733841,0.12638604110437057,0.0938591389222454
A6_boundary_0625,T0_standard,0.625,1.0,1.0,422,0,0,1,0.8960940788067626,0.4045469819601048,0.8367451105049304,68.28023032629558,72,0.9631183333333332,0.8960940788067626,0.044556952891405203,0.05934896830183217
A6_boundary_0625,T0_standard,0.625,1.0,1.0,426,0,0,1,0.8912099853138161,0.4193855163548704,0.8367655115767816,36.971377459749554,39,1.0525164615384617,0.8912099853138161,0.05444447373703459,0.05434554094914941
A6_boundary_0625,T0_standard,0.625,1.0,1.0,429,0,0,1,0.8295054605040325,0.5748136766204093,0.7425649363878979,62.94252873563219,66,1.4506720606060608,0.8295054605040325,0.08355401537983297,0.08694052411613457
A6_boundary_0625,T0_standard,0.625,1.0,1.0,430,0,0,1,0.8109303799540756,0.6159055269052713,0.7150682942783094,66.80471782621679,70,1.3141251428571425,0.8109303799540756,0.09320753437015841,0.09586208567576616
A6_boundary_0625,T0_standard,0.625,1.0,1.0,432,0,0,1,0.8110879878874484,0.6155050188789285,0.7138776170003156,94.70210135970333,99,1.6191042626262624,0.8110879878874484,0.09721037088713286,0.09170164122541881
A6_boundary_0625,T0_standard,0.625,1.0,1.0,433,0,0,1,0.8279427859185984,0.577290105916389,0.7321786093326128,62.76119402985075,66,1.1340002424242426,0.8279427859185984,0.09576417658598561,0.07629303749541604
A6_boundary_0625,T0_standard,0.625,1.0,1.0,438,0,0,1,0.8920490875205044,0.4169536948962763,0.8359721573637416,154.41202936301207,160,2.0565121187499997,0.8920490875205044,0.0518739823227329,0.0560769301567627
A6_boundary_0625,T0_standard,0.625,1.0,1.0,439,0,0,1,0.8720139653209973,0.47119367378939336,0.806066259870577,138.53354890864995,144,1.8719137986111112,0.8720139653209973,0.06594770545042022,0.06203832922858243
A6_boundary_0625,T0_standard,0.625,1.0,1.0,452,1,1,1,0.9519329032872734,0.22298001116589508,0.9193327876427223,15.321083172147002,16,0.5164338125,0.015466981068175484,0.9519329032872734,0.03260011564455113
A3_boundary_025,T0_standard,0.25,1.0,1.0,1,1,1,1,0.9675526535723803,0.1652329093965542,0.948764864581316,157.66510976179356,191,1.7893955968586386,0.018787788991064275,0.9675526535723803,0.013659557436555359
A3_boundary_025,T0_standard,0.25,1.0,1.0,2,0,0,1,0.3970164558789118,1.086986842941215,0.06673739321721328,20.215311004784688,29,0.9194155862068966,0.3970164558789118,0.33027906266169854,0.27270448145938964
A3_boundary_025,T0_standard,0.25,1.0,1.0,7,0,0,1,0.6358166998588989,0.83331025958059,0.34113831458846094,52.9,70,1.2559205428571434,0.6358166998588989,0.06950491487066322,0.29467838527043794
A3_boundary_025,T0_standard,0.25,1.0,1.0,8,0,0,1,0.876073783345213,0.4554624491417737,0.7964364442226249,52.89908256880734,69,1.4160222753623186,0.876073783345213,0.04428887753219901,0.07963733912258804
A3_boundary_025,T0_standard,0.25,1.0,1.0,9,0,0,1,0.8219464520346834,0.5916066920689267,0.7283008242654552,76.4521384928717,97,1.6381157731958764,0.8219464520346834,0.08440792019608825,0.09364562776922822
A3_boundary_025,T0_standard,0.25,1.0,1.0,12,0,0,1,0.875525616264943,0.46134152753164465,0.8067715543802799,48.50260869565217,65,1.1779163384615385,0.875525616264943,0.06875406188466307,0.05572032185039403
A3_boundary_025,T0_standard,0.25,1.0,1.0,15,1,1,1,0.9735492877937092,0.14041388232086496,0.959176955397466,27.034129692832764,38,1.0010864210526318,0.01207837981004748,0.9735492877937092,0.014372332396243236
A3_boundary_025,T0_standard,0.25,1.0,1.0,18,1,0,0,0.9145001318578918,0.35125577590992263,0.8711355118167025,73.9641693811075,96,1.3256457604166665,0.9145001318578918,0.04336462004118937,0.042135248100918704
A3_boundary_025,T0_standard,0.25,1.0,1.0,22,1,1,1,0.9677996460221109,0.16226648646332759,0.9456085857883838,12.297872340425531,19,0.8067329999999999,0.010009293744162005,0.9677996460221109,0.022191060233727068
A3_boundary_025,T0_standard,0.25,1.0,1.0,28,1,1,1,0.9198547066445527,0.30563914945364323,0.8479352386839157,13.5,21,0.7458260476190477,0.008225825394810338,0.9198547066445527,0.071919467960637
A3_boundary_025,T0_standard,0.25,1.0,1.0,29,1,1,1,0.7660866097497006,0.6032465355557678,0.5485298109198166,9.142857142857142,13,0.504573923076923,0.016356591420415387,0.7660866097497006,0.21755679882988402
A3_boundary_025,T0_standard,0.25,1.0,1.0,32,0,2,0,0.4750073233842594,0.9907856734464395,0.08465300035658968,92.67134599504541,116,1.5386575431034482,0.3903543230276697,0.13463835358807086,0.4750073233842594
A3_boundary_025,T0_standard,0.25,1.0,1.0,35,0,0,1,0.6413532221294684,0.8875254487014382,0.41277346012405614,22.55778894472362,34,0.681779294117647,0.6413532221294684,0.13006701586511932,0.22857976200541227
A3_boundary_025,T0_standard,0.25,1.0,1.0,37,0,0,1,0.8945707336067406,0.409928312304819,0.8416532235063143,149.67933966983492,184,1.7882877282608698,0.8945707336067406,0.05291751010042618,0.05251175629283314
A3_boundary_025,T0_standard,0.25,1.0,1.0,38,0,0,1,0.8140274163317321,0.609130017835174,0.7178939379061184,26.08303249097473,37,0.9075333243243243,0.8140274163317321,0.09613347842561376,0.0898391052426542
A3_boundary_025,T0_standard,0.25,1.0,1.0,39,0,0,1,0.8483809972957688,0.5299945661499422,0.7657931539175487,22.736842105263158,33,0.8299917878787879,0.8483809972957688,0.08258784337822017,0.06903115932601098
A3_boundary_025,T0_standard,0.25,1.0,1.0,41,0,0,1,0.8280027225928751,0.5778743493602588,0.7362585932954603,54.378102189781025,70,1.2843535142857143,0.8280027225928751,0.0917441292974148,0.08025314810971015
A3_boundary_025,T0_standard,0.25,1.0,1.0,44,0,0,1,0.8784716398827731,0.454140817113183,0.8158737463613009,16.105882352941176,25,0.5948057999999999,0.8784716398827731,0.06259789352147214,0.05893046659575482
A3_boundary_025,T0_standard,0.25,1.0,1.0,49,1,0,0,0.546150436243661,0.9383775084550723,0.2006959378886345,16.0,16,0.37066231250000004,0.546150436243661,0.10839506540131255,0.3454544983550265
A3_boundary_025,T0_standard,0.25,1.0,1.0,51,0,0,1,0.6298728859990944,0.8736454801548225,0.35842642263925906,12.0,18,0.5287885,0.6298728859990944,0.09868065064107016,0.27144646335983535
A3_boundary_025,T0_standard,0.25,1.0,1.0,55,0,0,1,0.9045736315032151,0.37993411339754635,0.8495443252555354,25.03448275862069,39,0.6499513846153847,0.9045736315032151,0.055029306247679814,0.04039706224910499
A3_boundary_025,T0_standard,0.25,1.0,1.0,60,0,0,1,0.8947335788700708,0.4077237423363202,0.832545756730982,38.21052631578947,51,1.224436588235294,0.8947335788700708,0.06218782213908877,0.04307859899084053
A3_boundary_025,T0_standard,0.25,1.0,1.0,61,0,0,1,0.7996589569132424,0.6339881951304275,0.6755992683023025,23.14814814814815,33,0.9699814242424242,0.7996589569132424,0.07628135447581767,0.1240596886109399
A3_boundary_025,T0_standard,0.25,1.0,1.0,71,2,2,1,0.8993332843036124,0.39422082119849944,0.8387512420418295,9.090909090909092,14,0.6911514999999999,0.06058204226178292,0.040084673434604805,0.8993332843036124
A3_boundary_025,T0_standard,0.25,1.0,1.0,75,0,1,0,0.6686480836225444,0.6881594061094618,0.34973389467441923,12.297872340425531,19,0.7114136315789473,0.012437727429330647,0.6686480836225444,0.3189141889481251
A3_boundary_025,T0_standard,0.25,1.0,1.0,77,0,0,1,0.6473154514508501,0.826799945942705,0.3660550972919535,9.0,9,0.3371106666666667,0.6473154514508501,0.2812603541588966,0.07142419439025322
A3_boundary_025,T0_standard,0.25,1.0,1.0,84,2,2,1,0.6942230534793875,0.6971587787154786,0.41138918118513124,8.0,8,0.40794074999999996,0.02294307422635618,0.28283387229425627,0.6942230534793875
A3_boundary_025,T0_standard,0.25,1.0,1.0,85,2,0,0,0.5605642165646991,0.9740290775176701,0.2812707116593128,6.4,10,0.6327266,0.5605642165646991,0.16014227852991453,0.27929350490538635
A3_boundary_025,T0_standard,0.25,1.0,1.0,86,0,2,0,0.8254003429989006,0.5635887005861266,0.6966082372649237,9.090909090909092,14,0.5406887857142857,0.04580755126712242,0.12879210573397695,0.8254003429989006
A3_boundary_025,T0_standard,0.25,1.0,1.0,87,0,2,0,0.5305650510786504,0.8752563221531149,0.12353122002357303,7.0,7,0.5237958571428571,0.40703383105507734,0.0624011178662722,0.5305650510786504
A3_boundary_025,T0_standard,0.25,1.0,1.0,88,0,0,1,0.4776799916455155,0.9100106300964586,0.032031494958194295,8.0,8,0.40546887499999995,0.4776799916455155,0.07667151166716331,0.4456484966873212
A3_boundary_025,T0_standard,0.25,1.0,1.0,89,0,2,0,0.7556216380557098,0.6922239350960901,0.571192179423904,7.0,7,0.3756504285714285,0.18442945863180582,0.0599489033124843,0.7556216380557098
A3_boundary_025,T0_standard,0.25,1.0,1.0,90,0,0,1,0.48963797380593277,0.9958836387225705,0.12252773322083593,6.0,9,0.6029300000000001,0.48963797380593277,0.1432517856089703,0.36711024058509684
A3_boundary_025,T0_standard,0.25,1.0,1.0,93,0,0,1,0.6254903811731315,0.9170358883146419,0.41137391385688726,7.048780487804878,11,0.3752034545454545,0.6254903811731315,0.16039315151062428,0.21411646731624423
A3_boundary_025,T0_standard,0.25,1.0,1.0,98,0,0,1,0.6718485775912965,0.8318364560949159,0.44041982018716874,17.0,17,0.4362414705882353,0.6718485775912965,0.0967226650045758,0.23142875740412774
A3_boundary_025,T0_standard,0.25,1.0,1.0,101,0,0,1,0.7948855594656019,0.6490477348317469,0.6849030088127286,13.0,13,0.519376153846154,0.7948855594656019,0.10998255065287327,0.09513188988152499
A3_boundary_025,T0_standard,0.25,1.0,1.0,102,0,0,1,0.8551999099786158,0.5115236804031139,0.7695830433735766,12.0,12,0.54038,0.8551999099786158,0.08561686660503921,0.059183223416344806
A3_boundary_025,T0_standard,0.25,1.0,1.0,106,0,0,1,0.69011676772445,0.7565846215903788,0.43062227245606965,79.38582677165354,101,1.456544306930693,0.69011676772445,0.05038873700716971,0.2594944952683803
A3_boundary_025,T0_standard,0.25,1.0,1.0,118,0,0,1,0.8000648326999765,0.6376813764543801,0.6890845511529886,18.75,27,0.771531037037037,0.8000648326999765,0.08895488575303559,0.11098028154698793
A3_boundary_025,T0_standard,0.25,1.0,1.0,119,0,0,1,0.8609803849574155,0.4995352268949229,0.7908450060320688,75.4453781512605,97,1.3621651546391753,0.8609803849574155,0.07013537892534676,0.06888423611723771
A3_boundary_025,T0_standard,0.25,1.0,1.0,120,0,0,1,0.863568628300387,0.49234454572367164,0.7886759433862698,59.765957446808514,77,1.3922861558441562,0.863568628300387,0.06153868678549559,0.07489268491411723
A3_boundary_025,T0_standard,0.25,1.0,1.0,123,0,0,1,0.8778845767867494,0.45573789387318225,0.8155961233280181,15.114285714285714,20,0.5155320999999999,0.8778845767867494,0.06228845345873129,0.059826969754519385
A3_boundary_025,T0_standard,0.25,1.0,1.0,124,0,0,1,0.9056500127207147,0.37787429818939827,0.8577117131386638,32.17981072555205,47,0.8481854893617022,0.9056500127207147,0.046411687697234576,0.047938299582050925
A3_boundary_025,T0_standard,0.25,1.0,1.0,129,0,0,1,0.8022888231316776,0.6319923715451918,0.6885029355040264,48.00696864111498,64,1.315091625,0.8022888231316776,0.11378588762765114,0.08392528924067127
A3_boundary_025,T0_standard,0.25,1.0,1.0,130,0,0,1,0.77611303897816,0.686621204014632,0.6579195483108438,57.306382978723406,75,1.3049385733333334,0.77611303897816,0.1056934703545238,0.11819349066731616
A3_boundary_025,T0_standard,0.25,1.0,1.0,134,1,1,1,0.9559331998524365,0.2110248394993312,0.9319101975539179,15.473684210526315,24,0.7835483333333334,0.024023002298518625,0.9559331998524365,0.02004379784904478
A3_boundary_025,T0_standard,0.25,1.0,1.0,136,1,1,1,0.8756011281163975,0.4182164377782377,0.7646535765594215,82.41758241758242,102,1.6543439509803923,0.01345132032662664,0.8756011281163975,0.11094755155697597
A3_boundary_025,T0_standard,0.25,1.0,1.0,138,1,1,1,0.5400194562296654,0.7520636361625783,0.09387983698332164,7.0,7,0.46868471428571423,0.013840924523990775,0.5400194562296654,0.44613961924634377
A3_boundary_025,T0_standard,0.25,1.0,1.0,140,1,0,0,0.5252758688639587,0.9516809737887179,0.1629369869822359,11.0,11,0.4528042727272727,0.5252758688639587,0.3623388818817228,0.11238524925431848
A3_boundary_025,T0_standard,0.25,1.0,1.0,145,1,1,1,0.963800039906793,0.17838629650442606,0.9392109926155167,71.54585152838428,91,1.4519752857142858,0.011610912801930679,0.963800039906793,0.024589047291276315
A3_boundary_025,T0_standard,0.25,1.0,1.0,149,2,2,1,0.8631842168419106,0.4915596955358524,0.7819621007204984,9.96551724137931,14,0.40021921428571433,0.05559366703667729,0.08122211612141221,0.8631842168419106
A3_boundary_025,T0_standard,0.25,1.0,1.0,150,2,2,1,0.9296419746865732,0.30269468515604564,0.8897331734020033,8.0,8,0.35506275,0.03044922402885705,0.03990880128456981,0.9296419746865732
A3_boundary_025,T0_standard,0.25,1.0,1.0,151,2,2,1,0.9400125190297316,0.26829633022120425,0.9074697145984564,7.048780487804878,11,0.5133822727272727,0.03254280443127526,0.027444676538993146,0.9400125190297316
A3_boundary_025,T0_standard,0.25,1.0,1.0,152,2,2,1,0.7013932529845772,0.8048518245556254,0.5103851149450667,5.0,5,0.2464702,0.1075986089759123,0.19100813803951053,0.7013932529845772
A3_boundary_025,T0_standard,0.25,1.0,1.0,160,2,2,1,0.9504557402453802,0.2314876928168053,0.9248979384578968,8.395348837209303,13,0.5016772307692308,0.023986457967136464,0.02555780178748338,0.9504557402453802
A3_boundary_025,T0_standard,0.25,1.0,1.0,168,1,1,1,0.9084687210988296,0.36009762178294136,0.8423112510817827,13.0,13,0.4162788461538462,0.02537380888412358,0.9084687210988296,0.0661574700170468
A3_boundary_025,T0_standard,0.25,1.0,1.0,169,2,2,1,0.8252728606395013,0.5828791258422551,0.7263438013299128,7.538461538461538,11,0.44178781818181817,0.07579808005091013,0.09892905930958855,0.8252728606395013
A3_boundary_025,T0_standard,0.25,1.0,1.0,174,2,2,1,0.5711703911659324,0.9562632333618505,0.2857543460988199,5.0,5,0.3432982,0.2854160450671125,0.14341356376695516,0.5711703911659324
A3_boundary_025,T0_standard,0.25,1.0,1.0,176,2,2,1,0.7568909690312506,0.6270158588535351,0.5351583716764132,20.742857142857144,30,0.8189938999999999,0.02137643361391191,0.22173259735483747,0.7568909690312506
A3_boundary_025,T0_standard,0.25,1.0,1.0,178,2,2,1,0.9508640922370968,0.2263437524930737,0.9169112236869683,22.628099173553718,32,0.95442090625,0.015183039212774726,0.03395286855012845,0.9508640922370968
A3_boundary_025,T0_standard,0.25,1.0,1.0,184,2,2,1,0.8387778681455073,0.5508747433586113,0.743820566617351,9.6,15,0.7859551333333333,0.09495730152815626,0.0662648303263364,0.8387778681455073
A3_boundary_025,T0_standard,0.25,1.0,1.0,186,1,0,0,0.7874701762470602,0.6561234571671266,0.6513874399966805,9.6,15,0.6404765999999998,0.7874701762470602,0.07644708750256025,0.1360827362503797
A3_boundary_025,T0_standard,0.25,1.0,1.0,187,2,2,1,0.7956427457383696,0.6254742139237137,0.6463587164424391,9.96551724137931,14,0.5083184285714285,0.14928402929593043,0.05507322496570009,0.7956427457383696
A3_boundary_025,T0_standard,0.25,1.0,1.0,194,2,2,1,0.9341506346863556,0.2835203680328068,0.8886961513646613,7.714285714285714,12,0.537488,0.02039488199195021,0.045454483321694314,0.9341506346863556
A3_boundary_025,T0_standard,0.25,1.0,1.0,198,1,1,1,0.6107378699593136,0.8235334943335734,0.27459526959540487,9.6,15,0.7177088000000001,0.3361426003639087,0.6107378699593136,0.05311952967677786
A3_boundary_025,T0_standard,0.25,1.0,1.0,200,2,2,1,0.7664741426165711,0.7052936632456271,0.6467358308370925,5.0,5,0.2278204,0.11378754560395041,0.11973831177947862,0.7664741426165711
A3_boundary_025,T0_standard,0.25,1.0,1.0,202,2,2,1,0.8186667980374093,0.5419519155628937,0.6601144496540403,14.097560975609756,22,0.5913674545454545,0.02278085357922184,0.158552348383369,0.8186667980374093
A3_boundary_025,T0_standard,0.25,1.0,1.0,205,1,1,1,0.8748142065630902,0.4120452306824163,0.7596497159340082,41.1764705882353,56,1.062304125,0.010021302807827873,0.8748142065630902,0.11516449062908196
A3_boundary_025,T0_standard,0.25,1.0,1.0,206,2,2,1,0.7843083606234286,0.5954337133477694,0.5920057348363467,14.285714285714286,22,0.6087270454545455,0.023389013589489454,0.19230262578708188,0.7843083606234286
A3_boundary_025,T0_standard,0.25,1.0,1.0,212,2,2,1,0.8643210136839474,0.48297185491830263,0.77325539420009,17.818181818181817,26,0.8470876538461538,0.04461336683219511,0.09106561948385743,0.8643210136839474
A3_boundary_025,T0_standard,0.25,1.0,1.0,214,2,2,1,0.913419163121619,0.35080049633265026,0.8574510095312291,32.47398843930636,46,1.0707565,0.030612683287991146,0.055968153590389876,0.913419163121619
A3_boundary_025,T0_standard,0.25,1.0,1.0,222,2,2,1,0.7847901967995635,0.6641170395048619,0.6522460368441946,4.0,4,0.5312697500000001,0.08266564324506755,0.13254415995536895,0.7847901967995635
A3_boundary_025,T0_standard,0.25,1.0,1.0,229,1,1,1,0.8419334353647792,0.4784451634036121,0.6956776509336023,16.0,21,0.46933819047619046,0.011810780204044052,0.8419334353647792,0.14625578443117684
A3_boundary_025,T0_standard,0.25,1.0,1.0,231,2,2,1,0.944748718609892,0.24768092943291997,0.9063526036943192,5.0,5,0.4425108,0.016855166474535378,0.038396114915572696,0.944748718609892
A3_boundary_025,T0_standard,0.25,1.0,1.0,233,2,2,1,0.8746179166067573,0.4614116913731735,0.7982463493140097,49.972972972972975,67,1.22872771641791,0.04901051610049534,0.07637156729274754,0.8746179166067573
A3_boundary_025,T0_standard,0.25,1.0,1.0,235,2,2,1,0.6275062479340837,0.8003983263413863,0.30146340589835346,16.105882352941176,25,0.58303204,0.046450910030185956,0.32604284203573025,0.6275062479340837
A3_boundary_025,T0_standard,0.25,1.0,1.0,239,2,2,1,0.8493528253369147,0.5243533699551879,0.7569699123928723,11.538461538461538,18,0.5865500555555556,0.0923829129440424,0.0582642617190428,0.8493528253369147
A3_boundary_025,T0_standard,0.25,1.0,1.0,242,2,2,1,0.5397024700487468,0.8490368663820722,0.12982049643087212,9.8,15,0.6072851333333332,0.4098819736178747,0.05041555633337857,0.5397024700487468
A3_boundary_025,T0_standard,0.25,1.0,1.0,244,2,2,1,0.8567273866965699,0.49929124163505034,0.7575354029621926,85.78706199460916,108,1.5329172870370373,0.04408062956905279,0.0991919837343773,0.8567273866965699
A3_boundary_025,T0_standard,0.25,1.0,1.0,245,2,2,1,0.8891830763976116,0.4201921166940289,0.8175184810849134,8.344827586206897,13,0.5391935384615386,0.07166459531269823,0.03915232828969016,0.8891830763976116
A3_boundary_025,T0_standard,0.25,1.0,1.0,249,0,0,1,0.7443945120746984,0.7086644206531262,0.5496123149606135,21.81132075471698,32,0.737368,0.7443945120746984,0.06082329081121675,0.19478219711408493
A3_boundary_025,T0_standard,0.25,1.0,1.0,253,0,0,1,0.8510586685116994,0.5188771431526731,0.7569701524549798,73.49464668094218,94,1.2869785319148936,0.8510586685116994,0.05485281543158085,0.09408851605671964
A3_boundary_025,T0_standard,0.25,1.0,1.0,259,1,0,0,0.49684156589762296,1.0406852495653232,0.22785924481561148,10.0,10,0.49205679999999996,0.49684156589762296,0.2341761130203655,0.2689823210820115
A3_boundary_025,T0_standard,0.25,1.0,1.0,260,1,1,1,0.8058197490944659,0.5334181683211094,0.622260860483079,8.333333333333334,12,0.5609836666666668,0.010621362294147335,0.8058197490944659,0.18355888861138675
A3_boundary_025,T0_standard,0.25,1.0,1.0,269,1,1,1,0.9561529106241123,0.20810342530261203,0.9272327635699827,11.0,11,0.3788078181818182,0.014926942321758209,0.9561529106241123,0.02892014705412957
A3_boundary_025,T0_standard,0.25,1.0,1.0,270,1,1,1,0.9723436944178824,0.1455744629295253,0.9573771511293895,7.0,7,0.36814757142857146,0.012689762293624595,0.9723436944178824,0.014966543288492874
A3_boundary_025,T0_standard,0.25,1.0,1.0,271,2,2,1,0.5248083239368715,1.0069424118656887,0.2291151395620507,4.0,4,0.6352672500000001,0.2956931843748208,0.1794984916883077,0.5248083239368715
A3_boundary_025,T0_standard,0.25,1.0,1.0,276,1,2,0,0.5942039617970695,0.7797532657295483,0.21740992618149813,8.0,8,0.425745125,0.029002002587359164,0.37679403561557134,0.5942039617970695
A3_boundary_025,T0_standard,0.25,1.0,1.0,278,1,1,1,0.8117218262762739,0.5290692674046413,0.6357080032168387,6.76,10,0.49930959999999996,0.012264350664290982,0.8117218262762739,0.17601382305943516
A3_boundary_025,T0_standard,0.25,1.0,1.0,290,2,2,1,0.849413468866294,0.5122301354193819,0.740170952265874,7.142857142857143,11,0.6727623636363637,0.041344014533286,0.10924251660041992,0.849413468866294
A3_boundary_025,T0_standard,0.25,1.0,1.0,293,2,2,1,0.9243833091192,0.3166082635156926,0.8747885285193846,11.709677419354838,18,0.6691911666666666,0.026021910280984654,0.04959478059981535,0.9243833091192
A3_boundary_025,T0_standard,0.25,1.0,1.0,297,2,2,1,0.44618678212727747,1.0709806225578433,0.16116826623174535,6.76,10,0.4448850999999999,0.26879470197719024,0.2850185158955321,0.44618678212727747
A3_boundary_025,T0_standard,0.25,1.0,1.0,298,2,2,1,0.7070699136309824,0.8011327072598764,0.5294790218773339,10.31578947368421,16,0.6169322500000001,0.11533919461536914,0.1775908917536485,0.7070699136309824
A3_boundary_025,T0_standard,0.25,1.0,1.0,299,1,1,1,0.8969258435989016,0.36649552772511507,0.804713731244051,10.922077922077921,17,0.6325850000000001,0.010862044046247892,0.8969258435989016,0.09221211235485059
A3_boundary_025,T0_standard,0.25,1.0,1.0,304,1,1,1,0.9645179694967904,0.17465805734452272,0.9393063786326533,14.285714285714286,22,0.6175126818181818,0.025211590864137032,0.9645179694967904,0.010270439639072555
A3_boundary_025,T0_standard,0.25,1.0,1.0,308,2,2,1,0.8738253219862835,0.45178694149457155,0.7808724618571193,14.0,21,0.744395857142857,0.033221817884552286,0.09295286012916416,0.8738253219862835
A3_boundary_025,T0_standard,0.25,1.0,1.0,311,1,1,1,0.7890442671163932,0.5734910239924298,0.5947456899940031,16.0,25,0.62898604,0.016657155761216628,0.7890442671163932,0.19429857712239001
A3_boundary_025,T0_standard,0.25,1.0,1.0,314,1,1,1,0.7796904902793161,0.5890504649184113,0.5771433488811417,9.0,9,0.4122361111111112,0.017762368322509454,0.7796904902793161,0.20254714139817442
A3_boundary_025,T0_standard,0.25,1.0,1.0,321,2,2,1,0.7889254189590658,0.6209216361958465,0.6200098612712038,4.0,4,0.34794725,0.04215902335307227,0.16891555768786193,0.7889254189590658
A3_boundary_025,T0_standard,0.25,1.0,1.0,322,1,1,1,0.9174436032316117,0.32280237406115664,0.8490464817635509,8.344827586206897,13,0.5984578461538462,0.014159275300327553,0.9174436032316117,0.06839712146806073
A3_boundary_025,T0_standard,0.25,1.0,1.0,324,1,2,0,0.5668824632904816,0.7749455286807965,0.15706997469790185,7.0,7,0.3544742857142857,0.023305048116938537,0.4098124885925798,0.5668824632904816
A3_boundary_025,T0_standard,0.25,1.0,1.0,326,2,2,1,0.9210616769610807,0.3305240104515662,0.8778229623931761,7.0,7,0.42478699999999997,0.04323871456790447,0.03569960847101494,0.9210616769610807
A3_boundary_025,T0_standard,0.25,1.0,1.0,327,1,1,1,0.8858055432617516,0.3837049688284496,0.779429531426502,9.0,9,0.38338188888888886,0.007818444902998609,0.8858055432617516,0.10637601183524972
A3_boundary_025,T0_standard,0.25,1.0,1.0,329,1,1,1,0.9593350908765005,0.1964138199969649,0.9329579635968173,6.0,6,0.44581633333333337,0.02637712727968323,0.9593350908765005,0.014287781843816216
A3_boundary_025,T0_standard,0.25,1.0,1.0,331,1,1,1,0.6277588413960148,0.7304555086362661,0.2729288022020695,7.0,7,0.4697390000000001,0.017411119410039932,0.6277588413960148,0.3548300391939453
A3_boundary_025,T0_standard,0.25,1.0,1.0,332,2,0,0,0.3426474516985408,1.0979260921168648,0.0012576719593767605,11.709677419354838,18,0.71271,0.3426474516985408,0.3159627685622953,0.341389779739164
A3_boundary_025,T0_standard,0.25,1.0,1.0,334,1,1,1,0.9574346438787262,0.1972386517816186,0.9233290193555859,10.922077922077921,17,0.6182341764705882,0.008459731598133414,0.9574346438787262,0.03410562452314038
A3_boundary_025,T0_standard,0.25,1.0,1.0,338,1,0,0,0.824997241565441,0.5808310841835975,0.7183973182256946,138.27677185721677,163,1.9818752024539878,0.824997241565441,0.10659992333974634,0.06840283509481279
A3_boundary_025,T0_standard,0.25,1.0,1.0,339,1,0,0,0.7852358958212208,0.667190864098925,0.6636926130347621,43.27038626609442,61,0.9155766885245903,0.7852358958212208,0.09322082139232057,0.12154328278645868
A3_boundary_025,T0_standard,0.25,1.0,1.0,340,0,0,1,0.842405612647363,0.5390097579242992,0.7422083594897048,61.252873563218394,78,1.3844180128205126,0.842405612647363,0.1001972531576583,0.0573971341949786
A3_boundary_025,T0_standard,0.25,1.0,1.0,347,0,0,1,0.7305555929293068,0.7619679308659,0.5641902130250351,14.0,14,0.44679828571428576,0.7305555929293068,0.10307902716642148,0.16636537990427172
A3_boundary_025,T0_standard,0.25,1.0,1.0,360,2,2,1,0.8992527003314704,0.38297813706410927,0.8233335395108813,7.714285714285714,12,0.5786047499999999,0.02482813884794051,0.0759191608205891,0.8992527003314704
A3_boundary_025,T0_standard,0.25,1.0,1.0,361,2,2,1,0.7232278277254621,0.7501162010555289,0.5199982270026776,6.76,10,0.5130506,0.0735425715517533,0.20322960072278454,0.7232278277254621
A3_boundary_025,T0_standard,0.25,1.0,1.0,362,2,2,1,0.8216372662225598,0.5819695505229137,0.7020693487466231,7.538461538461538,11,0.5684201818181817,0.05879481630150342,0.11956791747593674,0.8216372662225598
A3_boundary_025,T0_standard,0.25,1.0,1.0,366,0,0,1,0.8454462034694596,0.5371524351894504,0.7619347048383571,6.0,6,0.3645646666666667,0.8454462034694596,0.08351149863110251,0.0710422978994377
A3_boundary_025,T0_standard,0.25,1.0,1.0,374,0,0,1,0.8827747283294214,0.43888614689673056,0.8094588637589394,11.571428571428571,18,0.5402341666666667,0.8827747283294214,0.073315864570482,0.04390940710009669
A3_boundary_025,T0_standard,0.25,1.0,1.0,376,0,0,1,0.8618945711875092,0.4930291974631711,0.7758837392935471,11.571428571428571,18,0.5590460555555555,0.8618945711875092,0.08601083189396212,0.05209459691852853
A3_boundary_025,T0_standard,0.25,1.0,1.0,378,0,0,1,0.8468221603416147,0.5288620122120612,0.7498425071443057,11.64516129032258,16,0.487147875,0.8468221603416147,0.0969796531973091,0.05619818646107621
A3_boundary_025,T0_standard,0.25,1.0,1.0,380,0,0,1,0.843244023129103,0.5361811523295072,0.7420732816646284,12.25,19,0.48924563157894735,0.843244023129103,0.10117074146447456,0.05558523540642244
A3_boundary_025,T0_standard,0.25,1.0,1.0,387,0,0,1,0.7383876121301313,0.73489099423791,0.5556674937333367,32.35294117647059,44,1.1116842272727274,0.7383876121301313,0.18272011839679458,0.07889226947307422
A3_boundary_025,T0_standard,0.25,1.0,1.0,388,0,0,1,0.7682110788250937,0.6852667222445323,0.6087003585845076,15.125,23,0.6896618260869564,0.7682110788250937,0.15951072024058607,0.07227820093432037
A3_boundary_025,T0_standard,0.25,1.0,1.0,389,0,0,1,0.8811131406163314,0.4437566426596502,0.8076233985197565,16.0,24,0.8380092500000001,0.8811131406163314,0.07348974209657494,0.04539711728709383
A3_boundary_025,T0_standard,0.25,1.0,1.0,391,0,0,1,0.8848131991654771,0.4334002261064095,0.8127683623546942,23.672131147540984,34,0.927025911764706,0.8848131991654771,0.07204483681078283,0.0431419640237401
A3_boundary_025,T0_standard,0.25,1.0,1.0,400,0,0,1,0.889880504924381,0.4226915572302071,0.8301156859604126,9.6,15,0.5019540666666668,0.889880504924381,0.05976481896396833,0.050354676111650544
A3_boundary_025,T0_standard,0.25,1.0,1.0,403,0,0,1,0.8701130558032436,0.473781136566536,0.7926686871427647,8.395348837209303,13,0.619328,0.8701130558032436,0.07744436866047887,0.052442575536277396
A3_boundary_025,T0_standard,0.25,1.0,1.0,405,0,0,1,0.7647006924024021,0.706252413388723,0.6301189934836197,34.793611793611795,47,1.081583680851064,0.7647006924024021,0.10071760867881542,0.13458169891878247
A3_boundary_025,T0_standard,0.25,1.0,1.0,411,2,2,1,0.8410950168015421,0.5435231957960562,0.7428839206672281,3.0,3,0.201223,0.0606938870641439,0.09821109613431404,0.8410950168015421
A3_boundary_025,T0_standard,0.25,1.0,1.0,413,0,0,1,0.8353125117146424,0.5547198557650084,0.7294794560049442,61.73626373626374,83,1.1146613373493979,0.8353125117146424,0.10583305570969813,0.058854432575659595
A3_boundary_025,T0_standard,0.25,1.0,1.0,421,0,0,1,0.8210780740567866,0.591710875632235,0.7180575433479007,40.344,60,0.8280121,0.8210780740567866,0.10302053070888584,0.07590139523432755
A3_boundary_025,T0_standard,0.25,1.0,1.0,422,0,0,1,0.9032109006810556,0.38426716676194883,0.8486338209855419,52.02061855670103,72,0.9631183333333332,0.9032109006810556,0.04221201962343069,0.05457707969551368
A3_boundary_025,T0_standard,0.25,1.0,1.0,426,0,0,1,0.8978762642993457,0.4004786527561444,0.8455257809116312,27.990291262135923,39,1.0525164615384617,0.8978762642993457,0.05235048338771456,0.04977325231293981
A3_boundary_025,T0_standard,0.25,1.0,1.0,429,0,0,1,0.8375173495839745,0.5563858858724064,0.7558390354855499,50.943396226415096,66,1.4506720606060608,0.8375173495839745,0.08167831409842467,0.08080433631760083
A3_boundary_025,T0_standard,0.25,1.0,1.0,430,0,0,1,0.8200052227488283,0.5961201509923546,0.7284122884831538,54.378102189781025,70,1.3141251428571425,0.8200052227488283,0.09159293426567448,0.08840184298549719
A3_boundary_025,T0_standard,0.25,1.0,1.0,432,0,0,1,0.8397159350616249,0.5509806816481637,0.7550069704206215,78.42603550295858,99,1.6191042626262624,0.8397159350616249,0.08470896464100337,0.07557510029737152
A3_boundary_025,T0_standard,0.25,1.0,1.0,433,0,0,1,0.8431812279131294,0.5422042822963886,0.7566104648660457,49.47715736040609,66,1.1340002424242426,0.8431812279131294,0.08657076304708383,0.07024800903978669
A3_boundary_025,T0_standard,0.25,1.0,1.0,438,0,0,1,0.8930342594009858,0.4141449800963247,0.8369964164211857,134.7614973262032,160,2.0565121187499997,0.8930342594009858,0.05092789761921422,0.05603784297980008
A3_boundary_025,T0_standard,0.25,1.0,1.0,439,0,0,1,0.8711408283835441,0.47348779634907845,0.8050498514753963,118.86245353159852,144,1.8719137986111112,0.8711408283835441,0.06609097690814779,0.06276819470830805
A3_boundary_025,T0_standard,0.25,1.0,1.0,452,1,1,1,0.9578023538510575,0.2029704135006466,0.9318100778841906,10.245901639344263,16,0.5164338125,0.016205370182075515,0.9578023538510575,0.02599227596686689
A4_gradual_050_075_100,T0_standard,0.5,0.75,1.0,1,1,1,1,0.9657212929540318,0.17285985205762236,0.9466656920018133,177.60204081632654,191,1.7893955968586386,0.019055600952218504,0.9657212929540318,0.015223106093749758
A4_gradual_050_075_100,T0_standard,0.5,0.75,1.0,2,0,0,1,0.3868691009726216,1.0834895019200976,0.028407873077422652,27.28421052631579,29,0.9194155862068966,0.3868691009726216,0.35846122789519896,0.2546696711321795
A4_gradual_050_075_100,T0_standard,0.5,0.75,1.0,7,0,0,1,0.6233778319856779,0.8453863537068589,0.31822959734944006,64.78086956521739,70,1.2559205428571434,0.6233778319856779,0.07147393337808433,0.3051482346362378
A4_gradual_050_075_100,T0_standard,0.5,0.75,1.0,8,0,0,1,0.8564992441495177,0.5029718560354625,0.7613632433789275,63.78983050847457,69,1.4160222753623186,0.8564992441495177,0.04836475507989202,0.09513600077059028
A4_gradual_050_075_100,T0_standard,0.5,0.75,1.0,9,0,0,1,0.8106832221110463,0.615786308854962,0.7080726235300578,89.75620767494357,97,1.6381157731958764,0.8106832221110463,0.08670617930796536,0.10261059858098848
A4_gradual_050_075_100,T0_standard,0.5,0.75,1.0,12,0,0,1,0.8698149852096203,0.4763864454414466,0.7985342609371886,60.264591439688715,65,1.1779163384615385,0.8698149852096203,0.07128072427243172,0.058904290517948016
A4_gradual_050_075_100,T0_standard,0.5,0.75,1.0,15,1,1,1,0.973851078869524,0.13918408864488022,0.9601476147509234,35.50566037735849,38,1.0010864210526318,0.012445457011875362,0.973851078869524,0.01370346411860068
A4_gradual_050_075_100,T0_standard,0.5,0.75,1.0,18,1,0,0,0.9054591056291457,0.37833074729751853,0.8558096639066639,88.70983213429257,96,1.3256457604166665,0.9054591056291457,0.049649441722481764,0.04489145264837258
A4_gradual_050_075_100,T0_standard,0.5,0.75,1.0,22,1,1,1,0.9660204696788381,0.16847010986446823,0.9415632509794516,18.306930693069308,19,0.8067329999999999,0.009522311621775314,0.9660204696788381,0.02445721869938659
A4_gradual_050_075_100,T0_standard,0.5,0.75,1.0,28,1,1,1,0.8996180718462077,0.35482783423726616,0.8076486313535477,20.26605504587156,21,0.7458260476190477,0.008412487661132322,0.8996180718462077,0.09196944049265997
A4_gradual_050_075_100,T0_standard,0.5,0.75,1.0,29,1,1,1,0.7514960149077251,0.6243856872904097,0.520647040599015,12.789473684210526,13,0.504573923076923,0.017655010783564754,0.7514960149077251,0.23084897430871013
A4_gradual_050_075_100,T0_standard,0.5,0.75,1.0,32,0,2,0,0.4933370703176201,0.9779212815201694,0.113293025380646,107.38294010889292,116,1.5386575431034482,0.3800440449369741,0.12661888474540586,0.4933370703176201
A4_gradual_050_075_100,T0_standard,0.5,0.75,1.0,35,0,0,1,0.5976464249705686,0.9337908392889718,0.3350506850413134,32.675392670157066,34,0.681779294117647,0.5976464249705686,0.13975783510017614,0.2625957399292552
A4_gradual_050_075_100,T0_standard,0.5,0.75,1.0,37,0,0,1,0.887102658192252,0.4307848501867696,0.8306376204686744,170.54211663066954,184,1.7882877282608698,0.887102658192252,0.05643230408417056,0.05646503772357755
A4_gradual_050_075_100,T0_standard,0.5,0.75,1.0,38,0,0,1,0.8040915526553598,0.6303197016494853,0.7022864619439984,34.97520661157025,37,0.9075333243243243,0.8040915526553598,0.09410335663327883,0.10180509071136143
A4_gradual_050_075_100,T0_standard,0.5,0.75,1.0,39,0,0,1,0.8454475935944005,0.5367977201959545,0.7600507820179294,31.68020304568528,33,0.8299917878787879,0.8454475935944005,0.085396811576471,0.06915559482912842
A4_gradual_050_075_100,T0_standard,0.5,0.75,1.0,41,0,0,1,0.8273802214717288,0.5793089566011727,0.7355140418016203,64.6416,70,1.2843535142857143,0.8273802214717288,0.09186617967010856,0.08075359885816263
A4_gradual_050_075_100,T0_standard,0.5,0.75,1.0,44,0,0,1,0.8757333573153334,0.4612860995812601,0.8101684170641074,24.3,25,0.5948057999999999,0.8757333573153334,0.06556494025122607,0.058701702433440424
A4_gradual_050_075_100,T0_standard,0.5,0.75,1.0,49,1,0,0,0.546150436243661,0.9383775084550723,0.2006959378886345,16.0,16,0.37066231250000004,0.546150436243661,0.10839506540131255,0.3454544983550265
A4_gradual_050_075_100,T0_standard,0.5,0.75,1.0,51,0,0,1,0.6149493174556885,0.8759330831653022,0.3199650894922151,17.609756097560975,18,0.5287885,0.6149493174556885,0.09006645458083806,0.2949842279634734
A4_gradual_050_075_100,T0_standard,0.5,0.75,1.0,55,0,0,1,0.9047862861775126,0.3791288085912834,0.8493135736382607,37.656716417910445,39,0.6499513846153847,0.9047862861775126,0.055472712539251914,0.03974100128323545
A4_gradual_050_075_100,T0_standard,0.5,0.75,1.0,60,0,0,1,0.893150747987629,0.4126604806712076,0.8314777892590002,47.23960880195599,51,1.224436588235294,0.893150747987629,0.06167295872862881,0.045176293283742106
A4_gradual_050_075_100,T0_standard,0.5,0.75,1.0,61,0,0,1,0.7871851249437724,0.6583168538799873,0.6539109473897142,30.89237668161435,33,0.9699814242424242,0.7871851249437724,0.07954069750216963,0.13327417755405813
A4_gradual_050_075_100,T0_standard,0.5,0.75,1.0,71,2,2,1,0.8795048999306859,0.4479725865772566,0.8048918698351426,13.636363636363637,14,0.6911514999999999,0.07461303009554329,0.04588206997377071,0.8795048999306859
A4_gradual_050_075_100,T0_standard,0.5,0.75,1.0,75,0,1,0,0.7170333508975955,0.6518650951232283,0.4482009353933875,18.306930693069308,19,0.7114136315789473,0.014134233598196683,0.7170333508975955,0.26883241550420794
A4_gradual_050_075_100,T0_standard,0.5,0.75,1.0,77,0,0,1,0.6473154514508501,0.826799945942705,0.3660550972919535,9.0,9,0.3371106666666667,0.6473154514508501,0.2812603541588966,0.07142419439025322
A4_gradual_050_075_100,T0_standard,0.5,0.75,1.0,84,2,2,1,0.6942230534793875,0.6971587787154786,0.41138918118513124,8.0,8,0.40794074999999996,0.02294307422635618,0.28283387229425627,0.6942230534793875
A4_gradual_050_075_100,T0_standard,0.5,0.75,1.0,85,2,0,0,0.5302208781299158,0.99590912390087,0.22556724082282142,9.68,10,0.6327266,0.5302208781299158,0.16512548456298973,0.3046536373070944
A4_gradual_050_075_100,T0_standard,0.5,0.75,1.0,86,0,2,0,0.80977479127188,0.5924581995742718,0.666151366348684,13.636363636363637,14,0.5406887857142857,0.04660178380492383,0.14362342492319605,0.80977479127188
A4_gradual_050_075_100,T0_standard,0.5,0.75,1.0,87,0,2,0,0.5305650510786504,0.8752563221531149,0.12353122002357303,7.0,7,0.5237958571428571,0.40703383105507734,0.0624011178662722,0.5305650510786504
A4_gradual_050_075_100,T0_standard,0.5,0.75,1.0,88,0,0,1,0.4776799916455155,0.9100106300964586,0.032031494958194295,8.0,8,0.40546887499999995,0.4776799916455155,0.07667151166716331,0.4456484966873212
A4_gradual_050_075_100,T0_standard,0.5,0.75,1.0,89,0,2,0,0.7556216380557098,0.6922239350960901,0.571192179423904,7.0,7,0.3756504285714285,0.18442945863180582,0.0599489033124843,0.7556216380557098
A4_gradual_050_075_100,T0_standard,0.5,0.75,1.0,90,0,0,1,0.5458127418801065,0.9527125383959923,0.2131173090172312,8.804878048780488,9,0.6029300000000001,0.5458127418801065,0.12149182525701814,0.33269543286287534
A4_gradual_050_075_100,T0_standard,0.5,0.75,1.0,93,0,0,1,0.6005539665939488,0.9289683518211812,0.3371051000925206,10.666666666666666,11,0.3752034545454545,0.6005539665939488,0.13599716690462305,0.2634488665014282
A4_gradual_050_075_100,T0_standard,0.5,0.75,1.0,98,0,0,1,0.6718485775912965,0.8318364560949159,0.44041982018716874,17.0,17,0.4362414705882353,0.6718485775912965,0.0967226650045758,0.23142875740412774
A4_gradual_050_075_100,T0_standard,0.5,0.75,1.0,101,0,0,1,0.7948855594656019,0.6490477348317469,0.6849030088127286,13.0,13,0.519376153846154,0.7948855594656019,0.10998255065287327,0.09513188988152499
A4_gradual_050_075_100,T0_standard,0.5,0.75,1.0,102,0,0,1,0.8551999099786158,0.5115236804031139,0.7695830433735766,12.0,12,0.54038,0.8551999099786158,0.08561686660503921,0.059183223416344806
A4_gradual_050_075_100,T0_standard,0.5,0.75,1.0,106,0,0,1,0.6850079858736011,0.7631397109346818,0.4213926398787881,93.27438370846731,101,1.456544306930693,0.6850079858736011,0.05137666813158579,0.263615345994813
A4_gradual_050_075_100,T0_standard,0.5,0.75,1.0,118,0,0,1,0.7555118741869322,0.7186369996422131,0.6040990698703647,25.623529411764707,27,0.771531037037037,0.7555118741869322,0.09307532149650025,0.15141280431656753
A4_gradual_050_075_100,T0_standard,0.5,0.75,1.0,119,0,0,1,0.8542092583774679,0.5163914180115753,0.7810876211946416,89.92271105826397,97,1.3621651546391753,0.8542092583774679,0.07266910443970588,0.07312163718282623
A4_gradual_050_075_100,T0_standard,0.5,0.75,1.0,120,0,0,1,0.8515790126226545,0.521261073115926,0.7665702259953382,71.09315866084425,77,1.3922861558441562,0.8515790126226545,0.06341220075002932,0.08500878662731624
A4_gradual_050_075_100,T0_standard,0.5,0.75,1.0,123,0,0,1,0.8735039858758579,0.4673182343661829,0.8088070677324127,19.776470588235295,20,0.5155320999999999,0.8735039858758579,0.06469691814344516,0.0617990959806968
A4_gradual_050_075_100,T0_standard,0.5,0.75,1.0,124,0,0,1,0.8987981564740506,0.3977345657881145,0.8456438264414727,44.50684931506849,47,0.8481854893617022,0.8987981564740506,0.048047513493371594,0.0531543300325779
A4_gradual_050_075_100,T0_standard,0.5,0.75,1.0,129,0,0,1,0.7823427723757886,0.6731498596069894,0.6601494939788355,59.11450381679389,64,1.315091625,0.7823427723757886,0.12219327839695313,0.09546394922725815
A4_gradual_050_075_100,T0_standard,0.5,0.75,1.0,130,0,0,1,0.7636204316302647,0.7097095506076225,0.63452914155727,69.33962264150944,75,1.3049385733333334,0.7636204316302647,0.10728827829674056,0.12909129007299472
A4_gradual_050_075_100,T0_standard,0.5,0.75,1.0,134,1,1,1,0.9448872489356505,0.25132399231724944,0.9151050829614075,23.142857142857142,24,0.7835483333333334,0.029782165974242988,0.9448872489356505,0.02533058509010664
A4_gradual_050_075_100,T0_standard,0.5,0.75,1.0,136,1,1,1,0.8633495912683569,0.4460375568240672,0.7416590732945744,94.53259779338013,102,1.6543439509803923,0.01495989075786053,0.8633495912683569,0.12169051797378251
A4_gradual_050_075_100,T0_standard,0.5,0.75,1.0,138,1,1,1,0.5400194562296654,0.7520636361625783,0.09387983698332164,7.0,7,0.46868471428571423,0.013840924523990775,0.5400194562296654,0.44613961924634377
A4_gradual_050_075_100,T0_standard,0.5,0.75,1.0,140,1,0,0,0.5252758688639587,0.9516809737887179,0.1629369869822359,11.0,11,0.4528042727272727,0.5252758688639587,0.3623388818817228,0.11238524925431848
A4_gradual_050_075_100,T0_standard,0.5,0.75,1.0,145,1,1,1,0.9545677782061052,0.21087691140265655,0.9209500700564904,84.17391304347827,91,1.4519752857142858,0.01181451364427997,0.9545677782061052,0.03361770814961477
A4_gradual_050_075_100,T0_standard,0.5,0.75,1.0,149,2,2,1,0.8459361916980312,0.5336889232207143,0.7542785561205813,13.78688524590164,14,0.40021921428571433,0.062406172724518816,0.09165763557745,0.8459361916980312
A4_gradual_050_075_100,T0_standard,0.5,0.75,1.0,150,2,2,1,0.9296419746865732,0.30269468515604564,0.8897331734020033,8.0,8,0.35506275,0.03044922402885705,0.03990880128456981,0.9296419746865732
A4_gradual_050_075_100,T0_standard,0.5,0.75,1.0,151,2,2,1,0.9364114799577652,0.2807566115422772,0.9033697128208091,10.666666666666666,11,0.5133822727272727,0.033041767136956,0.030546752905278717,0.9364114799577652
A4_gradual_050_075_100,T0_standard,0.5,0.75,1.0,152,2,2,1,0.7013932529845772,0.8048518245556254,0.5103851149450667,5.0,5,0.2464702,0.1075986089759123,0.19100813803951053,0.7013932529845772
A4_gradual_050_075_100,T0_standard,0.5,0.75,1.0,160,2,2,1,0.945525060161936,0.24908295805865843,0.9161845715266947,12.64516129032258,13,0.5016772307692308,0.02513445120282262,0.029340488635241285,0.945525060161936
A4_gradual_050_075_100,T0_standard,0.5,0.75,1.0,168,1,1,1,0.9084687210988296,0.36009762178294136,0.8423112510817827,13.0,13,0.4162788461538462,0.02537380888412358,0.9084687210988296,0.0661574700170468
A4_gradual_050_075_100,T0_standard,0.5,0.75,1.0,169,2,2,1,0.8179098295975457,0.5971857576239576,0.7088760853541831,10.795918367346939,11,0.44178781818181817,0.07305642615909187,0.10903374424336251,0.8179098295975457
A4_gradual_050_075_100,T0_standard,0.5,0.75,1.0,174,2,2,1,0.5711703911659324,0.9562632333618505,0.2857543460988199,5.0,5,0.3432982,0.2854160450671125,0.14341356376695516,0.5711703911659324
A4_gradual_050_075_100,T0_standard,0.5,0.75,1.0,176,2,2,1,0.7472076821115513,0.6382845683236711,0.5156453893436599,28.8,30,0.8189938999999999,0.02123002512055727,0.23156229276789145,0.7472076821115513
A4_gradual_050_075_100,T0_standard,0.5,0.75,1.0,178,2,2,1,0.9457158956273631,0.24337474097082507,0.9068945700323777,29.958904109589042,32,0.95442090625,0.015462778777651481,0.038821325594985405,0.9457158956273631
A4_gradual_050_075_100,T0_standard,0.5,0.75,1.0,184,2,2,1,0.7947223696739719,0.645202689545215,0.6701643968965464,14.52,15,0.7859551333333333,0.12455797277742549,0.08071965754860258,0.7947223696739719
A4_gradual_050_075_100,T0_standard,0.5,0.75,1.0,186,1,0,0,0.7771934970384946,0.6734988397327314,0.6304970876994194,14.52,15,0.6404765999999998,0.7771934970384946,0.07611009362243014,0.14669640933907518
A4_gradual_050_075_100,T0_standard,0.5,0.75,1.0,187,2,2,1,0.7739784021095122,0.6593039554881199,0.6024836140537351,13.78688524590164,14,0.5083184285714285,0.17149478805577717,0.054526809834710706,0.7739784021095122
A4_gradual_050_075_100,T0_standard,0.5,0.75,1.0,194,2,2,1,0.9387263276771222,0.2689349583630685,0.8971489442982132,11.655172413793103,12,0.537488,0.019696288943968996,0.041577383378908886,0.9387263276771222
A4_gradual_050_075_100,T0_standard,0.5,0.75,1.0,198,1,1,1,0.5902560395805903,0.8303728715640509,0.23133442499874873,14.52,15,0.7177088000000001,0.3589216145818415,0.5902560395805903,0.05082234583756819
A4_gradual_050_075_100,T0_standard,0.5,0.75,1.0,200,2,2,1,0.7664741426165711,0.7052936632456271,0.6467358308370925,5.0,5,0.2278204,0.11378754560395041,0.11973831177947862,0.7664741426165711
A4_gradual_050_075_100,T0_standard,0.5,0.75,1.0,202,2,2,1,0.8261118202676544,0.5333081445562762,0.6770623526167419,21.333333333333332,22,0.5913674545454545,0.02483871208143308,0.1490494676509126,0.8261118202676544
A4_gradual_050_075_100,T0_standard,0.5,0.75,1.0,205,1,1,1,0.8322525804578178,0.493021413752846,0.6755517261450323,52.15238095238095,56,1.062304125,0.011046565229396897,0.8322525804578178,0.15670085431278544
A4_gradual_050_075_100,T0_standard,0.5,0.75,1.0,206,2,2,1,0.7726966040997673,0.616762807658935,0.5713637320115232,21.1864406779661,22,0.6087270454545455,0.02597052381198867,0.20133287208824402,0.7726966040997673
A4_gradual_050_075_100,T0_standard,0.5,0.75,1.0,212,2,2,1,0.8141221752186419,0.5997901513815169,0.6921229819689861,24.961038961038962,26,0.8470876538461538,0.06387863153170219,0.12199919324965584,0.8141221752186419
A4_gradual_050_075_100,T0_standard,0.5,0.75,1.0,214,2,2,1,0.8999051143193827,0.39252263085796923,0.8395235959069123,42.35294117647059,46,1.0707565,0.03971336726814699,0.060381518412470435,0.8999051143193827
A4_gradual_050_075_100,T0_standard,0.5,0.75,1.0,222,2,2,1,0.7847901967995635,0.6641170395048619,0.6522460368441946,4.0,4,0.5312697500000001,0.08266564324506755,0.13254415995536895,0.7847901967995635
A4_gradual_050_075_100,T0_standard,0.5,0.75,1.0,229,1,1,1,0.8263258985902436,0.5061116766497907,0.664962770783506,20.775280898876403,21,0.46933819047619046,0.012310973603018709,0.8263258985902436,0.16136312780673762
A4_gradual_050_075_100,T0_standard,0.5,0.75,1.0,231,2,2,1,0.944748718609892,0.24768092943291997,0.9063526036943192,5.0,5,0.4425108,0.016855166474535378,0.038396114915572696,0.944748718609892
A4_gradual_050_075_100,T0_standard,0.5,0.75,1.0,233,2,2,1,0.8516752183432186,0.517112464559738,0.7574591489338116,61.55871886120996,67,1.22872771641791,0.05410871224737459,0.09421606940940691,0.8516752183432186
A4_gradual_050_075_100,T0_standard,0.5,0.75,1.0,235,2,2,1,0.6665250692893175,0.7764089024400471,0.382402080210178,24.3,25,0.58303204,0.04935194163154286,0.2841229890791395,0.6665250692893175
A4_gradual_050_075_100,T0_standard,0.5,0.75,1.0,239,2,2,1,0.7999790605171849,0.6327248760946763,0.6749013129456007,17.391304347826086,18,0.5865500555555556,0.1250777475715842,0.07494319191123078,0.7999790605171849
A4_gradual_050_075_100,T0_standard,0.5,0.75,1.0,242,2,2,1,0.5819025726242324,0.8191889295242478,0.2072706667094235,14.628571428571428,15,0.6072851333333332,0.3746319059148089,0.04346552146095868,0.5819025726242324
A4_gradual_050_075_100,T0_standard,0.5,0.75,1.0,244,2,2,1,0.8592532804290159,0.49300873480706947,0.7615889762335295,99.98905472636815,108,1.5329172870370373,0.04308241537549765,0.09766430419548645,0.8592532804290159
A4_gradual_050_075_100,T0_standard,0.5,0.75,1.0,245,2,2,1,0.8881627905293672,0.4246801377769142,0.8189752553454723,12.552238805970148,13,0.5391935384615386,0.0691875351838949,0.04264967428673792,0.8881627905293672
A4_gradual_050_075_100,T0_standard,0.5,0.75,1.0,249,0,0,1,0.6381405034671476,0.8258909659616127,0.3419663845231995,30.72340425531915,32,0.737368,0.6381405034671476,0.0656853775889044,0.2961741189439481
A4_gradual_050_075_100,T0_standard,0.5,0.75,1.0,253,0,0,1,0.8160606362355184,0.5910132932348078,0.6889203596318363,87.25703794369645,94,1.2869785319148936,0.8160606362355184,0.05679908716079944,0.12714027660368213
A4_gradual_050_075_100,T0_standard,0.5,0.75,1.0,259,1,0,0,0.49684156589762296,1.0406852495653232,0.22785924481561148,10.0,10,0.49205679999999996,0.49684156589762296,0.2341761130203655,0.2689823210820115
A4_gradual_050_075_100,T0_standard,0.5,0.75,1.0,260,1,1,1,0.7763995442174585,0.5766681219911214,0.5642700541327118,11.79245283018868,12,0.5609836666666668,0.011470965697794832,0.7763995442174585,0.2121294900847467
A4_gradual_050_075_100,T0_standard,0.5,0.75,1.0,269,1,1,1,0.9561529106241123,0.20810342530261203,0.9272327635699827,11.0,11,0.3788078181818182,0.014926942321758209,0.9561529106241123,0.02892014705412957
A4_gradual_050_075_100,T0_standard,0.5,0.75,1.0,270,1,1,1,0.9723436944178824,0.1455744629295253,0.9573771511293895,7.0,7,0.36814757142857146,0.012689762293624595,0.9723436944178824,0.014966543288492874
A4_gradual_050_075_100,T0_standard,0.5,0.75,1.0,271,2,2,1,0.5248083239368715,1.0069424118656887,0.2291151395620507,4.0,4,0.6352672500000001,0.2956931843748208,0.1794984916883077,0.5248083239368715
A4_gradual_050_075_100,T0_standard,0.5,0.75,1.0,276,1,2,0,0.5942039617970695,0.7797532657295483,0.21740992618149813,8.0,8,0.425745125,0.029002002587359164,0.37679403561557134,0.5942039617970695
A4_gradual_050_075_100,T0_standard,0.5,0.75,1.0,278,1,1,1,0.8356441908158491,0.48972942476013137,0.6832688363284902,9.8,10,0.49930959999999996,0.011980454696792013,0.8356441908158491,0.15237535448735887
A4_gradual_050_075_100,T0_standard,0.5,0.75,1.0,290,2,2,1,0.8214489009709505,0.576094318927924,0.6940034394137411,10.59322033898305,11,0.6727623636363637,0.05110563747184011,0.12744546155720934,0.8214489009709505
A4_gradual_050_075_100,T0_standard,0.5,0.75,1.0,293,2,2,1,0.9039088518218801,0.373158225855924,0.8344836012803422,17.329896907216494,18,0.6691911666666666,0.026665897636582,0.0694252505415379,0.9039088518218801
A4_gradual_050_075_100,T0_standard,0.5,0.75,1.0,297,2,2,1,0.5072838904673179,1.0342079258764616,0.2515367011410333,9.8,10,0.4448850999999999,0.23696892020639734,0.2557471893262846,0.5072838904673179
A4_gradual_050_075_100,T0_standard,0.5,0.75,1.0,298,2,2,1,0.7080090377173951,0.7911637911379628,0.5153893006897785,15.428571428571429,16,0.6169322500000001,0.09937122525498848,0.19261973702761653,0.7080090377173951
A4_gradual_050_075_100,T0_standard,0.5,0.75,1.0,299,1,1,1,0.8552581826415236,0.45444847904267693,0.722350866258477,16.40909090909091,17,0.6325850000000001,0.011834500975429678,0.8552581826415236,0.13290731638304665
A4_gradual_050_075_100,T0_standard,0.5,0.75,1.0,304,1,1,1,0.9622550154553977,0.1832332757384482,0.9352307019558138,21.1864406779661,22,0.6175126818181818,0.027024313499583938,0.9622550154553977,0.010720671045018431
A4_gradual_050_075_100,T0_standard,0.5,0.75,1.0,308,2,2,1,0.8591504439164785,0.4860658314061299,0.7538414428179915,20.176470588235293,21,0.744395857142857,0.03554055498503437,0.10530900109848705,0.8591504439164785
A4_gradual_050_075_100,T0_standard,0.5,0.75,1.0,311,1,1,1,0.7122247104892742,0.67069477995143,0.44365805131933217,24.2,25,0.62898604,0.019208630340783815,0.7122247104892742,0.268566659169942
A4_gradual_050_075_100,T0_standard,0.5,0.75,1.0,314,1,1,1,0.7796904902793161,0.5890504649184113,0.5771433488811417,9.0,9,0.4122361111111112,0.017762368322509454,0.7796904902793161,0.20254714139817442
A4_gradual_050_075_100,T0_standard,0.5,0.75,1.0,321,2,2,1,0.7889254189590658,0.6209216361958465,0.6200098612712038,4.0,4,0.34794725,0.04215902335307227,0.16891555768786193,0.7889254189590658
A4_gradual_050_075_100,T0_standard,0.5,0.75,1.0,322,1,1,1,0.8944492610755795,0.3814760254404015,0.804586309359281,12.552238805970148,13,0.5984578461538462,0.01568778720812186,0.8944492610755795,0.08986295171629853
A4_gradual_050_075_100,T0_standard,0.5,0.75,1.0,324,1,2,0,0.5668824632904816,0.7749455286807965,0.15706997469790185,7.0,7,0.3544742857142857,0.023305048116938537,0.4098124885925798,0.5668824632904816
A4_gradual_050_075_100,T0_standard,0.5,0.75,1.0,326,2,2,1,0.9210616769610807,0.3305240104515662,0.8778229623931761,7.0,7,0.42478699999999997,0.04323871456790447,0.03569960847101494,0.9210616769610807
A4_gradual_050_075_100,T0_standard,0.5,0.75,1.0,327,1,1,1,0.8858055432617516,0.3837049688284496,0.779429531426502,9.0,9,0.38338188888888886,0.007818444902998609,0.8858055432617516,0.10637601183524972
A4_gradual_050_075_100,T0_standard,0.5,0.75,1.0,329,1,1,1,0.9593350908765005,0.1964138199969649,0.9329579635968173,6.0,6,0.44581633333333337,0.02637712727968323,0.9593350908765005,0.014287781843816216
A4_gradual_050_075_100,T0_standard,0.5,0.75,1.0,331,1,1,1,0.6277588413960148,0.7304555086362661,0.2729288022020695,7.0,7,0.4697390000000001,0.017411119410039932,0.6277588413960148,0.3548300391939453
A4_gradual_050_075_100,T0_standard,0.5,0.75,1.0,332,2,1,0,0.3770539030305513,1.0914192139016194,0.03515146936739655,17.329896907216494,18,0.71271,0.2810436633062939,0.3770539030305513,0.34190243366315476
A4_gradual_050_075_100,T0_standard,0.5,0.75,1.0,334,1,1,1,0.955684246661756,0.2031694093509282,0.9199251615046327,16.40909090909091,17,0.6182341764705882,0.008556668181120677,0.955684246661756,0.035759085157123296
A4_gradual_050_075_100,T0_standard,0.5,0.75,1.0,338,1,0,0,0.8200668969295069,0.5916960290118767,0.710474033002413,152.49484536082474,163,1.9818752024539878,0.8200668969295069,0.1095928639270939,0.07034023914339921
A4_gradual_050_075_100,T0_standard,0.5,0.75,1.0,339,1,0,0,0.7626784035413994,0.7115806453255125,0.6337415664283883,58.577836411609496,61,0.9155766885245903,0.7626784035413994,0.10838475934558943,0.1289368371130111
A4_gradual_050_075_100,T0_standard,0.5,0.75,1.0,340,0,0,1,0.8104159494425053,0.6082455324287954,0.6869942970613964,72.38573508005823,78,1.3844180128205126,0.8104159494425053,0.12342165238110894,0.06616239817638578
A4_gradual_050_075_100,T0_standard,0.5,0.75,1.0,347,0,0,1,0.7305555929293068,0.7619679308659,0.5641902130250351,14.0,14,0.44679828571428576,0.7305555929293068,0.10307902716642148,0.16636537990427172
A4_gradual_050_075_100,T0_standard,0.5,0.75,1.0,360,2,2,1,0.8822877713973499,0.4224393439388691,0.7889938426714154,11.655172413793103,12,0.5786047499999999,0.024418299876715437,0.09329392872593459,0.8822877713973499
A4_gradual_050_075_100,T0_standard,0.5,0.75,1.0,361,2,2,1,0.7342904233477188,0.7283486877898244,0.5349956993594007,9.8,10,0.5130506,0.06641485266396323,0.19929472398831807,0.7342904233477188
A4_gradual_050_075_100,T0_standard,0.5,0.75,1.0,362,2,2,1,0.7948004772633797,0.6356571663919457,0.6546043844015901,10.795918367346939,11,0.5684201818181817,0.06500342987483078,0.14019609286178958,0.7948004772633797
A4_gradual_050_075_100,T0_standard,0.5,0.75,1.0,366,0,0,1,0.8454462034694596,0.5371524351894504,0.7619347048383571,6.0,6,0.3645646666666667,0.8454462034694596,0.08351149863110251,0.0710422978994377
A4_gradual_050_075_100,T0_standard,0.5,0.75,1.0,374,0,0,1,0.8845115537155501,0.4342238613520172,0.8122967708655487,17.482758620689655,18,0.5402341666666667,0.8845115537155501,0.07221478285000141,0.04327366343444844
A4_gradual_050_075_100,T0_standard,0.5,0.75,1.0,376,0,0,1,0.856712514486344,0.5060337321386844,0.7678641039230237,17.482758620689655,18,0.5590460555555555,0.856712514486344,0.08884841056332031,0.05443907495033572
A4_gradual_050_075_100,T0_standard,0.5,0.75,1.0,378,0,0,1,0.8440661235543271,0.5352255695616688,0.7451023693749663,15.782608695652174,16,0.487147875,0.8440661235543271,0.09896375417936075,0.056970122266312276
A4_gradual_050_075_100,T0_standard,0.5,0.75,1.0,380,0,0,1,0.8448141350872386,0.5330404647698184,0.7455633953309273,18.47252747252747,19,0.48924563157894735,0.8448141350872386,0.09925073975631124,0.05593512515645021
A4_gradual_050_075_100,T0_standard,0.5,0.75,1.0,387,0,0,1,0.730850228183049,0.7448462902952979,0.5401642967275323,40.71345029239766,44,1.1116842272727274,0.730850228183049,0.19068593145551668,0.07846384036143438
A4_gradual_050_075_100,T0_standard,0.5,0.75,1.0,388,0,0,1,0.7610163153375206,0.7054896620197695,0.6070873618772243,22.118110236220474,23,0.6896618260869564,0.7610163153375206,0.1539289534602962,0.08505473120218332
A4_gradual_050_075_100,T0_standard,0.5,0.75,1.0,389,0,0,1,0.8741840825035477,0.46180987020971687,0.7959858558096379,23.058823529411764,24,0.8380092500000001,0.8741840825035477,0.07819822669390984,0.047617690802542356
A4_gradual_050_075_100,T0_standard,0.5,0.75,1.0,391,0,0,1,0.8799427691640321,0.4461022941051267,0.8042147339805934,31.82819383259912,34,0.927025911764706,0.8799427691640321,0.07572803518343872,0.044329195652529206
A4_gradual_050_075_100,T0_standard,0.5,0.75,1.0,400,0,0,1,0.8925197366755241,0.41524405231431044,0.8337566807186436,14.52,15,0.5019540666666668,0.8925197366755241,0.058763055956880514,0.048717207367595446
A4_gradual_050_075_100,T0_standard,0.5,0.75,1.0,403,0,0,1,0.8677944785387139,0.4799259189152335,0.7894776149656669,12.64516129032258,13,0.619328,0.8677944785387139,0.07831686357304699,0.05388865788823918
A4_gradual_050_075_100,T0_standard,0.5,0.75,1.0,405,0,0,1,0.7528383173675071,0.7261853959134471,0.6061944632422234,43.76750700280112,47,1.081583680851064,0.7528383173675071,0.10051782850720925,0.14664385412528375
A4_gradual_050_075_100,T0_standard,0.5,0.75,1.0,411,2,2,1,0.8410950168015421,0.5435231957960562,0.7428839206672281,3.0,3,0.201223,0.0606938870641439,0.09821109613431404,0.8410950168015421
A4_gradual_050_075_100,T0_standard,0.5,0.75,1.0,413,0,0,1,0.8308502240005723,0.5644544763259973,0.7215638614948594,77.24764890282131,83,1.1146613373493979,0.8308502240005723,0.10928636250571294,0.05986341349371482
A4_gradual_050_075_100,T0_standard,0.5,0.75,1.0,421,0,0,1,0.7802308510554296,0.6765053822040088,0.6539936245978359,56.36729222520107,60,0.8280121,0.7802308510554296,0.1262372264575936,0.09353192248697696
A4_gradual_050_075_100,T0_standard,0.5,0.75,1.0,422,0,0,1,0.8968409014544906,0.4024439204609327,0.8379853643213099,67.30739299610894,72,0.9631183333333332,0.8968409014544906,0.04430356141232876,0.05885553713318075
A4_gradual_050_075_100,T0_standard,0.5,0.75,1.0,426,0,0,1,0.8913760026491275,0.4189209165396767,0.8369435723707926,36.496350364963504,39,1.0525164615384617,0.8913760026491275,0.054432430278334845,0.05419156707253753
A4_gradual_050_075_100,T0_standard,0.5,0.75,1.0,429,0,0,1,0.8323831033971961,0.5682401416084191,0.7469801825225839,60.93793103448276,66,1.4506720606060608,0.8323831033971961,0.08221397572819171,0.08540292087461217
A4_gradual_050_075_100,T0_standard,0.5,0.75,1.0,430,0,0,1,0.8140655006984358,0.6091499205103563,0.7204879856502857,64.81342062193126,70,1.3141251428571425,0.8140655006984358,0.09235698425341421,0.09357751504815001
A4_gradual_050_075_100,T0_standard,0.5,0.75,1.0,432,0,0,1,0.816086805662867,0.6046920106882556,0.721731708038746,91.68057080131723,99,1.6191042626262624,0.816086805662867,0.09435509762412096,0.08955809671301206
A4_gradual_050_075_100,T0_standard,0.5,0.75,1.0,433,0,0,1,0.8305929603700195,0.5713172264311497,0.736461584686995,61.0074487895717,66,1.1340002424242426,0.8305929603700195,0.09413137568302452,0.07527566394695592
A4_gradual_050_075_100,T0_standard,0.5,0.75,1.0,438,0,0,1,0.8923187796001902,0.41618465142974015,0.8362285786870522,149.34259259259258,160,2.0565121187499997,0.8923187796001902,0.051591019486671726,0.056090200913138044
A4_gradual_050_075_100,T0_standard,0.5,0.75,1.0,439,0,0,1,0.8719377049426179,0.47139612424934874,0.8060057692169413,133.89114266396214,144,1.8719137986111112,0.8719377049426179,0.06593193572567663,0.06213035933170537
A4_gradual_050_075_100,T0_standard,0.5,0.75,1.0,452,1,1,1,0.9515835312298346,0.22412359425998749,0.9185900917948656,15.50632911392405,16,0.5164338125,0.015423029335196358,0.9515835312298346,0.032993439434969025
A5_hard_1px,T0_standard,0.0,1.0,1.0,1,1,1,1,0.9695737884514964,0.15662471620050616,0.9511429754320596,130.0,191,1.7893955968586386,0.018430813019436883,0.9695737884514964,0.01199539852906668
A5_hard_1px,T0_standard,0.0,1.0,1.0,2,0,0,1,0.41295401865408193,1.084712483670219,0.11368564370302958,12.0,29,0.9194155862068966,0.41295401865408193,0.2877776063948659,0.29926837495105235
A5_hard_1px,T0_standard,0.0,1.0,1.0,7,0,0,1,0.6547083284825627,0.8124618349515054,0.3750841123723218,38.0,70,1.2559205428571434,0.6547083284825627,0.06566745540719651,0.27962421611024085
A5_hard_1px,T0_standard,0.0,1.0,1.0,8,0,0,1,0.8989457579360559,0.39498241642752335,0.8373236174919793,39.0,69,1.4160222753623186,0.8989457579360559,0.03943210161986747,0.06162214044407664
A5_hard_1px,T0_standard,0.0,1.0,1.0,9,0,0,1,0.8339306370069358,0.5646832370666252,0.7494302450879284,59.0,97,1.6381157731958764,0.8339306370069358,0.08156897107405682,0.08450039191900735
A5_hard_1px,T0_standard,0.0,1.0,1.0,12,0,0,1,0.8817606778006021,0.4445255182225061,0.8156276521010097,34.0,65,1.1779163384615385,0.8817606778006021,0.06613302569959234,0.05210629649980573
A5_hard_1px,T0_standard,0.0,1.0,1.0,15,1,1,1,0.9732722720347698,0.14148234402206647,0.9581942089443215,17.0,38,1.0010864210526318,0.011649664874781751,0.9732722720347698,0.015078063090448329
A5_hard_1px,T0_standard,0.0,1.0,1.0,18,1,0,0,0.9247612852094417,0.3190903615133426,0.8858421250454656,55.0,96,1.3256457604166665,0.9247612852094417,0.036319554626582304,0.03891916016397608
A5_hard_1px,T0_standard,0.0,1.0,1.0,22,1,1,1,0.9708598293657994,0.15097687942563345,0.9525665617353691,5.0,19,0.8067329999999999,0.010846903003770518,0.9708598293657994,0.018293267630430245
A5_hard_1px,T0_standard,0.0,1.0,1.0,28,1,1,1,0.9578995803680459,0.19485182329154138,0.9236740610674256,5.0,21,0.7458260476190477,0.007874900331333791,0.9578995803680459,0.0342255193006203
A5_hard_1px,T0_standard,0.0,1.0,1.0,29,1,1,1,0.8448758233503428,0.4668072057379668,0.6990967734307051,1.0,13,0.504573923076923,0.00934512673001936,0.8448758233503428,0.14577904991963778
A5_hard_1px,T0_standard,0.0,1.0,1.0,32,0,2,0,0.4587406994625696,1.0001150251936557,0.058404019510822414,73.0,116,1.5386575431034482,0.4003366799517472,0.14092262058568328,0.4587406994625696
A5_hard_1px,T0_standard,0.0,1.0,1.0,35,0,0,1,0.7041320759268608,0.8055189654926245,0.5244116274303412,11.0,34,0.681779294117647,0.7041320759268608,0.1161474755766196,0.17972044849651952
A5_hard_1px,T0_standard,0.0,1.0,1.0,37,0,0,1,0.9024683711760301,0.38722643887246216,0.8533435939901638,121.0,184,1.7882877282608698,0.9024683711760301,0.049124777185866324,0.04840685163810374
A5_hard_1px,T0_standard,0.0,1.0,1.0,38,0,0,1,0.825141754124398,0.583185058818639,0.726186351404686,16.0,37,0.9075333243243243,0.825141754124398,0.098955402719712,0.07590284315588991
A5_hard_1px,T0_standard,0.0,1.0,1.0,39,0,0,1,0.8519462110280728,0.5215831976941138,0.7727723443859348,13.0,33,0.8299917878787879,0.8519462110280728,0.07917386664213799,0.06887992232978936
A5_hard_1px,T0_standard,0.0,1.0,1.0,41,0,0,1,0.8308722067423925,0.571274114194322,0.7400955116818513,41.0,70,1.2843535142857143,0.8308722067423925,0.09077669506054117,0.07835109819706641
A5_hard_1px,T0_standard,0.0,1.0,1.0,44,0,0,1,0.8858650027621977,0.43407865033604054,0.8263168729325936,4.0,25,0.5948057999999999,0.8858650027621977,0.0545868674081982,0.0595481298296041
A5_hard_1px,T0_standard,0.0,1.0,1.0,51,0,0,1,0.686582446875437,0.834951741877356,0.5045794896582951,2.0,18,0.5287885,0.686582446875437,0.13141459590742102,0.18200295721714194
A5_hard_1px,T0_standard,0.0,1.0,1.0,55,0,0,1,0.9041624991364571,0.38145067480729217,0.8499904450450808,9.0,39,0.6499513846153847,0.9041624991364571,0.054172054091376314,0.0416654467721666
A5_hard_1px,T0_standard,0.0,1.0,1.0,60,0,0,1,0.8969818354445862,0.40065171097055563,0.8343532098388662,27.0,51,1.224436588235294,0.8969818354445862,0.06262862560572008,0.04038953894969367
A5_hard_1px,T0_standard,0.0,1.0,1.0,61,0,0,1,0.8178871247202542,0.5966964124824624,0.7075424857713509,14.0,33,0.9699814242424242,0.8178871247202542,0.07176823633084267,0.1103446389489032
A5_hard_1px,T0_standard,0.0,1.0,1.0,71,2,2,1,0.9588184343273858,0.2000112090377909,0.9361259496053651,2.0,14,0.6911514999999999,0.018489080950593643,0.02269248472202063,0.9588184343273858
A5_hard_1px,T0_standard,0.0,1.0,1.0,75,0,1,0,0.5854254220276551,0.7238163175266359,0.18037058080821072,5.0,19,0.7114136315789473,0.009519736752900496,0.5854254220276551,0.4050548412194444
A5_hard_1px,T0_standard,0.0,1.0,1.0,85,2,0,0,0.6273195620933468,0.9112284824981919,0.4038183492841933,2.0,10,0.6327266,0.6273195620933468,0.1491792250974996,0.22350121280915353
A5_hard_1px,T0_standard,0.0,1.0,1.0,86,0,2,0,0.8722769981508574,0.46390952500923704,0.7879788499569123,2.0,14,0.5406887857142857,0.04342485365519759,0.08429814819394507,0.8722769981508574
A5_hard_1px,T0_standard,0.0,1.0,1.0,90,0,2,0,0.49788650895517955,1.0386597333969978,0.22171265224067538,1.0,9,0.6029300000000001,0.2761738567145042,0.22593963433031627,0.49788650895517955
A5_hard_1px,T0_standard,0.0,1.0,1.0,93,0,0,1,0.685337774295973,0.816101572532634,0.46639426155767616,2.0,11,0.3752034545454545,0.685337774295973,0.21894351273829682,0.09571871296573023
A5_hard_1px,T0_standard,0.0,1.0,1.0,106,0,0,1,0.6899881626123578,0.7519711349959308,0.4275331987626007,61.0,101,1.456544306930693,0.6899881626123578,0.04755687353788498,0.26245496384975714
A5_hard_1px,T0_standard,0.0,1.0,1.0,118,0,0,1,0.8555816205104854,0.5113985551849795,0.7726156201050864,11.0,27,0.771531037037037,0.8555816205104854,0.08296600040539893,0.061452379084115764
A5_hard_1px,T0_standard,0.0,1.0,1.0,119,0,0,1,0.8681908374064923,0.48109044754808516,0.7999316999194195,57.0,97,1.3621651546391753,0.8681908374064923,0.06825913748707282,0.06355002510643487
A5_hard_1px,T0_standard,0.0,1.0,1.0,120,0,0,1,0.8768019369298329,0.45859196092253196,0.8134257602591013,45.0,77,1.3922861558441562,0.8768019369298329,0.059821886399435587,0.06337617667073153
A5_hard_1px,T0_standard,0.0,1.0,1.0,123,0,0,1,0.9138054234962999,0.3533822032791806,0.8701498893547878,1.0,20,0.5155320999999999,0.9138054234962999,0.042539042362187945,0.04365553414151216
A5_hard_1px,T0_standard,0.0,1.0,1.0,124,0,0,1,0.9144907884016391,0.3512417760347192,0.8702530826693505,18.0,47,0.8481854893617022,0.9144907884016391,0.04423770573228856,0.04127150586607229
A5_hard_1px,T0_standard,0.0,1.0,1.0,129,0,0,1,0.8249311612010869,0.5820458132367369,0.7208785811647852,34.0,64,1.315091625,0.8249311612010869,0.10405258003630169,0.07101625876261144
A5_hard_1px,T0_standard,0.0,1.0,1.0,130,0,0,1,0.7938374274408784,0.6517284850452099,0.6905790766648289,42.0,75,1.3049385733333334,0.7938374274408784,0.10325835077604946,0.10290422178307225
A5_hard_1px,T0_standard,0.0,1.0,1.0,134,1,1,1,0.9758159115105388,0.13046405888416276,0.9621594038324361,6.0,24,0.7835483333333334,0.013656507678102654,0.9758159115105388,0.010527580811358607
A5_hard_1px,T0_standard,0.0,1.0,1.0,136,1,1,1,0.887429511758043,0.38969353762011866,0.7866889322701178,66.0,102,1.6543439509803923,0.011829908754031868,0.887429511758043,0.10074057948792518
A5_hard_1px,T0_standard,0.0,1.0,1.0,145,1,1,1,0.9737509324982445,0.13941809712641307,0.9588999676900124,55.0,91,1.4519752857142858,0.011398102693523446,0.9737509324982445,0.014850964808232062
A5_hard_1px,T0_standard,0.0,1.0,1.0,149,2,2,1,0.9632227626121567,0.182764889793118,0.9425266592968884,1.0,14,0.40021921428571433,0.016081134072575023,0.020696103315268305,0.9632227626121567
A5_hard_1px,T0_standard,0.0,1.0,1.0,151,2,2,1,0.9486550132136179,0.23678231230065666,0.917309719332948,2.0,11,0.5133822727272727,0.03134529388066985,0.019999692905712265,0.9486550132136179
A5_hard_1px,T0_standard,0.0,1.0,1.0,160,2,2,1,0.9642616443559565,0.17845368553135096,0.943489567420088,2.0,13,0.5016772307692308,0.020772076935868494,0.01496627870817499,0.9642616443559565
A5_hard_1px,T0_standard,0.0,1.0,1.0,169,2,2,1,0.85914280470248,0.4995093004435417,0.7707331162763228,1.0,11,0.44178781818181817,0.08840968842615719,0.05244750687136287,0.85914280470248
A5_hard_1px,T0_standard,0.0,1.0,1.0,176,2,2,1,0.7685109132117905,0.6127515490300239,0.5585739502276574,12.0,30,0.8189938999999999,0.021552123804076253,0.20993696298413314,0.7685109132117905
A5_hard_1px,T0_standard,0.0,1.0,1.0,178,2,2,1,0.9573778227250095,0.20369930823705934,0.9295358474393329,14.0,32,0.95442090625,0.014780201989313938,0.02784197528567658,0.9573778227250095
A5_hard_1px,T0_standard,0.0,1.0,1.0,184,2,2,1,0.9356999645312353,0.2830415063146027,0.9012357540113168,3.0,15,0.7859551333333333,0.02983582494884633,0.03446421051991842,0.9356999645312353
A5_hard_1px,T0_standard,0.0,1.0,1.0,186,1,0,0,0.8100788698984708,0.6144060960592203,0.697346213815869,3.0,15,0.6404765999999998,0.8100788698984708,0.07718847401892742,0.11273265608260177
A5_hard_1px,T0_standard,0.0,1.0,1.0,187,2,2,1,0.9212959421350396,0.3206931741803152,0.8630535093251256,1.0,14,0.5083184285714285,0.020461625055046284,0.05824243280991406,0.9212959421350396
A5_hard_1px,T0_standard,0.0,1.0,1.0,194,2,2,1,0.9222538328600771,0.31974128558801634,0.8667188896445329,2.0,12,0.537488,0.022211223924378624,0.055534943215544225,0.9222538328600771
A5_hard_1px,T0_standard,0.0,1.0,1.0,198,1,1,1,0.6557978954241777,0.8001585013538416,0.3697691248179268,3.0,15,0.7177088000000001,0.28602877060625087,0.6557978954241777,0.05817333396957146
A5_hard_1px,T0_standard,0.0,1.0,1.0,202,2,2,1,0.8007987449926778,0.5593595690270647,0.6194394832443644,4.0,22,0.5913674545454545,0.017841993259008787,0.18135926174831343,0.8007987449926778
A5_hard_1px,T0_standard,0.0,1.0,1.0,205,1,1,1,0.9244553117019424,0.29503960540137086,0.8577614354927676,28.0,56,1.062304125,0.008850812088882908,0.9244553117019424,0.06669387620917476
A5_hard_1px,T0_standard,0.0,1.0,1.0,206,2,2,1,0.8036612879641216,0.5578998346940146,0.6264090725244182,6.0,22,0.6087270454545455,0.019086496596174958,0.1772522154397034,0.8036612879641216
A5_hard_1px,T0_standard,0.0,1.0,1.0,212,2,2,1,0.9265675732866756,0.3061238029400781,0.873859585214329,10.0,26,0.8470876538461538,0.020724438640977765,0.052707988072346605,0.9265675732866756
A5_hard_1px,T0_standard,0.0,1.0,1.0,214,2,2,1,0.9300741064551088,0.29397439170252454,0.8787715030155445,20.0,46,1.0707565,0.01862329010532684,0.05130260343956429,0.9300741064551088
A5_hard_1px,T0_standard,0.0,1.0,1.0,229,1,1,1,0.9761582522653527,0.12748920850002576,0.9598256214830704,1.0,21,0.46933819047619046,0.0075091169523649574,0.9761582522653527,0.01633263078228233
A5_hard_1px,T0_standard,0.0,1.0,1.0,233,2,2,1,0.902548631262876,0.38601614669680956,0.8469289265996853,35.0,67,1.22872771641791,0.041831664073933364,0.05561970466319063,0.902548631262876
A5_hard_1px,T0_standard,0.0,1.0,1.0,235,2,2,1,0.5221554321555013,0.8263252824238227,0.08292898915734287,4.0,25,0.58303204,0.03861812484634023,0.43922644299815844,0.5221554321555013
A5_hard_1px,T0_standard,0.0,1.0,1.0,239,2,2,1,0.948100355160306,0.24000321918665696,0.921107111593145,4.0,18,0.5865500555555556,0.02699324356716099,0.024906401272533005,0.948100355160306
A5_hard_1px,T0_standard,0.0,1.0,1.0,242,2,0,0,0.5226821898606033,0.895710482096269,0.11802004756606704,2.0,15,0.6072851333333332,0.5226821898606033,0.0726556678448604,0.4046621422945363
A5_hard_1px,T0_standard,0.0,1.0,1.0,244,2,2,1,0.8528613508547855,0.5084276149641005,0.7508657357275847,67.0,108,1.5329172870370373,0.045143034018013645,0.10199561512720083,0.8528613508547855
A5_hard_1px,T0_standard,0.0,1.0,1.0,245,2,2,1,0.8911556291168443,0.4103575732226064,0.814702050789825,3.0,13,0.5391935384615386,0.07645357832701924,0.03239079255613627,0.8911556291168443
A5_hard_1px,T0_standard,0.0,1.0,1.0,249,0,0,1,0.8789829222717046,0.4522639263267336,0.8126304921351892,12.0,32,0.737368,0.8789829222717046,0.05466464759177999,0.0663524301365154
A5_hard_1px,T0_standard,0.0,1.0,1.0,253,0,0,1,0.8884892788653865,0.42675932722425386,0.8294268637933709,56.0,94,1.2869785319148936,0.8884892788653865,0.05244830606259803,0.059062415072015574
A5_hard_1px,T0_standard,0.0,1.0,1.0,260,1,1,1,0.9529207724437946,0.2084895746162977,0.9122148901934084,1.0,12,0.5609836666666668,0.00637334530581928,0.9529207724437946,0.040705882250386134
A5_hard_1px,T0_standard,0.0,1.0,1.0,278,1,1,1,0.7112478911819354,0.6554282215892224,0.43595249613946085,1.0,10,0.49930959999999996,0.01345671377558995,0.7112478911819354,0.2752953950424746
A5_hard_1px,T0_standard,0.0,1.0,1.0,290,2,2,1,0.8960210796569295,0.39117691467523646,0.8171168031095829,3.0,11,0.6727623636363637,0.02507464379572398,0.07890427654734657,0.8960210796569295
A5_hard_1px,T0_standard,0.0,1.0,1.0,293,2,2,1,0.9579614196082088,0.20276314817613064,0.9329956486068036,5.0,18,0.6691911666666666,0.02496577100140517,0.01707280939038597,0.9579614196082088
A5_hard_1px,T0_standard,0.0,1.0,1.0,297,2,1,0,0.40795809638437774,1.0473342659043108,0.005495101295338589,1.0,10,0.4448850999999999,0.40246299508903915,0.40795809638437774,0.18957890852658316
A5_hard_1px,T0_standard,0.0,1.0,1.0,298,2,2,1,0.7053794902976551,0.8103817347433685,0.5548405196816328,4.0,16,0.6169322500000001,0.1440815390863226,0.15053897061602226,0.7053794902976551
A5_hard_1px,T0_standard,0.0,1.0,1.0,299,1,1,1,0.9760943962794818,0.1287128092647183,0.9612031685130122,4.0,17,0.6325850000000001,0.009014375954048637,0.9760943962794818,0.014891227766469546
A5_hard_1px,T0_standard,0.0,1.0,1.0,304,1,1,1,0.9682895596163593,0.16001509714754725,0.9460991731851514,6.0,22,0.6175126818181818,0.022190386431208017,0.9682895596163593,0.009520053952432637
A5_hard_1px,T0_standard,0.0,1.0,1.0,308,2,2,1,0.8943701513667937,0.400286679834442,0.8187158886643844,7.0,21,0.744395857142857,0.029975585930797022,0.07565426270240923,0.8943701513667937
A5_hard_1px,T0_standard,0.0,1.0,1.0,311,1,1,1,0.9580472926747744,0.19828367528835744,0.9271384970032106,5.0,25,0.62898604,0.01104391165366178,0.9580472926747744,0.03090879567156383
A5_hard_1px,T0_standard,0.0,1.0,1.0,322,1,1,1,0.9618993294654388,0.1849398780156871,0.9350028113380624,3.0,13,0.5984578461538462,0.01120415240718477,0.9618993294654388,0.026896518127376402
A5_hard_1px,T0_standard,0.0,1.0,1.0,332,2,0,0,0.4436776671293234,1.0582900281753882,0.10312863984603832,5.0,18,0.71271,0.4436776671293234,0.2157733055873916,0.34054902728328507
A5_hard_1px,T0_standard,0.0,1.0,1.0,334,1,1,1,0.9607603985354006,0.18573402982639747,0.9297963491643363,4.0,17,0.6182341764705882,0.008275552093535006,0.9607603985354006,0.030964049371064343
A5_hard_1px,T0_standard,0.0,1.0,1.0,338,1,0,0,0.8315602331598636,0.5666248908009632,0.7301530724620184,118.0,163,1.9818752024539878,0.8315602331598636,0.10140716069784522,0.06703260614229122
A5_hard_1px,T0_standard,0.0,1.0,1.0,339,1,0,0,0.8101326836083927,0.6140281646788198,0.696749694119508,27.0,61,0.9155766885245903,0.8101326836083927,0.0764843269027226,0.11338298948888469
A5_hard_1px,T0_standard,0.0,1.0,1.0,340,0,0,1,0.8767474861063732,0.45574157299980894,0.8014765438060811,47.0,78,1.3844180128205126,0.8767474861063732,0.0752709423002921,0.047981571593334736
A5_hard_1px,T0_standard,0.0,1.0,1.0,360,2,2,1,0.9433615143404375,0.2566670270170287,0.9126167488245339,2.0,12,0.5786047499999999,0.02589372014365906,0.030744765515903504,0.9433615143404375
A5_hard_1px,T0_standard,0.0,1.0,1.0,361,2,2,1,0.6767649247190402,0.8319431341853571,0.45700884121603724,1.0,10,0.5130506,0.10347899177795697,0.2197560835030029,0.6767649247190402
A5_hard_1px,T0_standard,0.0,1.0,1.0,362,2,2,1,0.9450864945350156,0.2505176474908391,0.9148513004626582,1.0,11,0.5684201818181817,0.03023519407235747,0.024678311392626964,0.9450864945350156
A5_hard_1px,T0_standard,0.0,1.0,1.0,374,0,0,1,0.8782589825385709,0.45087254186409065,0.8020803056299269,3.0,18,0.5402341666666667,0.8782589825385709,0.07617867690864398,0.04556234055278518
A5_hard_1px,T0_standard,0.0,1.0,1.0,376,0,0,1,0.8753679186388527,0.4581192356952878,0.7967347913007257,3.0,18,0.5590460555555555,0.8753679186388527,0.07863312733812701,0.04599895402302022
A5_hard_1px,T0_standard,0.0,1.0,1.0,378,0,0,1,0.8650120013183948,0.4853059679163899,0.7811274132928793,1.0,16,0.487147875,0.8650120013183948,0.08388458802551561,0.051103410656089504
A5_hard_1px,T0_standard,0.0,1.0,1.0,380,0,0,1,0.8389523836705418,0.5445555514965952,0.7325336374070698,3.0,19,0.48924563157894735,0.8389523836705418,0.106418746263472,0.054628870065986206
A5_hard_1px,T0_standard,0.0,1.0,1.0,387,0,0,1,0.7491936151199055,0.7193034982233248,0.5771614781174678,22.0,44,1.1116842272727274,0.7491936151199055,0.17203213700243772,0.07877424787765683
A5_hard_1px,T0_standard,0.0,1.0,1.0,388,0,0,1,0.7791060063136609,0.6496708418503991,0.6111428964379758,7.0,23,0.6896618260869564,0.7791060063136609,0.16796310987568505,0.05293088381065418
A5_hard_1px,T0_standard,0.0,1.0,1.0,389,0,0,1,0.8908138219768094,0.4176951933062065,0.8239159583182574,8.0,24,0.8380092500000001,0.8908138219768094,0.06689786365855199,0.04228831436463864
A5_hard_1px,T0_standard,0.0,1.0,1.0,391,0,0,1,0.8909734022255683,0.4169923898333572,0.8236169388306063,14.0,34,0.927025911764706,0.8909734022255683,0.06735646339496201,0.041670134379469696
A5_hard_1px,T0_standard,0.0,1.0,1.0,400,0,0,1,0.8840741948686739,0.4388046518430299,0.8221054972119872,3.0,15,0.5019540666666668,0.8840741948686739,0.061968697656686625,0.053957107474639415
A5_hard_1px,T0_standard,0.0,1.0,1.0,403,0,0,1,0.8766050718554391,0.45627446164577745,0.801603688841591,2.0,13,0.619328,0.8766050718554391,0.07500138301384814,0.048393545130712784
A5_hard_1px,T0_standard,0.0,1.0,1.0,405,0,0,1,0.776860935898203,0.6846860610131169,0.6556482987710387,24.0,47,1.081583680851064,0.776860935898203,0.10192642697463253,0.1212126371271643
A5_hard_1px,T0_standard,0.0,1.0,1.0,413,0,0,1,0.8401294868006234,0.5440574766804599,0.7380572286994088,43.0,83,1.1146613373493979,0.8401294868006234,0.10207225810121458,0.05779825509816214
A5_hard_1px,T0_standard,0.0,1.0,1.0,421,0,0,1,0.8806032374225391,0.44690934408848354,0.8112401679728343,21.0,60,0.8280121,0.8806032374225391,0.06936306944970479,0.050033693127756046
A5_hard_1px,T0_standard,0.0,1.0,1.0,422,0,0,1,0.9112696549055577,0.36057142985104584,0.8620960373374199,34.0,72,0.9631183333333332,0.9112696549055577,0.039556727526304465,0.049173617568137734
A5_hard_1px,T0_standard,0.0,1.0,1.0,426,0,0,1,0.9055610024307128,0.3779931784282004,0.8556244245394625,18.0,39,1.0525164615384617,0.9055610024307128,0.04993657789125025,0.04450241967803698
A5_hard_1px,T0_standard,0.0,1.0,1.0,429,0,0,1,0.845318399536958,0.5378801368780741,0.7654664261738006,38.0,66,1.4506720606060608,0.845318399536958,0.07985197336315741,0.0748296270998847
A5_hard_1px,T0_standard,0.0,1.0,1.0,430,0,0,1,0.828729614274055,0.5763837083586695,0.7386889276656441,41.0,70,1.3141251428571425,0.828729614274055,0.09004068660841097,0.08122969911753396
A5_hard_1px,T0_standard,0.0,1.0,1.0,432,0,0,1,0.866231984319783,0.48562411594510363,0.793102190962064,61.0,99,1.6191042626262624,0.866231984319783,0.07312979335771892,0.06063822232249807
A5_hard_1px,T0_standard,0.0,1.0,1.0,433,0,0,1,0.8589639001311432,0.5039929061216968,0.7819148869126317,35.0,66,1.1340002424242426,0.8589639001311432,0.07704901321851158,0.06398708665034535
A5_hard_1px,T0_standard,0.0,1.0,1.0,438,0,0,1,0.8938566762786353,0.411785978064858,0.837851463091332,114.0,160,2.0565121187499997,0.8938566762786353,0.05013811053406147,0.05600521318730333
A5_hard_1px,T0_standard,0.0,1.0,1.0,439,0,0,1,0.8703879705127715,0.47545812238936125,0.8041734585209724,98.0,144,1.8719137986111112,0.8703879705127715,0.06621451199179902,0.06339751749542948
A5_hard_1px,T0_standard,0.0,1.0,1.0,452,1,1,1,0.9723129399574628,0.14451246268715393,0.9542821078005664,3.0,16,0.5164338125,0.018030832156896333,0.9723129399574628,0.00965622788564072
