parcel_id,truth,pred,epistemic,prob_0,prob_1,prob_2
134,0,0,0.0,0.9963059,0.0032122715,0.0004819779
134,0,0,0.0,0.99630463,0.001287361,0.0024081457
134,0,0,0.0,0.99535954,0.0039781802,0.00066235976
134,0,0,0.0,0.99200976,0.006980276,0.0010100614
134,0,0,0.0,0.9969177,0.0009805978,0.0021019028
134,0,0,0.0,0.99734694,0.0020210699,0.0006320875
134,0,0,0.0,0.99682057,0.002692924,0.00048661334
134,0,0,5.587935447692871e-08,0.99216706,0.0068299803,0.0010028244
134,0,0,0.0,0.9969492,0.0020732232,0.0009776881
134,0,0,0.0,0.9977669,0.0008665671,0.0013666449
134,0,0,5.587935447692871e-08,0.99783003,0.0013448393,0.0008250157
134,0,0,0.0,0.9952788,0.0031707806,0.0015504654
134,0,0,0.0,0.996578,0.0020290567,0.0013930629
134,0,0,0.0,0.99718285,0.0008262027,0.0019911742
735,0,0,0.0,0.96444666,0.022868227,0.012685251
735,0,0,0.0,0.9853429,0.011748393,0.002908805
735,0,0,0.0,0.98733526,0.009906384,0.0027582499
735,0,0,0.0,0.97888476,0.016488085,0.004627466
735,0,0,0.0,0.99717295,0.0025623431,0.0002647729
735,0,0,0.0,0.98872185,0.008244003,0.0030343586
735,0,0,0.0,0.9955112,0.0039316434,0.00055716076
735,0,0,0.0,0.9863277,0.007064972,0.0066074533
735,0,0,0.0,0.9913774,0.005931811,0.0026908692
735,0,0,0.0,0.9907856,0.0035367198,0.0056779343
207,0,0,0.0,0.99780285,0.0008188945,0.0013783879
207,0,0,0.0,0.99740505,0.000996478,0.001598605
207,0,0,0.0,0.9948646,0.00103473,0.0041006915
207,0,0,0.0,0.99671024,0.0008573375,0.0024323857
207,0,0,0.0,0.9972392,0.000903684,0.0018572522
207,0,0,1.862645149230957e-09,0.9965912,0.0008658942,0.0025429316
207,0,0,0.0,0.9945039,0.0014072803,0.0040890854
207,0,0,5.774199962615967e-08,0.99592644,0.0008671259,0.0032063567
207,0,0,0.0,0.997841,0.0013090333,0.000849914
207,0,0,0.0,0.99708945,0.0010673528,0.0018432816
207,0,0,0.0,0.9965526,0.0011344567,0.0023129876
749,0,0,0.0,0.9726634,0.0011550586,0.026181616
749,0,0,0.0,0.84468496,0.0013960858,0.15391898
749,0,0,0.0,0.97215366,0.0018249819,0.026021576
749,0,0,0.0,0.9556386,0.0031718165,0.0411897
749,0,0,0.0,0.99617285,0.0013078597,0.0025194972
749,0,0,0.0,0.98601055,0.001909582,0.012079909
749,0,0,0.0,0.99415886,0.0014321449,0.0044090683
749,0,0,0.0,0.9949075,0.0013276392,0.0037648815
749,0,0,0.0,0.9976849,0.0014479263,0.00086723594
749,0,0,0.0,0.9963841,0.001266867,0.0023490903
749,0,0,0.0,0.9934397,0.0017883545,0.0047720503
749,0,0,0.0,0.9924089,0.0022012938,0.005389895
749,0,0,0.0,0.9949986,0.0031702016,0.0018313334
749,0,0,0.0,0.9953355,0.0025988733,0.0020657303
749,0,0,0.0,0.9952269,0.0018584826,0.002914575
749,0,0,0.0,0.9952879,0.0015302544,0.0031819446
749,0,0,3.725290298461914e-09,0.9966292,0.0021824099,0.0011884448
749,0,0,0.0,0.99671507,0.0022131002,0.0010719085
749,0,0,0.0,0.99764466,0.0015952614,0.0007601372
749,0,0,1.862645149230957e-09,0.99624157,0.0018738783,0.0018846359
749,0,0,5.960464477539063e-08,0.99796313,0.0014874215,0.00054935046
749,0,0,0.0,0.9980371,0.0012145945,0.00074841734
749,0,0,0.0,0.99762917,0.0012821237,0.0010888681
749,0,0,0.0,0.9975139,0.0014320124,0.001054141
749,0,0,0.0,0.9979898,0.0008350457,0.0011752449
749,0,0,1.862645149230957e-09,0.99787855,0.00091456395,0.0012069625
749,0,0,0.0,0.99787235,0.0008445812,0.0012832265
749,0,0,0.0,0.99772453,0.001150703,0.0011247564
779,0,0,0.0,0.9978858,0.0013106042,0.0008037268
779,0,0,0.0,0.99638367,0.0018190375,0.001797491
779,0,0,0.0,0.99607176,0.0016805683,0.0022477747
779,0,0,0.0,0.9939494,0.0026621828,0.0033884647
779,0,0,3.725290298461914e-09,0.9958788,0.0024479108,0.0016733636
779,0,0,0.0,0.9953338,0.0023894247,0.0022767903
779,0,0,0.0,0.9470669,0.017914526,0.035018604
779,0,0,0.0,0.94017833,0.026447993,0.033373836
779,0,0,0.0,0.9777604,0.0119606685,0.010279209
779,0,0,5.960464477539063e-08,0.9853069,0.005391221,0.009301799
779,0,0,0.0,0.93484205,0.029565532,0.035592668
718,0,0,3.725290298461914e-09,0.9953281,0.0020002516,0.002671745
718,0,0,5.774199962615967e-08,0.99650496,0.0011997699,0.0022951562
718,0,0,5.774199962615967e-08,0.9974844,0.0015513558,0.00096422475
718,0,0,0.0,0.9967479,0.00068683905,0.0025655096
718,0,0,5.960464477539063e-08,0.9943535,0.0007221702,0.0049243155
718,0,0,0.0,0.99444765,0.0028267018,0.0027259293
718,0,0,0.0,0.9972048,0.0018627964,0.0009325074
718,0,0,0.0,0.9978656,0.0011813939,0.00095321523
718,0,0,0.0,0.99786764,0.0010010003,0.0011314071
718,0,0,0.0,0.9968929,0.0017990087,0.0013082059
718,0,0,0.0,0.9975095,0.0014436546,0.0010470673
718,0,0,0.0,0.99723256,0.0016597003,0.0011078425
718,0,0,0.0,0.9974033,0.0019269777,0.00066960976
718,0,0,0.0,0.9974994,0.0018306541,0.00067003677
718,0,0,0.0,0.99654734,0.0008355647,0.002617279
718,0,0,1.862645149230957e-09,0.99706405,0.0021884164,0.0007475328
718,0,0,0.0,0.998284,0.0011382556,0.000577775
718,0,0,0.0,0.9978347,0.0015271229,0.00063840003
718,0,0,0.0,0.9932453,0.0016441252,0.0051105986
718,0,0,4.842877388000488e-08,0.9913278,0.0077794185,0.0008926968
718,0,0,0.0,0.9981575,0.0012301981,0.00061235664
718,0,0,0.0,0.9974432,0.0012844681,0.0012725606
718,0,0,0.0,0.9927315,0.0010101057,0.0062584365
718,0,0,0.0,0.92648786,0.00092061993,0.07259168
167,0,0,0.0,0.9905546,0.0051509812,0.004294458
167,0,0,0.0,0.9903908,0.007308635,0.0023006601
167,0,0,0.0,0.9947063,0.0034321556,0.0018616439
167,0,0,0.0,0.99413,0.0036456848,0.002224476
167,0,0,0.0,0.99631155,0.0028984952,0.0007900409
167,0,0,0.0,0.9970767,0.002178754,0.0007446369
167,0,0,0.0,0.99704504,0.002111158,0.0008439858
802,0,0,7.450580596923828e-09,0.9897428,0.0070567434,0.0032004102
802,0,0,0.0,0.97158384,0.023734063,0.0046821074
802,0,0,5.960464477539063e-08,0.9851172,0.0118951965,0.002987556
802,0,0,0.0,0.9680361,0.025521979,0.0064419913
802,0,0,0.0,0.959864,0.032747697,0.007388421
802,0,0,0.0,0.9903258,0.009152484,0.0005218737
802,0,0,0.0,0.99711186,0.002353905,0.00053433544
802,0,0,0.0,0.99625486,0.002897778,0.0008475077
802,0,0,0.0,0.99213314,0.004946305,0.0029205654
802,0,0,0.0,0.9909474,0.006815025,0.002237498
802,0,0,0.0,0.9793368,0.01723848,0.0034246815
802,0,0,0.0,0.98431134,0.014462578,0.0012261104
802,0,0,5.960464477539063e-08,0.99368113,0.0058147693,0.0005040715
802,0,0,0.0,0.99699306,0.0022524248,0.0007546308
802,0,0,5.960464477539063e-08,0.9973461,0.0019010591,0.00075276516
802,0,0,0.0,0.99770826,0.0018534692,0.00043839202
802,0,0,0.0,0.98649687,0.010189081,0.0033140676
802,0,0,0.0,0.98621124,0.010902569,0.0028863912
802,0,0,0.0,0.97657776,0.020897841,0.0025245443
802,0,0,0.0,0.9956256,0.0038371112,0.00053743063
802,0,0,0.0,0.99519765,0.004267873,0.0005345831
802,0,0,0.0,0.9973435,0.00188293,0.0007737636
802,0,0,0.0,0.9976727,0.0014444101,0.0008829742
802,0,0,0.0,0.9979745,0.0015450468,0.0004804623
802,0,0,5.587935447692871e-08,0.9954267,0.0033539755,0.0012192877
802,0,0,0.0,0.9942333,0.004860215,0.00090646074
802,0,0,0.0,0.9946557,0.0048551103,0.0004892764
802,0,0,0.0,0.9965701,0.0030309344,0.00039901905
802,0,0,0.0,0.9961061,0.003397588,0.0004964338
802,0,0,0.0,0.9969,0.0022246798,0.00087541796
802,0,0,0.0,0.99818945,0.0010351874,0.0007754878
802,0,0,0.0,0.9976721,0.001591571,0.0007364261
802,0,0,1.862645149230957e-09,0.9965784,0.0027996574,0.00062199123
802,0,0,0.0,0.9966903,0.0028479265,0.0004618096
802,0,0,6.51925802230835e-08,0.99558854,0.0039433353,0.0004681384
802,0,0,5.587935447692871e-08,0.9937555,0.0054112487,0.00083318865
802,0,0,0.0,0.99610525,0.0028298225,0.0010649762
802,0,0,0.0,0.843152,0.053167176,0.10368088
90,0,0,0.0,0.9983234,0.001019517,0.00065717084
90,0,0,0.0,0.9982363,0.001124225,0.00063954806
90,0,0,0.0,0.99650574,0.0023494768,0.001145091
90,0,0,0.0,0.9977779,0.0010447144,0.001177547
90,0,0,0.0,0.9973578,0.0019026651,0.0007396324
90,0,0,0.0,0.99458545,0.0034981587,0.0019164992
90,0,0,0.0,0.99607414,0.0017177431,0.0022082734
90,0,0,5.960464477539063e-08,0.9970524,0.001651531,0.0012960406
90,0,0,0.0,0.9975044,0.0012368811,0.0012586899
90,0,0,0.0,0.9946436,0.0017971962,0.0035592734
72,0,0,0.0,0.96492785,0.022107437,0.012964846
72,0,0,0.0,0.98086596,0.013416862,0.0057171835
72,0,0,5.960464477539063e-08,0.98724806,0.009394596,0.003357318
72,0,0,0.0,0.99188834,0.005010664,0.0031010758
72,0,0,0.0,0.99261814,0.0061832704,0.0011985502
72,0,0,0.0,0.98839957,0.009880768,0.0017198592
783,0,0,0.0,0.99359477,0.0055430923,0.00086224003
783,0,0,3.725290298461914e-09,0.9916621,0.007450166,0.0008877235
783,0,0,0.0,0.99617577,0.003398082,0.0004263365
783,0,0,4.842877388000488e-08,0.9919858,0.007250576,0.000763477
783,0,0,0.0,0.9965641,0.0026621001,0.0007739304
783,0,0,0.0,0.99025357,0.004773129,0.0049732993
783,0,0,0.0,0.9864718,0.0024414796,0.011086951
19,0,0,0.0,0.9981729,0.0010448374,0.0007822733
19,0,0,0.0,0.9986843,0.0007330365,0.00058277545
19,0,0,0.0,0.99765015,0.0014550586,0.00089484855
19,0,0,0.0,0.99774474,0.0011832505,0.001072186
19,0,0,0.0,0.9974535,0.001752559,0.0007940385
19,0,0,0.0,0.9985941,0.00083012483,0.00057594886
19,0,0,0.0,0.9975252,0.001418986,0.0010560246
19,0,0,0.0,0.9977297,0.00094236963,0.0013280445
19,0,0,0.0,0.9974268,0.0016875217,0.00088586845
19,0,0,0.0,0.9981729,0.0011865789,0.000640533
19,0,0,0.0,0.995636,0.0027567968,0.0016072926
19,0,0,3.725290298461914e-09,0.99340963,0.0033949304,0.00319543
19,0,0,0.0,0.99760056,0.0010155428,0.0013841874
19,0,0,0.0,0.99696386,0.0017423884,0.0012938308
19,0,0,0.0,0.99380124,0.0023195923,0.003879366
721,0,0,0.0,0.9973469,0.0010108714,0.0016423843
721,0,0,0.0,0.9974251,0.0011752533,0.0013998108
721,0,0,0.0,0.9981028,0.0009116585,0.0009856491
721,0,0,0.0,0.9972478,0.0014012933,0.001351007
721,0,0,0.0,0.9978857,0.0011456743,0.0009687267
721,0,0,5.960464477539063e-08,0.9978172,0.0012648039,0.00091792067
721,0,0,0.0,0.9981935,0.0011535109,0.0006530231
721,0,0,0.0,0.99746704,0.0011014134,0.0014316997
721,0,0,0.0,0.99791723,0.001255522,0.000827443
721,0,0,0.0,0.99772453,0.0013474493,0.0009280962
721,0,0,0.0,0.9978356,0.0015427227,0.0006217193
721,0,0,5.960464477539063e-08,0.9975325,0.0010857459,0.0013818007
721,0,0,0.0,0.9978247,0.0010507039,0.0011247795
721,0,0,1.862645149230957e-09,0.99741286,0.0009878868,0.0015993713
738,0,0,0.0,0.9960137,0.0033160972,0.00067034294
738,0,0,0.0,0.9950809,0.0034448344,0.0014743946
738,0,0,0.0,0.996365,0.0028816648,0.00075346156
738,0,0,0.0,0.99742466,0.0019244516,0.00065117265
738,0,0,0.0,0.9967428,0.002859482,0.00039778423
738,0,0,0.0,0.99676365,0.0024557477,0.0007807394
738,0,0,0.0,0.99684095,0.0025411944,0.00061784545
738,0,0,0.0,0.9942866,0.004402218,0.0013112017
158,0,0,0.0,0.9616914,0.022629563,0.015679222
158,0,0,0.0,0.99040204,0.008538872,0.0010593488
158,0,0,0.0,0.9888644,0.010128801,0.0010069687
158,0,0,0.0,0.99047804,0.008852507,0.0006694753
158,0,0,0.0,0.98670113,0.012495329,0.000803634
158,0,0,0.0,0.9922895,0.0068688397,0.00084181415
158,0,0,0.0,0.99183124,0.0077377874,0.00043093582
158,0,0,0.0,0.9881534,0.011368367,0.00047842143
158,0,0,0.0,0.9943148,0.004846672,0.0008386526
158,0,0,0.0,0.9934706,0.0062301117,0.0002993802
158,0,0,0.0,0.9928388,0.006718957,0.00044235168
158,0,0,0.0,0.9932388,0.005317419,0.0014438117
158,0,0,0.0,0.99471664,0.0046591857,0.0006241958
158,0,0,0.0,0.9933864,0.0062398515,0.00037378707
158,0,0,7.450580596923828e-09,0.9936167,0.005723932,0.00065940194
158,0,0,0.0,0.98835945,0.0097210705,0.0019195126
158,0,0,0.0,0.99283135,0.006244912,0.0009237495
158,0,0,0.0,0.9880618,0.010936486,0.0010019544
158,0,0,0.0,0.9758325,0.02259688,0.0015707111
158,0,0,0.0,0.99338156,0.0056172432,0.0010012127
158,0,0,0.0,0.9922285,0.0069769216,0.00079463545
158,0,0,0.0,0.98996735,0.008604662,0.0014281785
158,0,0,0.0,0.9878845,0.010856677,0.0012588605
158,0,0,0.0,0.9907675,0.0072091203,0.002023465
80,0,0,0.0,0.99422944,0.000893921,0.0048767836
80,0,0,0.0,0.99351645,0.0015146963,0.0049688662
80,0,0,0.0,0.98161453,0.0021967639,0.016188856
80,0,0,0.0,0.99794865,0.0008685727,0.0011829097
80,0,0,0.0,0.99757475,0.0013992088,0.0010262063
80,0,0,0.0,0.99704397,0.0015902305,0.0013659197
80,0,0,0.0,0.9976825,0.0011750913,0.0011425831
80,0,0,0.0,0.9980969,0.0010165258,0.0008866735
80,0,0,0.0,0.99681044,0.0021185812,0.0010710666
80,0,0,0.0,0.9969187,0.0016074419,0.001474145
80,0,0,0.0,0.99739754,0.0021025073,0.0004999416
80,0,0,1.862645149230957e-09,0.99566406,0.003542543,0.000793526
80,0,0,0.0,0.9935666,0.0044219033,0.002011564
80,0,0,0.0,0.9965992,0.0023513797,0.0010496728
80,0,0,0.0,0.9943409,0.005322896,0.00033612186
80,0,0,0.0,0.99012417,0.008782163,0.0010938123
80,0,0,0.0,0.9933224,0.0045573474,0.0021202588
80,0,0,0.0,0.99672514,0.0028873424,0.0003876025
80,0,0,0.0,0.99582875,0.0036786802,0.0004926307
80,0,0,0.0,0.9957696,0.0030549115,0.0011754977
80,0,0,0.0,0.9920436,0.005016176,0.0029402932
80,0,0,0.0,0.9969897,0.0017186844,0.001291603
80,0,0,0.0,0.9953381,0.0029393102,0.0017226555
80,0,0,0.0,0.9952635,0.0031387722,0.0015978452
77,0,0,0.0,0.9753562,0.01581247,0.008831388
77,0,0,0.0,0.99431896,0.0044611925,0.0012199269
77,0,0,0.0,0.9929991,0.005375655,0.0016253759
77,0,0,0.0,0.96910673,0.018132873,0.012760655
77,0,0,5.587935447692871e-08,0.9964172,0.0023620308,0.0012206781
77,0,0,0.0,0.9967457,0.0024513416,0.0008030338
77,0,0,0.0,0.99300945,0.0044639353,0.0025267445
77,0,0,0.0,0.9946045,0.0038986579,0.0014967711
790,0,0,0.0,0.99837345,0.001039474,0.0005871617
790,0,0,0.0,0.9981389,0.0011651997,0.0006959849
790,0,0,0.0,0.9977985,0.0011544975,0.0010472086
790,0,0,0.0,0.9984331,0.00090940465,0.000657447
790,0,0,0.0,0.99845994,0.0007710297,0.00076904136
790,0,0,0.0,0.997245,0.0018545125,0.0009005224
790,0,0,0.0,0.99790996,0.0014624081,0.0006277292
790,0,0,0.0,0.9983134,0.0009509693,0.00073575607
790,0,0,0.0,0.9973088,0.0010629469,0.001628288
790,0,0,0.0,0.997584,0.0009983719,0.0014176132
790,0,0,0.0,0.99826723,0.00089423603,0.000838717
790,0,0,0.0,0.99834156,0.0008374126,0.0008213425
790,0,0,0.0,0.99722195,0.00103925,0.0017388691
790,0,0,0.0,0.99761784,0.0009322722,0.0014500052
790,0,0,5.960464477539063e-08,0.9956133,0.0019221369,0.0024645175
753,0,0,0.0,0.9399362,0.033894222,0.026169641
753,0,0,0.0,0.9616584,0.024658764,0.0136829605
753,0,0,0.0,0.9858433,0.010623251,0.0035335105
753,0,0,7.450580596923828e-08,0.9638169,0.02337682,0.01280636
753,0,0,0.0,0.95506454,0.030625025,0.014310554
753,0,0,0.0,0.9769697,0.016853916,0.006176325
753,0,0,0.0,0.99671173,0.0028819793,0.0004064893
753,0,0,0.0,0.99413544,0.004945329,0.0009191405
753,0,0,0.0,0.99376404,0.0052011064,0.0010349299
753,0,0,0.0,0.99595684,0.0032061809,0.0008371663
753,0,0,0.0,0.99674714,0.0025957697,0.00065704295
753,0,0,0.0,0.9967496,0.002424433,0.00082602573
753,0,0,0.0,0.9830446,0.01150779,0.0054477192
753,0,0,0.0,0.9794283,0.014346669,0.0062253065
753,0,0,0.0,0.9960522,0.003485493,0.00046233353
753,0,0,0.0,0.98930556,0.007920849,0.002773857
753,0,0,0.0,0.9857647,0.010565348,0.003670039
753,0,0,0.0,0.9943487,0.0032229484,0.0024282797
753,0,0,0.0,0.99470955,0.0032197072,0.0020708716
753,0,0,5.587935447692871e-08,0.9952385,0.0021677124,0.0025937664
753,0,0,0.0,0.98417,0.01195878,0.0038711783
753,0,0,0.0,0.9893238,0.008411413,0.0022650296
753,0,0,0.0,0.97150755,0.022026924,0.0064656814
753,0,0,0.0,0.99730694,0.0018131748,0.00087987573
753,0,0,0.0,0.9950351,0.002184236,0.0027808244
753,0,0,6.705522537231445e-08,0.98649275,0.0050066034,0.008500608
753,0,0,1.1175870895385742e-08,0.99068683,0.0036392598,0.00567395
753,0,0,0.0,0.9602787,0.008026647,0.03169494
781,0,0,0.0,0.99445957,0.00093582465,0.004604678
781,0,0,0.0,0.9880238,0.0012703913,0.010705926
781,0,0,2.9802322387695312e-08,0.92948306,0.0014649702,0.06905202
781,0,0,0.0,0.99642485,0.0020515544,0.0015236767
781,0,0,0.0,0.99576706,0.0031775206,0.0010555192
781,0,0,0.0,0.99724877,0.0017910487,0.0009602265
781,0,0,0.0,0.99646896,0.0019587826,0.0015722824
781,0,0,0.0,0.99716413,0.0020829765,0.00075287936
781,0,0,0.0,0.9976023,0.0016515168,0.0007463233
781,0,0,1.862645149230957e-09,0.99757236,0.001663926,0.0007636874
781,0,0,0.0,0.9975673,0.0018735165,0.0005594127
781,0,0,5.960464477539063e-08,0.9945795,0.0038644688,0.0015560343
781,0,0,0.0,0.99756855,0.0017674486,0.00066407793
781,0,0,0.0,0.99760145,0.0016413344,0.0007572755
781,0,0,1.862645149230957e-09,0.9964563,0.0025781053,0.0009655065
781,0,0,0.0,0.9977379,0.0016877985,0.00057450886
781,0,0,1.862645149230957e-09,0.9978172,0.0014617332,0.0007210997
781,0,0,0.0,0.9974062,0.0017995673,0.0007943047
781,0,0,0.0,0.9974781,0.0012027376,0.0013191713
781,0,0,1.862645149230957e-09,0.99730444,0.0014106409,0.0012849607
781,0,0,0.0,0.9966808,0.00090821256,0.002411094
780,0,0,0.0,0.9966394,0.0017789825,0.0015817228
780,0,0,0.0,0.9851527,0.002876976,0.011970487
780,0,0,0.0,0.99807185,0.0012137642,0.00071460125
780,0,0,0.0,0.99797344,0.001220893,0.0008058374
780,0,0,0.0,0.9927293,0.0023655046,0.0049051805
780,0,0,0.0,0.99368155,0.0018865735,0.004431937
780,0,0,0.0,0.99783367,0.0014000096,0.000766327
780,0,0,0.0,0.99696463,0.0010115387,0.0020239167
780,0,0,0.0,0.99615955,0.0015809748,0.0022597488
780,0,0,0.0,0.9936729,0.0029175756,0.0034095377
780,0,0,0.0,0.9936308,0.0025607797,0.0038085543
780,0,0,0.0,0.99527645,0.0021334582,0.0025900982
780,0,0,0.0,0.99650186,0.0010397867,0.0024584949
780,0,0,6.332993507385254e-08,0.99418944,0.0031805553,0.0026300624
780,0,0,5.960464477539063e-08,0.99671227,0.001845987,0.0014417052
780,0,0,0.0,0.99565506,0.0029940777,0.0013509284
780,0,0,0.0,0.99787474,0.0010278053,0.0010975469
780,0,0,0.0,0.98955065,0.004841228,0.005608245
780,0,0,3.725290298461914e-09,0.99471056,0.0020551323,0.0032343084
780,0,0,0.0,0.99600095,0.0016302855,0.002368822
780,0,0,5.774199962615967e-08,0.99591124,0.0023838074,0.0017049331
780,0,0,0.0,0.99465954,0.0037783266,0.0015622393
780,0,0,0.0,0.9937086,0.0029896908,0.003301835
780,0,0,5.587935447692871e-08,0.99459136,0.0012521761,0.004156425
780,0,0,0.0,0.99485916,0.0016285086,0.003512448
173,0,0,0.0,0.99625224,0.0014688474,0.0022789552
173,0,0,0.0,0.995411,0.001672049,0.0029169705
173,0,0,0.0,0.99683094,0.0012692638,0.0018998411
173,0,0,0.0,0.9955293,0.0008798363,0.0035909147
173,0,0,0.0,0.9977132,0.0014847402,0.000802139
173,0,0,0.0,0.992031,0.0035144936,0.004454739
173,0,0,0.0,0.99658173,0.0017493905,0.001669003
173,0,0,5.774199962615967e-08,0.9969771,0.0010716591,0.0019512447
173,0,0,0.0,0.99802494,0.0012937615,0.00068163994
173,0,0,0.0,0.99621195,0.0016411284,0.0021471102
173,0,0,0.0,0.9958269,0.0021045886,0.0020685247
173,0,0,0.0,0.997768,0.0016746048,0.0005574395
173,0,0,0.0,0.99800366,0.001431331,0.00056511286
173,0,0,0.0,0.9975004,0.0017343247,0.0007653991
173,0,0,0.0,0.99687386,0.0023473883,0.00077883265
173,0,0,0.0,0.9973726,0.0016455136,0.000981951
173,0,0,0.0,0.9976725,0.001655148,0.00067245367
173,0,0,0.0,0.99772495,0.0018842531,0.00039085583
173,0,0,0.0,0.9976873,0.0018133115,0.0004996308
173,0,0,0.0,0.9974748,0.0012749598,0.0012503488
173,0,0,0.0,0.99755,0.0013301473,0.001119944
173,0,0,0.0,0.99741095,0.0020858906,0.00050314906
173,0,0,0.0,0.9976468,0.0018478603,0.0005054701
173,0,0,1.862645149230957e-09,0.99671465,0.0011367358,0.002148704
173,0,0,0.0,0.99389267,0.0014447027,0.004662806
173,0,0,0.0,0.9973641,0.0011469407,0.0014890097
173,0,0,0.0,0.9940044,0.0015012035,0.0044943923
62,0,0,0.0,0.99762726,0.0012924871,0.001080431
62,0,0,0.0,0.99780947,0.0013337478,0.0008569472
62,0,0,5.960464477539063e-08,0.99751014,0.0009918702,0.0014978993
62,0,0,0.0,0.9925619,0.001130864,0.00630736
62,0,0,5.960464477539063e-08,0.99782294,0.0012920632,0.0008850114
62,0,0,0.0,0.9979438,0.0011743559,0.0008820114
62,0,0,0.0,0.99810046,0.0013295214,0.0005700276
62,0,0,0.0,0.9975752,0.00095412054,0.0014708574
62,0,0,0.0,0.9982018,0.0011513963,0.00064689625
62,0,0,1.862645149230957e-09,0.9979951,0.0010297523,0.0009753061
62,0,0,0.0,0.9979953,0.0011321476,0.0008727488
62,0,0,0.0,0.9978046,0.00078106,0.0014144768
62,0,0,0.0,0.99753535,0.0010500848,0.0014146462
62,0,0,0.0,0.997675,0.00095686427,0.0013683632
62,0,0,0.0,0.9972821,0.001386465,0.001331584
62,0,0,5.587935447692871e-08,0.99638486,0.0015591076,0.0020560957
62,0,0,0.0,0.9957787,0.0014272358,0.0027941628
62,0,0,0.0,0.9956297,0.0015925639,0.002777763
106,0,0,6.332993507385254e-08,0.99744856,0.0013810142,0.0011704012
106,0,0,0.0,0.9967712,0.0015847214,0.0016441026
106,0,0,0.0,0.9964585,0.0015382852,0.0020032239
106,0,0,0.0,0.996892,0.0015578725,0.0015502665
106,0,0,5.774199962615967e-08,0.9972412,0.001319321,0.0014394616
106,0,0,0.0,0.99759334,0.0015842485,0.0008223892
106,0,0,0.0,0.9975295,0.001593705,0.00087698846
106,0,0,0.0,0.9966207,0.0020069948,0.0013723387
106,0,0,0.0,0.99748564,0.0013259469,0.0011884305
106,0,0,0.0,0.99839395,0.0011152363,0.000490906
106,0,0,0.0,0.9973793,0.0021362414,0.0004846702
106,0,0,0.0,0.99800646,0.00071581773,0.0012777965
106,0,0,0.0,0.9977777,0.0010202124,0.0012021986
106,0,0,1.862645149230957e-09,0.9982998,0.0011245644,0.0005756029
106,0,0,0.0,0.998123,0.0014476452,0.00042958977
106,0,0,0.0,0.99807084,0.000706181,0.0012230704
213,0,2,0.0,0.0014369832,0.03019346,0.9683696
213,0,2,0.0,0.00051040255,0.019066287,0.9804234
213,0,2,0.0,0.05371085,0.015361229,0.9309282
213,0,0,0.0,0.56470066,0.027263058,0.4080363
213,0,2,0.0,0.00031606923,0.004192967,0.99549115
213,0,2,0.0,0.00052347773,0.0029426902,0.9965339
213,0,0,0.0,0.7999737,0.0071272724,0.19289911
213,0,2,0.0,0.018580109,0.018008122,0.963412
213,0,2,0.0,0.0041275993,0.012809664,0.9830628
213,0,0,0.0,0.9735035,0.0033980967,0.023098331
213,0,2,0.0,0.16770945,0.06710763,0.765183
9,0,2,0.0,0.14488524,0.023278588,0.8318362
9,0,2,0.0,0.0051604584,0.012929525,0.98190993
9,0,2,0.0,0.16051854,0.069446616,0.7700349
9,0,0,5.960464477539063e-08,0.8283106,0.016401429,0.15528797
9,0,2,0.0,0.004894599,0.110390775,0.88471466
9,0,2,1.4901161193847656e-08,0.0023985924,0.023837456,0.9737638
9,0,2,0.0,0.07057772,0.21372432,0.715698
9,0,0,0.0,0.85866135,0.042984687,0.09835399
9,0,1,0.0,0.003177828,0.8464893,0.15033293
9,0,2,0.0,0.0074606566,0.026607849,0.96593153
9,0,2,4.470348358154297e-08,0.0073113427,0.021775171,0.9709135
9,0,2,0.0,0.009074421,0.044189397,0.94673634
9,0,2,0.0,0.0033452385,0.033042725,0.9636122
105,0,0,0.0,0.99784625,0.0013807286,0.0007730257
105,0,0,0.0,0.9970237,0.0017054918,0.0012709342
105,0,0,0.0,0.9975254,0.0013857537,0.0010890857
105,0,0,0.0,0.99730104,0.0010448404,0.0016542919
105,0,0,0.0,0.9968443,0.0020576208,0.0010983039
105,0,0,0.0,0.99670386,0.0022334314,0.0010628033
105,0,0,9.313225746154785e-10,0.9980556,0.0011175931,0.0008268691
105,0,0,5.960464477539063e-08,0.99796736,0.0012338704,0.0007987645
105,0,0,0.0,0.9971067,0.0016018281,0.0012916418
105,0,0,0.0,0.9970197,0.0020553055,0.00092507584
105,0,0,0.0,0.9976293,0.0017965218,0.0005742954
105,0,0,0.0,0.9974762,0.0015307865,0.0009930192
105,0,0,3.725290298461914e-09,0.9979001,0.001282846,0.0008170184
105,0,0,0.0,0.99795866,0.0013284751,0.0007128601
105,0,0,0.0,0.9973216,0.0014894635,0.0011890444
105,0,0,0.0,0.99704784,0.0013902875,0.0015619309
105,0,0,0.0,0.9972496,0.0008397314,0.0019106194
105,0,0,0.0,0.99803036,0.0011474364,0.0008223108
105,0,0,0.0,0.9901981,0.0013917395,0.008410254
113,0,0,0.0,0.9970093,0.0020282245,0.00096255715
113,0,0,0.0,0.99546,0.0033239732,0.0012161656
113,0,0,0.0,0.9430157,0.029495176,0.02748912
113,0,0,0.0,0.99387515,0.0048464662,0.0012784053
113,0,0,6.146728992462158e-08,0.9974142,0.0019869911,0.0005988312
113,0,0,0.0,0.9967999,0.0021521533,0.0010480874
113,0,0,0.0,0.99727094,0.0019506223,0.0007784298
113,0,0,2.9802322387695312e-08,0.9456303,0.026778651,0.02759109
113,0,0,0.0,0.98330915,0.012190211,0.0045006736
113,0,0,5.960464477539063e-08,0.98792714,0.009458428,0.0026144313
113,0,0,0.0,0.9974948,0.0019067103,0.0005986425
113,0,0,0.0,0.964596,0.020429377,0.014974694
113,0,0,0.0,0.9542556,0.024273746,0.021470852
113,0,0,4.470348358154297e-08,0.98239946,0.012335916,0.0052645262
113,0,0,0.0,0.9952698,0.0022370704,0.0024932034
113,0,0,0.0,0.99329185,0.002537949,0.0041702245
113,0,0,0.0,0.9472818,0.031032525,0.021685718
113,0,0,0.0,0.9583302,0.028349549,0.013320407
113,0,0,0.0,0.9838209,0.008962288,0.007217003
113,0,0,0.0,0.98354584,0.007997459,0.00845679
113,0,0,0.0,0.9725084,0.023245102,0.0042466386
127,0,0,0.0,0.8423033,0.0048270402,0.15286987
127,0,0,0.0,0.96439075,0.0021841289,0.03342543
127,0,0,5.960464477539063e-08,0.9633547,0.002317558,0.034327704
127,0,0,0.0,0.9864698,0.0028695487,0.010660666
127,0,0,0.0,0.9929577,0.0016514002,0.0053909104
127,0,0,1.862645149230957e-09,0.9966627,0.0011524592,0.0021848755
127,0,0,0.0,0.9964667,0.0011850405,0.0023485068
127,0,0,0.0,0.996975,0.0017859684,0.0012391835
127,0,0,0.0,0.9971949,0.0014405638,0.0013645474
127,0,0,0.0,0.9975366,0.0011226335,0.001340953
127,0,0,0.0,0.9974415,0.0013310444,0.0012275723
127,0,0,1.862645149230957e-09,0.99724686,0.001110414,0.0016427946
127,0,0,0.0,0.9977084,0.0010638788,0.0012279504
127,0,0,0.0,0.9966207,0.002042356,0.0013368881
127,0,0,1.862645149230957e-09,0.9970648,0.0013844408,0.0015507102
127,0,0,0.0,0.99714506,0.0011561326,0.0016988524
127,0,0,0.0,0.99694103,0.001423892,0.001635096
127,0,0,5.587935447692871e-08,0.99482554,0.0013494388,0.003824932
127,0,0,0.0,0.9944877,0.001376518,0.0041359114
127,0,0,0.0,0.99443334,0.0013775823,0.00418923
122,0,0,0.0,0.9983219,0.0008188605,0.0008592213
122,0,0,5.960464477539063e-08,0.997811,0.00078773603,0.0014013655
122,0,0,0.0,0.99692434,0.0007728801,0.0023029211
122,0,0,0.0,0.9498149,0.0023206412,0.047864545
122,0,0,9.313225746154785e-10,0.99808455,0.0007636645,0.0011519163
122,0,0,0.0,0.9980955,0.0011084989,0.00079611945
122,0,0,5.960464477539063e-08,0.9977918,0.000741788,0.0014664001
122,0,0,0.0,0.9960527,0.00078235124,0.003165128
122,0,0,0.0,0.9920086,0.0010535982,0.0069378875
122,0,0,0.0,0.99564904,0.0024948553,0.0018561217
122,0,0,0.0,0.9968072,0.0021430557,0.0010498
122,0,0,3.725290298461914e-09,0.99664223,0.0021380624,0.0012197209
122,0,0,0.0,0.9949152,0.0018721161,0.0032127004
122,0,0,0.0,0.9938394,0.0029118883,0.003248869
122,0,0,0.0,0.9965606,0.0023748456,0.0010646441
103,0,0,0.0,0.9976393,0.00090626325,0.0014546708
103,0,0,0.0,0.9933475,0.0010716566,0.0055808984
103,0,0,0.0,0.9975492,0.0007424171,0.0017084545
103,0,0,0.0,0.9979195,0.00085021474,0.0012303564
103,0,0,0.0,0.99682754,0.0012772531,0.001895279
103,0,0,0.0,0.99574745,0.0030040264,0.001248678
103,0,0,0.0,0.9954958,0.0020130975,0.0024912711
103,0,0,0.0,0.99675524,0.0013868108,0.0018580805
103,0,0,0.0,0.9978089,0.0010432926,0.0011478736
103,0,0,0.0,0.9971543,0.0016372353,0.0012086391
103,0,0,0.0,0.9917842,0.0024328495,0.0057830643
103,0,0,5.960464477539063e-08,0.9943319,0.0019960478,0.0036721202
103,0,0,5.774199962615967e-08,0.99759215,0.0014440857,0.0009638101
103,0,0,0.0,0.9935742,0.0010996569,0.0053261914
103,0,0,0.0,0.990159,0.0014521322,0.008389134
103,0,0,0.0,0.996449,0.0012336957,0.0023174544
103,0,0,6.146728992462158e-08,0.99736273,0.0011044083,0.0015327731
103,0,0,0.0,0.9918159,0.0010348242,0.0071493224
103,0,0,0.0,0.98818874,0.0009674592,0.010843696
103,0,0,0.0,0.99167156,0.0017167318,0.0066119507
103,0,0,0.0,0.99454314,0.0028040612,0.0026528852
210,0,0,0.0,0.995905,0.0022773016,0.001817918
210,0,0,0.0,0.99732125,0.0015792765,0.0010996381
210,0,0,0.0,0.99240303,0.003601538,0.003995518
210,0,0,0.0,0.98148596,0.0055289636,0.012985157
210,0,0,0.0,0.99691576,0.0015103185,0.0015740625
210,0,0,0.0,0.9974189,0.0015208988,0.0010602255
210,0,0,3.725290298461914e-09,0.99515,0.0013660429,0.0034840025
210,0,0,0.0,0.8208057,0.012758653,0.16643567
210,0,0,0.0,0.99803495,0.0012625189,0.00070257206
210,0,0,0.0,0.9981166,0.0011696626,0.00071387243
210,0,0,0.0,0.9953503,0.00096501765,0.003684737
210,0,2,0.0,0.12024176,0.014916896,0.86484146
210,0,0,1.862645149230957e-09,0.9979917,0.0010561142,0.00095229293
210,0,0,0.0,0.9975931,0.0012052924,0.0012015693
210,0,0,0.0,0.9829403,0.0012972549,0.015762506
210,0,0,1.862645149230957e-09,0.9956593,0.0018905556,0.0024502175
210,0,0,0.0,0.9970069,0.0017898884,0.0012033198
210,0,0,3.725290298461914e-09,0.99574333,0.0021675192,0.002089134
210,0,0,0.0,0.50788474,0.004499693,0.48761567
210,0,0,0.0,0.9921852,0.0034175233,0.0043973885
210,0,0,5.587935447692871e-08,0.99410546,0.0019424773,0.0039519356
210,0,0,0.0,0.9933548,0.000823691,0.0058214637
210,0,0,0.0,0.9973797,0.0007319369,0.0018884393
151,0,0,0.0,0.995861,0.0013394846,0.0027997417
151,0,0,0.0,0.9927215,0.0014250297,0.005853365
151,0,0,0.0,0.99375814,0.0013018145,0.0049402965
151,0,0,0.0,0.99670565,0.0015352045,0.0017592354
151,0,0,0.0,0.99442047,0.0011202764,0.0044593653
151,0,0,0.0,0.99028015,0.0013456509,0.008374314
151,0,0,0.0,0.99456877,0.0014029989,0.0040283627
151,0,0,0.0,0.9968873,0.0015052469,0.0016075064
151,0,0,0.0,0.9947736,0.0013871944,0.003839205
151,0,0,0.0,0.9941954,0.00085967954,0.004944968
151,0,0,0.0,0.9936437,0.0009629038,0.005393564
151,0,0,5.960464477539063e-08,0.97053206,0.0020977026,0.027370201
151,0,0,0.0,0.9866071,0.0011805993,0.01221237
151,0,0,0.0,0.99119985,0.0012191761,0.0075810943
785,0,0,0.0,0.91621816,0.010947307,0.07283447
785,0,0,0.0,0.9824095,0.012700837,0.0048897234
785,0,0,0.0,0.99436986,0.004172446,0.0014577906
785,0,0,0.0,0.9535581,0.019117855,0.027324066
785,0,0,0.0,0.9740495,0.018821124,0.007129407
785,0,0,0.0,0.977344,0.017683035,0.0049731093
785,0,0,0.0,0.99649185,0.0025657176,0.0009426105
785,0,0,0.0,0.9887666,0.0074621155,0.0037712941
785,0,0,0.0,0.9950651,0.0038071761,0.0011278548
785,0,0,0.0,0.9557657,0.025825633,0.018408656
785,0,0,0.0,0.98095506,0.013249553,0.005795542
785,0,0,5.21540641784668e-08,0.9899895,0.007827583,0.0021829521
785,0,0,0.0,0.9842939,0.012329523,0.0033767656
785,0,0,0.0,0.9758105,0.015613397,0.0085762665
785,0,0,0.0,0.92410773,0.041220304,0.034672
785,0,0,0.0,0.99383646,0.0048309313,0.0013325978
785,0,0,0.0,0.99179804,0.0064441203,0.0017579173
785,0,0,0.0,0.98174953,0.013951721,0.004298818
157,0,0,0.0,0.98858184,0.0064853723,0.0049328203
157,0,0,4.470348358154297e-08,0.9522711,0.011215934,0.03651284
157,0,0,0.0,0.9948296,0.002826276,0.0023441657
157,0,0,0.0,0.9929438,0.003066001,0.003990191
157,0,0,0.0,0.99545157,0.0020492978,0.0024992384
157,0,0,0.0,0.9949383,0.0020043303,0.003057437
157,0,0,0.0,0.99334186,0.0012730394,0.0053851292
157,0,0,0.0,0.9950314,0.0032034484,0.0017651721
157,0,0,0.0,0.9945301,0.003081934,0.0023880978
157,0,0,0.0,0.9954176,0.002343427,0.00223913
157,0,0,5.774199962615967e-08,0.9956686,0.0022685693,0.002062733
157,0,0,0.0,0.9970798,0.0018268982,0.001093456
157,0,0,0.0,0.99646515,0.0013703816,0.0021645683
157,0,0,0.0,0.99562734,0.0018931682,0.0024796908
157,0,0,0.0,0.99686253,0.0017049005,0.0014325526
157,0,0,0.0,0.9972011,0.0015337046,0.0012652647
157,0,0,3.725290298461914e-09,0.99717003,0.0017384388,0.0010915755
157,0,0,0.0,0.99751765,0.00158334,0.0008991982
157,0,0,0.0,0.9967629,0.0015312916,0.0017057877
84,0,0,0.0,0.996832,0.0016132417,0.0015547439
84,0,0,0.0,0.9960472,0.0021812248,0.00177154
84,0,0,0.0,0.99643844,0.0020804158,0.001481299
84,0,0,0.0,0.9927475,0.0024168044,0.0048356378
84,0,0,5.960464477539063e-08,0.9967882,0.0018172308,0.0013945875
84,0,0,5.960464477539063e-08,0.99731696,0.0018465611,0.0008363719
84,0,0,0.0,0.9971256,0.0016814148,0.0011931622
84,0,0,0.0,0.9970847,0.0014155483,0.0014999649
84,0,0,0.0,0.99493694,0.0014651322,0.003598062
84,0,0,0.0,0.9966826,0.0018309683,0.0014865941
84,0,0,5.774199962615967e-08,0.9971395,0.0018446206,0.0010158358
84,0,0,0.0,0.9974165,0.0013514498,0.0012321112
84,0,0,0.0,0.99719334,0.0012096481,0.001597075
84,0,0,6.332993507385254e-08,0.9941984,0.00097510376,0.0048265634
84,0,0,0.0,0.9825966,0.0023490915,0.015054272
84,0,0,0.0,0.99373275,0.002386973,0.0038802114
84,0,0,0.0,0.98936,0.0024103113,0.008229742
84,0,0,0.0,0.9696474,0.0033643004,0.026988512
84,0,0,2.9802322387695312e-08,0.89751005,0.012280454,0.0902095
84,0,2,0.0,0.15586028,0.06589596,0.77824396
84,0,2,0.0,0.052479215,0.07423634,0.8732846
168,0,0,0.0,0.99762434,0.0011301406,0.0012456409
168,0,0,0.0,0.99752283,0.0013186543,0.0011586249
168,0,0,0.0,0.99693406,0.0014205066,0.001645388
168,0,0,0.0,0.9960899,0.0017863737,0.002123927
168,0,0,0.0,0.99699974,0.0012484726,0.0017520319
168,0,0,0.0,0.99704355,0.001006913,0.0019496115
168,0,0,0.0,0.99669373,0.0015341581,0.0017721239
168,0,0,0.0,0.99696106,0.0015896726,0.0014493201
168,0,0,0.0,0.9972183,0.001415981,0.0013658057
168,0,0,0.0,0.99717337,0.0011255258,0.0017011326
168,0,0,0.0,0.9967369,0.0010576497,0.00220553
168,0,0,0.0,0.99780464,0.0012519016,0.0009434577
168,0,0,0.0,0.9971356,0.0018115286,0.001052899
168,0,0,0.0,0.997003,0.001812962,0.0011841636
168,0,0,0.0,0.99751204,0.0013929579,0.0010950465
168,0,0,0.0,0.99716187,0.0013221178,0.0015162522
168,0,0,6.146728992462158e-08,0.99683684,0.0014698822,0.0016932398
227,0,0,0.0,0.9726544,0.017682621,0.009662955
227,0,0,0.0,0.99601996,0.0032649974,0.0007151324
227,0,0,0.0,0.99542135,0.003576695,0.0010019869
227,0,0,0.0,0.99703956,0.0023887663,0.0005717663
227,0,0,0.0,0.99521154,0.0038157164,0.0009729997
227,0,0,0.0,0.99627495,0.0028965801,0.00082861725
227,0,0,0.0,0.96113455,0.026373055,0.012492473
227,0,0,0.0,0.9968653,0.002764047,0.0003708328
227,0,0,0.0,0.99602026,0.0031417757,0.00083820446
227,0,0,0.0,0.99677753,0.002563953,0.00065869297
227,0,0,0.0,0.99571025,0.0033559096,0.00093392027
227,0,0,0.0,0.99482435,0.003904533,0.0012713148
227,0,0,0.0,0.9617138,0.025190504,0.01309594
227,0,0,0.0,0.9919423,0.007158051,0.0008997138
227,0,0,0.0,0.99332,0.006129216,0.0005509754
773,0,0,0.0,0.9916,0.0069924183,0.001407912
773,0,0,0.0,0.9885735,0.009658749,0.0017678794
773,0,0,0.0,0.97329897,0.02385916,0.0028420768
773,0,0,0.0,0.9947278,0.0047974163,0.0004747798
773,0,0,0.0,0.99329513,0.006296509,0.00040836076
773,0,0,7.450580596923828e-09,0.99031353,0.009248567,0.00043802947
773,0,0,0.0,0.9841968,0.014432453,0.0013706724
773,0,0,0.0,0.9910173,0.008165483,0.00081742444
773,0,0,0.0,0.990624,0.008653201,0.0007228496
773,0,0,0.0,0.9933189,0.0061023077,0.00057885656
773,0,0,0.0,0.99194664,0.007420342,0.0006330829
773,0,0,0.0,0.9920473,0.007289586,0.0006632523
773,0,0,7.450580596923828e-09,0.98807114,0.010974318,0.00095455424
773,0,0,0.0,0.98387927,0.015148508,0.0009721524
773,0,0,5.21540641784668e-08,0.9876943,0.011628619,0.00067698525
773,0,0,7.450580596923828e-09,0.99124396,0.008161762,0.0005942756
773,0,0,0.0,0.9867059,0.012506708,0.0007875509
773,0,0,0.0,0.9922319,0.007104447,0.0006637035
773,0,0,0.0,0.9916835,0.007953079,0.0003634172
773,0,0,7.450580596923828e-09,0.992015,0.0075418837,0.00044308422
773,0,0,0.0,0.99221706,0.0072139073,0.0005691441
773,0,0,0.0,0.9938368,0.0057034115,0.00045976465
773,0,0,0.0,0.9953579,0.0042744023,0.00036789608
773,0,0,0.0,0.993909,0.0055828467,0.0005082733
773,0,0,0.0,0.99044234,0.008576511,0.0009811708
773,0,0,0.0,0.9957852,0.0036933282,0.00052163063
773,0,0,0.0,0.9948129,0.0046155048,0.0005718893
132,0,0,0.0,0.99675673,0.0016695873,0.0015738696
132,0,0,0.0,0.99664634,0.0013885724,0.0019652154
132,0,0,0.0,0.9917327,0.0014292087,0.0068380423
132,0,0,3.725290298461914e-09,0.9953157,0.0022101074,0.0024742295
132,0,0,0.0,0.9958601,0.0023234182,0.0018166468
132,0,0,0.0,0.99533427,0.0020142302,0.0026515739
132,0,0,0.0,0.98829174,0.0017527497,0.009955581
132,0,2,0.0,0.12643474,0.004972441,0.86859286
132,0,0,0.0,0.9967222,0.0017185991,0.0015593024
132,0,0,0.0,0.9964997,0.0021802746,0.0013200836
132,0,0,0.0,0.99713624,0.0017728144,0.0010910349
132,0,0,0.0,0.99337137,0.0012711214,0.005357517
132,0,2,0.0,0.020661559,0.0016120652,0.9777264
132,0,0,0.0,0.99653804,0.0023325605,0.0011295205
132,0,0,0.0,0.99754155,0.0015276313,0.0009308712
132,0,0,0.0,0.99749374,0.0014474175,0.001059077
132,0,0,0.0,0.9971113,0.0015759235,0.0013127469
132,0,0,0.0,0.9767745,0.0019492656,0.02127632
132,0,0,6.146728992462158e-08,0.9975159,0.0016912377,0.0007929102
132,0,0,0.0,0.9979631,0.0013522296,0.0006849052
132,0,0,0.0,0.99748605,0.0016485734,0.0008655293
132,0,0,0.0,0.9971099,0.0019015378,0.000988846
787,0,0,6.705522537231445e-08,0.9878603,0.0028936288,0.009245935
787,0,0,0.0,0.99433005,0.0021125155,0.003557424
787,0,0,0.0,0.98869187,0.0025115565,0.00879666
787,0,0,1.4901161193847656e-08,0.95304257,0.004731472,0.042225864
787,0,0,3.725290298461914e-09,0.9966955,0.0015523327,0.0017522315
787,0,0,5.774199962615967e-08,0.99730986,0.0017162996,0.00097384496
787,0,0,0.0,0.9967727,0.0018753397,0.0013520659
787,0,0,0.0,0.9959911,0.0013569422,0.002652024
787,0,0,0.0,0.9968323,0.0020319223,0.0011358391
787,0,0,0.0,0.9970813,0.0019173456,0.0010013694
787,0,0,0.0,0.9964769,0.0024039808,0.001119224
787,0,0,0.0,0.99770945,0.0015962794,0.0006943888
787,0,0,0.0,0.9970871,0.0017291965,0.0011837211
787,0,0,0.0,0.9970268,0.002058559,0.0009147533
787,0,0,0.0,0.9967614,0.0025166622,0.000722027
787,0,0,0.0,0.9975717,0.00195032,0.0004780399
787,0,0,0.0,0.9974951,0.0016352169,0.0008696651
787,0,0,0.0,0.9973049,0.0019657328,0.0007294718
787,0,0,0.0,0.99801296,0.0011654047,0.00082167704
787,0,0,0.0,0.99837065,0.0011167536,0.00051267416
787,0,0,0.0,0.997902,0.0014598232,0.0006383285
787,0,0,1.862645149230957e-09,0.99771845,0.0016061893,0.00067544426
787,0,0,0.0,0.9982424,0.0010743756,0.000683401
787,0,0,0.0,0.9981185,0.00092626055,0.0009552441
787,0,0,0.0,0.9974523,0.0011778446,0.001369832
787,0,0,1.862645149230957e-09,0.9976565,0.0011979806,0.0011455191
787,0,0,0.0,0.9974371,0.0015043966,0.0010586131
787,0,0,0.0,0.99762726,0.0008443392,0.001528542
715,0,0,0.0,0.992205,0.0015667847,0.0062282993
715,0,0,1.862645149230957e-09,0.99639183,0.0013376891,0.0022704424
715,0,0,0.0,0.99314916,0.0014277728,0.0054230634
715,0,0,0.0,0.9961788,0.0016121244,0.0022092054
715,0,0,0.0,0.9939208,0.0011001206,0.004979051
715,0,0,0.0,0.9932885,0.0013214219,0.005390121
715,0,0,0.0,0.96996313,0.0024960511,0.027540896
715,0,0,0.0,0.99488866,0.0013500393,0.0037613483
715,0,0,0.0,0.9917188,0.0017870187,0.006494148
715,0,0,3.725290298461914e-09,0.99334437,0.0016794628,0.004976065
715,0,0,0.0,0.9945935,0.0011472268,0.0042593884
715,0,0,7.450580596923828e-09,0.9911128,0.0013196638,0.007567496
715,0,0,0.0,0.9862761,0.0013448945,0.012379008
715,0,0,0.0,0.9902525,0.0016181587,0.008129311
715,0,0,0.0,0.9968228,0.0014909756,0.0016863641
715,0,0,7.450580596923828e-09,0.9929571,0.0015964066,0.005446444
715,0,0,5.960464477539063e-08,0.99059355,0.001661756,0.0077447416
715,0,0,0.0,0.99379176,0.0015472401,0.004661008
715,0,0,0.0,0.99459743,0.0012514665,0.004151222
715,0,0,0.0,0.9926357,0.0014267778,0.0059376946
715,0,0,3.725290298461914e-09,0.9958425,0.0021036214,0.00205383
715,0,0,0.0,0.9932943,0.002215793,0.0044900184
715,0,0,7.450580596923828e-09,0.9880156,0.0026544947,0.009329927
715,0,0,0.0,0.9842047,0.0027339389,0.013061453
715,0,0,0.0,0.9880495,0.002077533,0.0098731425
715,0,0,0.0,0.9954404,0.0011767993,0.0033829836
715,0,0,5.587935447692871e-08,0.9939577,0.0022775135,0.0037648154
715,0,0,0.0,0.9935278,0.0017447387,0.0047275205
715,0,0,0.0,0.9922318,0.0016579577,0.0061103236
715,0,0,0.0,0.9915523,0.002518649,0.005929071
715,0,0,0.0,0.99180937,0.0021394237,0.006051336
715,0,0,3.725290298461914e-09,0.99141073,0.0016473766,0.0069418154
715,0,0,0.0,0.9959034,0.0008928292,0.0032039129
722,0,0,1.862645149230957e-09,0.9960939,0.0024737753,0.0014322829
722,0,0,5.960464477539063e-08,0.9950821,0.0041297902,0.0007881767
722,0,0,0.0,0.9808006,0.014845695,0.004353788
722,0,0,0.0,0.97978777,0.016056519,0.004156033
722,0,0,5.21540641784668e-08,0.9868328,0.0112073375,0.0019599176
722,0,0,0.0,0.98854446,0.009550756,0.0019049937
722,0,0,0.0,0.98152786,0.013380297,0.0050918083
722,0,0,0.0,0.9921069,0.005882462,0.0020108381
722,0,0,0.0,0.99162203,0.006809688,0.0015683096
722,0,0,0.0,0.9946214,0.0044196034,0.0009590231
722,0,0,0.0,0.9948582,0.0043919063,0.00075004826
201,0,0,0.0,0.9903097,0.0018277521,0.007862707
201,0,0,5.960464477539063e-08,0.7779509,0.0022377232,0.21981147
201,0,0,0.0,0.6499563,0.0027108942,0.34733278
201,0,0,5.960464477539063e-08,0.9976946,0.001154617,0.0011506488
201,0,0,0.0,0.9968996,0.0008619621,0.0022386112
201,0,0,0.0,0.9966358,0.00095507514,0.0024092242
201,0,0,0.0,0.96978134,0.0015823422,0.028636403
201,0,0,0.0,0.90783453,0.0025867783,0.08957881
201,0,2,0.0,0.39520863,0.002047247,0.60274416
201,0,0,0.0,0.9976894,0.001660643,0.00064999226
201,0,0,0.0,0.9971991,0.0012197157,0.001581262
201,0,0,5.587935447692871e-08,0.9964696,0.0018778649,0.0016524179
201,0,0,0.0,0.99446976,0.0021263773,0.0034040129
201,0,0,0.0,0.98950493,0.0015756186,0.008919501
201,0,0,5.960464477539063e-08,0.9733793,0.0013503127,0.02527035
201,0,0,0.0,0.99803126,0.0008704414,0.0010984364
201,0,0,0.0,0.9975024,0.0012737814,0.0012239362
201,0,0,5.960464477539063e-08,0.99639815,0.0019790947,0.0016226935
201,0,0,0.0,0.9941115,0.0024752952,0.0034134078
201,0,0,0.0,0.9948292,0.0018028835,0.0033680722
201,0,0,0.0,0.9908382,0.00218826,0.0069735693
201,0,0,0.0,0.9968927,0.0006600481,0.0024473565
201,0,0,5.774199962615967e-08,0.99664235,0.00095485745,0.002402796
201,0,0,0.0,0.99579996,0.0016435523,0.0025566716
201,0,0,0.0,0.9912963,0.0018317647,0.006871988
201,0,0,0.0,0.994223,0.0010092347,0.004767847
201,0,0,0.0,0.98379993,0.00081304106,0.015387181
201,0,0,0.0,0.9944004,0.0007610516,0.0048386822
201,0,0,5.21540641784668e-08,0.99461037,0.00086831674,0.0045213536
201,0,0,0.0,0.9858484,0.0016424273,0.012509367
201,0,0,0.0,0.9709197,0.001790105,0.027290242
201,0,0,0.0,0.8406496,0.0026174588,0.15673299
201,0,2,0.0,0.24443893,0.002236758,0.7533245
817,0,0,0.0,0.9682876,0.025331983,0.0063804733
817,0,0,0.0,0.98574966,0.0116483085,0.0026019446
817,0,0,0.0,0.9889488,0.010079627,0.0009715518
817,0,0,0.0,0.97093594,0.0244122,0.00465192
817,0,0,0.0,0.99613667,0.0031689743,0.00069451693
817,0,0,0.0,0.9950023,0.0043798834,0.0006178764
20,0,0,0.0,0.968835,0.01498408,0.016180938
20,0,0,0.0,0.98368365,0.0072751404,0.009041259
20,0,0,0.0,0.99735594,0.0020726875,0.0005715921
20,0,0,0.0,0.99672484,0.0026934019,0.0005818652
20,0,0,0.0,0.99682724,0.0026455964,0.0005272173
20,0,0,5.587935447692871e-08,0.9960081,0.0036797118,0.0003121698
20,0,0,0.0,0.99687827,0.0021860437,0.00093569345
244,0,0,0.0,0.99740416,0.0012715342,0.001324381
244,0,0,0.0,0.99783057,0.0011135513,0.0010559949
244,0,0,6.51925802230835e-08,0.99596465,0.0014359147,0.0025994026
244,0,0,0.0,0.9976518,0.00086657825,0.0014817519
244,0,0,0.0,0.9982662,0.00095498445,0.0007789363
244,0,0,5.774199962615967e-08,0.9982077,0.000975061,0.0008172787
244,0,0,0.0,0.994915,0.0011711008,0.0039140433
244,0,0,0.0,0.99343836,0.0013754917,0.0051862076
244,0,0,0.0,0.99724156,0.0010870441,0.0016714656
244,0,0,5.774199962615967e-08,0.9977953,0.001309717,0.0008949924
244,0,0,0.0,0.99745095,0.0014351924,0.0011138886
244,0,0,0.0,0.99800587,0.0014441401,0.00055030244
244,0,0,0.0,0.9982425,0.0011564944,0.00060122
244,0,0,0.0,0.9971056,0.00088114373,0.0020133278
244,0,0,5.960464477539063e-08,0.9930689,0.001014152,0.0059169405
244,0,0,6.146728992462158e-08,0.9973837,0.0015876938,0.001028598
244,0,0,0.0,0.9967293,0.0016928159,0.0015779133
244,0,0,0.0,0.9972354,0.0018283676,0.00093634066
244,0,0,0.0,0.9970142,0.0024644835,0.00052150723
244,0,0,0.0,0.9980192,0.0015363169,0.00044459064
244,0,0,0.0,0.99703705,0.0012654819,0.0016975235
244,0,0,0.0,0.9974503,0.001567876,0.0009819093
244,0,0,0.0,0.9957723,0.0029317264,0.0012961315
244,0,0,0.0,0.9965954,0.0014849377,0.0019197142
244,0,0,0.0,0.99737644,0.0013231887,0.0013005221
244,0,0,0.0,0.9972477,0.0022227964,0.00052953395
244,0,0,0.0,0.9969036,0.0026351728,0.00046127677
244,0,0,0.0,0.9970865,0.0016560606,0.0012573991
244,0,0,1.862645149230957e-09,0.9973232,0.0014957038,0.0011811793
244,0,0,0.0,0.9966327,0.001911846,0.0014555743
82,0,0,0.0,0.9982748,0.00076994294,0.00095537025
82,0,0,0.0,0.9979687,0.0009310607,0.001100418
82,0,0,9.313225746154785e-10,0.9981959,0.0006131031,0.0011911487
82,0,0,6.146728992462158e-08,0.9963346,0.000852915,0.0028124598
82,0,0,6.146728992462158e-08,0.9978792,0.0010662647,0.0010545452
82,0,0,0.0,0.9976709,0.0015454161,0.0007837379
82,0,0,5.8673322200775146e-08,0.9982369,0.0012677801,0.00049524877
82,0,0,0.0,0.9983783,0.00088282215,0.0007389982
82,0,0,7.450580596923828e-09,0.98370117,0.0009678402,0.015331095
82,0,0,0.0,0.973177,0.0013262541,0.025496885
82,0,0,0.0,0.9962134,0.0012358235,0.0025507987
82,0,0,0.0,0.99811935,0.0011599798,0.0007208048
82,0,0,0.0,0.99772304,0.0019002861,0.00037664076
82,0,0,0.0,0.8172627,0.0014181479,0.1813192
82,0,0,3.725290298461914e-09,0.98988765,0.00093455514,0.009177731
153,0,0,5.960464477539063e-08,0.9978973,0.0011412044,0.0009614076
153,0,0,0.0,0.99700063,0.0014039914,0.0015954439
153,0,0,9.313225746154785e-10,0.9982578,0.00090686063,0.00083535706
153,0,0,0.0,0.9983669,0.0008757357,0.0007575804
153,0,0,0.0,0.99712425,0.0019075134,0.0009682811
153,0,0,0.0,0.99822813,0.0011771388,0.0005948741
153,0,0,5.681067705154419e-08,0.9983641,0.0011054263,0.00053046294
153,0,0,0.0,0.9979954,0.0012644927,0.0007402392
153,0,0,0.0,0.9974828,0.0017758263,0.00074151426
153,0,0,0.0,0.99735165,0.0018708926,0.00077772414
153,0,0,0.0,0.99750346,0.0018048824,0.00069182576
153,0,0,0.0,0.9977665,0.001310556,0.0009231669
153,0,0,1.862645149230957e-09,0.99753296,0.0015880475,0.0008789989
153,0,0,0.0,0.9969764,0.0022146394,0.00080898596
153,0,0,0.0,0.9948071,0.0015045751,0.0036883808
153,0,0,0.0,0.99723357,0.0012559554,0.0015105373
153,0,0,0.0,0.99735874,0.0014144141,0.0012270005
153,0,0,0.0,0.9970046,0.0015050696,0.0014902499
222,0,0,5.960464477539063e-08,0.9701187,0.027610824,0.0022704685
222,0,0,0.0,0.9779797,0.02036445,0.001655849
222,0,0,0.0,0.98681974,0.012694728,0.00048570507
222,0,0,0.0,0.9887047,0.010787853,0.0005075833
222,0,0,0.0,0.9928647,0.0064392304,0.0006960901
222,0,0,0.0,0.98792464,0.011569466,0.00050592126
222,0,0,0.0,0.99117815,0.0084552495,0.00036667712
222,0,0,0.0,0.99120325,0.008318255,0.00047869023
222,0,0,0.0,0.99396795,0.0054180333,0.0006141987
222,0,0,0.0,0.98801035,0.011653014,0.00033669884
222,0,0,0.0,0.9909988,0.008639089,0.00036225558
222,0,0,0.0,0.9900347,0.0092798695,0.0006855273
222,0,0,0.0,0.9892201,0.009851642,0.0009282949
222,0,0,0.0,0.9846453,0.01486025,0.0004944081
222,0,0,0.0,0.9883094,0.011183112,0.0005075373
222,0,0,0.0,0.989361,0.009910779,0.00072824745
222,0,0,0.0,0.98499197,0.014110083,0.0008979042
222,0,0,0.0,0.99288523,0.0067121936,0.00040265804
222,0,0,0.0,0.990285,0.00915094,0.0005640156
222,0,0,0.0,0.9922571,0.0070866668,0.00065636815
222,0,0,0.0,0.9940118,0.0053830165,0.0006052346
222,0,0,0.0,0.9949141,0.0045714965,0.0005146469
222,0,0,0.0,0.99459875,0.004809957,0.000591247
222,0,0,0.0,0.99649805,0.0030977267,0.0004043572
222,0,0,0.0,0.99560404,0.0036988887,0.0006972173
211,0,0,0.0,0.9968513,0.0014046162,0.0017441298
211,0,0,1.862645149230957e-09,0.9979282,0.0012261338,0.00084567134
211,0,0,0.0,0.99708223,0.0017186091,0.001199043
211,0,0,0.0,0.9953414,0.0018116521,0.0028469802
211,0,0,3.725290298461914e-09,0.99322283,0.001482554,0.005294713
211,0,0,0.0,0.9974385,0.0010183771,0.0015431789
211,0,0,0.0,0.9967126,0.0016204518,0.0016670417
211,0,0,0.0,0.9953541,0.0023459133,0.0023000492
211,0,0,0.0,0.9954191,0.002070851,0.002510249
211,0,0,0.0,0.99735254,0.00077748054,0.0018702191
211,0,0,0.0,0.9974064,0.0010989965,0.0014945532
211,0,0,5.960464477539063e-08,0.9965555,0.0014112914,0.002033099
211,0,0,0.0,0.99649,0.0015437324,0.0019664725
211,0,0,0.0,0.99686253,0.0010155946,0.0021219328
211,0,0,0.0,0.9961968,0.001139628,0.0026636736
211,0,0,5.587935447692871e-08,0.9946987,0.0029783375,0.0023228808
211,0,0,0.0,0.9967914,0.0020127979,0.0011958238
211,0,0,0.0,0.99330145,0.004326681,0.0023718784
805,0,0,0.0,0.99666524,0.0012455358,0.0020892574
805,0,0,1.862645149230957e-09,0.9973241,0.0015446352,0.001131214
805,0,0,0.0,0.9954349,0.002015787,0.0025494476
805,0,0,0.0,0.9968547,0.0015541064,0.0015913426
196,0,0,5.21540641784668e-08,0.9885007,0.007820368,0.0036787926
196,0,0,0.0,0.9978854,0.0017003629,0.00041431194
196,0,0,1.862645149230957e-09,0.9973022,0.0021001466,0.0005976767
196,0,0,0.0,0.99681896,0.002810162,0.00037102433
196,0,0,0.0,0.9956685,0.0039535416,0.00037804872
196,0,0,0.0,0.98941714,0.006660832,0.0039221295
196,0,0,3.725290298461914e-09,0.99038565,0.0072505344,0.0023638562
196,0,0,0.0,0.9957998,0.0037199035,0.0004804767
196,0,0,0.0,0.9947802,0.0046686972,0.0005511872
196,0,0,0.0,0.9928326,0.0064052534,0.0007622562
196,0,0,5.960464477539063e-08,0.9946882,0.004557578,0.0007541157
196,0,0,0.0,0.9323225,0.02328473,0.04439292
196,0,0,0.0,0.9954361,0.003292267,0.0012717368
196,0,0,7.450580596923828e-09,0.982571,0.010308365,0.00712057
196,0,0,0.0,0.9627681,0.019705772,0.01752626
196,0,0,0.0,0.9551898,0.02619874,0.018611414
218,0,0,0.0,0.99852,0.0006936802,0.00078634225
218,0,0,0.0,0.9980508,0.00046669412,0.0014826927
218,0,0,0.0,0.98047256,0.0012124749,0.01831513
218,0,0,0.0,0.64366114,0.036523525,0.3198154
218,0,0,0.0,0.9948517,0.0012832878,0.0038649957
218,0,0,0.0,0.998486,0.000753574,0.0007604385
218,0,0,0.0,0.9987437,0.00063027476,0.0006261935
218,0,0,0.0,0.99799347,0.0009255789,0.0010811257
218,0,0,5.21540641784668e-08,0.984358,0.0014950705,0.014146853
218,0,0,0.0,0.99552894,0.0012975278,0.0031737075
218,0,0,0.0,0.9964203,0.0011277692,0.002451988
218,0,0,5.960464477539063e-08,0.99777144,0.0008957289,0.0013327275
218,0,0,0.0,0.99779516,0.0005307036,0.0016742377
218,0,0,0.0,0.9962244,0.0011118965,0.0026637611
218,0,0,0.0,0.99635124,0.00093370967,0.0027152074
218,0,0,5.774199962615967e-08,0.9976866,0.00068546453,0.0016279884
29,0,0,0.0,0.9954328,0.0015127315,0.0030546403
29,0,0,0.0,0.9963504,0.0012119003,0.0024376884
29,0,0,0.0,0.995883,0.0011358272,0.002981374
29,0,0,0.0,0.99656576,0.0013936103,0.0020407597
29,0,0,1.862645149230957e-09,0.9974828,0.0015237173,0.0009936487
29,0,0,5.587935447692871e-08,0.9966513,0.0021107795,0.0012379166
29,0,0,0.0,0.99718326,0.0013760697,0.00144064
29,0,0,0.0,0.9969888,0.0019420893,0.0010692315
29,0,0,0.0,0.99627304,0.0020432882,0.001683878
29,0,0,0.0,0.9953956,0.0031806615,0.0014237256
29,0,0,0.0,0.9977078,0.0016040325,0.0006883443
29,0,0,1.862645149230957e-09,0.9976792,0.0016863449,0.0006344688
29,0,0,0.0,0.99758965,0.0018242258,0.00058623205
29,0,0,0.0,0.99719673,0.001583469,0.0012198548
29,0,0,0.0,0.995916,0.0028761337,0.0012079155
29,0,0,0.0,0.9974165,0.0018382046,0.0007453399
29,0,0,5.960464477539063e-08,0.99718726,0.0019912547,0.0008213961
29,0,0,0.0,0.9974455,0.0011101604,0.0014444755
29,0,0,5.774199962615967e-08,0.9974505,0.0013217635,0.0012276835
29,0,0,0.0,0.9974933,0.0013530301,0.0011538405
29,0,0,0.0,0.9974985,0.0013140797,0.0011875248
29,0,0,0.0,0.99605954,0.0013981817,0.0025424368
29,0,0,3.725290298461914e-09,0.9958397,0.0015445644,0.0026157743
29,0,0,0.0,0.9965305,0.00166485,0.0018048334
29,0,0,0.0,0.9960379,0.002166016,0.0017961502
29,0,0,5.774199962615967e-08,0.99642813,0.0014987544,0.0020730887
760,0,0,6.146728992462158e-08,0.99658984,0.0015629925,0.0018472136
760,0,0,0.0,0.9973932,0.001749187,0.0008575743
760,0,0,0.0,0.9977743,0.0010375249,0.0011881648
760,0,0,1.862645149230957e-09,0.99667656,0.0008765863,0.002446856
760,0,0,0.0,0.99756634,0.0010026417,0.0014312478
760,0,0,0.0,0.99776846,0.001182202,0.0010494532
760,0,0,0.0,0.9978181,0.0012942201,0.0008878218
760,0,0,5.774199962615967e-08,0.9976856,0.0007977661,0.0015165529
760,0,0,0.0,0.9977667,0.0011246165,0.0011087663
760,0,0,0.0,0.9976641,0.0011368106,0.0011990459
760,0,0,0.0,0.99768746,0.0009904607,0.0013221109
760,0,0,0.0,0.9970623,0.0018588833,0.0010788557
760,0,0,5.774199962615967e-08,0.99765265,0.0011846704,0.0011626888
766,0,0,9.313225746154785e-10,0.9985366,0.00051056227,0.0009529134
766,0,0,0.0,0.99765265,0.0007786771,0.0015688465
766,0,0,0.0,0.9981508,0.0007247106,0.0011245768
766,0,0,0.0,0.9978558,0.001302528,0.0008416773
766,0,0,0.0,0.9985228,0.0007464856,0.000730845
766,0,0,0.0,0.998064,0.0011602769,0.000775837
766,0,0,5.587935447692871e-08,0.99211234,0.001729966,0.006157643
766,0,0,0.0,0.9970871,0.0011551726,0.0017577152
766,0,0,0.0,0.9976531,0.0015455921,0.00080129993
766,0,0,0.0,0.9979429,0.0011317396,0.00092540064
766,0,0,0.0,0.99838644,0.00067071256,0.0009430529
766,0,0,0.0,0.9966892,0.0009157125,0.0023951626
766,0,0,0.0,0.89989424,0.015509136,0.08459665
766,0,0,0.0,0.9478747,0.01955637,0.03256901
766,0,0,0.0,0.99624395,0.0012347556,0.0025213445
728,0,0,0.0,0.9957296,0.001707842,0.0025624654
728,0,0,0.0,0.9966402,0.0014288911,0.0019311253
728,0,0,0.0,0.99624157,0.00089722243,0.0028613834
728,0,0,1.862645149230957e-09,0.99613476,0.00086918584,0.0029962056
728,0,0,0.0,0.997256,0.0011941196,0.0015500966
728,0,0,0.0,0.99284947,0.0011972524,0.0059532532
728,0,0,0.0,0.993712,0.0011635047,0.005124547
728,0,0,0.0,0.9973889,0.0011415882,0.0014697084
728,0,0,0.0,0.9971057,0.00087831554,0.0020160493
728,0,0,0.0,0.9954816,0.0011025295,0.0034158304
728,0,0,0.0,0.9969101,0.0010990363,0.0019909367
728,0,0,0.0,0.9973549,0.0010599935,0.0015852618
728,0,0,0.0,0.99711895,0.0014979636,0.0013832102
728,0,0,0.0,0.9977603,0.0011834293,0.0010561872
728,0,0,5.960464477539063e-08,0.99790114,0.00085681607,0.0012419868
728,0,0,0.0,0.99789214,0.0008143459,0.0012935014
728,0,0,0.0,0.99725306,0.0009598099,0.0017872155
728,0,0,0.0,0.99583256,0.0014699819,0.0026975663
728,0,0,0.0,0.9976825,0.0009017272,0.0014158662
728,0,0,5.960464477539063e-08,0.9981138,0.0009024533,0.000983603
728,0,0,5.774199962615967e-08,0.99769133,0.00089799456,0.0014106832
728,0,0,0.0,0.99725354,0.0009555516,0.0017908692
728,0,0,5.21540641784668e-08,0.9907133,0.0021345052,0.007152193
728,0,0,0.0,0.9936439,0.0031887963,0.0031672535
728,0,0,0.0,0.9971128,0.0010631699,0.0018241545
39,0,0,0.0,0.9527704,0.020841591,0.026388137
39,0,0,0.0,0.9782898,0.014458145,0.0072520804
39,0,0,0.0,0.95657915,0.024917405,0.018503565
39,0,0,0.0,0.9871158,0.00995382,0.0029307033
39,0,0,0.0,0.98045254,0.014236408,0.0053110635
39,0,0,0.0,0.97466755,0.019107042,0.0062256064
39,0,0,0.0,0.97397274,0.020634847,0.005392409
39,0,0,0.0,0.9792503,0.015348877,0.0054008495
39,0,0,0.0,0.9845485,0.01215398,0.0032977362
39,0,0,0.0,0.9725127,0.020573447,0.0069138547
39,0,0,0.0,0.9930729,0.004225535,0.0027015787
39,0,0,0.0,0.9877086,0.009572924,0.0027184915
39,0,0,5.960464477539063e-08,0.98948354,0.0074780164,0.0030384501
772,0,0,0.0,0.9975948,0.0008302107,0.0015751632
772,0,0,5.960464477539063e-08,0.99677336,0.0011848625,0.002041811
772,0,0,0.0,0.9975595,0.0011596872,0.001281044
772,0,0,0.0,0.99695677,0.0010926748,0.001950731
772,0,0,0.0,0.99664885,0.00089455635,0.00245677
772,0,0,5.587935447692871e-08,0.9964048,0.0012360021,0.002359139
772,0,0,0.0,0.99763113,0.00093209045,0.0014368558
772,0,0,0.0,0.99740255,0.00089165283,0.0017058781
772,0,0,0.0,0.9969582,0.00093946676,0.002102355
772,0,0,0.0,0.9956714,0.0013844599,0.0029443617
772,0,2,0.0,0.13914546,0.017181544,0.84367317
772,0,0,5.960464477539063e-08,0.99038756,0.0013540266,0.008258344
772,0,0,0.0,0.9953427,0.0010300361,0.0036274132
772,0,0,0.0,0.9975395,0.0008403042,0.0016203661
772,0,0,0.0,0.99747944,0.0010237021,0.0014969117
772,0,0,0.0,0.99647146,0.0010312067,0.0024973666
772,0,0,0.0,0.9960157,0.0012414545,0.0027427878
772,0,0,0.0,0.98803234,0.00084464,0.011123006
772,0,0,3.725290298461914e-09,0.994167,0.0010256178,0.0048074233
772,0,0,1.862645149230957e-09,0.9962179,0.0011692722,0.0026127838
772,0,0,0.0,0.996051,0.0011403706,0.0028086484
772,0,0,0.0,0.8760029,0.003008222,0.12098893
772,0,0,0.0,0.9917027,0.0010035157,0.0072940085
130,0,0,5.960464477539063e-08,0.91583306,0.058836002,0.025330938
130,0,0,0.0,0.98874754,0.0083747255,0.002877828
130,0,0,7.450580596923828e-09,0.99206835,0.0065970044,0.0013345716
130,0,0,0.0,0.9683294,0.02349929,0.008171349
130,0,0,0.0,0.9958153,0.002904601,0.0012802012
130,0,0,0.0,0.9947343,0.0027002355,0.0025655502
130,0,0,0.0,0.9893667,0.00783222,0.0028012053
130,0,0,0.0,0.9839378,0.0127771245,0.0032850537
130,0,0,0.0,0.99378884,0.0048797727,0.001331457
130,0,0,0.0,0.9942446,0.0033504986,0.0024049247
130,0,0,0.0,0.99662876,0.001963316,0.0014081551
56,0,0,0.0,0.9912409,0.0008161746,0.007942895
56,0,0,0.0,0.99017656,0.0012841459,0.008539377
56,0,0,0.0,0.99182606,0.0023772316,0.0057968027
56,0,0,0.0,0.99699634,0.0009126119,0.0020910832
56,0,0,0.0,0.9958156,0.0009418512,0.003242556
56,0,0,1.862645149230957e-09,0.99565613,0.00053243653,0.003811474
56,0,0,0.0,0.92044944,0.0011544672,0.07839636
56,0,0,3.725290298461914e-09,0.9914022,0.0019539697,0.006643855
56,0,0,0.0,0.9958607,0.0013847591,0.0027546722
56,0,0,0.0,0.9930615,0.0017349997,0.00520347
56,0,0,0.0,0.99516964,0.00067150267,0.004158943
56,0,0,0.0,0.99163914,0.000816639,0.0075443685
56,0,0,0.0,0.9804789,0.0013509793,0.018170228
56,0,0,0.0,0.9979953,0.0010140649,0.0009908074
56,0,0,0.0,0.9985767,0.0007999618,0.00062346016
56,0,0,0.0,0.9985785,0.00068126887,0.00074032927
917,1,1,1.862645149230957e-09,0.00015749529,0.99672997,0.0031125941
917,1,1,0.0,0.00019242387,0.9972791,0.0025286225
917,1,1,0.0,0.00024363266,0.9964735,0.0032828643
917,1,1,0.0,0.0002478309,0.99631315,0.0034391133
917,1,1,1.862645149230957e-09,0.00026141407,0.99791855,0.0018200275
917,1,1,0.0,0.00028665576,0.9973683,0.0023451073
917,1,1,0.0,0.00025080462,0.9977632,0.0019860629
917,1,1,0.0,0.00024606579,0.9978781,0.0018761716
917,1,1,3.725290298461914e-09,0.0002458582,0.9979215,0.0018326986
917,1,1,0.0,0.0002439621,0.9976952,0.0020608897
917,1,1,1.862645149230957e-09,0.0002988422,0.9967634,0.0029378193
917,1,1,5.774199962615967e-08,0.000286335,0.9976313,0.002082361
917,1,1,0.0,0.0002629345,0.99803585,0.001701204
917,1,1,0.0,0.00027429318,0.997386,0.0023398371
917,1,1,0.0,0.00032580143,0.9975195,0.0021547184
396,1,1,0.0,0.00037258217,0.9988455,0.0007819723
396,1,1,0.0,0.00031981416,0.99898624,0.0006940544
396,1,1,0.0,0.0003135578,0.9988141,0.0008724521
396,1,1,0.0,0.00031275625,0.99852,0.0011672868
396,1,1,0.0,0.00039217144,0.99873686,0.00087109284
396,1,1,0.0,0.00039151972,0.9986397,0.00096881035
396,1,1,9.313225746154785e-10,0.000329031,0.9987159,0.00095510704
396,1,1,0.0,0.0002887151,0.99869245,0.0010189596
396,1,1,0.0,0.00039822073,0.9985661,0.0010357656
445,1,2,0.0,0.001348369,0.19599776,0.8026539
445,1,1,0.0,0.00017001083,0.98961824,0.010211815
445,1,1,0.0,0.00020205465,0.9965612,0.0032367154
445,1,1,0.0,0.0001971534,0.9955288,0.0042740963
445,1,1,0.0,0.00031569265,0.991365,0.00831925
445,1,1,0.0,0.00021086699,0.9979782,0.0018110267
445,1,1,9.313225746154785e-10,0.00021701792,0.99814045,0.0016425542
445,1,1,5.960464477539063e-08,0.00016720625,0.99587935,0.0039534587
445,1,1,0.0,0.00024372141,0.99676275,0.0029935595
445,1,1,0.0,0.00022987947,0.99808884,0.0016814405
445,1,1,0.0,0.00027928918,0.99825567,0.001465179
445,1,1,0.0,0.00019082028,0.9953977,0.004411624
445,1,1,0.0,0.00021849047,0.9985022,0.0012794628
445,1,1,0.0,0.00027097296,0.9988229,0.00090615737
445,1,1,0.0,0.00026503362,0.9986173,0.0011178532
445,1,1,0.0,0.00026816924,0.9918751,0.007856758
445,1,1,0.0,0.00017837282,0.99883264,0.0009891652
445,1,1,0.0,0.00018894678,0.9990207,0.00079048175
445,1,1,0.0,0.00013937497,0.99799645,0.0018641674
445,1,1,0.0,0.00068217516,0.82216686,0.17715102
837,1,1,0.0,0.00026112355,0.998458,0.0012808467
837,1,1,5.8673322200775146e-08,0.00033473878,0.9987856,0.00087962527
837,1,1,0.0,0.0002903453,0.9986143,0.0010955923
837,1,1,0.0,0.0002576176,0.99817765,0.0015648778
837,1,1,0.0,0.00027076606,0.99823755,0.0014918717
837,1,1,0.0,0.00025539496,0.9985666,0.0011782114
286,1,1,0.0,0.0003760057,0.9953045,0.0043195835
286,1,1,0.0,0.00031883692,0.9973745,0.002306838
286,1,1,0.0,0.00033234674,0.9979448,0.0017229635
286,1,1,0.0,0.00031395967,0.9980527,0.0016334018
286,1,1,0.0,0.00024988546,0.99689,0.0028602022
286,1,1,0.0,0.00024063652,0.9969937,0.002765716
500,1,1,5.774199962615967e-08,0.0002576478,0.99682444,0.0029178984
500,1,1,0.0,0.00028707078,0.9975939,0.0021190955
500,1,1,0.0,0.00021593262,0.997599,0.0021850849
500,1,1,0.0,0.000247933,0.9969806,0.0027715485
500,1,1,0.0,0.00029243782,0.9971199,0.0025878686
500,1,1,3.725290298461914e-09,0.00022673505,0.9967333,0.0030399472
500,1,1,0.0,0.00026506674,0.99752676,0.0022083113
500,1,1,0.0,0.00027713977,0.98826444,0.011458476
500,1,1,0.0,0.000262456,0.9958391,0.0038985703
500,1,1,0.0,0.00025858075,0.99625206,0.0034894806
500,1,1,0.0,0.00027357033,0.9945074,0.005219056
409,1,1,0.0,0.0002523545,0.9983253,0.0014224973
409,1,1,0.0,0.00020130014,0.9986868,0.0011120895
409,1,1,5.8673322200775146e-08,0.00019878952,0.9986555,0.0011456246
409,1,1,0.0,0.00028455362,0.97582114,0.02389439
409,1,1,0.0,0.00027133606,0.99867356,0.0010552478
409,1,1,5.774199962615967e-08,0.00024101778,0.99862593,0.001133063
409,1,1,0.0,0.00024190849,0.9984979,0.0012603422
409,1,1,0.0,0.0002156147,0.99008894,0.009695475
409,1,1,0.0,0.00025038616,0.9983105,0.0014391885
409,1,1,0.0,0.00023075257,0.9983875,0.0013817797
409,1,1,0.0,0.00018544371,0.9970226,0.002792142
409,1,1,0.0,0.00019826434,0.9981241,0.0016776867
409,1,1,0.0,0.00020612354,0.998296,0.0014979186
409,1,1,0.0,0.00015724766,0.99706614,0.0027766877
423,1,1,0.0,0.0017261312,0.6990232,0.2992508
423,1,1,0.0,0.000683011,0.967699,0.031618115
423,1,1,0.0,0.0008484789,0.9368702,0.06228144
423,1,1,0.0,0.00026480726,0.9990196,0.0007157171
423,1,1,0.0,0.0004373349,0.9990136,0.00054908573
423,1,1,0.0,0.00047577426,0.9989399,0.00058438245
423,1,1,5.960464477539063e-08,0.0005455429,0.99877226,0.00068208604
423,1,1,0.0,0.00041254523,0.9991154,0.0004722343
423,1,1,5.960464477539063e-08,0.00042773827,0.9991438,0.000428417
423,1,1,0.0,0.00065075763,0.9989355,0.00041387836
423,1,1,0.0,0.00105579,0.99859047,0.0003539144
423,1,1,5.774199962615967e-08,0.0018489831,0.9979612,0.00018979143
423,1,1,0.0,0.001387379,0.9983556,0.0002570752
423,1,1,0.0,0.00090163085,0.99877447,0.0003239975
452,1,1,0.0,0.00028449227,0.99781907,0.001896578
452,1,1,0.0,0.00026821555,0.99718964,0.0025421944
452,1,1,0.0,0.00030779876,0.9978704,0.0018220298
452,1,1,6.146728992462158e-08,0.00029677828,0.9976666,0.0020367056
452,1,1,0.0,0.00025661962,0.99714315,0.0026002445
452,1,1,5.960464477539063e-08,0.00032988185,0.99778765,0.0018824157
305,1,1,9.313225746154785e-10,0.00035081344,0.99873394,0.00091532967
305,1,1,0.0,0.0002696068,0.99869174,0.001038822
305,1,1,0.0,0.0002389616,0.99854535,0.0012158153
305,1,1,0.0,0.00026267962,0.9983992,0.0013382122
305,1,1,0.0,0.00029956354,0.9988989,0.000801533
305,1,1,0.0,0.00032173563,0.99884844,0.0008299388
305,1,1,0.0,0.0002753111,0.99725544,0.002469345
305,1,1,0.0,0.0005783864,0.99895376,0.0004679719
305,1,1,5.8673322200775146e-08,0.00040957588,0.9990393,0.00055116456
369,1,1,0.0,0.00022696068,0.99869674,0.0010764883
369,1,1,0.0,0.00020991993,0.9986729,0.0011173395
369,1,1,0.0,0.00021454092,0.9989132,0.00087230734
369,1,1,5.774199962615967e-08,0.00017420093,0.9983179,0.0015078705
369,1,1,0.0,0.0007671701,0.9989535,0.00027937975
369,1,1,0.0,0.00061153143,0.9990741,0.00031430597
369,1,1,0.0,0.0008434161,0.99890137,0.00025547852
369,1,1,0.0,0.00046871713,0.99898267,0.0005487012
369,1,1,0.0,0.0006306232,0.99899113,0.00037835818
369,1,1,0.0,0.0018046373,0.9979379,0.0002574604
369,1,1,0.0,0.0012261127,0.99842304,0.00035099633
369,1,1,0.0,0.0009966638,0.99844575,0.00055771286
369,1,1,0.0,0.0016642445,0.99798155,0.00035425057
369,1,1,0.0,0.0014595052,0.9982625,0.0002780441
369,1,1,0.0,0.00067064445,0.9988265,0.00050300854
369,1,0,0.0,0.8522587,0.13259773,0.015143814
369,1,1,0.0,0.06562372,0.9337515,0.0006248608
369,1,1,0.0,0.0063445587,0.9933014,0.0003541374
348,1,1,0.0,0.0002589603,0.9975644,0.0021767134
348,1,1,0.0,0.00021848088,0.9979908,0.001790982
348,1,1,0.0,0.00020971724,0.99838346,0.0014070495
348,1,1,0.0,0.0002484464,0.9975199,0.0022317334
348,1,1,0.0,0.00021065454,0.99824876,0.0015407451
348,1,1,9.313225746154785e-10,0.0002475545,0.9985592,0.0011932674
364,1,1,0.0,0.00030267154,0.99884194,0.00085550884
364,1,1,0.0,0.00040826653,0.9988348,0.0007570192
364,1,1,0.0,0.00039067565,0.99899113,0.0006182274
364,1,1,0.0,0.00039602662,0.9987111,0.00089300715
364,1,1,9.313225746154785e-10,0.00040714888,0.99884075,0.0007521029
929,1,1,0.0,0.02126356,0.90559906,0.07313749
929,1,0,0.0,0.81347746,0.015924495,0.17059822
929,1,1,0.0,0.00024355389,0.9986543,0.001102276
929,1,1,0.0,0.100525394,0.5934402,0.30603454
496,1,1,0.0,0.000328639,0.9972892,0.002382304
496,1,1,5.587935447692871e-08,0.0003646319,0.9971544,0.002480883
496,1,1,0.0,0.00040552326,0.9969453,0.0026492535
496,1,1,0.0,0.0004651108,0.99655306,0.0029818616
496,1,1,0.0,0.0003211645,0.99674237,0.0029365364
496,1,1,0.0,0.00033063898,0.9964108,0.0032586716
496,1,1,0.0,0.00026754392,0.9966263,0.0031062807
496,1,1,0.0,0.00026546975,0.9959289,0.0038057312
496,1,1,1.862645149230957e-09,0.00022682955,0.9961388,0.0036344754
902,1,1,0.0,0.00029731425,0.9980341,0.0016687047
902,1,1,0.0,0.00031259045,0.99730587,0.002381601
902,1,1,0.0,0.00027880087,0.99755967,0.0021617163
902,1,1,0.0,0.00027061478,0.99794066,0.0017888458
902,1,1,9.313225746154785e-10,0.00023154172,0.9982924,0.00147608
902,1,1,0.0,0.0002481909,0.997831,0.0019209465
902,1,1,0.0,0.0002852818,0.99818426,0.0015305675
902,1,1,0.0,0.00021647922,0.9979769,0.0018066873
902,1,1,0.0,0.00022490922,0.9971101,0.0026650939
881,1,1,0.0,0.00018308163,0.9863081,0.013508945
881,1,1,0.0,0.0007745093,0.7273049,0.27192065
881,1,1,0.0,0.0002503606,0.99719286,0.00255694
881,1,1,0.0,0.00021081752,0.9966058,0.0031834745
881,1,1,1.862645149230957e-09,0.0002484772,0.99619025,0.0035613005
881,1,1,6.332993507385254e-08,0.0003437413,0.9954435,0.004212665
881,1,1,0.0,0.00027368488,0.9969582,0.0027682427
881,1,1,0.0,0.0002468242,0.99682486,0.0029283802
839,1,1,0.0,0.00021224296,0.991496,0.008291976
839,1,1,0.0,0.00024397862,0.99657786,0.0031782084
839,1,1,0.0,0.000262466,0.9969053,0.0028323322
839,1,1,3.725290298461914e-09,0.00012184833,0.99032927,0.0095489295
839,1,1,0.0,0.00021325458,0.9959597,0.0038272035
839,1,1,0.0,0.00025195486,0.9964967,0.003251471
839,1,1,0.0,0.00028351668,0.99723685,0.002479803
839,1,1,0.0,0.00024002846,0.99753624,0.0022238216
839,1,1,0.0,0.0003199157,0.9974491,0.002230943
839,1,1,0.0,0.00027253001,0.9976522,0.0020754447
839,1,1,0.0,0.00027988752,0.9978065,0.0019137505
316,1,1,0.0,0.00060127873,0.99899817,0.00040075404
316,1,1,0.0,0.00086825876,0.9987966,0.0003352036
316,1,1,0.0,0.0019241094,0.9978599,0.00021608836
316,1,1,0.0,0.00076285325,0.99889565,0.00034175997
316,1,1,0.0,0.0005780208,0.99900776,0.00041439573
316,1,1,0.0,0.00075935293,0.9989176,0.00032323578
316,1,1,5.774199962615967e-08,0.0014079744,0.9983484,0.0002435957
316,1,1,5.960464477539063e-08,0.0009636437,0.99871755,0.00031890627
316,1,1,5.960464477539063e-08,0.0021092312,0.9969513,0.000939465
316,1,1,0.0,0.0022060613,0.9975862,0.00020797271
316,1,1,9.313225746154785e-10,0.0013396346,0.99840945,0.00025095296
316,1,0,0.0,0.9349177,0.06376476,0.001317702
316,1,0,0.0,0.638748,0.36102793,0.00022419397
316,1,1,0.0,0.22046947,0.7791816,0.00034901776
341,1,1,5.960464477539063e-08,0.00023844416,0.9986145,0.001147048
341,1,1,0.0,0.00026838775,0.99875367,0.0009780132
341,1,1,0.0,0.00022510363,0.9985695,0.0012055791
341,1,1,0.0,0.00027360817,0.99649584,0.0032305862
341,1,1,0.0,0.0002928207,0.99821675,0.0014904445
341,1,1,0.0,0.00032968432,0.9981867,0.0014837147
341,1,1,0.0,0.00029074735,0.9985838,0.0011254726
341,1,1,0.0,0.00022875472,0.9978031,0.0019682222
283,1,1,0.0,0.00034356842,0.99843633,0.0012202061
283,1,1,5.774199962615967e-08,0.00028242185,0.9982359,0.0014816085
283,1,1,0.0,0.00027188286,0.9986126,0.0011156709
283,1,1,0.0,0.00026381866,0.9985551,0.0011812373
283,1,1,0.0,0.00039509218,0.99905586,0.00054917653
283,1,1,9.313225746154785e-10,0.00025118855,0.9986908,0.0010580609
283,1,1,0.0,0.00031111916,0.99833006,0.0013589736
283,1,1,0.0,0.00041637267,0.99893725,0.00064641394
346,1,1,0.0,0.00023811444,0.9977974,0.001964555
346,1,1,0.0,0.00020260498,0.996953,0.0028445076
346,1,1,0.0,0.0003236044,0.99883693,0.00083953043
346,1,1,0.0,0.00023727662,0.9985933,0.0011695627
346,1,1,0.0,0.00024153205,0.70724833,0.29251024
346,1,1,1.862645149230957e-09,0.00024925353,0.9974952,0.0022556246
346,1,1,0.0,0.00029744697,0.99869746,0.0010051889
346,1,1,5.960464477539063e-08,0.00020373361,0.9978663,0.0019299296
346,1,1,0.0,0.00038989104,0.99508494,0.0045252014
489,1,1,0.0,0.002086976,0.96585083,0.032062307
489,1,1,7.450580596923828e-08,0.00073228497,0.9720808,0.027186804
489,1,1,0.0,0.00076090096,0.9561538,0.04308544
489,1,1,0.0,0.0003812084,0.9828793,0.016739598
489,1,1,0.0,0.00043926414,0.99237454,0.007186269
489,1,1,0.0,0.00037188586,0.9915807,0.00804748
489,1,1,0.0,0.00018138475,0.99501127,0.004807621
489,1,1,0.0,0.00041068826,0.99073213,0.00885732
489,1,1,0.0,0.00025504644,0.9942384,0.005506613
489,1,1,0.0,0.0003038773,0.99688816,0.0028080095
489,1,1,5.960464477539063e-08,0.00019249674,0.9971204,0.0026870251
489,1,1,0.0,0.00024170487,0.9974279,0.0023304927
489,1,1,0.0,0.0002850751,0.99548346,0.004231602
489,1,1,0.0,0.00020223336,0.99573153,0.0040662875
489,1,1,0.0,0.00047468813,0.9948855,0.00463995
489,1,1,5.960464477539063e-08,0.00025831282,0.996884,0.0028576024
845,1,1,0.0,0.0003199667,0.9973454,0.002334854
845,1,1,1.862645149230957e-09,0.00034238762,0.9976255,0.002032122
845,1,1,0.0,0.00046527604,0.9893208,0.010213992
845,1,1,0.0,0.00061881816,0.9334461,0.06593526
845,1,1,0.0,0.0002636818,0.9983607,0.0013757555
845,1,1,0.0,0.00019699946,0.9978458,0.0019572673
845,1,1,0.0,0.00026228183,0.9967376,0.003000153
895,1,1,0.0,0.00015784385,0.9931058,0.006736482
895,1,1,0.0,0.00042354738,0.9991007,0.00047593107
895,1,1,0.0,0.00016999591,0.9977321,0.0020980376
895,1,1,0.0,0.00040666244,0.9990494,0.0005439527
895,1,1,0.0,0.0064606545,0.9924864,0.0010529639
895,1,1,0.0,0.00070020347,0.9988742,0.00042573176
895,1,1,0.0,0.0006081156,0.9990421,0.0003498719
895,1,1,5.960464477539063e-08,0.005040472,0.9947744,0.00018503882
895,1,1,0.0,0.00090852706,0.9988939,0.00019769074
895,1,1,5.8673322200775146e-08,0.0002666941,0.9990278,0.00070549164
895,1,1,0.0,0.00024154842,0.9991562,0.0006023862
412,1,1,6.05359673500061e-08,0.0003869366,0.9986464,0.0009667029
412,1,1,0.0,0.00031308003,0.9980783,0.0016087701
412,1,1,0.0,0.00019849287,0.99827063,0.0015310522
412,1,1,0.0,0.0002635664,0.99859977,0.0011367939
412,1,1,0.0,0.00029892602,0.9984604,0.0012406687
412,1,1,0.0,0.00021117026,0.9979268,0.001862132
412,1,1,0.0,0.00028842117,0.9985666,0.0011451548
412,1,1,9.313225746154785e-10,0.0002522578,0.99871457,0.0010332533
412,1,1,0.0,0.00018988177,0.998119,0.0016912298
412,1,1,0.0,0.00028520264,0.99873966,0.00097527576
412,1,1,6.05359673500061e-08,0.00021236808,0.99817485,0.0016127649
412,1,1,9.313225746154785e-10,0.00021381948,0.99809474,0.0016914668
339,1,1,9.313225746154785e-10,0.0002823284,0.9981357,0.0015819445
339,1,1,5.960464477539063e-08,0.00025559159,0.9985811,0.0011632451
339,1,1,9.313225746154785e-10,0.00027403433,0.9982697,0.00145624
339,1,1,0.0,0.0002803644,0.9978992,0.0018206411
339,1,1,0.0,0.00023061308,0.99807364,0.001695806
339,1,1,0.0,0.0002504215,0.99834627,0.0014035683
343,1,1,0.0,0.00032447462,0.9978934,0.0017822948
343,1,1,0.0,0.00048420706,0.99873894,0.0007769743
343,1,1,2.7939677238464355e-09,0.0002756116,0.99843806,0.0012863713
343,1,1,5.774199962615967e-08,0.00039531288,0.9988491,0.00075548916
343,1,1,0.0,0.00021776822,0.9983272,0.0014551912
343,1,1,0.0,0.00036713656,0.9989223,0.0007108378
343,1,1,0.0,0.0019298659,0.74331224,0.25475803
343,1,1,0.0,0.00028609834,0.9928547,0.006859269
287,1,1,1.862645149230957e-09,0.00029114136,0.9978739,0.0018350274
287,1,1,0.0,0.00022093001,0.998094,0.0016851673
287,1,1,0.0,0.00025656796,0.9984801,0.0012633916
287,1,1,5.960464477539063e-08,0.00024056586,0.99852806,0.0012313008
287,1,1,6.05359673500061e-08,0.00023970134,0.99850714,0.001253099
287,1,1,9.313225746154785e-10,0.00022123869,0.99808925,0.0016895353
287,1,1,0.0,0.00028168244,0.9987998,0.0009185376
287,1,1,0.0,0.00031361703,0.9988882,0.00079817855
429,1,1,0.0,0.00024060371,0.9980764,0.0016832326
429,1,1,0.0,0.00024906272,0.9982323,0.0015187211
365,1,1,0.0,0.000291373,0.99843174,0.0012769486
365,1,1,0.0,0.00027765962,0.9989366,0.0007858373
365,1,1,0.0,0.00036833365,0.99883425,0.00079747627
365,1,1,5.960464477539063e-08,0.00039275532,0.998975,0.0006322862
365,1,1,9.313225746154785e-10,0.00024793678,0.99896145,0.0007906333
365,1,1,5.960464477539063e-08,0.00030771483,0.998921,0.00077135285
365,1,1,0.0,0.00029922294,0.9978246,0.0018763683
365,1,1,0.0,0.00024911808,0.9985935,0.0011574294
355,1,1,0.0,0.00036783502,0.9991412,0.00049104245
355,1,1,0.0,0.00017558213,0.99855375,0.0012706772
355,1,1,0.0,0.00016900904,0.99740314,0.0024279035
355,1,1,0.0,0.00021225246,0.9974538,0.0023340671
355,1,1,9.313225746154785e-10,0.0007788787,0.99886477,0.0003563716
355,1,1,0.0,0.00040512357,0.99814224,0.0014527299
355,1,1,0.0,0.0002494678,0.9975216,0.0022289215
355,1,1,0.0,0.0002822751,0.99859047,0.0011272596
355,1,1,9.313225746154785e-10,0.0004438207,0.9989311,0.0006250563
355,1,1,0.0,0.00083448243,0.9979582,0.0012074012
355,1,1,0.0,0.00054068066,0.99850035,0.00095915113
355,1,1,0.0,0.00080212986,0.998807,0.00039103068
355,1,1,9.313225746154785e-10,0.000377977,0.999166,0.00045599774
355,1,1,9.313225746154785e-10,0.00064455986,0.99898934,0.00036612625
355,1,1,0.0,0.00067223725,0.99895287,0.0003751704
355,1,1,0.0,0.006812013,0.99279016,0.00039803033
355,1,1,0.0,0.0049381675,0.994804,0.00025786608
355,1,1,0.0,0.0025696773,0.9972765,0.00015390343
353,1,1,0.0,0.00042238727,0.9958562,0.0037214612
353,1,1,0.0,0.00024341504,0.9964076,0.0033489652
353,1,1,0.0,0.00015244701,0.99710935,0.002738324
353,1,1,0.0,0.00019350852,0.99738544,0.0024210236
353,1,1,0.0,0.00028994877,0.997096,0.0026143102
353,1,1,0.0,0.00027755531,0.9982424,0.0014802357
925,1,1,0.0,0.00025663868,0.99894327,0.0008003044
925,1,1,0.0,0.00028656583,0.9989175,0.0007961157
925,1,1,0.0,0.00044158247,0.99906355,0.00049503986
925,1,1,0.0,0.00038322053,0.9990797,0.0005370553
925,1,1,0.0,0.00037058903,0.9990522,0.0005771612
925,1,1,0.0,0.00023360156,0.9986023,0.0011641701
925,1,1,0.0,0.00045197172,0.99901444,0.0005336205
925,1,1,0.0,0.00046838223,0.9990903,0.00044147676
925,1,1,0.0,0.00038116862,0.9990816,0.0005373002
925,1,1,0.0,0.0004101931,0.99905914,0.0005308187
925,1,1,6.05359673500061e-08,0.00029607213,0.99891686,0.000787106
925,1,1,1.862645149230957e-09,0.00025258615,0.9979521,0.0017954026
925,1,1,9.313225746154785e-10,0.0004087968,0.99904555,0.0005456267
925,1,1,0.0,0.0004387017,0.9990558,0.00050568586
925,1,1,0.0,0.00037824258,0.998816,0.00080592075
925,1,1,0.0,0.00034394805,0.9984022,0.0012538432
925,1,1,0.0,0.00029686463,0.99881566,0.00088752847
925,1,1,0.0,0.00028354238,0.99876225,0.0009542243
841,1,1,0.0,0.0009144628,0.65224385,0.34684172
841,1,1,6.146728992462158e-08,0.00018376665,0.9955865,0.004229629
841,1,1,0.0,0.00020910792,0.990499,0.009291913
841,1,1,0.0,0.0005120878,0.9120518,0.08743621
841,1,1,0.0,0.00041447973,0.9990278,0.0005577924
841,1,1,0.0,0.0002732496,0.999115,0.00061198534
841,1,1,0.0,0.0007851388,0.9988808,0.00033419687
841,1,1,0.0,0.00043988271,0.99904644,0.00051371154
841,1,1,0.0,0.0070812586,0.9926524,0.00026638198
444,1,1,0.0,0.00039721126,0.99891007,0.00069288386
444,1,1,0.0,0.00040603252,0.9988452,0.00074880215
444,1,1,0.0,0.00039624138,0.99884284,0.0007609427
444,1,1,0.0,0.00042944332,0.9985218,0.0010488718
444,1,1,5.960464477539063e-08,0.0005151794,0.99834937,0.0011353891
444,1,1,0.0,0.0003543205,0.9979143,0.0017314268
444,1,1,0.0,0.00029550793,0.9969989,0.00270569
332,1,1,0.0,0.00020023137,0.99699175,0.0028079867
332,1,1,0.0,0.00022169173,0.997139,0.0026395454
332,1,1,0.0,0.00022255305,0.99598646,0.0037911164
332,1,1,0.0,0.00022911563,0.9962564,0.0035145052
332,1,1,0.0,0.00027582957,0.9959507,0.003773629
332,1,1,0.0,0.00021682552,0.99619484,0.0035884278
332,1,1,0.0,0.00031933354,0.99044955,0.009231238
332,1,1,0.0,0.00021816816,0.9917296,0.008052325
859,1,1,0.0,0.00030894042,0.99826765,0.0014235505
859,1,1,0.0,0.00022853666,0.9982295,0.0015420321
859,1,1,0.0,0.00020070838,0.99831146,0.0014879125
859,1,1,0.0,0.00030068637,0.9987478,0.00095158437
859,1,1,5.960464477539063e-08,0.00032078766,0.99806464,0.001614526
859,1,1,0.0,0.0003198898,0.9974456,0.0022345714
859,1,1,0.0,0.00025787912,0.9979596,0.0017825932
859,1,1,6.05359673500061e-08,0.00038501018,0.9990751,0.0005398254
859,1,1,0.0,0.00042275095,0.9986143,0.00096311176
859,1,1,0.0,0.00037886857,0.99810904,0.0015123241
859,1,1,0.0,0.00027873067,0.99790776,0.001813697
859,1,1,6.05359673500061e-08,0.0006002764,0.9989559,0.00044375996
859,1,1,0.0,0.00045323363,0.99883467,0.00071224855
859,1,1,5.8673322200775146e-08,0.00032852087,0.998975,0.0006965277
859,1,1,0.0,0.00265093,0.9969265,0.00042258712
859,1,1,0.0,0.0016535813,0.99801534,0.00033125252
859,1,1,0.0,0.0011436733,0.998476,0.00038053736
480,1,1,3.725290298461914e-09,0.0043031494,0.992808,0.0028888655
480,1,1,0.0,0.00833412,0.98863214,0.003033745
480,1,1,0.0,0.0017999045,0.99611855,0.002081647
480,1,1,0.0,0.0011603312,0.9968997,0.0019399207
480,1,1,0.0,0.0008302827,0.9979235,0.00124631
480,1,1,5.774199962615967e-08,0.0010909135,0.9962218,0.002687325
480,1,1,0.0,0.0010970305,0.99591106,0.0029920568
480,1,1,0.0,0.011597354,0.8001024,0.18830025
480,1,1,0.0,0.0014824854,0.9723096,0.02620789
833,1,1,0.0,0.0003136978,0.99819845,0.0014879841
833,1,1,0.0,0.0003123908,0.9986677,0.0010200058
833,1,1,0.0,0.0002524188,0.99853706,0.0012106776
833,1,1,9.313225746154785e-10,0.00027177294,0.9987731,0.0009551849
833,1,1,5.960464477539063e-08,0.00036891777,0.99902457,0.0006064386
833,1,1,0.0,0.00027615755,0.9989266,0.00079721434
833,1,1,5.960464477539063e-08,0.0002950315,0.9986594,0.0010456289
833,1,1,0.0,0.00047926075,0.9990093,0.0005114829
833,1,1,0.0,0.0003200509,0.9988862,0.0007937913
833,1,1,0.0,0.00038345504,0.9985227,0.0010939589
833,1,1,5.960464477539063e-08,0.00030570157,0.9985911,0.0011031769
833,1,1,0.0,0.00027759315,0.99833035,0.0013921768
833,1,1,0.0,0.00029656608,0.99835294,0.0013507649
876,1,1,0.0,0.03613504,0.96339136,0.00047368533
876,1,1,0.0,0.0007957195,0.99856275,0.0006416662
876,1,1,0.0,0.0007613513,0.998763,0.00047588637
876,1,1,0.0,0.012840376,0.9866586,0.0005011215
876,1,0,0.0,0.829967,0.16637945,0.003653575
876,1,1,0.0,0.0004397829,0.99879694,0.0007633732
876,1,1,0.0,0.00045774473,0.99859756,0.000944692
876,1,1,0.0,0.00052931055,0.998552,0.00091874565
876,1,1,0.0,0.0014690385,0.9976922,0.00083889056
876,1,0,0.0,0.69861233,0.29276505,0.0086226305
876,1,1,0.0,0.00042793926,0.99872786,0.00084430457
876,1,1,1.862645149230957e-09,0.00042362956,0.9988051,0.000771315
876,1,1,0.0,0.0004891246,0.9987899,0.0007210506
876,1,1,0.0,0.0023134707,0.99706936,0.00061732304
876,1,1,0.0,0.00042877957,0.9988298,0.00074157683
876,1,1,0.0,0.0007016099,0.9986734,0.0006252471
876,1,1,0.0,0.0007822278,0.99842596,0.0007919928
876,1,1,0.0,0.003731216,0.995975,0.00029387846
876,1,1,0.0,0.00033035627,0.9980875,0.0015821799
876,1,1,0.0,0.00041567557,0.9985782,0.0010062252
876,1,1,0.0,0.00036342203,0.9988576,0.00077905593
876,1,1,0.0,0.0008468589,0.99890333,0.00025005304
850,1,1,0.0,0.000292983,0.9980602,0.0016468534
850,1,1,5.960464477539063e-08,0.0003302161,0.9984747,0.001194974
850,1,1,0.0,0.00037353832,0.9985823,0.0010442238
850,1,1,0.0,0.0003175878,0.99876755,0.0009149172
919,1,1,0.0,0.00022928919,0.9988414,0.0009294271
919,1,1,0.0,0.00024877832,0.99894905,0.0008023609
919,1,1,0.0,0.00025054667,0.99902344,0.00072610454
919,1,1,0.0,0.0002973225,0.99904424,0.00065855955
919,1,1,0.0,0.00033866358,0.9989042,0.0007573016
919,1,1,0.0,0.00023374685,0.99893606,0.00083026214
919,1,1,0.0,0.0002313925,0.99900734,0.00076141197
919,1,1,5.8673322200775146e-08,0.000286471,0.99903506,0.00067839184
919,1,1,0.0,0.00029275593,0.9989015,0.00080575666
919,1,1,0.0,0.00039140752,0.9988222,0.00078662013
849,1,1,0.0,0.00036633355,0.9989986,0.0006352832
849,1,1,9.313225746154785e-10,0.0004166712,0.9990818,0.00050160254
849,1,1,0.0,0.00053623447,0.99900854,0.00045528816
849,1,1,0.0,0.00030152634,0.998766,0.00093269104
849,1,1,0.0,0.0011122624,0.99838644,0.00050136197
849,1,1,0.0,0.0014712398,0.9979799,0.0005489451
849,1,1,0.0,0.0010394765,0.9985037,0.00045712566
849,1,1,5.960464477539063e-08,0.0005694712,0.998975,0.00045557067
849,1,1,0.0,0.0010178955,0.9987068,0.00027547497
849,1,1,0.0,0.0017759331,0.9978577,0.00036641967
849,1,1,0.0,0.0009915845,0.99830246,0.0007062342
849,1,1,0.0,0.0004856981,0.99898547,0.0005288179
849,1,1,0.0,0.08022565,0.9188362,0.000938305
849,1,1,5.587935447692871e-08,0.0045716707,0.9947416,0.00068670185
849,1,1,0.0,0.004938163,0.9931332,0.001928751
849,1,1,0.0,0.00093998254,0.99840176,0.0006583542
376,1,1,0.0,0.00016416059,0.986608,0.013227951
376,1,1,0.0,0.00024677522,0.998015,0.001738293
376,1,1,0.0,0.00022103835,0.9974438,0.002335187
376,1,1,0.0,0.00019600103,0.98551935,0.0142847905
376,1,1,0.0,0.00023324782,0.9959655,0.0038014057
376,1,1,0.0,0.0002880336,0.99591774,0.0037944042
376,1,1,0.0,0.0002967913,0.9965009,0.0032024877
376,1,1,0.0,0.00029554262,0.9969329,0.0027716754
376,1,1,0.0,0.00039178267,0.98558706,0.014021382
376,1,1,0.0,0.00026764395,0.9971143,0.0026181252
406,1,1,0.0,0.00045726082,0.9853601,0.0141827315
406,1,1,0.0,0.00033351517,0.9982848,0.0013817751
406,1,1,0.0,0.0002280218,0.99766445,0.0021076214
406,1,1,0.0,0.00022237717,0.99880314,0.0009746328
406,1,1,0.0,0.0005022013,0.9991208,0.0003771758
418,1,1,7.450580596923828e-09,0.00024211784,0.9864181,0.013339711
418,1,1,0.0,0.0002315382,0.9953594,0.0044090706
418,1,1,0.0,0.0002362621,0.9980487,0.0017151551
418,1,1,0.0,0.00024061864,0.9979779,0.0017816584
418,1,1,0.0,0.0002938869,0.99869347,0.001012695
418,1,1,0.0,0.000282858,0.99882764,0.0008896945
435,1,1,0.0,0.0003445293,0.9974428,0.0022127246
435,1,1,1.862645149230957e-09,0.00035095937,0.9970503,0.0025986973
435,1,1,5.774199962615967e-08,0.0003182931,0.99750924,0.0021724394
435,1,1,0.0,0.00024079287,0.9974777,0.0022814972
435,1,1,0.0,0.00020046887,0.9963459,0.0034537788
892,1,1,0.0,0.0014178316,0.9921513,0.006430902
892,1,1,3.725290298461914e-09,0.0005881901,0.9949504,0.004461405
892,1,1,2.7939677238464355e-09,0.00020035075,0.99820435,0.0015952856
892,1,1,0.0,0.00021662895,0.9984447,0.0013387764
892,1,1,0.0,0.00021764821,0.99858326,0.0011992408
892,1,1,0.0,0.00052424264,0.9800024,0.01947346
892,1,1,0.0,0.0002732582,0.99860525,0.0011216223
892,1,1,6.05359673500061e-08,0.00031103494,0.99879134,0.00089757715
892,1,1,0.0,0.00022122647,0.99348074,0.006298127
892,1,1,0.0,0.00029349446,0.9981939,0.0015126767
892,1,1,0.0,0.0003016034,0.99834883,0.0013497482
892,1,1,1.862645149230957e-09,0.00017630833,0.9976782,0.002145492
892,1,1,0.0,0.0002851779,0.9978671,0.0018477554
851,1,1,0.0,0.0009636111,0.9982958,0.0007408346
851,1,1,0.0,0.0004239664,0.99900734,0.00056873687
851,1,2,0.0,0.089768454,0.39407584,0.51615584
851,1,1,6.146728992462158e-08,0.00065845053,0.9986483,0.00069319486
851,1,1,0.0,0.00033605835,0.9988491,0.0008149834
851,1,1,0.0,0.00028689342,0.99796885,0.0017442554
499,1,1,6.146728992462158e-08,0.00023796665,0.9975855,0.0021765227
499,1,1,0.0,0.00022236891,0.99719524,0.0025825803
499,1,1,0.0,0.00022190156,0.9980512,0.0017269173
276,1,1,5.774199962615967e-08,0.00034092093,0.998757,0.0009020734
276,1,1,6.05359673500061e-08,0.00024886092,0.99834114,0.0014099395
276,1,1,0.0,0.000216177,0.9986201,0.0011639625
276,1,1,0.0,0.0001751904,0.9984236,0.0014012165
276,1,1,0.0,0.0002340203,0.99886084,0.0009052893
276,1,1,0.0,0.0005435057,0.9989573,0.00049924664
276,1,1,1.862645149230957e-09,0.00068973016,0.9988694,0.0004409487
276,1,1,5.960464477539063e-08,0.0012272866,0.9984556,0.00031713565
276,1,1,0.0,0.00029163374,0.99919844,0.0005100613
276,1,1,0.0,0.00044070045,0.9991612,0.00039823743
276,1,1,0.0,0.00033383278,0.99846745,0.0011989252
276,1,1,5.8673322200775146e-08,0.00040797153,0.99875313,0.0008388742
276,1,1,0.0,0.0004218617,0.9987923,0.00078592653
276,1,1,0.0,0.0006031177,0.99884695,0.0005501474
276,1,1,0.0,0.00042408696,0.99907684,0.0004993488
276,1,1,0.0,0.00033412673,0.9981542,0.0015116801
276,1,1,0.0,0.0004161166,0.9987203,0.00086373376
276,1,1,0.0,0.00033252494,0.99862874,0.0010387436
276,1,1,0.0,0.00043816047,0.9989677,0.00059417106
276,1,1,0.0,0.00043276214,0.999067,0.00050033623
276,1,1,0.0,0.002108468,0.994388,0.0035036544
276,1,1,0.0,0.0029492967,0.9920177,0.0050331587
276,1,1,0.0,0.00078270194,0.99860966,0.00060764514
276,1,1,0.0,0.0006285505,0.99898785,0.0003837475
689,2,2,0.0,0.0016271935,0.008124842,0.9902481
689,2,2,0.0,0.0030203054,0.017175285,0.9798045
689,2,2,0.0,0.0067188637,0.005825893,0.98745537
689,2,2,0.0,0.0029527554,0.018413033,0.9786343
689,2,2,0.0,0.0012662068,0.009974236,0.98875964
689,2,2,0.0,0.0026796116,0.024844078,0.9724764
689,2,2,0.0,0.019862467,0.10419957,0.87593794
689,2,2,0.0,0.0040746587,0.0032735402,0.9926519
689,2,2,0.0,0.0028441376,0.061853044,0.93530285
689,2,2,0.0,0.0033606286,0.03635127,0.96028805
689,2,2,0.0,0.004585036,0.05757049,0.93784446
689,2,2,0.0,0.0050918204,0.02669888,0.9682094
689,2,2,0.0,0.0023402534,0.015841668,0.9818182
689,2,2,0.0,0.0019544424,0.0119467145,0.9860988
689,2,2,0.0,0.003964793,0.007328715,0.9887066
689,2,1,0.0,0.023969777,0.96373767,0.012292511
689,2,2,0.0,0.0046077888,0.019066682,0.97632563
689,2,2,0.0,0.0048109298,0.04000286,0.9551863
689,2,1,0.0,0.0144005,0.71713835,0.26846138
689,2,2,0.0,0.010481739,0.038001698,0.95151675
681,2,2,0.0,0.0001918198,0.00023417972,0.9995742
681,2,2,0.0,0.00032453155,0.00030717094,0.9993684
681,2,2,0.0,0.00020877038,0.0004525512,0.99933875
681,2,2,0.0,0.00015077129,0.00021440942,0.99963486
681,2,2,0.0,0.00049615576,0.00040212422,0.99910176
681,2,2,0.0,0.00053272553,0.0006689603,0.99879843
681,2,2,5.774199962615967e-08,0.00046380656,0.0005312953,0.999005
681,2,2,0.0,0.00032205088,0.0003210086,0.9993572
681,2,2,0.0,0.0007866711,0.0008820387,0.9983314
681,2,2,6.05359673500061e-08,0.0005516336,0.0013125198,0.99813575
681,2,2,0.0,0.00050061906,0.0009779162,0.99852157
566,2,2,0.0,0.00034660334,0.00029118021,0.9993624
566,2,2,0.0,0.0009881991,0.0003242259,0.99868774
594,2,2,0.0,0.00049891893,0.0007142143,0.99878705
594,2,2,0.0,0.0004994195,0.00080281595,0.9986978
594,2,2,0.0,0.0007320776,0.0012871062,0.997981
594,2,2,0.0,0.00012972965,0.0055096676,0.99436086
594,2,2,0.0,0.00022377167,0.0001926137,0.9995838
594,2,2,4.656612873077393e-10,0.00022972189,0.0001931372,0.99957716
594,2,2,0.0,0.00017239456,0.00017424348,0.9996534
594,2,2,0.0,0.00013082495,0.0005901094,0.9992792
594,2,2,0.0,0.00014983828,0.0019220772,0.9979282
594,2,2,0.0,9.539445e-05,0.00039798307,0.9995066
594,2,2,0.0,0.00013630277,0.0004247159,0.99943906
594,2,2,0.0,0.00044483197,0.00085464685,0.99870056
594,2,2,0.0,0.00013468384,0.00038809073,0.9994774
594,2,2,5.960464477539063e-08,0.00017860535,0.0013289858,0.9984924
594,2,2,6.705522537231445e-08,0.0014380196,0.010259064,0.9883028
594,2,2,0.0,0.0006335093,0.00091771805,0.99844885
594,2,2,0.0,0.0004702865,0.00039722433,0.9991326
594,2,2,0.0,0.00023585418,0.00059884635,0.9991655
594,2,2,5.587935447692871e-08,0.0012986921,0.0060839835,0.99261725
594,2,2,0.0,0.00018326558,0.00038205314,0.9994347
594,2,2,0.0,0.00023251912,0.0003923407,0.9993753
594,2,2,0.0,0.0008434917,0.0027113713,0.9964451
594,2,2,0.0,0.0008908169,0.0039130305,0.9951963
594,2,2,0.0,0.004021108,0.0053938567,0.9905851
594,2,2,7.450580596923828e-09,0.002336078,0.011682808,0.9859811
594,2,2,0.0,0.000375518,0.0015968466,0.9980278
594,2,2,0.0,0.00082720193,0.0037226395,0.99545014
594,2,2,0.0,0.0025401986,0.0046203253,0.99283946
661,2,2,0.0,0.00064062583,0.00048561612,0.99887383
661,2,2,0.0,0.0007964172,0.0008426937,0.9983609
661,2,2,0.0,0.00018464359,0.0007013102,0.99911416
661,2,2,5.960464477539063e-08,0.0008048835,0.0014293512,0.9977658
661,2,2,0.0,0.0006990935,0.0015569844,0.9977441
661,2,2,0.0,0.0006898295,0.002706623,0.9966036
661,2,2,0.0,0.00041623134,0.0021298914,0.99745405
661,2,2,0.0,0.00037469363,0.00090675295,0.9987187
661,2,2,0.0,0.00079840125,0.0010636353,0.99813795
661,2,2,0.0,0.001039305,0.0011050157,0.9978558
661,2,2,0.0,0.0007425085,0.00050786074,0.9987499
661,2,2,0.0,0.00068414956,0.0025453358,0.9967705
661,2,2,1.862645149230957e-09,0.000597412,0.003133834,0.99626875
661,2,2,0.0,0.0006065187,0.004821241,0.9945722
661,2,2,3.725290298461914e-09,0.00064568943,0.005071609,0.99428284
661,2,2,6.146728992462158e-08,0.0006777879,0.0032851396,0.9960371
661,2,2,0.0,0.00071592256,0.0018897373,0.9973945
661,2,2,0.0,0.0009995217,0.0013290182,0.99767154
661,2,2,0.0,0.00084607344,0.0022743023,0.99687964
661,2,2,0.0,0.0007450922,0.0028980144,0.9963569
661,2,2,0.0,0.00066419767,0.0029046827,0.9964313
661,2,2,0.0,0.000651858,0.0032458976,0.99610245
661,2,2,0.0,0.0007189495,0.0025338535,0.99674714
661,2,2,0.0,0.0007973808,0.002065166,0.9971375
1015,2,2,0.0,0.00042390783,0.010414789,0.98916143
1015,2,2,0.0,0.00055425265,0.0040465193,0.9953994
1015,2,2,0.0,0.0006329272,0.0038489143,0.99551827
1015,2,2,5.960464477539063e-08,0.0003948304,0.0044149,0.9951902
1015,2,2,0.0,0.00042624728,0.0017966572,0.9977771
1015,2,2,0.0,0.0004897568,0.002025814,0.9974843
1015,2,2,1.862645149230957e-09,0.00073722366,0.0021389497,0.9971239
1015,2,2,0.0,0.0004458007,0.004540885,0.9950133
1015,2,2,0.0,0.00055767986,0.001709099,0.9977333
1015,2,2,6.146728992462158e-08,0.00057169213,0.0016692705,0.99775904
1015,2,2,0.0,0.0011828889,0.0013553993,0.99746174
1015,2,2,0.0,0.0011949653,0.0014462227,0.99735874
1015,2,2,6.146728992462158e-08,0.0011389935,0.0016413985,0.9972196
1015,2,2,0.0,0.00074351183,0.08119917,0.9180574
1015,2,2,0.0,0.0013214496,0.001749634,0.9969291
1015,2,2,0.0,0.0029894926,0.0026314887,0.9943791
1015,2,2,5.960464477539063e-08,0.0025544867,0.0019084696,0.99553704
1015,2,1,0.0,0.00060677563,0.99619585,0.0031975699
1015,2,2,0.0,0.002900222,0.21838583,0.7787141
1015,2,2,0.0,0.0023942103,0.004587376,0.99301857
1015,2,2,0.0,0.026709348,0.006434215,0.9668565
511,2,2,0.0,0.00011820391,0.064684115,0.93519783
511,2,2,0.0,0.00011829751,0.0034361775,0.99644566
973,2,2,0.0,0.013896142,0.19144014,0.7946639
973,2,2,0.0,0.0025981523,0.031877417,0.9655247
973,2,2,5.21540641784668e-08,0.000847639,0.016737452,0.98241484
973,2,2,0.0,0.0008870004,0.004531273,0.9945819
973,2,2,0.0,0.0014320854,0.0033019155,0.9952661
973,2,2,0.0,0.00044636265,0.0029571247,0.9965965
973,2,2,0.0,0.00053007406,0.0014548241,0.99801534
973,2,2,0.0,0.0010438584,0.0020323682,0.99692386
973,2,2,0.0,0.0010750976,0.0025110557,0.996414
973,2,2,0.0,0.0026090785,0.0045674113,0.99282354
973,2,2,5.587935447692871e-08,0.0022330044,0.0034372674,0.9943296
973,2,2,0.0,0.00026828234,0.0015731036,0.9981587
973,2,2,5.774199962615967e-08,0.0005315444,0.0035155849,0.9959528
973,2,2,0.0,0.00022630687,0.00051085936,0.9992629
973,2,2,0.0,0.0006472655,0.001444738,0.99790806
973,2,2,0.0,0.00083226385,0.0015534329,0.99761444
973,2,2,1.862645149230957e-09,0.0012601139,0.0021117288,0.9966282
973,2,2,0.0,0.00064878433,0.00069121306,0.9986601
973,2,2,0.0,0.00035818425,0.0014860561,0.9981558
973,2,2,5.587935447692871e-08,0.000981402,0.0064814426,0.99253714
973,2,2,0.0,0.0010474194,0.048736352,0.95021635
973,2,2,0.0,0.00068645994,0.17798929,0.82132435
973,2,2,0.0,0.0010181135,0.0020152507,0.9969668
973,2,2,0.0,0.00028140558,0.00066646765,0.99905217
973,2,2,0.0,0.00086848735,0.0007923679,0.99833924
973,2,2,0.0,0.00088909356,0.00075504294,0.998356
973,2,2,0.0,0.0016022803,0.0008765754,0.99752134
973,2,2,0.0,0.001321875,0.00086167693,0.99781656
973,2,2,0.0,0.0034796458,0.0015432702,0.9949771
973,2,2,0.0,0.017072955,0.009612944,0.9733142
973,2,2,0.0,0.0010440605,0.005713387,0.9932426
973,2,2,0.0,0.0010507585,0.017048413,0.98190093
973,2,1,0.0,0.0005358518,0.73607415,0.26339006
973,2,2,3.725290298461914e-09,0.0009739378,0.002674665,0.9963513
973,2,2,0.0,0.0007377448,0.0010876233,0.9981748
973,2,2,0.0,0.00055562437,0.0023876252,0.9970569
973,2,2,5.960464477539063e-08,0.00031153485,0.00037389618,0.99931455
973,2,2,0.0,0.0007547413,0.00023736601,0.9990081
973,2,2,0.0,0.00070525927,0.00030776003,0.9989872
973,2,2,9.313225746154785e-10,0.00018290694,0.0004613742,0.99935573
973,2,2,6.146728992462158e-08,0.00018295283,0.0018261597,0.9979908
973,2,2,0.0,0.0004192939,0.0026309667,0.9969498
973,2,2,5.960464477539063e-08,0.00022772321,0.00070815557,0.9990641
973,2,2,0.0,0.005818009,0.30437636,0.6898056
973,2,2,1.4901161193847656e-08,0.0010591968,0.029219871,0.96972096
973,2,2,0.0,0.00056701555,0.0010955238,0.9983377
973,2,2,0.0,0.00024981992,0.0028309103,0.99691933
973,2,2,0.0,0.00012958546,0.00073340116,0.9991371
973,2,2,0.0,0.00058722467,0.0013656872,0.998047
973,2,2,6.05359673500061e-08,0.00056804495,0.0013152319,0.9981167
973,2,2,1.862645149230957e-09,0.00015931654,0.0012608201,0.99858
973,2,2,0.0,0.00014535557,0.0006816367,0.9991731
973,2,2,5.960464477539063e-08,0.00029395276,0.0023789757,0.9973271
973,2,2,0.0,0.00031834986,0.0012328959,0.9984488
973,2,2,0.0,0.0028248746,0.35430118,0.64287406
973,2,2,0.0,0.0008200436,0.0054109953,0.99376905
973,2,2,0.0,0.0011661028,0.0047257473,0.99410826
973,2,2,0.0,0.019353839,0.0267853,0.95386094
973,2,2,0.0,0.00054093444,0.0021011312,0.99735796
973,2,2,0.0,0.0005480415,0.0017279858,0.99772406
973,2,2,0.0,0.00034762843,0.0013091507,0.99834347
973,2,2,0.0,0.00022187365,0.00048913463,0.9992891
973,2,2,0.0,0.00041423965,0.0015533115,0.9980325
973,2,2,0.0,0.000501417,0.0050324416,0.99446625
973,2,2,0.0,0.0004721501,0.0021693246,0.9973585
973,2,2,0.0,0.0008119915,0.0008662325,0.9983218
973,2,2,0.0,0.00069866225,0.00061661255,0.9986849
973,2,2,0.0,0.007989329,0.0022488704,0.98976177
973,2,2,0.0,0.00045025474,0.0006042792,0.9989456
973,2,2,0.0,0.0005641151,0.00048305216,0.9989529
973,2,2,0.0,0.0006086725,0.00078963034,0.99860185
973,2,2,0.0,0.0009922363,0.009003111,0.9900047
973,2,2,0.0,0.0008287093,0.0016734945,0.9974979
973,2,2,0.0,0.0006763341,0.00065253937,0.9986712
973,2,2,0.0,0.00054001715,0.0005726201,0.9988875
973,2,2,0.0,0.00049760984,0.0051395437,0.99436295
973,2,2,0.0,0.00057263474,0.0015530915,0.99787426
714,2,2,0.0,0.00050606,0.0034317074,0.99606234
714,2,2,0.0,0.00034422157,0.0017481406,0.99790776
714,2,2,0.0,0.0003749898,0.0045318156,0.99509335
714,2,2,3.725290298461914e-09,0.0003326017,0.0057070237,0.9939603
714,2,2,0.0,0.00045946595,0.003012639,0.99652785
714,2,2,0.0,0.0004347152,0.00977849,0.98978704
714,2,2,0.0,0.00024432718,0.0061158068,0.9936399
993,2,2,6.05359673500061e-08,8.31279e-05,0.0012438965,0.9986731
993,2,2,5.8673322200775146e-08,7.6123295e-05,0.0014091262,0.9985148
993,2,2,0.0,0.00025895462,0.0035838448,0.9961573
993,2,2,0.0,0.0030165259,0.014811826,0.98217165
993,2,2,0.0,5.0450886e-05,0.0014146912,0.99853486
993,2,2,4.656612873077393e-10,0.00015096307,0.0003276248,0.9995214
993,2,2,0.0,0.0002139235,0.00022276369,0.99956346
993,2,2,0.0,0.00044127138,0.0022286738,0.9973303
993,2,2,0.0,0.0007110473,0.00037538138,0.9989138
993,2,2,0.0,0.00020117154,0.000978501,0.9988205
993,2,2,5.960464477539063e-08,0.0023540712,0.0052097887,0.992436
993,2,2,0.0,0.0002485509,0.000640609,0.9991108
993,2,2,0.0,0.0003707138,0.00031414148,0.99931526
993,2,2,0.0,0.0005535147,0.00018480813,0.99926186
993,2,2,0.0,0.0006740855,0.0004871905,0.9988388
993,2,2,6.05359673500061e-08,0.0006522535,0.0005023393,0.9988453
993,2,2,6.146728992462158e-08,0.0021714296,0.0012090559,0.9966194
993,2,2,0.0,0.0011587581,0.0030154043,0.9958259
993,2,2,0.0,0.00012514324,0.0007994752,0.99907535
993,2,2,5.21540641784668e-08,0.004722098,0.002414633,0.99286324
993,2,2,6.007030606269836e-08,0.000558836,0.00028495034,0.9991562
993,2,2,0.0,0.0009095773,0.00019299635,0.99889755
993,2,2,9.313225746154785e-10,0.0009007805,0.00025972555,0.9988396
993,2,2,0.0,0.0013779411,0.0002299775,0.9983921
993,2,2,9.313225746154785e-10,0.0010939083,0.00029181404,0.9986143
993,2,2,0.0,0.0019625784,0.0011820358,0.9968554
993,2,2,0.0,0.0009911879,0.002859268,0.99614954
993,2,2,0.0,0.0029667288,0.002091163,0.9949421
993,2,2,0.0,0.0006654077,0.0004967779,0.9988379
993,2,2,0.0,0.00045912014,0.00028572016,0.9992553
993,2,2,0.0,0.0005452394,0.00022020159,0.9992346
993,2,2,0.0,0.0006675716,0.00016273154,0.99916977
993,2,2,0.0,0.000735279,0.00018619013,0.99907875
993,2,2,0.0,0.0010710935,0.0008651146,0.998064
993,2,2,0.0,0.0010765432,0.0018403342,0.9970832
993,2,2,0.0,0.0014552036,0.0026474174,0.9958974
993,2,0,0.0,0.73263943,0.023942094,0.24341848
993,2,2,0.0,0.0018657307,0.03027799,0.9678564
993,2,2,0.0,0.0006790825,0.012079074,0.98724186
993,2,2,0.0,0.0006206385,0.0031449248,0.99623454
993,2,2,0.0,0.00052631425,0.00075943075,0.9987144
993,2,2,0.0,0.00026228183,0.00015680635,0.9995809
993,2,2,0.0,0.00055249257,0.00018463285,0.9992629
993,2,2,0.0,0.0006806649,0.0002013414,0.99911803
993,2,2,0.0,0.0012125599,0.0007568824,0.9980306
993,2,2,1.862645149230957e-09,0.0012229094,0.0018454705,0.9969317
993,2,2,0.0,0.0016111784,0.0037365754,0.9946524
993,2,2,0.0,0.0007329473,0.01730773,0.98195946
993,2,2,0.0,0.00038311415,0.051442314,0.94817454
993,2,2,0.0,0.00024466903,0.00246866,0.9972868
993,2,2,0.0,0.00027665176,0.00069669617,0.9990268
993,2,2,5.9138983488082886e-08,0.00019221002,0.00032349795,0.99948424
993,2,2,0.0,0.0003265436,0.00029806205,0.99937546
993,2,2,0.0,0.00039048886,0.00024289769,0.9993667
993,2,2,0.0,0.0007426788,0.00029771234,0.99895966
993,2,2,0.0,0.0011364763,0.0013895838,0.99747396
993,2,2,0.0,0.0014552487,0.009062447,0.98948246
993,2,2,0.0,0.00023451362,0.002719434,0.9970461
993,2,2,0.0,0.00021022686,0.0004410429,0.9993488
993,2,2,0.0,0.00038204275,0.00044667034,0.9991714
993,2,2,0.0,0.0002553039,0.00028487455,0.99945986
993,2,2,0.0,0.00017666667,0.00034403778,0.9994794
993,2,2,6.984919309616089e-10,0.00015992789,0.00024239345,0.9995977
993,2,2,0.0,0.00028222075,0.00039046648,0.9993273
993,2,2,0.0,0.005691748,0.0077580404,0.98655033
993,2,2,0.0,0.00056557194,0.014865962,0.9845686
993,2,2,0.0,0.00091865234,0.0010492409,0.99803215
993,2,2,0.0,0.00069280656,0.00080648554,0.99850094
993,2,2,0.0,0.0004266322,0.0005195628,0.99905396
993,2,2,0.0,0.00016370502,0.0014376102,0.9983988
993,2,2,0.0,0.0002877426,0.0067158975,0.99299634
993,2,2,0.0,0.00064037845,0.0015723904,0.9977874
646,2,2,0.0,0.0001946975,0.0014193895,0.9983859
646,2,2,0.0,0.0002358607,0.00078253256,0.99898165
646,2,2,0.0,0.00085519603,0.001336614,0.9978082
646,2,2,0.0,0.00095636665,0.0034716774,0.9955721
646,2,2,0.0,0.0009631637,0.0024554126,0.99658155
646,2,2,0.0,0.0008700218,0.0017253403,0.9974047
646,2,2,1.862645149230957e-09,0.00035383864,0.0022525075,0.9973936
646,2,2,0.0,0.0010495983,0.0018932909,0.9970571
646,2,2,0.0,0.0009755683,0.0030047859,0.99601966
646,2,2,0.0,0.0010027216,0.002846376,0.99615103
646,2,2,0.0,0.000883584,0.0025258027,0.9965908
646,2,2,0.0,0.0005722196,0.0010760018,0.99835205
646,2,2,0.0,0.0011745676,0.0025735914,0.99625194
646,2,2,0.0,0.0010929421,0.0026401144,0.99626696
646,2,2,0.0,0.0011973684,0.0026427542,0.9961599
646,2,2,5.774199962615967e-08,0.0010250873,0.0018313753,0.9971434
646,2,2,0.0,0.0009931745,0.0030892363,0.99591774
646,2,2,5.774199962615967e-08,0.001059169,0.0031435438,0.99579734
646,2,2,1.862645149230957e-09,0.0012527095,0.0020638448,0.9966836
646,2,2,0.0,0.0026782372,0.00030733767,0.99701446
646,2,2,0.0,0.0010348657,0.0023622324,0.996603
646,2,2,0.0,0.0008879318,0.003430135,0.9956819
646,2,2,6.332993507385254e-08,0.0008975074,0.0024945734,0.99660796
646,2,2,0.0,0.00013849254,0.000582524,0.999279
646,2,2,0.0,0.00072440517,0.0021006956,0.99717486
646,2,2,0.0,0.0007937577,0.0026258095,0.99658054
646,2,2,0.0,0.0008488091,0.0017013525,0.99745005
646,2,2,0.0,0.00032578124,0.00086558337,0.9988088
646,2,2,0.0,0.00073799427,0.0014533569,0.9978088
646,2,2,5.587935447692871e-08,0.00078771537,0.0016817203,0.9975306
646,2,2,5.960464477539063e-08,0.00095510064,0.0011632456,0.99788153
642,2,2,5.960464477539063e-08,0.0010031089,0.47320914,0.5257878
642,2,2,0.0,0.0009312756,0.4682283,0.5308405
642,2,1,5.960464477539063e-08,0.0009479735,0.5114155,0.48763663
642,2,1,0.0,0.0004823142,0.88601345,0.113504216
642,2,1,0.0,0.0002982978,0.9540616,0.045640223
642,2,2,0.0,0.0023397333,0.01820899,0.97945136
642,2,2,0.0,0.0013175518,0.018095369,0.9805871
642,2,2,0.0,0.0012360775,0.02748434,0.9712797
642,2,2,0.0,0.002367816,0.026992721,0.97063965
642,2,2,2.9802322387695312e-08,0.0019281579,0.04403312,0.95403874
642,2,1,0.0,0.0017412538,0.52057517,0.47768357
642,2,2,0.0,0.006374546,0.46962747,0.523998
642,2,2,0.0,0.0029924605,0.017120672,0.979887
642,2,2,0.0,0.002933901,0.0065219724,0.9905443
642,2,2,0.0,0.002986096,0.00565253,0.9913615
642,2,2,0.0,0.0026247841,0.0055089137,0.99186623
642,2,2,0.0,0.0016914022,0.003190095,0.99511856
642,2,2,0.0,0.0016535434,0.0029937222,0.99535275
642,2,2,0.0,0.0017189606,0.0056015207,0.99267966
642,2,2,5.21540641784668e-08,0.0022421868,0.013929028,0.9838287
642,2,2,0.0,0.0049953647,0.015891429,0.9791133
642,2,2,0.0,0.003658767,0.020931179,0.9754099
642,2,2,0.0,0.0029610388,0.030539716,0.9664994
642,2,2,3.725290298461914e-09,0.0011327151,0.0055682007,0.99329907
642,2,2,0.0,0.0040968843,0.0076987827,0.9882044
642,2,2,0.0,0.0018383634,0.006685687,0.99147606
642,2,2,3.725290298461914e-09,0.0039887982,0.0051040845,0.99090713
642,2,2,0.0,0.0024915074,0.0055366037,0.991972
642,2,2,0.0,0.0024775492,0.0043065916,0.9932159
642,2,2,0.0,0.0027682902,0.0040632966,0.9931684
642,2,2,0.0,0.001796772,0.003828448,0.99437475
642,2,2,0.0,0.0018023058,0.023268396,0.9749293
642,2,2,0.0,0.0014361653,0.03630614,0.9622578
642,2,2,5.960464477539063e-08,0.00048482575,0.0027344853,0.9967806
642,2,2,5.960464477539063e-08,0.00050522626,0.004411689,0.99508303
642,2,2,0.0,0.00018171614,0.002179785,0.99763864
642,2,2,3.725290298461914e-09,0.00061078306,0.008626357,0.9907629
642,2,2,0.0,0.0016429215,0.0071010734,0.99125624
642,2,2,0.0,0.0047486746,0.006106156,0.98914534
642,2,2,0.0,0.0027137706,0.006718835,0.99056756
642,2,2,7.450580596923828e-09,0.009641571,0.010043189,0.9803153
642,2,2,0.0,0.017000224,0.0154376915,0.96756214
642,2,2,0.0,0.0017966701,0.006682516,0.991521
642,2,2,0.0,0.0016421766,0.011834616,0.9865232
642,2,2,0.0,0.0004807086,0.0045246985,0.99499464
642,2,2,0.0,0.0004953844,0.0010119318,0.9984928
642,2,2,0.0,0.00045416452,0.0010621549,0.9984838
642,2,2,0.0,0.00017541341,0.0006714178,0.9991532
642,2,2,0.0,0.0003985425,0.0068025673,0.9927989
642,2,2,0.0,0.0019784162,0.0052716504,0.99275005
642,2,2,0.0,0.0017944407,0.0048230253,0.9933826
642,2,2,5.960464477539063e-08,0.008331017,0.009242708,0.98242617
642,2,2,0.0,0.009452022,0.018284136,0.9722639
642,2,2,0.0,0.0031955272,0.0120998565,0.98470485
642,2,2,0.0,0.0019114768,0.012893466,0.9851951
642,2,2,0.0,0.0015193027,0.016588625,0.981892
642,2,2,0.0,0.0006635253,0.04105626,0.9582803
642,2,2,0.0,0.0016652414,0.009163896,0.98917097
642,2,2,0.0,0.0024515323,0.005102607,0.992446
642,2,2,0.0,0.00133531,0.0047847345,0.99388015
933,2,2,0.0,0.0008950295,0.0005615529,0.9985437
933,2,2,0.0,0.0030542896,0.013496499,0.9834494
933,2,2,0.0,0.00094651734,0.00091649045,0.99813706
933,2,2,0.0,0.0008018713,0.0010892955,0.99810904
933,2,2,0.0,0.2623445,0.07287645,0.66477907
933,2,2,0.0,0.0016042108,0.054736238,0.9436598
933,2,2,0.0,0.0003088055,0.0007597484,0.9989315
933,2,2,1.4901161193847656e-08,0.00031225078,0.04643668,0.953251
933,2,2,0.0,0.00030857645,0.0012417109,0.99844986
933,2,2,0.0,0.0003153256,0.0014794454,0.9982053
933,2,2,0.0,0.00018872257,0.0024737376,0.9973375
933,2,2,5.8673322200775146e-08,0.00029270316,0.0013645696,0.9983427
933,2,2,0.0,0.0003135545,0.001100021,0.9985866
933,2,2,0.0,0.00031005757,0.00028129504,0.99940884
933,2,2,0.0,0.00021473762,0.0005674756,0.9992179
933,2,2,0.0,0.00026858415,0.00036259502,0.99936885
933,2,2,0.0,0.00028658714,0.00035308796,0.99936026
933,2,2,0.0,0.00028639534,0.00045564867,0.99925804
933,2,2,0.0,0.00030127997,0.00034060876,0.99935824
933,2,2,0.0,0.00043914313,0.0009197534,0.99864113
933,2,2,0.0,0.0003130254,0.00024014042,0.999447
933,2,2,4.656612873077393e-10,0.000328908,0.00040309568,0.99926805
933,2,2,0.0,0.00038954854,0.0020058649,0.9976046
933,2,2,0.0,0.00043656654,0.0016253705,0.9979381
933,2,2,5.774199962615967e-08,0.00055113307,0.0021109509,0.99733794
933,2,2,0.0,0.0007303158,0.024247121,0.97502273
933,2,2,0.0,0.00035465872,0.002076289,0.9975691
933,2,2,4.656612873077393e-10,0.0004166841,0.00029272074,0.9992906
933,2,2,0.0,0.00052145723,0.00051093707,0.9989677
933,2,2,0.0,0.0033001478,0.01652128,0.9801788
933,2,2,0.0,0.10818942,0.30336565,0.58844495
933,2,2,0.0,0.00059164496,0.015057567,0.98435074
933,2,2,0.0,0.00047804677,0.0002832432,0.9992389
933,2,2,0.0,0.0022158627,0.0014991418,0.9962851
933,2,2,0.0,0.10156077,0.040569704,0.8578696
933,2,2,0.0,0.009237668,0.28099754,0.7097648
933,2,2,0.0,0.0009929874,0.3713348,0.62767226
1013,2,2,5.960464477539063e-08,0.00078365055,0.0013538265,0.99786246
1013,2,2,0.0,0.002214572,0.0024580825,0.9953274
1013,2,2,0.0,0.0011262613,0.0013831652,0.9974908
1013,2,2,0.0,0.0025687376,0.001545164,0.9958862
1013,2,2,0.0,0.0011012685,0.0018531404,0.9970457
1013,2,2,7.450580596923828e-09,0.0035271791,0.003942728,0.99253005
1013,2,0,0.0,0.69806206,0.14227815,0.1596599
666,2,2,0.0,0.0020408013,0.0005742566,0.997385
539,2,2,0.0,0.0010164031,0.0044961264,0.9944877
539,2,2,0.0,0.00083414227,0.004329089,0.99483687
539,2,2,0.0,0.00076653465,0.0030120227,0.9962216
539,2,2,0.0,0.0006296001,0.0029642445,0.9964063
539,2,2,5.960464477539063e-08,0.00034484075,0.011984023,0.9876711
539,2,2,0.0,0.0025715944,0.1401731,0.8572554
539,2,2,0.0,0.0011049951,0.023846045,0.9750491
539,2,2,7.450580596923828e-08,0.0010573629,0.028618433,0.97032416
540,2,2,0.0,0.0004888422,0.0004918716,0.99901927
540,2,2,0.0,0.014525125,0.0026739826,0.98280096
540,2,2,0.0,0.00015454512,0.001976845,0.99786866
540,2,2,0.0,0.0011625824,0.0039240248,0.9949135
540,2,2,0.0,0.0012455678,0.001964804,0.99678963
540,2,2,0.0,0.001815315,0.00059408916,0.99759054
540,2,2,0.0,0.0022972682,0.005569666,0.99213314
540,2,2,6.332993507385254e-08,0.0014559837,0.0050106565,0.99353325
540,2,2,0.0,0.0010425074,0.0041258596,0.9948316
540,2,2,6.146728992462158e-08,0.000974183,0.003400092,0.99562573
540,2,2,0.0,0.0007445723,0.0017987746,0.9974567
540,2,2,5.960464477539063e-08,0.001975345,0.00031711507,0.99770755
540,2,2,0.0,0.0022440585,0.0020283803,0.99572766
540,2,2,0.0,0.0006789465,0.0027873602,0.9965338
540,2,2,0.0,0.00070197927,0.00020038495,0.9990979
540,2,2,0.0,0.0024501414,0.0005421217,0.9970078
656,2,2,0.0,6.32338e-05,0.0019970152,0.9979398
656,2,2,0.0,4.1144038e-05,0.0013370755,0.9986219
656,2,2,0.0,0.00037913187,0.003745491,0.9958755
656,2,2,0.0,4.5681143e-05,0.0027068912,0.99724746
656,2,2,0.0,4.521715e-05,0.0094009545,0.99055386
656,2,2,0.0,0.00017556705,0.0033164753,0.996508
956,2,2,1.1920928955078125e-07,0.33352602,0.15764855,0.5088254
956,2,0,0.0,0.67948115,0.015974438,0.30454442
956,2,2,0.0,0.19987164,0.015903285,0.78422517
956,2,2,0.0,0.2551956,0.01850686,0.7262977
956,2,2,0.0,0.20129852,0.012203086,0.78649855
956,2,2,0.0,0.14483441,0.0110714715,0.8440943
956,2,2,0.0,0.20699483,0.013496248,0.77950907
956,2,2,0.0,0.15004039,0.009121017,0.84083885
956,2,2,0.0,0.019747425,0.0052907383,0.9749619
956,2,2,0.0,0.001944533,0.0049269698,0.9931287
956,2,2,0.0,0.0007119854,0.002127652,0.99716055
956,2,2,0.0,0.0011530687,0.006393392,0.99245363
956,2,2,0.0,0.0022644107,0.0061774678,0.9915582
956,2,2,0.0,0.006718364,0.010983894,0.98229784
956,2,2,0.0,0.016916016,0.01701359,0.96607035
956,2,2,0.0,0.041556474,0.032303967,0.9261398
956,2,2,0.0,0.032920096,0.04252329,0.9245567
956,2,2,0.0,0.28418013,0.017580757,0.69823897
956,2,2,5.960464477539063e-08,0.09997852,0.015350011,0.8846714
956,2,2,0.0,0.029018862,0.008166164,0.9628153
956,2,2,0.0,0.007468349,0.006030823,0.98650086
956,2,2,0.0,0.0012398554,0.0032688717,0.9954914
956,2,2,0.0,0.00048428556,0.00035725668,0.9991585
956,2,2,0.0,0.00095358206,0.00836198,0.99068457
956,2,2,0.0,0.0008786787,0.007282717,0.9918388
956,2,2,0.0,0.0016189073,0.006252423,0.9921288
956,2,2,0.0,0.0061101667,0.013381906,0.98050797
956,2,2,1.4901161193847656e-08,0.016510546,0.017887603,0.965602
956,2,2,0.0,0.02389519,0.023466386,0.9526385
956,2,2,0.0,0.016244005,0.026308175,0.95744795
956,2,2,0.0,0.002599327,0.0067400774,0.99066067
956,2,2,0.0,0.0020465322,0.005324706,0.992629
956,2,2,0.0,0.0032555747,0.0014142327,0.99533033
956,2,2,7.450580596923828e-09,0.015300852,0.00742318,0.977276
956,2,2,0.0,0.00022339427,0.00025060712,0.999526
956,2,2,0.0,0.0001674552,0.00019022306,0.9996425
956,2,2,0.0,0.0002569262,0.000702141,0.999041
956,2,2,5.960464477539063e-08,0.0011001074,0.0025502867,0.9963495
956,2,2,0.0,7.105765e-05,0.00029152058,0.9996376
956,2,2,0.0,0.00019964276,0.0005225151,0.999278
956,2,2,1.1920928955078125e-07,0.022334082,0.08416785,0.89349806
956,2,2,4.470348358154297e-08,0.008206896,0.015497367,0.97629565
956,2,2,0.0,0.0032980947,0.011342879,0.9853592
956,2,2,0.0,0.0040625953,0.026238482,0.9696991
956,2,0,0.0,0.6853698,0.041730948,0.27289942
956,2,2,0.0,0.0016350406,0.0007342917,0.9976307
956,2,2,0.0,0.0015133541,0.00080022693,0.9976865
956,2,2,0.0,0.00032946744,0.00023358974,0.999437
956,2,2,0.0,0.0007376625,0.00022940926,0.9990331
956,2,2,0.0,0.00076686364,0.0011345882,0.99809855
956,2,2,0.0,0.0018152813,0.0012410231,0.99694383
956,2,2,0.0,0.052373756,0.05103545,0.8965909
956,2,2,0.0,0.037653204,0.29788482,0.6644621
956,2,2,0.0,0.017926328,0.26816106,0.7139126
956,2,2,0.0,0.040234447,0.08035986,0.879406
956,2,2,0.0,0.22947371,0.13789812,0.6326282
956,2,2,7.450580596923828e-09,0.010324097,0.0021533144,0.9875226
956,2,2,0.0,0.0061216448,0.002118664,0.9917598
956,2,2,0.0,0.0010144131,0.00079213065,0.9981935
956,2,2,0.0,0.0004242431,0.0006037596,0.99897206
956,2,2,0.0,0.063409545,0.068709,0.8678815
956,2,2,0.0,0.106502645,0.2585257,0.63497174
956,2,1,0.0,0.01406407,0.66957825,0.31635782
956,2,1,0.0,0.010194674,0.68015236,0.3096531
956,2,2,0.0,0.0027486864,0.05339827,0.9438534
956,2,2,5.8673322200775146e-08,0.00036640884,0.0015289385,0.99810463
664,2,2,0.0,0.000659164,0.19283654,0.80650437
664,2,2,0.0,0.00012857249,0.0029679951,0.9969034
664,2,2,0.0,0.005278678,0.25419128,0.7405301
664,2,2,0.0,0.00011585066,0.0052293916,0.9946548
664,2,2,0.0,0.0005788952,0.29665628,0.70276487
664,2,2,0.0,0.00027217832,0.009686274,0.9900417
664,2,2,0.0,7.8181234e-05,0.0043177176,0.99560416
664,2,2,0.0,0.00020339503,0.008169443,0.9916271
664,2,2,0.0,0.00025301214,0.0075666914,0.9921804
664,2,2,0.0,0.0014368928,0.058039952,0.9405232
664,2,1,0.0,0.00054494257,0.8466329,0.1528224
664,2,2,0.0,0.0003206809,0.015150582,0.98452896
664,2,2,0.0,0.0010816858,0.0029758362,0.9959426
560,2,0,0.0,0.8453207,0.038808696,0.11587065
560,2,2,3.725290298461914e-09,0.0015561049,0.0031735455,0.99527025
560,2,2,1.862645149230957e-09,0.0010499121,0.0020224503,0.99692774
560,2,2,0.0,0.0008662213,0.001884608,0.9972493
560,2,2,0.0,0.0008282562,0.0029804003,0.99619144
560,2,2,0.0,0.0016954477,0.004961437,0.9933433
560,2,2,0.0,0.0009547054,0.0029788062,0.9960666
560,2,2,1.862645149230957e-09,0.0010745861,0.0021353106,0.9967902
602,2,2,0.0,0.0004274598,0.010891028,0.98868173
602,2,2,5.21540641784668e-08,9.7068354e-05,0.0051499107,0.99475306
602,2,2,2.9802322387695312e-08,0.00027993502,0.09819581,0.9015241
602,2,2,0.0,0.002063283,0.00094001973,0.99699694
602,2,2,5.960464477539063e-08,0.00057305186,0.0022448292,0.9971821
602,2,2,0.0,0.004791502,0.008087877,0.98712075
602,2,2,0.0,0.0021265435,0.0027605656,0.99511296
602,2,2,0.0,0.0030370916,0.0030151585,0.9939479
1002,2,1,5.21540641784668e-08,0.00014371407,0.99356854,0.0062875887
1002,2,1,0.0,0.00017822064,0.9640283,0.035793647
1002,2,2,0.0,0.0006742115,0.037653185,0.9616728
1002,2,2,0.0,0.00021514186,0.006687795,0.99309725
1002,2,2,0.0,0.00027721908,0.0005867592,0.9991362
1002,2,2,0.0,0.00031857187,0.00047329091,0.99920845
1002,2,2,0.0,0.0008513247,0.002384749,0.9967638
1002,2,2,0.0,0.00029708212,0.0013048492,0.99839824
1002,2,2,0.0,0.00025982934,0.001029654,0.9987107
1002,2,2,6.05359673500061e-08,0.00029217746,0.0011529819,0.9985548
1002,2,2,0.0,0.00018261028,0.0054291254,0.99438834
650,2,2,0.0,0.0033544058,0.0089808805,0.9876649
650,2,2,0.0,0.015006074,0.06662,0.91837406
650,2,2,0.0,0.015103451,0.049604155,0.9352924
650,2,2,0.0,0.003321229,0.011091989,0.9855868
650,2,2,0.0,0.0026142343,0.06472747,0.9326583
650,2,2,0.0,0.017670047,0.22170502,0.760625
650,2,2,0.0,0.01730358,0.31354013,0.6691564
650,2,2,0.0,0.007678175,0.39537594,0.596946
650,2,2,0.0,0.0054803,0.009943999,0.98457575
650,2,2,0.0,0.0056544603,0.025793947,0.96855164
650,2,2,0.0,0.09810461,0.37361407,0.5282813
650,2,0,0.0,0.81690556,0.122329414,0.06076504
650,2,0,0.0,0.7882266,0.14643514,0.065338425
650,2,1,0.0,0.02812144,0.5538601,0.41801858
650,2,1,0.0,0.027989462,0.5025714,0.46943924
650,2,2,0.0,0.029828593,0.07565848,0.8945131
650,2,2,0.0,0.015860451,0.011169996,0.9729696
650,2,2,0.0,0.039119244,0.045706466,0.9151745
650,2,2,0.0,0.06925953,0.38497117,0.5457694
650,2,1,0.0,0.40702537,0.41339144,0.17958322
650,2,0,0.0,0.5728468,0.30494112,0.12221226
650,2,1,0.0,0.09491057,0.49000427,0.41508532
650,2,1,0.0,0.05796255,0.628121,0.31391647
650,2,2,0.0,0.03527371,0.014870018,0.94985634
650,2,2,0.0,0.0388373,0.046064157,0.91509867
650,2,2,0.0,0.08836515,0.21297982,0.69865507
650,2,0,0.0,0.43302634,0.21578954,0.35118422
650,2,0,0.0,0.40394145,0.23100638,0.36505222
650,2,1,0.0,0.312291,0.35330543,0.33440354
650,2,2,0.0,0.010713148,0.10895642,0.8803305
650,2,2,0.0,0.0020089126,0.010057964,0.98793316
650,2,2,0.0,0.036396265,0.03116413,0.9324398
650,2,2,0.0,0.06752915,0.025716344,0.9067546
650,2,2,0.0,0.008300199,0.012232232,0.9794676
650,2,2,0.0,0.006710869,0.013821619,0.9794675
650,2,2,5.774199962615967e-08,0.0001623239,0.0012640472,0.9985735
650,2,2,0.0,0.0002918494,0.000768482,0.9989397
650,2,2,0.0,0.0009101469,0.0042811413,0.9948087
650,2,2,0.0,0.0014834953,0.018036325,0.98048025
650,2,2,0.0,0.033238586,0.026912434,0.93984914
650,2,2,0.0,0.00020512404,0.0003616284,0.9994333
650,2,2,0.0,0.0002765112,0.0003630036,0.9993605
650,2,2,0.0,0.00042141997,0.00058247347,0.9989962
650,2,2,0.0,0.0013491678,0.0033959942,0.99525493
650,2,2,0.0,0.006521966,0.26149118,0.731987
650,2,2,1.4901161193847656e-08,0.020495633,0.0342323,0.9452721
650,2,2,0.0,0.025772389,0.06397199,0.9102557
650,2,2,8.940696716308594e-08,0.017766802,0.11890178,0.8633314
946,2,2,0.0,0.0012378801,0.0012467913,0.9975153
946,2,2,0.0,0.0005190468,0.00068495946,0.99879605
946,2,2,0.0,0.0004252805,0.00038909557,0.99918574
946,2,2,0.0,0.00019236295,0.0003795776,0.99942815
946,2,2,0.0,0.00015620307,0.0028701702,0.9969737
946,2,2,0.0,0.00059213716,0.031839073,0.96756876
946,2,2,0.0,0.0018017457,0.20916362,0.7890348
946,2,2,0.0,0.0011009618,0.0014770073,0.9974223
946,2,2,0.0,0.00029532312,0.0015823897,0.9981224
946,2,2,0.0,0.0002623429,0.0011739007,0.9985639
946,2,2,0.0,0.00012178885,0.0016545365,0.9982238
946,2,2,9.313225746154785e-10,0.00022139869,0.000868118,0.9989106
946,2,2,1.862645149230957e-09,0.0005340338,0.0012598129,0.9982062
946,2,2,0.0,0.00047119244,0.0011320947,0.9983968
946,2,2,0.0,0.00046518573,0.00108409,0.99845076
946,2,2,0.0,0.00042569684,0.0014056339,0.9981689
946,2,2,0.0,0.00040244384,0.0021394168,0.99745846
946,2,2,0.0,0.00053386093,0.002324219,0.997142
946,2,2,3.725290298461914e-09,0.0013993883,0.0026373966,0.9959632
946,2,2,0.0,0.0017611425,0.01130229,0.9869367
946,2,2,0.0,0.00033112525,0.0015131601,0.9981557
946,2,2,0.0,0.00037413478,0.0027249209,0.9969011
946,2,2,0.0,0.00035660175,0.0018696199,0.9977739
946,2,2,0.0,0.00015281222,0.00092123833,0.9989261
946,2,2,0.0,0.0005384269,0.0008168478,0.9986448
946,2,2,0.0,0.0008702164,0.0013247107,0.99780506
946,2,2,0.0,0.0011483028,0.0008290093,0.9980227
946,2,2,0.0,0.0008089477,0.00063897745,0.9985521
946,2,2,0.0,0.00064409344,0.0008376874,0.99851835
946,2,2,0.0,0.0004988664,0.0009951323,0.99850607
946,2,2,0.0,0.0004149492,0.0011740882,0.9984111
946,2,2,0.0,0.0020957908,0.0046274774,0.99327666
946,2,2,0.0,0.0032089828,0.0010438823,0.99574715
946,2,2,0.0,0.012979561,0.008715768,0.97830486
946,2,2,0.0,0.00076006365,0.008107871,0.9911322
946,2,2,0.0,0.00023073408,0.0017988139,0.9979706
946,2,2,5.587935447692871e-08,0.00023679715,0.0010767132,0.99868643
946,2,2,5.960464477539063e-08,0.00022354005,0.00080238347,0.998974
946,2,2,0.0,0.0001235609,0.0010827596,0.9987936
946,2,2,0.0,0.00040683837,0.00033773758,0.9992556
946,2,2,0.0,0.00091912644,0.00088936446,0.9981916
946,2,2,0.0,0.0013143774,0.000662169,0.9980235
946,2,2,0.0,0.000987673,0.00040542777,0.99860686
946,2,2,6.146728992462158e-08,0.0009039327,0.0009907442,0.9981052
946,2,2,0.0,0.00066877494,0.0014273956,0.9979039
946,2,2,1.862645149230957e-09,0.00040959346,0.0017456773,0.9978448
946,2,2,0.0,0.0006054961,0.00027360034,0.9991209
946,2,2,0.0,0.0030401559,0.0012084875,0.9957515
946,2,2,0.0,0.00043284637,0.006470758,0.9930965
946,2,2,0.0,0.0003543234,0.0013092175,0.9983366
946,2,2,0.0,0.00015463993,0.0007627067,0.9990827
946,2,2,5.960464477539063e-08,0.00011439564,0.00024353554,0.99964195
946,2,2,0.0,0.00015303872,0.0011568611,0.99869025
946,2,2,0.0,0.000107606174,0.00034141922,0.99955106
946,2,2,0.0,0.00031760236,0.0008991446,0.9987833
946,2,2,0.0,0.001025589,0.0014924394,0.9974821
946,2,2,0.0,0.0005640586,0.002259654,0.9971763
946,2,2,0.0,0.0030581923,0.0078666555,0.98907524
946,2,2,0.0,0.009835584,0.0072320784,0.9829325
946,2,2,1.4901161193847656e-08,0.0004951371,0.014018186,0.9854866
946,2,2,0.0,0.00030416812,0.002191261,0.99750465
946,2,2,0.0,0.0004016193,0.0020313724,0.9975672
946,2,2,0.0,0.00025627672,0.00037339746,0.9993705
946,2,2,0.0,0.00086258835,0.0016982004,0.9974394
946,2,2,0.0,0.0016295307,0.006915589,0.9914551
946,2,2,1.4901161193847656e-07,0.1458806,0.015697895,0.8384215
1020,2,2,5.960464477539063e-08,0.0007846156,0.0032892998,0.99592614
1020,2,2,0.0,0.0008065374,0.0066011418,0.9925924
1020,2,2,3.725290298461914e-09,0.0004920543,0.0070255455,0.99248236
1020,2,2,0.0,7.938674e-05,0.002557485,0.99736327
1020,2,2,0.0,0.00065424334,0.0018917685,0.99745405
1020,2,2,0.0,0.0012056252,0.002967889,0.9958265
1020,2,2,0.0,0.001353729,0.003009525,0.9956369
1020,2,2,0.0,0.00067484,0.003130169,0.996195
1020,2,2,0.0,0.00033258865,0.0055204257,0.9941472
1020,2,2,5.960464477539063e-08,0.00260079,0.0027620113,0.9946372
1020,2,2,0.0,0.00041880616,0.0023961244,0.9971851
1020,2,2,0.0,0.0021171523,0.0018926203,0.9959904
1020,2,2,0.0,0.00043334634,0.0059450916,0.99362177
639,2,2,0.0,0.00035378398,0.0002013802,0.999445
639,2,2,0.0,0.0009037525,0.000783834,0.99831253
639,2,2,0.0,0.0010704563,0.0008797486,0.9980499
639,2,2,5.960464477539063e-08,0.00046031526,0.00043976965,0.99909997
639,2,2,5.9138983488082886e-08,8.124128e-05,0.00026275677,0.99965596
639,2,2,0.0,0.00096151535,0.00041889842,0.9986197
639,2,2,0.0,0.0011229023,0.0013148832,0.99756235
639,2,2,3.725290298461914e-09,0.0012686793,0.0014936221,0.9972377
639,2,2,5.960464477539063e-08,0.001243479,0.0011910623,0.99756545
639,2,2,5.960464477539063e-08,0.0009950863,0.0009510999,0.9980538
639,2,2,0.0,0.00011195164,0.00022936989,0.99965876
639,2,2,0.0,0.0009653546,0.0020568713,0.9969778
639,2,2,0.0,0.0010567545,0.0014904069,0.9974529
639,2,2,0.0,0.0013798452,0.0010677993,0.9975525
595,2,2,0.0,0.00025610471,0.0076152016,0.9921288
595,2,2,0.0,0.00017234772,0.00088654505,0.9989412
595,2,2,0.0,0.00039714458,0.0016869103,0.99791616
595,2,2,0.0,0.00044232592,0.001175139,0.9983826
595,2,2,0.0,0.00058787887,0.001171551,0.9982406
595,2,2,0.0,0.00057045504,0.001472428,0.9979572
595,2,2,3.725290298461914e-09,0.00040541636,0.0066454266,0.99294907
595,2,2,0.0,0.00042419208,0.008925751,0.9906502
595,2,2,0.0,0.00026633547,0.0032385061,0.99649525
595,2,2,4.656612873077393e-10,0.00016497419,0.0005330099,0.999302
595,2,2,0.0,0.00048464825,0.0008050132,0.9987103
595,2,2,0.0,0.00092197524,0.00163852,0.9974395
595,2,2,0.0,0.00093472353,0.0020201777,0.9970452
595,2,2,0.0,0.00050851743,0.0053170053,0.9941745
595,2,2,4.470348358154297e-08,0.00029169134,0.014558214,0.98515
595,2,2,0.0,0.00033983606,0.008113715,0.9915466
595,2,2,0.0,0.00010283386,0.00025938323,0.9996378
595,2,2,0.0,0.00024739167,0.000357887,0.9993949
595,2,2,0.0,0.00033705207,0.0005755952,0.99908733
595,2,2,0.0,0.00019363404,0.001218169,0.9985882
595,2,2,0.0,0.0002333967,0.0030391878,0.9967276
595,2,2,5.21540641784668e-08,0.0002968363,0.022940174,0.9767629
595,2,2,0.0,0.00025713135,0.008755587,0.99098724
595,2,2,0.0,6.205725e-05,0.0009284667,0.99900955
595,2,2,5.960464477539063e-08,0.00015757763,0.00047689085,0.99936545
595,2,2,5.9138983488082886e-08,4.147393e-05,0.0007116904,0.99924684
595,2,2,0.0,7.3807125e-05,0.00068591547,0.9992404
595,2,2,0.0,6.075344e-05,0.00045519762,0.99948406
595,2,2,5.587935447692871e-08,0.00066654966,0.0070575275,0.9922758
595,2,1,0.0,0.00033714948,0.9842056,0.015457337
595,2,2,0.0,0.00045170524,0.013691256,0.9858571
595,2,2,0.0,8.096662e-05,0.0004937628,0.99942535
595,2,2,0.0,6.0352962e-05,0.00086321664,0.9990764
595,2,2,0.0,4.8534712e-05,0.0014839828,0.99846745
595,2,2,0.0,8.69989e-05,0.00078949257,0.9991237
595,2,2,0.0,0.00015086477,0.00017133869,0.99967784
595,2,2,0.0,0.0006265035,0.0024144247,0.9969592
595,2,2,0.0,0.0018807899,0.011449994,0.9866695
595,2,2,1.862645149230957e-09,0.00032039356,0.0029389348,0.99674076
595,2,2,6.007030606269836e-08,0.00018818179,0.0002865858,0.99952525
595,2,2,0.0,6.9336835e-05,0.0008782665,0.99905246
595,2,2,0.0,8.279071e-05,0.005088546,0.9948287
595,2,2,0.0,8.415922e-05,0.00420888,0.995707
595,2,2,0.0,7.674098e-05,0.00033524548,0.99958813
595,2,2,0.0,0.00013616259,0.00046691785,0.9993969
595,2,2,0.0,0.00036906468,0.0039199344,0.99571127
595,2,2,0.0,0.0012475181,0.011143147,0.9876094
595,2,2,0.0,0.003366544,0.011686607,0.9849468
595,2,2,0.0,0.0031205788,0.03754449,0.95933497
595,2,2,0.0,0.0024984006,0.03023093,0.96727085
595,2,2,0.0,0.0010365329,0.0037348974,0.99522865
595,2,2,0.0,0.00011554976,0.00020352115,0.999681
595,2,2,0.0,4.774353e-05,0.0026130753,0.99733937
595,2,2,0.0,0.00015048169,0.14167461,0.8581749
595,2,2,0.0,0.000108408785,0.058785398,0.94110626
595,2,2,0.0,6.779004e-05,0.00062501634,0.99930716
595,2,2,0.0,0.00014047936,0.007402813,0.99245685
595,2,2,0.0,0.00076027575,0.034715485,0.9645243
595,2,2,0.0,0.00025749824,0.028731579,0.9710111
595,2,2,0.0,0.00032010922,0.014934006,0.984746
595,2,2,0.0,0.00024267586,0.0011119951,0.9986454
595,2,2,0.0,0.0014440416,0.005040662,0.99351543
595,2,2,0.0,0.00039761965,0.0080597615,0.9915427
595,2,2,0.0,0.00032240213,0.06371556,0.9359622
595,2,2,0.0,6.4739026e-05,0.0012001012,0.9987352
595,2,2,0.0,0.007477988,0.015425396,0.97709674
595,2,2,0.0,0.0035319286,0.06685994,0.92960835
552,2,2,0.0,3.105833e-05,0.00073631824,0.99923277
552,2,2,0.0,0.000455562,0.011485159,0.9880592
552,2,2,0.0,0.0003905788,0.01196166,0.98764807
552,2,2,0.0,0.00012951306,0.002948155,0.99692243
552,2,2,0.0,0.00013697622,0.00069187884,0.99917126
552,2,2,0.0,0.00013588692,0.00064388866,0.9992203
552,2,2,0.0,0.00023461673,0.0021841277,0.9975814
552,2,2,3.725290298461914e-09,0.0027602285,0.004964007,0.9922758
552,2,1,0.0,0.0004327211,0.7961921,0.20337534
552,2,2,0.0,0.0004496422,0.0009502694,0.9986001
552,2,2,0.0,0.00047530196,0.00091777975,0.99860686
552,2,2,0.0,0.00026674574,0.00073761673,0.9989958
552,2,2,0.0,0.003573787,0.0072596013,0.9891667
552,2,2,0.0,0.00010490798,0.01512482,0.98477036
552,2,2,0.0,0.00061943935,0.0011700235,0.9982109
552,2,2,0.0,0.00070278783,0.0009635394,0.9983339
552,2,2,0.0,0.0008539686,0.020411149,0.978735
552,2,1,0.0,0.0005928652,0.82223237,0.17717484
552,2,2,0.0,0.00087052846,0.23674978,0.76237977
552,2,2,0.0,0.0005158382,0.08542613,0.9140582
552,2,2,0.0,0.004425867,0.0036521242,0.99192196
552,2,2,0.0,0.0003886068,0.05713468,0.94247675
552,2,2,0.0,0.00092901057,0.030387387,0.96868366
552,2,2,0.0,0.0005310995,0.02569125,0.9737778
552,2,2,0.0,0.0015111794,0.003601126,0.99488777
572,2,2,0.0,0.03355945,0.0009533652,0.9654875
572,2,2,0.0,0.0006012455,0.0012061307,0.9981927
572,2,2,0.0,0.0004850461,0.0017150037,0.9978
572,2,2,0.0,0.00025361514,0.010836826,0.9889097
572,2,2,0.0,0.0006785433,0.00024520513,0.9990764
572,2,2,0.0,0.0011977886,0.0023970376,0.99640524
572,2,2,0.0,0.00091772544,0.0023550738,0.99672717
572,2,2,0.0,0.00043858102,0.0021606293,0.9974008
572,2,2,0.0,5.3243475e-05,0.029797176,0.97014964
572,2,2,0.0,0.00024856348,0.003183898,0.9965677
572,2,2,0.0,0.003237881,0.012001613,0.98476046
572,2,2,0.0,0.0018021864,0.0059599965,0.992238
572,2,2,5.774199962615967e-08,0.0005105625,0.0016002386,0.99788916
572,2,2,0.0,0.00057076797,0.0017588295,0.9976706
572,2,2,6.146728992462158e-08,0.00029067526,0.0023326974,0.9973766
572,2,2,0.0,0.00038272396,0.018933384,0.98068386
572,2,2,0.0,0.00078187685,0.0033763216,0.9958419
572,2,2,7.450580596923828e-09,0.0021577599,0.010029062,0.9878132
572,2,1,0.0,0.0007125662,0.834984,0.16430342
572,2,1,5.960464477539063e-08,0.00043773465,0.74417555,0.2553867
572,2,1,5.960464477539063e-08,0.0003567696,0.52070564,0.4789377
572,2,2,0.0,0.0010125893,0.009807414,0.98918015
572,2,2,0.0,0.00178377,0.019666478,0.9785499
611,2,2,0.0,0.0007709966,0.014619808,0.9846091
611,2,2,0.0,0.00019099507,0.00076864654,0.99904037
611,2,2,0.0,0.0011045785,0.009843274,0.98905224
611,2,2,0.0,0.0015366739,0.0023171052,0.9961464
611,2,2,0.0,0.00089793635,0.058638263,0.94046396
611,2,2,5.960464477539063e-08,0.0007543574,0.017480664,0.981765
611,2,2,0.0,0.0021869363,0.0045116814,0.99330145
611,2,2,0.0,0.0017287085,0.003664541,0.9946069
611,2,2,0.0,0.00467057,0.0048335125,0.99049616
611,2,2,0.0,0.0047606113,0.008128655,0.98711103
611,2,2,7.450580596923828e-09,0.0029927131,0.0074886857,0.9895186
611,2,2,0.0,0.008688842,0.010159414,0.98115194
611,2,2,0.0,0.001366134,0.004548429,0.99408543
611,2,2,0.0,0.0017361741,0.0069623487,0.99130154
611,2,2,5.960464477539063e-08,0.003836941,0.007844988,0.98831815
611,2,2,7.450580596923828e-08,0.01661767,0.0072044497,0.9761778
611,2,2,0.0,0.009099409,0.0046515893,0.9862491
611,2,2,0.0,0.08277704,0.013262018,0.9039611
611,2,2,0.0,0.0005951107,0.0041797603,0.9952251
611,2,2,0.0,0.0004895691,0.0039894357,0.99552107
611,2,2,0.0,0.0012263816,0.00433927,0.99443454
611,2,2,0.0,0.0025934363,0.0043717683,0.9930349
611,2,2,0.0,0.022108136,0.0078000594,0.9700918
611,2,2,0.0,0.07561101,0.036976065,0.887413
611,2,2,0.0,0.0002412222,0.0016510829,0.99810797
611,2,2,1.862645149230957e-09,0.00012667371,0.0013475675,0.9985258
611,2,2,0.0,0.0003936643,0.00853286,0.9910736
611,2,2,5.587935447692871e-08,0.00064886815,0.007286927,0.9920641
611,2,2,4.470348358154297e-08,0.0064032627,0.006211711,0.987385
611,2,2,0.0,0.05917357,0.027264157,0.91356236
611,2,2,0.0,0.00024870766,0.0004212432,0.99933004
611,2,2,0.0,0.00028516428,0.002492974,0.99722195
611,2,2,0.0,0.00033098663,0.0038674586,0.9958017
611,2,2,0.0,0.0014016844,0.0041105035,0.99448794
611,2,2,0.0,0.007863075,0.008082456,0.98405457
611,2,2,0.0,0.035709474,0.018514492,0.9457761
611,2,2,0.0,0.00056016864,0.0008321397,0.9986078
611,2,2,0.0,0.00022942261,0.000250896,0.99951977
611,2,2,0.0,0.00017006969,0.00023304082,0.9995971
611,2,2,0.0,0.00039030213,0.0042465823,0.99536324
611,2,2,5.21540641784668e-08,0.0018607279,0.004585587,0.9935537
611,2,2,0.0,0.0059537245,0.005343194,0.98870313
611,2,2,0.0,0.017338559,0.015385008,0.9672765
611,2,2,0.0,0.0002728936,0.00024504474,0.99948215
611,2,2,0.0,0.00026875452,0.0003209875,0.99941033
611,2,2,0.0,0.00019312027,0.00024636422,0.99956053
611,2,2,9.313225746154785e-10,0.0002654376,0.0016035829,0.998131
611,2,2,0.0,0.00075994554,0.0039726584,0.9952675
611,2,2,3.725290298461914e-09,0.003375251,0.00613833,0.9904863
611,2,2,0.0,0.00038217177,0.00017767418,0.9994402
611,2,2,5.9138983488082886e-08,0.00036387827,0.00023486925,0.99940133
611,2,2,0.0,0.0003148247,0.00037561147,0.9993096
611,2,2,4.656612873077393e-10,0.0002962136,0.00032076135,0.9993831
611,2,2,5.960464477539063e-08,0.00017314688,0.0009668859,0.99886
611,2,2,0.0,0.0004876693,0.005456977,0.9940554
611,2,2,0.0,0.00015156723,0.004274922,0.9955735
611,2,2,0.0,7.715861e-05,0.0004857926,0.9994371
611,2,2,0.0,0.00057122536,0.00052132277,0.9989075
611,2,2,9.313225746154785e-10,0.00051356724,0.00032618287,0.9991603
611,2,2,4.656612873077393e-10,0.00035414312,0.00021796352,0.999428
611,2,2,0.0,0.000115995266,0.00063634006,0.99924767
611,2,2,0.0,0.000109066554,0.0018174751,0.9980736
611,2,2,0.0,0.00053243473,0.000533477,0.9989342
611,2,2,0.0,0.00041152257,0.00040951048,0.99917907
611,2,2,0.0,0.00047276897,0.0005880504,0.9989393
611,2,2,0.0,0.00031677957,0.00046774658,0.99921554
611,2,2,5.960464477539063e-08,9.70529e-05,0.00021144313,0.99969155
611,2,2,0.0,0.00018490528,0.0006166484,0.9991986
611,2,2,5.9138983488082886e-08,0.00012114848,0.00032639198,0.99955237
711,2,2,0.0,0.0020571097,0.024860011,0.973083
711,2,2,0.0,0.0014146435,0.13193467,0.8666507
672,2,2,0.0,6.9444905e-05,0.002127794,0.99780285
672,2,2,0.0,0.0002158519,0.0069544716,0.9928297
672,2,2,1.862645149230957e-09,0.00042916348,0.0028260117,0.99674475
672,2,2,0.0,0.00023621974,0.01112227,0.9886416
672,2,2,0.0,0.00039634455,0.012204686,0.9873991
964,2,2,0.0,9.476824e-05,0.007567543,0.99233776
964,2,2,0.0,9.6043026e-05,0.007635575,0.9922685
964,2,2,0.0,0.00045073163,0.009222435,0.9903269
964,2,2,0.0,0.00039052218,0.0062128697,0.99339664
964,2,2,0.0,0.00031442172,0.0053029982,0.9943828
964,2,2,0.0,0.00035152194,0.004176413,0.995472
964,2,2,0.0,0.0002515172,0.004266666,0.9954819
964,2,2,1.862645149230957e-09,0.00050124223,0.003945624,0.99555326
964,2,2,0.0,0.0005706332,0.0029326086,0.9964968
964,2,2,0.0,0.0006832507,0.010528109,0.9887888
964,2,2,0.0,0.00047441976,0.0035941012,0.99593157
109,0,2,0.0,0.4436682,0.035172056,0.52115977
109,0,0,0.0,0.9484944,0.011110078,0.040395666
109,0,0,0.0,0.99338734,0.0054509593,0.0011618974
109,0,0,0.0,0.99522364,0.0039993455,0.0007771043
109,0,0,0.0,0.9919781,0.006589519,0.0014324522
109,0,0,0.0,0.9882546,0.010488338,0.0012572989
109,0,0,0.0,0.6989817,0.023492921,0.2775255
109,0,0,0.0,0.95917904,0.019357558,0.02146342
109,0,0,0.0,0.9947052,0.0038970446,0.0013977505
109,0,0,0.0,0.9930573,0.0056348657,0.0013078784
109,0,0,0.0,0.99028367,0.008140971,0.0015754194
109,0,0,2.9802322387695312e-08,0.9012366,0.018686516,0.080076955
109,0,0,0.0,0.9724936,0.016740229,0.010766381
109,0,0,0.0,0.9920862,0.005836573,0.002077305
109,0,0,0.0,0.98403686,0.011140237,0.0048229424
191,0,0,0.0,0.9976764,0.0013481453,0.0009755902
191,0,0,0.0,0.99767935,0.0010370223,0.0012837835
191,0,0,0.0,0.99764013,0.0010649116,0.001294972
191,0,0,0.0,0.9977686,0.0012342164,0.0009973161
191,0,0,0.0,0.9975946,0.0011361159,0.0012694484
191,0,0,0.0,0.9940163,0.0014398646,0.004543807
191,0,0,0.0,0.9975492,0.0009514447,0.0014994042
191,0,0,0.0,0.9968596,0.0007444062,0.002396151
67,0,2,0.0,0.20691788,0.008263626,0.78481865
67,0,2,5.960464477539063e-08,0.010415226,0.005480465,0.98410434
67,0,0,0.0,0.81172323,0.0069828127,0.18129408
67,0,0,0.0,0.9827777,0.0022594074,0.014962874
67,0,2,0.0,0.18151121,0.010474589,0.8080143
67,0,0,0.0,0.84975255,0.008344252,0.14190331
67,0,0,0.0,0.99377686,0.0021679646,0.0040552444
67,0,0,0.0,0.9954175,0.0017780244,0.002804561
67,0,0,2.9802322387695312e-08,0.9561598,0.0035438607,0.040296357
67,0,0,0.0,0.99210024,0.002312605,0.0055870307
67,0,0,0.0,0.9960738,0.0019658105,0.0019606357
67,0,0,0.0,0.99574465,0.0018130547,0.0024422575
67,0,0,0.0,0.9941219,0.0014277231,0.004450454
67,0,0,5.587935447692871e-08,0.9931632,0.0021543342,0.0046824045
67,0,0,0.0,0.99496466,0.0025167773,0.0025186252
67,0,0,3.725290298461914e-09,0.9953827,0.0021591142,0.0024581784
67,0,0,0.0,0.99246544,0.0014129984,0.0061215516
67,0,0,0.0,0.9873323,0.0025685746,0.01009929
67,0,0,0.0,0.9922243,0.002466683,0.0053091035
67,0,0,0.0,0.9949018,0.001785752,0.0033123866
778,0,0,0.0,0.99644995,0.0012655676,0.0022844754
778,0,0,0.0,0.99493325,0.0015444156,0.003522525
778,0,0,0.0,0.9973446,0.0015584781,0.0010970848
778,0,0,0.0,0.9973298,0.0015086745,0.001161735
778,0,0,0.0,0.99588346,0.0012969878,0.0028196503
778,0,0,5.960464477539063e-08,0.99714106,0.0011234486,0.0017355118
778,0,0,0.0,0.99705267,0.001692058,0.0012553034
778,0,0,0.0,0.99716294,0.002084465,0.00075267116
778,0,0,0.0,0.9972257,0.0020506242,0.0007238782
778,0,0,0.0,0.99684566,0.0017528341,0.0014015546
778,0,0,0.0,0.9970447,0.0011832877,0.0017722058
778,0,0,0.0,0.99704665,0.0010436752,0.0019096767
778,0,0,1.862645149230957e-09,0.9966804,0.0014814523,0.0018382283
778,0,0,0.0,0.99755144,0.0019176363,0.00053102
778,0,0,0.0,0.9971771,0.0023297728,0.00049323874
778,0,0,0.0,0.9971204,0.0020081138,0.00087148295
778,0,0,0.0,0.9960423,0.0028111378,0.001146652
778,0,0,0.0,0.99584544,0.0014988382,0.0026557127
778,0,0,1.862645149230957e-09,0.9976846,0.0014365036,0.00087887864
778,0,0,0.0,0.9977641,0.0015504847,0.000685577
778,0,0,0.0,0.9976873,0.0016809226,0.0006320516
778,0,0,0.0,0.9968876,0.002336831,0.0007756509
778,0,0,0.0,0.9973049,0.001264854,0.0014303384
778,0,0,0.0,0.997357,0.0016547125,0.0009884674
778,0,0,0.0,0.9971863,0.0020112705,0.0008025629
778,0,0,0.0,0.9971024,0.0020788054,0.0008189144
778,0,0,0.0,0.9961682,0.0015485755,0.0022834311
234,0,0,0.0,0.99759096,0.0016145154,0.000794795
234,0,0,0.0,0.9977688,0.0013381126,0.0008931
234,0,0,5.774199962615967e-08,0.9972158,0.0018431322,0.0009410979
234,0,0,0.0,0.9964224,0.002486224,0.0010914828
234,0,0,0.0,0.9970722,0.0013380513,0.0015899151
234,0,0,0.0,0.9976307,0.0011748432,0.0011943798
234,0,0,0.0,0.9980039,0.0012455655,0.0007507417
234,0,0,0.0,0.9982239,0.001232616,0.00054364855
234,0,0,0.0,0.9983289,0.0010749946,0.00059609936
234,0,0,9.313225746154785e-10,0.9980568,0.0013490597,0.0005940535
234,0,0,0.0,0.98856086,0.0042713745,0.0071678166
234,0,1,0.0,0.39741653,0.46386382,0.1387197
234,0,0,0.0,0.9976778,0.0012053492,0.0011169352
234,0,0,0.0,0.9983321,0.0009590894,0.0007089736
234,0,0,0.0,0.99818724,0.0013601067,0.00045263968
234,0,0,0.0,0.998356,0.0012935797,0.00035053105
234,0,0,0.0,0.99823904,0.0014331443,0.0003279893
234,0,0,9.313225746154785e-10,0.9980499,0.0013732079,0.00057688524
234,0,0,0.0,0.99813896,0.0010638458,0.00079726754
234,0,0,0.0,0.99798435,0.0009823276,0.0010334139
234,0,0,0.0,0.9964719,0.0017508225,0.0017774784
234,0,0,0.0,0.9966932,0.0027971356,0.00050968
234,0,0,0.0,0.99830383,0.00108809,0.0006081509
234,0,0,0.0,0.9983145,0.0012811422,0.0004045533
234,0,0,0.0,0.99806607,0.0016227452,0.00031125895
234,0,0,0.0,0.9980592,0.001631662,0.00030923224
234,0,0,0.0,0.99818367,0.0014583573,0.0003580427
234,0,0,0.0,0.99799836,0.0015161878,0.0004854749
234,0,0,6.05359673500061e-08,0.99811,0.0014225673,0.00046739273
234,0,0,0.0,0.99801034,0.0011774201,0.0008123959
234,0,0,0.0,0.99695987,0.0025784152,0.00046186816
234,0,0,0.0,0.997984,0.0014439789,0.00057219097
234,0,0,0.0,0.9981237,0.0015074513,0.00036892408
234,0,0,0.0,0.9978266,0.0019454047,0.00022805204
234,0,0,1.862645149230957e-09,0.9978537,0.0018688437,0.00027735633
234,0,0,0.0,0.99795866,0.0016562635,0.00038506233
234,0,0,0.0,0.9978953,0.0013970435,0.0007078271
234,0,0,0.0,0.9978947,0.0012583059,0.00084697723
234,0,0,0.0,0.9971619,0.0018692429,0.0009689656
234,0,0,0.0,0.99656194,0.00176899,0.0016692657
234,0,0,0.0,0.99805164,0.001229628,0.0007190012
234,0,0,0.0,0.9974889,0.001822154,0.0006891095
234,0,0,0.0,0.99791044,0.0015896483,0.0005000388
234,0,0,0.0,0.9971232,0.0025466376,0.00033038305
234,0,0,0.0,0.9969603,0.0025917622,0.00044804518
234,0,0,5.960464477539063e-08,0.99673,0.0022496479,0.001020318
234,0,0,0.0,0.99743885,0.0016632257,0.0008979402
234,0,0,0.0,0.99771017,0.0013140709,0.0009760365
234,0,0,0.0,0.9979398,0.0013755384,0.00068462506
234,0,0,5.960464477539063e-08,0.9978147,0.0014363235,0.0007488661
234,0,0,0.0,0.9975775,0.0019218684,0.00050084206
234,0,0,0.0,0.99728316,0.0021680268,0.0005488517
234,0,0,0.0,0.9970723,0.0024116517,0.0005161438
234,0,0,0.0,0.9957949,0.0031101846,0.0010951061
234,0,0,0.0,0.9954195,0.003361983,0.0012186507
234,0,0,0.0,0.9954033,0.0026132148,0.001983694
234,0,0,0.0,0.9981953,0.0013861847,0.00041863584
234,0,0,0.0,0.9982259,0.0012265665,0.0005475966
234,0,0,0.0,0.99806756,0.0013515066,0.0005811446
234,0,0,0.0,0.99694556,0.0022420008,0.00081244385
234,0,0,0.0,0.9968592,0.0023599209,0.0007810414
234,0,0,0.0,0.99797875,0.0013816189,0.0006397622
234,0,0,3.725290298461914e-09,0.99543154,0.002482136,0.002086417
234,0,0,0.0,0.990944,0.003966737,0.005089417
732,0,2,0.0,0.3733116,0.014120643,0.61256784
732,0,0,0.0,0.72246504,0.0027973528,0.2747376
732,0,0,0.0,0.8728242,0.0024784862,0.1246974
732,0,0,0.0,0.99219906,0.0024279242,0.0053730328
732,0,0,0.0,0.9960088,0.001114945,0.0028764177
732,0,0,0.0,0.997211,0.0012227638,0.0015663686
732,0,0,0.0,0.9970836,0.0014901411,0.0014263518
732,0,0,0.0,0.99794745,0.0012204105,0.0008321384
732,0,0,0.0,0.99816364,0.0011485837,0.0006879283
732,0,0,0.0,0.9969473,0.0017753894,0.001277403
732,0,0,0.0,0.99777573,0.0014779732,0.0007463489
732,0,0,1.862645149230957e-09,0.99771935,0.0015924,0.00068824715
732,0,0,5.774199962615967e-08,0.9978458,0.0015634076,0.0005907493
732,0,0,5.587935447692871e-08,0.9968035,0.0017818157,0.0014146185
732,0,0,0.0,0.9977714,0.001514619,0.0007140771
732,0,0,0.0,0.9978394,0.0015600171,0.0006005463
732,0,0,0.0,0.9974367,0.0020053417,0.00055802806
732,0,0,0.0,0.9967393,0.0014161336,0.0018447578
732,0,0,0.0,0.99759007,0.0013431045,0.0010669763
732,0,0,0.0,0.99726194,0.0018768605,0.00086138037
732,0,0,0.0,0.99739707,0.0018616616,0.0007413318
732,0,0,0.0,0.9950757,0.0014066343,0.003517659
732,0,0,5.960464477539063e-08,0.997348,0.0011113526,0.0015406548
732,0,0,5.774199962615967e-08,0.99730605,0.0010672878,0.0016265784
732,0,0,1.862645149230957e-09,0.99598086,0.0015065164,0.0025127481
117,0,0,0.0,0.9969539,0.0022375034,0.00080879964
117,0,0,0.0,0.994625,0.0024522077,0.0029228935
117,0,0,0.0,0.9976845,0.0013457419,0.0009698762
117,0,0,0.0,0.99754375,0.001379319,0.0010768743
117,0,0,5.774199962615967e-08,0.9973766,0.0019809736,0.0006424181
117,0,0,0.0,0.9958672,0.002314147,0.0018187079
117,0,0,0.0,0.9975691,0.0012188784,0.0012121627
117,0,0,0.0,0.99701315,0.0015084449,0.0014784151
117,0,0,0.0,0.985685,0.008675875,0.0056391982
36,0,0,0.0,0.9976727,0.0006180992,0.0017092588
36,0,0,0.0,0.9982614,0.00079966505,0.0009390753
36,0,0,0.0,0.997962,0.0010288385,0.0010091668
36,0,0,0.0,0.99611485,0.0010669249,0.0028182955
36,0,0,0.0,0.99810797,0.0006912358,0.0012008706
36,0,0,0.0,0.9973736,0.0017993056,0.0008273057
36,0,0,0.0,0.9974161,0.0017452886,0.000838691
36,0,0,0.0,0.99540675,0.0027092646,0.0018839792
36,0,0,0.0,0.9943905,0.001934802,0.0036747565
36,0,0,0.0,0.9976836,0.0010291579,0.0012874212
36,0,0,0.0,0.99791723,0.00057599443,0.001506872
36,0,0,0.0,0.9971096,0.001586347,0.001304045
36,0,0,0.0,0.9974503,0.0010052872,0.0015446182
36,0,0,0.0,0.99721533,0.00107182,0.0017128641
36,0,0,0.0,0.9974437,0.0011416295,0.0014148828
36,0,0,0.0,0.9977981,0.00081132003,0.001390582
36,0,0,0.0,0.9966098,0.0007916341,0.0025986813
36,0,0,5.587935447692871e-08,0.9979807,0.00076313195,0.0012561968
788,0,0,7.450580596923828e-09,0.98842484,0.0034141191,0.008161
788,0,0,0.0,0.9960844,0.001355104,0.0025605601
788,0,0,0.0,0.99624676,0.0021398359,0.0016134247
788,0,0,0.0,0.9976985,0.0014081316,0.0008936073
788,0,0,0.0,0.99637043,0.0018538281,0.0017756739
788,0,0,0.0,0.99673134,0.0008197923,0.0024489465
788,0,0,0.0,0.99643224,0.0012076482,0.002360279
788,0,0,0.0,0.9970945,0.0015431605,0.0013623454
788,0,0,0.0,0.99660313,0.0017735111,0.0016233111
788,0,0,0.0,0.99797606,0.0010678975,0.000956176
788,0,0,5.774199962615967e-08,0.99799985,0.0011572506,0.0008428927
788,0,0,0.0,0.99699354,0.0019106129,0.0010959257
788,0,0,0.0,0.9973487,0.0011252447,0.001526288
788,0,0,0.0,0.9976946,0.0012078026,0.0010976442
788,0,0,0.0,0.99733967,0.0011033214,0.0015569695
788,0,0,0.0,0.9975061,0.0015370167,0.0009570076
788,0,0,0.0,0.9962921,0.00096919195,0.0027389128
788,0,0,6.146728992462158e-08,0.9968206,0.0011706775,0.0020086311
788,0,0,3.725290298461914e-09,0.99658245,0.0011841642,0.002233522
788,0,0,0.0,0.99659437,0.0014183942,0.001987251
788,0,0,0.0,0.99015373,0.0017000176,0.008146244
788,0,0,0.0,0.9904275,0.0010326637,0.008539943
788,0,0,0.0,0.993362,0.0012696476,0.005368216
788,0,0,0.0,0.988114,0.0023799913,0.009506038
788,0,0,5.960464477539063e-08,0.9945776,0.0020152861,0.0034070464
51,0,0,0.0,0.99431896,0.0014018293,0.004279388
51,0,0,0.0,0.99725354,0.001095714,0.0016508373
51,0,0,0.0,0.9966731,0.001160418,0.0021665418
51,0,0,0.0,0.9959689,0.0012183015,0.0028129749
51,0,0,0.0,0.9961816,0.0010784556,0.002740043
51,0,0,0.0,0.9949618,0.0014755094,0.003562868
51,0,0,0.0,0.9968072,0.001241048,0.0019519017
51,0,0,0.0,0.99755234,0.001327655,0.0011201369
51,0,0,0.0,0.99751705,0.0012615748,0.0012214344
51,0,0,0.0,0.9975004,0.0010321114,0.0014676095
51,0,0,0.0,0.99625057,0.0010834744,0.0026660205
51,0,0,0.0,0.99731654,0.0013120098,0.0013716379
51,0,0,0.0,0.99703187,0.0013998335,0.001568284
51,0,0,0.0,0.99729025,0.0011807665,0.0015291778
51,0,0,0.0,0.9974155,0.0011236318,0.0014610677
51,0,0,5.774199962615967e-08,0.99567664,0.000992655,0.003330729
51,0,0,0.0,0.99722046,0.0010590709,0.0017204768
51,0,0,0.0,0.9970293,0.0011465788,0.0018243736
51,0,0,0.0,0.99681485,0.0013051548,0.0018801731
804,0,0,0.0,0.9973259,0.001744411,0.00092985795
804,0,0,0.0,0.99615526,0.0020915011,0.0017533406
804,0,0,1.1175870895385742e-08,0.9940731,0.0030649074,0.0028619824
804,0,0,0.0,0.9966006,0.0023846931,0.0010148075
804,0,0,1.862645149230957e-09,0.9963513,0.0023852198,0.0012634157
804,0,0,0.0,0.9965472,0.0023581393,0.0010947416
804,0,0,0.0,0.99693054,0.0018084232,0.0012611814
804,0,0,0.0,0.99714226,0.0016590506,0.0011987515
804,0,0,6.146728992462158e-08,0.9958998,0.0028664267,0.0012337791
804,0,0,0.0,0.9965378,0.0023694378,0.0010927733
804,0,0,0.0,0.99629503,0.002791048,0.0009140159
804,0,0,0.0,0.9968175,0.0017983423,0.0013842725
804,0,0,0.0,0.997017,0.0020213078,0.00096183043
804,0,0,0.0,0.9971459,0.0019417033,0.0009124787
98,0,0,0.0,0.9968568,0.0025036563,0.00063958194
98,0,0,0.0,0.98141426,0.015038802,0.003547039
98,0,0,0.0,0.99772656,0.0016749867,0.0005984764
98,0,0,0.0,0.9971141,0.002303913,0.00058203837
98,0,0,0.0,0.99657625,0.0026717472,0.000752072
98,0,0,0.0,0.99568856,0.0032203798,0.0010911259
98,0,0,0.0,0.9892082,0.009121237,0.0016706767
98,0,0,0.0,0.99667,0.0021695874,0.0011604716
98,0,0,0.0,0.99681854,0.0017990721,0.0013823095
235,0,0,0.0,0.9889173,0.0039239125,0.0071590305
235,0,0,1.862645149230957e-09,0.9962811,0.0030066604,0.0007122587
235,0,0,0.0,0.99590075,0.0033312195,0.0007681611
235,0,0,0.0,0.9931297,0.0054996694,0.0013705782
235,0,0,0.0,0.991817,0.006669102,0.0015140118
235,0,0,0.0,0.99535793,0.0034384276,0.0012036153
235,0,0,0.0,0.99546355,0.0030678145,0.0014686331
235,0,0,0.0,0.9955855,0.0029284863,0.0014861709
235,0,0,5.960464477539063e-08,0.99662703,0.002251817,0.0011211479
235,0,0,0.0,0.9966621,0.0027557546,0.0005824402
235,0,0,0.0,0.99505013,0.0038533271,0.0010965331
235,0,0,0.0,0.9954196,0.0033956706,0.0011848239
235,0,0,3.725290298461914e-09,0.9952121,0.0036186492,0.0011692689
235,0,0,6.332993507385254e-08,0.9955246,0.0033110743,0.0011643477
235,0,0,0.0,0.99431914,0.0041559553,0.0015249377
235,0,0,0.0,0.9955778,0.0029393805,0.0014829338
235,0,0,1.862645149230957e-09,0.9969765,0.0024189604,0.00060458557
235,0,0,0.0,0.9970097,0.0021770697,0.0008133443
235,0,0,0.0,0.99699694,0.0021847973,0.0008184783
235,0,0,0.0,0.9968433,0.0023441869,0.00081265933
235,0,0,0.0,0.9976081,0.0017918977,0.0006002632
235,0,0,0.0,0.9945599,0.0043149204,0.0011252735
22,0,0,0.0,0.9970092,0.0015100456,0.0014809029
22,0,0,0.0,0.99180937,0.0016623512,0.0065283226
22,0,0,0.0,0.9960498,0.0028608677,0.0010894175
22,0,0,0.0,0.99693304,0.0019246297,0.0011423783
22,0,0,0.0,0.995433,0.0027696514,0.0017973874
22,0,0,5.960464477539063e-08,0.9937088,0.0019736814,0.004317549
22,0,0,0.0,0.99588996,0.0010530462,0.0030570666
22,0,0,0.0,0.9947509,0.0015499125,0.003699319
22,0,0,0.0,0.9953118,0.0017000128,0.0029882612
22,0,0,0.0,0.99365133,0.0015235821,0.004825247
183,0,0,0.0,0.99026453,0.008773201,0.0009623447
183,0,0,0.0,0.98410314,0.014243382,0.0016536941
183,0,0,0.0,0.9862901,0.0129455775,0.00076435047
183,0,0,0.0,0.98811543,0.010958676,0.00092585874
183,0,0,0.0,0.9890772,0.009930472,0.0009923668
183,0,0,0.0,0.9863545,0.012890706,0.0007548907
183,0,0,0.0,0.9687624,0.029635081,0.0016025922
183,0,0,0.0,0.9908085,0.00877475,0.0004168914
183,0,0,0.0,0.99022967,0.00926854,0.0005018023
183,0,0,0.0,0.9893766,0.010032898,0.0005905575
183,0,0,5.960464477539063e-08,0.9864069,0.012936845,0.0006562508
183,0,0,0.0,0.9877696,0.011884476,0.0003459843
183,0,0,0.0,0.98942965,0.0102579435,0.0003125636
183,0,0,0.0,0.98734486,0.01200925,0.0006459838
183,0,0,0.0,0.98500645,0.014073227,0.0009203738
183,0,0,0.0,0.98740286,0.0118773095,0.00071998313
183,0,0,0.0,0.9828664,0.016330235,0.00080326357
183,0,0,0.0,0.98426145,0.014728831,0.0010098513
183,0,0,0.0,0.98459905,0.0147492755,0.00065188005
183,0,0,5.960464477539063e-08,0.9884153,0.011152269,0.00043246325
183,0,0,0.0,0.9897388,0.008694478,0.0015667534
183,0,0,7.450580596923828e-09,0.9841624,0.014079329,0.0017582895
183,0,0,0.0,0.979147,0.018851373,0.0020017247
183,0,0,4.842877388000488e-08,0.9908567,0.008892606,0.00025062505
183,0,0,0.0,0.98951435,0.009633542,0.00085226336
183,0,0,0.0,0.99411976,0.005362674,0.00051764015
806,0,0,0.0,0.96621275,0.0034490307,0.030338313
806,0,0,0.0,0.9960738,0.001794296,0.002132187
806,0,0,5.960464477539063e-08,0.9979527,0.0013408207,0.00070646114
806,0,0,0.0,0.99425274,0.005004785,0.0007424122
806,0,0,7.450580596923828e-09,0.9927592,0.0020852156,0.00515553
806,0,0,0.0,0.99580413,0.0022874263,0.0019084906
806,0,0,0.0,0.99780464,0.0016277927,0.00056762714
806,0,0,5.960464477539063e-08,0.9947874,0.0045607537,0.00065179454
806,0,0,0.0,0.994391,0.0020748945,0.0035340546
806,0,0,0.0,0.9971524,0.0014792259,0.0013684696
806,0,0,0.0,0.99780434,0.0012729666,0.00092281797
806,0,0,0.0,0.9918598,0.0031201057,0.0050202394
806,0,0,3.725290298461914e-09,0.99630606,0.002960285,0.0007336337
806,0,0,0.0,0.9975508,0.00154619,0.0009031546
806,0,0,0.0,0.9982052,0.0011514962,0.00064344116
806,0,0,0.0,0.9215318,0.04605482,0.032413434
806,0,0,0.0,0.98937315,0.007947548,0.0026794723
79,0,0,0.0,0.9856722,0.00465688,0.00967111
79,0,0,7.450580596923828e-09,0.9866209,0.00484814,0.008530956
79,0,0,5.960464477539063e-08,0.96342105,0.0030531522,0.0335257
79,0,0,0.0,0.95663303,0.0071081165,0.03625897
79,0,0,0.0,0.99349326,0.0039472952,0.0025595198
79,0,0,5.587935447692871e-08,0.99213517,0.0033031455,0.0045616603
79,0,0,0.0,0.99575275,0.0023243246,0.0019229968
79,0,0,0.0,0.9964862,0.0021043299,0.0014094817
793,0,0,0.0,0.9971056,0.0022318377,0.0006628194
793,0,0,0.0,0.9967064,0.0027573898,0.000536349
793,0,0,0.0,0.99688,0.0022832851,0.0008368957
793,0,0,5.960464477539063e-08,0.99713576,0.00252989,0.000334398
793,0,0,0.0,0.996699,0.0029355201,0.00036559554
793,0,0,0.0,0.9965162,0.0031526678,0.00033111262
793,0,0,0.0,0.9960654,0.0032500064,0.00068466295
793,0,0,0.0,0.9973594,0.0017359381,0.00090466836
793,0,0,0.0,0.99706835,0.0024481956,0.00048365025
81,0,0,0.0,0.9972853,0.001241281,0.0014735301
81,0,0,1.862645149230957e-09,0.9973775,0.0014333336,0.0011892134
81,0,0,0.0,0.99508893,0.0016679219,0.0032432072
81,0,0,5.960464477539063e-08,0.99351174,0.0018785401,0.0046096407
81,0,0,0.0,0.9975349,0.0013748413,0.0010903722
81,0,0,0.0,0.9970593,0.0014371106,0.001503736
81,0,0,0.0,0.99695253,0.0016180668,0.0014294458
81,0,0,0.0,0.9959881,0.001914027,0.0020978828
81,0,0,0.0,0.99792725,0.0012807715,0.00079200114
81,0,0,5.960464477539063e-08,0.99742573,0.001961482,0.00061277463
81,0,0,0.0,0.9967727,0.0023438751,0.0008835895
81,0,0,0.0,0.9956256,0.002349041,0.0020253938
81,0,0,0.0,0.9982282,0.0011676798,0.0006041622
81,0,0,5.960464477539063e-08,0.99780715,0.0017365458,0.00045633098
81,0,0,0.0,0.99806416,0.0013004664,0.0006355144
81,0,0,0.0,0.9969241,0.0020968665,0.0009791331
81,0,0,0.0,0.9977914,0.0017025786,0.00050613965
81,0,0,0.0,0.9972378,0.0021926176,0.00056960183
81,0,0,0.0,0.9971319,0.0019925882,0.00087556243
81,0,0,0.0,0.9970312,0.0022604784,0.00070855016
81,0,0,0.0,0.9977856,0.0015791138,0.00063531345
81,0,0,5.774199962615967e-08,0.9977918,0.0015931716,0.00061493064
81,0,0,0.0,0.9972674,0.0019256055,0.0008070606
81,0,0,0.0,0.9972224,0.0021894937,0.0005880597
81,0,0,0.0,0.9972377,0.0013749141,0.001387404
81,0,0,1.862645149230957e-09,0.9968731,0.0016304783,0.0014965599
81,0,0,5.960464477539063e-08,0.9975478,0.0013403968,0.0011117157
81,0,0,0.0,0.9971132,0.0011690648,0.0017178012
13,0,0,0.0,0.99635994,0.002538691,0.0011013036
13,0,0,5.587935447692871e-08,0.9931089,0.0052527185,0.0016382121
13,0,0,0.0,0.9894114,0.008306618,0.002282076
13,0,0,0.0,0.99441946,0.0044624093,0.0011180931
13,0,0,0.0,0.9920425,0.0067873555,0.0011702806
13,0,0,0.0,0.9934486,0.0043523437,0.0021990025
13,0,0,0.0,0.9895927,0.0076421928,0.002765232
13,0,0,0.0,0.9907785,0.0073779686,0.0018435926
13,0,0,0.0,0.99112284,0.007026162,0.001850952
13,0,0,0.0,0.98962414,0.00800304,0.0023729133
13,0,0,0.0,0.99103725,0.0059162807,0.0030466414
13,0,0,0.0,0.9920115,0.0059819105,0.0020067317
776,0,0,0.0,0.99687,0.0012952283,0.0018349434
776,0,0,1.862645149230957e-09,0.99710006,0.0014024739,0.0014975122
776,0,0,1.862645149230957e-09,0.9956327,0.0015000235,0.002867337
776,0,0,0.0,0.99517393,0.0020500065,0.002776227
776,0,0,0.0,0.99620193,0.0019140088,0.001884157
776,0,0,0.0,0.9959911,0.0013449824,0.0026640214
776,0,0,0.0,0.99410385,0.0015328551,0.004363245
776,0,0,0.0,0.9960005,0.0012514897,0.002748132
776,0,0,5.960464477539063e-08,0.99582344,0.0017513151,0.0024251128
776,0,0,0.0,0.99671614,0.0015577633,0.0017263667
776,0,0,0.0,0.9965982,0.0016360624,0.0017658843
776,0,0,5.960464477539063e-08,0.99663943,0.0015060243,0.0018544362
776,0,0,0.0,0.9958843,0.00094310055,0.0031727
776,0,0,6.146728992462158e-08,0.99633086,0.0009231863,0.0027458894
776,0,0,6.146728992462158e-08,0.996237,0.001348407,0.0024145662
776,0,0,5.960464477539063e-08,0.9961197,0.0015953389,0.002284882
776,0,0,0.0,0.9967261,0.0015257262,0.0017482814
776,0,0,0.0,0.9873423,0.0028751835,0.009782674
776,0,0,0.0,0.9894486,0.0023106625,0.0082408
776,0,0,0.0,0.9920458,0.0020698893,0.005884182
776,0,0,0.0,0.9933228,0.0015075353,0.0051696575
776,0,0,5.960464477539063e-08,0.99441206,0.001454229,0.004133764
776,0,0,0.0,0.99342144,0.0019437912,0.004634769
776,0,0,0.0,0.9937707,0.0015525154,0.0046767946
776,0,0,0.0,0.99387944,0.0014594683,0.0046611438
776,0,0,0.0,0.9922867,0.001300617,0.006412762
119,0,0,0.0,0.99624306,0.0014845907,0.0022723943
119,0,0,0.0,0.99286985,0.0017862358,0.0053438973
119,0,0,1.862645149230957e-09,0.99752563,0.0012010378,0.0012733989
119,0,0,0.0,0.99772567,0.0011387909,0.0011355683
119,0,0,6.146728992462158e-08,0.9978663,0.0013593598,0.0007744158
119,0,0,0.0,0.9971031,0.0011575454,0.0017394928
119,0,0,0.0,0.99252796,0.0014685246,0.0060036657
119,0,0,0.0,0.96396565,0.0025054894,0.03352894
119,0,0,0.0,0.97463965,0.0016496718,0.023710828
119,0,0,5.587935447692871e-09,0.99566805,0.001122238,0.0032096624
119,0,0,0.0,0.99723965,0.0014564268,0.0013040405
44,0,0,0.0,0.99692065,0.0018102522,0.0012692129
44,0,0,0.0,0.99694663,0.0023745762,0.00067885686
44,0,0,5.960464477539063e-08,0.99814624,0.0011852902,0.0006684552
44,0,0,0.0,0.9980717,0.0010228253,0.0009056019
44,0,0,0.0,0.9976821,0.0011582709,0.0011597287
44,0,0,0.0,0.9974503,0.0019699836,0.00057974854
44,0,0,5.587935447692871e-09,0.99771136,0.0017788808,0.0005098762
44,0,0,0.0,0.99787325,0.0012818236,0.0008451073
44,0,0,0.0,0.99759114,0.0016001394,0.000808854
44,0,0,5.774199962615967e-08,0.99795645,0.0015753007,0.00046817458
44,0,0,0.0,0.99790627,0.0015740056,0.00051989144
44,0,0,0.0,0.99773985,0.0015199621,0.0007403173
44,0,0,0.0,0.9974704,0.0015666905,0.0009630401
44,0,0,0.0,0.9982472,0.00086067297,0.00089232356
44,0,0,0.0,0.9983931,0.0010422041,0.00056475436
44,0,0,0.0,0.99814147,0.0013111203,0.0005475285
44,0,0,0.0,0.997964,0.0014048574,0.00063117465
44,0,0,0.0,0.9957329,0.0011071587,0.00316002
44,0,0,0.0,0.9972517,0.0010692616,0.0016790425
44,0,0,3.725290298461914e-09,0.9978834,0.0011572721,0.0009593387
44,0,0,0.0,0.9976825,0.0012831194,0.0010345302
44,0,0,0.0,0.9968544,0.0014623237,0.0016834693
12,0,0,0.0,0.94639045,0.034952,0.018657634
12,0,0,0.0,0.9881649,0.008945581,0.0028895612
12,0,0,0.0,0.98647225,0.0053061526,0.0082215285
12,0,0,0.0,0.9723396,0.020575056,0.0070855278
12,0,0,0.0,0.99216956,0.0058015343,0.0020288948
12,0,0,0.0,0.99771976,0.0015990007,0.000681365
12,0,0,0.0,0.99475193,0.0043041897,0.0009439761
12,0,0,0.0,0.996942,0.0023962858,0.00066169625
12,0,0,0.0,0.9970703,0.0024063585,0.0005234785
12,0,0,0.0,0.9966892,0.002635281,0.00067560375
415,1,1,0.0,0.00026232013,0.9984872,0.0012505574
415,1,1,0.0,0.00025546364,0.9983788,0.0013658208
415,1,1,2.7939677238464355e-09,0.00034317383,0.9981666,0.001490252
415,1,1,0.0,0.00025886623,0.99809754,0.0016437334
415,1,1,0.0,0.00020981627,0.99814,0.0016502604
415,1,1,0.0,0.0002549966,0.99836344,0.0013817151
415,1,1,0.0,0.00026579248,0.9983869,0.0013473503
415,1,1,0.0,0.00023311796,0.9984365,0.0013304176
415,1,1,5.960464477539063e-08,0.00015851286,0.9949099,0.0049316073
403,1,1,0.0,0.00045714114,0.99911994,0.00042302784
403,1,1,9.313225746154785e-10,0.00025470078,0.9985106,0.001234768
403,1,1,0.0,0.00029420797,0.99873555,0.00097028515
403,1,1,0.0,0.00030918594,0.9981346,0.0015563475
403,1,1,0.0,0.00038426573,0.99656296,0.0030529907
403,1,1,0.0,0.00037326379,0.9978147,0.0018120434
403,1,1,0.0,0.00029944416,0.9977822,0.001918443
403,1,1,0.0,0.00031787297,0.9969034,0.0027787501
403,1,1,0.0,0.0004624656,0.99650234,0.0030352282
403,1,1,5.960464477539063e-08,0.0004210512,0.99834496,0.001233901
328,1,1,0.0,0.00021619163,0.9973794,0.0024046127
328,1,1,0.0,0.00020785177,0.9977121,0.002080243
328,1,1,0.0,0.00018285183,0.9979138,0.0019033748
328,1,1,9.313225746154785e-10,0.00022947733,0.9985166,0.0012539795
328,1,1,0.0,0.00030599674,0.9987521,0.0009419859
328,1,1,0.0,0.00028227404,0.9954845,0.004233277
328,1,1,6.239861249923706e-08,0.00029229478,0.99803793,0.0016697028
328,1,1,0.0,0.0002460071,0.9981662,0.0015879113
328,1,1,0.0,0.00021674034,0.99750346,0.0022797831
328,1,1,0.0,0.00019529126,0.9964261,0.0033786567
328,1,1,0.0,0.00021216403,0.99744284,0.002344974
328,1,1,0.0,0.00020295694,0.99790573,0.0018914313
328,1,1,0.0,0.0005293835,0.99869156,0.0007791053
328,1,1,5.960464477539063e-08,0.00042448004,0.9987938,0.000781699
328,1,1,0.0,0.00045609975,0.9979659,0.0015780922
328,1,1,1.862645149230957e-09,0.00038989942,0.9974701,0.0021401043
328,1,1,0.0,0.0003312879,0.99748534,0.0021834655
328,1,1,5.8673322200775146e-08,0.00032779825,0.9980341,0.0016380834
328,1,1,0.0,0.00037530676,0.9990378,0.0005870682
328,1,1,0.0,0.00066877564,0.9984494,0.0008819874
328,1,1,0.0,0.00058431196,0.9967451,0.0026707042
328,1,1,1.862645149230957e-09,0.0004133403,0.9977812,0.0018054531
328,1,1,0.0,0.00025511015,0.9970742,0.002670792
328,1,2,0.0,0.0015150184,0.12654717,0.871938
328,1,1,0.0,0.0012190052,0.5121874,0.48659366
879,1,1,0.0,0.00017689663,0.99682295,0.0030003332
879,1,1,0.0,0.0017106335,0.9958309,0.0024585584
879,1,1,0.0,0.00019466963,0.99810886,0.00169658
879,1,1,1.862645149230957e-09,0.00026308073,0.9979315,0.0018054695
879,1,1,0.0,0.00022174101,0.99845177,0.0013265293
455,1,1,0.0,0.00020045473,0.9980352,0.0017644644
455,1,1,0.0,0.00038494042,0.99896157,0.0006535293
455,1,1,0.0,0.00036620238,0.99895436,0.00067944336
455,1,1,0.0,0.00047779834,0.999031,0.00049145526
268,1,1,0.0,0.00021064088,0.9974579,0.0023314864
268,1,1,0.0,0.00021226502,0.99772644,0.0020613456
268,1,1,0.0,0.00021306633,0.99706745,0.00271967
268,1,1,0.0,0.00030563452,0.9971088,0.0025856325
268,1,1,0.0,0.00022659195,0.99814856,0.001624914
268,1,1,0.0,0.00021136268,0.9980721,0.0017166352
312,1,1,0.0,0.0022846367,0.9974117,0.00030378404
312,1,1,0.0,0.0005012511,0.99904937,0.00044955878
312,1,1,9.313225746154785e-10,0.00039278134,0.99907255,0.00053471065
312,1,1,5.8673322200775146e-08,0.00034162248,0.9990751,0.0005832086
312,1,1,0.0,0.0007047167,0.9989958,0.000299761
312,1,1,0.0,0.0006540764,0.9989825,0.00036358275
312,1,1,0.0,0.000420113,0.9990272,0.0005529201
312,1,1,0.0,0.00039221274,0.9990316,0.00057624746
312,1,1,1.862645149230957e-09,0.00090935006,0.9988543,0.00023642123
312,1,1,0.0,0.0012221744,0.99842405,0.00035396015
312,1,1,0.0,0.0004140333,0.9990522,0.00053375
312,1,1,0.0,0.08527014,0.9143063,0.00042362066
312,1,1,0.0,0.06862835,0.93068266,0.0006890858
312,1,1,0.0,0.0026479575,0.9968262,0.00052615063
312,1,0,0.0,0.96725696,0.0314024,0.0013406436
312,1,0,0.0,0.9145912,0.08373868,0.0016701949
863,1,1,5.774199962615967e-08,0.00040518946,0.9962532,0.0033415174
863,1,1,0.0,0.00050910824,0.9937812,0.005709599
265,1,1,0.0,0.00024368889,0.9982952,0.0014611623
265,1,1,5.774199962615967e-08,0.0002910403,0.9978014,0.0019074425
265,1,1,1.862645149230957e-09,0.00031547507,0.99783534,0.0018491797
265,1,1,0.0,0.00023453441,0.9972392,0.0025264218
265,1,1,5.774199962615967e-08,0.00029943904,0.9980093,0.0016911756
844,1,1,0.0,0.0017490927,0.7298941,0.2683569
844,1,2,0.0,0.0019752095,0.45208177,0.54594296
844,1,1,0.0,0.00030551272,0.94652593,0.053168688
844,1,1,0.0,0.00018023203,0.99384993,0.005969849
844,1,1,0.0,0.00020380648,0.9952938,0.0045024166
844,1,1,0.0,0.00033010935,0.98304176,0.016628262
844,1,1,0.0,0.00019392974,0.99775314,0.0020530724
844,1,1,1.862645149230957e-09,0.00020848584,0.9977075,0.0020839681
844,1,1,0.0,0.0003273206,0.99759734,0.0020754368
844,1,1,0.0,0.0014424939,0.93346316,0.06509453
844,1,1,5.960464477539063e-08,0.00022648803,0.9970934,0.0026800565
285,1,1,0.0,0.00020266701,0.9979601,0.0018373756
285,1,1,0.0,0.000194325,0.99704355,0.0027622115
285,1,1,1.862645149230957e-09,0.00027882267,0.99772686,0.0019943963
285,1,1,0.0,0.00026423763,0.99790776,0.0018282045
285,1,1,0.0,0.00025838747,0.9975071,0.0022347237
285,1,1,0.0,0.0003161229,0.99768406,0.0019998548
907,1,1,0.0,0.00025039355,0.99805754,0.0016920605
907,1,1,5.774199962615967e-08,0.0003362695,0.99778235,0.0018813345
907,1,1,0.0,0.00034910065,0.9978882,0.0017628203
907,1,1,0.0,0.00044479358,0.9974251,0.0021302998
907,1,1,0.0,0.00027368125,0.99764884,0.002077514
907,1,1,5.587935447692871e-09,0.00033392638,0.99745697,0.0022091318
907,1,1,0.0,0.00036604106,0.9973273,0.0023066457
907,1,1,0.0,0.0004108757,0.9978409,0.0017484548
907,1,1,0.0,0.00030563655,0.99837977,0.0013148374
907,1,1,5.960464477539063e-08,0.000272992,0.9977766,0.0019503256
907,1,1,0.0,0.00033564313,0.996962,0.0027024883
907,1,1,0.0,0.0003593904,0.9971272,0.0025134971
907,1,1,0.0,0.00032179727,0.99782777,0.0018505073
907,1,1,0.0,0.00025125325,0.9975254,0.0022234356
907,1,1,0.0,0.00026044907,0.9972328,0.0025068314
465,1,1,0.0,0.021631448,0.9693203,0.009048327
465,1,1,0.0,0.0017371346,0.9952502,0.0030125976
465,1,1,0.0,0.0012146026,0.9968113,0.0019742378
465,1,1,1.862645149230957e-09,0.00062316237,0.9974494,0.0019275319
465,1,1,0.0,0.0016634439,0.99610233,0.0022343113
465,1,1,0.0,0.0010327607,0.99684256,0.002124786
465,1,1,0.0,0.0009932625,0.99614435,0.0028624698
465,1,1,0.0,0.0007640878,0.99432755,0.004908398
465,1,2,0.0,0.00012448107,0.020976698,0.978899
847,1,1,0.0,0.00021526028,0.98611546,0.013669429
847,1,1,0.0,0.0001697338,0.9937872,0.006043187
847,1,1,0.0,0.0003356727,0.98125976,0.01840475
847,1,1,3.725290298461914e-09,0.00018872796,0.9949064,0.0049048485
422,1,1,0.0,0.00028516998,0.9901685,0.009546558
422,1,1,0.0,0.00018001285,0.9923963,0.0074236654
422,1,1,0.0,0.00026336237,0.98841786,0.011318901
422,1,2,0.0,0.0011221477,0.12612979,0.872748
422,1,1,0.0,0.00038764536,0.9846698,0.014942688
422,1,1,0.0,0.00022076996,0.9941225,0.0056569497
422,1,1,0.0,0.00021175934,0.99606234,0.0037260565
422,1,1,0.0,0.00027963644,0.9813628,0.018357502
422,1,1,0.0,0.00020614144,0.9858303,0.013963622
422,1,1,0.0,0.0002670769,0.9975868,0.0021461623
905,1,1,0.0,0.0002924247,0.99885184,0.00085593155
905,1,1,0.0,0.00030491455,0.99863833,0.0010569041
905,1,1,0.0,0.00032678162,0.9983706,0.0013027646
905,1,1,0.0,0.0003266629,0.9988055,0.00086782087
905,1,1,0.0,0.00033055514,0.99876064,0.00090891693
905,1,1,0.0,0.00031632555,0.99143547,0.008248179
905,1,1,0.0,0.00037538767,0.9985115,0.0011131819
905,1,1,0.0,0.0003743102,0.998766,0.000859732
905,1,1,0.0,0.00032231727,0.9982253,0.0014525693
921,1,1,0.0,0.0005301868,0.99903685,0.0004330652
921,1,1,0.0,0.0005604783,0.99858207,0.0008575951
921,1,1,0.0,0.00033862307,0.9988309,0.00083052105
921,1,1,0.0,0.0002807569,0.9988422,0.0008772239
921,1,1,0.0,0.00042858577,0.99866676,0.000904774
921,1,1,0.0,0.0003469291,0.99898744,0.00066565996
921,1,1,0.0,0.00044091567,0.9989729,0.00058630976
921,1,1,0.0,0.0003442442,0.99877286,0.0008829598
921,1,1,0.0,0.00038743266,0.9988046,0.0008080491
921,1,1,4.656612873077393e-10,0.00039464197,0.99924755,0.0003578278
921,1,1,0.0,0.00031340503,0.9987149,0.0009718322
921,1,1,0.0,0.0003808467,0.9989919,0.0006273893
921,1,1,0.0,0.00029945845,0.9988676,0.00083312066
921,1,1,0.0,0.00033992017,0.9992138,0.00044631457
921,1,1,0.0,0.00031392463,0.99888,0.00080607645
921,1,1,5.774199962615967e-08,0.00071129855,0.99886817,0.00042048862
921,1,1,0.0,0.00041777716,0.9988388,0.0007435682
921,1,1,0.0,0.00017956347,0.998238,0.0015824914
921,1,1,0.0,0.00025528975,0.99870443,0.0010403488
921,1,1,0.0,0.00029207798,0.99879926,0.0009087978
400,1,2,3.725290298461914e-09,0.00025458445,0.010004478,0.989741
400,1,1,0.0,0.00016786596,0.75899476,0.24083745
400,1,1,0.0,0.000238883,0.9484099,0.051351354
400,1,1,0.0,0.0002243225,0.9833375,0.016438298
400,1,1,0.0,0.0003521314,0.8091144,0.19053367
400,1,2,0.0,0.001213307,0.08716095,0.91162586
400,1,1,0.0,0.00018763021,0.8848905,0.1149221
392,1,1,0.0,0.0003041252,0.9971753,0.0025206206
392,1,1,0.0,0.00028630524,0.9977874,0.0019264577
392,1,1,0.0,0.00042798577,0.99665594,0.002916039
392,1,1,0.0,0.00032856347,0.997652,0.002019646
436,1,1,1.862645149230957e-09,0.0005172873,0.99682,0.002662734
436,1,1,0.0,0.00022869822,0.9982148,0.0015565732
436,1,1,0.0,0.0010685378,0.9963085,0.0026229976
436,1,1,0.0,0.00035895177,0.99692345,0.0027176593
436,1,1,0.0,0.00024229036,0.99862957,0.001128319
436,1,1,1.862645149230957e-09,0.001136448,0.995895,0.002968499
436,1,1,0.0,0.00036276568,0.9967642,0.0028732333
436,1,1,0.0,0.011042563,0.9779148,0.011042778
436,1,1,0.0,0.0011526735,0.6802899,0.31855744
372,1,1,9.313225746154785e-10,0.00025776014,0.99833316,0.0014091504
372,1,1,0.0,0.0004940143,0.9928379,0.006668195
372,1,1,0.0,0.00018591316,0.99811226,0.001701927
372,1,1,0.0,0.0002594401,0.99480575,0.004934905
372,1,1,0.0,0.00035340746,0.99431765,0.0053289807
372,1,1,7.450580596923828e-09,0.00417207,0.97736776,0.018460114
372,1,2,0.0,0.038604014,0.43180686,0.5295893
372,1,1,0.0,0.000368989,0.99650824,0.0031228594
372,1,1,5.960464477539063e-08,0.00043690804,0.997893,0.0016701375
372,1,1,0.0,0.0078036427,0.95891994,0.03327651
372,1,1,0.0,0.09482416,0.8716332,0.033542722
372,1,1,0.0,0.004752056,0.9807979,0.014450026
372,1,1,0.0,0.0015810531,0.9878616,0.010557603
425,1,1,0.0,0.00025008642,0.997858,0.0018920121
425,1,1,0.0,0.00023704887,0.99737924,0.0023839234
425,1,1,0.0,0.00027571045,0.9981718,0.0015525931
425,1,1,0.0,0.00033973673,0.99796844,0.0016918782
425,1,1,0.0,0.00028170418,0.99716514,0.0025532397
425,1,1,0.0,0.00024088564,0.9976516,0.0021076465
425,1,1,0.0,0.00037965833,0.99754804,0.0020723958
425,1,1,5.774199962615967e-08,0.00040488873,0.9972612,0.0023338033
425,1,1,0.0,0.00029405032,0.9972381,0.002467982
425,1,1,0.0,0.00026761126,0.99735874,0.0023737317
425,1,1,0.0,0.0003816116,0.9969248,0.0026936561
382,1,1,0.0,0.22476715,0.7455164,0.029716397
382,1,1,0.0,0.011100255,0.986334,0.0025657117
382,1,2,1.1920928955078125e-07,0.11171377,0.10961714,0.7786692
382,1,1,0.0,0.007243164,0.9853584,0.007398444
382,1,1,6.146728992462158e-08,0.0017331251,0.9969704,0.0012964468
382,1,2,0.0,0.09664185,0.03307169,0.8702864
382,1,2,0.0,0.0070805126,0.01093864,0.9819809
382,1,1,0.0,0.002658381,0.99307436,0.004267356
382,1,1,0.0,0.009330381,0.98678195,0.0038877495
382,1,2,0.0,0.0054764394,0.04021384,0.9543098
382,1,1,0.0,0.0055475817,0.66609234,0.32836008
382,1,1,6.332993507385254e-08,0.0014499195,0.99716246,0.0013875569
382,1,1,0.0,0.009714929,0.77217144,0.21811372
382,1,1,1.862645149230957e-09,0.00080101675,0.9964754,0.0027235893
382,1,1,0.0,0.0013323996,0.99692196,0.0017456183
382,1,1,5.960464477539063e-08,0.03346181,0.94810027,0.018437851
382,1,1,0.0,0.00090107555,0.997921,0.001177989
824,1,1,0.0,0.00017835818,0.9982172,0.0016044127
824,1,1,0.0,0.00022186812,0.9989843,0.0007939439
824,1,1,0.0,0.00026494922,0.9989233,0.00081179483
824,1,1,0.0,0.00022074427,0.99856275,0.0012166771
824,1,1,5.960464477539063e-08,0.00022806552,0.99853724,0.0012346715
824,1,1,0.0,0.00028331182,0.99858105,0.0011356507
824,1,1,0.0,0.00019293286,0.99843735,0.0013697856
824,1,1,0.0,0.0003126134,0.99915314,0.0005344542
824,1,1,0.0,0.00037492576,0.9991461,0.000479136
824,1,1,5.960464477539063e-08,0.00033431957,0.99900305,0.0006625793
824,1,1,0.0,0.00022991828,0.99859375,0.0011762927
824,1,1,0.0,0.00022659585,0.9982526,0.0015210011
824,1,1,5.960464477539063e-08,0.00023987559,0.9986197,0.0011405163
824,1,1,0.0,0.00033979022,0.99864155,0.0010188449
824,1,1,0.0,0.0003816957,0.9987332,0.00088517636
824,1,1,0.0,0.0002836335,0.99899006,0.000726428
824,1,1,9.313225746154785e-10,0.00027213784,0.9987264,0.0010014281
824,1,1,0.0,0.00029598517,0.99862725,0.0010768564
824,1,1,0.0,0.0003332173,0.9982434,0.0014236483
824,1,1,0.0,0.0015998809,0.9980351,0.00036509242
824,1,1,0.0,0.00084570673,0.99847513,0.0006793358
824,1,1,0.0,0.0003682032,0.99830097,0.001330908
883,1,1,0.0,0.00040415325,0.99900717,0.0005888636
883,1,1,0.0,0.00048244352,0.99893785,0.0005797701
883,1,1,0.0,0.00039955977,0.9988117,0.00078904955
883,1,1,1.862645149230957e-09,0.00036803397,0.9985806,0.0010513836
883,1,1,0.0,0.00030822324,0.99883384,0.00085811585
883,1,1,0.0,0.00024516677,0.9980717,0.0016832511
251,1,1,0.0,0.00068446057,0.895395,0.103920646
251,1,2,0.0,0.0028603151,0.0019039176,0.9952358
251,1,1,0.0,0.0004041465,0.86145556,0.13814035
251,1,1,0.0,0.0024121325,0.99111843,0.006469536
635,2,2,0.0,0.00069178944,0.0010272138,0.998281
635,2,2,0.0,0.0013750289,0.0017929908,0.9968321
635,2,2,6.146728992462158e-08,0.0014799894,0.0022619471,0.99625796
635,2,2,0.0,0.001600608,0.0017792999,0.99662024
635,2,2,0.0,0.0010546286,0.0009603529,0.997985
635,2,2,0.0,0.0012958609,0.0015775386,0.99712664
635,2,2,0.0,0.0012755739,0.0016775252,0.99704695
635,2,2,0.0,0.0014571297,0.001152001,0.9973909
635,2,2,0.0,0.0014456786,0.0011723378,0.9973821
635,2,2,0.0,0.0014043355,0.0006518238,0.99794394
682,2,2,0.0,0.0005802817,0.012765432,0.9866543
967,2,2,0.0,0.0011431657,0.0011408209,0.9977161
967,2,2,0.0,0.0017461628,0.0007064975,0.9975474
967,2,2,0.0,0.0013653045,0.0009888724,0.99764585
967,2,2,0.0,0.0017283219,0.0010797435,0.997192
967,2,2,0.0,0.0018533092,0.0011329685,0.997014
967,2,2,0.0,0.001567674,0.001206225,0.99722624
967,2,2,5.774199962615967e-08,0.0022365134,0.000691962,0.99707144
967,2,2,5.774199962615967e-08,0.0015324904,0.0010213003,0.99744624
967,2,2,0.0,0.002104705,0.0010814165,0.99681395
967,2,2,0.0,0.002169458,0.0010187968,0.9968118
621,2,0,0.0,0.9299774,0.041819733,0.028202968
621,2,0,0.0,0.9600286,0.015339299,0.024632301
621,2,0,0.0,0.90534073,0.023035835,0.071623534
621,2,2,0.0,0.19667059,0.07858664,0.7247429
621,2,0,0.0,0.9165226,0.016109081,0.067368306
621,2,0,0.0,0.51525146,0.030655412,0.45409316
621,2,2,5.960464477539063e-08,0.22759654,0.046078898,0.7263247
621,2,2,0.0,0.2718815,0.2790935,0.44902518
621,2,0,0.0,0.6012687,0.016779268,0.38195205
621,2,2,0.0,0.057555903,0.008742696,0.9337015
621,2,2,0.0,0.013182375,0.007919059,0.97889864
621,2,2,8.940696716308594e-08,0.04160436,0.036699384,0.9216962
621,2,2,0.0,0.23455158,0.015768994,0.7496795
621,2,2,0.0,0.006954919,0.0043458985,0.98869914
621,2,2,0.0,0.005384323,0.0058132284,0.9888026
621,2,2,0.0,0.0071485313,0.007037885,0.98581356
621,2,2,0.0,0.2311788,0.015911985,0.75290924
621,2,2,0.0,0.027813358,0.013701117,0.9584856
621,2,2,0.0,0.0338184,0.016400764,0.9497809
621,2,2,0.0,0.015137505,0.06450206,0.92036057
621,2,0,0.0,0.9143458,0.042224128,0.043430198
621,2,2,2.9802322387695312e-08,0.061048828,0.010629109,0.928322
621,2,2,0.0,0.07382656,0.009960733,0.9162127
621,2,2,0.0,0.0035679005,0.0049374825,0.99149466
621,2,2,0.0,0.0014111919,0.0069135586,0.9916754
621,2,2,0.0,0.00084167166,0.009530603,0.9896279
621,2,2,0.0,0.0036057117,0.004628104,0.99176615
621,2,2,0.0,0.0030604694,0.0071892785,0.9897503
621,2,2,0.0,0.0015922753,0.003984922,0.9944229
621,2,2,0.0,0.0017502623,0.005954996,0.9922948
621,2,2,0.0,0.00053182757,0.001532608,0.9979358
621,2,2,0.0,0.22706097,0.027465371,0.7454739
621,2,2,0.0,0.036723033,0.007588291,0.95568866
621,2,2,0.0,0.029111922,0.0073269084,0.9635612
621,2,2,0.0,0.0026579488,0.0039225053,0.99341965
621,2,2,0.0,0.0008333563,0.0018226285,0.99734414
621,2,2,0.0,0.00026391252,0.0004131527,0.999323
621,2,2,0.0,0.000948636,0.0016280792,0.99742335
621,2,2,0.0,0.00092330296,0.0046665296,0.9944102
621,2,2,0.0,0.00020624447,0.00079186365,0.999002
621,2,2,9.313225746154785e-10,0.00030312536,0.0012988717,0.99839807
621,2,2,0.0,0.0004472562,0.0012432507,0.9983096
621,2,2,0.0,0.14986414,0.020562379,0.8295736
621,2,2,0.0,0.11497137,0.019608367,0.86542034
621,2,2,0.0,0.009651894,0.005308,0.98504007
621,2,2,0.0,0.0031162933,0.002473912,0.9944099
621,2,2,0.0,0.00012402367,0.00045122084,0.99942493
621,2,2,0.0,0.00021940231,0.00066388893,0.99911684
621,2,2,0.0,0.0005174684,0.0011879285,0.9982948
621,2,2,0.0,0.00036850583,0.0032287305,0.99640286
621,2,2,0.0,0.00017772554,0.001821401,0.9980009
621,2,2,0.0,0.00023710946,0.003218048,0.99654496
621,2,2,0.0,0.00063257385,0.0026874274,0.9966802
621,2,2,0.0,0.40133864,0.036235116,0.56242627
621,2,2,0.0,0.011216207,0.0062557007,0.9825282
621,2,2,0.0,0.0033502877,0.0017527245,0.99489707
621,2,2,0.0,0.00056409946,0.000495572,0.99894047
621,2,2,0.0,0.0007349005,0.0006757413,0.9985896
621,2,2,0.0,0.0001017779,0.0019502883,0.99794805
621,2,2,5.960464477539063e-08,0.0005448987,0.068921536,0.9305336
621,2,0,0.0,0.8080091,0.05068297,0.14130811
621,2,2,0.0,0.013803736,0.006146815,0.9800495
621,2,2,0.0,0.0027964152,0.0018628044,0.9953408
621,2,2,0.0,0.0012197117,0.006820318,0.99196
621,2,2,0.0,0.0016782725,0.0008825195,0.9974394
621,2,2,0.0,0.00037098152,0.00027694373,0.99935204
621,2,2,0.0,0.00037200734,0.0710212,0.9286069
621,2,2,0.0,0.004157075,0.0033318377,0.9925113
621,2,2,0.0,0.0008245021,0.0077055003,0.99147004
621,2,2,0.0,0.0012324527,0.01969136,0.9790764
621,2,2,6.332993507385254e-08,0.003599085,0.004831125,0.9915697
621,2,2,0.0,0.00016571261,0.005748086,0.99408627
621,2,2,0.0,0.0007969946,0.012198135,0.9870049
621,2,2,0.0,0.000964835,0.00364853,0.9953867
621,2,2,0.0,0.0033740539,0.009086189,0.9875398
618,2,2,0.0,0.00019437041,0.0005499394,0.99925566
618,2,2,0.0,0.00021423097,0.0004490759,0.99933666
618,2,2,0.0,0.0013016643,0.012881674,0.9858169
618,2,2,0.0,0.00089172804,0.0007703891,0.9983379
618,2,2,9.313225746154785e-10,0.000727118,0.0004378622,0.9988351
618,2,2,0.0,0.00019903007,0.00027123978,0.99952984
618,2,2,0.0,0.00042952585,0.000630914,0.99893963
618,2,2,0.0,0.00041556085,0.00063137355,0.998953
618,2,2,0.0,0.00024397328,0.00032950923,0.9994265
618,2,2,0.0,0.0011106724,0.001661188,0.9972281
618,2,2,0.0,0.0011001274,0.0015994018,0.99730057
618,2,2,1.862645149230957e-09,0.0012971795,0.0012280248,0.99747485
618,2,2,0.0,0.0012824876,0.0006375355,0.99808025
618,2,2,0.0,0.001043635,0.00078317424,0.9981732
618,2,2,0.0,0.0013270853,0.00083335035,0.9978396
618,2,2,0.0,0.0014698374,0.00073111657,0.99779916
618,2,2,0.0,0.0011146239,0.00090227986,0.9979831
618,2,2,0.0,0.00017059795,0.00033825124,0.99949116
618,2,2,0.0,0.00022622121,0.0012667921,0.99850714
618,2,2,0.0,0.0010456708,0.0021741523,0.99678034
618,2,2,0.0,0.012299218,0.011569555,0.9761314
618,2,2,0.0,0.01823011,0.20697723,0.7747927
618,2,2,0.0,0.0010791885,0.002471441,0.9964495
618,2,2,0.0,0.0010956168,0.0010302183,0.99787426
618,2,2,0.0,0.0013842072,0.00069573475,0.99792016
618,2,2,0.0,0.0015566148,0.0007972843,0.99764615
618,2,2,0.0,0.0014405376,0.00052123977,0.9980383
618,2,2,0.0,0.0020414866,0.00026351135,0.997695
618,2,2,0.0,0.00136343,0.00033834754,0.99829835
618,2,2,0.0,0.00046878264,0.00033092574,0.9992005
618,2,2,0.0,0.0002660425,0.00023408637,0.99949986
618,2,2,0.0,0.00035318895,0.0008837757,0.9987631
618,2,2,0.0,0.00026464113,0.04883042,0.95090497
618,2,2,0.0,0.13587804,0.09235701,0.77176493
618,2,2,0.0,0.00035288595,0.0012087065,0.9984385
618,2,2,0.0,0.00072298374,0.00050216203,0.998775
618,2,2,5.960464477539063e-08,0.002539254,0.0005018004,0.9969589
618,2,2,0.0,0.0017417537,0.00037757945,0.9978809
618,2,2,0.0,0.00071758596,0.00029114552,0.99899125
618,2,2,0.0,0.001091449,0.00039360856,0.99851507
618,2,2,0.0,0.00064953434,0.00028212654,0.9990684
618,2,2,9.313225746154785e-10,0.0016706258,0.00031146442,0.9980179
618,2,2,0.0,0.0012328024,0.0027768055,0.9959906
618,2,2,5.960464477539063e-08,0.0007712271,0.01113775,0.98809105
618,2,1,0.0,0.014067906,0.65512383,0.33080837
618,2,2,0.0,0.00038218635,0.00055430917,0.9990636
618,2,2,0.0,0.0006343442,0.0005668374,0.99879885
618,2,2,0.0,0.00046862883,0.02844649,0.97108495
618,2,2,0.0,0.00017118173,0.002091168,0.9977378
618,2,2,3.725290298461914e-09,0.0003670408,0.005792136,0.9938408
618,2,2,0.0,0.002185852,0.0004691778,0.99734515
618,2,2,0.0,0.002271557,0.0008262263,0.9969024
618,2,2,5.587935447692871e-09,0.0015336409,0.0015337288,0.9969327
618,2,2,0.0,0.000112491034,0.0057935915,0.99409395
618,2,2,0.0,6.211374e-05,0.009030215,0.9909077
618,2,2,0.0,0.00016876649,0.020311456,0.97951996
618,2,2,4.656612873077393e-10,0.00022147957,0.00033332568,0.99944514
618,2,2,0.0,0.00056074694,0.0010649482,0.99837446
618,2,2,0.0,0.002619269,0.0011512162,0.9962296
618,2,2,0.0,0.0035715841,0.0014877748,0.9949407
618,2,2,0.0,0.0013394079,0.0009170505,0.99774367
618,2,2,0.0,0.00013660597,0.033951815,0.9659117
618,2,2,0.0,0.00014253409,0.027950244,0.97190726
618,2,2,0.0,0.0021071965,0.10336656,0.8945264
618,2,2,0.0,0.0040574204,0.030257741,0.96568495
618,2,2,5.587935447692871e-08,0.0035267032,0.006333647,0.9901396
618,2,2,0.0,0.0019272333,0.0009803786,0.9970924
618,2,2,0.0,0.00023113954,0.000932414,0.9988365
618,2,2,0.0,8.741482e-05,0.0008033245,0.99910927
618,2,2,0.0,0.00012015424,0.0011899724,0.99869007
618,2,2,0.0,7.869401e-05,0.0010448897,0.9988765
618,2,2,0.0,7.5382806e-05,0.0011564203,0.9987682
618,2,2,7.450580596923828e-09,0.00016947146,0.006065535,0.993765
618,2,2,0.0,0.00010855517,0.0016698707,0.99822164
618,2,2,9.313225746154785e-10,9.369337e-05,0.00096923223,0.9989371
618,2,2,0.0,0.00011596452,0.0009813571,0.99890274
618,2,2,0.0,0.00013334508,0.0011988538,0.99866784
618,2,2,0.0,0.0007014028,0.026325984,0.9729728
618,2,2,0.0,0.0001488074,0.0015356138,0.9983158
525,2,2,0.0,5.8087335e-05,0.0018158406,0.9981262
525,2,2,0.0,4.4135257e-05,0.0012387108,0.9987173
525,2,2,0.0,6.264933e-05,0.0012276173,0.9987098
940,2,2,4.656612873077393e-10,0.00017046038,0.000299685,0.99952984
940,2,2,0.0,0.0014006326,0.0008291939,0.9977703
940,2,2,0.0,0.0010418599,0.0015193172,0.99743885
940,2,2,0.0,0.00015153804,0.00031488982,0.9995337
940,2,2,6.332993507385254e-08,0.0010349979,0.0010905345,0.99787444
940,2,2,0.0,0.001107125,0.001725728,0.9971672
940,2,2,0.0,0.0010673875,0.0022695519,0.9966631
940,2,2,5.960464477539063e-08,0.00096885744,0.0016106176,0.99742055
940,2,2,5.8673322200775146e-08,0.00095707097,0.00076892256,0.9982741
940,2,2,5.681067705154419e-08,0.0015310113,0.00042911436,0.99803984
940,2,2,0.0,0.0010593977,0.00095527095,0.9979854
940,2,2,0.0,0.0010033917,0.0013165784,0.9976802
940,2,2,0.0,0.0008427472,0.0002232965,0.99893403
692,2,2,0.0,0.00019437041,0.0005499394,0.99925566
692,2,2,0.0,0.00021423097,0.0004490759,0.99933666
692,2,2,0.0,0.0013016643,0.012881674,0.9858169
692,2,2,0.0,0.00089172804,0.0007703891,0.9983379
692,2,2,9.313225746154785e-10,0.000727118,0.0004378622,0.9988351
692,2,2,0.0,0.00019903007,0.00027123978,0.99952984
692,2,2,0.0,0.00042952585,0.000630914,0.99893963
692,2,2,0.0,0.00041556085,0.00063137355,0.998953
692,2,2,0.0,0.00024397328,0.00032950923,0.9994265
692,2,2,0.0,0.0011106724,0.001661188,0.9972281
692,2,2,0.0,0.0011001274,0.0015994018,0.99730057
692,2,2,1.862645149230957e-09,0.0012971795,0.0012280248,0.99747485
692,2,2,0.0,0.0012824876,0.0006375355,0.99808025
692,2,2,0.0,0.001043635,0.00078317424,0.9981732
692,2,2,0.0,0.0013270853,0.00083335035,0.9978396
692,2,2,0.0,0.0014698374,0.00073111657,0.99779916
692,2,2,0.0,0.0011146239,0.00090227986,0.9979831
692,2,2,0.0,0.00017059795,0.00033825124,0.99949116
692,2,2,0.0,0.00022622121,0.0012667921,0.99850714
692,2,2,0.0,0.0010456708,0.0021741523,0.99678034
692,2,2,0.0,0.012299218,0.011569555,0.9761314
692,2,2,0.0,0.01823011,0.20697723,0.7747927
692,2,2,0.0,0.0010791885,0.002471441,0.9964495
692,2,2,0.0,0.0010956168,0.0010302183,0.99787426
692,2,2,0.0,0.0013842072,0.00069573475,0.99792016
692,2,2,0.0,0.0015566148,0.0007972843,0.99764615
692,2,2,0.0,0.0014405376,0.00052123977,0.9980383
692,2,2,0.0,0.0020414866,0.00026351135,0.997695
692,2,2,0.0,0.00136343,0.00033834754,0.99829835
692,2,2,0.0,0.00046878264,0.00033092574,0.9992005
692,2,2,0.0,0.0002660425,0.00023408637,0.99949986
692,2,2,0.0,0.00035318895,0.0008837757,0.9987631
692,2,2,0.0,0.00026464113,0.04883042,0.95090497
692,2,2,0.0,0.13587804,0.09235701,0.77176493
692,2,2,0.0,0.00035288595,0.0012087065,0.9984385
692,2,2,0.0,0.00072298374,0.00050216203,0.998775
692,2,2,5.960464477539063e-08,0.002539254,0.0005018004,0.9969589
692,2,2,0.0,0.0017417537,0.00037757945,0.9978809
692,2,2,0.0,0.00071758596,0.00029114552,0.99899125
692,2,2,0.0,0.001091449,0.00039360856,0.99851507
692,2,2,0.0,0.00064953434,0.00028212654,0.9990684
692,2,2,9.313225746154785e-10,0.0016706258,0.00031146442,0.9980179
692,2,2,0.0,0.0012328024,0.0027768055,0.9959906
692,2,2,5.960464477539063e-08,0.0007712271,0.01113775,0.98809105
692,2,1,0.0,0.014067906,0.65512383,0.33080837
692,2,2,0.0,0.00038218635,0.00055430917,0.9990636
692,2,2,0.0,0.0006343442,0.0005668374,0.99879885
692,2,2,0.0,0.00046862883,0.02844649,0.97108495
692,2,2,0.0,0.00017118173,0.002091168,0.9977378
692,2,2,3.725290298461914e-09,0.0003670408,0.005792136,0.9938408
692,2,2,0.0,0.002185852,0.0004691778,0.99734515
692,2,2,0.0,0.002271557,0.0008262263,0.9969024
692,2,2,5.587935447692871e-09,0.0015336409,0.0015337288,0.9969327
692,2,2,0.0,0.000112491034,0.0057935915,0.99409395
692,2,2,0.0,6.211374e-05,0.009030215,0.9909077
692,2,2,0.0,0.00016876649,0.020311456,0.97951996
692,2,2,4.656612873077393e-10,0.00022147957,0.00033332568,0.99944514
692,2,2,0.0,0.00056074694,0.0010649482,0.99837446
692,2,2,0.0,0.002619269,0.0011512162,0.9962296
692,2,2,0.0,0.0035715841,0.0014877748,0.9949407
692,2,2,0.0,0.0013394079,0.0009170505,0.99774367
692,2,2,0.0,0.00013660597,0.033951815,0.9659117
692,2,2,0.0,0.00014253409,0.027950244,0.97190726
692,2,2,0.0,0.0021071965,0.10336656,0.8945264
692,2,2,0.0,0.0040574204,0.030257741,0.96568495
692,2,2,5.587935447692871e-08,0.0035267032,0.006333647,0.9901396
692,2,2,0.0,0.0019272333,0.0009803786,0.9970924
692,2,2,0.0,0.00023113954,0.000932414,0.9988365
692,2,2,0.0,8.741482e-05,0.0008033245,0.99910927
692,2,2,0.0,0.00012015424,0.0011899724,0.99869007
692,2,2,0.0,7.869401e-05,0.0010448897,0.9988765
692,2,2,0.0,7.5382806e-05,0.0011564203,0.9987682
692,2,2,7.450580596923828e-09,0.00016947146,0.006065535,0.993765
692,2,2,0.0,0.00010855517,0.0016698707,0.99822164
692,2,2,9.313225746154785e-10,9.369337e-05,0.00096923223,0.9989371
692,2,2,0.0,0.00011596452,0.0009813571,0.99890274
692,2,2,0.0,0.00013334508,0.0011988538,0.99866784
692,2,2,0.0,0.0007014028,0.026325984,0.9729728
692,2,2,0.0,0.0001488074,0.0015356138,0.9983158
991,2,2,6.05359673500061e-08,8.31279e-05,0.0012438965,0.9986731
991,2,2,5.8673322200775146e-08,7.6123295e-05,0.0014091262,0.9985148
991,2,2,0.0,0.00025895462,0.0035838448,0.9961573
991,2,2,0.0,0.0030165259,0.014811826,0.98217165
991,2,2,0.0,5.0450886e-05,0.0014146912,0.99853486
991,2,2,4.656612873077393e-10,0.00015096307,0.0003276248,0.9995214
991,2,2,0.0,0.0002139235,0.00022276369,0.99956346
991,2,2,0.0,0.00044127138,0.0022286738,0.9973303
991,2,2,0.0,0.0007110473,0.00037538138,0.9989138
991,2,2,0.0,0.00020117154,0.000978501,0.9988205
991,2,2,5.960464477539063e-08,0.0023540712,0.0052097887,0.992436
991,2,2,0.0,0.0002485509,0.000640609,0.9991108
991,2,2,0.0,0.0003707138,0.00031414148,0.99931526
991,2,2,0.0,0.0005535147,0.00018480813,0.99926186
991,2,2,0.0,0.0006740855,0.0004871905,0.9988388
991,2,2,6.05359673500061e-08,0.0006522535,0.0005023393,0.9988453
991,2,2,6.146728992462158e-08,0.0021714296,0.0012090559,0.9966194
991,2,2,0.0,0.0011587581,0.0030154043,0.9958259
991,2,2,0.0,0.00012514324,0.0007994752,0.99907535
991,2,2,5.21540641784668e-08,0.004722098,0.002414633,0.99286324
991,2,2,6.007030606269836e-08,0.000558836,0.00028495034,0.9991562
991,2,2,0.0,0.0009095773,0.00019299635,0.99889755
991,2,2,9.313225746154785e-10,0.0009007805,0.00025972555,0.9988396
991,2,2,0.0,0.0013779411,0.0002299775,0.9983921
991,2,2,9.313225746154785e-10,0.0010939083,0.00029181404,0.9986143
991,2,2,0.0,0.0019625784,0.0011820358,0.9968554
991,2,2,0.0,0.0009911879,0.002859268,0.99614954
991,2,2,0.0,0.0029667288,0.002091163,0.9949421
991,2,2,0.0,0.0006654077,0.0004967779,0.9988379
991,2,2,0.0,0.00045912014,0.00028572016,0.9992553
991,2,2,0.0,0.0005452394,0.00022020159,0.9992346
991,2,2,0.0,0.0006675716,0.00016273154,0.99916977
991,2,2,0.0,0.000735279,0.00018619013,0.99907875
991,2,2,0.0,0.0010710935,0.0008651146,0.998064
991,2,2,0.0,0.0010765432,0.0018403342,0.9970832
991,2,2,0.0,0.0014552036,0.0026474174,0.9958974
991,2,0,0.0,0.73263943,0.023942094,0.24341848
991,2,2,0.0,0.0018657307,0.03027799,0.9678564
991,2,2,0.0,0.0006790825,0.012079074,0.98724186
991,2,2,0.0,0.0006206385,0.0031449248,0.99623454
991,2,2,0.0,0.00052631425,0.00075943075,0.9987144
991,2,2,0.0,0.00026228183,0.00015680635,0.9995809
991,2,2,0.0,0.00055249257,0.00018463285,0.9992629
991,2,2,0.0,0.0006806649,0.0002013414,0.99911803
991,2,2,0.0,0.0012125599,0.0007568824,0.9980306
991,2,2,1.862645149230957e-09,0.0012229094,0.0018454705,0.9969317
991,2,2,0.0,0.0016111784,0.0037365754,0.9946524
991,2,2,0.0,0.0007329473,0.01730773,0.98195946
991,2,2,0.0,0.00038311415,0.051442314,0.94817454
991,2,2,0.0,0.00024466903,0.00246866,0.9972868
991,2,2,0.0,0.00027665176,0.00069669617,0.9990268
991,2,2,5.9138983488082886e-08,0.00019221002,0.00032349795,0.99948424
991,2,2,0.0,0.0003265436,0.00029806205,0.99937546
991,2,2,0.0,0.00039048886,0.00024289769,0.9993667
991,2,2,0.0,0.0007426788,0.00029771234,0.99895966
991,2,2,0.0,0.0011364763,0.0013895838,0.99747396
991,2,2,0.0,0.0014552487,0.009062447,0.98948246
991,2,2,0.0,0.00023451362,0.002719434,0.9970461
991,2,2,0.0,0.00021022686,0.0004410429,0.9993488
991,2,2,0.0,0.00038204275,0.00044667034,0.9991714
991,2,2,0.0,0.0002553039,0.00028487455,0.99945986
991,2,2,0.0,0.00017666667,0.00034403778,0.9994794
991,2,2,6.984919309616089e-10,0.00015992789,0.00024239345,0.9995977
991,2,2,0.0,0.00028222075,0.00039046648,0.9993273
991,2,2,0.0,0.005691748,0.0077580404,0.98655033
991,2,2,0.0,0.00056557194,0.014865962,0.9845686
991,2,2,0.0,0.00091865234,0.0010492409,0.99803215
991,2,2,0.0,0.00069280656,0.00080648554,0.99850094
991,2,2,0.0,0.0004266322,0.0005195628,0.99905396
991,2,2,0.0,0.00016370502,0.0014376102,0.9983988
991,2,2,0.0,0.0002877426,0.0067158975,0.99299634
991,2,2,0.0,0.00064037845,0.0015723904,0.9977874
662,2,2,5.587935447692871e-08,0.001704968,0.0010938566,0.99720114
662,2,2,0.0,0.0016875201,0.0011855462,0.997127
662,2,2,5.774199962615967e-08,0.0019018424,0.0010247316,0.99707335
662,2,2,0.0,0.0022011856,0.00086588884,0.996933
662,2,2,0.0,0.0035849712,0.0016550083,0.9947601
662,2,2,0.0,0.0026956748,0.0017076514,0.9955968
662,2,2,0.0,0.0028320241,0.001514385,0.9956537
662,2,2,0.0,0.0023710472,0.0012240863,0.99640507
662,2,2,0.0,0.0019535804,0.0008808979,0.99716574
662,2,2,0.0,0.0006248787,0.00035445823,0.9990207
662,2,2,1.862645149230957e-09,0.0022248928,0.0012871192,0.9964881
662,2,2,0.0,0.0023726213,0.001317572,0.99630994
662,2,2,0.0,0.0021090964,0.001101542,0.9967894
662,2,2,0.0,0.0011361067,0.000619746,0.9982443
662,2,2,0.0,0.00044775102,0.0003152011,0.9992372
1017,2,2,2.9802322387695312e-08,0.124566324,0.0014233788,0.8740103
1017,2,2,6.332993507385254e-08,0.008960647,0.001130035,0.98990935
1017,2,2,0.0,0.0013266008,0.002722875,0.9959507
1017,2,2,0.0,0.00056514033,0.0021868893,0.9972479
1017,2,2,0.0,0.00026661044,0.0011702266,0.99856323
1017,2,2,0.0,0.0002769918,0.00071515964,0.999008
1017,2,2,0.0,0.0014513748,0.00031482647,0.9982339
1017,2,2,0.0,0.006694811,0.0018325973,0.99147266
1017,2,2,0.0,0.000251884,0.0006812302,0.999067
1017,2,2,0.0,0.00018055375,0.0010007236,0.9988188
1017,2,2,0.0,0.0002263302,0.0011779406,0.99859583
1017,2,2,0.0,0.0005102213,0.0014165071,0.9980736
1017,2,2,0.0,0.00047213794,0.001060931,0.99846697
1017,2,2,0.0,0.0006710721,0.0005477724,0.99878126
1017,2,2,1.862645149230957e-09,0.0007821968,0.0005334352,0.99868435
1017,2,2,6.146728992462158e-08,0.0022426671,0.002032379,0.99572486
1017,2,2,0.0,0.0002820846,0.0006755808,0.9990425
1017,2,2,6.05359673500061e-08,0.0005722521,0.0009796417,0.99844795
1017,2,2,0.0,0.00034208898,0.0009198126,0.9987382
1017,2,2,0.0,0.00051866745,0.0016567826,0.9978247
1017,2,2,0.0,0.00059272815,0.0016009042,0.9978065
1017,2,2,0.0,0.00063137355,0.0007148143,0.998654
1017,2,2,0.0,0.0008512504,0.000492355,0.9986564
1017,2,2,0.0,0.00045192885,0.0004753414,0.99907297
1017,2,2,0.0,0.0013174602,0.0046279873,0.99405473
1017,2,2,4.656612873077393e-10,0.00020470076,0.0007078524,0.99908745
1017,2,2,1.862645149230957e-09,0.0006532579,0.00090944767,0.99843735
1017,2,2,9.313225746154785e-10,0.00034097896,0.0007637373,0.9988953
1017,2,2,0.0,0.0005408854,0.0014546764,0.99800456
1017,2,2,5.8673322200775146e-08,0.00072004495,0.0012401458,0.99803984
1017,2,2,0.0,0.0010544627,0.0005050772,0.9984407
1017,2,2,0.0,0.0011483625,0.0005038014,0.9983479
1017,2,2,0.0,0.00037659353,0.00034698006,0.99927664
1017,2,2,0.0,0.000954278,0.015771987,0.98327386
1017,2,2,0.0,0.00015549587,0.0015373818,0.9983072
1017,2,2,0.0,0.00076550496,0.00061083515,0.99862385
1017,2,2,0.0,0.0004034616,0.00046362853,0.9991331
1017,2,2,0.0,0.0004809519,0.0007137482,0.9988055
1017,2,2,0.0,0.0007051758,0.00071994157,0.99857485
1017,2,2,0.0,0.0003511845,0.00027016352,0.9993786
1017,2,2,0.0,0.00041879376,0.00023886477,0.99934244
1017,2,2,0.0,0.34371763,0.03083588,0.62544644
1017,2,2,0.0,0.00033774454,0.009803421,0.9898588
1017,2,2,0.0,0.00039940872,0.0007872565,0.9988136
1017,2,2,0.0,0.00024773707,0.000691459,0.9990608
1017,2,2,0.0,0.00044336126,0.0012955401,0.99826103
1017,2,2,0.0,0.0004552124,0.00070415507,0.9988407
1017,2,2,0.0,0.00042274452,0.0005428874,0.9990344
1017,2,2,0.0,0.0004424424,0.00048338625,0.9990741
1017,2,2,0.0,0.00028427748,0.00028684663,0.99942887
1017,2,2,0.0,0.0003834971,0.010814021,0.9888026
1017,2,2,0.0,0.0004139224,0.0012780653,0.99830824
1017,2,2,0.0,0.00044675445,0.0014977565,0.9980556
1017,2,2,0.0,0.00046417426,0.0013987338,0.9981372
1017,2,2,0.0,0.0016913733,0.03411367,0.9641951
1017,2,2,0.0,0.0004494197,0.001967118,0.9975835
1017,2,2,0.0,0.00032992652,0.0023986804,0.9972714
1017,2,2,0.0,0.0003429422,0.00231166,0.9973455
1017,2,2,7.450580596923828e-08,0.0007711617,0.020445095,0.9787838
1017,2,2,0.0,0.00024988258,0.0062623234,0.9934878
1017,2,2,0.0,0.00017409946,0.005176811,0.99464905
