scheme,training_scheme,w_ring0,w_ring1,w_ring2,polygon_id,y_true,y_pred,correct,confidence,entropy,margin,effective_pixels,n_pixels,mean_distance_px,prob_class_0,prob_class_1,prob_class_2
A0_standard,T0_standard,1.0,1.0,1.0,12,0,0,1,0.981364502720627,0.10310354175230374,0.9673372638091379,10.0,10,0.4554644,0.981364502720627,0.014027238911489206,0.004608258367883709
A0_standard,T0_standard,1.0,1.0,1.0,13,0,0,1,0.9855983856946823,0.0822482600057165,0.9738511206841356,12.0,12,0.46369266666666675,0.9855983856946823,0.011747265010546674,0.0026543492947709783
A0_standard,T0_standard,1.0,1.0,1.0,15,0,0,1,0.9688461648578893,0.16017218282307105,0.9517296156620806,21.0,21,0.7021404761904763,0.9688461648578893,0.014037285946302042,0.017116549195808777
A0_standard,T0_standard,1.0,1.0,1.0,16,0,0,1,0.9861741172573774,0.07931329926508346,0.9747551898470747,29.0,29,0.8733876206896551,0.9861741172573774,0.01141892741030265,0.0024069553323199213
A0_standard,T0_standard,1.0,1.0,1.0,22,0,0,1,0.9848589948199049,0.08539423781378727,0.9723044546815063,10.0,10,0.3705015,0.9848589948199049,0.012554540138398615,0.002586465041696611
A0_standard,T0_standard,1.0,1.0,1.0,23,0,0,1,0.882380824847589,0.41950268837419935,0.7872192974897242,20.0,20,0.5421750500000001,0.882380824847589,0.022457647794546256,0.09516152735786472
A0_standard,T0_standard,1.0,1.0,1.0,28,0,0,1,0.8997907149719152,0.3847366834471222,0.8274029345989911,9.0,9,0.46474844444444446,0.8997907149719152,0.027821504655160638,0.0723877803729242
A0_standard,T0_standard,1.0,1.0,1.0,33,0,0,1,0.984463233801882,0.08813003325904176,0.9722087091921252,8.0,8,0.401292125,0.984463233801882,0.01225452460975684,0.0032822415883610578
A0_standard,T0_standard,1.0,1.0,1.0,35,0,0,1,0.9808504420572441,0.1032759798083899,0.9648536945976486,9.0,9,0.5700594444444445,0.9808504420572441,0.015996747459595517,0.0031528104831602577
A0_standard,T0_standard,1.0,1.0,1.0,36,0,0,1,0.9825981012108446,0.09638793806441576,0.9686280047225231,18.0,18,0.6305999999999998,0.9825981012108446,0.013970096488321513,0.0034318023008340017
A0_standard,T0_standard,1.0,1.0,1.0,40,0,0,1,0.980744411523072,0.10328023951919296,0.9643846863461042,26.0,26,0.6631952692307693,0.980744411523072,0.016359725176967807,0.002895863299960274
A0_standard,T0_standard,1.0,1.0,1.0,44,0,0,1,0.9882938677114214,0.06830753410550357,0.9781532573877637,22.0,22,0.6243710909090908,0.9882938677114214,0.010140610323657635,0.0015655219649210322
A0_standard,T0_standard,1.0,1.0,1.0,51,0,0,1,0.9852140247902618,0.08492873812789724,0.9738038182805929,19.0,19,0.7660634736842105,0.9852140247902618,0.011410206509668787,0.0033757687000694025
A0_standard,T0_standard,1.0,1.0,1.0,52,0,0,1,0.939505498077876,0.2663022774979271,0.8984413000924015,13.0,13,0.4411058461538462,0.939505498077876,0.019430303936649584,0.04106419798547446
A0_standard,T0_standard,1.0,1.0,1.0,57,0,0,1,0.9836542925062123,0.09362622504215279,0.9724420236893717,28.0,28,0.6690655000000001,0.9836542925062123,0.011212268816840596,0.005133438676947155
A0_standard,T0_standard,1.0,1.0,1.0,63,0,0,1,0.9254885280051265,0.3037430797098729,0.8668463554823675,30.0,30,0.7458895333333335,0.9254885280051265,0.015869299472114507,0.058642172522758884
A0_standard,T0_standard,1.0,1.0,1.0,67,0,0,1,0.9505772693481949,0.23010199787152769,0.9209930281349514,20.0,20,0.7178675999999999,0.9505772693481949,0.01983848943856181,0.02958424121324344
A0_standard,T0_standard,1.0,1.0,1.0,71,0,0,1,0.9862696751089354,0.07977913931929419,0.9755847924626615,35.0,35,0.7804486857142857,0.9862696751089354,0.01068488264627388,0.003045442244790904
A0_standard,T0_standard,1.0,1.0,1.0,73,0,0,1,0.9649081494400329,0.17603477853849225,0.9450407951851846,24.0,24,0.5408927499999999,0.9649081494400329,0.015224496305118676,0.019867354254848278
A0_standard,T0_standard,1.0,1.0,1.0,79,0,0,1,0.9683551399049373,0.16232452973034878,0.9519140724978677,8.0,8,0.419704125,0.9683551399049373,0.015203792687993146,0.01644106740706953
A0_standard,T0_standard,1.0,1.0,1.0,81,0,0,1,0.9870086883016271,0.07564373363352984,0.97648095185545,28.0,28,0.6805994285714284,0.9870086883016271,0.010527736446177131,0.002463575252195675
A0_standard,T0_standard,1.0,1.0,1.0,83,0,0,1,0.9853780788810044,0.08191857734492156,0.9726430118712904,10.0,10,0.44241660000000005,0.9853780788810044,0.012735067009713979,0.0018868541092816832
A0_standard,T0_standard,1.0,1.0,1.0,87,0,0,1,0.9763490169927115,0.12363781159805083,0.957339652323514,26.0,26,0.6640094999999999,0.9763490169927115,0.01900936466919742,0.004641618338091114
A0_standard,T0_standard,1.0,1.0,1.0,98,0,0,1,0.9813057666030626,0.10393598929543148,0.9677812134417357,9.0,9,0.47165666666666667,0.9813057666030626,0.013524553161326811,0.0051696802356104785
A0_standard,T0_standard,1.0,1.0,1.0,101,0,0,1,0.979004708415611,0.11537046750778793,0.9651842127443,18.0,18,0.6716582222222223,0.979004708415611,0.013820495671311052,0.007174795913077887
A0_standard,T0_standard,1.0,1.0,1.0,107,0,0,1,0.8132128666396273,0.5814236999927211,0.6687001771729149,7.0,7,0.4162268571428571,0.8132128666396273,0.042274443893660175,0.14451268946671253
A0_standard,T0_standard,1.0,1.0,1.0,108,0,0,1,0.9738255058480992,0.1392520763871528,0.95976458472053,6.0,6,0.4359216666666666,0.9738255058480992,0.014060921127569273,0.012113573024331433
A0_standard,T0_standard,1.0,1.0,1.0,109,0,0,1,0.8959980719338966,0.37860528226069423,0.8080944295291372,15.0,15,0.5712982666666666,0.8959980719338966,0.01609828566134411,0.0879036424047593
A0_standard,T0_standard,1.0,1.0,1.0,110,0,0,1,0.9742499782501707,0.1372582416926359,0.9596437756508036,4.0,4,0.45297975,0.9742499782501707,0.014606202599367091,0.011143819150462263
A0_standard,T0_standard,1.0,1.0,1.0,111,0,0,1,0.9685711155609482,0.15336188208446472,0.9420922893553253,38.0,38,0.9744740526315788,0.9685711155609482,0.026478826205622922,0.004950058233428693
A0_standard,T0_standard,1.0,1.0,1.0,112,0,0,1,0.8843980991989917,0.39637506318003857,0.780688902961973,20.0,20,0.70145845,0.8843980991989917,0.011892704563989604,0.10370919623701871
A0_standard,T0_standard,1.0,1.0,1.0,114,0,0,1,0.83342425413442,0.5332478811425385,0.6997891090960507,94.0,94,1.411514425531915,0.83342425413442,0.03294060082721073,0.1336351450383693
A0_standard,T0_standard,1.0,1.0,1.0,116,0,0,1,0.9749152324050446,0.13364622512689955,0.9589279224222768,19.0,19,0.6829561052631579,0.9749152324050446,0.015987309982767896,0.009097457612187417
A0_standard,T0_standard,1.0,1.0,1.0,117,0,0,1,0.983034288269069,0.09439738921349902,0.9694079850943316,9.0,9,0.40776277777777775,0.983034288269069,0.013626303174737502,0.0033394085561934484
A0_standard,T0_standard,1.0,1.0,1.0,119,0,0,1,0.9830515433696849,0.09599047551772275,0.9708786054446273,11.0,11,0.4399496363636363,0.9830515433696849,0.012172937925057603,0.004775518705257469
A0_standard,T0_standard,1.0,1.0,1.0,125,0,0,1,0.9691019175223005,0.15127941676408252,0.9430542053239234,21.0,21,0.685138476190476,0.9691019175223005,0.026047712198377135,0.004850370279322459
A0_standard,T0_standard,1.0,1.0,1.0,126,0,0,1,0.9859516613754368,0.0803399031890049,0.9743338076165173,19.0,19,0.5716424736842105,0.9859516613754368,0.011617853758919477,0.0024304848656437695
A0_standard,T0_standard,1.0,1.0,1.0,135,0,0,1,0.9809628733123374,0.10473392893166562,0.9664731989359387,26.0,26,0.6855153846153844,0.9809628733123374,0.014489674376398722,0.00454745231126378
A0_standard,T0_standard,1.0,1.0,1.0,136,0,0,1,0.9842486730854794,0.0892645094296299,0.9719290666537592,15.0,15,0.4488484666666667,0.9842486730854794,0.012319606431720182,0.0034317204828004533
A0_standard,T0_standard,1.0,1.0,1.0,137,0,0,1,0.9850858880259491,0.08516647301949057,0.9732874866720567,22.0,22,0.7633684545454543,0.9850858880259491,0.011798401353892445,0.0031157106201584414
A0_standard,T0_standard,1.0,1.0,1.0,138,0,0,1,0.968509281319703,0.16162457584634632,0.9515767498230604,11.0,11,0.5640930909090909,0.968509281319703,0.014558187183654347,0.01693253149664261
A0_standard,T0_standard,1.0,1.0,1.0,140,0,0,1,0.9783950831838907,0.11854321050130817,0.9649495835926226,16.0,16,0.4220644375,0.9783950831838907,0.013445499591268114,0.00815941722484118
A0_standard,T0_standard,1.0,1.0,1.0,142,0,0,1,0.9840336476712852,0.09249596777982262,0.974130308567098,2.0,2,0.1290305,0.9840336476712852,0.00990333910418719,0.00606301322452765
A0_standard,T0_standard,1.0,1.0,1.0,143,0,0,1,0.9838993264988711,0.09155706736210192,0.9718740447421536,12.0,12,0.5242633333333334,0.9838993264988711,0.012025281756717621,0.004075391744411305
A0_standard,T0_standard,1.0,1.0,1.0,148,0,0,1,0.9080245760633329,0.3643533281586885,0.8449752929132964,24.0,24,0.647964,0.9080245760633329,0.02892614078663071,0.0630492831500364
A0_standard,T0_standard,1.0,1.0,1.0,149,0,0,1,0.9838396922368241,0.09062133657154012,0.9707986871789474,6.0,6,0.37699533333333335,0.9838396922368241,0.013041005057876798,0.003119302705299077
A0_standard,T0_standard,1.0,1.0,1.0,150,0,0,1,0.976551885062005,0.126641570781645,0.9618160835392776,24.0,24,0.7517964166666666,0.976551885062005,0.014735801522727396,0.008712313415267802
A0_standard,T0_standard,1.0,1.0,1.0,161,0,0,1,0.9839702512594405,0.09001498268132757,0.9710308924383733,7.0,7,0.29993757142857147,0.9839702512594405,0.012939358821067256,0.0030903899194922196
A0_standard,T0_standard,1.0,1.0,1.0,166,0,0,1,0.9854328263838096,0.0842721528086611,0.9745216905568845,8.0,8,0.523448625,0.9854328263838096,0.01091113582692503,0.003656037789265387
A0_standard,T0_standard,1.0,1.0,1.0,172,0,0,1,0.9776103522924386,0.1208827763916425,0.9619456972193767,24.0,24,0.78042225,0.9776103522924386,0.015664655073061872,0.0067249926344994425
A0_standard,T0_standard,1.0,1.0,1.0,174,0,0,1,0.9861201636622893,0.07912848364471076,0.9743862708977287,13.0,13,0.49278453846153847,0.9861201636622893,0.01173389276456061,0.002145943573150194
A0_standard,T0_standard,1.0,1.0,1.0,176,0,0,1,0.9840564523417232,0.0901008251340686,0.971541354856647,10.0,10,0.5815139,0.9840564523417232,0.012515097485076182,0.00342845017320045
A0_standard,T0_standard,1.0,1.0,1.0,181,0,0,1,0.9439648036684607,0.24996015502585198,0.9045234317809131,24.0,24,0.70607475,0.9439648036684607,0.016593824443991607,0.03944137188754757
A0_standard,T0_standard,1.0,1.0,1.0,183,0,0,1,0.9767451486468345,0.1184886227984783,0.9560392573545711,26.0,26,0.6592863846153847,0.9767451486468345,0.020705891292263433,0.0025489600609020636
A0_standard,T0_standard,1.0,1.0,1.0,185,0,0,1,0.9787754722117222,0.11602891989971051,0.9642857713231694,22.0,22,0.7109205454545454,0.9787754722117222,0.014489700888552802,0.00673482689972497
A0_standard,T0_standard,1.0,1.0,1.0,186,0,0,1,0.9362457747440681,0.27861072591693953,0.8950652290543439,18.0,18,0.5899305555555555,0.9362457747440681,0.022573679566207743,0.04118054568972416
A0_standard,T0_standard,1.0,1.0,1.0,189,0,0,1,0.9830376695233095,0.09563288714317231,0.9704319517424346,19.0,19,0.7392215263157894,0.9830376695233095,0.012605717780874938,0.004356612695815533
A0_standard,T0_standard,1.0,1.0,1.0,190,0,0,1,0.9518686820660164,0.2263369951104582,0.9276545915527205,13.0,13,0.4378136923076923,0.9518686820660164,0.023917227420687664,0.02421409051329588
A0_standard,T0_standard,1.0,1.0,1.0,191,0,0,1,0.983017572129773,0.09486419623711298,0.9696664616345121,8.0,8,0.35865175,0.983017572129773,0.013351110495260892,0.003631317374966053
A0_standard,T0_standard,1.0,1.0,1.0,193,0,0,1,0.9677080695328095,0.16483566292506685,0.9499144523972346,19.0,19,0.6627145789473685,0.9677080695328095,0.014498313331615623,0.0177936171355749
A0_standard,T0_standard,1.0,1.0,1.0,194,0,0,1,0.9802506826381802,0.10892509443579487,0.9661965525127615,4.0,4,0.36402175000000003,0.9802506826381802,0.014054130125418627,0.0056951872364012085
A0_standard,T0_standard,1.0,1.0,1.0,202,0,0,1,0.9634379487793324,0.1710236896957193,0.9316483228212502,12.0,12,0.5620495,0.9634379487793324,0.03178962595808225,0.004772425262585495
A0_standard,T0_standard,1.0,1.0,1.0,205,0,0,1,0.9571935251843504,0.2049355202841536,0.9301601038761071,8.0,8,0.411409875,0.9571935251843504,0.015773053507406307,0.027033421308243235
A0_standard,T0_standard,1.0,1.0,1.0,214,0,0,1,0.9830861498783731,0.09118841480711444,0.9678265225581747,13.0,13,0.42564623076923075,0.9830861498783731,0.015259627320198345,0.001654222801428618
A0_standard,T0_standard,1.0,1.0,1.0,216,0,0,1,0.9814834418046202,0.10276537484439666,0.9677299710736147,16.0,16,0.67221975,0.9814834418046202,0.013753470731005557,0.0047630874643742145
A0_standard,T0_standard,1.0,1.0,1.0,229,0,0,1,0.9238751040549097,0.31369798325335474,0.8684007602646127,8.0,8,0.43293575000000006,0.9238751040549097,0.020650552154793247,0.05547434379029704
A0_standard,T0_standard,1.0,1.0,1.0,232,0,0,1,0.7405691164526995,0.7155218250052267,0.5434831467291332,7.0,7,0.4263571428571429,0.7405691164526995,0.1970859697235663,0.062344913823734395
A0_standard,T0_standard,1.0,1.0,1.0,234,0,0,1,0.9609221067850654,0.18945694771893737,0.9342932931140673,64.0,64,1.335183234375,0.9609221067850654,0.026628813670998133,0.012449079543936478
A0_standard,T0_standard,1.0,1.0,1.0,235,0,0,1,0.9846219225879607,0.08772865632001428,0.9727608454457836,22.0,22,0.6667994090909091,0.9846219225879607,0.01186107714217715,0.0035170002698620946
A0_standard,T0_standard,1.0,1.0,1.0,251,1,2,0,0.5306425667336742,0.7597311174251448,0.07689147025599646,4.0,4,0.446091,0.015606336788648152,0.4537510964776777,0.5306425667336742
A0_standard,T0_standard,1.0,1.0,1.0,265,1,1,1,0.9942152729745634,0.03858448545033217,0.989673900681083,5.0,5,0.336413,0.00124335473195618,0.9942152729745634,0.00454137229348038
A0_standard,T0_standard,1.0,1.0,1.0,267,1,1,1,0.8151173198148305,0.507245236972188,0.6368503719485645,6.0,6,0.5574418333333333,0.006615732318903672,0.8151173198148305,0.17826694786626598
A0_standard,T0_standard,1.0,1.0,1.0,268,1,1,1,0.9969859978307899,0.022047208265874776,0.9946003865828006,6.0,6,0.31415733333333334,0.0006283909212207342,0.9969859978307899,0.002385611247989274
A0_standard,T0_standard,1.0,1.0,1.0,284,1,1,1,0.9146880241128003,0.3038684302365525,0.8321739871415387,10.0,10,0.3636243,0.0027979389159383298,0.9146880241128003,0.0825140369712616
A0_standard,T0_standard,1.0,1.0,1.0,285,1,1,1,0.9959584410705776,0.028006722323724753,0.9925181730533194,6.0,6,0.3586993333333333,0.0006012909121642202,0.9959584410705776,0.003440268017258243
A0_standard,T0_standard,1.0,1.0,1.0,294,1,1,1,0.9158530999968703,0.3034853140085163,0.8352532618031465,10.0,10,0.48758270000000004,0.003547061809406051,0.9158530999968703,0.08059983819372371
A0_standard,T0_standard,1.0,1.0,1.0,299,1,1,1,0.9438359621205346,0.2276615612708034,0.8905595011385001,11.0,11,0.46210636363636354,0.0028875768974309466,0.9438359621205346,0.053276460982034424
A0_standard,T0_standard,1.0,1.0,1.0,304,1,1,1,0.9958513392949335,0.02942952347108816,0.9929471981067216,30.0,30,0.8912446,0.0012445195168546731,0.9958513392949335,0.0029041411882118904
A0_standard,T0_standard,1.0,1.0,1.0,312,1,1,1,0.8906623509362687,0.3575231721129985,0.7839529629325309,16.0,16,0.5348219375,0.10670938800373778,0.8906623509362687,0.0026282610599935516
A0_standard,T0_standard,1.0,1.0,1.0,315,1,1,1,0.9305321055220588,0.2776744495749402,0.8693625478080238,11.0,11,0.557503090909091,0.008298336763906093,0.9305321055220588,0.06116955771403504
A0_standard,T0_standard,1.0,1.0,1.0,326,1,1,1,0.9974022083529067,0.019620392262440486,0.995554233896613,32.0,32,0.951023,0.000749817190799655,0.9974022083529067,0.001847974456293673
A0_standard,T0_standard,1.0,1.0,1.0,327,1,1,1,0.989158567773304,0.06394529663676013,0.979686416333378,8.0,8,0.4168645,0.0013692807867699728,0.989158567773304,0.009472151439926014
A0_standard,T0_standard,1.0,1.0,1.0,328,1,1,1,0.9561521803263839,0.18764020820639676,0.9141505031696349,25.0,25,0.80846332,0.00184614251686706,0.9561521803263839,0.04200167715674904
A0_standard,T0_standard,1.0,1.0,1.0,338,1,1,1,0.881105215265182,0.3803367485764716,0.7656626052242133,5.0,5,0.2643014,0.0034521746938490513,0.881105215265182,0.11544261004096884
A0_standard,T0_standard,1.0,1.0,1.0,354,1,1,1,0.843861416263787,0.44584432045678957,0.6901785851907694,14.0,14,0.6306156428571429,0.002455752663195351,0.843861416263787,0.1536828310730176
A0_standard,T0_standard,1.0,1.0,1.0,360,1,1,1,0.9760374930008471,0.1271358838735318,0.9586218978582508,11.0,11,0.733481909090909,0.0065469118565566085,0.9760374930008471,0.01741559514259632
A0_standard,T0_standard,1.0,1.0,1.0,368,1,1,1,0.9910335461984175,0.055252756129019524,0.9835717458970049,11.0,11,0.4856014545454544,0.0015046535001696864,0.9910335461984175,0.007461800301412606
A0_standard,T0_standard,1.0,1.0,1.0,372,1,1,1,0.8920687631412514,0.41182759036916183,0.8215617634047279,13.0,13,0.5985235384615385,0.03742423712222507,0.8920687631412514,0.07050699973652355
A0_standard,T0_standard,1.0,1.0,1.0,382,1,1,1,0.7884883146093479,0.5570778899617949,0.5872605455367235,17.0,17,0.6881702352941177,0.010283916318027773,0.7884883146093479,0.20122776907262446
A0_standard,T0_standard,1.0,1.0,1.0,383,1,1,1,0.9922497413383803,0.049668402136907625,0.9863689066614626,18.0,18,0.7323625,0.001869423984701961,0.9922497413383803,0.005880834676917641
A0_standard,T0_standard,1.0,1.0,1.0,386,1,1,1,0.9791551671346829,0.1073204218587831,0.9600608911272549,19.0,19,0.6836167894736843,0.0017505568578892582,0.9791551671346829,0.019094276007427944
A0_standard,T0_standard,1.0,1.0,1.0,388,1,1,1,0.6817654060846223,0.6525745183562619,0.3688512690866675,7.0,7,0.5059952857142856,0.0053204569174227665,0.6817654060846223,0.31291413699795484
A0_standard,T0_standard,1.0,1.0,1.0,391,1,1,1,0.9950180914298705,0.03374660079761427,0.9909427908717842,5.0,5,0.7289920000000001,0.0009066080120431299,0.9950180914298705,0.004075300558086377
A0_standard,T0_standard,1.0,1.0,1.0,392,1,1,1,0.9968961071390271,0.022789300750996947,0.9945862041470597,4.0,4,0.34524900000000003,0.0007939898690054042,0.9968961071390271,0.00230990299196747
A0_standard,T0_standard,1.0,1.0,1.0,400,1,1,1,0.5331542256979444,0.7761537272004676,0.08716302339157822,7.0,7,0.27122471428571426,0.020854571995689564,0.5331542256979444,0.44599120230636613
A0_standard,T0_standard,1.0,1.0,1.0,401,1,1,1,0.9927629623136288,0.046661507673965305,0.9870940908180488,4.0,4,0.26874025,0.0015681661907911662,0.9927629623136288,0.005668871495580066
A0_standard,T0_standard,1.0,1.0,1.0,403,1,1,1,0.9893082689493403,0.06495747386831,0.9811049447264253,10.0,10,0.4908507000000001,0.002488406827744594,0.9893082689493403,0.008203324222915063
A0_standard,T0_standard,1.0,1.0,1.0,415,1,1,1,0.9943028467009293,0.03807687037315642,0.989822030330002,9.0,9,0.4188528888888889,0.0012163369281435734,0.9943028467009293,0.004480816370927243
A0_standard,T0_standard,1.0,1.0,1.0,422,1,1,1,0.9086812397901458,0.32038896240212295,0.8208509886231408,10.0,10,0.3612445,0.003488509042849018,0.9086812397901458,0.0878302511670051
A0_standard,T0_standard,1.0,1.0,1.0,425,1,1,1,0.9952759628273751,0.03227532213863312,0.9914275665522401,11.0,11,0.6197990909090909,0.0008756408974898587,0.9952759628273751,0.003848396275135009
A0_standard,T0_standard,1.0,1.0,1.0,436,1,1,1,0.9574489318788539,0.18579395506409796,0.9175121686547058,9.0,9,0.41016244444444444,0.0026143048969979902,0.9574489318788539,0.03993676322414822
A0_standard,T0_standard,1.0,1.0,1.0,455,1,1,1,0.9973853405800327,0.01987295304530981,0.9957205090537896,4.0,4,0.2685555,0.0009498278937241512,0.9973853405800327,0.0016648315262431095
A0_standard,T0_standard,1.0,1.0,1.0,457,1,1,1,0.996903093680018,0.02295682513585441,0.9948407710190493,28.0,28,0.8272295714285717,0.0010345836590136272,0.996903093680018,0.002062322660968579
A0_standard,T0_standard,1.0,1.0,1.0,465,1,1,1,0.899258493686326,0.33873850062286726,0.8011045586822815,9.0,9,0.3576702222222222,0.002587571309629541,0.899258493686326,0.09815393500404458
A0_standard,T0_standard,1.0,1.0,1.0,471,1,1,1,0.9848381219136314,0.08906843171495561,0.9772548187663997,5.0,5,0.5415559999999999,0.007578574939137009,0.9848381219136314,0.0075833031472316605
A0_standard,T0_standard,1.0,1.0,1.0,481,1,1,1,0.587656825461921,0.7091680775902124,0.18134482393770074,15.0,15,0.4130022666666665,0.006031173013858675,0.587656825461921,0.40631200152422026
A0_standard,T0_standard,1.0,1.0,1.0,482,1,1,1,0.9966886348626769,0.024475820058500918,0.9947942925589072,7.0,7,0.45074285714285717,0.001417022833553427,0.9966886348626769,0.0018943423037697026
A0_standard,T0_standard,1.0,1.0,1.0,487,1,1,1,0.997733382040474,0.017543122892300443,0.996275079390599,29.0,29,0.8860926896551725,0.0008083153096508622,0.997733382040474,0.0014583026498750555
A0_standard,T0_standard,1.0,1.0,1.0,497,1,1,1,0.7307055995070528,0.6544277560791478,0.4816624998085234,9.0,9,0.46402088888888887,0.020251300794417636,0.7307055995070528,0.24904309969852945
A0_standard,T0_standard,1.0,1.0,1.0,505,2,2,1,0.9108780779565633,0.32279486115734934,0.827874756235598,7.0,7,0.3739705714285714,0.006118600322471401,0.08300332172096528,0.9108780779565633
A0_standard,T0_standard,1.0,1.0,1.0,513,2,2,1,0.9690942676541762,0.1531546063429715,0.9442358718839459,67.0,67,1.1865429253731343,0.006047336575593593,0.024858395770230277,0.9690942676541762
A0_standard,T0_standard,1.0,1.0,1.0,516,2,2,1,0.7108872040256933,0.6302984851950576,0.4277110457851979,13.0,13,0.32202353846153847,0.005936637733811497,0.28317615824049536,0.7108872040256933
A0_standard,T0_standard,1.0,1.0,1.0,525,2,2,1,0.9876621598411689,0.07138169307127734,0.9769960371670238,3.0,3,0.26377733333333336,0.0016717174846858313,0.010666122674145118,0.9876621598411689
A0_standard,T0_standard,1.0,1.0,1.0,538,2,2,1,0.9867271585316972,0.0785075166684479,0.9772648774949307,20.0,20,0.6192523000000001,0.003810560431536232,0.009462281036766496,0.9867271585316972
A0_standard,T0_standard,1.0,1.0,1.0,541,2,2,1,0.9787423159993077,0.11171223853049922,0.9605775177916572,15.0,15,0.6523588666666666,0.003092885793041905,0.01816479820765051,0.9787423159993077
A0_standard,T0_standard,1.0,1.0,1.0,549,2,2,1,0.9418726219468269,0.2620488194501284,0.9119472608931828,32.0,32,0.65795975,0.029925361053644118,0.028202016999528998,0.9418726219468269
A0_standard,T0_standard,1.0,1.0,1.0,551,2,2,1,0.9012784850456972,0.3906852597222921,0.8512885772098135,66.0,66,1.068993803030303,0.049989907835883626,0.04873160711841929,0.9012784850456972
A0_standard,T0_standard,1.0,1.0,1.0,555,2,2,1,0.8992547236395414,0.3965390567175747,0.8481837537473192,66.0,66,1.068993803030303,0.05107096989222217,0.04967430646823654,0.8992547236395414
A0_standard,T0_standard,1.0,1.0,1.0,557,2,2,1,0.9725336786651999,0.1393721389606416,0.950422626970187,10.0,10,0.3280324,0.005355269639787104,0.022111051695012936,0.9725336786651999
A0_standard,T0_standard,1.0,1.0,1.0,558,2,2,1,0.9388937224316548,0.24574653844500222,0.8821607822182024,58.0,58,1.222802172413793,0.0043733373548928405,0.05673294021345241,0.9388937224316548
A0_standard,T0_standard,1.0,1.0,1.0,561,2,2,1,0.8617309356082321,0.49242773479534685,0.7737165916196069,23.0,23,0.6614797826086957,0.08801434398862519,0.050254720403142654,0.8617309356082321
A0_standard,T0_standard,1.0,1.0,1.0,564,2,2,1,0.8670185498855052,0.47561757303604474,0.7769123059853767,53.0,53,0.8910560566037735,0.04287520621436643,0.09010624390012842,0.8670185498855052
A0_standard,T0_standard,1.0,1.0,1.0,565,2,2,1,0.9838853468139712,0.09203903369985762,0.9722595651009549,12.0,12,0.45422558333333335,0.004488871473012433,0.011625781713016302,0.9838853468139712
A0_standard,T0_standard,1.0,1.0,1.0,567,2,2,1,0.9125336698374712,0.35420988260795133,0.8573124056557799,37.0,37,0.7751838378378378,0.03224506598083751,0.05522126418169124,0.9125336698374712
A0_standard,T0_standard,1.0,1.0,1.0,569,2,2,1,0.8481460918470286,0.5174753954249734,0.7404696179870375,43.0,43,0.8109670232558138,0.10767647385999117,0.044177434292980225,0.8481460918470286
A0_standard,T0_standard,1.0,1.0,1.0,573,2,2,1,0.9871493208778251,0.07677507530174396,0.9784044457934689,8.0,8,0.494462875,0.004105804037818635,0.00874487508435625,0.9871493208778251
A0_standard,T0_standard,1.0,1.0,1.0,574,2,2,1,0.9198399068602018,0.30512291428988886,0.8476522062650044,20.0,20,0.53040425,0.007972392544600918,0.07218770059519743,0.9198399068602018
A0_standard,T0_standard,1.0,1.0,1.0,581,2,2,1,0.9544221275493071,0.1954413957923475,0.9115116523939486,14.0,14,0.6483881428571427,0.0026673972953343643,0.042910475155358486,0.9544221275493071
A0_standard,T0_standard,1.0,1.0,1.0,585,2,2,1,0.9833541402473841,0.09380086851105934,0.9706571330788395,13.0,13,0.5086920769230769,0.00394885258407135,0.012697007168544642,0.9833541402473841
A0_standard,T0_standard,1.0,1.0,1.0,586,2,2,1,0.9456275406816066,0.23263650454884066,0.8985540311677652,6.0,6,0.38316100000000003,0.007298949804552081,0.047073509513841365,0.9456275406816066
A0_standard,T0_standard,1.0,1.0,1.0,589,2,2,1,0.9851894558162492,0.08671997783291444,0.9756323333439597,8.0,8,0.28330900000000003,0.005253421711461369,0.009557122472289454,0.9851894558162492
A0_standard,T0_standard,1.0,1.0,1.0,590,2,2,1,0.9532352068839048,0.21049900062402005,0.9146130959480745,8.0,8,0.424510375,0.008142682180264761,0.038622110935830394,0.9532352068839048
A0_standard,T0_standard,1.0,1.0,1.0,600,2,2,1,0.97749818044123,0.11647233831269732,0.9580042126488457,3.0,3,0.27039266666666667,0.003007851766385706,0.019493967792384364,0.97749818044123
A0_standard,T0_standard,1.0,1.0,1.0,607,2,2,1,0.7817154068363392,0.67123732804288,0.649782444509507,7.0,7,0.47682385714285713,0.13193296232683227,0.08635163083682855,0.7817154068363392
A0_standard,T0_standard,1.0,1.0,1.0,614,2,2,1,0.9733878070084668,0.13811082653423795,0.9537908097489632,35.0,35,0.6614222,0.007015195732029637,0.019596997259503587,0.9733878070084668
A0_standard,T0_standard,1.0,1.0,1.0,618,2,2,1,0.9615652965355032,0.1817121381959974,0.9304934399167373,79.0,79,1.0714351392405066,0.007362846845730857,0.03107185661876591,0.9615652965355032
A0_standard,T0_standard,1.0,1.0,1.0,621,2,2,1,0.8867841786139369,0.41637635729391503,0.8014436357656358,75.0,75,1.0566839733333333,0.085340542848301,0.027875278537762053,0.8867841786139369
A0_standard,T0_standard,1.0,1.0,1.0,625,2,2,1,0.9635283502104798,0.18126296426062066,0.9420455397318279,5.0,5,0.28745499999999996,0.014988839310868309,0.021482810478651884,0.9635283502104798
A0_standard,T0_standard,1.0,1.0,1.0,627,2,2,1,0.8682585493821862,0.47187730186642973,0.7781615177321736,69.0,69,0.7889472463768116,0.09009703165001264,0.04164441896780116,0.8682585493821862
A0_standard,T0_standard,1.0,1.0,1.0,628,2,2,1,0.9801011789616485,0.11129575841562822,0.9689640034681184,14.0,14,0.5260488571428572,0.008761645544821508,0.011137175493530107,0.9801011789616485
A0_standard,T0_standard,1.0,1.0,1.0,629,2,2,1,0.9068719667074295,0.3485381357807557,0.8274020252349079,65.0,65,0.809190323076923,0.07946994147252166,0.013658091820048922,0.9068719667074295
A0_standard,T0_standard,1.0,1.0,1.0,634,2,2,1,0.9814256909321345,0.1047189230857993,0.9698037995695663,16.0,16,0.6306679375,0.006952417705297283,0.011621891362568202,0.9814256909321345
A0_standard,T0_standard,1.0,1.0,1.0,635,2,2,1,0.9835800504420237,0.09288338033144027,0.9711678722891351,10.0,10,0.5280875,0.004007771405087668,0.012412178152888583,0.9835800504420237
A0_standard,T0_standard,1.0,1.0,1.0,641,2,2,1,0.9436278416040557,0.24913287876888296,0.9018761569400879,8.0,8,0.39205275,0.04175168466396774,0.014620473731976582,0.9436278416040557
A0_standard,T0_standard,1.0,1.0,1.0,645,2,2,1,0.9754943555068685,0.12756311194012485,0.956043274427871,26.0,26,0.8725405,0.0050545634141340836,0.019451081078997498,0.9754943555068685
A0_standard,T0_standard,1.0,1.0,1.0,648,2,2,1,0.9858872739063507,0.08229328348837865,0.9755051602951037,72.0,72,1.0457252083333333,0.003730612482402303,0.010382113611246975,0.9858872739063507
A0_standard,T0_standard,1.0,1.0,1.0,657,2,2,1,0.9864161346725799,0.07976422644996495,0.9764548774940045,11.0,11,0.4163523636363637,0.0036226081488447102,0.009961257178575426,0.9864161346725799
A0_standard,T0_standard,1.0,1.0,1.0,662,2,2,1,0.9851568806426875,0.08523960158059878,0.9737358545450245,15.0,15,0.5766958,0.0034220932596496175,0.011421026097662988,0.9851568806426875
A0_standard,T0_standard,1.0,1.0,1.0,674,2,2,1,0.9752996986869751,0.12568474510489805,0.9539890107103813,12.0,12,0.4328041666666667,0.0033896133364312137,0.021310687976593704,0.9752996986869751
A0_standard,T0_standard,1.0,1.0,1.0,680,2,2,1,0.9682868903908962,0.1524995484848796,0.9404884636473189,21.0,21,0.5819468095238095,0.003914682865526535,0.02779842674357739,0.9682868903908962
A0_standard,T0_standard,1.0,1.0,1.0,682,2,2,1,0.9722294247606003,0.13402948303172138,0.9464341493190607,1.0,1,0.099984,0.0019752997978601597,0.025795275441539568,0.9722294247606003
A0_standard,T0_standard,1.0,1.0,1.0,687,2,2,1,0.9808647948306233,0.10216034211647812,0.9642768398247097,8.0,8,0.4055995,0.0025472501634631445,0.01658795500591359,0.9808647948306233
A0_standard,T0_standard,1.0,1.0,1.0,688,2,2,1,0.9605514826504988,0.1930486468778861,0.9377485407089742,69.0,69,1.2520341594202895,0.022802941941524674,0.016645575407976586,0.9605514826504988
A0_standard,T0_standard,1.0,1.0,1.0,692,2,2,1,0.9592374426999766,0.19119917682848794,0.9269515722229434,79.0,79,1.0714351392405066,0.008476686822990239,0.032285870477033164,0.9592374426999766
A0_standard,T0_standard,1.0,1.0,1.0,695,2,2,1,0.9881513323351728,0.07130130635259294,0.9795598716289201,11.0,11,0.5583097272727273,0.0032572069585745044,0.008591460706252673,0.9881513323351728
A0_standard,T0_standard,1.0,1.0,1.0,706,2,2,1,0.9122585139845308,0.3151669954871914,0.8290640443756718,4.0,4,0.274131,0.004547016406610194,0.08319446960885901,0.9122585139845308
A0_standard,T0_standard,1.0,1.0,1.0,707,2,2,1,0.9047110239704368,0.3579155613375593,0.8255380235601089,60.0,60,1.10599235,0.0791730004103279,0.01611597561923538,0.9047110239704368
A0_standard,T0_standard,1.0,1.0,1.0,1068,0,0,1,0.9728387542151511,0.1417893835775188,0.9544109034942903,11.0,11,0.46691427272727276,0.9728387542151511,0.01842785072086082,0.008733395063987997
A0_standard,T0_standard,1.0,1.0,1.0,1074,0,0,1,0.9748593901353253,0.13472970137199786,0.9610720362613528,25.0,25,0.77164884,0.9748593901353253,0.013787353873972456,0.011353255990702076
A0_standard,T0_standard,1.0,1.0,1.0,1078,0,0,1,0.9307262984005992,0.2985199526875209,0.8895212799703417,9.0,9,0.4112078888888889,0.9307262984005992,0.028068683169143297,0.04120501843025748
A0_standard,T0_standard,1.0,1.0,1.0,1083,0,0,1,0.9821468882508959,0.0972932518743796,0.9670796866665472,5.0,5,0.31577520000000003,0.9821468882508959,0.015067201584348702,0.002785910164755472
A0_standard,T0_standard,1.0,1.0,1.0,1089,0,0,1,0.9874516949199524,0.07201206523094454,0.9764091493115553,19.0,19,0.5798857368421053,0.9874516949199524,0.011042545608397115,0.0015057594716504728
A0_standard,T0_standard,1.0,1.0,1.0,1092,0,0,1,0.9781836078894927,0.11623905626513341,0.9609486339452921,5.0,5,0.4888422,0.9781836078894927,0.017234973944200618,0.0045814181663066875
A0_standard,T0_standard,1.0,1.0,1.0,1096,0,0,1,0.939568875963254,0.2661938967361655,0.8986893999683986,13.0,13,0.6659333846153845,0.939568875963254,0.019551648041890652,0.04087947599485543
A0_standard,T0_standard,1.0,1.0,1.0,1097,0,0,1,0.9843516290504365,0.0867068679801782,0.9707793078979955,7.0,7,0.4249707142857143,0.9843516290504365,0.013572321152441029,0.002076049797122476
A0_standard,T0_standard,1.0,1.0,1.0,1100,0,0,1,0.9661361920349413,0.16417191597254013,0.9385562110605816,19.0,19,0.6168118947368422,0.9661361920349413,0.027579980974359708,0.006283826990699024
A0_standard,T0_standard,1.0,1.0,1.0,1105,0,0,1,0.9814643665293085,0.10142574213290798,0.966540644761623,21.0,21,0.7333708095238094,0.9814643665293085,0.014923721767685465,0.0036119117030060264
A0_standard,T0_standard,1.0,1.0,1.0,1111,0,0,1,0.9498817652746572,0.23332051096714013,0.9221666659704395,23.0,23,0.7248498695652174,0.9498817652746572,0.027715099304217703,0.022403135421125216
A0_standard,T0_standard,1.0,1.0,1.0,1112,0,0,1,0.9545854256281134,0.21618449974719756,0.9305292779746464,19.0,19,0.6731560526315788,0.9545854256281134,0.024056147653467058,0.021358426718419372
A0_standard,T0_standard,1.0,1.0,1.0,1113,0,0,1,0.968715456671814,0.16066223407681673,0.9512977148763908,21.0,21,0.6701863809523808,0.968715456671814,0.013866801532762813,0.017417741795423176
A0_standard,T0_standard,1.0,1.0,1.0,1118,0,0,1,0.9839411261025258,0.09143397053654703,0.9720147742977283,26.0,26,0.7382225000000001,0.9839411261025258,0.01192635180479748,0.004132522092676702
A0_standard,T0_standard,1.0,1.0,1.0,1119,0,0,1,0.9638002713825847,0.18076306002669684,0.945545981328908,30.0,30,0.6934033666666666,0.9638002713825847,0.017945438563738647,0.01825429005367676
A0_standard,T0_standard,1.0,1.0,1.0,1120,0,0,1,0.9874612622217529,0.0739503703449105,0.9776633486782943,27.0,27,0.8011209259259259,0.9874612622217529,0.009797913543458622,0.0027408242347885855
A0_standard,T0_standard,1.0,1.0,1.0,1124,0,0,1,0.9869918113901519,0.07513447849479535,0.9760698275978835,10.0,10,0.4216774,0.9869918113901519,0.010921983792268336,0.002086204817579734
A0_standard,T0_standard,1.0,1.0,1.0,1130,0,0,1,0.9838773303253858,0.0919115618118331,0.9720768570798659,25.0,25,0.71656104,0.9838773303253858,0.01180047324551994,0.004322196429094278
A0_standard,T0_standard,1.0,1.0,1.0,1135,0,0,1,0.9832091204773242,0.09348557817088983,0.9696427175143997,9.0,9,0.5254421111111112,0.9832091204773242,0.01356640296292455,0.003224476559751197
A0_standard,T0_standard,1.0,1.0,1.0,1137,0,0,1,0.9775728393279138,0.12238371181249094,0.9639952467222944,16.0,16,0.6085711874999999,0.9775728393279138,0.013577592605619452,0.008849568066466737
A0_standard,T0_standard,1.0,1.0,1.0,1138,0,0,1,0.9804144026609481,0.10084947263317454,0.9619974993618309,26.0,26,0.8721031923076923,0.9804144026609481,0.018416903299117278,0.0011686940399345026
A0_standard,T0_standard,1.0,1.0,1.0,1146,0,0,1,0.9840124587561029,0.08904747796082245,0.9706044479734097,14.0,14,0.7073084285714287,0.9840124587561029,0.01340801078269313,0.0025795304612038867
A0_standard,T0_standard,1.0,1.0,1.0,1148,0,0,1,0.9729498081672222,0.1419782144844897,0.9555846992567564,17.0,17,0.6329464117647058,0.9729498081672222,0.017365108910465835,0.009685082922311954
A0_standard,T0_standard,1.0,1.0,1.0,1150,0,0,1,0.9839578990275754,0.08859536387775026,0.9701024607686621,11.0,11,0.43154409090909096,0.9839578990275754,0.013855438258913168,0.0021866627135113618
A0_standard,T0_standard,1.0,1.0,1.0,1151,0,0,1,0.9792145646827667,0.11327863431026892,0.9641173097849797,15.0,15,0.5302294000000001,0.9792145646827667,0.015097254897787047,0.005688180419446213
A0_standard,T0_standard,1.0,1.0,1.0,1154,0,0,1,0.9787267390603906,0.11485562631825663,0.9627166453702718,18.0,18,0.6704702777777779,0.9787267390603906,0.01601009369011891,0.005263167249490395
A0_standard,T0_standard,1.0,1.0,1.0,1155,0,0,1,0.9638779351489765,0.17756234210410168,0.9386864009389002,21.0,21,0.5006571904761904,0.9638779351489765,0.025191534210076277,0.01093053064094718
A0_standard,T0_standard,1.0,1.0,1.0,1156,0,0,1,0.9844246305970528,0.08732485774959084,0.9714626406806752,13.0,13,0.6207592307692308,0.9844246305970528,0.012961989916377526,0.002613379486569551
A0_standard,T0_standard,1.0,1.0,1.0,1158,0,0,1,0.9643444900933754,0.17776709946097785,0.9426856055562997,12.0,12,0.29291475,0.9643444900933754,0.013996625369548774,0.021658884537075783
A0_standard,T0_standard,1.0,1.0,1.0,1162,0,0,1,0.8434210007789523,0.5154781397329171,0.7205253975177006,37.0,37,0.8083777027027027,0.8434210007789523,0.12289560326125173,0.03368339595979607
A0_standard,T0_standard,1.0,1.0,1.0,1165,1,2,0,0.7288697605009865,0.6916454746525934,0.4943190648177719,2.0,2,0.3346215,0.036579543815798796,0.23455069568321466,0.7288697605009865
A0_standard,T0_standard,1.0,1.0,1.0,1166,1,1,1,0.9961942477235602,0.02742571758351757,0.9936600238833171,22.0,22,0.7661115000000002,0.001271528436196482,0.9961942477235602,0.002534223840243202
A0_standard,T0_standard,1.0,1.0,1.0,1177,1,1,1,0.8902921078932643,0.3621989662165967,0.7843190740784012,15.0,15,0.3929898,0.0037348582918725805,0.8902921078932643,0.10597303381486312
A0_standard,T0_standard,1.0,1.0,1.0,1186,1,1,1,0.8702611305768256,0.42119400831396464,0.7505505971435701,11.0,11,0.519302,0.010028335989918867,0.8702611305768256,0.11971053343325555
A0_standard,T0_standard,1.0,1.0,1.0,1189,1,1,1,0.963563735472768,0.18134853581974783,0.942805674290457,4.0,4,0.48300425,0.015678203344921027,0.963563735472768,0.02075806118231098
A0_standard,T0_standard,1.0,1.0,1.0,1190,1,1,1,0.9951935022272984,0.033183922580723724,0.9916163894321897,14.0,14,0.5306829285714285,0.001229384977592789,0.9951935022272984,0.003577112795108775
A0_standard,T0_standard,1.0,1.0,1.0,1205,1,1,1,0.9394537509578699,0.23680086264145783,0.8807743881897457,2.0,2,0.2023435,0.0018668862740059695,0.9394537509578699,0.05867936276812417
A0_standard,T0_standard,1.0,1.0,1.0,1216,1,1,1,0.528408079630415,0.8779412953043324,0.12035266856799637,3.0,3,0.25369933333333333,0.06353650930716633,0.528408079630415,0.40805541106241866
A0_standard,T0_standard,1.0,1.0,1.0,1221,1,1,1,0.9754530262866226,0.1282811431256124,0.9563893765072681,5.0,5,0.3209068,0.0054833239340229935,0.9754530262866226,0.019063649779354513
A0_standard,T0_standard,1.0,1.0,1.0,1225,1,1,1,0.997157799739572,0.02145835381241175,0.9955948166590651,6.0,6,0.2796791666666667,0.0012792171799212314,0.997157799739572,0.0015629830805068258
A0_standard,T0_standard,1.0,1.0,1.0,1239,1,1,1,0.9587814975681263,0.1995604875261348,0.9341062465067577,21.0,21,0.5608050476190476,0.01654325137050524,0.9587814975681263,0.0246752510613686
A0_standard,T0_standard,1.0,1.0,1.0,1241,1,1,1,0.9205851716709021,0.31278845607621186,0.8542018941909143,14.0,14,0.5738868571428571,0.013031550849109954,0.9205851716709021,0.06638327747998789
A0_standard,T0_standard,1.0,1.0,1.0,1247,1,1,1,0.993307914455189,0.04414709980628162,0.9884930366713214,9.0,9,0.5222551111111111,0.001877207760943388,0.993307914455189,0.004814877783867616
A0_standard,T0_standard,1.0,1.0,1.0,1248,1,1,1,0.9960953658597247,0.02738384435864784,0.9928887776340796,17.0,17,0.5862612352941177,0.0006980459146302432,0.9960953658597247,0.0032065882256451673
A0_standard,T0_standard,1.0,1.0,1.0,1249,1,1,1,0.9929719804762148,0.0442033592123441,0.9866797054083152,15.0,15,0.5889769333333332,0.0007357444558856616,0.9929719804762148,0.006292275067899649
A0_standard,T0_standard,1.0,1.0,1.0,1258,1,1,1,0.9956179464626624,0.030777701106571034,0.9924749373019883,23.0,23,0.8148903913043478,0.0012390443766634735,0.9956179464626624,0.003143009160674107
A0_standard,T0_standard,1.0,1.0,1.0,1260,1,2,0,0.5907446528187023,0.7633749836603054,0.20386645737347814,4.0,4,0.1244055,0.022377151736073603,0.3868781954452241,0.5907446528187023
A0_standard,T0_standard,1.0,1.0,1.0,1263,1,1,1,0.9961830183597533,0.027686735694054027,0.9940663050333006,20.0,20,0.6936217,0.001700268313794039,0.9961830183597533,0.0021167133264526376
A0_standard,T0_standard,1.0,1.0,1.0,1269,1,1,1,0.9950628175200505,0.03404158311407157,0.9914746636963488,24.0,24,0.6545587916666666,0.001349028656247701,0.9950628175200505,0.0035881538237016717
A0_standard,T0_standard,1.0,1.0,1.0,1273,2,2,1,0.89970316860697,0.393689484775064,0.8407169651881972,47.0,47,0.8696693617021276,0.041310627974257344,0.05898620341877283,0.89970316860697
A0_standard,T0_standard,1.0,1.0,1.0,1278,2,2,1,0.9402619500253897,0.2427205459852031,0.8852300086689127,7.0,7,0.33624099999999996,0.004706108618133191,0.055031941356477,0.9402619500253897
A0_standard,T0_standard,1.0,1.0,1.0,1279,2,2,1,0.9612144435838728,0.19016292964002218,0.9379298402483691,69.0,69,1.2520341594202895,0.023284603335503692,0.015500953080623632,0.9612144435838728
A0_standard,T0_standard,1.0,1.0,1.0,1280,2,2,1,0.9646107329244548,0.1769870907672505,0.9438151912987476,56.0,56,0.6436827857142857,0.02079554162570717,0.01459372544983814,0.9646107329244548
A0_standard,T0_standard,1.0,1.0,1.0,1282,2,2,1,0.986754452074235,0.07945774964419572,0.9791179116222765,13.0,13,0.35966600000000004,0.005609007473806513,0.00763654045195846,0.986754452074235
A0_standard,T0_standard,1.0,1.0,1.0,1283,2,2,1,0.9658934317227574,0.1660083396674272,0.9387553732687818,27.0,27,0.8517917037037037,0.006968509823266939,0.027138058453975673,0.9658934317227574
A0_standard,T0_standard,1.0,1.0,1.0,1284,2,2,1,0.9736515813240251,0.13638514715964706,0.9536745817557288,21.0,21,0.6391033333333332,0.006371419107678741,0.019976999568296266,0.9736515813240251
A0_standard,T0_standard,1.0,1.0,1.0,1286,2,2,1,0.9805500031644383,0.1069855566057925,0.9661083479880609,5.0,5,0.6293452,0.005008341659184249,0.01444165517637745,0.9805500031644383
A0_standard,T0_standard,1.0,1.0,1.0,1299,2,2,1,0.9314107242580578,0.29735626867020915,0.8947697502887415,28.0,28,0.8355607857142857,0.031948301772625906,0.036640973969316364,0.9314107242580578
A0_standard,T0_standard,1.0,1.0,1.0,1300,2,2,1,0.9011060513503664,0.37259347647099283,0.822325831095893,51.0,51,1.0054089803921569,0.07878022025447343,0.020113728395160187,0.9011060513503664
A0_standard,T0_standard,1.0,1.0,1.0,1303,2,2,1,0.9731717535102753,0.13555187853544626,0.9507693005860084,25.0,25,0.7858332800000001,0.004425793565457801,0.02240245292426693,0.9731717535102753
A0_standard,T0_standard,1.0,1.0,1.0,1308,2,2,1,0.9583278445571218,0.20056787508691676,0.9318632943751672,59.0,59,1.2064219830508476,0.026464550181954545,0.01520760526092367,0.9583278445571218
A0_standard,T0_standard,1.0,1.0,1.0,1309,2,2,1,0.9866516302693243,0.07817712364906715,0.9764602721550267,10.0,10,0.3674935999999999,0.0031570116163779955,0.01019135811429759,0.9866516302693243
A0_standard,T0_standard,1.0,1.0,1.0,1313,2,2,1,0.9365366322594078,0.2603956481119684,0.8810535056738276,61.0,61,1.0759157540983606,0.007980241155012124,0.055483126585580196,0.9365366322594078
A0_standard,T0_standard,1.0,1.0,1.0,1321,2,2,1,0.9392914623619454,0.2526694875009135,0.8866337359961207,45.0,45,1.0777292666666667,0.05265772636582464,0.00805081127222983,0.9392914623619454
A0_standard,T0_standard,1.0,1.0,1.0,1327,2,2,1,0.9826316818065327,0.09722037452362622,0.9694638031410379,9.0,9,0.5182015555555555,0.00420043952797227,0.013167878665494903,0.9826316818065327
A0_standard,T0_standard,1.0,1.0,1.0,1333,2,2,1,0.9719664689298577,0.14671224081483686,0.9551629681505512,72.0,72,1.2515620555555556,0.01123003029083567,0.016803500779306493,0.9719664689298577
A0_standard,T0_standard,1.0,1.0,1.0,1339,2,2,1,0.9201777046926083,0.3001757255239438,0.8465737229908863,22.0,22,0.6441087727272726,0.006218313605669557,0.073603981701722,0.9201777046926083
A0_standard,T0_standard,1.0,1.0,1.0,1342,2,2,1,0.9764055183594438,0.12285680219049558,0.9570700301342165,57.0,57,1.0421935263157895,0.004258993415328961,0.019335488225227234,0.9764055183594438
A0_standard,T0_standard,1.0,1.0,1.0,1346,2,2,1,0.9740725507800763,0.13432976435961513,0.9541587319145329,7.0,7,0.4986592857142857,0.006013630354380425,0.019913818865543373,0.9740725507800763
A0_standard,T0_standard,1.0,1.0,1.0,1349,2,2,1,0.9800949302145263,0.10866946784007116,0.9649938411126789,5.0,5,0.4752704,0.004803980683626309,0.015101089101847424,0.9800949302145263
A0_standard,T0_standard,1.0,1.0,1.0,1350,2,2,1,0.9716115693447434,0.14838606252890485,0.9550817390027447,1.0,1,0.132911,0.011858600313257988,0.016529830341998612,0.9716115693447434
A0_standard,T0_standard,1.0,1.0,1.0,1351,2,2,1,0.9191752324285926,0.3153601828630141,0.8507154426155442,26.0,26,1.5248225769230772,0.06845978981304837,0.012364977758359019,0.9191752324285926
A0_standard,T0_standard,1.0,1.0,1.0,1356,2,2,1,0.9917016106335429,0.053679659625323804,0.9869110165761933,4.0,4,0.38987275,0.003507795309107503,0.004790594057349611,0.9917016106335429
A0_standard,T0_standard,1.0,1.0,1.0,1359,2,2,1,0.952678511216435,0.2215561068201954,0.922539934598989,61.0,61,1.1845999180327869,0.03013857661744604,0.01718291216611903,0.952678511216435
A1_boundary_075,T0_standard,0.75,1.0,1.0,12,0,0,1,0.981364502720627,0.10310354175230374,0.9673372638091379,10.0,10,0.4554644,0.981364502720627,0.014027238911489206,0.004608258367883709
A1_boundary_075,T0_standard,0.75,1.0,1.0,13,0,0,1,0.9857059519547633,0.08170231553877988,0.9740199357217504,11.836065573770492,12,0.46369266666666675,0.9857059519547633,0.011686016233012892,0.0026080318122237954
A1_boundary_075,T0_standard,0.75,1.0,1.0,15,0,0,1,0.9702831816773207,0.1542988645774499,0.9545154638225944,20.58823529411765,21,0.7021404761904763,0.9702831816773207,0.013949100467953097,0.015767717854726263
A1_boundary_075,T0_standard,0.75,1.0,1.0,16,0,0,1,0.9860991990786543,0.07961693926386551,0.9745861356035415,28.425981873111784,29,0.8733876206896551,0.9860991990786543,0.011513063475112818,0.0023877374462328467
A1_boundary_075,T0_standard,0.75,1.0,1.0,22,0,0,1,0.9848589948199049,0.08539423781378727,0.9723044546815063,10.0,10,0.3705015,0.9848589948199049,0.012554540138398615,0.002586465041696611
A1_boundary_075,T0_standard,0.75,1.0,1.0,23,0,0,1,0.8859057273155215,0.4114217457450165,0.794157217733704,19.746268656716417,20,0.5421750500000001,0.8859057273155215,0.022345763102660857,0.09174850958181752
A1_boundary_075,T0_standard,0.75,1.0,1.0,28,0,0,1,0.8997907149719152,0.3847366834471222,0.8274029345989911,9.0,9,0.46474844444444446,0.8997907149719152,0.027821504655160638,0.0723877803729242
A1_boundary_075,T0_standard,0.75,1.0,1.0,33,0,0,1,0.984463233801882,0.08813003325904176,0.9722087091921252,8.0,8,0.401292125,0.984463233801882,0.01225452460975684,0.0032822415883610578
A1_boundary_075,T0_standard,0.75,1.0,1.0,35,0,0,1,0.9808320808136887,0.10329746474808862,0.9647838257478077,8.909090909090908,9,0.5700594444444445,0.9808320808136887,0.01604825506588091,0.0031196641204304923
A1_boundary_075,T0_standard,0.75,1.0,1.0,36,0,0,1,0.9826425660356796,0.09616251922340724,0.9686911571858314,17.75409836065574,18,0.6305999999999998,0.9826425660356796,0.013951408849848104,0.003406025114472438
A1_boundary_075,T0_standard,0.75,1.0,1.0,40,0,0,1,0.9810633140667182,0.10183751629829901,0.9649448672124414,25.530035335689046,26,0.6631952692307693,0.9810633140667182,0.01611844685427679,0.0028182390790049286
A1_boundary_075,T0_standard,0.75,1.0,1.0,44,0,0,1,0.9884331719688049,0.06765766588767969,0.978425961384761,21.6,22,0.6243710909090908,0.9884331719688049,0.010007210584043852,0.001559617447151402
A1_boundary_075,T0_standard,0.75,1.0,1.0,51,0,0,1,0.9854550668506117,0.08379492723155746,0.9742389825038813,18.633802816901408,19,0.7660634736842105,0.9854550668506117,0.011216084346730385,0.00332884880265784
A1_boundary_075,T0_standard,0.75,1.0,1.0,52,0,0,1,0.9400950659663029,0.2642223202232914,0.8993119104448296,12.83206106870229,13,0.4411058461538462,0.9400950659663029,0.019121778512223887,0.040783155521473304
A1_boundary_075,T0_standard,0.75,1.0,1.0,57,0,0,1,0.9838863567281568,0.09237546655948771,0.9726430899790984,27.48051948051948,28,0.6690655000000001,0.9838863567281568,0.01124326674905835,0.004870376522784732
A1_boundary_075,T0_standard,0.75,1.0,1.0,63,0,0,1,0.9307227061810014,0.28876166273510095,0.8770814031098049,29.43243243243243,30,0.7458895333333335,0.9307227061810014,0.01563599074780205,0.05364130307119649
A1_boundary_075,T0_standard,0.75,1.0,1.0,67,0,0,1,0.9535029815583518,0.2196065272305393,0.9262547724427683,19.62162162162162,20,0.7178675999999999,0.9535029815583518,0.019248809326064712,0.02724820911558346
A1_boundary_075,T0_standard,0.75,1.0,1.0,71,0,0,1,0.9865068179486858,0.07856245196721723,0.9759469514330011,34.30827067669173,35,0.7804486857142857,0.9865068179486858,0.010559866515684604,0.0029333155356296324
A1_boundary_075,T0_standard,0.75,1.0,1.0,73,0,0,1,0.9655613698405477,0.1734524601522735,0.9462029254882769,23.58139534883721,24,0.5408927499999999,0.9655613698405477,0.015080185807181457,0.019358444352270868
A1_boundary_075,T0_standard,0.75,1.0,1.0,79,0,0,1,0.9683551399049373,0.16232452973034878,0.9519140724978677,8.0,8,0.419704125,0.9683551399049373,0.015203792687993146,0.01644106740706953
A1_boundary_075,T0_standard,0.75,1.0,1.0,81,0,0,1,0.9872563241218646,0.07438338040354014,0.9768846476199394,27.440993788819874,28,0.6805994285714284,0.9872563241218646,0.010371676501925216,0.0023719993762101096
A1_boundary_075,T0_standard,0.75,1.0,1.0,83,0,0,1,0.9853780788810044,0.08191857734492156,0.9726430118712904,10.0,10,0.44241660000000005,0.9853780788810044,0.012735067009713979,0.0018868541092816832
A1_boundary_075,T0_standard,0.75,1.0,1.0,87,0,0,1,0.9768432307129113,0.12137283375474692,0.9581075648322879,25.530035335689046,26,0.6640094999999999,0.9768432307129113,0.018735665880623444,0.004421103406465212
A1_boundary_075,T0_standard,0.75,1.0,1.0,98,0,0,1,0.9813057666030626,0.10393598929543148,0.9677812134417357,9.0,9,0.47165666666666667,0.9813057666030626,0.013524553161326811,0.0051696802356104785
A1_boundary_075,T0_standard,0.75,1.0,1.0,101,0,0,1,0.9792798493680721,0.11402841343634906,0.9654823409561489,17.67005076142132,18,0.6716582222222223,0.9792798493680721,0.013797508411923221,0.006922642220004819
A1_boundary_075,T0_standard,0.75,1.0,1.0,107,0,0,1,0.8132128666396273,0.5814236999927211,0.6687001771729149,7.0,7,0.4162268571428571,0.8132128666396273,0.042274443893660175,0.14451268946671253
A1_boundary_075,T0_standard,0.75,1.0,1.0,108,0,0,1,0.9738255058480992,0.1392520763871528,0.95976458472053,6.0,6,0.4359216666666666,0.9738255058480992,0.014060921127569273,0.012113573024331433
A1_boundary_075,T0_standard,0.75,1.0,1.0,109,0,0,1,0.8996203414660308,0.36998057434968135,0.8152594309571932,14.825503355704697,15,0.5712982666666666,0.8996203414660308,0.016018748025131535,0.08436091050883758
A1_boundary_075,T0_standard,0.75,1.0,1.0,110,0,0,1,0.9742499782501707,0.1372582416926359,0.9596437756508036,4.0,4,0.45297975,0.9742499782501707,0.014606202599367091,0.011143819150462263
A1_boundary_075,T0_standard,0.75,1.0,1.0,111,0,0,1,0.9694420428869034,0.14972520522812305,0.9435441421817266,37.22466960352423,38,0.9744740526315788,0.9694420428869034,0.025897900705176783,0.0046600564079198525
A1_boundary_075,T0_standard,0.75,1.0,1.0,112,0,0,1,0.8932871971808705,0.37674865823708004,0.7984010129362296,19.62162162162162,20,0.70145845,0.8932871971808705,0.011826618574488607,0.09488618424464096
A1_boundary_075,T0_standard,0.75,1.0,1.0,114,0,0,1,0.8501409343295475,0.4979661376866652,0.7306249000207684,92.21446179129006,94,1.411514425531915,0.8501409343295475,0.030343031361673534,0.11951603430877906
A1_boundary_075,T0_standard,0.75,1.0,1.0,116,0,0,1,0.9753419269598119,0.13167330853494544,0.959407098694542,18.660194174757283,19,0.6829561052631579,0.9753419269598119,0.015934828265269887,0.008723244774918136
A1_boundary_075,T0_standard,0.75,1.0,1.0,117,0,0,1,0.983034288269069,0.09439738921349902,0.9694079850943316,9.0,9,0.40776277777777775,0.983034288269069,0.013626303174737502,0.0033394085561934484
A1_boundary_075,T0_standard,0.75,1.0,1.0,119,0,0,1,0.9830515433696849,0.09599047551772275,0.9708786054446273,11.0,11,0.4399496363636363,0.9830515433696849,0.012172937925057603,0.004775518705257469
A1_boundary_075,T0_standard,0.75,1.0,1.0,125,0,0,1,0.9702165823225378,0.14694740509908494,0.9451170196855927,20.642857142857142,21,0.685138476190476,0.9702165823225378,0.025099562636945086,0.004683855040516953
A1_boundary_075,T0_standard,0.75,1.0,1.0,126,0,0,1,0.9860024343501985,0.0801215260832388,0.9744399858468383,18.75,19,0.5716424736842105,0.9860024343501985,0.011562448503360176,0.0024351171464413435
A1_boundary_075,T0_standard,0.75,1.0,1.0,135,0,0,1,0.981028588323955,0.10451697003446483,0.9666571143471674,25.530035335689046,26,0.6855153846153844,0.981028588323955,0.014371473976787565,0.004599937699257511
A1_boundary_075,T0_standard,0.75,1.0,1.0,136,0,0,1,0.9842486730854794,0.0892645094296299,0.9719290666537592,15.0,15,0.4488484666666667,0.9842486730854794,0.012319606431720182,0.0034317204828004533
A1_boundary_075,T0_standard,0.75,1.0,1.0,137,0,0,1,0.9851459046921766,0.08490987698939632,0.9734144017151136,21.6,22,0.7633684545454543,0.9851459046921766,0.011731502977062911,0.0031225923307604785
A1_boundary_075,T0_standard,0.75,1.0,1.0,138,0,0,1,0.9687541756817007,0.16062177631589084,0.9519955249587926,10.84070796460177,11,0.5640930909090909,0.9687541756817007,0.014487173595391164,0.016758650722908153
A1_boundary_075,T0_standard,0.75,1.0,1.0,140,0,0,1,0.9783950831838907,0.11854321050130817,0.9649495835926226,16.0,16,0.4220644375,0.9783950831838907,0.013445499591268114,0.00815941722484118
A1_boundary_075,T0_standard,0.75,1.0,1.0,142,0,0,1,0.9840336476712852,0.09249596777982262,0.974130308567098,2.0,2,0.1290305,0.9840336476712852,0.00990333910418719,0.00606301322452765
A1_boundary_075,T0_standard,0.75,1.0,1.0,143,0,0,1,0.9840341965269069,0.09087690575138732,0.9720650277674185,11.836065573770492,12,0.5242633333333334,0.9840341965269069,0.011969168759488386,0.003996634713604795
A1_boundary_075,T0_standard,0.75,1.0,1.0,148,0,0,1,0.9110099012218803,0.35626205892978235,0.8508754597430799,23.621513944223107,24,0.647964,0.9110099012218803,0.02885565729931917,0.06013444147880047
A1_boundary_075,T0_standard,0.75,1.0,1.0,149,0,0,1,0.9841325862718422,0.08920527932529765,0.9712819742781327,5.918032786885246,6,0.37699533333333335,0.9841325862718422,0.012850611993709515,0.00301680173444823
A1_boundary_075,T0_standard,0.75,1.0,1.0,150,0,0,1,0.9767771923674667,0.12556014167728108,0.9620140156015741,23.529411764705884,24,0.7517964166666666,0.9767771923674667,0.014763176765892623,0.008459630866640573
A1_boundary_075,T0_standard,0.75,1.0,1.0,161,0,0,1,0.9839702512594405,0.09001498268132757,0.9710308924383733,7.0,7,0.29993757142857147,0.9839702512594405,0.012939358821067256,0.0030903899194922196
A1_boundary_075,T0_standard,0.75,1.0,1.0,166,0,0,1,0.9856788471308471,0.0830873521212012,0.9749453510888508,7.9113924050632916,8,0.523448625,0.9856788471308471,0.01073349604199626,0.0035876568271566616
A1_boundary_075,T0_standard,0.75,1.0,1.0,172,0,0,1,0.9782280227443672,0.11808504905010628,0.9629034323825404,23.529411764705884,24,0.78042225,0.9782280227443672,0.015324590361826814,0.006447386893806021
A1_boundary_075,T0_standard,0.75,1.0,1.0,174,0,0,1,0.9860429420029548,0.07948316962854184,0.9742393128703075,12.83206106870229,13,0.49278453846153847,0.9860429420029548,0.01180362913264728,0.002153428864397857
A1_boundary_075,T0_standard,0.75,1.0,1.0,176,0,0,1,0.9840564523417232,0.0901008251340686,0.971541354856647,10.0,10,0.5815139,0.9840564523417232,0.012515097485076182,0.00342845017320045
A1_boundary_075,T0_standard,0.75,1.0,1.0,181,0,0,1,0.9473405406411174,0.23889040785986732,0.9110258761341549,23.550943396226415,24,0.70607475,0.9473405406411174,0.016344794851920044,0.0363146645069625
A1_boundary_075,T0_standard,0.75,1.0,1.0,183,0,0,1,0.9763845273804359,0.11981308435725928,0.9552886943368325,25.530035335689046,26,0.6592863846153847,0.9763845273804359,0.021095833043603438,0.002519639575960574
A1_boundary_075,T0_standard,0.75,1.0,1.0,185,0,0,1,0.978888280555333,0.1154112947215988,0.9643290281127096,21.551724137931036,22,0.7109205454545454,0.978888280555333,0.014559252442623367,0.0065524670020437135
A1_boundary_075,T0_standard,0.75,1.0,1.0,186,0,0,1,0.9356827107413628,0.2803853089263567,0.8939710756892802,17.67005076142132,18,0.5899305555555555,0.9356827107413628,0.022605654206554714,0.041711635052082495
A1_boundary_075,T0_standard,0.75,1.0,1.0,189,0,0,1,0.9833271408660927,0.09427232062553462,0.970919677470361,18.618181818181817,19,0.7392215263157894,0.9833271408660927,0.012407463395731762,0.004265395738175489
A1_boundary_075,T0_standard,0.75,1.0,1.0,190,0,0,1,0.9518686820660164,0.2263369951104582,0.9276545915527205,13.0,13,0.4378136923076923,0.9518686820660164,0.023917227420687664,0.02421409051329588
A1_boundary_075,T0_standard,0.75,1.0,1.0,191,0,0,1,0.983017572129773,0.09486419623711298,0.9696664616345121,8.0,8,0.35865175,0.983017572129773,0.013351110495260892,0.003631317374966053
A1_boundary_075,T0_standard,0.75,1.0,1.0,193,0,0,1,0.9669403086327779,0.16790828376829814,0.9484667140057363,18.75,19,0.6627145789473685,0.9669403086327779,0.014586096740180526,0.018473594627041557
A1_boundary_075,T0_standard,0.75,1.0,1.0,194,0,0,1,0.9802506826381802,0.10892509443579487,0.9661965525127615,4.0,4,0.36402175000000003,0.9802506826381802,0.014054130125418627,0.0056951872364012085
A1_boundary_075,T0_standard,0.75,1.0,1.0,202,0,0,1,0.9645569614114563,0.16695374494094609,0.9337626496693336,11.836065573770492,12,0.5620495,0.9645569614114563,0.03079431174212269,0.004648726846420903
A1_boundary_075,T0_standard,0.75,1.0,1.0,205,0,0,1,0.9571935251843504,0.2049355202841536,0.9301601038761071,8.0,8,0.411409875,0.9571935251843504,0.015773053507406307,0.027033421308243235
A1_boundary_075,T0_standard,0.75,1.0,1.0,214,0,0,1,0.9830861498783731,0.09118841480711444,0.9678265225581747,13.0,13,0.42564623076923075,0.9830861498783731,0.015259627320198345,0.001654222801428618
A1_boundary_075,T0_standard,0.75,1.0,1.0,216,0,0,1,0.9817772149422574,0.1012244599486142,0.9680538027450758,15.692737430167599,16,0.67221975,0.9817772149422574,0.0137234121971817,0.00449937286056085
A1_boundary_075,T0_standard,0.75,1.0,1.0,229,0,0,1,0.923877810895792,0.3134940451790525,0.8682088034529714,7.9113924050632916,8,0.43293575000000006,0.923877810895792,0.020453181661387296,0.05566900744282061
A1_boundary_075,T0_standard,0.75,1.0,1.0,232,0,0,1,0.7405691164526995,0.7155218250052267,0.5434831467291332,7.0,7,0.4263571428571429,0.7405691164526995,0.1970859697235663,0.062344913823734395
A1_boundary_075,T0_standard,0.75,1.0,1.0,234,0,0,1,0.9645113914879102,0.1751932077479384,0.9398890540676229,62.78260869565217,64,1.335183234375,0.9645113914879102,0.02462233742028734,0.010866271091802488
A1_boundary_075,T0_standard,0.75,1.0,1.0,235,0,0,1,0.9846440990870906,0.08754609632113894,0.9727362725430829,21.68141592920354,22,0.6667994090909091,0.9846440990870906,0.011907826544007691,0.0034480743689017036
A1_boundary_075,T0_standard,0.75,1.0,1.0,251,1,2,0,0.5306425667336742,0.7597311174251448,0.07689147025599646,4.0,4,0.446091,0.015606336788648152,0.4537510964776777,0.5306425667336742
A1_boundary_075,T0_standard,0.75,1.0,1.0,265,1,1,1,0.9942152729745634,0.03858448545033217,0.989673900681083,5.0,5,0.336413,0.00124335473195618,0.9942152729745634,0.00454137229348038
A1_boundary_075,T0_standard,0.75,1.0,1.0,267,1,1,1,0.8186319595835817,0.5015700095990361,0.6437911521945966,5.918032786885246,6,0.5574418333333333,0.006527233027433068,0.8186319595835817,0.1748408073889851
A1_boundary_075,T0_standard,0.75,1.0,1.0,268,1,1,1,0.9969859978307899,0.022047208265874776,0.9946003865828006,6.0,6,0.31415733333333334,0.0006283909212207342,0.9969859978307899,0.002385611247989274
A1_boundary_075,T0_standard,0.75,1.0,1.0,284,1,1,1,0.9146880241128003,0.3038684302365525,0.8321739871415387,10.0,10,0.3636243,0.0027979389159383298,0.9146880241128003,0.0825140369712616
A1_boundary_075,T0_standard,0.75,1.0,1.0,285,1,1,1,0.9959584410705776,0.028006722323724753,0.9925181730533194,6.0,6,0.3586993333333333,0.0006012909121642202,0.9959584410705776,0.003440268017258243
A1_boundary_075,T0_standard,0.75,1.0,1.0,294,1,1,1,0.9208224013633798,0.2907283199402423,0.8450265507645428,9.846153846153847,10,0.48758270000000004,0.0033817480377832266,0.9208224013633798,0.07579585059883696
A1_boundary_075,T0_standard,0.75,1.0,1.0,299,1,1,1,0.9454102039424298,0.22306333908649661,0.8936912517051481,10.90566037735849,11,0.46210636363636354,0.002870843820288466,0.9454102039424298,0.0517189522372817
A1_boundary_075,T0_standard,0.75,1.0,1.0,304,1,1,1,0.9961319831047581,0.027755898633475752,0.993480522461915,29.389830508474578,30,0.8912446,0.0012165562523987043,0.9961319831047581,0.0026514606428431594
A1_boundary_075,T0_standard,0.75,1.0,1.0,312,1,1,1,0.8928387181087492,0.35281356743250397,0.7882876152522033,15.900662251655628,16,0.5348219375,0.10455110285654586,0.8928387181087492,0.0026101790347050073
A1_boundary_075,T0_standard,0.75,1.0,1.0,315,1,1,1,0.9342956374571784,0.26651839408728567,0.876489278578831,10.84070796460177,11,0.557503090909091,0.007898003664474356,0.9342956374571784,0.05780635887834736
A1_boundary_075,T0_standard,0.75,1.0,1.0,326,1,1,1,0.9975194824034486,0.018861964883539563,0.9957690950635912,31.348284960422163,32,0.951023,0.0007301302566940031,0.9975194824034486,0.00175038733985736
A1_boundary_075,T0_standard,0.75,1.0,1.0,327,1,1,1,0.989158567773304,0.06394529663676013,0.979686416333378,8.0,8,0.4168645,0.0013692807867699728,0.989158567773304,0.009472151439926014
A1_boundary_075,T0_standard,0.75,1.0,1.0,328,1,1,1,0.9601100286471865,0.17488042873549234,0.9220038132623742,24.516014234875446,25,0.80846332,0.0017837559680012479,0.9601100286471865,0.03810621538481228
A1_boundary_075,T0_standard,0.75,1.0,1.0,338,1,1,1,0.881105215265182,0.3803367485764716,0.7656626052242133,5.0,5,0.2643014,0.0034521746938490513,0.881105215265182,0.11544261004096884
A1_boundary_075,T0_standard,0.75,1.0,1.0,354,1,1,1,0.8310603038642966,0.4671491626440355,0.6646048156502833,13.775510204081632,14,0.6306156428571429,0.002484207921690086,0.8310603038642966,0.16645548821401335
A1_boundary_075,T0_standard,0.75,1.0,1.0,360,1,1,1,0.9767631741888783,0.12418347743606802,0.9600571402932526,10.779527559055119,11,0.733481909090909,0.006530791915496106,0.9767631741888783,0.016706033895625628
A1_boundary_075,T0_standard,0.75,1.0,1.0,368,1,1,1,0.9910335461984175,0.055252756129019524,0.9835717458970049,11.0,11,0.4856014545454544,0.0015046535001696864,0.9910335461984175,0.007461800301412606
A1_boundary_075,T0_standard,0.75,1.0,1.0,372,1,1,1,0.899029759248134,0.3924644740155504,0.8332098034100512,12.782608695652174,13,0.5985235384615385,0.03515028491378325,0.899029759248134,0.06581995583808276
A1_boundary_075,T0_standard,0.75,1.0,1.0,382,1,1,1,0.7898857453257195,0.5542844419779437,0.5897606799146946,16.680851063829788,17,0.6881702352941177,0.00998918926325558,0.7898857453257195,0.20012506541102493
A1_boundary_075,T0_standard,0.75,1.0,1.0,383,1,1,1,0.9923882028812957,0.04891451848384758,0.9866086978487589,17.75409836065574,18,0.7323625,0.0018322920861675138,0.9923882028812957,0.005779505032536766
A1_boundary_075,T0_standard,0.75,1.0,1.0,386,1,1,1,0.9803012049887501,0.10268690287942789,0.9623164354655072,18.698492462311556,19,0.6836167894736843,0.0017140254880069884,0.9803012049887501,0.01798476952324295
A1_boundary_075,T0_standard,0.75,1.0,1.0,388,1,1,1,0.6817654060846223,0.6525745183562619,0.3688512690866675,7.0,7,0.5059952857142856,0.0053204569174227665,0.6817654060846223,0.31291413699795484
A1_boundary_075,T0_standard,0.75,1.0,1.0,391,1,1,1,0.9952468415323418,0.03245052747271936,0.9913784601215525,4.923076923076923,5,0.7289920000000001,0.0008847770568689226,0.9952468415323418,0.003868381410789272
A1_boundary_075,T0_standard,0.75,1.0,1.0,392,1,1,1,0.9968961071390271,0.022789300750996947,0.9945862041470597,4.0,4,0.34524900000000003,0.0007939898690054042,0.9968961071390271,0.00230990299196747
A1_boundary_075,T0_standard,0.75,1.0,1.0,400,1,1,1,0.5331542256979444,0.7761537272004676,0.08716302339157822,7.0,7,0.27122471428571426,0.020854571995689564,0.5331542256979444,0.44599120230636613
A1_boundary_075,T0_standard,0.75,1.0,1.0,401,1,1,1,0.9927629623136288,0.046661507673965305,0.9870940908180488,4.0,4,0.26874025,0.0015681661907911662,0.9927629623136288,0.005668871495580066
A1_boundary_075,T0_standard,0.75,1.0,1.0,403,1,1,1,0.9888994423402201,0.06686120913451496,0.9802509630334914,9.846153846153847,10,0.4908507000000001,0.002452078353051155,0.9888994423402201,0.00864847930672871
A1_boundary_075,T0_standard,0.75,1.0,1.0,415,1,1,1,0.9944145065485326,0.03746164345793372,0.9900370849116593,8.909090909090908,9,0.4188528888888889,0.0012080718145940248,0.9944145065485326,0.004377421636873314
A1_boundary_075,T0_standard,0.75,1.0,1.0,422,1,1,1,0.9104501732521474,0.31611825549799777,0.8243521754353609,9.907216494845361,10,0.3612445,0.003451828931066077,0.9104501732521474,0.08609799781678654
A1_boundary_075,T0_standard,0.75,1.0,1.0,425,1,1,1,0.995492008400139,0.031024233120603734,0.9918287377891697,10.8,11,0.6197990909090909,0.00084472098889186,0.995492008400139,0.003663270610969234
A1_boundary_075,T0_standard,0.75,1.0,1.0,436,1,1,1,0.9574489318788539,0.18579395506409796,0.9175121686547058,9.0,9,0.41016244444444444,0.0026143048969979902,0.9574489318788539,0.03993676322414822
A1_boundary_075,T0_standard,0.75,1.0,1.0,455,1,1,1,0.9973853405800327,0.01987295304530981,0.9957205090537896,4.0,4,0.2685555,0.0009498278937241512,0.9973853405800327,0.0016648315262431095
A1_boundary_075,T0_standard,0.75,1.0,1.0,457,1,1,1,0.9970217995248962,0.022185795064398935,0.99502755063676,27.440993788819874,28,0.8272295714285717,0.0009839515869674114,0.9970217995248962,0.0019942488881362756
A1_boundary_075,T0_standard,0.75,1.0,1.0,465,1,1,1,0.899258493686326,0.33873850062286726,0.8011045586822815,9.0,9,0.3576702222222222,0.002587571309629541,0.899258493686326,0.09815393500404458
A1_boundary_075,T0_standard,0.75,1.0,1.0,471,1,1,1,0.9848381219136314,0.08906843171495561,0.9772548187663997,5.0,5,0.5415559999999999,0.007578574939137009,0.9848381219136314,0.0075833031472316605
A1_boundary_075,T0_standard,0.75,1.0,1.0,481,1,1,1,0.5797121227901921,0.7115599585430092,0.16535895833352365,14.825503355704697,15,0.4130022666666665,0.005934712753139356,0.5797121227901921,0.4143531644566685
A1_boundary_075,T0_standard,0.75,1.0,1.0,482,1,1,1,0.9966886348626769,0.024475820058500918,0.9947942925589072,7.0,7,0.45074285714285717,0.001417022833553427,0.9966886348626769,0.0018943423037697026
A1_boundary_075,T0_standard,0.75,1.0,1.0,487,1,1,1,0.9978227223118509,0.016951522010467176,0.9964433884876427,28.414201183431953,29,0.8860926896551725,0.0007979438639410002,0.9978227223118509,0.0013793338242081884
A1_boundary_075,T0_standard,0.75,1.0,1.0,497,1,1,1,0.7307055995070528,0.6544277560791478,0.4816624998085234,9.0,9,0.46402088888888887,0.020251300794417636,0.7307055995070528,0.24904309969852945
A1_boundary_075,T0_standard,0.75,1.0,1.0,505,2,2,1,0.9108780779565633,0.32279486115734934,0.827874756235598,7.0,7,0.3739705714285714,0.006118600322471401,0.08300332172096528,0.9108780779565633
A1_boundary_075,T0_standard,0.75,1.0,1.0,513,2,2,1,0.9714937060771744,0.14369544824057393,0.9486311530583331,65.66587395957194,67,1.1865429253731343,0.005643740903984289,0.02286255301884133,0.9714937060771744
A1_boundary_075,T0_standard,0.75,1.0,1.0,516,2,2,1,0.7108872040256933,0.6302984851950576,0.4277110457851979,13.0,13,0.32202353846153847,0.005936637733811497,0.28317615824049536,0.7108872040256933
A1_boundary_075,T0_standard,0.75,1.0,1.0,525,2,2,1,0.9876621598411689,0.07138169307127734,0.9769960371670238,3.0,3,0.26377733333333336,0.0016717174846858313,0.010666122674145118,0.9876621598411689
A1_boundary_075,T0_standard,0.75,1.0,1.0,538,2,2,1,0.9868473604243766,0.07793067421554492,0.9774858658135208,19.692307692307693,20,0.6192523000000001,0.0037911449647675764,0.00936149461085578,0.9868473604243766
A1_boundary_075,T0_standard,0.75,1.0,1.0,541,2,2,1,0.9793095622026119,0.1093508720197737,0.9616601024748245,14.730061349693251,15,0.6523588666666666,0.003040978069600784,0.01764945972778743,0.9793095622026119
A1_boundary_075,T0_standard,0.75,1.0,1.0,549,2,2,1,0.9446103378023265,0.2524678878416979,0.9162888270025237,31.527272727272727,32,0.65795975,0.028321510799802788,0.027068151397870777,0.9446103378023265
A1_boundary_075,T0_standard,0.75,1.0,1.0,551,2,2,1,0.911115135949034,0.3615604767352535,0.866664240225921,64.65370138017566,66,1.068993803030303,0.044433968327852985,0.04445089572311295,0.911115135949034
A1_boundary_075,T0_standard,0.75,1.0,1.0,555,2,2,1,0.9095214739581727,0.3663581124657105,0.8641502915664584,64.65370138017566,66,1.068993803030303,0.045371182391714324,0.045107343650112895,0.9095214739581727
A1_boundary_075,T0_standard,0.75,1.0,1.0,557,2,2,1,0.9725336786651999,0.1393721389606416,0.950422626970187,10.0,10,0.3280324,0.005355269639787104,0.022111051695012936,0.9725336786651999
A1_boundary_075,T0_standard,0.75,1.0,1.0,558,2,2,1,0.9450371382273749,0.2276617722556279,0.8942539612658127,56.867388362652235,58,1.222802172413793,0.004179684811062939,0.05078317696156215,0.9450371382273749
A1_boundary_075,T0_standard,0.75,1.0,1.0,561,2,2,1,0.8713649126732197,0.46839389029392436,0.7900366757812448,22.59036144578313,23,0.6614797826086957,0.08132823689197485,0.04730685043480537,0.8713649126732197
A1_boundary_075,T0_standard,0.75,1.0,1.0,564,2,2,1,0.8774276873076994,0.44848095191007287,0.7935871751108755,51.91917591125198,53,0.8910560566037735,0.038731800495476726,0.08384051219682385,0.8774276873076994
A1_boundary_075,T0_standard,0.75,1.0,1.0,565,2,2,1,0.9838853468139712,0.09203903369985762,0.9722595651009549,12.0,12,0.45422558333333335,0.004488871473012433,0.011625781713016302,0.9838853468139712
A1_boundary_075,T0_standard,0.75,1.0,1.0,567,2,2,1,0.9181129416183811,0.3371445123694628,0.8662102209805492,36.33002481389578,37,0.7751838378378378,0.02998433774378715,0.051902720637831835,0.9181129416183811
A1_boundary_075,T0_standard,0.75,1.0,1.0,569,2,2,1,0.8614780151550482,0.4865707718747649,0.7641392929638474,42.146341463414636,43,0.8109670232558138,0.09733872219120081,0.04118326265375104,0.8614780151550482
A1_boundary_075,T0_standard,0.75,1.0,1.0,573,2,2,1,0.9871493208778251,0.07677507530174396,0.9784044457934689,8.0,8,0.494462875,0.004105804037818635,0.00874487508435625,0.9871493208778251
A1_boundary_075,T0_standard,0.75,1.0,1.0,574,2,2,1,0.9203050743057065,0.30432315356242556,0.8487590851003488,19.898395721925134,20,0.53040425,0.008148936488935799,0.07154598920535765,0.9203050743057065
A1_boundary_075,T0_standard,0.75,1.0,1.0,581,2,2,1,0.9551983849816118,0.19299206879088265,0.9130518566575255,13.775510204081632,14,0.6483881428571427,0.002655086694302041,0.04214652832408623,0.9551983849816118
A1_boundary_075,T0_standard,0.75,1.0,1.0,585,2,2,1,0.9832540238480542,0.0943877622643706,0.9705884465601854,12.83206106870229,13,0.5086920769230769,0.004080398864076953,0.012665577287868771,0.9832540238480542
A1_boundary_075,T0_standard,0.75,1.0,1.0,586,2,2,1,0.9456275406816066,0.23263650454884066,0.8985540311677652,6.0,6,0.38316100000000003,0.007298949804552081,0.047073509513841365,0.9456275406816066
A1_boundary_075,T0_standard,0.75,1.0,1.0,589,2,2,1,0.9851894558162492,0.08671997783291444,0.9756323333439597,8.0,8,0.28330900000000003,0.005253421711461369,0.009557122472289454,0.9851894558162492
A1_boundary_075,T0_standard,0.75,1.0,1.0,590,2,2,1,0.9532352068839048,0.21049900062402005,0.9146130959480745,8.0,8,0.424510375,0.008142682180264761,0.038622110935830394,0.9532352068839048
A1_boundary_075,T0_standard,0.75,1.0,1.0,600,2,2,1,0.97749818044123,0.11647233831269732,0.9580042126488457,3.0,3,0.27039266666666667,0.003007851766385706,0.019493967792384364,0.97749818044123
A1_boundary_075,T0_standard,0.75,1.0,1.0,607,2,2,1,0.7817154068363392,0.67123732804288,0.649782444509507,7.0,7,0.47682385714285713,0.13193296232683227,0.08635163083682855,0.7817154068363392
A1_boundary_075,T0_standard,0.75,1.0,1.0,614,2,2,1,0.974152496909115,0.135060190252181,0.955271017569639,34.46153846153846,35,0.6614222,0.006966023751409055,0.01888147933947602,0.974152496909115
A1_boundary_075,T0_standard,0.75,1.0,1.0,618,2,2,1,0.9648421967664015,0.1695256207347824,0.936499028176896,77.40532241555783,79,1.0714351392405066,0.006814634644093157,0.028343168589505443,0.9648421967664015
A1_boundary_075,T0_standard,0.75,1.0,1.0,621,2,2,1,0.9005079592773197,0.380460216268493,0.8263929151602217,73.50584484590861,75,1.0566839733333333,0.07411504411709802,0.02537699660558229,0.9005079592773197
A1_boundary_075,T0_standard,0.75,1.0,1.0,625,2,2,1,0.9635283502104798,0.18126296426062066,0.9420455397318279,5.0,5,0.28745499999999996,0.014988839310868309,0.021482810478651884,0.9635283502104798
A1_boundary_075,T0_standard,0.75,1.0,1.0,627,2,2,1,0.87806783369755,0.4480906178152586,0.7963828025387768,67.63117870722434,69,0.7889472463768116,0.08168503115877328,0.040247135143676824,0.87806783369755
A1_boundary_075,T0_standard,0.75,1.0,1.0,628,2,2,1,0.9802897776350944,0.11043003303599297,0.9692562306890865,13.902255639097744,14,0.5260488571428572,0.008676675418897658,0.011033546946007897,0.9802897776350944
A1_boundary_075,T0_standard,0.75,1.0,1.0,629,2,2,1,0.9130543414393286,0.33287252374248316,0.8395619963777005,63.70509383378016,65,0.809190323076923,0.07349234506162812,0.013453313499043214,0.9130543414393286
A1_boundary_075,T0_standard,0.75,1.0,1.0,634,2,2,1,0.9819319647066688,0.1023533136075317,0.9705973446437346,15.763636363636364,16,0.6306679375,0.006733415230397095,0.011334620062934153,0.9819319647066688
A1_boundary_075,T0_standard,0.75,1.0,1.0,635,2,2,1,0.9839385635369119,0.09126885855350743,0.9718473127748319,9.846153846153847,10,0.5280875,0.003970185701008197,0.01209125076207996,0.9839385635369119
A1_boundary_075,T0_standard,0.75,1.0,1.0,641,2,2,1,0.9436278416040557,0.24913287876888296,0.9018761569400879,8.0,8,0.39205275,0.04175168466396774,0.014620473731976582,0.9436278416040557
A1_boundary_075,T0_standard,0.75,1.0,1.0,645,2,2,1,0.976243402276613,0.12447235866913171,0.9574329705577797,25.473684210526315,26,0.8725405,0.004946166004553708,0.0188104317188333,0.976243402276613
A1_boundary_075,T0_standard,0.75,1.0,1.0,648,2,2,1,0.9856824307507217,0.08325401515521634,0.975124396231645,70.53063583815029,72,1.0457252083333333,0.0037595347302015673,0.010558034519076664,0.9856824307507217
A1_boundary_075,T0_standard,0.75,1.0,1.0,657,2,2,1,0.9864161346725799,0.07976422644996495,0.9764548774940045,11.0,11,0.4163523636363637,0.0036226081488447102,0.009961257178575426,0.9864161346725799
A1_boundary_075,T0_standard,0.75,1.0,1.0,662,2,2,1,0.9851230102811112,0.08537974026233144,0.9736592016581714,14.825503355704697,15,0.5766958,0.003413181095948972,0.011463808622939765,0.9851230102811112
A1_boundary_075,T0_standard,0.75,1.0,1.0,674,2,2,1,0.9752996986869751,0.12568474510489805,0.9539890107103813,12.0,12,0.4328041666666667,0.0033896133364312137,0.021310687976593704,0.9752996986869751
A1_boundary_075,T0_standard,0.75,1.0,1.0,680,2,2,1,0.9694290679995909,0.1483716735405424,0.942747817773667,20.68663594470046,21,0.5819468095238095,0.0038896817744850146,0.02668125022592396,0.9694290679995909
A1_boundary_075,T0_standard,0.75,1.0,1.0,682,2,2,1,0.9722294247606003,0.13402948303172138,0.9464341493190607,1.0,1,0.099984,0.0019752997978601597,0.025795275441539568,0.9722294247606003
A1_boundary_075,T0_standard,0.75,1.0,1.0,687,2,2,1,0.9811681680548445,0.10086258578626128,0.9648528544571785,7.9113924050632916,8,0.4055995,0.0025165183474894796,0.01631531359766604,0.9811681680548445
A1_boundary_075,T0_standard,0.75,1.0,1.0,688,2,2,1,0.9649533608841545,0.1758694088230265,0.9451703463457899,67.67192784667418,69,1.2520341594202895,0.019783014538364608,0.015263624577480808,0.9649533608841545
A1_boundary_075,T0_standard,0.75,1.0,1.0,692,2,2,1,0.9627043192644849,0.17835662868714658,0.9331925267516354,77.40532241555783,79,1.0714351392405066,0.0077838882226657705,0.02951179251284939,0.9627043192644849
A1_boundary_075,T0_standard,0.75,1.0,1.0,695,2,2,1,0.9881821920896354,0.07109406944909369,0.9795595701111695,10.84070796460177,11,0.5583097272727273,0.003195185931898663,0.008622621978465965,0.9881821920896354
A1_boundary_075,T0_standard,0.75,1.0,1.0,706,2,2,1,0.9122585139845308,0.3151669954871914,0.8290640443756718,4.0,4,0.274131,0.004547016406610194,0.08319446960885901,0.9122585139845308
A1_boundary_075,T0_standard,0.75,1.0,1.0,707,2,2,1,0.9166638715283122,0.326191287746816,0.8483708272944909,58.8,60,1.10599235,0.06829304423382133,0.015043084237866437,0.9166638715283122
A1_boundary_075,T0_standard,0.75,1.0,1.0,1068,0,0,1,0.9732036303939302,0.1400947570318094,0.954817595799405,10.84070796460177,11,0.46691427272727276,0.9732036303939302,0.018386034594525296,0.008410335011544446
A1_boundary_075,T0_standard,0.75,1.0,1.0,1074,0,0,1,0.9760616084110296,0.12938649332161334,0.9625455480326682,24.516014234875446,25,0.77164884,0.9760616084110296,0.013516060378361417,0.010422331210608968
A1_boundary_075,T0_standard,0.75,1.0,1.0,1078,0,0,1,0.9307262984005992,0.2985199526875209,0.8895212799703417,9.0,9,0.4112078888888889,0.9307262984005992,0.028068683169143297,0.04120501843025748
A1_boundary_075,T0_standard,0.75,1.0,1.0,1083,0,0,1,0.9821468882508959,0.0972932518743796,0.9670796866665472,5.0,5,0.31577520000000003,0.9821468882508959,0.015067201584348702,0.002785910164755472
A1_boundary_075,T0_standard,0.75,1.0,1.0,1089,0,0,1,0.98747251157581,0.0719213737305463,0.9764522224676702,18.75,19,0.5798857368421053,0.98747251157581,0.011020289108139823,0.00150719931605028
A1_boundary_075,T0_standard,0.75,1.0,1.0,1092,0,0,1,0.9781836078894927,0.11623905626513341,0.9609486339452921,5.0,5,0.4888422,0.9781836078894927,0.017234973944200618,0.0045814181663066875
A1_boundary_075,T0_standard,0.75,1.0,1.0,1096,0,0,1,0.9417607051061507,0.2591332390743787,0.9028884044439689,12.782608695652174,13,0.6659333846153845,0.9417607051061507,0.019366994231667545,0.0388723006621818
A1_boundary_075,T0_standard,0.75,1.0,1.0,1097,0,0,1,0.9840931513863173,0.08787334018536985,0.9702950142255767,6.914285714285715,7,0.4249707142857143,0.9840931513863173,0.013798137160740525,0.0021087114529422216
A1_boundary_075,T0_standard,0.75,1.0,1.0,1100,0,0,1,0.9679720989453646,0.157091743653849,0.9418907560773215,18.660194174757283,19,0.6168118947368422,0.9679720989453646,0.026081342868043055,0.005946558186592293
A1_boundary_075,T0_standard,0.75,1.0,1.0,1105,0,0,1,0.9819860430410196,0.0990290112635813,0.9674394528618561,20.57551020408163,21,0.7333708095238094,0.9819860430410196,0.014546590179163528,0.0034673667798169523
A1_boundary_075,T0_standard,0.75,1.0,1.0,1111,0,0,1,0.9530581509748968,0.22156720996673676,0.9266020725172659,22.5625,23,0.7248498695652174,0.9530581509748968,0.026456078457630854,0.02048577056747239
A1_boundary_075,T0_standard,0.75,1.0,1.0,1112,0,0,1,0.9553946262532501,0.2130956538455991,0.9313502513120885,18.75,19,0.6731560526315788,0.9553946262532501,0.024044374941161597,0.020560998805588194
A1_boundary_075,T0_standard,0.75,1.0,1.0,1113,0,0,1,0.9697598950016396,0.1564183979084569,0.9533035485000544,20.642857142857142,21,0.6701863809523808,0.9697598950016396,0.013783758496775112,0.01645634650158526
A1_boundary_075,T0_standard,0.75,1.0,1.0,1118,0,0,1,0.9838938840976331,0.09155355998925646,0.9718378738725171,25.50344827586207,26,0.7382225000000001,0.9838938840976331,0.012056010225116036,0.004050105677250988
A1_boundary_075,T0_standard,0.75,1.0,1.0,1119,0,0,1,0.9649931960430247,0.17600025033404046,0.9473191991394817,29.43243243243243,30,0.6934033666666666,0.9649931960430247,0.017673996903542984,0.017332807053432216
A1_boundary_075,T0_standard,0.75,1.0,1.0,1120,0,0,1,0.9875555548249207,0.07336215192653302,0.9777336932940734,26.52054794520548,27,0.8011209259259259,0.9875555548249207,0.009821861530847253,0.0026225836442320574
A1_boundary_075,T0_standard,0.75,1.0,1.0,1124,0,0,1,0.9869918113901519,0.07513447849479535,0.9760698275978835,10.0,10,0.4216774,0.9869918113901519,0.010921983792268336,0.002086204817579734
A1_boundary_075,T0_standard,0.75,1.0,1.0,1130,0,0,1,0.9840892296723927,0.09085355494221782,0.9723824994809441,24.54014598540146,25,0.71656104,0.9840892296723927,0.011706730191448482,0.0042040401361588525
A1_boundary_075,T0_standard,0.75,1.0,1.0,1135,0,0,1,0.9832294337791768,0.09334849053752348,0.9696486247154983,8.909090909090908,9,0.5254421111111112,0.9832294337791768,0.013580809063678569,0.0031897571571445566
A1_boundary_075,T0_standard,0.75,1.0,1.0,1137,0,0,1,0.9781730485716338,0.119653922521474,0.9648377492229494,15.720930232558139,16,0.6085711874999999,0.9781730485716338,0.013335299348684413,0.008491652079681833
A1_boundary_075,T0_standard,0.75,1.0,1.0,1138,0,0,1,0.9797883190742823,0.10322593763074545,0.9607092448157424,25.484848484848484,26,0.8721031923076923,0.9797883190742823,0.01907907425853992,0.0011326066671776683
A1_boundary_075,T0_standard,0.75,1.0,1.0,1146,0,0,1,0.9842991451493897,0.0877615903407783,0.9711464757521266,13.74025974025974,14,0.7073084285714287,0.9842991451493897,0.013152669397263037,0.002548185453347248
A1_boundary_075,T0_standard,0.75,1.0,1.0,1148,0,0,1,0.9735275214529652,0.13941756730020882,0.9563534042188689,16.712707182320443,17,0.6329464117647058,0.9735275214529652,0.017174117234096238,0.009298361312938612
A1_boundary_075,T0_standard,0.75,1.0,1.0,1150,0,0,1,0.983969578371375,0.08848998523423326,0.9700958287229257,10.90566037735849,11,0.43154409090909096,0.983969578371375,0.013873749648449393,0.0021566719801756605
A1_boundary_075,T0_standard,0.75,1.0,1.0,1151,0,0,1,0.9790884042536836,0.11371166231830852,0.9637717821216099,14.76923076923077,15,0.5302294000000001,0.9790884042536836,0.015316622132073692,0.00559497361424257
A1_boundary_075,T0_standard,0.75,1.0,1.0,1154,0,0,1,0.9791352354879029,0.11293878697566853,0.9633258385435418,17.647058823529413,18,0.6704702777777779,0.9791352354879029,0.015809396944361082,0.0050553675677359865
A1_boundary_075,T0_standard,0.75,1.0,1.0,1155,0,0,1,0.9638779351489765,0.17756234210410168,0.9386864009389002,21.0,21,0.5006571904761904,0.9638779351489765,0.025191534210076277,0.01093053064094718
A1_boundary_075,T0_standard,0.75,1.0,1.0,1156,0,0,1,0.984727169180373,0.0858688982436987,0.971978664851912,12.782608695652174,13,0.6207592307692308,0.984727169180373,0.012748504328460976,0.002524326491165983
A1_boundary_075,T0_standard,0.75,1.0,1.0,1158,0,0,1,0.9643444900933754,0.17776709946097785,0.9426856055562997,12.0,12,0.29291475,0.9643444900933754,0.013996625369548774,0.021658884537075783
A1_boundary_075,T0_standard,0.75,1.0,1.0,1162,0,0,1,0.8500377823178753,0.49960113561122693,0.7314798243416232,36.24657534246575,37,0.8083777027027027,0.8500377823178753,0.11855795797625217,0.031404259705872656
A1_boundary_075,T0_standard,0.75,1.0,1.0,1165,1,2,0,0.7288697605009865,0.6916454746525934,0.4943190648177719,2.0,2,0.3346215,0.036579543815798796,0.23455069568321466,0.7288697605009865
A1_boundary_075,T0_standard,0.75,1.0,1.0,1166,1,1,1,0.9964519205256182,0.02582249280954751,0.9940957856916225,21.574898785425102,22,0.7661115000000002,0.0011919446403864,0.9964519205256182,0.0023561348339956266
A1_boundary_075,T0_standard,0.75,1.0,1.0,1177,1,1,1,0.8965363330940957,0.34829010184143433,0.79668356253752,14.76923076923077,15,0.3929898,0.003610896349328419,0.8965363330940957,0.09985277055657574
A1_boundary_075,T0_standard,0.75,1.0,1.0,1186,1,1,1,0.8769478401766452,0.4065636563668502,0.7634543112776261,10.84070796460177,11,0.519302,0.009558630924335686,0.8769478401766452,0.11349352889901909
A1_boundary_075,T0_standard,0.75,1.0,1.0,1189,1,1,1,0.963563735472768,0.18134853581974783,0.942805674290457,4.0,4,0.48300425,0.015678203344921027,0.963563735472768,0.02075806118231098
A1_boundary_075,T0_standard,0.75,1.0,1.0,1190,1,1,1,0.9952984935924677,0.03258246044583177,0.9918177728113443,13.82857142857143,14,0.5306829285714285,0.001220785626408791,0.9952984935924677,0.0034807207811234074
A1_boundary_075,T0_standard,0.75,1.0,1.0,1205,1,1,1,0.9394537509578699,0.23680086264145783,0.8807743881897457,2.0,2,0.2023435,0.0018668862740059695,0.9394537509578699,0.05867936276812417
A1_boundary_075,T0_standard,0.75,1.0,1.0,1216,1,1,1,0.528408079630415,0.8779412953043324,0.12035266856799637,3.0,3,0.25369933333333333,0.06353650930716633,0.528408079630415,0.40805541106241866
A1_boundary_075,T0_standard,0.75,1.0,1.0,1221,1,1,1,0.9754530262866226,0.1282811431256124,0.9563893765072681,5.0,5,0.3209068,0.0054833239340229935,0.9754530262866226,0.019063649779354513
A1_boundary_075,T0_standard,0.75,1.0,1.0,1225,1,1,1,0.997157799739572,0.02145835381241175,0.9955948166590651,6.0,6,0.2796791666666667,0.0012792171799212314,0.997157799739572,0.0015629830805068258
A1_boundary_075,T0_standard,0.75,1.0,1.0,1239,1,1,1,0.9606739957289118,0.19225505216248645,0.9370586803002893,20.68663594470046,21,0.5608050476190476,0.015710688842465716,0.9606739957289118,0.023615315428622524
A1_boundary_075,T0_standard,0.75,1.0,1.0,1241,1,1,1,0.9234897424768549,0.30427919093609346,0.8595115918468589,13.82857142857143,14,0.5738868571428571,0.012532106893149065,0.9234897424768549,0.06397815062999604
A1_boundary_075,T0_standard,0.75,1.0,1.0,1247,1,1,1,0.9935060432248619,0.04304164498342389,0.9888398584852207,8.909090909090908,9,0.5222551111111111,0.0018277720354969772,0.9935060432248619,0.004666184739641173
A1_boundary_075,T0_standard,0.75,1.0,1.0,1248,1,1,1,0.9962205964640698,0.026644269444395265,0.9931269127397372,16.75862068965517,17,0.5862612352941177,0.0006857198115977831,0.9962205964640698,0.00309368372433256
A1_boundary_075,T0_standard,0.75,1.0,1.0,1249,1,1,1,0.9926338988764536,0.04593264566957928,0.9860159249845065,14.76923076923077,15,0.5889769333333332,0.0007481272315994319,0.9926338988764536,0.006617973891947052
A1_boundary_075,T0_standard,0.75,1.0,1.0,1258,1,1,1,0.9957406404064667,0.030066735034213254,0.9927180415400222,22.5625,23,0.8148903913043478,0.0012367607270887132,0.9957406404064667,0.0030225988664445563
A1_boundary_075,T0_standard,0.75,1.0,1.0,1260,1,2,0,0.5907446528187023,0.7633749836603054,0.20386645737347814,4.0,4,0.1244055,0.022377151736073603,0.3868781954452241,0.5907446528187023
A1_boundary_075,T0_standard,0.75,1.0,1.0,1263,1,1,1,0.9962626180431242,0.02718528209500272,0.994176852754024,19.62162162162162,20,0.6936217,0.0016516166677754559,0.9962626180431242,0.0020857652891002423
A1_boundary_075,T0_standard,0.75,1.0,1.0,1269,1,1,1,0.9953281395603175,0.032494243821069684,0.9919570093087797,23.58139534883721,24,0.6545587916666666,0.0013007301881446762,0.9953281395603175,0.0033711302515378287
A1_boundary_075,T0_standard,0.75,1.0,1.0,1273,2,2,1,0.9068215272260987,0.37269356357325933,0.8512993301842684,46.04085257548846,47,0.8696693617021276,0.03765627573207115,0.055522197041830285,0.9068215272260987
A1_boundary_075,T0_standard,0.75,1.0,1.0,1278,2,2,1,0.9402619500253897,0.2427205459852031,0.8852300086689127,7.0,7,0.33624099999999996,0.004706108618133191,0.055031941356477,0.9402619500253897
A1_boundary_075,T0_standard,0.75,1.0,1.0,1279,2,2,1,0.9653397428235906,0.17411731453003293,0.9450928365748243,67.67192784667418,69,1.2520341594202895,0.02024690624876629,0.01441335092764316,0.9653397428235906
A1_boundary_075,T0_standard,0.75,1.0,1.0,1280,2,2,1,0.9668066103222775,0.16827779862610606,0.9476279481391959,54.935794542536115,56,0.6436827857142857,0.019178662183081625,0.014014727494640783,0.9668066103222775
A1_boundary_075,T0_standard,0.75,1.0,1.0,1282,2,2,1,0.986754452074235,0.07945774964419572,0.9791179116222765,13.0,13,0.35966600000000004,0.005609007473806513,0.00763654045195846,0.986754452074235
A1_boundary_075,T0_standard,0.75,1.0,1.0,1283,2,2,1,0.9671342527895728,0.16116924391542656,0.9409552887094444,26.470588235294116,27,0.8517917037037037,0.006686783130298861,0.02617896408012828,0.9671342527895728
A1_boundary_075,T0_standard,0.75,1.0,1.0,1284,2,2,1,0.974281460899683,0.13379053406420816,0.9548129600126078,20.642857142857142,21,0.6391033333333332,0.006250038213241933,0.019468500887075146,0.974281460899683
A1_boundary_075,T0_standard,0.75,1.0,1.0,1286,2,2,1,0.9805500031644383,0.1069855566057925,0.9661083479880609,5.0,5,0.6293452,0.005008341659184249,0.01444165517637745,0.9805500031644383
A1_boundary_075,T0_standard,0.75,1.0,1.0,1299,2,2,1,0.9367544278444652,0.2793751138375821,0.9022151919502013,27.43161094224924,28,0.8355607857142857,0.028706336261270848,0.0345392358942639,0.9367544278444652
A1_boundary_075,T0_standard,0.75,1.0,1.0,1300,2,2,1,0.9121511783685429,0.34316295673226105,0.8431164513679249,49.961290322580645,51,1.0054089803921569,0.06903472700061797,0.01881409463083917,0.9121511783685429
A1_boundary_075,T0_standard,0.75,1.0,1.0,1303,2,2,1,0.9746753910298571,0.12966055308533017,0.9536695356339281,24.5,25,0.7858332800000001,0.004318753574213773,0.021005855395929047,0.9746753910298571
A1_boundary_075,T0_standard,0.75,1.0,1.0,1308,2,2,1,0.9623071791542556,0.1856846759351085,0.9391750119937312,57.825910931174086,59,1.2064219830508476,0.02313216716052437,0.014560653685219967,0.9623071791542556
A1_boundary_075,T0_standard,0.75,1.0,1.0,1309,2,2,1,0.9866516302693243,0.07817712364906715,0.9764602721550267,10.0,10,0.3674935999999999,0.0031570116163779955,0.01019135811429759,0.9866516302693243
A1_boundary_075,T0_standard,0.75,1.0,1.0,1313,2,2,1,0.9424503110668473,0.24260352044625616,0.8924854070840191,59.75973154362416,61,1.0759157540983606,0.0075847849503246035,0.04996490398282815,0.9424503110668473
A1_boundary_075,T0_standard,0.75,1.0,1.0,1321,2,2,1,0.9466527853984699,0.2304803420958767,0.9011215367002564,44.10600706713781,45,1.0777292666666667,0.04553124869821349,0.007815965903316586,0.9466527853984699
A1_boundary_075,T0_standard,0.75,1.0,1.0,1327,2,2,1,0.9824863907104603,0.09780171119581842,0.969134918017814,8.909090909090908,9,0.5182015555555555,0.004162136596893482,0.013351472692646292,0.9824863907104603
A1_boundary_075,T0_standard,0.75,1.0,1.0,1333,2,2,1,0.9741367362459059,0.13732420414747523,0.9583022825368716,70.62068965517241,72,1.2515620555555556,0.010028810045059788,0.01583445370903433,0.9741367362459059
A1_boundary_075,T0_standard,0.75,1.0,1.0,1339,2,2,1,0.9247190261324021,0.287958881466129,0.8554127364516644,21.63519313304721,22,0.6441087727272726,0.005974684186860195,0.06930628968073775,0.9247190261324021
A1_boundary_075,T0_standard,0.75,1.0,1.0,1342,2,2,1,0.9780822992551405,0.11604002651268815,0.9603094756718431,55.84615384615385,57,1.0421935263157895,0.004144877161562232,0.0177728235832973,0.9780822992551405
A1_boundary_075,T0_standard,0.75,1.0,1.0,1346,2,2,1,0.9740725507800763,0.13432976435961513,0.9541587319145329,7.0,7,0.4986592857142857,0.006013630354380425,0.019913818865543373,0.9740725507800763
A1_boundary_075,T0_standard,0.75,1.0,1.0,1349,2,2,1,0.9800949302145263,0.10866946784007116,0.9649938411126789,5.0,5,0.4752704,0.004803980683626309,0.015101089101847424,0.9800949302145263
A1_boundary_075,T0_standard,0.75,1.0,1.0,1350,2,2,1,0.9716115693447434,0.14838606252890485,0.9550817390027447,1.0,1,0.132911,0.011858600313257988,0.016529830341998612,0.9716115693447434
A1_boundary_075,T0_standard,0.75,1.0,1.0,1351,2,2,1,0.9307643509808798,0.28333365077020695,0.8733700442238579,25.53757225433526,26,1.5248225769230772,0.05739430675702198,0.011841342262098273,0.9307643509808798
A1_boundary_075,T0_standard,0.75,1.0,1.0,1356,2,2,1,0.9917016106335429,0.053679659625323804,0.9869110165761933,4.0,4,0.38987275,0.003507795309107503,0.004790594057349611,0.9917016106335429
A1_boundary_075,T0_standard,0.75,1.0,1.0,1359,2,2,1,0.9580339416633256,0.2019625426404908,0.9319170311178184,59.79948253557568,61,1.1845999180327869,0.02611691054550712,0.01584914779116731,0.9580339416633256
A2_boundary_050,T0_standard,0.5,1.0,1.0,12,0,0,1,0.981364502720627,0.10310354175230374,0.9673372638091379,10.0,10,0.4554644,0.981364502720627,0.014027238911489206,0.004608258367883709
A2_boundary_050,T0_standard,0.5,1.0,1.0,13,0,0,1,0.9858903512582974,0.08076371355905285,0.9743093329299345,10.88888888888889,12,0.46369266666666675,0.9858903512582974,0.011581018328362882,0.002528630413339789
A2_boundary_050,T0_standard,0.5,1.0,1.0,15,0,0,1,0.9724387069017599,0.14526393471234944,0.9586218846510414,18.666666666666668,21,0.7021404761904763,0.9724387069017599,0.013816822250718598,0.013744470847521614
A2_boundary_050,T0_standard,0.5,1.0,1.0,16,0,0,1,0.985987782299754,0.08006678782032685,0.9743347215996917,25.779661016949152,29,0.8733876206896551,0.985987782299754,0.011653060700062319,0.002359157000183698
A2_boundary_050,T0_standard,0.5,1.0,1.0,22,0,0,1,0.9848589948199049,0.08539423781378727,0.9723044546815063,10.0,10,0.3705015,0.9848589948199049,0.012554540138398615,0.002586465041696611
A2_boundary_050,T0_standard,0.5,1.0,1.0,23,0,0,1,0.8920359924756232,0.39702787959986763,0.8062231659811112,18.24137931034483,20,0.5421750500000001,0.8920359924756232,0.02215118102986495,0.08581282649451195
A2_boundary_050,T0_standard,0.5,1.0,1.0,28,0,0,1,0.8997907149719152,0.3847366834471222,0.8274029345989911,9.0,9,0.46474844444444446,0.8997907149719152,0.027821504655160638,0.0723877803729242
A2_boundary_050,T0_standard,0.5,1.0,1.0,33,0,0,1,0.984463233801882,0.08813003325904176,0.9722087091921252,8.0,8,0.401292125,0.984463233801882,0.01225452460975684,0.0032822415883610578
A2_boundary_050,T0_standard,0.5,1.0,1.0,35,0,0,1,0.9807990305752158,0.10333483048421517,0.9646580618178173,8.333333333333334,9,0.5700594444444445,0.9807990305752158,0.016140968757398486,0.003060000667385716
A2_boundary_050,T0_standard,0.5,1.0,1.0,36,0,0,1,0.9827187914497056,0.09577556928966804,0.9687994185515361,16.333333333333332,18,0.6305999999999998,0.9827187914497056,0.013919372898169602,0.0033618356521248143
A2_boundary_050,T0_standard,0.5,1.0,1.0,40,0,0,1,0.9815658271638672,0.09955220984752228,0.9658275764529766,23.170212765957448,26,0.6631952692307693,0.9815658271638672,0.015738250710890685,0.0026959221252420883
A2_boundary_050,T0_standard,0.5,1.0,1.0,44,0,0,1,0.988652078660655,0.06663275738194266,0.9788544962404666,19.6,22,0.6243710909090908,0.988652078660655,0.009797582420188347,0.001550338919156645
A2_boundary_050,T0_standard,0.5,1.0,1.0,51,0,0,1,0.9858214507824328,0.08206369749318446,0.9749004321234406,16.89189189189189,19,0.7660634736842105,0.9858214507824328,0.010921018658992239,0.0032575305585749175
A2_boundary_050,T0_standard,0.5,1.0,1.0,52,0,0,1,0.9411169836387561,0.26059974958569443,0.9008209683878272,11.842105263157896,13,0.4411058461538462,0.9411169836387561,0.018587001110315096,0.04029601525092882
A2_boundary_050,T0_standard,0.5,1.0,1.0,57,0,0,1,0.9842473455190947,0.09040101269992615,0.9729558597641977,24.923076923076923,28,0.6690655000000001,0.9842473455190947,0.011291485754896878,0.004461168726008271
A2_boundary_050,T0_standard,0.5,1.0,1.0,63,0,0,1,0.9387752880233526,0.26472092203382114,0.8928276302940802,26.68421052631579,30,0.7458895333333335,0.9387752880233526,0.015277054247374914,0.04594765772927248
A2_boundary_050,T0_standard,0.5,1.0,1.0,67,0,0,1,0.9580040772852917,0.2030086439556656,0.934349763719745,17.789473684210527,20,0.7178675999999999,0.9580040772852917,0.018341609149161588,0.023654313565546668
A2_boundary_050,T0_standard,0.5,1.0,1.0,71,0,0,1,0.9868600094122629,0.07673951127457768,0.9764863371336888,31.112676056338028,35,0.7804486857142857,0.9868600094122629,0.010373672278574097,0.002766318309163038
A2_boundary_050,T0_standard,0.5,1.0,1.0,73,0,0,1,0.9666065224807284,0.16928897340567894,0.9480623339720806,21.428571428571427,24,0.5408927499999999,0.9666065224807284,0.01484928901062392,0.018544188508647825
A2_boundary_050,T0_standard,0.5,1.0,1.0,79,0,0,1,0.9683551399049373,0.16232452973034878,0.9519140724978677,8.0,8,0.419704125,0.9683551399049373,0.015203792687993146,0.01644106740706953
A2_boundary_050,T0_standard,0.5,1.0,1.0,81,0,0,1,0.987621261120655,0.07251512778067004,0.9774795676948133,24.896551724137932,28,0.6805994285714284,0.987621261120655,0.010141693425841654,0.002237045453503264
A2_boundary_050,T0_standard,0.5,1.0,1.0,83,0,0,1,0.9853780788810044,0.08191857734492156,0.9726430118712904,10.0,10,0.44241660000000005,0.9853780788810044,0.012735067009713979,0.0018868541092816832
A2_boundary_050,T0_standard,0.5,1.0,1.0,87,0,0,1,0.9776219917252437,0.11777258026426375,0.9593176087834625,23.170212765957448,26,0.6640094999999999,0.9776219917252437,0.018304382941781112,0.004073625332975197
A2_boundary_050,T0_standard,0.5,1.0,1.0,98,0,0,1,0.9813057666030626,0.10393598929543148,0.9677812134417357,9.0,9,0.47165666666666667,0.9813057666030626,0.013524553161326811,0.0051696802356104785
A2_boundary_050,T0_standard,0.5,1.0,1.0,101,0,0,1,0.9797105047738023,0.11190900197013093,0.9659489764202083,16.03030303030303,18,0.6716582222222223,0.9797105047738023,0.01376152835359403,0.0065279668726038
A2_boundary_050,T0_standard,0.5,1.0,1.0,107,0,0,1,0.8132128666396273,0.5814236999927211,0.6687001771729149,7.0,7,0.4162268571428571,0.8132128666396273,0.042274443893660175,0.14451268946671253
A2_boundary_050,T0_standard,0.5,1.0,1.0,108,0,0,1,0.9738255058480992,0.1392520763871528,0.95976458472053,6.0,6,0.4359216666666666,0.9738255058480992,0.014060921127569273,0.012113573024331433
A2_boundary_050,T0_standard,0.5,1.0,1.0,109,0,0,1,0.9060125818015644,0.3543569165080485,0.8279035510941034,13.761904761904763,15,0.5712982666666666,0.9060125818015644,0.015878387490974543,0.078109030707461
A2_boundary_050,T0_standard,0.5,1.0,1.0,110,0,0,1,0.9742499782501707,0.1372582416926359,0.9596437756508036,4.0,4,0.45297975,0.9742499782501707,0.014606202599367091,0.011143819150462263
A2_boundary_050,T0_standard,0.5,1.0,1.0,111,0,0,1,0.9706677924625376,0.14455258372047947,0.9455874906136905,33.906976744186046,38,0.9744740526315788,0.9706677924625376,0.02508030184884711,0.004251905688615134
A2_boundary_050,T0_standard,0.5,1.0,1.0,112,0,0,1,0.9069627326060525,0.34474783945313325,0.8256504130330063,17.789473684210527,20,0.70145845,0.9069627326060525,0.011724947820901294,0.08131231957304619
A2_boundary_050,T0_standard,0.5,1.0,1.0,114,0,0,1,0.871520090037531,0.44957314438865636,0.7700611497942444,85.41106719367589,94,1.411514425531915,0.871520090037531,0.02702096971918242,0.10145894024328656
A2_boundary_050,T0_standard,0.5,1.0,1.0,116,0,0,1,0.9760175266680128,0.12851566384684868,0.9601657944550158,16.941176470588236,19,0.6829561052631579,0.9760175266680128,0.015851732212996926,0.008130741118990304
A2_boundary_050,T0_standard,0.5,1.0,1.0,117,0,0,1,0.983034288269069,0.09439738921349902,0.9694079850943316,9.0,9,0.40776277777777775,0.983034288269069,0.013626303174737502,0.0033394085561934484
A2_boundary_050,T0_standard,0.5,1.0,1.0,119,0,0,1,0.9830515433696849,0.09599047551772275,0.9708786054446273,11.0,11,0.4399496363636363,0.9830515433696849,0.012172937925057603,0.004775518705257469
A2_boundary_050,T0_standard,0.5,1.0,1.0,125,0,0,1,0.9720171946990364,0.13985795026311296,0.9484492582825679,18.77777777777778,21,0.685138476190476,0.9720171946990364,0.02356793641646844,0.004414868884495071
A2_boundary_050,T0_standard,0.5,1.0,1.0,126,0,0,1,0.986090133124677,0.07974367629565711,0.9746233846080719,17.285714285714285,19,0.5716424736842105,0.986090133124677,0.01146674851660512,0.0024431183587180216
A2_boundary_050,T0_standard,0.5,1.0,1.0,135,0,0,1,0.981132139251581,0.10417189773169491,0.9669469204503501,23.170212765957448,26,0.6855153846153844,0.981132139251581,0.014185218801230887,0.004682641947188076
A2_boundary_050,T0_standard,0.5,1.0,1.0,136,0,0,1,0.9842486730854794,0.0892645094296299,0.9719290666537592,15.0,15,0.4488484666666667,0.9842486730854794,0.012319606431720182,0.0034317204828004533
A2_boundary_050,T0_standard,0.5,1.0,1.0,137,0,0,1,0.9852402165971342,0.08450584503566899,0.9736138396417907,19.6,22,0.7633684545454543,0.9852402165971342,0.0116263769553435,0.003133406447522383
A2_boundary_050,T0_standard,0.5,1.0,1.0,138,0,0,1,0.9691686122905117,0.1589196760773408,0.9527042213358404,9.941176470588236,11,0.5640930909090909,0.9691686122905117,0.014366996754817025,0.016464390954671265
A2_boundary_050,T0_standard,0.5,1.0,1.0,140,0,0,1,0.9783950831838907,0.11854321050130817,0.9649495835926226,16.0,16,0.4220644375,0.9783950831838907,0.013445499591268114,0.00815941722484118
A2_boundary_050,T0_standard,0.5,1.0,1.0,142,0,0,1,0.9840336476712852,0.09249596777982262,0.974130308567098,2.0,2,0.1290305,0.9840336476712852,0.00990333910418719,0.00606301322452765
A2_boundary_050,T0_standard,0.5,1.0,1.0,143,0,0,1,0.9842654022893484,0.08970663051493118,0.9723924272394352,10.88888888888889,12,0.5242633333333334,0.9842654022893484,0.011872975049913222,0.003861622660738436
A2_boundary_050,T0_standard,0.5,1.0,1.0,148,0,0,1,0.9159511290617283,0.34253373949265986,0.8606412530991572,21.564102564102566,24,0.647964,0.9159511290617283,0.02873899497570052,0.05530987596257106
A2_boundary_050,T0_standard,0.5,1.0,1.0,149,0,0,1,0.9846346903289368,0.08676279179294039,0.9721104664433194,5.444444444444445,6,0.37699533333333335,0.9846346903289368,0.012524223885617337,0.0028410857854458786
A2_boundary_050,T0_standard,0.5,1.0,1.0,150,0,0,1,0.9771151533269696,0.12392357979897035,0.9623109136961701,21.333333333333332,24,0.7517964166666666,0.9771151533269696,0.01480423963079961,0.008080607042230764
A2_boundary_050,T0_standard,0.5,1.0,1.0,161,0,0,1,0.9839702512594405,0.09001498268132757,0.9710308924383733,7.0,7,0.29993757142857147,0.9839702512594405,0.012939358821067256,0.0030903899194922196
A2_boundary_050,T0_standard,0.5,1.0,1.0,166,0,0,1,0.9861162173502587,0.08097036258394805,0.9756985253721314,7.363636363636363,8,0.523448625,0.9861162173502587,0.010417691978127294,0.003466090671614061
A2_boundary_050,T0_standard,0.5,1.0,1.0,172,0,0,1,0.9791545284180804,0.11385093822255109,0.964340035120805,21.333333333333332,24,0.78042225,0.9791545284180804,0.014814493297275324,0.006030978284644348
A2_boundary_050,T0_standard,0.5,1.0,1.0,174,0,0,1,0.9859090911261491,0.08009690816145443,0.973984585621586,11.842105263157896,13,0.49278453846153847,0.9859090911261491,0.011924505504563124,0.00216640336928785
A2_boundary_050,T0_standard,0.5,1.0,1.0,176,0,0,1,0.9840564523417232,0.0901008251340686,0.971541354856647,10.0,10,0.5815139,0.9840564523417232,0.012515097485076182,0.00342845017320045
A2_boundary_050,T0_standard,0.5,1.0,1.0,181,0,0,1,0.9525674882228178,0.22117814734234448,0.9210941770896557,21.355555555555554,24,0.70607475,0.9525674882228178,0.015959200644020042,0.031473311133162075
A2_boundary_050,T0_standard,0.5,1.0,1.0,183,0,0,1,0.975816275694282,0.1218845732739458,0.9541059889887696,23.170212765957448,26,0.6592863846153847,0.975816275694282,0.021710286705512328,0.0024734376002056536
A2_boundary_050,T0_standard,0.5,1.0,1.0,185,0,0,1,0.9790483956228501,0.1145253233694265,0.9643904248459308,19.612244897959183,22,0.7109205454545454,0.9790483956228501,0.014657970776919247,0.006293633600230774
A2_boundary_050,T0_standard,0.5,1.0,1.0,186,0,0,1,0.934801393169758,0.28314860270384157,0.8922584878093447,16.03030303030303,18,0.5899305555555555,0.934801393169758,0.022655701469828753,0.04254290536041331
A2_boundary_050,T0_standard,0.5,1.0,1.0,189,0,0,1,0.9837502143672755,0.09227441331915234,0.9716325073807306,16.9,19,0.7392215263157894,0.9837502143672755,0.012117706986544904,0.00413207864617956
A2_boundary_050,T0_standard,0.5,1.0,1.0,190,0,0,1,0.9518686820660164,0.2263369951104582,0.9276545915527205,13.0,13,0.4378136923076923,0.9518686820660164,0.023917227420687664,0.02421409051329588
A2_boundary_050,T0_standard,0.5,1.0,1.0,191,0,0,1,0.983017572129773,0.09486419623711298,0.9696664616345121,8.0,8,0.35865175,0.983017572129773,0.013351110495260892,0.003631317374966053
A2_boundary_050,T0_standard,0.5,1.0,1.0,193,0,0,1,0.9656141761710489,0.17315440425137107,0.9459660749695753,17.285714285714285,19,0.6627145789473685,0.9656141761710489,0.014737722627477409,0.01964810120147365
A2_boundary_050,T0_standard,0.5,1.0,1.0,194,0,0,1,0.9802506826381802,0.10892509443579487,0.9661965525127615,4.0,4,0.36402175000000003,0.9802506826381802,0.014054130125418627,0.0056951872364012085
A2_boundary_050,T0_standard,0.5,1.0,1.0,202,0,0,1,0.9664752687613618,0.1598905190461514,0.9373872099435839,10.88888888888889,12,0.5620495,0.9664752687613618,0.029088058817777828,0.004436672420860241
A2_boundary_050,T0_standard,0.5,1.0,1.0,205,0,0,1,0.9571935251843504,0.2049355202841536,0.9301601038761071,8.0,8,0.411409875,0.9571935251843504,0.015773053507406307,0.027033421308243235
A2_boundary_050,T0_standard,0.5,1.0,1.0,214,0,0,1,0.9830861498783731,0.09118841480711444,0.9678265225581747,13.0,13,0.42564623076923075,0.9830861498783731,0.015259627320198345,0.001654222801428618
A2_boundary_050,T0_standard,0.5,1.0,1.0,216,0,0,1,0.9822248692454452,0.09884604589865693,0.9685472605281935,14.225806451612904,16,0.67221975,0.9822248692454452,0.013677608717251629,0.0040975220373032665
A2_boundary_050,T0_standard,0.5,1.0,1.0,229,0,0,1,0.9238826230573851,0.31312509469944405,0.8678675468972146,7.363636363636363,8,0.43293575000000006,0.9238826230573851,0.02010230078244429,0.05601507616017059
A2_boundary_050,T0_standard,0.5,1.0,1.0,232,0,0,1,0.7405691164526995,0.7155218250052267,0.5434831467291332,7.0,7,0.4263571428571429,0.7405691164526995,0.1970859697235663,0.062344913823734395
A2_boundary_050,T0_standard,0.5,1.0,1.0,234,0,0,1,0.9691056758941093,0.15633264636458546,0.9470516280672174,58.13953488372093,64,1.335183234375,0.9691056758941093,0.02205404782689194,0.008840276278998723
A2_boundary_050,T0_standard,0.5,1.0,1.0,235,0,0,1,0.9846816285472134,0.08723357602552785,0.9726946876307573,19.88235294117647,22,0.6667994090909091,0.9846816285472134,0.01198694091645613,0.003331430536330524
A2_boundary_050,T0_standard,0.5,1.0,1.0,251,1,2,0,0.5306425667336742,0.7597311174251448,0.07689147025599646,4.0,4,0.446091,0.015606336788648152,0.4537510964776777,0.5306425667336742
A2_boundary_050,T0_standard,0.5,1.0,1.0,265,1,1,1,0.9942152729745634,0.03858448545033217,0.989673900681083,5.0,5,0.336413,0.00124335473195618,0.9942152729745634,0.00454137229348038
A2_boundary_050,T0_standard,0.5,1.0,1.0,267,1,1,1,0.8246570563159177,0.491646227541675,0.655689632588531,5.444444444444445,6,0.5574418333333333,0.006375519956695525,0.8246570563159177,0.16896742372738674
A2_boundary_050,T0_standard,0.5,1.0,1.0,268,1,1,1,0.9969859978307899,0.022047208265874776,0.9946003865828006,6.0,6,0.31415733333333334,0.0006283909212207342,0.9969859978307899,0.002385611247989274
A2_boundary_050,T0_standard,0.5,1.0,1.0,284,1,1,1,0.9146880241128003,0.3038684302365525,0.8321739871415387,10.0,10,0.3636243,0.0027979389159383298,0.9146880241128003,0.0825140369712616
A2_boundary_050,T0_standard,0.5,1.0,1.0,285,1,1,1,0.9959584410705776,0.028006722323724753,0.9925181730533194,6.0,6,0.3586993333333333,0.0006012909121642202,0.9959584410705776,0.003440268017258243
A2_boundary_050,T0_standard,0.5,1.0,1.0,294,1,1,1,0.9291045703329364,0.26870181571873075,0.8613153657501069,9.0,10,0.48758270000000004,0.003106225084234411,0.9291045703329364,0.0677892045828294
A2_boundary_050,T0_standard,0.5,1.0,1.0,299,1,1,1,0.9482963139611977,0.21450331890851124,0.8994327944344622,10.285714285714286,11,0.46210636363636354,0.0028401665120667925,0.9482963139611977,0.048863519526735504
A2_boundary_050,T0_standard,0.5,1.0,1.0,304,1,1,1,0.9965329028324308,0.02532130240232351,0.9942424143966735,26.727272727272727,30,0.8912446,0.0011766087318119238,0.9965329028324308,0.0022904884357573107
A2_boundary_050,T0_standard,0.5,1.0,1.0,312,1,1,1,0.8969354092500718,0.3438120833808375,0.7964469607814214,15.210526315789474,16,0.5348219375,0.10048844846865035,0.8969354092500718,0.0025761422812778153
A2_boundary_050,T0_standard,0.5,1.0,1.0,315,1,1,1,0.9406646914609131,0.24710527902263452,0.8885498998069351,9.941176470588236,11,0.557503090909091,0.007220516885108846,0.9406646914609131,0.05211479165397799
A2_boundary_050,T0_standard,0.5,1.0,1.0,326,1,1,1,0.9976862721637244,0.017772917998180336,0.9960746753890535,28.52112676056338,32,0.951023,0.000702131061604609,0.9976862721637244,0.001611596774670915
A2_boundary_050,T0_standard,0.5,1.0,1.0,327,1,1,1,0.989158567773304,0.06394529663676013,0.979686416333378,8.0,8,0.4168645,0.0013692807867699728,0.989158567773304,0.009472151439926014
A2_boundary_050,T0_standard,0.5,1.0,1.0,328,1,1,1,0.9661067685130778,0.15473757398839494,0.9339027679203401,22.224489795918366,25,0.80846332,0.0016892308941845928,0.9661067685130778,0.032204000592737696
A2_boundary_050,T0_standard,0.5,1.0,1.0,338,1,1,1,0.881105215265182,0.3803367485764716,0.7656626052242133,5.0,5,0.2643014,0.0034521746938490513,0.881105215265182,0.11544261004096884
A2_boundary_050,T0_standard,0.5,1.0,1.0,354,1,1,1,0.8099761188037802,0.4997021971831183,0.6224833130136789,12.565217391304348,14,0.6306156428571429,0.0025310754061183675,0.8099761188037802,0.1874928057901013
A2_boundary_050,T0_standard,0.5,1.0,1.0,360,1,1,1,0.9778275065896311,0.11979733049656598,0.9621621625147221,9.782608695652174,11,0.733481909090909,0.006507149335459727,0.9778275065896311,0.015665344074909004
A2_boundary_050,T0_standard,0.5,1.0,1.0,368,1,1,1,0.9910335461984175,0.055252756129019524,0.9835717458970049,11.0,11,0.4856014545454544,0.0015046535001696864,0.9910335461984175,0.007461800301412606
A2_boundary_050,T0_standard,0.5,1.0,1.0,372,1,1,1,0.9103413779074595,0.35984250128344997,0.8521378683946749,11.636363636363637,13,0.5985235384615385,0.031455112579755855,0.9103413779074595,0.05820350951278462
A2_boundary_050,T0_standard,0.5,1.0,1.0,382,1,1,1,0.7920454109923922,0.5499332700703374,0.5936245239786004,15.125,17,0.6881702352941177,0.009533701993816056,0.7920454109923922,0.19842088701379174
A2_boundary_050,T0_standard,0.5,1.0,1.0,383,1,1,1,0.9926255655259304,0.04761619118430066,0.9870197684549237,16.333333333333332,18,0.7323625,0.0017686374030629686,0.9926255655259304,0.005605797071006679
A2_boundary_050,T0_standard,0.5,1.0,1.0,386,1,1,1,0.9821946588276248,0.09487469444555294,0.9660429869671517,17.06451612903226,19,0.6836167894736843,0.0016536693119021124,0.9821946588276248,0.016151671860473053
A2_boundary_050,T0_standard,0.5,1.0,1.0,388,1,1,1,0.6817654060846223,0.6525745183562619,0.3688512690866675,7.0,7,0.5059952857142856,0.0053204569174227665,0.6817654060846223,0.31291413699795484
A2_boundary_050,T0_standard,0.5,1.0,1.0,391,1,1,1,0.9956280917017718,0.03026417073950538,0.9921045755352516,4.5,5,0.7289920000000001,0.0008483921317079444,0.9956280917017718,0.003523516166520271
A2_boundary_050,T0_standard,0.5,1.0,1.0,392,1,1,1,0.9968961071390271,0.022789300750996947,0.9945862041470597,4.0,4,0.34524900000000003,0.0007939898690054042,0.9968961071390271,0.00230990299196747
A2_boundary_050,T0_standard,0.5,1.0,1.0,400,1,1,1,0.5331542256979444,0.7761537272004676,0.08716302339157822,7.0,7,0.27122471428571426,0.020854571995689564,0.5331542256979444,0.44599120230636613
A2_boundary_050,T0_standard,0.5,1.0,1.0,401,1,1,1,0.9927629623136288,0.046661507673965305,0.9870940908180488,4.0,4,0.26874025,0.0015681661907911662,0.9927629623136288,0.005668871495580066
A2_boundary_050,T0_standard,0.5,1.0,1.0,403,1,1,1,0.9882180646615544,0.06998214421580262,0.9788276602186221,9.0,10,0.4908507000000001,0.002391530895513229,0.9882180646615544,0.009390404442932314
A2_boundary_050,T0_standard,0.5,1.0,1.0,415,1,1,1,0.9946154942751657,0.03634786615749526,0.9904241831604662,8.333333333333334,9,0.4188528888888889,0.0011931946101347544,0.9946154942751657,0.004191311114699517
A2_boundary_050,T0_standard,0.5,1.0,1.0,422,1,1,1,0.9136664159016693,0.3082537358419362,0.8307179696222516,9.307692307692308,10,0.3612445,0.0033851378189130856,0.9136664159016693,0.08294844627941764
A2_boundary_050,T0_standard,0.5,1.0,1.0,425,1,1,1,0.9958315085841777,0.02903673823284382,0.9924591497296984,9.8,11,0.6197990909090909,0.0007961325613429971,0.9958315085841777,0.003372358854479241
A2_boundary_050,T0_standard,0.5,1.0,1.0,436,1,1,1,0.9574489318788539,0.18579395506409796,0.9175121686547058,9.0,9,0.41016244444444444,0.0026143048969979902,0.9574489318788539,0.03993676322414822
A2_boundary_050,T0_standard,0.5,1.0,1.0,455,1,1,1,0.9973853405800327,0.01987295304530981,0.9957205090537896,4.0,4,0.2685555,0.0009498278937241512,0.9973853405800327,0.0016648315262431095
A2_boundary_050,T0_standard,0.5,1.0,1.0,457,1,1,1,0.9971967344532419,0.02104046358796474,0.9953028048087353,24.896551724137932,28,0.8272295714285717,0.0009093359022514229,0.9971967344532419,0.001893929644506535
A2_boundary_050,T0_standard,0.5,1.0,1.0,465,1,1,1,0.899258493686326,0.33873850062286726,0.8011045586822815,9.0,9,0.3576702222222222,0.002587571309629541,0.899258493686326,0.09815393500404458
A2_boundary_050,T0_standard,0.5,1.0,1.0,471,1,1,1,0.9848381219136314,0.08906843171495561,0.9772548187663997,5.0,5,0.5415559999999999,0.007578574939137009,0.9848381219136314,0.0075833031472316605
A2_boundary_050,T0_standard,0.5,1.0,1.0,481,1,1,1,0.5656920592310131,0.7151316820824783,0.1371486072254079,13.761904761904763,15,0.4130022666666665,0.0057644887633817215,0.5656920592310131,0.4285434520056052
A2_boundary_050,T0_standard,0.5,1.0,1.0,482,1,1,1,0.9966886348626769,0.024475820058500918,0.9947942925589072,7.0,7,0.45074285714285717,0.001417022833553427,0.9966886348626769,0.0018943423037697026
A2_boundary_050,T0_standard,0.5,1.0,1.0,487,1,1,1,0.9979522657044143,0.016085339597637367,0.9966874366765986,25.806451612903224,29,0.8860926896551725,0.0007829052677699767,0.9979522657044143,0.0012648290278156546
A2_boundary_050,T0_standard,0.5,1.0,1.0,497,1,1,1,0.7307055995070528,0.6544277560791478,0.4816624998085234,9.0,9,0.46402088888888887,0.020251300794417636,0.7307055995070528,0.24904309969852945
A2_boundary_050,T0_standard,0.5,1.0,1.0,505,2,2,1,0.9108780779565633,0.32279486115734934,0.827874756235598,7.0,7,0.3739705714285714,0.006118600322471401,0.08300332172096528,0.9108780779565633
A2_boundary_050,T0_standard,0.5,1.0,1.0,513,2,2,1,0.9746771194248554,0.1308195908405667,0.9544625161903244,60.36094674556213,67,1.1865429253731343,0.005108277340613521,0.020214603234531,0.9746771194248554
A2_boundary_050,T0_standard,0.5,1.0,1.0,516,2,2,1,0.7108872040256933,0.6302984851950576,0.4277110457851979,13.0,13,0.32202353846153847,0.005936637733811497,0.28317615824049536,0.7108872040256933
A2_boundary_050,T0_standard,0.5,1.0,1.0,525,2,2,1,0.9876621598411689,0.07138169307127734,0.9769960371670238,3.0,3,0.26377733333333336,0.0016717174846858313,0.010666122674145118,0.9876621598411689
A2_boundary_050,T0_standard,0.5,1.0,1.0,538,2,2,1,0.9870476969118768,0.07696659923996214,0.9778541796772882,18.0,20,0.6192523000000001,0.0037587858535347656,0.009193517234588555,0.9870476969118768
A2_boundary_050,T0_standard,0.5,1.0,1.0,541,2,2,1,0.9802052141009151,0.1055891023612006,0.963369446708254,13.37037037037037,15,0.6523588666666666,0.0029590185064237527,0.016835767392661172,0.9802052141009151
A2_boundary_050,T0_standard,0.5,1.0,1.0,549,2,2,1,0.9492212276802319,0.23599700090469652,0.923600938369963,28.88,32,0.65795975,0.025620289310268853,0.025158483009499206,0.9492212276802319
A2_boundary_050,T0_standard,0.5,1.0,1.0,551,2,2,1,0.9247829035827382,0.31904478172215134,0.8862799437204117,58.98692810457516,66,1.068993803030303,0.03671413655493539,0.03850295986232639,0.9247829035827382
A2_boundary_050,T0_standard,0.5,1.0,1.0,555,2,2,1,0.9237868533416439,0.32223736887188853,0.8850251843411336,58.98692810457516,66,1.068993803030303,0.037451477657845886,0.0387616690005102,0.9237868533416439
A2_boundary_050,T0_standard,0.5,1.0,1.0,557,2,2,1,0.9725336786651999,0.1393721389606416,0.950422626970187,10.0,10,0.3280324,0.005355269639787104,0.022111051695012936,0.9725336786651999
A2_boundary_050,T0_standard,0.5,1.0,1.0,558,2,2,1,0.9530442869101616,0.20295490448101694,0.9100158575628591,52.45695364238411,58,1.222802172413793,0.003927283742535866,0.04302842934730254,0.9530442869101616
A2_boundary_050,T0_standard,0.5,1.0,1.0,561,2,2,1,0.8866463934837413,0.4285232100986214,0.815923705744035,20.51219512195122,23,0.6614797826086957,0.07072268773970626,0.04263091877655235,0.8866463934837413
A2_boundary_050,T0_standard,0.5,1.0,1.0,564,2,2,1,0.8921392682001718,0.4083400828349729,0.8171543234788191,47.26890756302521,53,0.8910560566037735,0.032875787078475584,0.07498494472135267,0.8921392682001718
A2_boundary_050,T0_standard,0.5,1.0,1.0,565,2,2,1,0.9838853468139712,0.09203903369985762,0.9722595651009549,12.0,12,0.45422558333333335,0.004488871473012433,0.011625781713016302,0.9838853468139712
A2_boundary_050,T0_standard,0.5,1.0,1.0,567,2,2,1,0.9268973270270252,0.3094200200220132,0.8802195473186484,32.97014925373134,37,0.7751838378378378,0.02642489326459802,0.04667777970837683,0.9268973270270252
A2_boundary_050,T0_standard,0.5,1.0,1.0,569,2,2,1,0.8812460394016424,0.4378994429272664,0.7992357076401249,38.22727272727273,43,0.8109670232558138,0.08201033176151756,0.03674362883684004,0.8812460394016424
A2_boundary_050,T0_standard,0.5,1.0,1.0,573,2,2,1,0.9871493208778251,0.07677507530174396,0.9784044457934689,8.0,8,0.494462875,0.004105804037818635,0.00874487508435625,0.9871493208778251
A2_boundary_050,T0_standard,0.5,1.0,1.0,574,2,2,1,0.9211911075389024,0.3027726690784712,0.8508674257478162,19.17391304347826,20,0.53040425,0.008485210670011399,0.07032368179108625,0.9211911075389024
A2_boundary_050,T0_standard,0.5,1.0,1.0,581,2,2,1,0.9564769266257557,0.1889260760895816,0.9155886636619038,12.565217391304348,14,0.6483881428571427,0.002634810410392542,0.04088826296385189,0.9564769266257557
A2_boundary_050,T0_standard,0.5,1.0,1.0,585,2,2,1,0.9830804887563439,0.09539486491875447,0.9704693899281686,11.842105263157896,13,0.5086920769230769,0.004308412415480639,0.0126110988281754,0.9830804887563439
A2_boundary_050,T0_standard,0.5,1.0,1.0,586,2,2,1,0.9456275406816066,0.23263650454884066,0.8985540311677652,6.0,6,0.38316100000000003,0.007298949804552081,0.047073509513841365,0.9456275406816066
A2_boundary_050,T0_standard,0.5,1.0,1.0,589,2,2,1,0.9851894558162492,0.08671997783291444,0.9756323333439597,8.0,8,0.28330900000000003,0.005253421711461369,0.009557122472289454,0.9851894558162492
A2_boundary_050,T0_standard,0.5,1.0,1.0,590,2,2,1,0.9532352068839048,0.21049900062402005,0.9146130959480745,8.0,8,0.424510375,0.008142682180264761,0.038622110935830394,0.9532352068839048
A2_boundary_050,T0_standard,0.5,1.0,1.0,600,2,2,1,0.97749818044123,0.11647233831269732,0.9580042126488457,3.0,3,0.27039266666666667,0.003007851766385706,0.019493967792384364,0.97749818044123
A2_boundary_050,T0_standard,0.5,1.0,1.0,607,2,2,1,0.7817154068363392,0.67123732804288,0.649782444509507,7.0,7,0.47682385714285713,0.13193296232683227,0.08635163083682855,0.7817154068363392
A2_boundary_050,T0_standard,0.5,1.0,1.0,614,2,2,1,0.9754269800721465,0.12991289657609725,0.957738030594971,31.5,35,0.6614222,0.006884070450677959,0.017688949477175506,0.9754269800721465
A2_boundary_050,T0_standard,0.5,1.0,1.0,618,2,2,1,0.9692674124666051,0.15255759936483962,0.9446091388257418,70.92746113989638,79,1.0714351392405066,0.006074313892531727,0.024658273640863225,0.9692674124666051
A2_boundary_050,T0_standard,0.5,1.0,1.0,621,2,2,1,0.9187253673718436,0.3293911229224258,0.8595114278750288,67.56084656084656,75,1.0566839733333333,0.05921393949681482,0.02206069313134152,0.9187253673718436
A2_boundary_050,T0_standard,0.5,1.0,1.0,625,2,2,1,0.9635283502104798,0.18126296426062066,0.9420455397318279,5.0,5,0.28745499999999996,0.014988839310868309,0.021482810478651884,0.9635283502104798
A2_boundary_050,T0_standard,0.5,1.0,1.0,627,2,2,1,0.8926235459849514,0.41087461211090137,0.8234208382022256,61.340425531914896,69,0.7889472463768116,0.06920270778272583,0.0381737462323228,0.8926235459849514
A2_boundary_050,T0_standard,0.5,1.0,1.0,628,2,2,1,0.9806418284912636,0.10880907124782055,0.9698017215001193,13.235294117647058,14,0.5260488571428572,0.0085180645175922,0.010840106991144191,0.9806418284912636
A2_boundary_050,T0_standard,0.5,1.0,1.0,629,2,2,1,0.9221873950248405,0.3087449991516307,0.8575255901198235,57.791044776119406,65,0.809190323076923,0.06466180490501697,0.013150800070142455,0.9221873950248405
A2_boundary_050,T0_standard,0.5,1.0,1.0,634,2,2,1,0.9827846363311649,0.09833575645153904,0.9719338416173818,14.44,16,0.6306679375,0.006364568955052111,0.010850794713783082,0.9827846363311649
A2_boundary_050,T0_standard,0.5,1.0,1.0,635,2,2,1,0.9845360853595063,0.08855786073450303,0.972979713580121,9.0,10,0.5280875,0.003907542861108377,0.01155637177938527,0.9845360853595063
A2_boundary_050,T0_standard,0.5,1.0,1.0,641,2,2,1,0.9436278416040557,0.24913287876888296,0.9018761569400879,8.0,8,0.39205275,0.04175168466396774,0.014620473731976582,0.9436278416040557
A2_boundary_050,T0_standard,0.5,1.0,1.0,645,2,2,1,0.9773253587248989,0.11996398723915241,0.9594403094178425,23.142857142857142,26,0.8725405,0.004789591968044644,0.01788504930705637,0.9773253587248989
A2_boundary_050,T0_standard,0.5,1.0,1.0,648,2,2,1,0.9853960480867346,0.08459182685453573,0.974592065890858,64.2969696969697,72,1.0457252083333333,0.0037999697173888153,0.010803982195876645,0.9853960480867346
A2_boundary_050,T0_standard,0.5,1.0,1.0,657,2,2,1,0.9864161346725799,0.07976422644996495,0.9764548774940045,11.0,11,0.4163523636363637,0.0036226081488447102,0.009961257178575426,0.9864161346725799
A2_boundary_050,T0_standard,0.5,1.0,1.0,662,2,2,1,0.9850632390545954,0.08562659505252948,0.9735239318573787,13.761904761904763,15,0.5766958,0.0033974537481879868,0.011539307197216665,0.9850632390545954
A2_boundary_050,T0_standard,0.5,1.0,1.0,674,2,2,1,0.9752996986869751,0.12568474510489805,0.9539890107103813,12.0,12,0.4328041666666667,0.0033896133364312137,0.021310687976593704,0.9752996986869751
A2_boundary_050,T0_standard,0.5,1.0,1.0,680,2,2,1,0.9713479263884472,0.1413270795707714,0.9465435327182931,18.939393939393938,21,0.5819468095238095,0.003847679941398482,0.024804393670154173,0.9713479263884472
A2_boundary_050,T0_standard,0.5,1.0,1.0,682,2,2,1,0.9722294247606003,0.13402948303172138,0.9464341493190607,1.0,1,0.099984,0.0019752997978601597,0.025795275441539568,0.9722294247606003
A2_boundary_050,T0_standard,0.5,1.0,1.0,687,2,2,1,0.9817074982370124,0.09854300265295968,0.9658768804814205,7.363636363636363,8,0.4055995,0.002461884007395774,0.015830617755591875,0.9817074982370124
A2_boundary_050,T0_standard,0.5,1.0,1.0,688,2,2,1,0.9706305496357251,0.15280205565878274,0.954742394739932,62.56284153005465,69,1.2520341594202895,0.015888154895793136,0.01348129546848175,0.9706305496357251
A2_boundary_050,T0_standard,0.5,1.0,1.0,692,2,2,1,0.9673860841891669,0.16047550049543038,0.9416204824244994,70.92746113989638,79,1.0714351392405066,0.006848314046165481,0.025765601764667575,0.9673860841891669
A2_boundary_050,T0_standard,0.5,1.0,1.0,695,2,2,1,0.9882344162893015,0.07074034709356697,0.9795590598503624,9.941176470588236,11,0.5583097272727273,0.0030902272717594384,0.0086753564389391,0.9882344162893015
A2_boundary_050,T0_standard,0.5,1.0,1.0,706,2,2,1,0.9122585139845308,0.3151669954871914,0.8290640443756718,4.0,4,0.274131,0.004547016406610194,0.08319446960885901,0.9122585139845308
A2_boundary_050,T0_standard,0.5,1.0,1.0,707,2,2,1,0.9326010016360717,0.2807682521683491,0.8788145656654388,54.0,60,1.10599235,0.05378643597063295,0.013612562393295207,0.9326010016360717
A2_boundary_050,T0_standard,0.5,1.0,1.0,1068,0,0,1,0.9738211131587177,0.13719786285949592,0.9555058443165327,9.941176470588236,11,0.46691427272727276,0.9738211131587177,0.018315268842184977,0.007863617999097346
A2_boundary_050,T0_standard,0.5,1.0,1.0,1074,0,0,1,0.9778831512516201,0.12111622670487188,0.9647781416238719,22.224489795918366,25,0.77164884,0.9778831512516201,0.013105009627748234,0.009011839120631594
A2_boundary_050,T0_standard,0.5,1.0,1.0,1078,0,0,1,0.9307262984005992,0.2985199526875209,0.8895212799703417,9.0,9,0.4112078888888889,0.9307262984005992,0.028068683169143297,0.04120501843025748
A2_boundary_050,T0_standard,0.5,1.0,1.0,1083,0,0,1,0.9821468882508959,0.0972932518743796,0.9670796866665472,5.0,5,0.31577520000000003,0.9821468882508959,0.015067201584348702,0.002785910164755472
A2_boundary_050,T0_standard,0.5,1.0,1.0,1089,0,0,1,0.9875084676179219,0.0717646145780908,0.9765266215558694,17.285714285714285,19,0.5798857368421053,0.9875084676179219,0.01098184606205246,0.0015096863200257716
A2_boundary_050,T0_standard,0.5,1.0,1.0,1092,0,0,1,0.9781836078894927,0.11623905626513341,0.9609486339452921,5.0,5,0.4888422,0.9781836078894927,0.017234973944200618,0.0045814181663066875
A2_boundary_050,T0_standard,0.5,1.0,1.0,1096,0,0,1,0.9453224274772881,0.2474214036270051,0.9097117867434577,11.636363636363637,13,0.6659333846153845,0.9453224274772881,0.019066931788881417,0.035610640733830454
A2_boundary_050,T0_standard,0.5,1.0,1.0,1097,0,0,1,0.9836408154738744,0.08990443332576031,0.9694475002984052,6.4,7,0.4249707142857143,0.9836408154738744,0.014193315175469203,0.0021658693506563637
A2_boundary_050,T0_standard,0.5,1.0,1.0,1100,0,0,1,0.9708789515572863,0.14565648531834363,0.9471704523606401,16.941176470588236,19,0.6168118947368422,0.9708789515572863,0.023708499196646148,0.005412549246067484
A2_boundary_050,T0_standard,0.5,1.0,1.0,1105,0,0,1,0.9827415745431317,0.09552923316995188,0.968741174942178,18.68888888888889,21,0.7333708095238094,0.9827415745431317,0.014000399600953634,0.003258025855914598
A2_boundary_050,T0_standard,0.5,1.0,1.0,1111,0,0,1,0.957928609058064,0.20305217080342383,0.9334030292356185,20.454545454545453,23,0.7248498695652174,0.957928609058064,0.024525579822445513,0.01754581111949053
A2_boundary_050,T0_standard,0.5,1.0,1.0,1112,0,0,1,0.9567923364294851,0.2076851748489503,0.9327682961732955,17.285714285714285,19,0.6731560526315788,0.9567923364294851,0.024024040256189684,0.01918362331432517
A2_boundary_050,T0_standard,0.5,1.0,1.0,1113,0,0,1,0.9714470646106278,0.14943932856590986,0.9565437412753395,18.77777777777778,21,0.6701863809523808,0.9714470646106278,0.013649612054083798,0.014903323335288342
A2_boundary_050,T0_standard,0.5,1.0,1.0,1118,0,0,1,0.983821631619333,0.09173050893587331,0.9715673202801611,23.12,26,0.7382225000000001,0.983821631619333,0.012254311339171866,0.003924057041495174
A2_boundary_050,T0_standard,0.5,1.0,1.0,1119,0,0,1,0.9668284647454121,0.16856514986790883,0.9495720703946551,26.68421052631579,30,0.6934033666666666,0.9668284647454121,0.017256394350757043,0.015915140903830914
A2_boundary_050,T0_standard,0.5,1.0,1.0,1120,0,0,1,0.9877053136649379,0.07241672292975561,0.9778454170953752,24.083333333333332,27,0.8011209259259259,0.9877053136649379,0.009859896569562645,0.0024347897654995367
A2_boundary_050,T0_standard,0.5,1.0,1.0,1124,0,0,1,0.9869918113901519,0.07513447849479535,0.9760698275978835,10.0,10,0.4216774,0.9869918113901519,0.010921983792268336,0.002086204817579734
A2_boundary_050,T0_standard,0.5,1.0,1.0,1130,0,0,1,0.9844203224007567,0.08919213794701475,0.9728600657307047,22.26086956521739,25,0.71656104,0.9844203224007567,0.011560256670052057,0.004019420929191186
A2_boundary_050,T0_standard,0.5,1.0,1.0,1135,0,0,1,0.9832659977223828,0.09310073810177523,0.9696592576774383,8.333333333333334,9,0.5254421111111112,0.9832659977223828,0.013606740044944466,0.0031272622326727235
A2_boundary_050,T0_standard,0.5,1.0,1.0,1137,0,0,1,0.9791333833636944,0.11524464079150112,0.9661857532269573,14.285714285714286,16,0.6085711874999999,0.9791333833636944,0.012947630136737073,0.007918986499568476
A2_boundary_050,T0_standard,0.5,1.0,1.0,1138,0,0,1,0.9788581377406754,0.10671159962731537,0.9587952666230105,23.11320754716981,26,0.8721031923076923,0.9788581377406754,0.020062871117664922,0.0010789911416596023
A2_boundary_050,T0_standard,0.5,1.0,1.0,1146,0,0,1,0.9847451017569955,0.08575049699081724,0.9719896300666843,12.461538461538462,14,0.7073084285714287,0.9847451017569955,0.012755471690311179,0.002499426552693231
A2_boundary_050,T0_standard,0.5,1.0,1.0,1148,0,0,1,0.9744628667711004,0.13523210338704827,0.9575979741553464,15.206896551724139,17,0.6329464117647058,0.9744628667711004,0.01686489261575401,0.008672240613145669
A2_boundary_050,T0_standard,0.5,1.0,1.0,1150,0,0,1,0.9839909905016262,0.0882956404971858,0.9700836699724353,10.285714285714286,11,0.43154409090909096,0.9839909905016262,0.013907320529190862,0.002101688969182938
A2_boundary_050,T0_standard,0.5,1.0,1.0,1151,0,0,1,0.9788781368728775,0.1144229158118195,0.963195902685396,13.5,15,0.5302294000000001,0.9788781368728775,0.015682234187481544,0.005439628939641016
A2_boundary_050,T0_standard,0.5,1.0,1.0,1154,0,0,1,0.979747980128117,0.11004228776207525,0.9642396283018748,16.0,18,0.6704702777777779,0.979747980128117,0.015508351826242241,0.004743668045640606
A2_boundary_050,T0_standard,0.5,1.0,1.0,1155,0,0,1,0.9638779351489765,0.17756234210410168,0.9386864009389002,21.0,21,0.5006571904761904,0.9638779351489765,0.025191534210076277,0.01093053064094718
A2_boundary_050,T0_standard,0.5,1.0,1.0,1156,0,0,1,0.9852187943769114,0.08348836108710261,0.9728172041278574,11.636363636363637,13,0.6207592307692308,0.9852187943769114,0.012401590249054009,0.002379615374034562
A2_boundary_050,T0_standard,0.5,1.0,1.0,1158,0,0,1,0.9643444900933754,0.17776709946097785,0.9426856055562997,12.0,12,0.29291475,0.9643444900933754,0.013996625369548774,0.021658884537075783
A2_boundary_050,T0_standard,0.5,1.0,1.0,1162,0,0,1,0.8594539714776782,0.4763545890649814,0.7470688164376299,32.97560975609756,37,0.8083777027027027,0.8594539714776782,0.11238515504004831,0.02816087348227358
A2_boundary_050,T0_standard,0.5,1.0,1.0,1165,1,2,0,0.7288697605009865,0.6916454746525934,0.4943190648177719,2.0,2,0.3346215,0.036579543815798796,0.23455069568321466,0.7288697605009865
A2_boundary_050,T0_standard,0.5,1.0,1.0,1166,1,1,1,0.9968428723598327,0.023353522531020462,0.9947569415329731,19.558139534883722,22,0.7661115000000002,0.0010711968133078097,0.9968428723598327,0.0020859308268595905
A2_boundary_050,T0_standard,0.5,1.0,1.0,1177,1,1,1,0.9069433751185615,0.3241565036369286,0.8172910433484197,13.5,15,0.3929898,0.0034042931112966304,0.9069433751185615,0.0896523317701418
A2_boundary_050,T0_standard,0.5,1.0,1.0,1186,1,1,1,0.8882638103031384,0.3808489099558913,0.7852913660325873,9.941176470588236,11,0.519302,0.008763745426310601,0.8882638103031384,0.10297244427055105
A2_boundary_050,T0_standard,0.5,1.0,1.0,1189,1,1,1,0.963563735472768,0.18134853581974783,0.942805674290457,4.0,4,0.48300425,0.015678203344921027,0.963563735472768,0.02075806118231098
A2_boundary_050,T0_standard,0.5,1.0,1.0,1190,1,1,1,0.9954822284822603,0.03152325939419914,0.9921701937262963,12.8,14,0.5306829285714285,0.0012057367617756807,0.9954822284822603,0.0033120347559639765
A2_boundary_050,T0_standard,0.5,1.0,1.0,1205,1,1,1,0.9394537509578699,0.23680086264145783,0.8807743881897457,2.0,2,0.2023435,0.0018668862740059695,0.9394537509578699,0.05867936276812417
A2_boundary_050,T0_standard,0.5,1.0,1.0,1216,1,1,1,0.528408079630415,0.8779412953043324,0.12035266856799637,3.0,3,0.25369933333333333,0.06353650930716633,0.528408079630415,0.40805541106241866
A2_boundary_050,T0_standard,0.5,1.0,1.0,1221,1,1,1,0.9754530262866226,0.1282811431256124,0.9563893765072681,5.0,5,0.3209068,0.0054833239340229935,0.9754530262866226,0.019063649779354513
A2_boundary_050,T0_standard,0.5,1.0,1.0,1225,1,1,1,0.997157799739572,0.02145835381241175,0.9955948166590651,6.0,6,0.2796791666666667,0.0012792171799212314,0.997157799739572,0.0015629830805068258
A2_boundary_050,T0_standard,0.5,1.0,1.0,1239,1,1,1,0.9638533926559133,0.17976464438039796,0.9420187690997592,18.939393939393938,21,0.5608050476190476,0.014311983787932532,0.9638533926559133,0.02183462355615408
A2_boundary_050,T0_standard,0.5,1.0,1.0,1241,1,1,1,0.9285727413797137,0.2890978794794395,0.8688035627309445,12.8,14,0.5738868571428571,0.011658079971517205,0.9285727413797137,0.059769178648769135
A2_boundary_050,T0_standard,0.5,1.0,1.0,1247,1,1,1,0.9938626750072964,0.041036285004910036,0.989464137745029,8.333333333333334,9,0.5222551111111111,0.0017387877304361294,0.9938626750072964,0.004398537262267448
A2_boundary_050,T0_standard,0.5,1.0,1.0,1248,1,1,1,0.9964334884913947,0.025376903542469194,0.993531742419238,15.384615384615385,17,0.5862612352941177,0.0006647654364486638,0.9964334884913947,0.0029017460721566597
A2_boundary_050,T0_standard,0.5,1.0,1.0,1249,1,1,1,0.9920704295425499,0.04877882017172827,0.9849096242762576,13.5,15,0.5889769333333332,0.0007687651911578506,0.9920704295425499,0.0071608052662922896
A2_boundary_050,T0_standard,0.5,1.0,1.0,1258,1,1,1,0.9959287711209069,0.028967162582045444,0.9930908013728766,20.454545454545453,23,0.8148903913043478,0.0012332591310627845,0.9959287711209069,0.0028379697480302966
A2_boundary_050,T0_standard,0.5,1.0,1.0,1260,1,2,0,0.5907446528187023,0.7633749836603054,0.20386645737347814,4.0,4,0.1244055,0.022377151736073603,0.3868781954452241,0.5907446528187023
A2_boundary_050,T0_standard,0.5,1.0,1.0,1263,1,1,1,0.9963850790953207,0.026410089516265917,0.9943469261717109,17.789473684210527,20,0.6936217,0.0015767679810696224,0.9963850790953207,0.0020381529236097704
A2_boundary_050,T0_standard,0.5,1.0,1.0,1269,1,1,1,0.995752654822217,0.029985118423827138,0.9927287622840737,21.428571428571427,24,0.6545587916666666,0.0012234526396399683,0.995752654822217,0.0030238925381432303
A2_boundary_050,T0_standard,0.5,1.0,1.0,1273,2,2,1,0.9168084781727157,0.3421676265132649,0.8661462303995735,41.953271028037385,47,0.8696693617021276,0.032529274054142104,0.050662247773142224,0.9168084781727157
A2_boundary_050,T0_standard,0.5,1.0,1.0,1278,2,2,1,0.9402619500253897,0.2427205459852031,0.8852300086689127,7.0,7,0.33624099999999996,0.004706108618133191,0.055031941356477,0.9402619500253897
A2_boundary_050,T0_standard,0.5,1.0,1.0,1279,2,2,1,0.9706602222272148,0.1525883406461876,0.9543310935371841,62.56284153005465,69,1.2520341594202895,0.016329128690030656,0.013010649082754502,0.9706602222272148
A2_boundary_050,T0_standard,0.5,1.0,1.0,1280,2,2,1,0.9701756277103173,0.15458944975052735,0.9534776572825996,49.80373831775701,56,0.6436827857142857,0.01669797042771772,0.013126401861965096,0.9701756277103173
A2_boundary_050,T0_standard,0.5,1.0,1.0,1282,2,2,1,0.986754452074235,0.07945774964419572,0.9791179116222765,13.0,13,0.35966600000000004,0.005609007473806513,0.00763654045195846,0.986754452074235
A2_boundary_050,T0_standard,0.5,1.0,1.0,1283,2,2,1,0.9689954843830108,0.1538188809613684,0.944255161858409,24.0,27,0.8517917037037037,0.0062641930923873065,0.024740322524601795,0.9689954843830108
A2_boundary_050,T0_standard,0.5,1.0,1.0,1284,2,2,1,0.9752989586731476,0.12956516277612243,0.956651878730563,18.77777777777778,21,0.6391033333333332,0.006053961384267764,0.018647079942584646,0.9752989586731476
A2_boundary_050,T0_standard,0.5,1.0,1.0,1286,2,2,1,0.9805500031644383,0.1069855566057925,0.9661083479880609,5.0,5,0.6293452,0.005008341659184249,0.01444165517637745,0.9805500031644383
A2_boundary_050,T0_standard,0.5,1.0,1.0,1299,2,2,1,0.9444274381180622,0.25262370203028656,0.9129060825349944,24.934426229508198,28,0.8355607857142857,0.024051206298870004,0.03152135558306774,0.9444274381180622
A2_boundary_050,T0_standard,0.5,1.0,1.0,1300,2,2,1,0.9273755426464485,0.29992156333006276,0.871773792842055,45.63333333333333,51,1.0054089803921569,0.055601749804393426,0.017022707549157995,0.9273755426464485
A2_boundary_050,T0_standard,0.5,1.0,1.0,1303,2,2,1,0.9768866226869952,0.12081712961495843,0.9579345871956136,22.23076923076923,25,0.7858332800000001,0.004161341821623028,0.01895203549138161,0.9768866226869952
A2_boundary_050,T0_standard,0.5,1.0,1.0,1308,2,2,1,0.9675831508827024,0.16512630334931788,0.9488691994264028,53.16107382550336,59,1.2064219830508476,0.018713951456299654,0.013702897660997913,0.9675831508827024
A2_boundary_050,T0_standard,0.5,1.0,1.0,1309,2,2,1,0.9866516302693243,0.07817712364906715,0.9764602721550267,10.0,10,0.3674935999999999,0.0031570116163779955,0.01019135811429759,0.9866516302693243
A2_boundary_050,T0_standard,0.5,1.0,1.0,1313,2,2,1,0.9505567022487369,0.2171132989807899,0.9081561034138952,54.62758620689655,61,1.0759157540983606,0.007042698916421378,0.04240059883484171,0.9505567022487369
A2_boundary_050,T0_standard,0.5,1.0,1.0,1321,2,2,1,0.9563957129715872,0.19925870723754507,0.9202965670927271,40.56140350877193,45,1.0777292666666667,0.036099145878860046,0.007505141149552752,0.9563957129715872
A2_boundary_050,T0_standard,0.5,1.0,1.0,1327,2,2,1,0.982224866737395,0.09884083349358527,0.968542924795706,8.333333333333334,9,0.5182015555555555,0.004093191320916166,0.013681941941688917,0.982224866737395
A2_boundary_050,T0_standard,0.5,1.0,1.0,1333,2,2,1,0.9769270799352461,0.12494449320237219,0.9623385438867751,65.33333333333333,72,1.2515620555555556,0.008484384016282829,0.014588536048471006,0.9769270799352461
A2_boundary_050,T0_standard,0.5,1.0,1.0,1339,2,2,1,0.9321196981060341,0.2674015044741807,0.8698170546795121,19.7027027027027,22,0.6441087727272726,0.005577658467443896,0.062302643426521975,0.9321196981060341
A2_boundary_050,T0_standard,0.5,1.0,1.0,1342,2,2,1,0.9803579304731389,0.1065565462456664,0.9647058660489927,51.130434782608695,57,1.0421935263157895,0.003990005102714784,0.015652064424146253,0.9803579304731389
A2_boundary_050,T0_standard,0.5,1.0,1.0,1346,2,2,1,0.9740725507800763,0.13432976435961513,0.9541587319145329,7.0,7,0.4986592857142857,0.006013630354380425,0.019913818865543373,0.9740725507800763
A2_boundary_050,T0_standard,0.5,1.0,1.0,1349,2,2,1,0.9800949302145263,0.10866946784007116,0.9649938411126789,5.0,5,0.4752704,0.004803980683626309,0.015101089101847424,0.9800949302145263
A2_boundary_050,T0_standard,0.5,1.0,1.0,1350,2,2,1,0.9716115693447434,0.14838606252890485,0.9550817390027447,1.0,1,0.132911,0.011858600313257988,0.016529830341998612,0.9716115693447434
A2_boundary_050,T0_standard,0.5,1.0,1.0,1351,2,2,1,0.9451127834857548,0.24042326703988945,0.9014185986186672,23.83783783783784,26,1.5248225769230772,0.04369418486708758,0.01119303164715756,0.9451127834857548
A2_boundary_050,T0_standard,0.5,1.0,1.0,1356,2,2,1,0.9917016106335429,0.053679659625323804,0.9869110165761933,4.0,4,0.38987275,0.003507795309107503,0.004790594057349611,0.9917016106335429
A2_boundary_050,T0_standard,0.5,1.0,1.0,1359,2,2,1,0.9650593450395006,0.17508211646333338,0.944218168476507,55.089171974522294,61,1.1845999180327869,0.02084117656299369,0.014099478397505763,0.9650593450395006
A6_boundary_0625,T0_standard,0.625,1.0,1.0,12,0,0,1,0.981364502720627,0.10310354175230374,0.9673372638091379,10.0,10,0.4554644,0.981364502720627,0.014027238911489206,0.004608258367883709
A6_boundary_0625,T0_standard,0.625,1.0,1.0,13,0,0,1,0.9857841819622402,0.08130454026044773,0.974142710294789,11.523809523809524,12,0.46369266666666675,0.9857841819622402,0.011641471667451062,0.0025743463703087484
A6_boundary_0625,T0_standard,0.625,1.0,1.0,15,0,0,1,0.9712411928888799,0.15031827492579852,0.9563726959268992,19.894736842105264,21,0.7021404761904763,0.9712411928888799,0.013890310149139403,0.01486849696198062
A6_boundary_0625,T0_standard,0.625,1.0,1.0,16,0,0,1,0.9860495390286725,0.07981769631169656,0.9744740767904926,27.466367713004484,29,0.8733876206896551,0.9860495390286725,0.011575462238179986,0.002374998733147512
A6_boundary_0625,T0_standard,0.625,1.0,1.0,22,0,0,1,0.9848589948199049,0.08539423781378727,0.9723044546815063,10.0,10,0.3705015,0.9848589948199049,0.012554540138398615,0.002586465041696611
A6_boundary_0625,T0_standard,0.625,1.0,1.0,23,0,0,1,0.8884928116952495,0.4054009585652062,0.7992492692881192,19.256077795786062,20,0.5421750500000001,0.8884928116952495,0.02226364589762025,0.08924354240713031
A6_boundary_0625,T0_standard,0.625,1.0,1.0,28,0,0,1,0.8997907149719152,0.3847366834471222,0.8274029345989911,9.0,9,0.46474844444444446,0.8997907149719152,0.027821504655160638,0.0723877803729242
A6_boundary_0625,T0_standard,0.625,1.0,1.0,33,0,0,1,0.984463233801882,0.08813003325904176,0.9722087091921252,8.0,8,0.401292125,0.984463233801882,0.01225452460975684,0.0032822415883610578
A6_boundary_0625,T0_standard,0.625,1.0,1.0,35,0,0,1,0.9808183098810028,0.10331323879291333,0.9647314241103548,8.727272727272727,9,0.5700594444444445,0.9808183098810028,0.01608688577064804,0.003094804348349001
A6_boundary_0625,T0_standard,0.625,1.0,1.0,36,0,0,1,0.9826749040901113,0.09599843881467124,0.9687370862500646,17.285714285714285,18,0.6305999999999998,0.9826749040901113,0.013937817840046614,0.003387278069842197
A6_boundary_0625,T0_standard,0.625,1.0,1.0,40,0,0,1,0.9812829555531799,0.10084045517827737,0.965330687145901,24.70314192849404,26,0.6631952692307693,0.9812829555531799,0.015952268407278952,0.002764776039541182
A6_boundary_0625,T0_standard,0.625,1.0,1.0,44,0,0,1,0.9885289436462371,0.06720982700993346,0.9786134453836386,20.897959183673468,22,0.6243710909090908,0.9885289436462371,0.009915498262598486,0.0015555580911643815
A6_boundary_0625,T0_standard,0.625,1.0,1.0,51,0,0,1,0.9856171836345902,0.0830300733566835,0.9745316593266713,18.0098730606488,19,0.7660634736842105,0.9856171836345902,0.011085524307918877,0.003297292057490987
A6_boundary_0625,T0_standard,0.625,1.0,1.0,52,0,0,1,0.9405268621660579,0.2626943551778095,0.8999495405617765,12.508684863523573,13,0.4411058461538462,0.9405268621660579,0.01889581622966082,0.040577321604281354
A6_boundary_0625,T0_standard,0.625,1.0,1.0,57,0,0,1,0.9840448396117966,0.09151308787046258,0.9727804035431268,26.57707509881423,28,0.6690655000000001,0.9840448396117966,0.011264436068669824,0.004690724319533675
A6_boundary_0625,T0_standard,0.625,1.0,1.0,63,0,0,1,0.9342713015641799,0.2783232148851637,0.8840204184694157,28.455040871934607,30,0.7458895333333335,0.9342713015641799,0.015477815341055978,0.05025088309476419
A6_boundary_0625,T0_standard,0.625,1.0,1.0,67,0,0,1,0.9554865152656897,0.212362630695754,0.9298220567292115,18.970027247956402,20,0.7178675999999999,0.9554865152656897,0.018849026197832183,0.025664458536478238
A6_boundary_0625,T0_standard,0.625,1.0,1.0,71,0,0,1,0.9866641639087452,0.07775196839921218,0.9761872464844655,33.150409530900966,35,0.7804486857142857,0.9866641639087452,0.010476917424279702,0.002858918666975094
A6_boundary_0625,T0_standard,0.625,1.0,1.0,73,0,0,1,0.9660157840320276,0.17164712011364242,0.9470113639596686,22.834532374100718,24,0.5408927499999999,0.9660157840320276,0.014979795895613221,0.019004420072359023
A6_boundary_0625,T0_standard,0.625,1.0,1.0,79,0,0,1,0.9683551399049373,0.16232452973034878,0.9519140724978677,8.0,8,0.419704125,0.9683551399049373,0.015203792687993146,0.01644106740706953
A6_boundary_0625,T0_standard,0.625,1.0,1.0,81,0,0,1,0.9874194724271259,0.07354979132281189,0.9771506118885757,26.513761467889907,28,0.6805994285714284,0.9874194724271259,0.010268860538550272,0.0023116670343238275
A6_boundary_0625,T0_standard,0.625,1.0,1.0,83,0,0,1,0.9853780788810044,0.08191857734492156,0.9726430118712904,10.0,10,0.44241660000000005,0.9853780788810044,0.012735067009713979,0.0018868541092816832
A6_boundary_0625,T0_standard,0.625,1.0,1.0,87,0,0,1,0.9771836163211488,0.11980401648869979,0.9586364582152284,24.70314192849404,26,0.6640094999999999,0.9771836163211488,0.018547158105920416,0.004269225572930867
A6_boundary_0625,T0_standard,0.625,1.0,1.0,98,0,0,1,0.9813057666030626,0.10393598929543148,0.9677812134417357,9.0,9,0.47165666666666667,0.9813057666030626,0.013524553161326811,0.0051696802356104785
A6_boundary_0625,T0_standard,0.625,1.0,1.0,101,0,0,1,0.9794685174503001,0.11310279201453288,0.9656867717305737,17.093023255813954,18,0.6716582222222223,0.9794685174503001,0.013781745719726382,0.006749736829973412
A6_boundary_0625,T0_standard,0.625,1.0,1.0,107,0,0,1,0.8132128666396273,0.5814236999927211,0.6687001771729149,7.0,7,0.4162268571428571,0.8132128666396273,0.042274443893660175,0.14451268946671253
A6_boundary_0625,T0_standard,0.625,1.0,1.0,108,0,0,1,0.9738255058480992,0.1392520763871528,0.95976458472053,6.0,6,0.4359216666666666,0.9738255058480992,0.014060921127569273,0.012113573024331433
A6_boundary_0625,T0_standard,0.625,1.0,1.0,109,0,0,1,0.9023035040783852,0.36348664727887314,0.8205668394144259,14.483443708609272,15,0.5712982666666666,0.9023035040783852,0.015959831257655415,0.08173666466395936
A6_boundary_0625,T0_standard,0.625,1.0,1.0,110,0,0,1,0.9742499782501707,0.1372582416926359,0.9596437756508036,4.0,4,0.45297975,0.9742499782501707,0.014606202599367091,0.011143819150462263
A6_boundary_0625,T0_standard,0.625,1.0,1.0,111,0,0,1,0.9699982653825733,0.14738603419439017,0.944471375922568,35.987293519695044,38,0.9744740526315788,0.9699982653825733,0.025526889460005222,0.004474845157421415
A6_boundary_0625,T0_standard,0.625,1.0,1.0,112,0,0,1,0.8993137043071666,0.362929540652712,0.8104092231279951,18.970027247956402,20,0.70145845,0.8993137043071666,0.011781814513661736,0.08890448117917145
A6_boundary_0625,T0_standard,0.625,1.0,1.0,114,0,0,1,0.8601337352369258,0.4758278812135411,0.7490577417055704,89.57233416345936,94,1.411514425531915,0.8601337352369258,0.028790271231718758,0.1110759935313555
A6_boundary_0625,T0_standard,0.625,1.0,1.0,116,0,0,1,0.9756367341057386,0.13030065462635165,0.9597381659360712,18.059701492537314,19,0.6829561052631579,0.9756367341057386,0.01589856816966744,0.008464697724594149
A6_boundary_0625,T0_standard,0.625,1.0,1.0,117,0,0,1,0.983034288269069,0.09439738921349902,0.9694079850943316,9.0,9,0.40776277777777775,0.983034288269069,0.013626303174737502,0.0033394085561934484
A6_boundary_0625,T0_standard,0.625,1.0,1.0,119,0,0,1,0.9830515433696849,0.09599047551772275,0.9708786054446273,11.0,11,0.4399496363636363,0.9830515433696849,0.012172937925057603,0.004775518705257469
A6_boundary_0625,T0_standard,0.625,1.0,1.0,125,0,0,1,0.9709968476846432,0.14388949006764779,0.9465609897423499,20.0,21,0.685138476190476,0.9709968476846432,0.024435857942293315,0.004567294373063442
A6_boundary_0625,T0_standard,0.625,1.0,1.0,126,0,0,1,0.9860395376778794,0.07996176776201971,0.9745175776304726,18.27027027027027,19,0.5716424736842105,0.9860395376778794,0.01152196004740678,0.0024385022747137977
A6_boundary_0625,T0_standard,0.625,1.0,1.0,135,0,0,1,0.9810738489942736,0.10436662525879818,0.9667837845643561,24.70314192849404,26,0.6855153846153844,0.9810738489942736,0.014290064429917496,0.0046360865758089094
A6_boundary_0625,T0_standard,0.625,1.0,1.0,136,0,0,1,0.9842486730854794,0.0892645094296299,0.9719290666537592,15.0,15,0.4488484666666667,0.9842486730854794,0.012319606431720182,0.0034317204828004533
A6_boundary_0625,T0_standard,0.625,1.0,1.0,137,0,0,1,0.9851871661504623,0.084733235136421,0.9735016558077532,20.897959183673468,22,0.7633684545454543,0.9851871661504623,0.011685510342709147,0.003127323506828538
A6_boundary_0625,T0_standard,0.625,1.0,1.0,138,0,0,1,0.9689308207942372,0.15989707214512344,0.9522975922680416,10.541076487252125,11,0.5640930909090909,0.9689308207942372,0.014435950679567213,0.01663322852619567
A6_boundary_0625,T0_standard,0.625,1.0,1.0,140,0,0,1,0.9783950831838907,0.11854321050130817,0.9649495835926226,16.0,16,0.4220644375,0.9783950831838907,0.013445499591268114,0.00815941722484118
A6_boundary_0625,T0_standard,0.625,1.0,1.0,142,0,0,1,0.9840336476712852,0.09249596777982262,0.974130308567098,2.0,2,0.1290305,0.9840336476712852,0.00990333910418719,0.00606301322452765
A6_boundary_0625,T0_standard,0.625,1.0,1.0,143,0,0,1,0.9841322838200492,0.09038109289306945,0.9722039245131018,11.523809523809524,12,0.5242633333333334,0.9841322838200492,0.011928359306947413,0.0039393568730033395
A6_boundary_0625,T0_standard,0.625,1.0,1.0,148,0,0,1,0.9131327991099715,0.3504166248067606,0.8550711339283424,22.92452830188679,24,0.647964,0.9131327991099715,0.02880553570839949,0.05806166518162907
A6_boundary_0625,T0_standard,0.625,1.0,1.0,149,0,0,1,0.9843456001146991,0.08817141430449098,0.9716334558035049,5.761904761904762,6,0.37699533333333335,0.9843456001146991,0.01271214431119411,0.0029422555741068757
A6_boundary_0625,T0_standard,0.625,1.0,1.0,150,0,0,1,0.976927397238163,0.12483495227879567,0.9621459703101131,22.736842105263158,24,0.7517964166666666,0.976927397238163,0.01478142692804993,0.008291175833787173
A6_boundary_0625,T0_standard,0.625,1.0,1.0,161,0,0,1,0.9839702512594405,0.09001498268132757,0.9710308924383733,7.0,7,0.29993757142857147,0.9839702512594405,0.012939358821067256,0.0030903899194922196
A6_boundary_0625,T0_standard,0.625,1.0,1.0,166,0,0,1,0.9858619323385903,0.08220285018807733,0.9752606333463095,7.7364016736401675,8,0.523448625,0.9858619323385903,0.010601298992280819,0.0035367686691288786
A6_boundary_0625,T0_standard,0.625,1.0,1.0,172,0,0,1,0.9786398030444143,0.11620888818875323,0.9635419224893957,22.736842105263158,24,0.78042225,0.9786398030444143,0.015097880555018582,0.006262316400566988
A6_boundary_0625,T0_standard,0.625,1.0,1.0,174,0,0,1,0.9859863852945422,0.07974265778322222,0.9741316816386377,12.508684863523573,13,0.49278453846153847,0.9859863852945422,0.011854703655904483,0.0021589110495532486
A6_boundary_0625,T0_standard,0.625,1.0,1.0,176,0,0,1,0.9840564523417232,0.0901008251340686,0.971541354856647,10.0,10,0.5815139,0.9840564523417232,0.012515097485076182,0.00342845017320045
A6_boundary_0625,T0_standard,0.625,1.0,1.0,181,0,0,1,0.9496389147533899,0.2311917279889374,0.9154530722957744,22.77319587628866,24,0.70607475,0.9496389147533899,0.016175242788994786,0.03418584245761543
A6_boundary_0625,T0_standard,0.625,1.0,1.0,183,0,0,1,0.9761361524703,0.12072082069238722,0.9547717502754243,24.70314192849404,26,0.6592863846153847,0.9761361524703,0.021364402194875728,0.002499445334824387
A6_boundary_0625,T0_standard,0.625,1.0,1.0,185,0,0,1,0.978960741388929,0.11501172139091571,0.9643568134956736,20.831298557158714,22,0.7109205454545454,0.978960741388929,0.014603927893255327,0.006435330717815719
A6_boundary_0625,T0_standard,0.625,1.0,1.0,186,0,0,1,0.9352966097103164,0.2815980304045075,0.8932207990948893,17.093023255813954,18,0.5899305555555555,0.9352966097103164,0.0226275796742564,0.04207581061542714
A6_boundary_0625,T0_standard,0.625,1.0,1.0,189,0,0,1,0.9835167945045257,0.09337809907356752,0.9712392219128928,17.989304812834224,19,0.7392215263157894,0.9835167945045257,0.012277572591632818,0.004205632903841368
A6_boundary_0625,T0_standard,0.625,1.0,1.0,190,0,0,1,0.9518686820660164,0.2263369951104582,0.9276545915527205,13.0,13,0.4378136923076923,0.9518686820660164,0.023917227420687664,0.02421409051329588
A6_boundary_0625,T0_standard,0.625,1.0,1.0,191,0,0,1,0.983017572129773,0.09486419623711298,0.9696664616345121,8.0,8,0.35865175,0.983017572129773,0.013351110495260892,0.003631317374966053
A6_boundary_0625,T0_standard,0.625,1.0,1.0,193,0,0,1,0.9663792525909739,0.1701370575396321,0.9474087513360194,18.27027027027027,19,0.6627145789473685,0.9663792525909739,0.014650246154071575,0.01897050125495451
A6_boundary_0625,T0_standard,0.625,1.0,1.0,194,0,0,1,0.9802506826381802,0.10892509443579487,0.9661965525127615,4.0,4,0.36402175000000003,0.9802506826381802,0.014054130125418627,0.0056951872364012085
A6_boundary_0625,T0_standard,0.625,1.0,1.0,202,0,0,1,0.9653707887750229,0.1639707577512296,0.935300341912564,11.523809523809524,12,0.5620495,0.9653707887750229,0.030070446862459018,0.004558764362518022
A6_boundary_0625,T0_standard,0.625,1.0,1.0,205,0,0,1,0.9571935251843504,0.2049355202841536,0.9301601038761071,8.0,8,0.411409875,0.9571935251843504,0.015773053507406307,0.027033421308243235
A6_boundary_0625,T0_standard,0.625,1.0,1.0,214,0,0,1,0.9830861498783731,0.09118841480711444,0.9678265225581747,13.0,13,0.42564623076923075,0.9830861498783731,0.015259627320198345,0.001654222801428618
A6_boundary_0625,T0_standard,0.625,1.0,1.0,216,0,0,1,0.9819751252660377,0.1001776210149485,0.9682719630284312,15.168067226890756,16,0.67221975,0.9819751252660377,0.013703162237606497,0.004321712496355937
A6_boundary_0625,T0_standard,0.625,1.0,1.0,229,0,0,1,0.9238798252890132,0.3133406003150997,0.8680659518717609,7.7364016736401675,8,0.43293575000000006,0.9238798252890132,0.020306301293734435,0.05581387341725228
A6_boundary_0625,T0_standard,0.625,1.0,1.0,232,0,0,1,0.7405691164526995,0.7155218250052267,0.5434831467291332,7.0,7,0.4263571428571429,0.7405691164526995,0.1970859697235663,0.062344913823734395
A6_boundary_0625,T0_standard,0.625,1.0,1.0,234,0,0,1,0.9666582533618444,0.16646955699183705,0.9432360512666238,60.98002663115845,64,1.335183234375,0.9666582533618444,0.023422202095220657,0.00991954454293494
A6_boundary_0625,T0_standard,0.625,1.0,1.0,235,0,0,1,0.9846600952504129,0.08741344560769204,0.9727185478263636,21.08215297450425,22,0.6667994090909091,0.9846600952504129,0.01194154742404926,0.003398357325537867
A6_boundary_0625,T0_standard,0.625,1.0,1.0,251,1,2,0,0.5306425667336742,0.7597311174251448,0.07689147025599646,4.0,4,0.446091,0.015606336788648152,0.4537510964776777,0.5306425667336742
A6_boundary_0625,T0_standard,0.625,1.0,1.0,265,1,1,1,0.9942152729745634,0.03858448545033217,0.989673900681083,5.0,5,0.336413,0.00124335473195618,0.9942152729745634,0.00454137229348038
A6_boundary_0625,T0_standard,0.625,1.0,1.0,267,1,1,1,0.8211880612297776,0.4973902411107521,0.6488389923660145,5.761904761904762,6,0.5574418333333333,0.006462869906459358,0.8211880612297776,0.1723490688637631
A6_boundary_0625,T0_standard,0.625,1.0,1.0,268,1,1,1,0.9969859978307899,0.022047208265874776,0.9946003865828006,6.0,6,0.31415733333333334,0.0006283909212207342,0.9969859978307899,0.002385611247989274
A6_boundary_0625,T0_standard,0.625,1.0,1.0,284,1,1,1,0.9146880241128003,0.3038684302365525,0.8321739871415387,10.0,10,0.3636243,0.0027979389159383298,0.9146880241128003,0.0825140369712616
A6_boundary_0625,T0_standard,0.625,1.0,1.0,285,1,1,1,0.9959584410705776,0.028006722323724753,0.9925181730533194,6.0,6,0.3586993333333333,0.0006012909121642202,0.9959584410705776,0.003440268017258243
A6_boundary_0625,T0_standard,0.625,1.0,1.0,294,1,1,1,0.9243719023464488,0.28140943955500036,0.8520074714650034,9.560975609756097,10,0.48758270000000004,0.0032636667721057913,0.9243719023464488,0.0723644308814454
A6_boundary_0625,T0_standard,0.625,1.0,1.0,299,1,1,1,0.9466044563621118,0.21954200268895574,0.8960670624859575,10.713375796178344,11,0.46210636363636354,0.0028581497617339337,0.9466044563621118,0.05053739387615431
A6_boundary_0625,T0_standard,0.625,1.0,1.0,304,1,1,1,0.9963130436270273,0.026663108907119613,0.9938246026906951,28.40394088669951,30,0.8912446,0.0011985154366404242,0.9963130436270273,0.0024884409363322485
A6_boundary_0625,T0_standard,0.625,1.0,1.0,312,1,1,1,0.8945168807460395,0.34914797970038053,0.791629997760311,15.69248291571754,16,0.5348219375,0.10288688298572861,0.8945168807460395,0.0025962362682318343
A6_boundary_0625,T0_standard,0.625,1.0,1.0,315,1,1,1,0.9370103162190656,0.2583285751484212,0.8816298712451677,10.541076487252125,11,0.557503090909091,0.007609238807036422,0.9370103162190656,0.05538044497389795
A6_boundary_0625,T0_standard,0.625,1.0,1.0,326,1,1,1,0.9975949149584191,0.018370987968816588,0.9959072972209673,30.299158377964805,32,0.951023,0.0007174673041289254,0.9975949149584191,0.0016876177374518253
A6_boundary_0625,T0_standard,0.625,1.0,1.0,327,1,1,1,0.989158567773304,0.06394529663676013,0.979686416333378,8.0,8,0.4168645,0.0013692807867699728,0.989158567773304,0.009472151439926014
A6_boundary_0625,T0_standard,0.625,1.0,1.0,328,1,1,1,0.96276630268384,0.16608533986535534,0.9272744911687227,23.693703308431164,25,0.80846332,0.0017418858010426834,0.96276630268384,0.03549181151511726
A6_boundary_0625,T0_standard,0.625,1.0,1.0,338,1,1,1,0.881105215265182,0.3803367485764716,0.7656626052242133,5.0,5,0.2643014,0.0034521746938490513,0.881105215265182,0.11544261004096884
A6_boundary_0625,T0_standard,0.625,1.0,1.0,354,1,1,1,0.8219860976253387,0.48153337339293356,0.6464765739884736,13.364025695931478,14,0.6306156428571429,0.00250437873779622,0.8219860976253387,0.1755095236368651
A6_boundary_0625,T0_standard,0.625,1.0,1.0,360,1,1,1,0.9772397409367131,0.1222279499713292,0.960999687559028,10.415313225058005,11,0.733481909090909,0.006520205685601769,0.9772397409367131,0.016240053377685085
A6_boundary_0625,T0_standard,0.625,1.0,1.0,368,1,1,1,0.9910335461984175,0.055252756129019524,0.9835717458970049,11.0,11,0.4856014545454544,0.0015046535001696864,0.9910335461984175,0.007461800301412606
A6_boundary_0625,T0_standard,0.625,1.0,1.0,372,1,1,1,0.9039212700219158,0.37853980587142766,0.8413949125962417,12.389140271493213,13,0.5985235384615385,0.033552372552410094,0.9039212700219158,0.0625263574256741
A6_boundary_0625,T0_standard,0.625,1.0,1.0,382,1,1,1,0.7908359982169463,0.5523750643700519,0.5914607712990396,16.129032258064516,17,0.6881702352941177,0.009788774865147011,0.7908359982169463,0.1993752269179066
A6_boundary_0625,T0_standard,0.625,1.0,1.0,383,1,1,1,0.992488902185136,0.04836464140827906,0.98678309143935,17.285714285714285,18,0.7323625,0.0018052870690778379,0.992488902185136,0.005705810745786043
A6_boundary_0625,T0_standard,0.625,1.0,1.0,386,1,1,1,0.9811152131822286,0.09935317258608051,0.9639185043374692,18.144215530903328,19,0.6836167894736843,0.0016880779730120655,0.9811152131822286,0.017196708844759427
A6_boundary_0625,T0_standard,0.625,1.0,1.0,388,1,1,1,0.6817654060846223,0.6525745183562619,0.3688512690866675,7.0,7,0.5059952857142856,0.0053204569174227665,0.6817654060846223,0.31291413699795484
A6_boundary_0625,T0_standard,0.625,1.0,1.0,391,1,1,1,0.9954102344623049,0.03151765520177589,0.9916896524421043,4.780487804878049,5,0.7289920000000001,0.0008691835174944166,0.9954102344623049,0.0037205820202005917
A6_boundary_0625,T0_standard,0.625,1.0,1.0,392,1,1,1,0.9968961071390271,0.022789300750996947,0.9945862041470597,4.0,4,0.34524900000000003,0.0007939898690054042,0.9968961071390271,0.00230990299196747
A6_boundary_0625,T0_standard,0.625,1.0,1.0,400,1,1,1,0.5331542256979444,0.7761537272004676,0.08716302339157822,7.0,7,0.27122471428571426,0.020854571995689564,0.5331542256979444,0.44599120230636613
A6_boundary_0625,T0_standard,0.625,1.0,1.0,401,1,1,1,0.9927629623136288,0.046661507673965305,0.9870940908180488,4.0,4,0.26874025,0.0015681661907911662,0.9927629623136288,0.005668871495580066
A6_boundary_0625,T0_standard,0.625,1.0,1.0,403,1,1,1,0.9886074233345876,0.06820648530827017,0.9796409761118096,9.560975609756097,10,0.4908507000000001,0.0024261294426342166,0.9886074233345876,0.008966447222778083
A6_boundary_0625,T0_standard,0.625,1.0,1.0,415,1,1,1,0.9944982514344817,0.0369985783051897,0.9901983758483771,8.727272727272727,9,0.4188528888888889,0.0012018729794136124,0.9944982514344817,0.004299875586104553
A6_boundary_0625,T0_standard,0.625,1.0,1.0,422,1,1,1,0.9117852173721738,0.31286950556299237,0.8269945805722276,9.719723183391004,10,0.3612445,0.0034241458278800947,0.9117852173721738,0.08479063679994613
A6_boundary_0625,T0_standard,0.625,1.0,1.0,425,1,1,1,0.9956405397309165,0.030158027990184324,0.9921045430136349,10.448979591836734,11,0.6197990909090909,0.0008234635518019368,0.9956405397309165,0.0035359967172815627
A6_boundary_0625,T0_standard,0.625,1.0,1.0,436,1,1,1,0.9574489318788539,0.18579395506409796,0.9175121686547058,9.0,9,0.41016244444444444,0.0026143048969979902,0.9574489318788539,0.03993676322414822
A6_boundary_0625,T0_standard,0.625,1.0,1.0,455,1,1,1,0.9973853405800327,0.01987295304530981,0.9957205090537896,4.0,4,0.2685555,0.0009498278937241512,0.9973853405800327,0.0016648315262431095
A6_boundary_0625,T0_standard,0.625,1.0,1.0,457,1,1,1,0.9971000057282965,0.021675133735347848,0.9951506054432748,26.513761467889907,28,0.8272295714285717,0.0009505939866818341,0.9971000057282965,0.0019494002850216645
A6_boundary_0625,T0_standard,0.625,1.0,1.0,465,1,1,1,0.899258493686326,0.33873850062286726,0.8011045586822815,9.0,9,0.3576702222222222,0.002587571309629541,0.899258493686326,0.09815393500404458
A6_boundary_0625,T0_standard,0.625,1.0,1.0,471,1,1,1,0.9848381219136314,0.08906843171495561,0.9772548187663997,5.0,5,0.5415559999999999,0.007578574939137009,0.9848381219136314,0.0075833031472316605
A6_boundary_0625,T0_standard,0.625,1.0,1.0,481,1,1,1,0.5738271578426646,0.7131598150230967,0.15351757639342434,14.483443708609272,15,0.4130022666666665,0.0058632607080952295,0.5738271578426646,0.42030958144924024
A6_boundary_0625,T0_standard,0.625,1.0,1.0,482,1,1,1,0.9966886348626769,0.024475820058500918,0.9947942925589072,7.0,7,0.45074285714285717,0.001417022833553427,0.9966886348626769,0.0018943423037697026
A6_boundary_0625,T0_standard,0.625,1.0,1.0,487,1,1,1,0.9978809440614541,0.016563489581942037,0.996553073067206,27.45580589254766,29,0.8860926896551725,0.0007911849442977172,0.9978809440614541,0.0013278709942481136
A6_boundary_0625,T0_standard,0.625,1.0,1.0,497,1,1,1,0.7307055995070528,0.6544277560791478,0.4816624998085234,9.0,9,0.46402088888888887,0.020251300794417636,0.7307055995070528,0.24904309969852945
A6_boundary_0625,T0_standard,0.625,1.0,1.0,505,2,2,1,0.9108780779565633,0.32279486115734934,0.827874756235598,7.0,7,0.3739705714285714,0.006118600322471401,0.08300332172096528,0.9108780779565633
A6_boundary_0625,T0_standard,0.625,1.0,1.0,513,2,2,1,0.9729652152226634,0.13779201971850435,0.9513266572992899,63.63512162612462,67,1.1865429253731343,0.005396226853963057,0.021638557923373596,0.9729652152226634
A6_boundary_0625,T0_standard,0.625,1.0,1.0,516,2,2,1,0.7108872040256933,0.6302984851950576,0.4277110457851979,13.0,13,0.32202353846153847,0.005936637733811497,0.28317615824049536,0.7108872040256933
A6_boundary_0625,T0_standard,0.625,1.0,1.0,525,2,2,1,0.9876621598411689,0.07138169307127734,0.9769960371670238,3.0,3,0.26377733333333336,0.0016717174846858313,0.010666122674145118,0.9876621598411689
A6_boundary_0625,T0_standard,0.625,1.0,1.0,538,2,2,1,0.9869332189190654,0.07751791042195733,0.9776437146123624,19.121951219512194,20,0.6192523000000001,0.003777276774231839,0.009289504306702894,0.9869332189190654
A6_boundary_0625,T0_standard,0.625,1.0,1.0,541,2,2,1,0.9797007664802804,0.10771289505457021,0.9624067126002452,14.254237288135593,15,0.6523588666666666,0.0030051796396846167,0.017294053880035146,0.9797007664802804
A6_boundary_0625,T0_standard,0.625,1.0,1.0,549,2,2,1,0.9465790323544797,0.2454882079449205,0.9194108520768581,30.642166344294004,32,0.65795975,0.02716818027762155,0.026252787367898694,0.9465790323544797
A6_boundary_0625,T0_standard,0.625,1.0,1.0,551,2,2,1,0.9173426559649326,0.3425016281866264,0.8756018509178557,62.52750809061489,66,1.068993803030303,0.040916538987990546,0.041740805047076925,0.9173426559649326
A6_boundary_0625,T0_standard,0.625,1.0,1.0,555,2,2,1,0.9160212871074729,0.34658920015286426,0.8738052580463331,62.52750809061489,66,1.068993803030303,0.041762683831387495,0.042216029061139713,0.9160212871074729
A6_boundary_0625,T0_standard,0.625,1.0,1.0,557,2,2,1,0.9725336786651999,0.1393721389606416,0.950422626970187,10.0,10,0.3280324,0.005355269639787104,0.022111051695012936,0.9725336786651999
A6_boundary_0625,T0_standard,0.625,1.0,1.0,558,2,2,1,0.9487584762567606,0.21634889811945657,0.9015793334337512,55.166980067694624,58,1.222802172413793,0.0040623809202301716,0.047179142823009355,0.9487584762567606
A6_boundary_0625,T0_standard,0.625,1.0,1.0,561,2,2,1,0.8780290170945505,0.45128055459831434,0.8013257565299753,21.865265760197776,23,0.6614797826086957,0.07670326056457526,0.045267722340874214,0.8780290170945505
A6_boundary_0625,T0_standard,0.625,1.0,1.0,564,2,2,1,0.8840945668658677,0.4305612548643085,0.8042671517120958,50.188273018781494,53,0.8910560566037735,0.03607801798036024,0.07982741515377192,0.8840945668658677
A6_boundary_0625,T0_standard,0.625,1.0,1.0,565,2,2,1,0.9838853468139712,0.09203903369985762,0.9722595651009549,12.0,12,0.45422558333333335,0.004488871473012433,0.011625781713016302,0.9838853468139712
A6_boundary_0625,T0_standard,0.625,1.0,1.0,567,2,2,1,0.9219535566265086,0.32515657785993823,0.8723352287625296,35.152091254752854,37,0.7751838378378378,0.02842811550951244,0.04961832786397905,0.9219535566265086
A6_boundary_0625,T0_standard,0.625,1.0,1.0,569,2,2,1,0.8702975951989163,0.46529683251076315,0.77979769334969,40.72289156626506,43,0.8109670232558138,0.09049990184922635,0.039202502951857406,0.8702975951989163
A6_boundary_0625,T0_standard,0.625,1.0,1.0,573,2,2,1,0.9871493208778251,0.07677507530174396,0.9784044457934689,8.0,8,0.494462875,0.004105804037818635,0.00874487508435625,0.9871493208778251
A6_boundary_0625,T0_standard,0.625,1.0,1.0,574,2,2,1,0.9206663694099249,0.3036952058322918,0.8496187968192952,19.682745825602968,20,0.53040425,0.008286057999445524,0.07104757259062966,0.9206663694099249
A6_boundary_0625,T0_standard,0.625,1.0,1.0,581,2,2,1,0.9557486434121196,0.19124704781202415,0.9141436470165835,13.364025695931478,14,0.6483881428571427,0.0026463601923443813,0.041604996395536116,0.9557486434121196
A6_boundary_0625,T0_standard,0.625,1.0,1.0,585,2,2,1,0.9831806991613448,0.09481484549499375,0.9705381409409745,12.508684863523573,13,0.5086920769230769,0.004176742618284957,0.012642558220370293,0.9831806991613448
A6_boundary_0625,T0_standard,0.625,1.0,1.0,586,2,2,1,0.9456275406816066,0.23263650454884066,0.8985540311677652,6.0,6,0.38316100000000003,0.007298949804552081,0.047073509513841365,0.9456275406816066
A6_boundary_0625,T0_standard,0.625,1.0,1.0,589,2,2,1,0.9851894558162492,0.08671997783291444,0.9756323333439597,8.0,8,0.28330900000000003,0.005253421711461369,0.009557122472289454,0.9851894558162492
A6_boundary_0625,T0_standard,0.625,1.0,1.0,590,2,2,1,0.9532352068839048,0.21049900062402005,0.9146130959480745,8.0,8,0.424510375,0.008142682180264761,0.038622110935830394,0.9532352068839048
A6_boundary_0625,T0_standard,0.625,1.0,1.0,600,2,2,1,0.97749818044123,0.11647233831269732,0.9580042126488457,3.0,3,0.27039266666666667,0.003007851766385706,0.019493967792384364,0.97749818044123
A6_boundary_0625,T0_standard,0.625,1.0,1.0,607,2,2,1,0.7817154068363392,0.67123732804288,0.649782444509507,7.0,7,0.47682385714285713,0.13193296232683227,0.08635163083682855,0.7817154068363392
A6_boundary_0625,T0_standard,0.625,1.0,1.0,614,2,2,1,0.9746987039797074,0.13286404038156352,0.9563283088676069,33.46341463414634,35,0.6614222,0.0069309009081921745,0.018370395112100476,0.9746987039797074
A6_boundary_0625,T0_standard,0.625,1.0,1.0,618,2,2,1,0.9668765788362901,0.1618016289019152,0.9402274483956133,74.94388197859416,79,1.0714351392405066,0.006474290723033281,0.02664913044067671,0.9668765788362901
A6_boundary_0625,T0_standard,0.625,1.0,1.0,621,2,2,1,0.9089274566598419,0.35737432233681726,0.8416992216154833,71.23056300268097,75,1.0566839733333333,0.06722823504435864,0.0238443082957995,0.9089274566598419
A6_boundary_0625,T0_standard,0.625,1.0,1.0,625,2,2,1,0.9635283502104798,0.18126296426062066,0.9420455397318279,5.0,5,0.28745499999999996,0.014988839310868309,0.021482810478651884,0.9635283502104798
A6_boundary_0625,T0_standard,0.625,1.0,1.0,627,2,2,1,0.8845603096704175,0.43178846163447265,0.8084429335328758,65.34723788049605,69,0.7889472463768116,0.07611737613754171,0.03932231419204069,0.8845603096704175
A6_boundary_0625,T0_standard,0.625,1.0,1.0,628,2,2,1,0.9804344560692833,0.1097646675363731,0.9694804049952177,13.699228791773779,14,0.5260488571428572,0.008611492856651276,0.010954051074065541,0.9804344560692833
A6_boundary_0625,T0_standard,0.625,1.0,1.0,629,2,2,1,0.9171340811114113,0.3222461148772596,0.8475863428196366,61.552735923869946,65,0.809190323076923,0.0695477382917746,0.01331818059681411,0.9171340811114113
A6_boundary_0625,T0_standard,0.625,1.0,1.0,634,2,2,1,0.9822960267479393,0.1006431598865095,0.9711679838000047,15.321083172147002,16,0.6306679375,0.006575930304126065,0.011128042947934562,0.9822960267479393
A6_boundary_0625,T0_standard,0.625,1.0,1.0,635,2,2,1,0.9841946443183633,0.09011012861862759,0.9723326274063138,9.560975609756097,10,0.5280875,0.0039433387695869525,0.011862016912049628,0.9841946443183633
A6_boundary_0625,T0_standard,0.625,1.0,1.0,641,2,2,1,0.9436278416040557,0.24913287876888296,0.9018761569400879,8.0,8,0.39205275,0.04175168466396774,0.014620473731976582,0.9436278416040557
A6_boundary_0625,T0_standard,0.625,1.0,1.0,645,2,2,1,0.9767302826778884,0.12245013422564795,0.9583362730439671,24.615384615384617,26,0.8725405,0.004875707688190226,0.018394009633921373,0.9767302826778884
A6_boundary_0625,T0_standard,0.625,1.0,1.0,648,2,2,1,0.9855521993405805,0.08386314619003228,0.974882321065584,68.19840478564308,72,1.0457252083333333,0.0037779223844231088,0.010669878274996427,0.9855521993405805
A6_boundary_0625,T0_standard,0.625,1.0,1.0,657,2,2,1,0.9864161346725799,0.07976422644996495,0.9764548774940045,11.0,11,0.4163523636363637,0.0036226081488447102,0.009961257178575426,0.9864161346725799
A6_boundary_0625,T0_standard,0.625,1.0,1.0,662,2,2,1,0.9850979211243341,0.08548342797203932,0.9736024217418616,14.483443708609272,15,0.5766958,0.0034065794931934915,0.011495499382472511,0.9850979211243341
A6_boundary_0625,T0_standard,0.625,1.0,1.0,674,2,2,1,0.9752996986869751,0.12568474510489805,0.9539890107103813,12.0,12,0.4328041666666667,0.0033896133364312137,0.021310687976593704,0.9752996986869751
A6_boundary_0625,T0_standard,0.625,1.0,1.0,680,2,2,1,0.970249092951135,0.14537840121427004,0.9443699181754571,20.101321585903083,21,0.5819468095238095,0.0038717322731869667,0.02587917477567792,0.970249092951135
A6_boundary_0625,T0_standard,0.625,1.0,1.0,682,2,2,1,0.9722294247606003,0.13402948303172138,0.9464341493190607,1.0,1,0.099984,0.0019752997978601597,0.025795275441539568,0.9722294247606003
A6_boundary_0625,T0_standard,0.625,1.0,1.0,687,2,2,1,0.981393934176713,0.09989355665900729,0.9652815165121301,7.7364016736401675,8,0.4055995,0.0024936481587041594,0.016112417664582865,0.981393934176713
A6_boundary_0625,T0_standard,0.625,1.0,1.0,688,2,2,1,0.9676002419140711,0.1652521050221893,0.9496331314354858,65.69410664172123,69,1.2520341594202895,0.017967110478585298,0.01443264760734347,0.9676002419140711
A6_boundary_0625,T0_standard,0.625,1.0,1.0,692,2,2,1,0.9648566434157603,0.1702168839154656,0.9370670682616016,74.94388197859416,79,1.0714351392405066,0.007353781430080923,0.027789575154158738,0.9648566434157603
A6_boundary_0625,T0_standard,0.625,1.0,1.0,695,2,2,1,0.9882044515846049,0.07094377050341108,0.9795593526229563,10.541076487252125,11,0.5583097272727273,0.003150449453746718,0.008645098961648503,0.9882044515846049
A6_boundary_0625,T0_standard,0.625,1.0,1.0,706,2,2,1,0.9122585139845308,0.3151669954871914,0.8290640443756718,4.0,4,0.274131,0.004547016406610194,0.08319446960885901,0.9122585139845308
A6_boundary_0625,T0_standard,0.625,1.0,1.0,707,2,2,1,0.9240194700352414,0.30570679508024523,0.8624217834573987,56.96629213483146,60,1.10599235,0.061597686577842745,0.01438284338691583,0.9240194700352414
A6_boundary_0625,T0_standard,0.625,1.0,1.0,1068,0,0,1,0.9734668197689781,0.13886458168441962,0.9551109476262576,10.541076487252125,11,0.46691427272727276,0.9734668197689781,0.018355872142720442,0.008177308088301577
A6_boundary_0625,T0_standard,0.625,1.0,1.0,1074,0,0,1,0.976868466313779,0.1257503501697594,0.9635344821068766,23.693703308431164,25,0.77164884,0.976868466313779,0.013333984206902396,0.00979754947931859
A6_boundary_0625,T0_standard,0.625,1.0,1.0,1078,0,0,1,0.9307262984005992,0.2985199526875209,0.8895212799703417,9.0,9,0.4112078888888889,0.9307262984005992,0.028068683169143297,0.04120501843025748
A6_boundary_0625,T0_standard,0.625,1.0,1.0,1083,0,0,1,0.9821468882508959,0.0972932518743796,0.9670796866665472,5.0,5,0.31577520000000003,0.9821468882508959,0.015067201584348702,0.002785910164755472
A6_boundary_0625,T0_standard,0.625,1.0,1.0,1089,0,0,1,0.9874877237474454,0.07185506960440659,0.9764836990049288,18.27027027027027,19,0.5798857368421053,0.9874877237474454,0.011004024742516601,0.001508251510038027
A6_boundary_0625,T0_standard,0.625,1.0,1.0,1092,0,0,1,0.9781836078894927,0.11623905626513341,0.9609486339452921,5.0,5,0.4888422,0.9781836078894927,0.017234973944200618,0.0045814181663066875
A6_boundary_0625,T0_standard,0.625,1.0,1.0,1096,0,0,1,0.9433009093726341,0.2541058841762305,0.9058390562450985,12.389140271493213,13,0.6659333846153845,0.9433009093726341,0.01923723749983023,0.03746185312753563
A6_boundary_0625,T0_standard,0.625,1.0,1.0,1097,0,0,1,0.9839026941600617,0.0887301101364906,0.9699381662563092,6.747663551401869,7,0.4249707142857143,0.9839026941600617,0.013964527903752445,0.0021327779361856917
A6_boundary_0625,T0_standard,0.625,1.0,1.0,1100,0,0,1,0.9692405437209104,0.15213681643178348,0.944194623545379,18.059701492537314,19,0.6168118947368422,0.9692405437209104,0.02504592017553147,0.00571353610355808
A6_boundary_0625,T0_standard,0.625,1.0,1.0,1105,0,0,1,0.9823257393749523,0.09745973512829131,0.9680247232539555,19.881720430107528,21,0.7333708095238094,0.9823257393749523,0.014301016120996799,0.003373244504050932
A6_boundary_0625,T0_standard,0.625,1.0,1.0,1111,0,0,1,0.9552068824807637,0.21347578810933432,0.9296024945969195,21.81132075471698,23,0.7248498695652174,0.9552068824807637,0.025604387883844282,0.019188729635391893
A6_boundary_0625,T0_standard,0.625,1.0,1.0,1112,0,0,1,0.955985965173108,0.21081848920451995,0.9319501933678835,18.27027027027027,19,0.6731560526315788,0.955985965173108,0.024035771805224412,0.01997826302166768
A6_boundary_0625,T0_standard,0.625,1.0,1.0,1113,0,0,1,0.9704910018323121,0.15341350766993234,0.9547076320362241,20.0,21,0.6701863809523808,0.9704910018323121,0.013725628371600074,0.015783369796088006
A6_boundary_0625,T0_standard,0.625,1.0,1.0,1118,0,0,1,0.9838619804059501,0.09163258397021574,0.9717184086500458,24.652806652806653,26,0.7382225000000001,0.9838619804059501,0.012143571755904277,0.0039944478381455486
A6_boundary_0625,T0_standard,0.625,1.0,1.0,1119,0,0,1,0.9658019585229367,0.1727403039223534,0.9483119898631976,28.455040871934607,30,0.6934033666666666,0.9658019585229367,0.017489968659739057,0.01670807281732439
A6_boundary_0625,T0_standard,0.625,1.0,1.0,1120,0,0,1,0.9876208343193337,0.07295177506520568,0.9777823934126243,25.670886075949365,27,0.8011209259259259,0.9876208343193337,0.00983844090670937,0.0025407247739569734
A6_boundary_0625,T0_standard,0.625,1.0,1.0,1124,0,0,1,0.9869918113901519,0.07513447849479535,0.9760698275978835,10.0,10,0.4216774,0.9869918113901519,0.010921983792268336,0.002086204817579734
A6_boundary_0625,T0_standard,0.625,1.0,1.0,1130,0,0,1,0.9842343662110541,0.09012652281898945,0.9725918435907173,23.737193763919823,25,0.71656104,0.9842343662110541,0.011642522620336786,0.00412311116860929
A6_boundary_0625,T0_standard,0.625,1.0,1.0,1135,0,0,1,0.9832446687555328,0.09324541672633026,0.9696530551163125,8.727272727272727,9,0.5254421111111112,0.9832446687555328,0.013591613639220299,0.0031637176052468994
A6_boundary_0625,T0_standard,0.625,1.0,1.0,1137,0,0,1,0.9785905854374282,0.11774326814602881,0.9654238379198965,15.223021582733812,16,0.6085711874999999,0.9785905854374282,0.013166747517531698,0.00824266704504011
A6_boundary_0625,T0_standard,0.625,1.0,1.0,1138,0,0,1,0.9793735885440905,0.10478659989669499,0.9598558787440225,24.624375624375624,26,0.8721031923076923,0.9793735885440905,0.019517709800068034,0.0011087016558414377
A6_boundary_0625,T0_standard,0.625,1.0,1.0,1146,0,0,1,0.9844949309777449,0.08688031098052831,0.9715166410621399,13.288537549407115,14,0.7073084285714287,0.9844949309777449,0.01297828991560498,0.0025267791066502492
A6_boundary_0625,T0_standard,0.625,1.0,1.0,1148,0,0,1,0.9739325163332312,0.13761145277075817,0.9568922901710767,16.19449225473322,17,0.6329464117647058,0.9739325163332312,0.01704022616215447,0.009027257504614316
A6_boundary_0625,T0_standard,0.625,1.0,1.0,1150,0,0,1,0.9839784385632105,0.08840974870315053,0.9700907975158218,10.713375796178344,11,0.43154409090909096,0.9839784385632105,0.01388764104738866,0.0021339203894007873
A6_boundary_0625,T0_standard,0.625,1.0,1.0,1151,0,0,1,0.9789982896617568,0.11401808266815416,0.9635249766485283,14.341463414634147,15,0.5302294000000001,0.9789982896617568,0.015473313013228573,0.005528397325014683
A6_boundary_0625,T0_standard,0.625,1.0,1.0,1154,0,0,1,0.9794075664392655,0.1116546612591195,0.9637319673252562,17.05263157894737,18,0.6704702777777779,0.9794075664392655,0.015675599114009318,0.0049168344467252646
A6_boundary_0625,T0_standard,0.625,1.0,1.0,1155,0,0,1,0.9638779351489765,0.17756234210410168,0.9386864009389002,21.0,21,0.5006571904761904,0.9638779351489765,0.025191534210076277,0.01093053064094718
A6_boundary_0625,T0_standard,0.625,1.0,1.0,1156,0,0,1,0.9849397638601632,0.0848417274968284,0.9723412764310507,12.389140271493213,13,0.6207592307692308,0.9849397638601632,0.012598487429112497,0.0024617487107241485
A6_boundary_0625,T0_standard,0.625,1.0,1.0,1158,0,0,1,0.9643444900933754,0.17776709946097785,0.9426856055562997,12.0,12,0.29291475,0.9643444900933754,0.013996625369548774,0.021658884537075783
A6_boundary_0625,T0_standard,0.625,1.0,1.0,1162,0,0,1,0.854295537409424,0.48918703765021687,0.7385287598868256,35.033112582781456,37,0.8083777027027027,0.854295537409424,0.11576677752259834,0.029937685067977747
A6_boundary_0625,T0_standard,0.625,1.0,1.0,1165,1,2,0,0.7288697605009865,0.6916454746525934,0.4943190648177719,2.0,2,0.3346215,0.036579543815798796,0.23455069568321466,0.7288697605009865
A6_boundary_0625,T0_standard,0.625,1.0,1.0,1166,1,1,1,0.9966250137046294,0.024735015112826504,0.9943885111794852,20.851761846901578,22,0.7661115000000002,0.0011384837702264324,0.9966250137046294,0.0022365025251442163
A6_boundary_0625,T0_standard,0.625,1.0,1.0,1177,1,1,1,0.9009964939581915,0.3380975148277396,0.8055153400209106,14.341463414634147,15,0.3929898,0.003522352104527784,0.9009964939581915,0.09548115393728084
A6_boundary_0625,T0_standard,0.625,1.0,1.0,1186,1,1,1,0.8817710405531272,0.3957542468908688,0.7727619083760665,10.541076487252125,11,0.519302,0.009219827269812183,0.8817710405531272,0.10900913217706061
A6_boundary_0625,T0_standard,0.625,1.0,1.0,1189,1,1,1,0.963563735472768,0.18134853581974783,0.942805674290457,4.0,4,0.48300425,0.015678203344921027,0.963563735472768,0.02075806118231098
A6_boundary_0625,T0_standard,0.625,1.0,1.0,1190,1,1,1,0.995375855651212,0.032137527852001926,0.9919661605647863,13.495327102803738,14,0.5306829285714285,0.0012144492623622247,0.995375855651212,0.0034096950864257024
A6_boundary_0625,T0_standard,0.625,1.0,1.0,1205,1,1,1,0.9394537509578699,0.23680086264145783,0.8807743881897457,2.0,2,0.2023435,0.0018668862740059695,0.9394537509578699,0.05867936276812417
A6_boundary_0625,T0_standard,0.625,1.0,1.0,1216,1,1,1,0.528408079630415,0.8779412953043324,0.12035266856799637,3.0,3,0.25369933333333333,0.06353650930716633,0.528408079630415,0.40805541106241866
A6_boundary_0625,T0_standard,0.625,1.0,1.0,1221,1,1,1,0.9754530262866226,0.1282811431256124,0.9563893765072681,5.0,5,0.3209068,0.0054833239340229935,0.9754530262866226,0.019063649779354513
A6_boundary_0625,T0_standard,0.625,1.0,1.0,1225,1,1,1,0.997157799739572,0.02145835381241175,0.9955948166590651,6.0,6,0.2796791666666667,0.0012792171799212314,0.997157799739572,0.0015629830805068258
A6_boundary_0625,T0_standard,0.625,1.0,1.0,1239,1,1,1,0.9620327123617928,0.18695151869737564,0.9391783763643986,20.101321585903083,21,0.5608050476190476,0.015112951640813084,0.9620327123617928,0.02285433599739418
A6_boundary_0625,T0_standard,0.625,1.0,1.0,1241,1,1,1,0.925629952542389,0.29793298783243327,0.8634240006423015,13.495327102803738,14,0.5738868571428571,0.012164095557523506,0.925629952542389,0.062205951900087486
A6_boundary_0625,T0_standard,0.625,1.0,1.0,1247,1,1,1,0.9936546398013413,0.042208550715415974,0.9890999748442882,8.727272727272727,9,0.5222551111111111,0.001790695241605578,0.9936546398013413,0.004554664957053077
A6_boundary_0625,T0_standard,0.625,1.0,1.0,1248,1,1,1,0.9963111888161322,0.02610654975899104,0.9932991806884788,16.30258302583026,17,0.5862612352941177,0.000676803056214246,0.9963111888161322,0.003012008127653416
A6_boundary_0625,T0_standard,0.625,1.0,1.0,1249,1,1,1,0.9923924120192144,0.04715779120387434,0.9855417961098336,14.341463414634147,15,0.5889769333333332,0.000756972071404754,0.9923924120192144,0.006850615909380791
A6_boundary_0625,T0_standard,0.625,1.0,1.0,1258,1,1,1,0.995823639250982,0.029583067609592582,0.9928824944072784,21.81132075471698,23,0.8148903913043478,0.0012352159053142537,0.995823639250982,0.002941144843703615
A6_boundary_0625,T0_standard,0.625,1.0,1.0,1260,1,2,0,0.5907446528187023,0.7633749836603054,0.20386645737347814,4.0,4,0.1244055,0.022377151736073603,0.3868781954452241,0.5907446528187023
A6_boundary_0625,T0_standard,0.625,1.0,1.0,1263,1,1,1,0.996316583930405,0.026844236468119134,0.9942518003616406,18.970027247956402,20,0.6936217,0.0016186325008307328,0.996316583930405,0.0020647835687643465
A6_boundary_0625,T0_standard,0.625,1.0,1.0,1269,1,1,1,0.9955127114136996,0.03140854745743507,0.9922925540813416,22.834532374100718,24,0.6545587916666666,0.0012671312539426092,0.9955127114136996,0.003220157332357939
A6_boundary_0625,T0_standard,0.625,1.0,1.0,1273,2,2,1,0.9113579727338657,0.35898891367951563,0.8580433458649303,44.514066496163686,47,0.8696693617021276,0.03532740039719893,0.05331462686893545,0.9113579727338657
A6_boundary_0625,T0_standard,0.625,1.0,1.0,1278,2,2,1,0.9402619500253897,0.2427205459852031,0.8852300086689127,7.0,7,0.33624099999999996,0.004706108618133191,0.055031941356477,0.9402619500253897
A6_boundary_0625,T0_standard,0.625,1.0,1.0,1279,2,2,1,0.9678203149188195,0.16420570361608522,0.949399997770444,65.69410664172123,69,1.2520341594202895,0.018420317148375463,0.013759367932804982,0.9678203149188195
A6_boundary_0625,T0_standard,0.625,1.0,1.0,1280,2,2,1,0.968292642159535,0.1622908478725448,0.9502081823809824,53.107610276296654,56,0.6436827857142857,0.018084459778552688,0.013622898061912313,0.968292642159535
A6_boundary_0625,T0_standard,0.625,1.0,1.0,1282,2,2,1,0.986754452074235,0.07945774964419572,0.9791179116222765,13.0,13,0.35966600000000004,0.005609007473806513,0.00763654045195846,0.986754452074235
A6_boundary_0625,T0_standard,0.625,1.0,1.0,1283,2,2,1,0.967961466832106,0.15791628595995666,0.9424218989996554,25.57894736842105,27,0.8517917037037037,0.006498965335443273,0.025539567832450642,0.967961466832106
A6_boundary_0625,T0_standard,0.625,1.0,1.0,1284,2,2,1,0.9747223766019117,0.1319647800830684,0.9556098247911006,20.0,21,0.6391033333333332,0.006165071587277191,0.019112551810811146,0.9747223766019117
A6_boundary_0625,T0_standard,0.625,1.0,1.0,1286,2,2,1,0.9805500031644383,0.1069855566057925,0.9661083479880609,5.0,5,0.6293452,0.005008341659184249,0.01444165517637745,0.9805500031644383
A6_boundary_0625,T0_standard,0.625,1.0,1.0,1299,2,2,1,0.9402139353672958,0.26745716360751176,0.9070353622725476,26.509300265721876,28,0.8355607857142857,0.026607491537956038,0.03317857309474821,0.9402139353672958
A6_boundary_0625,T0_standard,0.625,1.0,1.0,1300,2,2,1,0.9191055176052167,0.3238230086999114,0.8562068419152353,48.331491712707184,51,1.0054089803921569,0.06289867568998148,0.01799580670480171,0.9191055176052167
A6_boundary_0625,T0_standard,0.625,1.0,1.0,1303,2,2,1,0.9756646262433188,0.12573168959395437,0.9555775850137519,23.672131147540984,25,0.7858332800000001,0.004248332527114155,0.020087041229566924,0.9756646262433188
A6_boundary_0625,T0_standard,0.625,1.0,1.0,1308,2,2,1,0.964746459587564,0.17630568775749575,0.9436569999456078,56.039697542533084,59,1.2064219830508476,0.021089459641956167,0.014164080770479712,0.964746459587564
A6_boundary_0625,T0_standard,0.625,1.0,1.0,1309,2,2,1,0.9866516302693243,0.07817712364906715,0.9764602721550267,10.0,10,0.3674935999999999,0.0031570116163779955,0.01019135811429759,0.9866516302693243
A6_boundary_0625,T0_standard,0.625,1.0,1.0,1313,2,2,1,0.9461596623006505,0.23110678627954084,0.8996560599012241,57.822315628582345,61,1.0759157540983606,0.007336735299922988,0.046503602399426455,0.9461596623006505
A6_boundary_0625,T0_standard,0.625,1.0,1.0,1321,2,2,1,0.951159717877764,0.21632241125405405,0.9099916187796644,42.74777448071217,45,1.0777292666666667,0.04116809909809962,0.007672183024136404,0.951159717877764
A6_boundary_0625,T0_standard,0.625,1.0,1.0,1327,2,2,1,0.9823774223883707,0.09823580976087112,0.9688882541753165,8.727272727272727,9,0.5182015555555555,0.004133409398575145,0.013489168213054134,0.9823774223883707
A6_boundary_0625,T0_standard,0.625,1.0,1.0,1333,2,2,1,0.9754388966346457,0.13159273523964848,0.9601858711673776,68.57142857142857,72,1.2515620555555556,0.009308077898086324,0.015253025467267986,0.9754388966346457
A6_boundary_0625,T0_standard,0.625,1.0,1.0,1339,2,2,1,0.9279161164253651,0.279179952785934,0.8616354019267836,20.973154362416107,22,0.6441087727272726,0.005803169076053363,0.06628071449858151,0.9279161164253651
A6_boundary_0625,T0_standard,0.625,1.0,1.0,1342,2,2,1,0.9791268512892869,0.11172172040571195,0.9623274909262624,54.05811138014528,57,1.0421935263157895,0.004073788347688494,0.016799360363024513,0.9791268512892869
A6_boundary_0625,T0_standard,0.625,1.0,1.0,1346,2,2,1,0.9740725507800763,0.13432976435961513,0.9541587319145329,7.0,7,0.4986592857142857,0.006013630354380425,0.019913818865543373,0.9740725507800763
A6_boundary_0625,T0_standard,0.625,1.0,1.0,1349,2,2,1,0.9800949302145263,0.10866946784007116,0.9649938411126789,5.0,5,0.4752704,0.004803980683626309,0.015101089101847424,0.9800949302145263
A6_boundary_0625,T0_standard,0.625,1.0,1.0,1350,2,2,1,0.9716115693447434,0.14838606252890485,0.9550817390027447,1.0,1,0.132911,0.011858600313257988,0.016529830341998612,0.9716115693447434
A6_boundary_0625,T0_standard,0.625,1.0,1.0,1351,2,2,1,0.937535521374844,0.2635786737382785,0.8866064406767179,24.869701726844585,26,1.5248225769230772,0.050929080698126114,0.011535397927029763,0.937535521374844
A6_boundary_0625,T0_standard,0.625,1.0,1.0,1356,2,2,1,0.9917016106335429,0.053679659625323804,0.9869110165761933,4.0,4,0.38987275,0.003507795309107503,0.004790594057349611,0.9917016106335429
A6_boundary_0625,T0_standard,0.625,1.0,1.0,1359,2,2,1,0.9612926075692979,0.18967341786537245,0.937622795579882,57.988099531193654,61,1.1845999180327869,0.023669811989415868,0.015037580441286181,0.9612926075692979
A3_boundary_025,T0_standard,0.25,1.0,1.0,12,0,0,1,0.981364502720627,0.10310354175230374,0.9673372638091379,10.0,10,0.4554644,0.981364502720627,0.014027238911489206,0.004608258367883709
A3_boundary_025,T0_standard,0.25,1.0,1.0,13,0,0,1,0.9862796386791012,0.07877068272920842,0.9749202825951593,7.714285714285714,12,0.46369266666666675,0.9862796386791012,0.011359356083941933,0.0023610052369568966
A3_boundary_025,T0_standard,0.25,1.0,1.0,15,0,0,1,0.9760312489299369,0.12950308236825983,0.9624348903738387,14.0,21,0.7021404761904763,0.9760312489299369,0.013596358556098215,0.010372392513964853
A3_boundary_025,T0_standard,0.25,1.0,1.0,16,0,0,1,0.9858046055608172,0.08080194105141612,0.9739213799306647,19.446927374301676,29,0.8733876206896551,0.9858046055608172,0.011883225630152372,0.0023121688090304965
A3_boundary_025,T0_standard,0.25,1.0,1.0,22,0,0,1,0.9848589948199049,0.08539423781378727,0.9723044546815063,10.0,10,0.3705015,0.9848589948199049,0.012554540138398615,0.002586465041696611
A3_boundary_025,T0_standard,0.25,1.0,1.0,23,0,0,1,0.9053534650581563,0.36415036471747486,0.8324353983675562,12.938461538461539,20,0.5421750500000001,0.9053534650581563,0.021728468251243624,0.07291806669060011
A3_boundary_025,T0_standard,0.25,1.0,1.0,28,0,0,1,0.8997907149719152,0.3847366834471222,0.8274029345989911,9.0,9,0.46474844444444446,0.8997907149719152,0.027821504655160638,0.0723877803729242
A3_boundary_025,T0_standard,0.25,1.0,1.0,33,0,0,1,0.984463233801882,0.08813003325904176,0.9722087091921252,8.0,8,0.401292125,0.984463233801882,0.01225452460975684,0.0032822415883610578
A3_boundary_025,T0_standard,0.25,1.0,1.0,35,0,0,1,0.9807219133517493,0.10341538270173348,0.9643646126464571,6.0,9,0.5700594444444445,0.9807219133517493,0.016357300705292198,0.0029207859429585857
A3_boundary_025,T0_standard,0.25,1.0,1.0,36,0,0,1,0.9828797117683019,0.09495649628774125,0.9690279703237165,11.571428571428571,18,0.6305999999999998,0.9828797117683019,0.01385174144458546,0.0032685467871126613
A3_boundary_025,T0_standard,0.25,1.0,1.0,40,0,0,1,0.9824746274399476,0.09538079410060839,0.9674239654944728,16.862595419847327,26,0.6631952692307693,0.9824746274399476,0.015050661945474804,0.002474710614577676
A3_boundary_025,T0_standard,0.25,1.0,1.0,44,0,0,1,0.9890461107111486,0.06477629045073141,0.9796258589908443,14.285714285714286,22,0.6243710909090908,0.9890461107111486,0.009420251720304203,0.0015336375685472412
A3_boundary_025,T0_standard,0.25,1.0,1.0,51,0,0,1,0.9864452936936188,0.07909353833525182,0.9760266841788123,12.559633027522937,19,0.7660634736842105,0.9864452936936188,0.01041860951480644,0.0031360967915747607
A3_boundary_025,T0_standard,0.25,1.0,1.0,52,0,0,1,0.9433221744020857,0.2527056508003739,0.9040773565753796,8.395348837209303,13,0.4411058461538462,0.9433221744020857,0.017433007771208275,0.03924481782670612
A3_boundary_025,T0_standard,0.25,1.0,1.0,57,0,0,1,0.9848860179990861,0.08681247692132076,0.9735092216949016,18.27027027027027,28,0.6690655000000001,0.9848860179990861,0.01137679630418456,0.0037371856967292156
A3_boundary_025,T0_standard,0.25,1.0,1.0,63,0,0,1,0.9527613513191964,0.2195561101978538,0.9201763408544322,19.69090909090909,30,0.7458895333333335,0.9527613513191964,0.01465363821603945,0.03258501046476419
A3_boundary_025,T0_standard,0.25,1.0,1.0,67,0,0,1,0.9658217699184151,0.17266320759937412,0.9484094855098084,13.127272727272727,20,0.7178675999999999,0.9658217699184151,0.016765945672978337,0.017412284408606597
A3_boundary_025,T0_standard,0.25,1.0,1.0,71,0,0,1,0.9874420291483269,0.07370560430640521,0.9773751839930421,23.446511627906975,35,0.7804486857142857,0.9874420291483269,0.01006684515528478,0.0024911256963883
A3_boundary_025,T0_standard,0.25,1.0,1.0,73,0,0,1,0.9685475202389645,0.16144809041794714,0.9515155211525528,15.473684210526315,24,0.5408927499999999,0.9685475202389645,0.014420480674623641,0.017031999086411776
A3_boundary_025,T0_standard,0.25,1.0,1.0,79,0,0,1,0.9683551399049373,0.16232452973034878,0.9519140724978677,8.0,8,0.419704125,0.9683551399049373,0.015203792687993146,0.01644106740706953
A3_boundary_025,T0_standard,0.25,1.0,1.0,81,0,0,1,0.9882127107407652,0.06945832700554283,0.9784437485080671,18.89887640449438,28,0.6805994285714284,0.9882127107407652,0.009768962232698105,0.0020183270265367154
A3_boundary_025,T0_standard,0.25,1.0,1.0,83,0,0,1,0.9853780788810044,0.08191857734492156,0.9726430118712904,10.0,10,0.44241660000000005,0.9853780788810044,0.012735067009713979,0.0018868541092816832
A3_boundary_025,T0_standard,0.25,1.0,1.0,87,0,0,1,0.9790303892966493,0.11115668487689152,0.9615059861356164,16.862595419847327,26,0.6640094999999999,0.9790303892966493,0.017524403161032896,0.003445207542317741
A3_boundary_025,T0_standard,0.25,1.0,1.0,98,0,0,1,0.9813057666030626,0.10393598929543148,0.9677812134417357,9.0,9,0.47165666666666667,0.9813057666030626,0.013524553161326811,0.0051696802356104785
A3_boundary_025,T0_standard,0.25,1.0,1.0,101,0,0,1,0.9804804644443053,0.10805854046149194,0.966783264074262,11.709677419354838,18,0.6716582222222223,0.9804804644443053,0.013697200370043348,0.0058223351856514
A3_boundary_025,T0_standard,0.25,1.0,1.0,107,0,0,1,0.8132128666396273,0.5814236999927211,0.6687001771729149,7.0,7,0.4162268571428571,0.8132128666396273,0.042274443893660175,0.14451268946671253
A3_boundary_025,T0_standard,0.25,1.0,1.0,108,0,0,1,0.9738255058480992,0.1392520763871528,0.95976458472053,6.0,6,0.4359216666666666,0.9738255058480992,0.014060921127569273,0.012113573024331433
A3_boundary_025,T0_standard,0.25,1.0,1.0,109,0,0,1,0.9203190243865457,0.3173409775019027,0.8562022960225057,9.8,15,0.5712982666666666,0.9203190243865457,0.015564247249414506,0.06411672836403991
A3_boundary_025,T0_standard,0.25,1.0,1.0,110,0,0,1,0.9742499782501707,0.1372582416926359,0.9596437756508036,4.0,4,0.45297975,0.9742499782501707,0.014606202599367091,0.011143819150462263
A3_boundary_025,T0_standard,0.25,1.0,1.0,111,0,0,1,0.9725206697408426,0.13660386526382512,0.9486762731484809,26.60431654676259,38,0.9744740526315788,0.9725206697408426,0.02384439659236173,0.0036349336667956785
A3_boundary_025,T0_standard,0.25,1.0,1.0,112,0,0,1,0.9307149785417105,0.28300410509941937,0.872978318857152,13.127272727272727,20,0.70145845,0.9307149785417105,0.01154836177373105,0.05773665968455843
A3_boundary_025,T0_standard,0.25,1.0,1.0,114,0,0,1,0.8998284584130275,0.378970757240733,0.8222791092489652,72.00112485939258,94,1.411514425531915,0.8998284584130275,0.02262219242291029,0.07754934916406227
A3_boundary_025,T0_standard,0.25,1.0,1.0,116,0,0,1,0.9772495025954071,0.1226416380334361,0.9615492984763675,12.297872340425531,19,0.6829561052631579,0.9772495025954071,0.015700204119039593,0.007050293285553224
A3_boundary_025,T0_standard,0.25,1.0,1.0,117,0,0,1,0.983034288269069,0.09439738921349902,0.9694079850943316,9.0,9,0.40776277777777775,0.983034288269069,0.013626303174737502,0.0033394085561934484
A3_boundary_025,T0_standard,0.25,1.0,1.0,119,0,0,1,0.9830515433696849,0.09599047551772275,0.9708786054446273,11.0,11,0.4399496363636363,0.9830515433696849,0.012172937925057603,0.004775518705257469
A3_boundary_025,T0_standard,0.25,1.0,1.0,125,0,0,1,0.9754183514334019,0.12613471084643532,0.9547434867864584,13.5,21,0.685138476190476,0.9754183514334019,0.02067486464694353,0.003906783919654394
A3_boundary_025,T0_standard,0.25,1.0,1.0,126,0,0,1,0.9862780590695184,0.07893118563189203,0.9750163819525904,12.25,19,0.5716424736842105,0.9862780590695184,0.011261677116927967,0.0024602638135537884
A3_boundary_025,T0_standard,0.25,1.0,1.0,135,0,0,1,0.9813194122065099,0.1035378773673436,0.9674710378729909,16.862595419847327,26,0.6855153846153844,0.9813194122065099,0.013848374333518938,0.004832213459971141
A3_boundary_025,T0_standard,0.25,1.0,1.0,136,0,0,1,0.9842486730854794,0.0892645094296299,0.9719290666537592,15.0,15,0.4488484666666667,0.9842486730854794,0.012319606431720182,0.0034317204828004533
A3_boundary_025,T0_standard,0.25,1.0,1.0,137,0,0,1,0.9854099780287856,0.08377606954375433,0.9739728279155779,14.285714285714286,22,0.7633684545454543,0.9854099780287856,0.011437150113207709,0.003152871858006617
A3_boundary_025,T0_standard,0.25,1.0,1.0,138,0,0,1,0.9700218641171378,0.1553949520844664,0.9541633020863906,7.048780487804878,11,0.5640930909090909,0.9700218641171378,0.014119573852114922,0.015858562030747255
A3_boundary_025,T0_standard,0.25,1.0,1.0,140,0,0,1,0.9783950831838907,0.11854321050130817,0.9649495835926226,16.0,16,0.4220644375,0.9783950831838907,0.013445499591268114,0.00815941722484118
A3_boundary_025,T0_standard,0.25,1.0,1.0,142,0,0,1,0.9840336476712852,0.09249596777982262,0.974130308567098,2.0,2,0.1290305,0.9840336476712852,0.00990333910418719,0.00606301322452765
A3_boundary_025,T0_standard,0.25,1.0,1.0,143,0,0,1,0.9847535033437836,0.08721759083842878,0.9730836039031366,7.714285714285714,12,0.5242633333333334,0.9847535033437836,0.011669899440646966,0.003576597215569374
A3_boundary_025,T0_standard,0.25,1.0,1.0,148,0,0,1,0.9257068865595354,0.3140738756198732,0.8799224347899242,15.363636363636363,24,0.647964,0.9257068865595354,0.028508661670853534,0.045784451769611254
A3_boundary_025,T0_standard,0.25,1.0,1.0,149,0,0,1,0.9856946877706217,0.0815407870031771,0.9738595054386141,3.857142857142857,6,0.37699533333333335,0.9856946877706217,0.011835182332007695,0.0024701298973705157
A3_boundary_025,T0_standard,0.25,1.0,1.0,150,0,0,1,0.9776784215963004,0.12115551325632103,0.9628057438568981,16.0,24,0.7517964166666666,0.9776784215963004,0.01487267773940231,0.007448900664297167
A3_boundary_025,T0_standard,0.25,1.0,1.0,161,0,0,1,0.9839702512594405,0.09001498268132757,0.9710308924383733,7.0,7,0.29993757142857147,0.9839702512594405,0.012939358821067256,0.0030903899194922196
A3_boundary_025,T0_standard,0.25,1.0,1.0,166,0,0,1,0.9871102405878855,0.07610611222556132,0.9774102851269932,5.260869565217392,8,0.523448625,0.9871102405878855,0.009699955460892347,0.0031898039512221698
A3_boundary_025,T0_standard,0.25,1.0,1.0,172,0,0,1,0.9806987045297901,0.10668780883622178,0.966734373000631,16.0,24,0.78042225,0.9806987045297901,0.013964331529159093,0.005336963941050782
A3_boundary_025,T0_standard,0.25,1.0,1.0,174,0,0,1,0.9856202550208615,0.08141680649981714,0.9734349110270883,8.395348837209303,13,0.49278453846153847,0.9856202550208615,0.01218534399377311,0.0021944009853654546
A3_boundary_025,T0_standard,0.25,1.0,1.0,176,0,0,1,0.9840564523417232,0.0901008251340686,0.971541354856647,10.0,10,0.5815139,0.9840564523417232,0.012515097485076182,0.00342845017320045
A3_boundary_025,T0_standard,0.25,1.0,1.0,181,0,0,1,0.9617436851211995,0.18810118011790136,0.9387696388301355,15.69767441860465,24,0.70607475,0.9617436851211995,0.015282268587736668,0.022974046291063963
A3_boundary_025,T0_standard,0.25,1.0,1.0,183,0,0,1,0.9747885864943818,0.12558399686529526,0.9519670538259111,16.862595419847327,26,0.6592863846153847,0.9747885864943818,0.022821532668470732,0.002389880837147465
A3_boundary_025,T0_standard,0.25,1.0,1.0,185,0,0,1,0.97929346970389,0.11314713142914637,0.9644843994368695,15.292993630573248,22,0.7109205454545454,0.97929346970389,0.014809070267020547,0.005897460029089454
A3_boundary_025,T0_standard,0.25,1.0,1.0,186,0,0,1,0.9332257041715525,0.28804641214960924,0.8891965882537046,11.709677419354838,18,0.5899305555555555,0.9332257041715525,0.02274517991059965,0.04402911591784781
A3_boundary_025,T0_standard,0.25,1.0,1.0,189,0,0,1,0.984427131969642,0.08905389244389132,0.9727730352381208,12.903225806451612,19,0.7392215263157894,0.984427131969642,0.01165409673152126,0.0039187712988366956
A3_boundary_025,T0_standard,0.25,1.0,1.0,190,0,0,1,0.9518686820660164,0.2263369951104582,0.9276545915527205,13.0,13,0.4378136923076923,0.9518686820660164,0.023917227420687664,0.02421409051329588
A3_boundary_025,T0_standard,0.25,1.0,1.0,191,0,0,1,0.983017572129773,0.09486419623711298,0.9696664616345121,8.0,8,0.35865175,0.983017572129773,0.013351110495260892,0.003631317374966053
A3_boundary_025,T0_standard,0.25,1.0,1.0,193,0,0,1,0.9627724637614264,0.1841532332383446,0.9406075627650097,12.25,19,0.6627145789473685,0.9627724637614264,0.015062635242156794,0.022164900996416784
A3_boundary_025,T0_standard,0.25,1.0,1.0,194,0,0,1,0.9802506826381802,0.10892509443579487,0.9661965525127615,4.0,4,0.36402175000000003,0.9802506826381802,0.014054130125418627,0.0056951872364012085
A3_boundary_025,T0_standard,0.25,1.0,1.0,202,0,0,1,0.9705250286415916,0.14459636033916826,0.9450390592590008,7.714285714285714,12,0.5620495,0.9705250286415916,0.02548596938259082,0.003989001975817637
A3_boundary_025,T0_standard,0.25,1.0,1.0,205,0,0,1,0.9571935251843504,0.2049355202841536,0.9301601038761071,8.0,8,0.411409875,0.9571935251843504,0.015773053507406307,0.027033421308243235
A3_boundary_025,T0_standard,0.25,1.0,1.0,214,0,0,1,0.9830861498783731,0.09118841480711444,0.9678265225581747,13.0,13,0.42564623076923075,0.9830861498783731,0.015259627320198345,0.001654222801428618
A3_boundary_025,T0_standard,0.25,1.0,1.0,216,0,0,1,0.9829902136942938,0.09468514041341743,0.9693909141518962,10.56043956043956,16,0.67221975,0.9829902136942938,0.013599299542397693,0.0034104867633084164
A3_boundary_025,T0_standard,0.25,1.0,1.0,229,0,0,1,0.9238935597883945,0.3122556894749284,0.8670919638077224,5.260869565217392,8,0.43293575000000006,0.9238935597883945,0.019304844230933434,0.05680159598067219
A3_boundary_025,T0_standard,0.25,1.0,1.0,232,0,0,1,0.7405691164526995,0.7155218250052267,0.5434831467291332,7.0,7,0.4263571428571429,0.7405691164526995,0.1970859697235663,0.062344913823734395
A3_boundary_025,T0_standard,0.25,1.0,1.0,234,0,0,1,0.9751957738046443,0.13008591076097173,0.9565462028676204,48.980132450331126,64,1.335183234375,0.9751957738046443,0.018649570937023897,0.006154655258331744
A3_boundary_025,T0_standard,0.25,1.0,1.0,235,0,0,1,0.9847588950829851,0.08657547954848516,0.9726090716345431,14.097560975609756,22,0.6667994090909091,0.9847588950829851,0.012149823448441956,0.0030912814685728636
A3_boundary_025,T0_standard,0.25,1.0,1.0,251,1,2,0,0.5306425667336742,0.7597311174251448,0.07689147025599646,4.0,4,0.446091,0.015606336788648152,0.4537510964776777,0.5306425667336742
A3_boundary_025,T0_standard,0.25,1.0,1.0,265,1,1,1,0.9942152729745634,0.03858448545033217,0.989673900681083,5.0,5,0.336413,0.00124335473195618,0.9942152729745634,0.00454137229348038
A3_boundary_025,T0_standard,0.25,1.0,1.0,267,1,1,1,0.8373767049146029,0.4698603254080329,0.6808086466380388,3.857142857142857,6,0.5574418333333333,0.0060552368088329575,0.8373767049146029,0.1565680582765642
A3_boundary_025,T0_standard,0.25,1.0,1.0,268,1,1,1,0.9969859978307899,0.022047208265874776,0.9946003865828006,6.0,6,0.31415733333333334,0.0006283909212207342,0.9969859978307899,0.002385611247989274
A3_boundary_025,T0_standard,0.25,1.0,1.0,284,1,1,1,0.9146880241128003,0.3038684302365525,0.8321739871415387,10.0,10,0.3636243,0.0027979389159383298,0.9146880241128003,0.0825140369712616
A3_boundary_025,T0_standard,0.25,1.0,1.0,285,1,1,1,0.9959584410705776,0.028006722323724753,0.9925181730533194,6.0,6,0.3586993333333333,0.0006012909121642202,0.9959584410705776,0.003440268017258243
A3_boundary_025,T0_standard,0.25,1.0,1.0,294,1,1,1,0.9456689083672006,0.22138084697043323,0.8938929959083727,6.4,10,0.48758270000000004,0.0025551791739713676,0.9456689083672006,0.051775912458828
A3_boundary_025,T0_standard,0.25,1.0,1.0,299,1,1,1,0.9553054383569287,0.1929608516254905,0.9133765411909867,7.538461538461538,11,0.46210636363636354,0.0027656644771292286,0.9553054383569287,0.04192889716594207
A3_boundary_025,T0_standard,0.25,1.0,1.0,304,1,1,1,0.9971525060464245,0.02143968536606447,0.9954198837475399,20.742857142857144,30,0.8912446,0.0011148716546909396,0.9971525060464245,0.0017326222988845869
A3_boundary_025,T0_standard,0.25,1.0,1.0,312,1,1,1,0.9075005600467743,0.31973424815678714,0.81748948337949,11.64516129032258,16,0.5348219375,0.09001107666728429,0.9075005600467743,0.0024883632859415087
A3_boundary_025,T0_standard,0.25,1.0,1.0,315,1,1,1,0.9537774495443171,0.20474705367413615,0.9133805902684946,7.048780487804878,11,0.557503090909091,0.005825691179860495,0.9537774495443171,0.040396859275822476
A3_boundary_025,T0_standard,0.25,1.0,1.0,326,1,1,1,0.9979423296818901,0.016075084239380397,0.9965438057457896,22.207048458149778,32,0.951023,0.0006591463820093625,0.9979423296818901,0.0013985239361005526
A3_boundary_025,T0_standard,0.25,1.0,1.0,327,1,1,1,0.989158567773304,0.06394529663676013,0.979686416333378,8.0,8,0.4168645,0.0013692807867699728,0.989158567773304,0.009472151439926014
A3_boundary_025,T0_standard,0.25,1.0,1.0,328,1,1,1,0.9762645115124264,0.11791291738250166,0.9540581400191023,16.55862068965517,25,0.80846332,0.0015291169942495079,0.9762645115124264,0.022206371493324124
A3_boundary_025,T0_standard,0.25,1.0,1.0,338,1,1,1,0.881105215265182,0.3803367485764716,0.7656626052242133,5.0,5,0.2643014,0.0034521746938490513,0.881105215265182,0.11544261004096884
A3_boundary_025,T0_standard,0.25,1.0,1.0,354,1,1,1,0.7687244526259823,0.5551692461682827,0.5400716779096807,8.966101694915254,14,0.6306156428571429,0.002622772657716164,0.7687244526259823,0.22865277471630163
A3_boundary_025,T0_standard,0.25,1.0,1.0,360,1,1,1,0.9795396934743313,0.11259150015457556,0.9655485025688751,7.450704225352113,11,0.733481909090909,0.006469115620212385,0.9795396934743313,0.013991190905456244
A3_boundary_025,T0_standard,0.25,1.0,1.0,368,1,1,1,0.9910335461984175,0.055252756129019524,0.9835717458970049,11.0,11,0.4856014545454544,0.0015046535001696864,0.9910335461984175,0.007461800301412606
A3_boundary_025,T0_standard,0.25,1.0,1.0,372,1,1,1,0.9319362862077156,0.29301623908077323,0.8882732651008974,8.344827586206897,13,0.5985235384615385,0.024400692685466137,0.9319362862077156,0.04366302110681823
A3_boundary_025,T0_standard,0.25,1.0,1.0,382,1,1,1,0.7958248259502627,0.5422162255813459,0.6003862511641344,11.130434782608695,17,0.6881702352941177,0.00873659926360896,0.7958248259502627,0.19543857478612836
A3_boundary_025,T0_standard,0.25,1.0,1.0,383,1,1,1,0.9931266644408753,0.0448495729360186,0.9878875841764411,11.571428571428571,18,0.7323625,0.0016342552946905869,0.9931266644408753,0.005239080264434206
A3_boundary_025,T0_standard,0.25,1.0,1.0,386,1,1,1,0.9859204873239056,0.07885113309717878,0.9733758785817352,12.164556962025317,19,0.6836167894736843,0.001534903933923987,0.9859204873239056,0.012544608742170303
A3_boundary_025,T0_standard,0.25,1.0,1.0,388,1,1,1,0.6817654060846223,0.6525745183562619,0.3688512690866675,7.0,7,0.5059952857142856,0.0053204569174227665,0.6817654060846223,0.31291413699795484
A3_boundary_025,T0_standard,0.25,1.0,1.0,391,1,1,1,0.9963905920355485,0.025781161232412142,0.9935568063529681,3.2,5,0.7289920000000001,0.0007756222818711149,0.9963905920355485,0.002833785682580423
A3_boundary_025,T0_standard,0.25,1.0,1.0,392,1,1,1,0.9968961071390271,0.022789300750996947,0.9945862041470597,4.0,4,0.34524900000000003,0.0007939898690054042,0.9968961071390271,0.00230990299196747
A3_boundary_025,T0_standard,0.25,1.0,1.0,400,1,1,1,0.5331542256979444,0.7761537272004676,0.08716302339157822,7.0,7,0.27122471428571426,0.020854571995689564,0.5331542256979444,0.44599120230636613
A3_boundary_025,T0_standard,0.25,1.0,1.0,401,1,1,1,0.9927629623136288,0.046661507673965305,0.9870940908180488,4.0,4,0.26874025,0.0015681661907911662,0.9927629623136288,0.005668871495580066
A3_boundary_025,T0_standard,0.25,1.0,1.0,403,1,1,1,0.9868553093162281,0.07604623088737947,0.9759810546139603,6.4,10,0.4908507000000001,0.002270435981504146,0.9868553093162281,0.010874254702267746
A3_boundary_025,T0_standard,0.25,1.0,1.0,415,1,1,1,0.9950844656420437,0.03371535088617497,0.9913274124168,6.0,9,0.4188528888888889,0.0011584811327127074,0.9950844656420437,0.0037570532252436985
A3_boundary_025,T0_standard,0.25,1.0,1.0,422,1,1,1,0.9213359175592677,0.2889573329007402,0.8458979402863266,6.76,10,0.3612445,0.003226105167791292,0.9213359175592677,0.07543797727294106
A3_boundary_025,T0_standard,0.25,1.0,1.0,425,1,1,1,0.9964426089101107,0.025386448135079866,0.9935938912127403,7.142857142857143,11,0.6197990909090909,0.0007086733925188612,0.9964426089101107,0.002848717697370428
A3_boundary_025,T0_standard,0.25,1.0,1.0,436,1,1,1,0.9574489318788539,0.18579395506409796,0.9175121686547058,9.0,9,0.41016244444444444,0.0026143048969979902,0.9574489318788539,0.03993676322414822
A3_boundary_025,T0_standard,0.25,1.0,1.0,455,1,1,1,0.9973853405800327,0.01987295304530981,0.9957205090537896,4.0,4,0.2685555,0.0009498278937241512,0.9973853405800327,0.0016648315262431095
A3_boundary_025,T0_standard,0.25,1.0,1.0,457,1,1,1,0.9974802496795392,0.01915949803458119,0.9957489063940211,18.89887640449438,28,0.8272295714285717,0.0007884070349427636,0.9974802496795392,0.0017313432855180408
A3_boundary_025,T0_standard,0.25,1.0,1.0,465,1,1,1,0.899258493686326,0.33873850062286726,0.8011045586822815,9.0,9,0.3576702222222222,0.002587571309629541,0.899258493686326,0.09815393500404458
A3_boundary_025,T0_standard,0.25,1.0,1.0,471,1,1,1,0.9848381219136314,0.08906843171495561,0.9772548187663997,5.0,5,0.5415559999999999,0.007578574939137009,0.9848381219136314,0.0075833031472316605
A3_boundary_025,T0_standard,0.25,1.0,1.0,481,1,1,1,0.5343138216450473,0.7201541064554013,0.07401115455141993,9.8,15,0.4130022666666665,0.0053835112613254575,0.5343138216450473,0.4603026670936273
A3_boundary_025,T0_standard,0.25,1.0,1.0,482,1,1,1,0.9966886348626769,0.024475820058500918,0.9947942925589072,7.0,7,0.45074285714285717,0.001417022833553427,0.9966886348626769,0.0018943423037697026
A3_boundary_025,T0_standard,0.25,1.0,1.0,487,1,1,1,0.9981570278387953,0.014694015287471317,0.9970731902613518,19.814432989690722,29,0.8860926896551725,0.0007591345837610453,0.9981570278387953,0.001083837577443549
A3_boundary_025,T0_standard,0.25,1.0,1.0,497,1,1,1,0.7307055995070528,0.6544277560791478,0.4816624998085234,9.0,9,0.46402088888888887,0.020251300794417636,0.7307055995070528,0.24904309969852945
A3_boundary_025,T0_standard,0.25,1.0,1.0,505,2,2,1,0.9108780779565633,0.32279486115734934,0.827874756235598,7.0,7,0.3739705714285714,0.006118600322471401,0.08300332172096528,0.9108780779565633
A3_boundary_025,T0_standard,0.25,1.0,1.0,513,2,2,1,0.979103759276394,0.11221412140428481,0.9625712163839921,49.499133448873486,67,1.1865429253731343,0.0043636978312040775,0.016532542892401914,0.979103759276394
A3_boundary_025,T0_standard,0.25,1.0,1.0,516,2,2,1,0.7108872040256933,0.6302984851950576,0.4277110457851979,13.0,13,0.32202353846153847,0.005936637733811497,0.28317615824049536,0.7108872040256933
A3_boundary_025,T0_standard,0.25,1.0,1.0,525,2,2,1,0.9876621598411689,0.07138169307127734,0.9769960371670238,3.0,3,0.26377733333333336,0.0016717174846858313,0.010666122674145118,0.9876621598411689
A3_boundary_025,T0_standard,0.25,1.0,1.0,538,2,2,1,0.9874483698857558,0.07502822402626011,0.9785908074027618,12.8,20,0.6192523000000001,0.0036940676312502,0.00885756248299397,0.9874483698857558
A3_boundary_025,T0_standard,0.25,1.0,1.0,541,2,2,1,0.9818306564297102,0.0986523860393961,0.9664715899368471,9.72,15,0.6523588666666666,0.0028102770774267607,0.015359066492863097,0.9818306564297102
A3_boundary_025,T0_standard,0.25,1.0,1.0,549,2,2,1,0.9586274430934633,0.20094314554976844,0.9373646836220462,20.491803278688526,32,0.65795975,0.020109797435119717,0.02126275947141705,0.9586274430934633
A3_boundary_025,T0_standard,0.25,1.0,1.0,551,2,2,1,0.9450612256312583,0.25071089152019577,0.9153829811241697,46.724550898203596,66,1.068993803030303,0.025260529861653152,0.029678244507088607,0.9450612256312583
A3_boundary_025,T0_standard,0.25,1.0,1.0,555,2,2,1,0.9449518279682794,0.2511548553757694,0.9156049834415817,46.724550898203596,66,1.068993803030303,0.025701327505022995,0.02934684452669767,0.9449518279682794
A3_boundary_025,T0_standard,0.25,1.0,1.0,557,2,2,1,0.9725336786651999,0.1393721389606416,0.950422626970187,10.0,10,0.3280324,0.005355269639787104,0.022111051695012936,0.9725336786651999
A3_boundary_025,T0_standard,0.25,1.0,1.0,558,2,2,1,0.9639149192373043,0.16697426408522392,0.9314144585145415,43.59655831739962,58,1.222802172413793,0.0035846200399329477,0.03250046072276279,0.9639149192373043
A3_boundary_025,T0_standard,0.25,1.0,1.0,561,2,2,1,0.9146003216332013,0.349204490450916,0.863278028571474,14.876106194690266,23,0.6614797826086957,0.05132229306172728,0.03407738530507142,0.9146003216332013
A3_boundary_025,T0_standard,0.25,1.0,1.0,564,2,2,1,0.9145157063698266,0.34268317340175786,0.8530001541984943,36.97389033942559,53,0.8910560566037735,0.023968741458840998,0.061515552171332345,0.9145157063698266
A3_boundary_025,T0_standard,0.25,1.0,1.0,565,2,2,1,0.9838853468139712,0.09203903369985762,0.9722595651009549,12.0,12,0.45422558333333335,0.004488871473012433,0.011625781713016302,0.9838853468139712
A3_boundary_025,T0_standard,0.25,1.0,1.0,567,2,2,1,0.9427616650140797,0.2563360468336567,0.9055199727507849,24.005347593582886,37,0.7751838378378378,0.019996642722625572,0.037241692263294796,0.9427616650140797
A3_boundary_025,T0_standard,0.25,1.0,1.0,569,2,2,1,0.9135937155220503,0.34959945188860436,0.8566662045260921,28.895522388059703,43,0.8109670232558138,0.0569275109959582,0.029478773481991426,0.9135937155220503
A3_boundary_025,T0_standard,0.25,1.0,1.0,573,2,2,1,0.9871493208778251,0.07677507530174396,0.9784044457934689,8.0,8,0.494462875,0.004105804037818635,0.00874487508435625,0.9871493208778251
A3_boundary_025,T0_standard,0.25,1.0,1.0,574,2,2,1,0.9235410217893382,0.2984892634639005,0.8564591118681959,15.114285714285714,20,0.53040425,0.009377068289519577,0.0670819099211423,0.9235410217893382
A3_boundary_025,T0_standard,0.25,1.0,1.0,581,2,2,1,0.958978421114284,0.18085233800474534,0.9205519816492203,8.966101694915254,14,0.6483881428571427,0.002595139420652184,0.038426439465063765,0.958978421114284
A3_boundary_025,T0_standard,0.25,1.0,1.0,585,2,2,1,0.9827060182972779,0.09752684006519252,0.9702124782499204,8.395348837209303,13,0.5086920769230769,0.004800441655364492,0.012493540047357511,0.9827060182972779
A3_boundary_025,T0_standard,0.25,1.0,1.0,586,2,2,1,0.9456275406816066,0.23263650454884066,0.8985540311677652,6.0,6,0.38316100000000003,0.007298949804552081,0.047073509513841365,0.9456275406816066
A3_boundary_025,T0_standard,0.25,1.0,1.0,589,2,2,1,0.9851894558162492,0.08671997783291444,0.9756323333439597,8.0,8,0.28330900000000003,0.005253421711461369,0.009557122472289454,0.9851894558162492
A3_boundary_025,T0_standard,0.25,1.0,1.0,590,2,2,1,0.9532352068839048,0.21049900062402005,0.9146130959480745,8.0,8,0.424510375,0.008142682180264761,0.038622110935830394,0.9532352068839048
A3_boundary_025,T0_standard,0.25,1.0,1.0,600,2,2,1,0.97749818044123,0.11647233831269732,0.9580042126488457,3.0,3,0.27039266666666667,0.003007851766385706,0.019493967792384364,0.97749818044123
A3_boundary_025,T0_standard,0.25,1.0,1.0,607,2,2,1,0.7817154068363392,0.67123732804288,0.649782444509507,7.0,7,0.47682385714285713,0.13193296232683227,0.08635163083682855,0.7817154068363392
A3_boundary_025,T0_standard,0.25,1.0,1.0,614,2,2,1,0.9779759463805273,0.11936317878532339,0.9626720566114074,22.4,35,0.6614222,0.0067201638503528085,0.015303889769119904,0.9779759463805273
A3_boundary_025,T0_standard,0.25,1.0,1.0,618,2,2,1,0.9755727716324243,0.12720862034560199,0.9561649959816212,57.3944530046225,79,1.0714351392405066,0.005019452716772727,0.01940777565080305,0.9755727716324243
A3_boundary_025,T0_standard,0.25,1.0,1.0,621,2,2,1,0.9440755175148626,0.2503129901498909,0.9055969777774988,55.38139534883721,75,1.0566839733333333,0.03847853973736386,0.017445942747773543,0.9440755175148626
A3_boundary_025,T0_standard,0.25,1.0,1.0,625,2,2,1,0.9635283502104798,0.18126296426062066,0.9420455397318279,5.0,5,0.28745499999999996,0.014988839310868309,0.021482810478651884,0.9635283502104798
A3_boundary_025,T0_standard,0.25,1.0,1.0,627,2,2,1,0.9164701386559361,0.3440307360134278,0.8677171948736812,46.34265734265734,69,0.7889472463768116,0.04875294378225497,0.03477691756180897,0.9164701386559361
A3_boundary_025,T0_standard,0.25,1.0,1.0,628,2,2,1,0.9815323100632256,0.10467956296227685,0.9711814923667068,9.96551724137931,14,0.5260488571428572,0.00811687224025564,0.010350817696518754,0.9815323100632256
A3_boundary_025,T0_standard,0.25,1.0,1.0,629,2,2,1,0.9370456463913258,0.2666165607438279,0.8867499441397422,43.795121951219514,65,0.809190323076923,0.05029570225158362,0.012658651357090427,0.9370456463913258
A3_boundary_025,T0_standard,0.25,1.0,1.0,634,2,2,1,0.9845240864615883,0.09000190854904137,0.9746602954694084,10.245901639344263,16,0.6306679375,0.005612122546231816,0.00986379099217996,0.9845240864615883
A3_boundary_025,T0_standard,0.25,1.0,1.0,635,2,2,1,0.9857311289963742,0.08305624931709807,0.9752445151749295,6.4,10,0.5280875,0.0037822571821811146,0.010486613821444713,0.9857311289963742
A3_boundary_025,T0_standard,0.25,1.0,1.0,641,2,2,1,0.9436278416040557,0.24913287876888296,0.9018761569400879,8.0,8,0.39205275,0.04175168466396774,0.014620473731976582,0.9436278416040557
A3_boundary_025,T0_standard,0.25,1.0,1.0,645,2,2,1,0.9790255760081775,0.11276879974383294,0.9625946990688145,17.818181818181817,26,0.8725405,0.004543547052459434,0.01643087693936302,0.9790255760081775
A3_boundary_025,T0_standard,0.25,1.0,1.0,648,2,2,1,0.984967341917429,0.0865831060192663,0.973795183502704,50.69832402234637,72,1.0457252083333333,0.003860499667846082,0.011172158414724999,0.984967341917429
A3_boundary_025,T0_standard,0.25,1.0,1.0,657,2,2,1,0.9864161346725799,0.07976422644996495,0.9764548774940045,11.0,11,0.4163523636363637,0.0036226081488447102,0.009961257178575426,0.9864161346725799
A3_boundary_025,T0_standard,0.25,1.0,1.0,662,2,2,1,0.9849294653562063,0.08617701698013949,0.9732211851582192,9.8,15,0.5766958,0.0033622544458066224,0.011708280197987128,0.9849294653562063
A3_boundary_025,T0_standard,0.25,1.0,1.0,674,2,2,1,0.9752996986869751,0.12568474510489805,0.9539890107103813,12.0,12,0.4328041666666667,0.0033896133364312137,0.021310687976593704,0.9752996986869751
A3_boundary_025,T0_standard,0.25,1.0,1.0,680,2,2,1,0.9752437904141648,0.1265617281035429,0.9542499843202067,13.444444444444445,21,0.5819468095238095,0.0037624034918770865,0.020993806093958105,0.9752437904141648
A3_boundary_025,T0_standard,0.25,1.0,1.0,682,2,2,1,0.9722294247606003,0.13402948303172138,0.9464341493190607,1.0,1,0.099984,0.0019752997978601597,0.025795275441539568,0.9722294247606003
A3_boundary_025,T0_standard,0.25,1.0,1.0,687,2,2,1,0.9829332486785193,0.09320962525066587,0.9682042124068913,5.260869565217392,8,0.4055995,0.0023377150498527077,0.014729036271628075,0.9829332486785193
A3_boundary_025,T0_standard,0.25,1.0,1.0,688,2,2,1,0.9782311575300325,0.11993045501537672,0.9671360403777755,52.40845070422535,69,1.2520341594202895,0.010673725317710402,0.011095117152257097,0.9782311575300325
A3_boundary_025,T0_standard,0.25,1.0,1.0,692,2,2,1,0.9740569927435621,0.13376569976326233,0.9536292275235473,57.3944530046225,79,1.0714351392405066,0.0055152420364232,0.020427765220014802,0.9740569927435621
A3_boundary_025,T0_standard,0.25,1.0,1.0,695,2,2,1,0.9883419366996122,0.06999971252097939,0.9795580093134141,7.048780487804878,11,0.5583097272727273,0.0028741359141895976,0.008783927386198119,0.9883419366996122
A3_boundary_025,T0_standard,0.25,1.0,1.0,706,2,2,1,0.9122585139845308,0.3151669954871914,0.8290640443756718,4.0,4,0.274131,0.004547016406610194,0.08319446960885901,0.9122585139845308
A3_boundary_025,T0_standard,0.25,1.0,1.0,707,2,2,1,0.9549129838456726,0.2095056017065489,0.9214357994969682,44.11764705882353,60,1.10599235,0.03347718434870435,0.011609831805623225,0.9549129838456726
A3_boundary_025,T0_standard,0.25,1.0,1.0,1068,0,0,1,0.9750924012066382,0.13110861903695675,0.9569228265607654,7.048780487804878,11,0.46691427272727276,0.9750924012066382,0.01816957464587277,0.006738024147489083
A3_boundary_025,T0_standard,0.25,1.0,1.0,1074,0,0,1,0.9809686217737101,0.10654298445757185,0.9685598817838963,16.55862068965517,25,0.77164884,0.9809686217737101,0.012408739989813875,0.006622638236476013
A3_boundary_025,T0_standard,0.25,1.0,1.0,1078,0,0,1,0.9307262984005992,0.2985199526875209,0.8895212799703417,9.0,9,0.4112078888888889,0.9307262984005992,0.028068683169143297,0.04120501843025748
A3_boundary_025,T0_standard,0.25,1.0,1.0,1083,0,0,1,0.9821468882508959,0.0972932518743796,0.9670796866665472,5.0,5,0.31577520000000003,0.9821468882508959,0.015067201584348702,0.002785910164755472
A3_boundary_025,T0_standard,0.25,1.0,1.0,1089,0,0,1,0.9875855162803416,0.07142823014553328,0.9766860481749943,12.25,19,0.5798857368421053,0.9875855162803416,0.010899468105347395,0.0015150156143109534
A3_boundary_025,T0_standard,0.25,1.0,1.0,1092,0,0,1,0.9781836078894927,0.11623905626513341,0.9609486339452921,5.0,5,0.4888422,0.9781836078894927,0.017234973944200618,0.0045814181663066875
A3_boundary_025,T0_standard,0.25,1.0,1.0,1096,0,0,1,0.9521220793246249,0.22415597193663067,0.9227382439524139,8.344827586206897,13,0.6659333846153845,0.9521220793246249,0.01849408530316404,0.029383835372211054
A3_boundary_025,T0_standard,0.25,1.0,1.0,1097,0,0,1,0.9826456764654513,0.09432853412453081,0.9675829696566626,4.545454545454546,7,0.4249707142857143,0.9826456764654513,0.015062706808788708,0.002291616725760025
A3_boundary_025,T0_standard,0.25,1.0,1.0,1100,0,0,1,0.9761796828026289,0.12401067489404867,0.9567981338399583,12.297872340425531,19,0.6168118947368422,0.9761796828026289,0.01938154896267068,0.004438768234700422
A3_boundary_025,T0_standard,0.25,1.0,1.0,1105,0,0,1,0.9839336353633326,0.0899347710985985,0.9707950031232719,14.361702127659575,21,0.7333708095238094,0.9839336353633326,0.013138632240060597,0.0029277323966068526
A3_boundary_025,T0_standard,0.25,1.0,1.0,1111,0,0,1,0.9663412185014346,0.1694260452565141,0.9451501363322803,15.125,23,0.7248498695652174,0.9663412185014346,0.02119108216915431,0.012467699329411153
A3_boundary_025,T0_standard,0.25,1.0,1.0,1112,0,0,1,0.9597874296879227,0.19574116397964175,0.9358069637570169,12.25,19,0.6731560526315788,0.9597874296879227,0.023980465930905807,0.01623210438117144
A3_boundary_025,T0_standard,0.25,1.0,1.0,1113,0,0,1,0.9746339405362562,0.13578748175722755,0.9612377162070603,13.5,21,0.6701863809523808,0.9746339405362562,0.013396224329195846,0.011969835134548024
A3_boundary_025,T0_standard,0.25,1.0,1.0,1118,0,0,1,0.9836973573560103,0.09201782276300748,0.9711019680988874,17.123287671232877,26,0.7382225000000001,0.9836973573560103,0.012595389257122842,0.0037072533868669462
A3_boundary_025,T0_standard,0.25,1.0,1.0,1119,0,0,1,0.9700160366849556,0.15531143256702662,0.953484952027221,19.69090909090909,30,0.6934033666666666,0.9700160366849556,0.01653108465773459,0.013452878657309835
A3_boundary_025,T0_standard,0.25,1.0,1.0,1120,0,0,1,0.9879798715373196,0.0706444702277099,0.978050244063695,17.454545454545453,27,0.8011209259259259,0.9879798715373196,0.00992962747362457,0.002090500989055761
A3_boundary_025,T0_standard,0.25,1.0,1.0,1124,0,0,1,0.9869918113901519,0.07513447849479535,0.9760698275978835,10.0,10,0.4216774,0.9869918113901519,0.010921983792268336,0.002086204817579734
A3_boundary_025,T0_standard,0.25,1.0,1.0,1130,0,0,1,0.9850105311733707,0.08620428520337946,0.9737113794744575,16.276923076923076,25,0.71656104,0.9850105311733707,0.011299151698913174,0.0036903171277163065
A3_boundary_025,T0_standard,0.25,1.0,1.0,1135,0,0,1,0.9833513135892193,0.09251755047771716,0.9696840679217777,6.0,9,0.5254421111111112,0.9833513135892193,0.013667245667441558,0.0029814407433390467
A3_boundary_025,T0_standard,0.25,1.0,1.0,1137,0,0,1,0.9809168622701216,0.10690999973080623,0.9686891892440664,10.31578947368421,16,0.6085711874999999,0.9809168622701216,0.012227673026055194,0.006855464703823244
A3_boundary_025,T0_standard,0.25,1.0,1.0,1138,0,0,1,0.9773312362937041,0.11232201250354987,0.955653453337399,17.4472049689441,26,0.8721031923076923,0.9773312362937041,0.02167778295630504,0.0009909807499908947
A3_boundary_025,T0_standard,0.25,1.0,1.0,1146,0,0,1,0.9855341018964674,0.0821590190417803,0.9734813645996778,9.135135135135135,14,0.7073084285714287,0.9855341018964674,0.012052737296789583,0.002413160806743108
A3_boundary_025,T0_standard,0.25,1.0,1.0,1148,0,0,1,0.9762367975413077,0.12714887103640904,0.9599583654067763,10.922077922077921,17,0.6329464117647058,0.9762367975413077,0.016278432134531413,0.00748477032416106
A3_boundary_025,T0_standard,0.25,1.0,1.0,1150,0,0,1,0.9840429913891218,0.08781725516128353,0.970054141578534,7.538461538461538,11,0.43154409090909096,0.9840429913891218,0.013988849810587844,0.0019681588002904335
A3_boundary_025,T0_standard,0.25,1.0,1.0,1151,0,0,1,0.9784576021150101,0.11580646655749352,0.962044143823225,9.6,15,0.5302294000000001,0.9784576021150101,0.016413458291785126,0.005128939593204832
A3_boundary_025,T0_standard,0.25,1.0,1.0,1154,0,0,1,0.9807692211923298,0.105154642206407,0.9657626112282378,12.0,18,0.6704702777777779,0.9807692211923298,0.01500660996409193,0.0042241688435782675
A3_boundary_025,T0_standard,0.25,1.0,1.0,1155,0,0,1,0.9638779351489765,0.17756234210410168,0.9386864009389002,21.0,21,0.5006571904761904,0.9638779351489765,0.025191534210076277,0.01093053064094718
A3_boundary_025,T0_standard,0.25,1.0,1.0,1156,0,0,1,0.9861573515656381,0.07889090097951709,0.9744180518285239,8.344827586206897,13,0.6207592307692308,0.9861573515656381,0.011739299737114158,0.0021033486972476425
A3_boundary_025,T0_standard,0.25,1.0,1.0,1158,0,0,1,0.9643444900933754,0.17776709946097785,0.9426856055562997,12.0,12,0.29291475,0.9643444900933754,0.013996625369548774,0.021658884537075783
A3_boundary_025,T0_standard,0.25,1.0,1.0,1162,0,0,1,0.8739227500496889,0.4390195981434596,0.7710226337378199,25.66412213740458,37,0.8083777027027027,0.8739227500496889,0.10290011631186906,0.023177133638441927
A3_boundary_025,T0_standard,0.25,1.0,1.0,1165,1,2,0,0.7288697605009865,0.6916454746525934,0.4943190648177719,2.0,2,0.3346215,0.036579543815798796,0.23455069568321466,0.7288697605009865
A3_boundary_025,T0_standard,0.25,1.0,1.0,1166,1,1,1,0.9975065812783271,0.01904641073662595,0.9958793688757192,14.559055118110237,22,0.7661115000000002,0.0008662063190646809,0.9975065812783271,0.0016272124026080381
A3_boundary_025,T0_standard,0.25,1.0,1.0,1177,1,1,1,0.9277574592540423,0.27185454014867744,0.8585060051415995,9.6,15,0.3929898,0.0029910866335148543,0.9277574592540423,0.06925145411244281
A3_boundary_025,T0_standard,0.25,1.0,1.0,1186,1,1,1,0.9115613959942136,0.3236914415888845,0.8302500084386251,7.048780487804878,11,0.519302,0.007127216450197833,0.9115613959942136,0.08131138755558855
A3_boundary_025,T0_standard,0.25,1.0,1.0,1189,1,1,1,0.963563735472768,0.18134853581974783,0.942805674290457,4.0,4,0.48300425,0.015678203344921027,0.963563735472768,0.02075806118231098
A3_boundary_025,T0_standard,0.25,1.0,1.0,1190,1,1,1,0.9958864452431466,0.029161324773622526,0.9929455197456024,9.090909090909092,14,0.5306829285714285,0.001172629259309048,0.9958864452431466,0.0029409254975442576
A3_boundary_025,T0_standard,0.25,1.0,1.0,1205,1,1,1,0.9394537509578699,0.23680086264145783,0.8807743881897457,2.0,2,0.2023435,0.0018668862740059695,0.9394537509578699,0.05867936276812417
A3_boundary_025,T0_standard,0.25,1.0,1.0,1216,1,1,1,0.528408079630415,0.8779412953043324,0.12035266856799637,3.0,3,0.25369933333333333,0.06353650930716633,0.528408079630415,0.40805541106241866
A3_boundary_025,T0_standard,0.25,1.0,1.0,1221,1,1,1,0.9754530262866226,0.1282811431256124,0.9563893765072681,5.0,5,0.3209068,0.0054833239340229935,0.9754530262866226,0.019063649779354513
A3_boundary_025,T0_standard,0.25,1.0,1.0,1225,1,1,1,0.997157799739572,0.02145835381241175,0.9955948166590651,6.0,6,0.2796791666666667,0.0012792171799212314,0.997157799739572,0.0015629830805068258
A3_boundary_025,T0_standard,0.25,1.0,1.0,1239,1,1,1,0.9703085319364501,0.15347525456990613,0.9520892525214704,13.444444444444445,21,0.5608050476190476,0.011472188648570395,0.9703085319364501,0.018219279414979687
A3_boundary_025,T0_standard,0.25,1.0,1.0,1241,1,1,1,0.9397553389321407,0.25428669469877424,0.8892458986140311,9.090909090909092,14,0.5738868571428571,0.009735220749749765,0.9397553389321407,0.050509440318109555
A3_boundary_025,T0_standard,0.25,1.0,1.0,1247,1,1,1,0.9946948158180943,0.03627324583313641,0.9909207893251961,6.0,9,0.5222551111111111,0.0015311576890076149,0.9946948158180943,0.0037740264928981314
A3_boundary_025,T0_standard,0.25,1.0,1.0,1248,1,1,1,0.9968756488555911,0.0227007681840664,0.9943725425223455,10.903225806451612,17,0.5862612352941177,0.0006212448111633485,0.9968756488555911,0.0025031063332455433
A3_boundary_025,T0_standard,0.25,1.0,1.0,1249,1,1,1,0.9909434908711112,0.0543479004708879,0.98269702285263,9.6,15,0.5889769333333332,0.000810041110407693,0.9909434908711112,0.00824646801848114
A3_boundary_025,T0_standard,0.25,1.0,1.0,1258,1,1,1,0.9962537241748523,0.02703900898739852,0.9937346592694175,15.125,23,0.8148903913043478,0.0012272109197130631,0.9962537241748523,0.002519064905434696
A3_boundary_025,T0_standard,0.25,1.0,1.0,1260,1,2,0,0.5907446528187023,0.7633749836603054,0.20386645737347814,4.0,4,0.1244055,0.022377151736073603,0.3868781954452241,0.5907446528187023
A3_boundary_025,T0_standard,0.25,1.0,1.0,1263,1,1,1,0.9965977746094971,0.02505245676633577,0.9946423168479614,13.127272727272727,20,0.6936217,0.001446767628967428,0.9965977746094971,0.0019554577615355723
A3_boundary_025,T0_standard,0.25,1.0,1.0,1269,1,1,1,0.9965410403003475,0.025201693146282955,0.9941620177946145,15.473684210526315,24,0.6545587916666666,0.0010799371939194113,0.9965410403003475,0.0023790225057330173
A3_boundary_025,T0_standard,0.25,1.0,1.0,1273,2,2,1,0.9318355726936401,0.29356084466587745,0.8884859589183861,32.99423631123919,47,0.8696693617021276,0.024814813531105696,0.04334961377525405,0.9318355726936401
A3_boundary_025,T0_standard,0.25,1.0,1.0,1278,2,2,1,0.9402619500253897,0.2427205459852031,0.8852300086689127,7.0,7,0.33624099999999996,0.004706108618133191,0.055031941356477,0.9402619500253897
A3_boundary_025,T0_standard,0.25,1.0,1.0,1279,2,2,1,0.9777832684415663,0.1219445918897627,0.9666505535275431,52.40845070422535,69,1.2520341594202895,0.011084016644410723,0.011132714914023087,0.9777832684415663
A3_boundary_025,T0_standard,0.25,1.0,1.0,1280,2,2,1,0.9760005643459647,0.12984159556491998,0.9635916404333724,36.81350482315113,56,0.6436827857142857,0.012408923912592344,0.011590511741442934,0.9760005643459647
A3_boundary_025,T0_standard,0.25,1.0,1.0,1282,2,2,1,0.986754452074235,0.07945774964419572,0.9791179116222765,13.0,13,0.35966600000000004,0.005609007473806513,0.00763654045195846,0.986754452074235
A3_boundary_025,T0_standard,0.25,1.0,1.0,1283,2,2,1,0.9720975370206473,0.14130738950714494,0.9497549504079373,18.0,27,0.8517917037037037,0.005559876366642881,0.022342586612709926,0.9720975370206473
A3_boundary_025,T0_standard,0.25,1.0,1.0,1284,2,2,1,0.9772208989031576,0.12146340610891887,0.9601253918486524,13.5,21,0.6391033333333332,0.005683594042337351,0.01709550705450517,0.9772208989031576
A3_boundary_025,T0_standard,0.25,1.0,1.0,1286,2,2,1,0.9805500031644383,0.1069855566057925,0.9661083479880609,5.0,5,0.6293452,0.005008341659184249,0.01444165517637745,0.9805500031644383
A3_boundary_025,T0_standard,0.25,1.0,1.0,1299,2,2,1,0.9563772082061414,0.20836731830643054,0.9295558301529132,19.27979274611399,28,0.8355607857142857,0.0168014137406306,0.026821378053228127,0.9563772082061414
A3_boundary_025,T0_standard,0.25,1.0,1.0,1300,2,2,1,0.9497046102741893,0.22949737134756962,0.9138045603753671,36.36363636363637,51,1.0054089803921569,0.03590004989882219,0.014395339826988476,0.9497046102741893
A3_boundary_025,T0_standard,0.25,1.0,1.0,1303,2,2,1,0.9804586123138814,0.10602574193912248,0.9648242859240557,16.9,25,0.7858332800000001,0.00390706129629272,0.015634326389825814,0.9804586123138814
A3_boundary_025,T0_standard,0.25,1.0,1.0,1308,2,2,1,0.974912856601684,0.13461494818139563,0.9623369632286645,43.616895874263264,59,1.2064219830508476,0.0125758933730196,0.012511250025296477,0.974912856601684
A3_boundary_025,T0_standard,0.25,1.0,1.0,1309,2,2,1,0.9866516302693243,0.07817712364906715,0.9764602721550267,10.0,10,0.3674935999999999,0.0031570116163779955,0.01019135811429759,0.9866516302693243
A3_boundary_025,T0_standard,0.25,1.0,1.0,1313,2,2,1,0.9623528990878344,0.17732207996904248,0.9309596684485953,43.71101871101871,61,1.0759157540983606,0.006253870272926594,0.03139323063923904,0.9623528990878344
A3_boundary_025,T0_standard,0.25,1.0,1.0,1321,2,2,1,0.9698990687774898,0.15150604651999272,0.9468724865004584,33.323076923076925,45,1.0777292666666667,0.023026582277031388,0.0070743489454789,0.9698990687774898
A3_boundary_025,T0_standard,0.25,1.0,1.0,1327,2,2,1,0.9816146441329028,0.10122991034729131,0.9671616072759304,6.0,9,0.5182015555555555,0.003932319010124961,0.014453036856972357,0.9816146441329028
A3_boundary_025,T0_standard,0.25,1.0,1.0,1333,2,2,1,0.9806475381829373,0.10780844499260192,0.9677202256797575,54.857142857142854,72,1.2515620555555556,0.006425149313882934,0.012927312503179798,0.9806475381829373
A3_boundary_025,T0_standard,0.25,1.0,1.0,1339,2,2,1,0.9463209875608691,0.22541306602902444,0.8974577734253303,14.11340206185567,22,0.6441087727272726,0.0048157983035920695,0.048863214135538804,0.9463209875608691
A3_boundary_025,T0_standard,0.25,1.0,1.0,1342,2,2,1,0.9836229665733759,0.09241556241128988,0.9710137305125293,41.22077922077922,57,1.0421935263157895,0.003767797365777663,0.012609236060846586,0.9836229665733759
A3_boundary_025,T0_standard,0.25,1.0,1.0,1346,2,2,1,0.9740725507800763,0.13432976435961513,0.9541587319145329,7.0,7,0.4986592857142857,0.006013630354380425,0.019913818865543373,0.9740725507800763
A3_boundary_025,T0_standard,0.25,1.0,1.0,1349,2,2,1,0.9800949302145263,0.10866946784007116,0.9649938411126789,5.0,5,0.4752704,0.004803980683626309,0.015101089101847424,0.9800949302145263
A3_boundary_025,T0_standard,0.25,1.0,1.0,1350,2,2,1,0.9716115693447434,0.14838606252890485,0.9550817390027447,1.0,1,0.132911,0.011858600313257988,0.016529830341998612,0.9716115693447434
A3_boundary_025,T0_standard,0.25,1.0,1.0,1351,2,2,1,0.9633391707401306,0.1790189493879627,0.9370478434265254,20.586466165413533,26,1.5248225769230772,0.026291327313605305,0.010369501946263944,0.9633391707401306
A3_boundary_025,T0_standard,0.25,1.0,1.0,1356,2,2,1,0.9917016106335429,0.053679659625323804,0.9869110165761933,4.0,4,0.38987275,0.003507795309107503,0.004790594057349611,0.9917016106335429
A3_boundary_025,T0_standard,0.25,1.0,1.0,1359,2,2,1,0.9746801203529425,0.13555472441031338,0.961063675031913,45.561922365988906,61,1.1845999180327869,0.013616445321029513,0.011703434326027998,0.9746801203529425
A4_gradual_050_075_100,T0_standard,0.5,0.75,1.0,12,0,0,1,0.981364502720627,0.10310354175230374,0.9673372638091379,10.0,10,0.4554644,0.981364502720627,0.014027238911489206,0.004608258367883709
A4_gradual_050_075_100,T0_standard,0.5,0.75,1.0,13,0,0,1,0.9857555979210325,0.08144995247528254,0.974097850354618,11.655172413793103,12,0.46369266666666675,0.9857555979210325,0.011657747566414424,0.0025866545125530454
A4_gradual_050_075_100,T0_standard,0.5,0.75,1.0,15,0,0,1,0.9708990460277368,0.15174612874985002,0.9557093987470388,20.176470588235293,21,0.7021404761904763,0.9708990460277368,0.013911306691565003,0.0151896472806981
A4_gradual_050_075_100,T0_standard,0.5,0.75,1.0,16,0,0,1,0.9859449917563641,0.08042226397228784,0.9743543508929544,27.22222222222222,29,0.8733876206896551,0.9859449917563641,0.01159064086340963,0.00246436738022635
A4_gradual_050_075_100,T0_standard,0.5,0.75,1.0,22,0,0,1,0.9848589948199049,0.08539423781378727,0.9723044546815063,10.0,10,0.3705015,0.9848589948199049,0.012554540138398615,0.002586465041696611
A4_gradual_050_075_100,T0_standard,0.5,0.75,1.0,23,0,0,1,0.8875452168352729,0.4076152150097747,0.7973841573816388,19.46315789473684,20,0.5421750500000001,0.8875452168352729,0.02229372371109316,0.09016105945363409
A4_gradual_050_075_100,T0_standard,0.5,0.75,1.0,28,0,0,1,0.8997907149719152,0.3847366834471222,0.8274029345989911,9.0,9,0.46474844444444446,0.8997907149719152,0.027821504655160638,0.0723877803729242
A4_gradual_050_075_100,T0_standard,0.5,0.75,1.0,33,0,0,1,0.984463233801882,0.08813003325904176,0.9722087091921252,8.0,8,0.401292125,0.984463233801882,0.01225452460975684,0.0032822415883610578
A4_gradual_050_075_100,T0_standard,0.5,0.75,1.0,35,0,0,1,0.9808233833825206,0.10330746127800974,0.9647507299767921,8.804878048780488,9,0.5700594444444445,0.9808233833825206,0.01607265340572854,0.0031039632117508525
A4_gradual_050_075_100,T0_standard,0.5,0.75,1.0,36,0,0,1,0.9826630882625299,0.09605840493017515,0.9687203044765941,17.482758620689655,18,0.6305999999999998,0.9826630882625299,0.01394278378593588,0.0033941279515343724
A4_gradual_050_075_100,T0_standard,0.5,0.75,1.0,40,0,0,1,0.9812038473907351,0.1011998884569467,0.9651917265767378,25.0431654676259,26,0.6631952692307693,0.9812038473907351,0.016012120813997315,0.002784031795267589
A4_gradual_050_075_100,T0_standard,0.5,0.75,1.0,44,0,0,1,0.9884944658423164,0.06737114860850381,0.9785459511439543,21.1864406779661,22,0.6243710909090908,0.9884944658423164,0.00994851469836208,0.001557019459321624
A4_gradual_050_075_100,T0_standard,0.5,0.75,1.0,51,0,0,1,0.9855591531948683,0.0833040696580721,0.9744268943276002,18.264150943396228,19,0.7660634736842105,0.9855591531948683,0.011132258867268126,0.003308587937863684
A4_gradual_050_075_100,T0_standard,0.5,0.75,1.0,52,0,0,1,0.9403687939143833,0.26325415523946916,0.8997161223939973,12.64516129032258,13,0.4411058461538462,0.9403687939143833,0.018978534565230666,0.04065267152038599
A4_gradual_050_075_100,T0_standard,0.5,0.75,1.0,57,0,0,1,0.9839878848254549,0.09182379130968636,0.9727310564810249,26.94736842105263,28,0.6690655000000001,0.9839878848254549,0.011256828344429955,0.0047552868301151815
A4_gradual_050_075_100,T0_standard,0.5,0.75,1.0,63,0,0,1,0.9329984358280076,0.2820947134406418,0.8815314238277918,28.854545454545455,30,0.7458895333333335,0.9329984358280076,0.015534552171776836,0.05146701200021574
A4_gradual_050_075_100,T0_standard,0.5,0.75,1.0,67,0,0,1,0.9547750303484126,0.21497336191317637,0.9285424873646706,19.236363636363638,20,0.7178675999999999,0.9547750303484126,0.018992426667845386,0.02623254298374205
A4_gradual_050_075_100,T0_standard,0.5,0.75,1.0,71,0,0,1,0.9866080374534769,0.07804137132623831,0.9761015314813468,33.62,35,0.7804486857142857,0.9866080374534769,0.01050650597213011,0.0028854565743930308
A4_gradual_050_075_100,T0_standard,0.5,0.75,1.0,73,0,0,1,0.965851690018455,0.17229990489265254,0.94671942784503,23.142857142857142,24,0.5408927499999999,0.965851690018455,0.01501604780812016,0.01913226217342486
A4_gradual_050_075_100,T0_standard,0.5,0.75,1.0,79,0,0,1,0.9683551399049373,0.16232452973034878,0.9519140724978677,8.0,8,0.419704125,0.9683551399049373,0.015203792687993146,0.01644106740706953
A4_gradual_050_075_100,T0_standard,0.5,0.75,1.0,81,0,0,1,0.9873613817426619,0.07384689854627495,0.9770559124898702,26.88888888888889,28,0.6805994285714284,0.9873613817426619,0.010305469252791648,0.002333149004546422
A4_gradual_050_075_100,T0_standard,0.5,0.75,1.0,83,0,0,1,0.9853780788810044,0.08191857734492156,0.9726430118712904,10.0,10,0.44241660000000005,0.9853780788810044,0.012735067009713979,0.0018868541092816832
A4_gradual_050_075_100,T0_standard,0.5,0.75,1.0,87,0,0,1,0.9770610198097429,0.12036990272961734,0.9584459669544787,25.0431654676259,26,0.6640094999999999,0.9770610198097429,0.01861505285526417,0.004323927334993101
A4_gradual_050_075_100,T0_standard,0.5,0.75,1.0,98,0,0,1,0.9813057666030626,0.10393598929543148,0.9677812134417357,9.0,9,0.47165666666666667,0.9813057666030626,0.013524553161326811,0.0051696802356104785
A4_gradual_050_075_100,T0_standard,0.5,0.75,1.0,101,0,0,1,0.9794006429572529,0.11343630048359407,0.9656132265128905,17.329896907216494,18,0.6716582222222223,0.9794006429572529,0.013787416444362408,0.006811940598384803
A4_gradual_050_075_100,T0_standard,0.5,0.75,1.0,107,0,0,1,0.8132128666396273,0.5814236999927211,0.6687001771729149,7.0,7,0.4162268571428571,0.8132128666396273,0.042274443893660175,0.14451268946671253
A4_gradual_050_075_100,T0_standard,0.5,0.75,1.0,108,0,0,1,0.9738255058480992,0.1392520763871528,0.95976458472053,6.0,6,0.4359216666666666,0.9738255058480992,0.014060921127569273,0.012113573024331433
A4_gradual_050_075_100,T0_standard,0.5,0.75,1.0,109,0,0,1,0.901318280307061,0.3658817375497377,0.8186180253723262,14.628571428571428,15,0.5712982666666666,0.901318280307061,0.01598146475820428,0.08270025493473475
A4_gradual_050_075_100,T0_standard,0.5,0.75,1.0,110,0,0,1,0.9742499782501707,0.1372582416926359,0.9596437756508036,4.0,4,0.45297975,0.9742499782501707,0.014606202599367091,0.011143819150462263
A4_gradual_050_075_100,T0_standard,0.5,0.75,1.0,111,0,0,1,0.9698273278362494,0.14796215295608778,0.9441037539196478,35.44615384615385,38,0.9744740526315788,0.9698273278362494,0.02572357391660154,0.0044490982471491036
A4_gradual_050_075_100,T0_standard,0.5,0.75,1.0,112,0,0,1,0.8971520224013161,0.36793600594620435,0.806101930338126,19.236363636363638,20,0.70145845,0.8971520224013161,0.011797885535493846,0.09105009206319004
A4_gradual_050_075_100,T0_standard,0.5,0.75,1.0,114,0,0,1,0.8676080500636579,0.4588351700753748,0.7629301632464073,86.53493975903615,94,1.411514425531915,0.8676080500636579,0.02771406311909152,0.10467788681725064
A4_gradual_050_075_100,T0_standard,0.5,0.75,1.0,116,0,0,1,0.9755304664136966,0.1307963661266487,0.9596188277444632,18.306930693069308,19,0.6829561052631579,0.9755304664136966,0.01591163866923344,0.008557894917069882
A4_gradual_050_075_100,T0_standard,0.5,0.75,1.0,117,0,0,1,0.983034288269069,0.09439738921349902,0.9694079850943316,9.0,9,0.40776277777777775,0.983034288269069,0.013626303174737502,0.0033394085561934484
A4_gradual_050_075_100,T0_standard,0.5,0.75,1.0,119,0,0,1,0.9830515433696849,0.09599047551772275,0.9708786054446273,11.0,11,0.4399496363636363,0.9830515433696849,0.012172937925057603,0.004775518705257469
A4_gradual_050_075_100,T0_standard,0.5,0.75,1.0,125,0,0,1,0.9707146240428463,0.14499801200949136,0.946038702700203,20.26605504587156,21,0.685138476190476,0.9707146240428463,0.024675921342643303,0.004609454614510332
A4_gradual_050_075_100,T0_standard,0.5,0.75,1.0,126,0,0,1,0.9860259632897065,0.08002023311390123,0.9744891903925638,18.47252747252747,19,0.5716424736842105,0.9860259632897065,0.01153677289714267,0.002437263813150969
A4_gradual_050_075_100,T0_standard,0.5,0.75,1.0,135,0,0,1,0.9810575474816525,0.10442086099483483,0.9667381618166224,25.0431654676259,26,0.6855153846153844,0.9810575474816525,0.014319385665030094,0.004623066853317251
A4_gradual_050_075_100,T0_standard,0.5,0.75,1.0,136,0,0,1,0.9842486730854794,0.0892645094296299,0.9719290666537592,15.0,15,0.4488484666666667,0.9842486730854794,0.012319606431720182,0.0034317204828004533
A4_gradual_050_075_100,T0_standard,0.5,0.75,1.0,137,0,0,1,0.9852971798269874,0.084214974968335,0.9736989313780992,20.808,22,0.7633684545454543,0.9852971798269874,0.011598248448888201,0.003104571724124306
A4_gradual_050_075_100,T0_standard,0.5,0.75,1.0,138,0,0,1,0.9688664189303919,0.16016142112844645,0.9521874635617162,10.666666666666666,11,0.5640930909090909,0.9688664189303919,0.014454625700932205,0.016678955368675714
A4_gradual_050_075_100,T0_standard,0.5,0.75,1.0,140,0,0,1,0.9783950831838907,0.11854321050130817,0.9649495835926226,16.0,16,0.4220644375,0.9783950831838907,0.013445499591268114,0.00815941722484118
A4_gradual_050_075_100,T0_standard,0.5,0.75,1.0,142,0,0,1,0.9840336476712852,0.09249596777982262,0.974130308567098,2.0,2,0.1290305,0.9840336476712852,0.00990333910418719,0.00606301322452765
A4_gradual_050_075_100,T0_standard,0.5,0.75,1.0,143,0,0,1,0.9840964442321677,0.0905623685011557,0.9721531737790985,11.655172413793103,12,0.5242633333333334,0.9840964442321677,0.011943270453069187,0.003960285314763018
A4_gradual_050_075_100,T0_standard,0.5,0.75,1.0,148,0,0,1,0.9123617465753797,0.352548733198586,0.8535472333992515,23.214876033057852,24,0.647964,0.9123617465753797,0.028823740248492158,0.05881451317612822
A4_gradual_050_075_100,T0_standard,0.5,0.75,1.0,149,0,0,1,0.9842677681337326,0.08854956851542403,0.9715050298616698,5.827586206896552,6,0.37699533333333335,0.9842677681337326,0.012762738272062887,0.002969493594204514
A4_gradual_050_075_100,T0_standard,0.5,0.75,1.0,150,0,0,1,0.9768737526414502,0.1250943430572382,0.9620988436284608,23.058823529411764,24,0.7517964166666666,0.9768737526414502,0.014774909012989418,0.008351338345560502
A4_gradual_050_075_100,T0_standard,0.5,0.75,1.0,161,0,0,1,0.9839702512594405,0.09001498268132757,0.9710308924383733,7.0,7,0.29993757142857147,0.9839702512594405,0.012939358821067256,0.0030903899194922196
A4_gradual_050_075_100,T0_standard,0.5,0.75,1.0,166,0,0,1,0.9857946216003853,0.08252831377265823,0.9751447207515452,7.8108108108108105,8,0.523448625,0.9857946216003853,0.010649900848840084,0.003555477550774538
A4_gradual_050_075_100,T0_standard,0.5,0.75,1.0,172,0,0,1,0.9784927386516542,0.1168799732998275,0.9633138903085524,23.058823529411764,24,0.78042225,0.9784927386516542,0.015178848343101767,0.0063284130052441
A4_gradual_050_075_100,T0_standard,0.5,0.75,1.0,174,0,0,1,0.9860070890896026,0.07964769415998527,0.9741710823574053,12.64516129032258,13,0.49278453846153847,0.9860070890896026,0.011836006732197252,0.002156904178200126
A4_gradual_050_075_100,T0_standard,0.5,0.75,1.0,176,0,0,1,0.9840564523417232,0.0901008251340686,0.971541354856647,10.0,10,0.5815139,0.9840564523417232,0.012515097485076182,0.00342845017320045
A4_gradual_050_075_100,T0_standard,0.5,0.75,1.0,181,0,0,1,0.9488135895036818,0.23397193676768702,0.9138633064007947,23.091603053435115,24,0.70607475,0.9488135895036818,0.01623612739343106,0.03495028310288709
A4_gradual_050_075_100,T0_standard,0.5,0.75,1.0,183,0,0,1,0.9762256095352202,0.12039429901599111,0.9549579377548126,25.0431654676259,26,0.6592863846153847,0.9762256095352202,0.021267671780407588,0.0025067186843722375
A4_gradual_050_075_100,T0_standard,0.5,0.75,1.0,185,0,0,1,0.9789994656482803,0.11483172494557317,0.9644133860634377,20.82857142857143,22,0.7109205454545454,0.9789994656482803,0.014586079584842638,0.006414454766877054
A4_gradual_050_075_100,T0_standard,0.5,0.75,1.0,186,0,0,1,0.9354355119105681,0.28116213169414955,0.8934907156746916,17.329896907216494,18,0.5899305555555555,0.9354355119105681,0.022619691853555543,0.04194479623587642
A4_gradual_050_075_100,T0_standard,0.5,0.75,1.0,189,0,0,1,0.9834493620997444,0.09369630206929074,0.9711256061110951,18.243243243243242,19,0.7392215263157894,0.9834493620997444,0.012323755988649371,0.0042268819116062645
A4_gradual_050_075_100,T0_standard,0.5,0.75,1.0,190,0,0,1,0.9518686820660164,0.2263369951104582,0.9276545915527205,13.0,13,0.4378136923076923,0.9518686820660164,0.023917227420687664,0.02421409051329588
A4_gradual_050_075_100,T0_standard,0.5,0.75,1.0,191,0,0,1,0.983017572129773,0.09486419623711298,0.9696664616345121,8.0,8,0.35865175,0.983017572129773,0.013351110495260892,0.003631317374966053
A4_gradual_050_075_100,T0_standard,0.5,0.75,1.0,193,0,0,1,0.9665845169964604,0.1693232510595983,0.9477958108492333,18.47252747252747,19,0.6627145789473685,0.9665845169964604,0.014626776856312458,0.01878870614722718
A4_gradual_050_075_100,T0_standard,0.5,0.75,1.0,194,0,0,1,0.9802506826381802,0.10892509443579487,0.9661965525127615,4.0,4,0.36402175000000003,0.9802506826381802,0.014054130125418627,0.0056951872364012085
A4_gradual_050_075_100,T0_standard,0.5,0.75,1.0,202,0,0,1,0.9650734287773093,0.1650629773582661,0.9347384928246599,11.655172413793103,12,0.5620495,0.9650734287773093,0.03033493595264936,0.004591635270041248
A4_gradual_050_075_100,T0_standard,0.5,0.75,1.0,205,0,0,1,0.9571935251843504,0.2049355202841536,0.9301601038761071,8.0,8,0.411409875,0.9571935251843504,0.015773053507406307,0.027033421308243235
A4_gradual_050_075_100,T0_standard,0.5,0.75,1.0,214,0,0,1,0.9830861498783731,0.09118841480711444,0.9678265225581747,13.0,13,0.42564623076923075,0.9830861498783731,0.015259627320198345,0.001654222801428618
A4_gradual_050_075_100,T0_standard,0.5,0.75,1.0,216,0,0,1,0.9819042519744621,0.1005533346723735,0.9681938380621478,15.382022471910112,16,0.67221975,0.9819042519744621,0.013710413912314288,0.004385334113223729
A4_gradual_050_075_100,T0_standard,0.5,0.75,1.0,229,0,0,1,0.9238790847032695,0.31339718071903677,0.8681184708354863,7.8108108108108105,8,0.43293575000000006,0.9238790847032695,0.020360301428947254,0.05576061386778318
A4_gradual_050_075_100,T0_standard,0.5,0.75,1.0,232,0,0,1,0.7405691164526995,0.7155218250052267,0.5434831467291332,7.0,7,0.4263571428571429,0.7405691164526995,0.1970859697235663,0.062344913823734395
A4_gradual_050_075_100,T0_standard,0.5,0.75,1.0,234,0,0,1,0.9673907591717017,0.1633960073234273,0.9443078214505675,59.12408759124087,64,1.335183234375,0.9673907591717017,0.023082937721134286,0.009526303107163972
A4_gradual_050_075_100,T0_standard,0.5,0.75,1.0,235,0,0,1,0.9846542633158669,0.08746190261419497,0.9727250099626693,21.333333333333332,22,0.6667994090909091,0.9846542633158669,0.011929253353197602,0.0034164833309356063
A4_gradual_050_075_100,T0_standard,0.5,0.75,1.0,251,1,2,0,0.5306425667336742,0.7597311174251448,0.07689147025599646,4.0,4,0.446091,0.015606336788648152,0.4537510964776777,0.5306425667336742
A4_gradual_050_075_100,T0_standard,0.5,0.75,1.0,265,1,1,1,0.9942152729745634,0.03858448545033217,0.989673900681083,5.0,5,0.336413,0.00124335473195618,0.9942152729745634,0.00454137229348038
A4_gradual_050_075_100,T0_standard,0.5,0.75,1.0,267,1,1,1,0.8202541010132699,0.49892261132661675,0.6469945892271917,5.827586206896552,6,0.5574418333333333,0.006486387200651937,0.8202541010132699,0.17325951178607824
A4_gradual_050_075_100,T0_standard,0.5,0.75,1.0,268,1,1,1,0.9969859978307899,0.022047208265874776,0.9946003865828006,6.0,6,0.31415733333333334,0.0006283909212207342,0.9969859978307899,0.002385611247989274
A4_gradual_050_075_100,T0_standard,0.5,0.75,1.0,284,1,1,1,0.9146880241128003,0.3038684302365525,0.8321739871415387,10.0,10,0.3636243,0.0027979389159383298,0.9146880241128003,0.0825140369712616
A4_gradual_050_075_100,T0_standard,0.5,0.75,1.0,285,1,1,1,0.9959584410705776,0.028006722323724753,0.9925181730533194,6.0,6,0.3586993333333333,0.0006012909121642202,0.9959584410705776,0.003440268017258243
A4_gradual_050_075_100,T0_standard,0.5,0.75,1.0,294,1,1,1,0.9230811747155679,0.2848186202077867,0.8494689548453286,9.68,10,0.48758270000000004,0.003306605414192737,0.9230811747155679,0.0736122198702394
A4_gradual_050_075_100,T0_standard,0.5,0.75,1.0,299,1,1,1,0.9461631022067032,0.22084673249764084,0.8951890454576529,10.795918367346939,11,0.46210636363636354,0.0028628410442464993,0.9461631022067032,0.05097405674905032
A4_gradual_050_075_100,T0_standard,0.5,0.75,1.0,304,1,1,1,0.9962742715943524,0.026901054381026825,0.9937550315189505,28.497326203208555,30,0.8912446,0.0012064883302454414,0.9962742715943524,0.002519240075401979
A4_gradual_050_075_100,T0_standard,0.5,0.75,1.0,312,1,1,1,0.8938939264338879,0.3505121853884584,0.7903892648599242,15.782608695652174,16,0.5348219375,0.10350466157396361,0.8938939264338879,0.0026014119921484447
A4_gradual_050_075_100,T0_standard,0.5,0.75,1.0,315,1,1,1,0.936020589588194,0.26132867609404126,0.8797556968375853,10.666666666666666,11,0.557503090909091,0.007714517661197228,0.936020589588194,0.05626489275060878
A4_gradual_050_075_100,T0_standard,0.5,0.75,1.0,326,1,1,1,0.9976098409510448,0.018269020682695026,0.9959293727161629,29.687782805429865,32,0.951023,0.0007096908140734486,0.9976098409510448,0.0016804682348818328
A4_gradual_050_075_100,T0_standard,0.5,0.75,1.0,327,1,1,1,0.989158567773304,0.06394529663676013,0.979686416333378,8.0,8,0.4168645,0.0013692807867699728,0.989158567773304,0.009472151439926014
A4_gradual_050_075_100,T0_standard,0.5,0.75,1.0,328,1,1,1,0.9623992481059824,0.16737424622740021,0.9265667021744665,23.68027210884354,25,0.80846332,0.0017682059625017024,0.9623992481059824,0.03583254593151601
A4_gradual_050_075_100,T0_standard,0.5,0.75,1.0,338,1,1,1,0.881105215265182,0.3803367485764716,0.7656626052242133,5.0,5,0.2643014,0.0034521746938490513,0.881105215265182,0.11544261004096884
A4_gradual_050_075_100,T0_standard,0.5,0.75,1.0,354,1,1,1,0.825279156339276,0.4763801352661998,0.6530553713621202,13.535211267605634,14,0.6306156428571429,0.0024970586835681863,0.825279156339276,0.17222378497715576
A4_gradual_050_075_100,T0_standard,0.5,0.75,1.0,360,1,1,1,0.9770701931516542,0.12292520776113082,0.9606643582437713,10.5625,11,0.733481909090909,0.00652397194046295,0.9770701931516542,0.01640583490788291
A4_gradual_050_075_100,T0_standard,0.5,0.75,1.0,368,1,1,1,0.9910335461984175,0.055252756129019524,0.9835717458970049,11.0,11,0.4856014545454544,0.0015046535001696864,0.9910335461984175,0.007461800301412606
A4_gradual_050_075_100,T0_standard,0.5,0.75,1.0,372,1,1,1,0.9021502057766202,0.38361273422563813,0.8384313385811946,12.552238805970148,13,0.5985235384615385,0.03413092702795427,0.9021502057766202,0.06371886719542563
A4_gradual_050_075_100,T0_standard,0.5,0.75,1.0,382,1,1,1,0.7904948817940733,0.5530614051084958,0.5908504820834644,16.35483870967742,17,0.6881702352941177,0.00986071849531769,0.7904948817940733,0.19964439971060896
A4_gradual_050_075_100,T0_standard,0.5,0.75,1.0,383,1,1,1,0.9924521082087424,0.0485657154437771,0.9867193707043429,17.482758620689655,18,0.7323625,0.0018151542868580378,0.9924521082087424,0.005732737504399497
A4_gradual_050_075_100,T0_standard,0.5,0.75,1.0,386,1,1,1,0.9808196506835918,0.1005678490693146,0.9633368007593247,18.375,19,0.6836167894736843,0.0016974993921412065,0.9808196506835918,0.01748284992426709
A4_gradual_050_075_100,T0_standard,0.5,0.75,1.0,388,1,1,1,0.6817654060846223,0.6525745183562619,0.3688512690866675,7.0,7,0.5059952857142856,0.0053204569174227665,0.6817654060846223,0.31291413699795484
A4_gradual_050_075_100,T0_standard,0.5,0.75,1.0,391,1,1,1,0.9953508188514454,0.031857584010952886,0.991576491598336,4.84,5,0.7289920000000001,0.0008748538954453459,0.9953508188514454,0.0037743272531093578
A4_gradual_050_075_100,T0_standard,0.5,0.75,1.0,392,1,1,1,0.9968961071390271,0.022789300750996947,0.9945862041470597,4.0,4,0.34524900000000003,0.0007939898690054042,0.9968961071390271,0.00230990299196747
A4_gradual_050_075_100,T0_standard,0.5,0.75,1.0,400,1,1,1,0.5331542256979444,0.7761537272004676,0.08716302339157822,7.0,7,0.27122471428571426,0.020854571995689564,0.5331542256979444,0.44599120230636613
A4_gradual_050_075_100,T0_standard,0.5,0.75,1.0,401,1,1,1,0.9927629623136288,0.046661507673965305,0.9870940908180488,4.0,4,0.26874025,0.0015681661907911662,0.9927629623136288,0.005668871495580066
A4_gradual_050_075_100,T0_standard,0.5,0.75,1.0,403,1,1,1,0.9887136120638236,0.06771866199068954,0.9798627895376981,9.68,10,0.4908507000000001,0.002435565410051001,0.9887136120638236,0.008850822526125455
A4_gradual_050_075_100,T0_standard,0.5,0.75,1.0,415,1,1,1,0.9944673980554234,0.037169347169162315,0.9901389528716444,8.804878048780488,9,0.4188528888888889,0.0012041567607976899,0.9944673980554234,0.0043284451837789705
A4_gradual_050_075_100,T0_standard,0.5,0.75,1.0,422,1,1,1,0.9112925225185788,0.314071033203684,0.8260194072483517,9.8,10,0.3612445,0.003434362211194082,0.9112925225185788,0.08527311527022717
A4_gradual_050_075_100,T0_standard,0.5,0.75,1.0,425,1,1,1,0.9955870684518832,0.030470446170526393,0.9920052531329141,10.59322033898305,11,0.6197990909090909,0.0008311162291476256,0.9955870684518832,0.0035818153189691093
A4_gradual_050_075_100,T0_standard,0.5,0.75,1.0,436,1,1,1,0.9574489318788539,0.18579395506409796,0.9175121686547058,9.0,9,0.41016244444444444,0.0026143048969979902,0.9574489318788539,0.03993676322414822
A4_gradual_050_075_100,T0_standard,0.5,0.75,1.0,455,1,1,1,0.9973853405800327,0.01987295304530981,0.9957205090537896,4.0,4,0.2685555,0.0009498278937241512,0.9973853405800327,0.0016648315262431095
A4_gradual_050_075_100,T0_standard,0.5,0.75,1.0,457,1,1,1,0.997069415416557,0.021866716990650795,0.9950908178575701,26.562130177514792,28,0.8272295714285717,0.0009519870244561253,0.997069415416557,0.0019785975589869257
A4_gradual_050_075_100,T0_standard,0.5,0.75,1.0,465,1,1,1,0.899258493686326,0.33873850062286726,0.8011045586822815,9.0,9,0.3576702222222222,0.002587571309629541,0.899258493686326,0.09815393500404458
A4_gradual_050_075_100,T0_standard,0.5,0.75,1.0,471,1,1,1,0.9848381219136314,0.08906843171495561,0.9772548187663997,5.0,5,0.5415559999999999,0.007578574939137009,0.9848381219136314,0.0075833031472316605
A4_gradual_050_075_100,T0_standard,0.5,0.75,1.0,481,1,1,1,0.5759880434098793,0.7125893184822072,0.15786558382565002,14.628571428571428,15,0.4130022666666665,0.0058894970058914805,0.5759880434098793,0.4181224595842293
A4_gradual_050_075_100,T0_standard,0.5,0.75,1.0,482,1,1,1,0.9966886348626769,0.024475820058500918,0.9947942925589072,7.0,7,0.45074285714285717,0.001417022833553427,0.9966886348626769,0.0018943423037697026
A4_gradual_050_075_100,T0_standard,0.5,0.75,1.0,487,1,1,1,0.9978649368760751,0.016668400552395587,0.9965191903952869,27.528089887640448,29,0.8860926896551725,0.0007893166431366058,0.9978649368760751,0.001345746480788205
A4_gradual_050_075_100,T0_standard,0.5,0.75,1.0,497,1,1,1,0.7307055995070528,0.6544277560791478,0.4816624998085234,9.0,9,0.46402088888888887,0.020251300794417636,0.7307055995070528,0.24904309969852945
A4_gradual_050_075_100,T0_standard,0.5,0.75,1.0,505,2,2,1,0.9108780779565633,0.32279486115734934,0.827874756235598,7.0,7,0.3739705714285714,0.006118600322471401,0.08300332172096528,0.9108780779565633
A4_gradual_050_075_100,T0_standard,0.5,0.75,1.0,513,2,2,1,0.9736797190954174,0.13487740677998403,0.9526220907653269,61.93005671077505,67,1.1865429253731343,0.0052626525744920594,0.021057628330090474,0.9736797190954174
A4_gradual_050_075_100,T0_standard,0.5,0.75,1.0,516,2,2,1,0.7108872040256933,0.6302984851950576,0.4277110457851979,13.0,13,0.32202353846153847,0.005936637733811497,0.28317615824049536,0.7108872040256933
A4_gradual_050_075_100,T0_standard,0.5,0.75,1.0,525,2,2,1,0.9876621598411689,0.07138169307127734,0.9769960371670238,3.0,3,0.26377733333333336,0.0016717174846858313,0.010666122674145118,0.9876621598411689
A4_gradual_050_075_100,T0_standard,0.5,0.75,1.0,538,2,2,1,0.9869019976482775,0.0776680774163536,0.977586315049162,19.36,20,0.6192523000000001,0.0037823197526071885,0.009315682599115468,0.9869019976482775
A4_gradual_050_075_100,T0_standard,0.5,0.75,1.0,541,2,2,1,0.9795598178802823,0.10830394935349014,0.962137713363965,14.45,15,0.6523588666666666,0.003018077603400346,0.017422104516317285,0.9795598178802823
A4_gradual_050_075_100,T0_standard,0.5,0.75,1.0,549,2,2,1,0.9458618650529141,0.24803973393858297,0.9182735429419638,31.0126582278481,32,0.65795975,0.027588322110950334,0.026549812836135618,0.9458618650529141
A4_gradual_050_075_100,T0_standard,0.5,0.75,1.0,551,2,2,1,0.9182520110911456,0.33967817989391696,0.8770189278500324,61.624454148471614,66,1.068993803030303,0.04051490566774132,0.04123308324111316,0.9182520110911456
A4_gradual_050_075_100,T0_standard,0.5,0.75,1.0,555,2,2,1,0.916846273801042,0.34404143037464563,0.8750253079445143,61.624454148471614,66,1.068993803030303,0.04133276034243037,0.04182096585652773,0.916846273801042
A4_gradual_050_075_100,T0_standard,0.5,0.75,1.0,557,2,2,1,0.9725336786651999,0.1393721389606416,0.950422626970187,10.0,10,0.3280324,0.005355269639787104,0.022111051695012936,0.9725336786651999
A4_gradual_050_075_100,T0_standard,0.5,0.75,1.0,558,2,2,1,0.9497080178172286,0.21340860483954607,0.9034454024156893,53.67515923566879,58,1.222802172413793,0.004029366781232139,0.0462626154015393,0.9497080178172286
A4_gradual_050_075_100,T0_standard,0.5,0.75,1.0,561,2,2,1,0.8756260948286202,0.45749875482939073,0.7972551745315628,22.16393442622951,23,0.6614797826086957,0.07837092029705733,0.046002984874322445,0.8756260948286202
A4_gradual_050_075_100,T0_standard,0.5,0.75,1.0,564,2,2,1,0.8846865969178603,0.4291449452962953,0.8054635989277054,49.78285714285714,53,0.8910560566037735,0.03609040509198464,0.079222997990155,0.8846865969178603
A4_gradual_050_075_100,T0_standard,0.5,0.75,1.0,565,2,2,1,0.9838853468139712,0.09203903369985762,0.9722595651009549,12.0,12,0.45422558333333335,0.004488871473012433,0.011625781713016302,0.9838853468139712
A4_gradual_050_075_100,T0_standard,0.5,0.75,1.0,567,2,2,1,0.9205704780061238,0.32949695799412987,0.8701294967912124,35.63636363636363,37,0.7751838378378378,0.028988540778964816,0.0504409812149114,0.9205704780061238
A4_gradual_050_075_100,T0_standard,0.5,0.75,1.0,569,2,2,1,0.868305262688151,0.4701511815687465,0.7762466242098451,40.960629921259844,43,0.8109670232558138,0.09205863847830587,0.03963609883354322,0.868305262688151
A4_gradual_050_075_100,T0_standard,0.5,0.75,1.0,573,2,2,1,0.9871493208778251,0.07677507530174396,0.9784044457934689,8.0,8,0.494462875,0.004105804037818635,0.00874487508435625,0.9871493208778251
A4_gradual_050_075_100,T0_standard,0.5,0.75,1.0,574,2,2,1,0.9205319852552136,0.30392946247907965,0.8492990259967821,19.776470588235295,20,0.53040425,0.008235055486354672,0.07123295925843157,0.9205319852552136
A4_gradual_050_075_100,T0_standard,0.5,0.75,1.0,581,2,2,1,0.9555489528529026,0.191881171557303,0.9137474327738562,13.535211267605634,14,0.6483881428571427,0.0026495270680509915,0.041801520079046445,0.9555489528529026
A4_gradual_050_075_100,T0_standard,0.5,0.75,1.0,585,2,2,1,0.9832075412341459,0.09465876862453651,0.9705565563908558,12.64516129032258,13,0.5086920769230769,0.004141473922564021,0.01265098484329004,0.9832075412341459
A4_gradual_050_075_100,T0_standard,0.5,0.75,1.0,586,2,2,1,0.9456275406816066,0.23263650454884066,0.8985540311677652,6.0,6,0.38316100000000003,0.007298949804552081,0.047073509513841365,0.9456275406816066
A4_gradual_050_075_100,T0_standard,0.5,0.75,1.0,589,2,2,1,0.9851894558162492,0.08671997783291444,0.9756323333439597,8.0,8,0.28330900000000003,0.005253421711461369,0.009557122472289454,0.9851894558162492
A4_gradual_050_075_100,T0_standard,0.5,0.75,1.0,590,2,2,1,0.9532352068839048,0.21049900062402005,0.9146130959480745,8.0,8,0.424510375,0.008142682180264761,0.038622110935830394,0.9532352068839048
A4_gradual_050_075_100,T0_standard,0.5,0.75,1.0,600,2,2,1,0.97749818044123,0.11647233831269732,0.9580042126488457,3.0,3,0.27039266666666667,0.003007851766385706,0.019493967792384364,0.97749818044123
A4_gradual_050_075_100,T0_standard,0.5,0.75,1.0,607,2,2,1,0.7817154068363392,0.67123732804288,0.649782444509507,7.0,7,0.47682385714285713,0.13193296232683227,0.08635163083682855,0.7817154068363392
A4_gradual_050_075_100,T0_standard,0.5,0.75,1.0,614,2,2,1,0.9745000832268899,0.1336643209754767,0.9559438393049519,33.88,35,0.6614222,0.006943672851172076,0.018556243921938012,0.9745000832268899
A4_gradual_050_075_100,T0_standard,0.5,0.75,1.0,618,2,2,1,0.9673691515864237,0.15995115932938545,0.9411578117148163,73.01324503311258,79,1.0714351392405066,0.0064195085419690105,0.026211339871607422,0.9673691515864237
A4_gradual_050_075_100,T0_standard,0.5,0.75,1.0,621,2,2,1,0.9105534746387999,0.35272462158227214,0.8445661654965564,69.84303350970018,75,1.0566839733333333,0.06598730914224352,0.023459216218956653,0.9105534746387999
A4_gradual_050_075_100,T0_standard,0.5,0.75,1.0,625,2,2,1,0.9635283502104798,0.18126296426062066,0.9420455397318279,5.0,5,0.28745499999999996,0.014988839310868309,0.021482810478651884,0.9635283502104798
A4_gradual_050_075_100,T0_standard,0.5,0.75,1.0,627,2,2,1,0.8859185418200436,0.4279830933388945,0.8104573467875861,64.43835616438356,69,0.7889472463768116,0.07546119503245752,0.038620263147498904,0.8859185418200436
A4_gradual_050_075_100,T0_standard,0.5,0.75,1.0,628,2,2,1,0.9803808252704267,0.1100114385531776,0.9693973058990163,13.78688524590164,14,0.5260488571428572,0.00863565535816289,0.010983519371410372,0.9803808252704267
A4_gradual_050_075_100,T0_standard,0.5,0.75,1.0,629,2,2,1,0.9157934937674251,0.32596163572036024,0.8450683439174906,61.760925449871465,65,0.809190323076923,0.07072514984993446,0.01348135638264047,0.9157934937674251
A4_gradual_050_075_100,T0_standard,0.5,0.75,1.0,634,2,2,1,0.9821634041470788,0.1012670324270167,0.970960108107188,15.50632911392405,16,0.6306679375,0.006633299813030387,0.011203296039890818,0.9821634041470788
A4_gradual_050_075_100,T0_standard,0.5,0.75,1.0,635,2,2,1,0.9841015240342581,0.09053202185243671,0.9721561493586138,9.68,10,0.5280875,0.003953101290097589,0.011945374675644256,0.9841015240342581
A4_gradual_050_075_100,T0_standard,0.5,0.75,1.0,641,2,2,1,0.9436278416040557,0.24913287876888296,0.9018761569400879,8.0,8,0.39205275,0.04175168466396774,0.014620473731976582,0.9436278416040557
A4_gradual_050_075_100,T0_standard,0.5,0.75,1.0,645,2,2,1,0.9768298295752544,0.12208116790862802,0.9585556193542402,24.38095238095238,26,0.8725405,0.00489596020373121,0.018274210221014327,0.9768298295752544
A4_gradual_050_075_100,T0_standard,0.5,0.75,1.0,648,2,2,1,0.9852320864673886,0.08536023861873093,0.9742922783787609,66.53076923076924,72,1.0457252083333333,0.0038281054439836598,0.010939808088627724,0.9852320864673886
A4_gradual_050_075_100,T0_standard,0.5,0.75,1.0,657,2,2,1,0.9864161346725799,0.07976422644996495,0.9764548774940045,11.0,11,0.4163523636363637,0.0036226081488447102,0.009961257178575426,0.9864161346725799
A4_gradual_050_075_100,T0_standard,0.5,0.75,1.0,662,2,2,1,0.9851071335490935,0.0854453668632308,0.9736232706173937,14.628571428571428,15,0.5766958,0.0034090035192066797,0.01148386293169981,0.9851071335490935
A4_gradual_050_075_100,T0_standard,0.5,0.75,1.0,674,2,2,1,0.9752996986869751,0.12568474510489805,0.9539890107103813,12.0,12,0.4328041666666667,0.0033896133364312137,0.021310687976593704,0.9752996986869751
A4_gradual_050_075_100,T0_standard,0.5,0.75,1.0,680,2,2,1,0.9699504969088311,0.14647127066266105,0.9437792620505646,20.346153846153847,21,0.5819468095238095,0.0038782682329023812,0.02617123485826648,0.9699504969088311
A4_gradual_050_075_100,T0_standard,0.5,0.75,1.0,682,2,2,1,0.9722294247606003,0.13402948303172138,0.9464341493190607,1.0,1,0.099984,0.0019752997978601597,0.025795275441539568,0.9722294247606003
A4_gradual_050_075_100,T0_standard,0.5,0.75,1.0,687,2,2,1,0.9813109319258756,0.10025014298637823,0.9651239201681121,7.8108108108108105,8,0.4055995,0.002502056316361073,0.016187011757763454,0.9813109319258756
A4_gradual_050_075_100,T0_standard,0.5,0.75,1.0,688,2,2,1,0.9681908204730709,0.16285774665720582,0.9506599813054653,64.1310592459605,69,1.2520341594202895,0.017530839167605672,0.014278340359323467,0.9681908204730709
A4_gradual_050_075_100,T0_standard,0.5,0.75,1.0,692,2,2,1,0.965353599865772,0.16832475536315478,0.9379665061272197,73.01324503311258,79,1.0714351392405066,0.007259306395675735,0.027387093738552266,0.965353599865772
A4_gradual_050_075_100,T0_standard,0.5,0.75,1.0,695,2,2,1,0.9881963361437357,0.07099864694041967,0.979559431915534,10.666666666666666,11,0.5583097272727273,0.003166759628062654,0.008636904228201707,0.9881963361437357
A4_gradual_050_075_100,T0_standard,0.5,0.75,1.0,706,2,2,1,0.9122585139845308,0.3151669954871914,0.8290640443756718,4.0,4,0.274131,0.004547016406610194,0.08319446960885901,0.9122585139845308
A4_gradual_050_075_100,T0_standard,0.5,0.75,1.0,707,2,2,1,0.9261676903039566,0.299408999164961,0.8664112022431425,55.50535331905782,60,1.10599235,0.05975648806081408,0.014075821635229318,0.9261676903039566
A4_gradual_050_075_100,T0_standard,0.5,0.75,1.0,1068,0,0,1,0.9733708653093067,0.13931385645483718,0.9550039964393636,10.666666666666666,11,0.46691427272727276,0.9733708653093067,0.01836686886994308,0.008262265820750262
A4_gradual_050_075_100,T0_standard,0.5,0.75,1.0,1074,0,0,1,0.9765798059434364,0.12705602170609548,0.9631806824165808,24.02857142857143,25,0.77164884,0.9765798059434364,0.013399123526855537,0.010021070529707993
A4_gradual_050_075_100,T0_standard,0.5,0.75,1.0,1078,0,0,1,0.9307262984005992,0.2985199526875209,0.8895212799703417,9.0,9,0.4112078888888889,0.9307262984005992,0.028068683169143297,0.04120501843025748
A4_gradual_050_075_100,T0_standard,0.5,0.75,1.0,1083,0,0,1,0.9821468882508959,0.0972932518743796,0.9670796866665472,5.0,5,0.31577520000000003,0.9821468882508959,0.015067201584348702,0.002785910164755472
A4_gradual_050_075_100,T0_standard,0.5,0.75,1.0,1089,0,0,1,0.9874821583187936,0.0718793301106593,0.9764721831986051,18.47252747252747,19,0.5798857368421053,0.9874821583187936,0.011009975120188585,0.0015078665610177987
A4_gradual_050_075_100,T0_standard,0.5,0.75,1.0,1092,0,0,1,0.9781836078894927,0.11623905626513341,0.9609486339452921,5.0,5,0.4888422,0.9781836078894927,0.017234973944200618,0.0045814181663066875
A4_gradual_050_075_100,T0_standard,0.5,0.75,1.0,1096,0,0,1,0.9427432492068107,0.2559325548702759,0.9047707167991483,12.552238805970148,13,0.6659333846153845,0.9427432492068107,0.019284218385526845,0.0379725324076624
A4_gradual_050_075_100,T0_standard,0.5,0.75,1.0,1097,0,0,1,0.9839725284763615,0.08841622858802198,0.9700690105117188,6.818181818181818,7,0.4249707142857143,0.9839725284763615,0.013903517964642715,0.002123953558995644
A4_gradual_050_075_100,T0_standard,0.5,0.75,1.0,1100,0,0,1,0.9687833136272987,0.15392900542575738,0.9433641596904307,18.306930693069308,19,0.6168118947368422,0.9687833136272987,0.025419153936868027,0.00579753243583314
A4_gradual_050_075_100,T0_standard,0.5,0.75,1.0,1105,0,0,1,0.9822051471763407,0.09801761762647052,0.9678169522646473,20.161290322580644,21,0.7333708095238094,0.9822051471763407,0.014388194911693354,0.0034066579119660235
A4_gradual_050_075_100,T0_standard,0.5,0.75,1.0,1111,0,0,1,0.9544365825067059,0.21639003588271863,0.9285268715868742,22.118110236220474,23,0.7248498695652174,0.9544365825067059,0.025909710919831692,0.019653706573462357
A4_gradual_050_075_100,T0_standard,0.5,0.75,1.0,1112,0,0,1,0.955769621665697,0.21165358700094006,0.931730702371713,18.47252747252747,19,0.6731560526315788,0.955769621665697,0.024038919293984037,0.020191459040318882
A4_gradual_050_075_100,T0_standard,0.5,0.75,1.0,1113,0,0,1,0.970226558936131,0.15450372459619793,0.9541997720338172,20.26605504587156,21,0.6701863809523808,0.970226558936131,0.013746654161555448,0.0160267869023137
A4_gradual_050_075_100,T0_standard,0.5,0.75,1.0,1118,0,0,1,0.9838734125621428,0.09160442858577897,0.9717612170214547,25.0,26,0.7382225000000001,0.9838734125621428,0.01211219554068815,0.004014391897169143
A4_gradual_050_075_100,T0_standard,0.5,0.75,1.0,1119,0,0,1,0.9655118589379127,0.17391257425152995,0.9479558801472808,28.854545454545455,30,0.6934033666666666,0.9655118589379127,0.01755597879063187,0.01693216227145535
A4_gradual_050_075_100,T0_standard,0.5,0.75,1.0,1120,0,0,1,0.9875972908951275,0.07310008325800472,0.9777648294354483,26.02097902097902,27,0.8011209259259259,0.9875972908951275,0.009832461459679236,0.0025702476451933296
A4_gradual_050_075_100,T0_standard,0.5,0.75,1.0,1124,0,0,1,0.9869918113901519,0.07513447849479535,0.9760698275978835,10.0,10,0.4216774,0.9869918113901519,0.010921983792268336,0.002086204817579734
A4_gradual_050_075_100,T0_standard,0.5,0.75,1.0,1130,0,0,1,0.9841821679822731,0.0903882237274301,0.9725165531653244,24.066666666666666,25,0.71656104,0.9841821679822731,0.01166561481694875,0.004152217200778093
A4_gradual_050_075_100,T0_standard,0.5,0.75,1.0,1135,0,0,1,0.9832390558695102,0.09328341715735344,0.9696514228633819,8.804878048780488,9,0.5254421111111112,0.9832390558695102,0.013587633006128346,0.003173311124361372
A4_gradual_050_075_100,T0_standard,0.5,0.75,1.0,1137,0,0,1,0.9784398082358347,0.1184343505832991,0.9652121947792527,15.428571428571429,16,0.6085711874999999,0.9784398082358347,0.013227613456581914,0.008332578307583369
A4_gradual_050_075_100,T0_standard,0.5,0.75,1.0,1138,0,0,1,0.9795214637742502,0.10423135539059113,0.9601601527124897,24.973154362416107,26,0.8721031923076923,0.9795214637742502,0.019361311061760502,0.00111722516398943
A4_gradual_050_075_100,T0_standard,0.5,0.75,1.0,1146,0,0,1,0.9844245704457923,0.08719731410703242,0.9713836129040669,13.473684210526315,14,0.7073084285714287,0.9844245704457923,0.013040957541725441,0.0025344720124821584
A4_gradual_050_075_100,T0_standard,0.5,0.75,1.0,1148,0,0,1,0.9737859721331787,0.13826604893643635,0.9566972985436915,16.40909090909091,17,0.6329464117647058,0.9737859721331787,0.01708867358948732,0.009125354277333875
A4_gradual_050_075_100,T0_standard,0.5,0.75,1.0,1150,0,0,1,0.9839751641444899,0.08843943108451216,0.9700926568749682,10.795918367346939,11,0.43154409090909096,0.9839751641444899,0.013882507269521734,0.0021423285859883327
A4_gradual_050_075_100,T0_standard,0.5,0.75,1.0,1151,0,0,1,0.9790310586042491,0.11390693474522472,0.9636147240932126,14.52,15,0.5302294000000001,0.9790310586042491,0.015416334511036568,0.005552606884714315
A4_gradual_050_075_100,T0_standard,0.5,0.75,1.0,1154,0,0,1,0.979310305385236,0.1121138593233312,0.9635869213318294,17.294117647058822,18,0.6704702777777779,0.979310305385236,0.015723384053406564,0.004966310561357358
A4_gradual_050_075_100,T0_standard,0.5,0.75,1.0,1155,0,0,1,0.9638779351489765,0.17756234210410168,0.9386864009389002,21.0,21,0.5006571904761904,0.9638779351489765,0.025191534210076277,0.01093053064094718
A4_gradual_050_075_100,T0_standard,0.5,0.75,1.0,1156,0,0,1,0.9848627899244135,0.08521402625554379,0.9722099860317693,12.552238805970148,13,0.6207592307692308,0.9848627899244135,0.012652803892644107,0.00248440618294241
A4_gradual_050_075_100,T0_standard,0.5,0.75,1.0,1158,0,0,1,0.9643444900933754,0.17776709946097785,0.9426856055562997,12.0,12,0.29291475,0.9643444900933754,0.013996625369548774,0.021658884537075783
A4_gradual_050_075_100,T0_standard,0.5,0.75,1.0,1162,0,0,1,0.8552838096229284,0.48711177010064904,0.7404345386416519,34.94092827004219,37,0.8083777027027027,0.8552838096229284,0.11484927098127648,0.029866919395794982
A4_gradual_050_075_100,T0_standard,0.5,0.75,1.0,1165,1,2,0,0.7288697605009865,0.6916454746525934,0.4943190648177719,2.0,2,0.3346215,0.036579543815798796,0.23455069568321466,0.7288697605009865
A4_gradual_050_075_100,T0_standard,0.5,0.75,1.0,1166,1,1,1,0.9966013596622038,0.02488276731197953,0.9943464800277426,20.8,22,0.7661115000000002,0.0011437607033350948,0.9966013596622038,0.002254879634461145
A4_gradual_050_075_100,T0_standard,0.5,0.75,1.0,1177,1,1,1,0.8993746172797253,0.3418294133280343,0.8023037845711909,14.52,15,0.3929898,0.0035545500117401857,0.8993746172797253,0.09707083270853445
A4_gradual_050_075_100,T0_standard,0.5,0.75,1.0,1186,1,1,1,0.8800125820816225,0.3997206367344934,0.7693685135988328,10.666666666666666,11,0.519302,0.009343349435587971,0.8800125820816225,0.11064406848278964
A4_gradual_050_075_100,T0_standard,0.5,0.75,1.0,1189,1,1,1,0.963563735472768,0.18134853581974783,0.942805674290457,4.0,4,0.48300425,0.015678203344921027,0.963563735472768,0.02075806118231098
A4_gradual_050_075_100,T0_standard,0.5,0.75,1.0,1190,1,1,1,0.9953474895629862,0.032300844505692435,0.9919117517218201,13.636363636363637,14,0.5306829285714285,0.001216772595847567,0.9953474895629862,0.003435737841166142
A4_gradual_050_075_100,T0_standard,0.5,0.75,1.0,1205,1,1,1,0.9394537509578699,0.23680086264145783,0.8807743881897457,2.0,2,0.2023435,0.0018668862740059695,0.9394537509578699,0.05867936276812417
A4_gradual_050_075_100,T0_standard,0.5,0.75,1.0,1216,1,1,1,0.528408079630415,0.8779412953043324,0.12035266856799637,3.0,3,0.25369933333333333,0.06353650930716633,0.528408079630415,0.40805541106241866
A4_gradual_050_075_100,T0_standard,0.5,0.75,1.0,1221,1,1,1,0.9754530262866226,0.1282811431256124,0.9563893765072681,5.0,5,0.3209068,0.0054833239340229935,0.9754530262866226,0.019063649779354513
A4_gradual_050_075_100,T0_standard,0.5,0.75,1.0,1225,1,1,1,0.997157799739572,0.02145835381241175,0.9955948166590651,6.0,6,0.2796791666666667,0.0012792171799212314,0.997157799739572,0.0015629830805068258
A4_gradual_050_075_100,T0_standard,0.5,0.75,1.0,1239,1,1,1,0.9615379622830679,0.18888849750196152,0.9384065305142693,20.346153846153847,21,0.5608050476190476,0.015330605948133461,0.9615379622830679,0.02313143176879861
A4_gradual_050_075_100,T0_standard,0.5,0.75,1.0,1241,1,1,1,0.9248452088518913,0.3002675667511736,0.8619894507510013,13.636363636363637,14,0.5738868571428571,0.012299033047218827,0.9248452088518913,0.06285575810088999
A4_gradual_050_075_100,T0_standard,0.5,0.75,1.0,1247,1,1,1,0.9935998936942945,0.042515885427457586,0.9890041425016091,8.804878048780488,9,0.5222551111111111,0.0018043551130199637,0.9935998936942945,0.004595751192685416
A4_gradual_050_075_100,T0_standard,0.5,0.75,1.0,1248,1,1,1,0.9962781348498408,0.02630301276880542,0.9932363261666438,16.49397590361446,17,0.5862612352941177,0.0006800564669621331,0.9962781348498408,0.003041808683197042
A4_gradual_050_075_100,T0_standard,0.5,0.75,1.0,1249,1,1,1,0.9924802254218724,0.04671323102573045,0.985714206609765,14.52,15,0.5889769333333332,0.0007537557660200583,0.9924802254218724,0.0067660188121073765
A4_gradual_050_075_100,T0_standard,0.5,0.75,1.0,1258,1,1,1,0.9957938849482149,0.029756715025167028,0.9928235396057766,22.118110236220474,23,0.8148903913043478,0.0012357697093469133,0.9957938849482149,0.0029703453424382025
A4_gradual_050_075_100,T0_standard,0.5,0.75,1.0,1260,1,2,0,0.5907446528187023,0.7633749836603054,0.20386645737347814,4.0,4,0.1244055,0.022377151736073603,0.3868781954452241,0.5907446528187023
A4_gradual_050_075_100,T0_standard,0.5,0.75,1.0,1263,1,1,1,0.9962972266012484,0.026966669400618325,0.9942249169806154,19.236363636363638,20,0.6936217,0.001630463778118554,0.9962972266012484,0.0020723096206329747
A4_gradual_050_075_100,T0_standard,0.5,0.75,1.0,1269,1,1,1,0.9954460604667127,0.031801509543630535,0.9921713851358175,23.142857142857142,24,0.6545587916666666,0.0012792642023921174,0.9954460604667127,0.003274675330895187
A4_gradual_050_075_100,T0_standard,0.5,0.75,1.0,1273,2,2,1,0.9104216469657139,0.3618618307043445,0.8567076350049998,44.83050847457627,47,0.8696693617021276,0.03586434107357191,0.05371401196071418,0.9104216469657139
A4_gradual_050_075_100,T0_standard,0.5,0.75,1.0,1278,2,2,1,0.9402619500253897,0.2427205459852031,0.8852300086689127,7.0,7,0.33624099999999996,0.004706108618133191,0.055031941356477,0.9402619500253897
A4_gradual_050_075_100,T0_standard,0.5,0.75,1.0,1279,2,2,1,0.9683133630432957,0.16222389203173654,0.9503053933265588,64.1310592459605,69,1.2520341594202895,0.018007969716736866,0.013678667239967399,0.9683133630432957
A4_gradual_050_075_100,T0_standard,0.5,0.75,1.0,1280,2,2,1,0.9677598594268989,0.16444628508312462,0.9492830983984498,53.85436893203884,56,0.6436827857142857,0.01847676102844904,0.013763379544652002,0.9677598594268989
A4_gradual_050_075_100,T0_standard,0.5,0.75,1.0,1282,2,2,1,0.986754452074235,0.07945774964419572,0.9791179116222765,13.0,13,0.35966600000000004,0.005609007473806513,0.00763654045195846,0.986754452074235
A4_gradual_050_075_100,T0_standard,0.5,0.75,1.0,1283,2,2,1,0.9676660332456717,0.1590805699968376,0.9418981096106217,25.941176470588236,27,0.8517917037037037,0.006566043119278347,0.025767923635049948,0.9676660332456717
A4_gradual_050_075_100,T0_standard,0.5,0.75,1.0,1284,2,2,1,0.9745628964543666,0.13262607539171764,0.9553215971053884,20.26605504587156,21,0.6391033333333332,0.006195804196655286,0.01924129934897813,0.9745628964543666
A4_gradual_050_075_100,T0_standard,0.5,0.75,1.0,1286,2,2,1,0.9805500031644383,0.1069855566057925,0.9661083479880609,5.0,5,0.6293452,0.005008341659184249,0.01444165517637745,0.9805500031644383
A4_gradual_050_075_100,T0_standard,0.5,0.75,1.0,1299,2,2,1,0.9389876174022318,0.2717078327746861,0.9053267198077019,26.880239520958085,28,0.8355607857142857,0.02735148500323828,0.03366089759452992,0.9389876174022318
A4_gradual_050_075_100,T0_standard,0.5,0.75,1.0,1300,2,2,1,0.9204997244139412,0.3197672511457265,0.8587528361437223,47.34782608695652,51,1.0054089803921569,0.061746888270218875,0.017753387315839943,0.9204997244139412
A4_gradual_050_075_100,T0_standard,0.5,0.75,1.0,1303,2,2,1,0.9753125255738286,0.12713506663715168,0.9548984487932514,24.00689655172414,25,0.7858332800000001,0.004273397645594132,0.020414076780577252,0.9753125255738286
A4_gradual_050_075_100,T0_standard,0.5,0.75,1.0,1308,2,2,1,0.9655692847971701,0.17308609906893915,0.9451469523108982,54.46808510638298,59,1.2064219830508476,0.020422332486271916,0.014008382716558024,0.9655692847971701
A4_gradual_050_075_100,T0_standard,0.5,0.75,1.0,1309,2,2,1,0.9866516302693243,0.07817712364906715,0.9764602721550267,10.0,10,0.3674935999999999,0.0031570116163779955,0.01019135811429759,0.9866516302693243
A4_gradual_050_075_100,T0_standard,0.5,0.75,1.0,1313,2,2,1,0.9473118933581917,0.22745418598529255,0.9018697667338508,56.38766519823788,61,1.0759157540983606,0.0072459800174673634,0.04544212662434089,0.9473118933581917
A4_gradual_050_075_100,T0_standard,0.5,0.75,1.0,1321,2,2,1,0.9518778828863119,0.21411105946656506,0.9114582306050847,41.86046511627907,45,1.0777292666666667,0.04041965228122729,0.007702464832460725,0.9518778828863119
A4_gradual_050_075_100,T0_standard,0.5,0.75,1.0,1327,2,2,1,0.9824175686123019,0.09807606756724115,0.9689791303278235,8.804878048780488,9,0.5182015555555555,0.004143993103219664,0.013438438284478405,0.9824175686123019
A4_gradual_050_075_100,T0_standard,0.5,0.75,1.0,1333,2,2,1,0.9759501617209361,0.1293463933462556,0.9609759217904521,66.66666666666667,72,1.2515620555555556,0.009075598348579931,0.014974239930483977,0.9759501617209361
A4_gradual_050_075_100,T0_standard,0.5,0.75,1.0,1339,2,2,1,0.9267579867784868,0.2823775579621004,0.8593812731068361,21.24778761061947,22,0.6441087727272726,0.005865299549862705,0.06737671367165068,0.9267579867784868
A4_gradual_050_075_100,T0_standard,0.5,0.75,1.0,1342,2,2,1,0.979269045942926,0.11110398543997349,0.9625842311140782,53.16504854368932,57,1.0421935263157895,0.0040461392282263005,0.016684814828847757,0.979269045942926
A4_gradual_050_075_100,T0_standard,0.5,0.75,1.0,1346,2,2,1,0.9740725507800763,0.13432976435961513,0.9541587319145329,7.0,7,0.4986592857142857,0.006013630354380425,0.019913818865543373,0.9740725507800763
A4_gradual_050_075_100,T0_standard,0.5,0.75,1.0,1349,2,2,1,0.9800949302145263,0.10866946784007116,0.9649938411126789,5.0,5,0.4752704,0.004803980683626309,0.015101089101847424,0.9800949302145263
A4_gradual_050_075_100,T0_standard,0.5,0.75,1.0,1350,2,2,1,0.9716115693447434,0.14838606252890485,0.9550817390027447,1.0,1,0.132911,0.011858600313257988,0.016529830341998612,0.9716115693447434
A4_gradual_050_075_100,T0_standard,0.5,0.75,1.0,1351,2,2,1,0.9415847987034348,0.2510285655932387,0.8942970077903112,24.004048582995953,26,1.5248225769230772,0.047287790913123684,0.011127410383441394,0.9415847987034348
A4_gradual_050_075_100,T0_standard,0.5,0.75,1.0,1356,2,2,1,0.9917016106335429,0.053679659625323804,0.9869110165761933,4.0,4,0.38987275,0.003507795309107503,0.004790594057349611,0.9917016106335429
A4_gradual_050_075_100,T0_standard,0.5,0.75,1.0,1359,2,2,1,0.9618957961928521,0.18736672411625802,0.9386812384595861,56.742616033755276,61,1.1845999180327869,0.023214557733266084,0.014889646073881732,0.9618957961928521
A5_hard_1px,T0_standard,0.0,1.0,1.0,13,0,0,1,0.9876421446757694,0.07165906019018556,0.9770586064608838,2.0,12,0.46369266666666675,0.9876421446757694,0.010583538214885559,0.0017743171093450186
A5_hard_1px,T0_standard,0.0,1.0,1.0,15,0,0,1,0.983216332939211,0.09400424352430224,0.9700609017694644,7.0,21,0.7021404761904763,0.983216332939211,0.013155431169746639,0.0036282358910425523
A5_hard_1px,T0_standard,0.0,1.0,1.0,16,0,0,1,0.9854474109172264,0.08221988116505972,0.9731153636700512,10.0,29,0.8733876206896551,0.9854474109172264,0.01233204724717517,0.0022205418355984237
A5_hard_1px,T0_standard,0.0,1.0,1.0,23,0,0,1,0.9564037765401251,0.20929680902514125,0.9329156223494578,3.0,20,0.5421750500000001,0.9564037765401251,0.02010806926920778,0.02348815419066731
A5_hard_1px,T0_standard,0.0,1.0,1.0,35,0,0,1,0.9803363272267853,0.10366908593310145,0.9628973667606179,1.0,9,0.5700594444444445,0.9803363272267853,0.01743896046616744,0.0022247123070472147
A5_hard_1px,T0_standard,0.0,1.0,1.0,36,0,0,1,0.9834429328844223,0.09206542609768452,0.9698279015278157,3.0,18,0.6305999999999998,0.9834429328844223,0.013615031356606617,0.0029420357589710015
A5_hard_1px,T0_standard,0.0,1.0,1.0,40,0,0,1,0.9846167994887179,0.08533590009328124,0.9711868824671722,7.0,26,0.6631952692307693,0.9846167994887179,0.013429917021545713,0.0019532834897363037
A5_hard_1px,T0_standard,0.0,1.0,1.0,44,0,0,1,0.9899655188547821,0.060383321553293096,0.9814257054589288,6.0,22,0.6243710909090908,0.9899655188547821,0.008539813395853354,0.0014946677493644272
A5_hard_1px,T0_standard,0.0,1.0,1.0,51,0,0,1,0.9877449664262574,0.07280984164275578,0.978373042629311,6.0,19,0.7660634736842105,0.9877449664262574,0.009371923796946452,0.00288310977679623
A5_hard_1px,T0_standard,0.0,1.0,1.0,52,0,0,1,0.9515916397214427,0.2220714430898374,0.9162888122150126,2.0,13,0.4411058461538462,0.9515916397214427,0.01310553277212722,0.035302827506430066
A5_hard_1px,T0_standard,0.0,1.0,1.0,57,0,0,1,0.9863230310964302,0.07816391374609065,0.974754286054029,8.0,28,0.6690655000000001,0.9863230310964302,0.011568745042401149,0.0021082238611686934
A5_hard_1px,T0_standard,0.0,1.0,1.0,63,0,0,1,0.9830644888780635,0.09466409131977183,0.9697615854152105,9.0,30,0.7458895333333335,0.9830644888780635,0.013302903462852993,0.0036326076590833954
A5_hard_1px,T0_standard,0.0,1.0,1.0,67,0,0,1,0.982760104195257,0.09629622208256744,0.9694080961020604,6.0,20,0.7178675999999999,0.982760104195257,0.013352008093196581,0.003887887711546422
A5_hard_1px,T0_standard,0.0,1.0,1.0,71,0,0,1,0.9885818177992376,0.06764409536454538,0.9791158424276507,12.0,35,0.7804486857142857,0.9885818177992376,0.009465975371586853,0.001952206829175555
A5_hard_1px,T0_standard,0.0,1.0,1.0,73,0,0,1,0.9734000146226172,0.14115456843931717,0.9600515547853568,6.0,24,0.5408927499999999,0.9734000146226172,0.013348459837260388,0.013251525540122556
A5_hard_1px,T0_standard,0.0,1.0,1.0,81,0,0,1,0.9893364650236797,0.06354196724301289,0.9802756920609195,10.0,28,0.6805994285714284,0.9893364650236797,0.009060772962760198,0.0016027620135603158
A5_hard_1px,T0_standard,0.0,1.0,1.0,87,0,0,1,0.9823501835512694,0.09490870945983448,0.9666643041476037,7.0,26,0.6640094999999999,0.9823501835512694,0.01568587940366561,0.001963937045064992
A5_hard_1px,T0_standard,0.0,1.0,1.0,101,0,0,1,0.982251371714269,0.09885369252227474,0.9687021257087154,5.0,18,0.6716582222222223,0.982251371714269,0.013549246005553616,0.004199382280177446
A5_hard_1px,T0_standard,0.0,1.0,1.0,109,0,0,1,0.98112140428182,0.10418039650318353,0.9668922530350819,2.0,15,0.5712982666666666,0.98112140428182,0.014229151246738169,0.004649444471441737
A5_hard_1px,T0_standard,0.0,1.0,1.0,111,0,0,1,0.9756474001829495,0.12278571045889158,0.9538885937342308,16.0,38,0.9744740526315788,0.9756474001829495,0.02175880644871862,0.0025937933683318408
A5_hard_1px,T0_standard,0.0,1.0,1.0,112,0,0,1,0.9821781789275409,0.10121276463843559,0.9710124202623951,6.0,20,0.70145845,0.9821781789275409,0.011165758665145808,0.006656062407313316
A5_hard_1px,T0_standard,0.0,1.0,1.0,114,0,0,1,0.9390862903025942,0.26507737906423423,0.894694581829295,53.0,94,1.411514425531915,0.9390862903025942,0.016522001224106672,0.04439170847329922
A5_hard_1px,T0_standard,0.0,1.0,1.0,116,0,0,1,0.9802062447627126,0.10779315113422808,0.9648697080619826,5.0,19,0.6829561052631579,0.9802062447627126,0.015336536700730014,0.004457218536557347
A5_hard_1px,T0_standard,0.0,1.0,1.0,125,0,0,1,0.9842613590847471,0.08798604616726943,0.9711084811593508,5.0,21,0.685138476190476,0.9842613590847471,0.013152877925396319,0.0025857629898566685
A5_hard_1px,T0_standard,0.0,1.0,1.0,126,0,0,1,0.9869671208617934,0.07591824509636282,0.976457372204372,3.0,19,0.5716424736842105,0.9869671208617934,0.010509748657421393,0.00252313048078527
A5_hard_1px,T0_standard,0.0,1.0,1.0,135,0,0,1,0.9817608413181818,0.10199239755572023,0.9687064575222188,7.0,26,0.6855153846153844,0.9817608413181818,0.013054383795962934,0.005184774885855232
A5_hard_1px,T0_standard,0.0,1.0,1.0,137,0,0,1,0.9858060880496129,0.08206041321667942,0.9748104672499263,6.0,22,0.7633684545454543,0.9858060880496129,0.010995620799686644,0.003198291150700526
A5_hard_1px,T0_standard,0.0,1.0,1.0,138,0,0,1,0.9727949324138139,0.1437393041462431,0.9589053142865166,2.0,11,0.5640930909090909,0.9727949324138139,0.013315449458888854,0.013889618127297295
A5_hard_1px,T0_standard,0.0,1.0,1.0,143,0,0,1,0.9864618570384979,0.07828283115431335,0.9755027222320263,2.0,12,0.5242633333333334,0.9864618570384979,0.010959134806471541,0.002579008155030537
A5_hard_1px,T0_standard,0.0,1.0,1.0,148,0,0,1,0.953998583061812,0.21742856081908424,0.9261578879693161,5.0,24,0.647964,0.953998583061812,0.027840695092495833,0.018160721845692333
A5_hard_1px,T0_standard,0.0,1.0,1.0,149,0,0,1,0.9894046786863324,0.06240414107094254,0.9799811417073316,1.0,6,0.37699533333333335,0.9894046786863324,0.009423536979000764,0.0011717843346668601
A5_hard_1px,T0_standard,0.0,1.0,1.0,150,0,0,1,0.9788049581480606,0.11545157018814711,0.9637954041898614,8.0,24,0.7517964166666666,0.9788049581480606,0.015009553958199168,0.006185487893740301
A5_hard_1px,T0_standard,0.0,1.0,1.0,166,0,0,1,0.9915833453581533,0.05314383591893551,0.9851132043699123,1.0,8,0.523448625,0.9915833453581533,0.006470140988240903,0.0019465136536058582
A5_hard_1px,T0_standard,0.0,1.0,1.0,172,0,0,1,0.9837870567114142,0.09191038649302483,0.9715230486954766,8.0,24,0.78042225,0.9837870567114142,0.012264008015937588,0.003948935272648228
A5_hard_1px,T0_standard,0.0,1.0,1.0,174,0,0,1,0.984537119593089,0.08631373298210883,0.9713736312350277,2.0,13,0.49278453846153847,0.984537119593089,0.013163488358061241,0.0022993920488498195
A5_hard_1px,T0_standard,0.0,1.0,1.0,181,0,0,1,0.9820624069731688,0.09960798060911757,0.9682790593781508,7.0,24,0.70607475,0.9820624069731688,0.013783347595018033,0.00415424543181315
A5_hard_1px,T0_standard,0.0,1.0,1.0,183,0,0,1,0.9723661763380623,0.1340783141916723,0.9469252782942419,7.0,26,0.6592863846153847,0.9723661763380623,0.025440898043820485,0.0021929256181172424
A5_hard_1px,T0_standard,0.0,1.0,1.0,185,0,0,1,0.9797155417269763,0.11070632330746533,0.9646462445636486,9.0,22,0.7109205454545454,0.9797155417269763,0.015069297163327701,0.005215161109695949
A5_hard_1px,T0_standard,0.0,1.0,1.0,186,0,0,1,0.9296016194438066,0.2991121979123917,0.8821542192137959,5.0,18,0.5899305555555555,0.9296016194438066,0.02295098032618271,0.04744740023001074
A5_hard_1px,T0_standard,0.0,1.0,1.0,189,0,0,1,0.9856842646612992,0.08299084497908008,0.9748911584044534,7.0,19,0.7392215263157894,0.9856842646612992,0.010793106256845767,0.0035226290818550256
A5_hard_1px,T0_standard,0.0,1.0,1.0,193,0,0,1,0.9523528516904389,0.22210741726782923,0.9209596848656965,3.0,19,0.6627145789473685,0.9523528516904389,0.016253981484818693,0.03139316682474247
A5_hard_1px,T0_standard,0.0,1.0,1.0,202,0,0,1,0.9846991873601058,0.08582231543514066,0.9718205302336996,2.0,12,0.5620495,0.9846991873601058,0.012878657126406142,0.0024221555134881236
A5_hard_1px,T0_standard,0.0,1.0,1.0,216,0,0,1,0.9845974370163876,0.0854468222934005,0.9711625867390867,5.0,16,0.67221975,0.9845974370163876,0.01343485027730084,0.00196771270631176
A5_hard_1px,T0_standard,0.0,1.0,1.0,229,0,0,1,0.9239427750799298,0.30778121063904224,0.8636018397636128,1.0,8,0.43293575000000006,0.9239427750799298,0.01571628960375316,0.06034093531631697
A5_hard_1px,T0_standard,0.0,1.0,1.0,234,0,0,1,0.9836542430808352,0.0903164676755836,0.969733112244033,36.0,64,1.335183234375,0.9836542430808352,0.01392113083680217,0.002424626082362694
A5_hard_1px,T0_standard,0.0,1.0,1.0,235,0,0,1,0.9850100113263356,0.08428407278335195,0.9723308196445298,4.0,22,0.6667994090909091,0.9850100113263356,0.012679191681805747,0.0023107969918587136
A5_hard_1px,T0_standard,0.0,1.0,1.0,267,1,1,1,0.8818954743851194,0.38362906520793383,0.7687251945772874,1.0,6,0.5574418333333333,0.0049342458070486045,0.8818954743851194,0.11317027980783201
A5_hard_1px,T0_standard,0.0,1.0,1.0,294,1,1,1,0.9953619232312072,0.03183481139649054,0.9916258878802734,2.0,10,0.48758270000000004,0.0009020414178589544,0.9953619232312072,0.0037360353509338492
A5_hard_1px,T0_standard,0.0,1.0,1.0,299,1,1,1,0.9973601866483329,0.01928633506945912,0.9950415344012056,1.0,11,0.46210636363636354,0.002318652247127299,0.9973601866483329,0.00032116110453982285
A5_hard_1px,T0_standard,0.0,1.0,1.0,304,1,1,1,0.9982368116665296,0.014145658266018175,0.9972299798963635,12.0,30,0.8912446,0.0010068317701660233,0.9982368116665296,0.0007563565633043695
A5_hard_1px,T0_standard,0.0,1.0,1.0,312,1,1,1,0.9973043394071291,0.02039122170744356,0.9955620975615097,1.0,16,0.5348219375,0.0009534187472514261,0.9973043394071291,0.0017422418456194467
A5_hard_1px,T0_standard,0.0,1.0,1.0,315,1,1,1,0.9963939118317874,0.0262372931134681,0.9940803314591903,2.0,11,0.557503090909091,0.0012925077956155012,0.9963939118317874,0.0023135803725971306
A5_hard_1px,T0_standard,0.0,1.0,1.0,326,1,1,1,0.998385506152401,0.013049296092286895,0.9973557621265168,13.0,32,0.951023,0.0005847498217148812,0.998385506152401,0.0010297440258841405
A5_hard_1px,T0_standard,0.0,1.0,1.0,328,1,1,1,0.997214856294507,0.02107101857455536,0.9956285946670761,8.0,25,0.80846332,0.001198882078062055,0.997214856294507,0.0015862616274309141
A5_hard_1px,T0_standard,0.0,1.0,1.0,354,1,1,1,0.6518447335494736,0.6629867936739051,0.30657204863227666,3.0,14,0.6306156428571429,0.002882581533329692,0.6518447335494736,0.3452726849171969
A5_hard_1px,T0_standard,0.0,1.0,1.0,360,1,1,1,0.9827500438138039,0.0985092780460486,0.9718978900332718,4.0,11,0.733481909090909,0.006397802405663908,0.9827500438138039,0.01085215378053213
A5_hard_1px,T0_standard,0.0,1.0,1.0,372,1,1,1,0.9895227080249707,0.06542228893986547,0.9839338016208006,3.0,13,0.5985235384615385,0.005588906404170119,0.9895227080249707,0.00488838557085922
A5_hard_1px,T0_standard,0.0,1.0,1.0,382,1,1,1,0.8041395390421238,0.524747687712266,0.6152620513024789,5.0,17,0.6881702352941177,0.00698297321823143,0.8041395390421238,0.18887748773964483
A5_hard_1px,T0_standard,0.0,1.0,1.0,383,1,1,1,0.9948805106270864,0.03485446336660074,0.9909249391738766,3.0,18,0.7323625,0.0011639179197037283,0.9948805106270864,0.003955571453209831
A5_hard_1px,T0_standard,0.0,1.0,1.0,386,1,1,1,0.9966322440632682,0.024725850950209582,0.9944579416047484,4.0,19,0.6836167894736843,0.0011934534782119175,0.9966322440632682,0.0021743024585198245
A5_hard_1px,T0_standard,0.0,1.0,1.0,391,1,1,1,0.9986780929962122,0.010983488734083072,0.9979134987286661,1.0,5,0.7289920000000001,0.0005573127362416437,0.9986780929962122,0.0007645942675461109
A5_hard_1px,T0_standard,0.0,1.0,1.0,403,1,1,1,0.9827670433762892,0.09306101013501929,0.9674412380005893,2.0,10,0.4908507000000001,0.0019071512480110513,0.9827670433762892,0.015325805375699815
A5_hard_1px,T0_standard,0.0,1.0,1.0,415,1,1,1,0.9974293225758478,0.019608810935404362,0.9958435588899394,1.0,9,0.4188528888888889,0.0009849137382437342,0.9974293225758478,0.001585763685908437
A5_hard_1px,T0_standard,0.0,1.0,1.0,422,1,1,1,0.9635181755399104,0.16531837495039872,0.929387776690001,1.0,10,0.3612445,0.002351425610180278,0.9635181755399104,0.034130398849909295
A5_hard_1px,T0_standard,0.0,1.0,1.0,425,1,1,1,0.997868509643936,0.01640641475158769,0.9962416212902869,3.0,11,0.6197990909090909,0.0005046020024149622,0.997868509643936,0.0016268883536490672
A5_hard_1px,T0_standard,0.0,1.0,1.0,457,1,1,1,0.9980189286013221,0.01548791556719245,0.9965964993931903,10.0,28,0.8272295714285717,0.000558642190546099,0.9980189286013221,0.0014224292081318499
A5_hard_1px,T0_standard,0.0,1.0,1.0,481,1,2,0,0.5952793327220435,0.6962343937029659,0.1943230223036277,2.0,15,0.4130022666666665,0.0037643568595407736,0.4009563104184158,0.5952793327220435
A5_hard_1px,T0_standard,0.0,1.0,1.0,487,1,1,1,0.9985293226215124,0.012080283352582096,0.9977745604021354,11.0,29,0.8860926896551725,0.0007159151591106342,0.9985293226215124,0.0007547622193770003
A5_hard_1px,T0_standard,0.0,1.0,1.0,513,2,2,1,0.9856786213860195,0.08270619027604516,0.9746150210416328,34.0,67,1.1865429253731343,0.0032577782695939078,0.011063600344386717,0.9856786213860195
A5_hard_1px,T0_standard,0.0,1.0,1.0,538,2,2,1,0.9886503887984259,0.0691267139997614,0.9808006905626968,4.0,20,0.6192523000000001,0.0034999129658449526,0.007849698235729171,0.9886503887984259
A5_hard_1px,T0_standard,0.0,1.0,1.0,541,2,2,1,0.9856910819339175,0.08153613966378366,0.9738391800538355,4.0,15,0.6523588666666666,0.0024570161860004293,0.011851901880082059,0.9856910819339175
A5_hard_1px,T0_standard,0.0,1.0,1.0,549,2,2,1,0.9884137924536794,0.06941165847189949,0.9794874910813302,6.0,32,0.65795975,0.002659906173971156,0.00892630137234931,0.9884137924536794
A5_hard_1px,T0_standard,0.0,1.0,1.0,551,2,2,1,0.9782757189888228,0.11793208258526378,0.9630517497835872,29.0,66,1.068993803030303,0.0065003118059415435,0.01522396920523564,0.9782757189888228
A5_hard_1px,T0_standard,0.0,1.0,1.0,555,2,2,1,0.9796185967166321,0.11224551141041506,0.9656925853634952,29.0,66,1.068993803030303,0.006455391930230934,0.013926011353136897,0.9796185967166321
A5_hard_1px,T0_standard,0.0,1.0,1.0,558,2,2,1,0.9795195366291672,0.10859618438735444,0.9621318050794149,31.0,58,1.222802172413793,0.0030927318210805395,0.017387731549752327,0.9795195366291672
A5_hard_1px,T0_standard,0.0,1.0,1.0,561,2,2,1,0.982155647127044,0.09953583748826964,0.9687493007793198,6.0,23,0.6614797826086957,0.0044380065252318255,0.01340634634772416,0.982155647127044
A5_hard_1px,T0_standard,0.0,1.0,1.0,564,2,2,1,0.9526573623560554,0.2133284582623617,0.9141010020405138,22.0,53,0.8910560566037735,0.00878627732840304,0.03855636031554152,0.9526573623560554
A5_hard_1px,T0_standard,0.0,1.0,1.0,567,2,2,1,0.98004286009184,0.10898475041785127,0.9649759738051938,10.0,37,0.7751838378378378,0.004890253621513754,0.015066886286646179,0.98004286009184
A5_hard_1px,T0_standard,0.0,1.0,1.0,569,2,2,1,0.976132556304959,0.12823305568748364,0.9606991699060013,15.0,43,0.8109670232558138,0.0084340572960833,0.015433386398957612,0.976132556304959
A5_hard_1px,T0_standard,0.0,1.0,1.0,574,2,2,1,0.9482151234588954,0.23763128192587676,0.9151718209863758,1.0,20,0.53040425,0.018741574068585135,0.03304330247251949,0.9482151234588954
A5_hard_1px,T0_standard,0.0,1.0,1.0,581,2,2,1,0.966065988597307,0.15704395436834692,0.934614715481387,3.0,14,0.6483881428571427,0.002482738286773014,0.03145127311592,0.966065988597307
A5_hard_1px,T0_standard,0.0,1.0,1.0,585,2,2,1,0.9813017541000407,0.10509628326764175,0.9692490594731342,2.0,13,0.5086920769230769,0.006645551273052767,0.012052694626906495,0.9813017541000407
A5_hard_1px,T0_standard,0.0,1.0,1.0,614,2,2,1,0.98562284516421,0.08509970729057639,0.9774741343868936,7.0,35,0.6614222,0.006228444058473652,0.008148710777316376,0.98562284516421
A5_hard_1px,T0_standard,0.0,1.0,1.0,618,2,2,1,0.9852797061549229,0.08465958393580578,0.9739549340031606,38.0,79,1.0714351392405066,0.003395521693314797,0.011324772151762306,0.9852797061549229
A5_hard_1px,T0_standard,0.0,1.0,1.0,621,2,2,1,0.981767188670589,0.10348001635732401,0.9711826511982041,38.0,75,1.0566839733333333,0.007648273857026249,0.010584537472384822,0.981767188670589
A5_hard_1px,T0_standard,0.0,1.0,1.0,627,2,2,1,0.9626729126632838,0.18012186692090457,0.9344773507513489,24.0,69,0.7889472463768116,0.009131525424781265,0.02819556191193494,0.9626729126632838
A5_hard_1px,T0_standard,0.0,1.0,1.0,628,2,2,1,0.9882109216059053,0.07213596071568454,0.9815297734833398,1.0,14,0.5260488571428572,0.005107930271529264,0.006681148122565479,0.9882109216059053
A5_hard_1px,T0_standard,0.0,1.0,1.0,629,2,2,1,0.9654701273041373,0.1722714627263221,0.9426574040782744,23.0,65,0.809190323076923,0.02281272322586297,0.011717149469999863,0.9654701273041373
A5_hard_1px,T0_standard,0.0,1.0,1.0,634,2,2,1,0.9900323453535931,0.06213085029671945,0.9832940662291427,3.0,16,0.6306679375,0.003229375521956617,0.006738279124450312,0.9900323453535931
A5_hard_1px,T0_standard,0.0,1.0,1.0,635,2,2,1,0.989316259840408,0.06580823943171069,0.9820389198331945,2.0,10,0.5280875,0.00340640015237833,0.007277340007213616,0.989316259840408
A5_hard_1px,T0_standard,0.0,1.0,1.0,645,2,2,1,0.9820859671408728,0.0994428292105638,0.968272600482853,10.0,26,0.8725405,0.004100666201107483,0.013813366658019785,0.9820859671408728
A5_hard_1px,T0_standard,0.0,1.0,1.0,648,2,2,1,0.984255136508246,0.08986205880540367,0.9724713305051016,31.0,72,1.0457252083333333,0.00396105748860958,0.01178380600314444,0.984255136508246
A5_hard_1px,T0_standard,0.0,1.0,1.0,662,2,2,1,0.9843609271234215,0.0884851548109685,0.971934511653679,2.0,15,0.5766958,0.003212657406836,0.01242641546974256,0.9843609271234215
A5_hard_1px,T0_standard,0.0,1.0,1.0,680,2,2,1,0.9874183657026776,0.07498803962990579,0.9783326459879218,4.0,21,0.5819468095238095,0.0034959145825666305,0.009085719714755781,0.9874183657026776
A5_hard_1px,T0_standard,0.0,1.0,1.0,687,2,2,1,0.988449126137767,0.06797457439001822,0.9786772069685818,1.0,8,0.4055995,0.0017789546930478421,0.009771919169185137,0.988449126137767
A5_hard_1px,T0_standard,0.0,1.0,1.0,688,2,2,1,0.9889320133867795,0.06762452511843131,0.9811963841288446,38.0,69,1.2520341594202895,0.003332357355285631,0.007735629257934942,0.9889320133867795
A5_hard_1px,T0_standard,0.0,1.0,1.0,692,2,2,1,0.9843266808736763,0.08896214574706067,0.9721163745134436,38.0,79,1.0714351392405066,0.003463012766091196,0.012210306360232678,0.9843266808736763
A5_hard_1px,T0_standard,0.0,1.0,1.0,695,2,2,1,0.9886913780259972,0.06746382653183987,0.9795545950684021,2.0,11,0.5583097272727273,0.002171839016407866,0.009136782957594998,0.9886913780259972
A5_hard_1px,T0_standard,0.0,1.0,1.0,707,2,2,1,0.9883809572885608,0.06996575506043452,0.9797752213759786,30.0,60,1.10599235,0.003013306798856993,0.008605735912582166,0.9883809572885608
A5_hard_1px,T0_standard,0.0,1.0,1.0,1068,0,0,1,0.9792240873881313,0.10976218546560733,0.9615280188832244,2.0,11,0.46691427272727276,0.9792240873881313,0.017696068504906858,0.0030798441069618972
A5_hard_1px,T0_standard,0.0,1.0,1.0,1074,0,0,1,0.9873324047103951,0.07291331707266328,0.9763597208454076,8.0,25,0.77164884,0.9873324047103951,0.010972683864987488,0.0016949114246174127
A5_hard_1px,T0_standard,0.0,1.0,1.0,1089,0,0,1,0.9878680280513165,0.0701892460821989,0.9772706124632627,3.0,19,0.5798857368421053,0.9878680280513165,0.010597415588053747,0.0015345563606297924
A5_hard_1px,T0_standard,0.0,1.0,1.0,1096,0,0,1,0.9702544845581665,0.1541787284654955,0.9532879899094719,3.0,13,0.6659333846153845,0.9702544845581665,0.01696649464869455,0.012779020793138774
A5_hard_1px,T0_standard,0.0,1.0,1.0,1097,0,0,1,0.9786651204173353,0.1114732057079375,0.9601248470626679,1.0,7,0.4249707142857143,0.9786651204173353,0.018540273354667437,0.002794606227997216
A5_hard_1px,T0_standard,0.0,1.0,1.0,1100,0,0,1,0.9889014378538384,0.06637686649024442,0.9799045695036352,5.0,19,0.6168118947368422,0.9889014378538384,0.008996868350203139,0.0021016937959584736
A5_hard_1px,T0_standard,0.0,1.0,1.0,1105,0,0,1,0.986094245617909,0.07954579827222952,0.9745175667324526,8.0,21,0.7333708095238094,0.986094245617909,0.011576678885456413,0.002329075496634536
A5_hard_1px,T0_standard,0.0,1.0,1.0,1111,0,0,1,0.9843682388523531,0.08564450009394292,0.970322508843026,7.0,23,0.7248498695652174,0.9843682388523531,0.014045730009327132,0.0015860311383198496
A5_hard_1px,T0_standard,0.0,1.0,1.0,1112,0,0,1,0.9707694385780925,0.14605880545825867,0.9469487451772415,3.0,19,0.6731560526315788,0.9707694385780925,0.023820693400851002,0.0054098680210564465
A5_hard_1px,T0_standard,0.0,1.0,1.0,1113,0,0,1,0.9829198179278307,0.09613088090257428,0.9701824016821462,5.0,21,0.6701863809523808,0.9829198179278307,0.012737416245684507,0.0043427658264848
A5_hard_1px,T0_standard,0.0,1.0,1.0,1118,0,0,1,0.9834332745437336,0.09255483619976661,0.9701130947035116,8.0,26,0.7382225000000001,0.9834332745437336,0.013320179840222041,0.003246545616044274
A5_hard_1px,T0_standard,0.0,1.0,1.0,1119,0,0,1,0.9769224424789256,0.12475268686790014,0.9619628621389978,9.0,30,0.6934033666666666,0.9769224424789256,0.014959580339927675,0.008117977181146822
A5_hard_1px,T0_standard,0.0,1.0,1.0,1120,0,0,1,0.98864665493638,0.06607728725425932,0.9785476809828072,7.0,27,0.8011209259259259,0.98864665493638,0.010098973953572881,0.0012543711100470702
A5_hard_1px,T0_standard,0.0,1.0,1.0,1130,0,0,1,0.986359579777073,0.07923561877408326,0.9756572394321741,7.0,25,0.71656104,0.986359579777073,0.010702340344898914,0.0029380798780279838
A5_hard_1px,T0_standard,0.0,1.0,1.0,1135,0,0,1,0.9837778929098798,0.08948249731808244,0.9698081191395429,1.0,9,0.5254421111111112,0.9837778929098798,0.013969773770336912,0.0022523333197832897
A5_hard_1px,T0_standard,0.0,1.0,1.0,1137,0,0,1,0.9853755595753525,0.08507215647997202,0.9749477793418114,4.0,16,0.6085711874999999,0.9853755595753525,0.010427780233541073,0.004196660191106457
A5_hard_1px,T0_standard,0.0,1.0,1.0,1138,0,0,1,0.9743622612132393,0.12286406436606528,0.9495443718567602,9.0,26,0.8721031923076923,0.9743622612132393,0.024817889356479057,0.0008198494302815475
A5_hard_1px,T0_standard,0.0,1.0,1.0,1146,0,0,1,0.9873093521521308,0.07391063748663554,0.9768377671889745,4.0,14,0.7073084285714287,0.9873093521521308,0.010471584963156227,0.002219062884712959
A5_hard_1px,T0_standard,0.0,1.0,1.0,1148,0,0,1,0.9808933657784202,0.10481281836085574,0.9661543923956325,4.0,17,0.6329464117647058,0.9808933657784202,0.014738973382787684,0.004367660838792093
A5_hard_1px,T0_standard,0.0,1.0,1.0,1150,0,0,1,0.9843549967064339,0.0847191950002963,0.9698769712194754,1.0,11,0.43154409090909096,0.9843549967064339,0.014478025486958538,0.0011669778066075481
A5_hard_1px,T0_standard,0.0,1.0,1.0,1151,0,0,1,0.9771959978713692,0.1196479384044188,0.9585888673187702,3.0,15,0.5302294000000001,0.9771959978713692,0.01860713055259895,0.004196871576031707
A5_hard_1px,T0_standard,0.0,1.0,1.0,1154,0,0,1,0.9828117033102136,0.09512405342921848,0.9688085770652433,6.0,18,0.6704702777777779,0.9828117033102136,0.014003126244970361,0.003185170444815943
A5_hard_1px,T0_standard,0.0,1.0,1.0,1156,0,0,1,0.9886601707056445,0.06624383050588414,0.9786869789792486,3.0,13,0.6207592307692308,0.9886601707056445,0.009973191726395877,0.0013666375679597031
A5_hard_1px,T0_standard,0.0,1.0,1.0,1162,0,0,1,0.8990019665481148,0.3688885495661389,0.8125425842329718,15.0,37,0.8083777027027027,0.8990019665481148,0.08645938231514302,0.014538651136742138
A5_hard_1px,T0_standard,0.0,1.0,1.0,1166,1,1,1,0.9988814068577411,0.009469960934134412,0.9982043968794726,7.0,22,0.7661115000000002,0.00044158316399042926,0.9988814068577411,0.0006770099782684891
A5_hard_1px,T0_standard,0.0,1.0,1.0,1177,1,1,1,0.9901997123528791,0.05968245866386035,0.9821508918921822,3.0,15,0.3929898,0.0017514671864239325,0.9901997123528791,0.00804882046069689
A5_hard_1px,T0_standard,0.0,1.0,1.0,1186,1,1,1,0.9872785507595159,0.07336390315270107,0.976365598707701,2.0,11,0.519302,0.001808497188669363,0.9872785507595159,0.01091295205181481
A5_hard_1px,T0_standard,0.0,1.0,1.0,1190,1,1,1,0.997503312332655,0.019151398203662757,0.996046823910988,2.0,14,0.5306829285714285,0.0010401992456779087,0.997503312332655,0.0014564884216670476
A5_hard_1px,T0_standard,0.0,1.0,1.0,1239,1,1,1,0.9904808427504546,0.05935957382476503,0.9835595140915891,4.0,21,0.5608050476190476,0.002597828590680021,0.9904808427504546,0.00692132865886544
A5_hard_1px,T0_standard,0.0,1.0,1.0,1241,1,1,1,0.9844857286762426,0.08607116637043186,0.9710152412952268,2.0,14,0.5738868571428571,0.002043783942741452,0.9844857286762426,0.013470487381015878
A5_hard_1px,T0_standard,0.0,1.0,1.0,1247,1,1,1,0.9988555195595439,0.009677455032644014,0.9982040466789356,1.0,9,0.5222551111111111,0.0004930075598477406,0.9988555195595439,0.0006514728806083349
A5_hard_1px,T0_standard,0.0,1.0,1.0,1248,1,1,1,0.9983495167338295,0.013214876423121615,0.9971752095281091,3.0,17,0.5862612352941177,0.00047617606045014015,0.9983495167338295,0.0011743072057204085
A5_hard_1px,T0_standard,0.0,1.0,1.0,1249,1,1,1,0.9875626748277441,0.0702386629855081,0.9760592185247093,3.0,15,0.5889769333333332,0.0009338688692212606,0.9875626748277441,0.01150345630303468
A5_hard_1px,T0_standard,0.0,1.0,1.0,1258,1,1,1,0.9969500521549731,0.022762819087313976,0.9951143547766297,7.0,23,0.8148903913043478,0.0012142504666834252,0.9969500521549731,0.0018356973783434521
A5_hard_1px,T0_standard,0.0,1.0,1.0,1263,1,1,1,0.9970586149009545,0.02205686945708553,0.9952823299947561,6.0,20,0.6936217,0.001165100192847236,0.9970586149009545,0.0017762849061984372
A5_hard_1px,T0_standard,0.0,1.0,1.0,1269,1,1,1,0.9985120039487317,0.012204924734988085,0.9977451564856269,6.0,24,0.6545587916666666,0.0007211485881633294,0.9985120039487317,0.0007668474631048471
A5_hard_1px,T0_standard,0.0,1.0,1.0,1273,2,2,1,0.957005956301299,0.20270041505336772,0.9259050046112508,20.0,47,0.8696693617021276,0.011893092008652673,0.0311009516900482,0.957005956301299
A5_hard_1px,T0_standard,0.0,1.0,1.0,1279,2,2,1,0.9878117677524351,0.07331207138454437,0.979322986480038,38.0,69,1.2520341594202895,0.0036994509751678123,0.008488781272397099,0.9878117677524351
A5_hard_1px,T0_standard,0.0,1.0,1.0,1280,2,2,1,0.9885070460751378,0.06955220403083585,0.9802141808029758,17.0,56,0.6436827857142857,0.0032000886527000683,0.00829286527216205,0.9885070460751378
A5_hard_1px,T0_standard,0.0,1.0,1.0,1283,2,2,1,0.978301642228068,0.1151687151761588,0.9607545273866959,9.0,27,0.8517917037037037,0.004151242930559649,0.01754711484137221,0.978301642228068
A5_hard_1px,T0_standard,0.0,1.0,1.0,1284,2,2,1,0.9822179434475921,0.0995675000803967,0.9691565258588298,5.0,21,0.6391033333333332,0.004720638963645521,0.013061417588762276,0.9822179434475921
A5_hard_1px,T0_standard,0.0,1.0,1.0,1299,2,2,1,0.9775608915137303,0.11782629124307663,0.9590712917969096,11.0,28,0.8355607857142857,0.0039495087694491,0.01848959971682066,0.9775608915137303
A5_hard_1px,T0_standard,0.0,1.0,1.0,1300,2,2,1,0.9856252843343022,0.08394149454820726,0.9754565795445448,23.0,51,1.0054089803921569,0.004206010875940442,0.010168704789757349,0.9856252843343022
A5_hard_1px,T0_standard,0.0,1.0,1.0,1303,2,2,1,0.9872057039219745,0.07591398684471642,0.977838161474832,9.0,25,0.7858332800000001,0.0034267536308829373,0.009367542447142463,0.9872057039219745
A5_hard_1px,T0_standard,0.0,1.0,1.0,1308,2,2,1,0.9857852534805571,0.08247675175183805,0.9750416141250267,30.0,59,1.2064219830508476,0.003471107163912419,0.010743639355530417,0.9857852534805571
A5_hard_1px,T0_standard,0.0,1.0,1.0,1313,2,2,1,0.9811004262456409,0.10464477549222372,0.9672010486675063,28.0,61,1.0759157540983606,0.00500019617622463,0.013899377578134581,0.9811004262456409
A5_hard_1px,T0_standard,0.0,1.0,1.0,1321,2,2,1,0.9898605513724884,0.06329582737840334,0.9834230256883741,23.0,45,1.0777292666666667,0.0037019229433973393,0.00643752568411431,0.9898605513724884
A5_hard_1px,T0_standard,0.0,1.0,1.0,1327,2,2,1,0.9785635310963047,0.11248632387321539,0.9602550196450514,1.0,9,0.5182015555555555,0.0031279574524420606,0.01830851145125325,0.9785635310963047
A5_hard_1px,T0_standard,0.0,1.0,1.0,1333,2,2,1,0.9858561797205606,0.0822349050139642,0.9752545801767055,40.0,72,1.2515620555555556,0.0035422207355843083,0.010601599543855091,0.9858561797205606
A5_hard_1px,T0_standard,0.0,1.0,1.0,1339,2,2,1,0.9846644690358544,0.08650940001986146,0.9720877139357479,5.0,22,0.6441087727272726,0.002758775864039154,0.012576755100106468,0.9846644690358544
A5_hard_1px,T0_standard,0.0,1.0,1.0,1342,2,2,1,0.9887019116295447,0.06881382137587799,0.9808259641444141,27.0,57,1.0421935263157895,0.003422140885324838,0.007875947485130541,0.9887019116295447
A5_hard_1px,T0_standard,0.0,1.0,1.0,1351,2,2,1,0.9872613040428375,0.07567806261507261,0.9779726848304124,16.0,26,1.5248225769230772,0.0034500767447373584,0.0092886192124251,0.9872613040428375
A5_hard_1px,T0_standard,0.0,1.0,1.0,1359,2,2,1,0.9886603094584094,0.0687399435346911,0.9804386266682987,32.0,61,1.1845999180327869,0.0031180077514799173,0.00822168279011066,0.9886603094584094
