parcel_id,truth,pred,epistemic,prob_0,prob_1,prob_2
155,0,0,0.08146917819976807,0.7938517,0.11781964,0.08832875
155,0,0,0.07942527532577515,0.87478316,0.08964551,0.03557134
155,0,0,0.025751322507858276,0.9452116,0.04291189,0.011876522
155,0,0,0.02602498233318329,0.960335,0.031622976,0.0080421325
155,0,0,0.03290271759033203,0.9057506,0.0652242,0.0290252
155,0,0,0.05663430690765381,0.8929169,0.08600189,0.021081284
155,0,0,0.030649960041046143,0.9557338,0.035751224,0.00851511
155,0,0,0.05664440989494324,0.93376046,0.052620064,0.013619552
155,0,0,0.05998450517654419,0.92168325,0.051704578,0.026612278
155,0,0,0.07157325744628906,0.87781215,0.08561365,0.03657436
155,0,0,0.06615495681762695,0.85221124,0.107957415,0.039831363
155,0,0,0.020830601453781128,0.95200545,0.039326113,0.008668456
155,0,0,0.05577847361564636,0.923403,0.059156626,0.017440483
155,0,0,0.0473334938287735,0.94290334,0.04399228,0.013104472
155,0,0,0.06478449702262878,0.90226775,0.06396238,0.033769906
155,0,0,0.10781973600387573,0.6558318,0.16516571,0.17900257
155,0,0,0.06025201082229614,0.8788424,0.10245643,0.018701319
155,0,0,0.04858660697937012,0.9050265,0.07428568,0.020687925
155,0,0,0.048058927059173584,0.8870091,0.08369636,0.029294558
155,0,0,0.0817304253578186,0.8852415,0.07680295,0.037955634
155,0,0,0.10115200281143188,0.78159994,0.17501284,0.04338733
155,0,0,0.07004612684249878,0.73742396,0.20450702,0.05806924
17,0,2,0.06887739896774292,0.12723958,0.12027692,0.75248355
17,0,2,0.1193729043006897,0.20660345,0.25941488,0.53398174
17,0,2,0.12289094924926758,0.14854704,0.2575957,0.5938573
17,0,2,0.04801452159881592,0.10359509,0.12692748,0.7694775
17,0,2,0.04002314805984497,0.08573911,0.12028595,0.793975
17,0,2,0.07802039384841919,0.15188125,0.17673674,0.6713821
17,0,0,0.09857606887817383,0.42051503,0.24187669,0.3376084
17,0,0,0.13052332401275635,0.40227264,0.26250795,0.33521947
17,0,0,0.09889364242553711,0.3738607,0.26472324,0.36141613
17,0,2,0.06533944606781006,0.16951253,0.20219901,0.6282886
17,0,2,0.05962711572647095,0.118562594,0.20150699,0.67993045
17,0,0,0.13662749528884888,0.52267337,0.16179985,0.31552693
17,0,0,0.09044057130813599,0.7284358,0.14577165,0.12579262
17,0,0,0.1283283829689026,0.72113544,0.13258335,0.14628124
17,0,0,0.07047069072723389,0.8235692,0.11767848,0.05875243
17,0,0,0.11140555143356323,0.7492091,0.15864664,0.09214431
17,0,0,0.09438011050224304,0.83442265,0.10772355,0.05785386
17,0,0,0.14880448579788208,0.7673321,0.12909122,0.10357691
17,0,0,0.054227352142333984,0.8657842,0.09288992,0.041325964
17,0,0,0.08620569109916687,0.84009737,0.10163581,0.05826696
17,0,0,0.08258700370788574,0.7397714,0.16090809,0.099320486
17,0,2,0.1965099573135376,0.32770136,0.2793845,0.3929142
17,0,2,0.13276952505111694,0.40167722,0.17554091,0.42278197
17,0,0,0.10123729705810547,0.7600309,0.12373988,0.1162293
17,0,0,0.036926478147506714,0.8977873,0.06583614,0.03637672
17,0,0,0.055119842290878296,0.87512463,0.09219041,0.032685045
17,0,0,0.04443305730819702,0.8974106,0.07710317,0.025486376
17,0,0,0.04336535930633545,0.9379713,0.051158104,0.010870705
17,0,0,0.13023793697357178,0.88424236,0.07684082,0.038916927
17,0,0,0.06041085720062256,0.9149245,0.050927322,0.03414825
17,0,0,0.09251752495765686,0.83179134,0.11100448,0.057204314
17,0,0,0.08528238534927368,0.7754776,0.13531706,0.08920545
17,0,0,0.15111947059631348,0.37344053,0.33209583,0.29446372
17,0,0,0.11043727397918701,0.5708679,0.26809576,0.16103645
17,0,0,0.11650949716567993,0.8064432,0.10344738,0.09010948
17,0,0,0.04627293348312378,0.91162205,0.05554737,0.03283067
17,0,0,0.09206390380859375,0.8160181,0.11071627,0.073265694
17,0,0,0.05352783203125,0.8484211,0.09898017,0.052598815
17,0,0,0.029100924730300903,0.9236882,0.053242315,0.023069559
17,0,0,0.05261939764022827,0.8506193,0.10697594,0.042404827
17,0,0,0.052436888217926025,0.83282185,0.10497134,0.06220688
17,0,0,0.07190191745758057,0.80540866,0.13698979,0.05760163
17,0,0,0.06604433059692383,0.6691214,0.20245485,0.12842382
17,0,1,0.17856168746948242,0.24597311,0.45019203,0.30383492
17,0,2,0.04957139492034912,0.07708564,0.16857931,0.7543351
17,0,0,0.10402697324752808,0.5803738,0.2522049,0.16742137
17,0,0,0.03181856870651245,0.86520344,0.101470545,0.03332614
17,0,0,0.09209901094436646,0.801065,0.14667962,0.052255377
17,0,0,0.03489130735397339,0.92138606,0.053105257,0.02550876
17,0,0,0.06157752871513367,0.9032208,0.06975312,0.027026217
17,0,0,0.033094823360443115,0.88948613,0.08230535,0.028208628
17,0,0,0.08383363485336304,0.8099575,0.11990554,0.070137054
17,0,0,0.10225099325180054,0.7442264,0.16922234,0.08655137
17,0,0,0.0675809383392334,0.84181446,0.10961599,0.04856959
17,0,0,0.07570701837539673,0.48518807,0.28597638,0.2288356
17,0,0,0.15317189693450928,0.40953887,0.3886754,0.20178585
17,0,2,0.08942919969558716,0.060931366,0.17226331,0.7668054
17,0,0,0.07688546180725098,0.77854383,0.15401559,0.0674407
17,0,0,0.09436124563217163,0.77373666,0.13296546,0.09329791
17,0,0,0.03793102502822876,0.8636374,0.093237944,0.043124672
17,0,0,0.05622982978820801,0.8861728,0.078917414,0.034909885
17,0,0,0.0254671573638916,0.9336416,0.051476125,0.014882254
17,0,0,0.04027611017227173,0.8941726,0.07726181,0.028565679
17,0,0,0.15042424201965332,0.7778599,0.102949604,0.11919066
17,0,0,0.06737720966339111,0.8536923,0.084774934,0.061532803
17,0,0,0.10972672700881958,0.66814107,0.18810718,0.14375181
17,0,2,0.09847956895828247,0.23746328,0.33281416,0.42972258
17,0,1,0.1356467604637146,0.122381374,0.67923397,0.19838466
17,0,2,0.15287429094314575,0.062103268,0.3908255,0.5470713
17,0,0,0.1063394546508789,0.55501914,0.24864592,0.19633494
17,0,0,0.16283029317855835,0.4592209,0.2653186,0.2754606
17,0,0,0.12936395406723022,0.5922438,0.18656455,0.22119176
17,0,0,0.05359971523284912,0.86413825,0.095789246,0.04007267
17,0,0,0.056894153356552124,0.9229881,0.05365069,0.023361322
17,0,0,0.08037948608398438,0.72422415,0.17967457,0.09610144
17,0,0,0.10859125852584839,0.7424479,0.1437929,0.113759264
17,0,0,0.10181188583374023,0.63813967,0.19876643,0.16309394
17,0,0,0.1261993646621704,0.5504196,0.29351002,0.15607038
17,0,1,0.18947285413742065,0.13929854,0.56849456,0.29220697
17,0,1,0.14357352256774902,0.0657747,0.79147494,0.14275044
17,0,1,0.09526216983795166,0.07493478,0.6994334,0.22563192
17,0,1,0.11877524852752686,0.102178305,0.70531154,0.19251019
17,0,1,0.12543100118637085,0.14473662,0.4673534,0.3879101
17,0,0,0.14732927083969116,0.45504335,0.32649836,0.21845844
17,0,0,0.06033051013946533,0.77744263,0.1592368,0.06332073
17,0,0,0.1171836256980896,0.4755956,0.3130326,0.21137191
17,0,2,0.15841013193130493,0.34125665,0.30288038,0.355863
17,0,1,0.08995091915130615,0.25425965,0.37453127,0.37120917
17,0,2,0.10964202880859375,0.20361222,0.31100127,0.48538655
17,0,1,0.1326572299003601,0.087317064,0.5773224,0.3353606
3,0,1,0.15780621767044067,0.22041637,0.46351764,0.31606612
3,0,0,0.10205972194671631,0.40716064,0.31954092,0.27329847
3,0,0,0.1571744680404663,0.38822868,0.3697996,0.24197179
3,0,1,0.130257248878479,0.25231382,0.37418678,0.37349948
3,0,2,0.08391678333282471,0.18236412,0.178026,0.63960993
3,0,1,0.08940201997756958,0.05994855,0.8354391,0.10461241
3,0,0,0.07510936260223389,0.5231318,0.35785636,0.119011916
3,0,0,0.08858370780944824,0.6781931,0.23283187,0.08897516
3,0,0,0.10997790098190308,0.57572293,0.2575932,0.16668393
3,0,0,0.09429794549942017,0.7576082,0.15431221,0.08807965
3,0,0,0.1355898380279541,0.5343338,0.22020754,0.24545866
3,0,1,0.09891855716705322,0.4185429,0.44961047,0.1318467
3,0,0,0.08690083026885986,0.68925864,0.20084053,0.109900884
3,0,0,0.08068597316741943,0.75938135,0.162276,0.07834271
3,0,0,0.08392131328582764,0.800683,0.13669991,0.062617175
3,0,0,0.10890048742294312,0.7744722,0.15631697,0.06921098
3,0,1,0.08944970369338989,0.19323595,0.60065424,0.20610996
3,0,0,0.10504019260406494,0.6568535,0.22839034,0.114756234
3,0,0,0.06250539422035217,0.88533485,0.08301553,0.031649686
3,0,0,0.04071715474128723,0.9064203,0.06365361,0.029926026
3,0,0,0.10460716485977173,0.67795587,0.21651496,0.10552927
3,0,1,0.10680520534515381,0.14738898,0.6225134,0.23009771
3,0,0,0.11485761404037476,0.50007325,0.3311376,0.16878925
3,0,0,0.08837109804153442,0.8150572,0.14006193,0.044880975
3,0,0,0.06780043244361877,0.8808727,0.096659504,0.022467822
3,0,0,0.11270791292190552,0.7412875,0.19208236,0.06663026
3,0,2,0.04492396116256714,0.13901813,0.080898695,0.78008324
3,0,1,0.10756558179855347,0.094291285,0.69817936,0.20752941
3,0,1,0.11014437675476074,0.3684821,0.4603215,0.17119652
3,0,0,0.12049150466918945,0.64267784,0.27091628,0.08640597
3,0,0,0.08101019263267517,0.84895265,0.11392391,0.037123587
3,0,0,0.06589236855506897,0.828764,0.124138646,0.047097422
3,0,2,0.10178446769714355,0.3042504,0.17741302,0.5183366
3,0,1,0.13907551765441895,0.26123616,0.48708534,0.25167856
3,0,0,0.13743776082992554,0.6744594,0.23223764,0.09330309
3,0,0,0.08020001649856567,0.8612102,0.10191768,0.0368721
95,0,0,0.05426985025405884,0.93912697,0.040452454,0.020420674
95,0,0,0.023802608251571655,0.9614926,0.031891905,0.0066156876
95,0,0,0.01834385097026825,0.9603118,0.02994586,0.009742463
95,0,0,0.021518021821975708,0.9392991,0.048868597,0.011832325
95,0,0,0.02128903567790985,0.9609968,0.031473555,0.00752972
95,0,0,0.011935725808143616,0.9688468,0.025998142,0.0051550874
95,0,0,0.0517352819442749,0.9462494,0.038460586,0.015290036
95,0,0,0.016302183270454407,0.9557884,0.037141025,0.0070706913
95,0,0,0.04807254672050476,0.90925443,0.056203738,0.03454193
95,0,0,0.05780652165412903,0.8916611,0.07076648,0.03757255
95,0,0,0.056154340505599976,0.92048985,0.0626468,0.016863385
95,0,0,0.14606964588165283,0.5625164,0.13264516,0.30483854
95,0,2,0.17318427562713623,0.35663828,0.17343621,0.4699256
63,0,0,0.12601250410079956,0.5370153,0.18770708,0.2752776
63,0,0,0.12467646598815918,0.509128,0.13102755,0.3598446
63,0,2,0.11609584093093872,0.23309241,0.06667217,0.70023555
63,0,0,0.11430186033248901,0.48888916,0.13623668,0.37487423
63,0,0,0.11913895606994629,0.6224286,0.12557426,0.25199723
63,0,0,0.12655311822891235,0.58425725,0.122877695,0.29286522
63,0,0,0.11507391929626465,0.4612003,0.17789648,0.3609033
63,0,0,0.1009177565574646,0.7122607,0.105457544,0.18228182
63,0,0,0.07356417179107666,0.7798741,0.107437834,0.112688184
63,0,0,0.07750087976455688,0.75304264,0.11495678,0.13200065
63,0,0,0.08628922700881958,0.7881959,0.06848357,0.14332059
63,0,0,0.07135793566703796,0.8476045,0.06890294,0.08349256
63,0,0,0.0677131712436676,0.84215546,0.075968154,0.08187645
357,0,1,0.11097466945648193,0.07360501,0.71962595,0.20676926
357,0,0,0.1473340392112732,0.73323154,0.14915189,0.11761667
357,0,0,0.140022873878479,0.6940414,0.13910772,0.16685097
357,0,0,0.10054439306259155,0.6950211,0.18495268,0.12002624
357,0,1,0.10926651954650879,0.09094951,0.6227012,0.28634933
357,0,0,0.08941957354545593,0.8722315,0.088536,0.039232705
357,0,0,0.06767702102661133,0.8961076,0.06721642,0.03667611
357,0,0,0.061650991439819336,0.8911625,0.078812696,0.030024892
357,0,0,0.04476898908615112,0.9155751,0.06609904,0.018326009
357,0,0,0.03231103718280792,0.9468305,0.04278037,0.010389096
357,0,0,0.01756201684474945,0.9516404,0.039442983,0.0089166425
357,0,1,0.11238807439804077,0.1754834,0.44140348,0.38311318
357,0,0,0.06090188026428223,0.83835447,0.12773326,0.03391245
357,0,0,0.03967645764350891,0.9063939,0.06999794,0.023608362
357,0,0,0.043235838413238525,0.92637664,0.050612476,0.02301097
357,0,0,0.06681522727012634,0.9373146,0.04179565,0.020889776
357,0,0,0.008358187973499298,0.98042834,0.01573671,0.0038350057
357,0,0,0.015111342072486877,0.9680494,0.024069319,0.007881343
357,0,2,0.09031301736831665,0.22677238,0.22927724,0.5439505
357,0,0,0.20647013187408447,0.46571434,0.23383506,0.3004507
357,0,0,0.10949468612670898,0.7785812,0.1813406,0.04007823
357,0,0,0.06487917900085449,0.8783899,0.10133748,0.020272685
357,0,0,0.044113606214523315,0.92066944,0.06495584,0.014374808
357,0,0,0.02690814435482025,0.9414045,0.04489923,0.013696335
357,0,0,0.15432894229888916,0.51607704,0.2965226,0.18740042
357,0,0,0.09353554248809814,0.80250657,0.13398075,0.063512824
357,0,0,0.06285017728805542,0.7888005,0.1765115,0.034688205
357,0,0,0.06598040461540222,0.8644476,0.12163796,0.013914483
357,0,0,0.06716403365135193,0.8293946,0.14581689,0.024788706
357,0,0,0.15196216106414795,0.6361845,0.26281047,0.10100503
353,0,0,0.1116645336151123,0.5947263,0.27986887,0.12540478
353,0,0,0.11012640595436096,0.81627804,0.121241964,0.062479917
353,0,0,0.12046462297439575,0.7025313,0.24550217,0.0519667
353,0,0,0.11030888557434082,0.6627224,0.28835332,0.048924264
353,0,0,0.0398445725440979,0.8723111,0.10636973,0.021319212
353,0,0,0.06691396236419678,0.8126575,0.14063871,0.046703987
353,0,0,0.04667931795120239,0.8778761,0.10601091,0.016113052
353,0,0,0.022126242518424988,0.93769926,0.05174603,0.0105548045
353,0,0,0.03761264681816101,0.9183835,0.06010351,0.021513106
353,0,0,0.08073607087135315,0.8612557,0.09575317,0.042991195
353,0,0,0.12453573942184448,0.45250732,0.35932103,0.18817176
353,0,0,0.11219853162765503,0.65741205,0.29237548,0.050212525
353,0,0,0.05548027157783508,0.87795496,0.09470491,0.027340127
353,0,0,0.0469689667224884,0.89882004,0.0788623,0.02231774
353,0,0,0.054836809635162354,0.91955334,0.06379817,0.0166485
353,0,0,0.048067376017570496,0.9315131,0.05535956,0.013127401
353,0,0,0.03753362596035004,0.95680445,0.033596173,0.009599436
353,0,0,0.016904480755329132,0.9725697,0.02162806,0.005802289
353,0,0,0.02453117072582245,0.9538561,0.03379038,0.012353593
353,0,0,0.016146302223205566,0.9748529,0.019337561,0.005809515
353,0,0,0.02200135588645935,0.954017,0.03729073,0.008692357
353,0,0,0.0788891613483429,0.85339457,0.08408087,0.062524624
353,0,0,0.09898883104324341,0.57962334,0.2814081,0.13896863
353,0,0,0.04602396488189697,0.89410996,0.081623904,0.024266161
353,0,0,0.06382834911346436,0.89240956,0.088346794,0.019243741
353,0,0,0.02547377347946167,0.94436073,0.04365562,0.011983772
353,0,0,0.04393532872200012,0.89674485,0.08469065,0.018564621
353,0,0,0.0740741491317749,0.85172117,0.12049983,0.027779024
353,0,0,0.08258438110351562,0.8435875,0.13467984,0.021732671
353,0,0,0.03592170774936676,0.9382356,0.048673194,0.013091351
353,0,0,0.010526426136493683,0.9765402,0.019337332,0.004122503
353,0,0,0.028166279196739197,0.9757938,0.02085587,0.0033504923
353,0,0,0.0160210058093071,0.9783094,0.017550947,0.0041397014
353,0,0,0.016399480402469635,0.97496724,0.017735956,0.007296907
353,0,0,0.01074216514825821,0.98813164,0.0092773475,0.002591047
353,0,0,0.03487132489681244,0.9588408,0.033324085,0.007835202
353,0,0,0.020474553108215332,0.95196533,0.039191935,0.008842774
353,0,0,0.031460121273994446,0.94884175,0.042114984,0.009043337
353,0,0,0.021991178393363953,0.95671356,0.035344053,0.007942506
353,0,0,0.06341695785522461,0.9146523,0.06906168,0.01628615
353,0,0,0.04614090919494629,0.9092437,0.07325602,0.017500421
353,0,0,0.11865311861038208,0.77628076,0.17322819,0.050491154
353,0,0,0.07262563705444336,0.8360943,0.13922703,0.024678744
353,0,0,0.033731862902641296,0.95559657,0.036454674,0.00794875
353,0,0,0.00934908539056778,0.9844022,0.012683564,0.0029143067
353,0,0,0.027446448802947998,0.9675249,0.024243504,0.008231676
353,0,0,0.06957747042179108,0.9219773,0.059275363,0.018747395
353,0,0,0.010727457702159882,0.98089606,0.014971838,0.0041321893
353,0,0,0.013587497174739838,0.98016506,0.015347728,0.0044872807
353,0,0,0.014909952878952026,0.9806173,0.014467352,0.004915455
353,0,0,0.054337114095687866,0.87271553,0.11293501,0.0143495165
353,0,0,0.05349668860435486,0.8652301,0.119045764,0.015724167
353,0,0,0.05062830448150635,0.9193708,0.073154666,0.0074745975
353,0,0,0.01926080882549286,0.95799375,0.03718491,0.004821418
353,0,0,0.06174585223197937,0.9187243,0.06721041,0.01406529
353,0,0,0.02016754448413849,0.97056216,0.022842757,0.006595111
353,0,0,0.009684734046459198,0.9838809,0.0128251705,0.0032940067
353,0,0,0.01623331755399704,0.9770283,0.017046804,0.005924987
353,0,0,0.014177411794662476,0.98317003,0.013829233,0.0030007279
353,0,0,0.03823588788509369,0.933751,0.05662563,0.009623575
353,0,0,0.05356767773628235,0.94680244,0.044287838,0.00890972
353,0,0,0.023236915469169617,0.964251,0.026094425,0.009654632
353,0,0,0.02651040256023407,0.96686167,0.024484316,0.008654089
353,0,0,0.02309352159500122,0.96870226,0.0237634,0.0075343605
92,0,2,0.12070918083190918,0.28051677,0.31763327,0.40185004
92,0,0,0.033961713314056396,0.930628,0.05446026,0.014911768
92,0,0,0.14400631189346313,0.6137176,0.21009,0.17619246
92,0,0,0.1704021692276001,0.44209763,0.20181835,0.3560841
92,0,0,0.05838903784751892,0.8932423,0.06957797,0.03717983
92,0,0,0.040070921182632446,0.92085904,0.054000143,0.025140967
92,0,0,0.12022942304611206,0.7575555,0.14099313,0.10145148
92,0,0,0.06300574541091919,0.82485926,0.12449344,0.050647374
92,0,0,0.06641095876693726,0.7773062,0.117029496,0.10566449
92,0,0,0.04246056079864502,0.88431615,0.086525105,0.029158838
92,0,0,0.0362875759601593,0.9197424,0.0575553,0.022702312
92,0,0,0.03711968660354614,0.90484893,0.07625198,0.018899202
92,0,0,0.053618431091308594,0.90577716,0.07374578,0.020477107
92,0,0,0.036301612854003906,0.8415303,0.10818738,0.0502824
92,0,0,0.059217751026153564,0.9015635,0.06437489,0.03406157
92,0,0,0.02329796552658081,0.94976044,0.03766849,0.012571167
92,0,0,0.04202616214752197,0.8940066,0.082174934,0.023818595
92,0,0,0.055572450160980225,0.77676344,0.14049639,0.0827402
92,0,0,0.0822678804397583,0.72439367,0.15066028,0.124946035
92,0,0,0.06224715709686279,0.8117542,0.104530215,0.08371571
91,0,2,0.11396592855453491,0.2548661,0.24503325,0.50010073
91,0,2,0.09316647052764893,0.26735646,0.24716054,0.48548314
91,0,0,0.0652991533279419,0.8137758,0.13206819,0.05415611
91,0,2,0.16539573669433594,0.17790012,0.31489736,0.50720257
91,0,2,0.06462538242340088,0.13198364,0.16199066,0.7060258
91,0,0,0.1275336742401123,0.60010904,0.2520362,0.14785479
91,0,1,0.25836241245269775,0.14234152,0.6007,0.25695854
91,0,2,0.1568995714187622,0.09375159,0.25358635,0.65266216
91,0,0,0.13893312215805054,0.6498085,0.20530427,0.14488731
91,0,2,0.1877540946006775,0.21172704,0.33146304,0.45681
91,0,2,0.17796748876571655,0.102010764,0.3242387,0.5737506
91,0,1,0.2075299620628357,0.20308428,0.48893502,0.30798078
91,0,1,0.1550920009613037,0.12136893,0.4629857,0.41564548
356,0,0,0.08544442057609558,0.8214202,0.14469072,0.033889163
356,0,0,0.06518596410751343,0.8887055,0.089860335,0.021434292
356,0,0,0.027501001954078674,0.94947183,0.041718844,0.008809375
356,0,0,0.012955591082572937,0.97786653,0.017826663,0.0043068794
356,0,0,0.03211250901222229,0.9228835,0.05372904,0.023387548
356,0,0,0.07853123545646667,0.8383289,0.11996523,0.041705985
356,0,0,0.035126641392707825,0.95355624,0.03677451,0.009669269
356,0,0,0.026116080582141876,0.97689015,0.019675609,0.003434392
356,0,0,0.023942530155181885,0.9723632,0.022045096,0.0055917054
356,0,0,0.036202847957611084,0.93165743,0.045320608,0.023021955
356,0,0,0.043408527970314026,0.94917375,0.04539844,0.0054279165
356,0,0,0.01586584746837616,0.9681971,0.026956564,0.0048464965
356,0,0,0.029017716646194458,0.9505256,0.03897152,0.010502862
356,0,0,0.043599724769592285,0.9486667,0.047309022,0.0040242677
356,0,0,0.03357815742492676,0.93162733,0.060958926,0.007413746
356,0,0,0.06801888346672058,0.8991064,0.0828837,0.018009985
209,0,0,0.10346484184265137,0.7724746,0.09058623,0.13693924
209,0,2,0.09890884160995483,0.2632386,0.31243914,0.42432234
209,0,0,0.06240564584732056,0.87219393,0.07137606,0.056430075
209,0,0,0.04525679349899292,0.8794252,0.062140815,0.05843403
209,0,0,0.06980514526367188,0.7394457,0.15399425,0.106560126
209,0,0,0.05945175886154175,0.79601854,0.107604854,0.09637671
209,0,0,0.04448741674423218,0.87259936,0.07906697,0.04833382
209,0,0,0.03667360544204712,0.92596084,0.04119089,0.03284831
209,0,0,0.04118591547012329,0.91783875,0.051270843,0.030890448
209,0,0,0.024511471390724182,0.94524074,0.036236636,0.018522708
209,0,0,0.05641186237335205,0.5715299,0.18944201,0.23902816
209,0,0,0.12843221426010132,0.59873927,0.1661428,0.2351179
209,0,0,0.044763535261154175,0.88840455,0.054530486,0.057065003
209,0,0,0.06298193335533142,0.92263556,0.041733954,0.035630524
209,0,0,0.04575929045677185,0.9285181,0.04364499,0.027837
209,0,0,0.019817963242530823,0.9587908,0.026207546,0.015001752
209,0,0,0.019508972764015198,0.9601419,0.025382524,0.014475625
209,0,0,0.047247856855392456,0.8592473,0.07203492,0.06871787
209,0,2,0.0977778434753418,0.3826979,0.17152289,0.44577926
209,0,0,0.08540475368499756,0.84006405,0.09328706,0.066649035
209,0,0,0.018424242734909058,0.95185524,0.0251061,0.023038702
209,0,0,0.04157207906246185,0.9447068,0.026293522,0.028999878
209,0,0,0.02584424614906311,0.96993655,0.017744713,0.012318817
209,0,0,0.021927550435066223,0.9566636,0.028769013,0.014567401
209,0,0,0.009430214762687683,0.9818061,0.0128738005,0.0053201327
209,0,0,0.06636422872543335,0.5462272,0.17954281,0.27423
209,0,0,0.03174692392349243,0.9284317,0.038564373,0.033003908
209,0,0,0.056184589862823486,0.9150776,0.05540019,0.02952224
209,0,0,0.014538437128067017,0.9673777,0.02095662,0.011665779
209,0,0,0.0318334698677063,0.94826216,0.026596187,0.025141727
209,0,0,0.023306190967559814,0.9571639,0.028083585,0.014752631
209,0,0,0.04276777803897858,0.9398939,0.034519713,0.025586426
209,0,0,0.1356683373451233,0.56303835,0.094360754,0.34260094
209,0,0,0.08898705244064331,0.65627366,0.12414362,0.21958268
209,0,0,0.038781046867370605,0.92023957,0.04561684,0.03414374
209,0,0,0.02803228795528412,0.94281805,0.03741448,0.019767491
209,0,0,0.03156605362892151,0.9392713,0.03273279,0.027996028
209,0,0,0.029140904545783997,0.9457511,0.03600117,0.0182478
209,0,0,0.05552324652671814,0.90460575,0.054163083,0.04123136
209,0,0,0.08882570266723633,0.7731949,0.07124525,0.15555993
209,0,0,0.04126352071762085,0.90813106,0.045454174,0.04641482
209,0,0,0.047930389642715454,0.9131504,0.04969071,0.037158974
209,0,0,0.05673283338546753,0.9053774,0.059290625,0.035332087
209,0,0,0.07735869288444519,0.8343926,0.054583583,0.11102396
209,0,0,0.028537124395370483,0.9211046,0.044526674,0.03436873
64,0,2,0.06704950332641602,0.1474594,0.09489785,0.7576428
64,0,0,0.1361539363861084,0.49758258,0.12473528,0.3776821
64,0,2,0.1262393593788147,0.37474075,0.11393823,0.51132107
64,0,2,0.061314940452575684,0.22067142,0.09074691,0.68858176
64,0,2,0.06980586051940918,0.1704147,0.21528202,0.61430335
64,0,0,0.12262332439422607,0.4849436,0.14507973,0.36997676
64,0,0,0.10100096464157104,0.60121393,0.11654393,0.2822422
64,0,0,0.09136098623275757,0.6332448,0.14606275,0.22069252
64,0,0,0.12353336811065674,0.5146971,0.1692079,0.31609505
64,0,2,0.09760946035385132,0.3741334,0.13658677,0.48927984
64,0,0,0.0942850112915039,0.6388565,0.124204576,0.23693901
64,0,0,0.06139564514160156,0.8042335,0.10091814,0.094848536
64,0,0,0.06284555792808533,0.8585411,0.070399664,0.07105941
64,0,0,0.07829529047012329,0.7441447,0.08337367,0.17248172
64,0,0,0.06124842166900635,0.8014216,0.07568523,0.12289323
64,0,0,0.05784416198730469,0.74195606,0.12363007,0.13441403
64,0,0,0.08838778734207153,0.7957513,0.08787011,0.11637869
64,0,0,0.05352884531021118,0.78895813,0.10228352,0.10875841
64,0,0,0.06795758008956909,0.8138556,0.08825869,0.09788588
64,0,0,0.05096465349197388,0.8093457,0.085036315,0.10561817
64,0,0,0.07348358631134033,0.7841665,0.10063472,0.11519889
64,0,0,0.09939390420913696,0.7394107,0.12057155,0.14001781
64,0,0,0.11185532808303833,0.5901144,0.14666548,0.26322004
64,0,2,0.0901498794555664,0.26339087,0.15820348,0.57840574
0,0,0,0.04320567846298218,0.8058209,0.09790747,0.09627169
0,0,0,0.08891123533248901,0.64466083,0.21966162,0.13567759
0,0,1,0.09272915124893188,0.36359274,0.4710496,0.16535771
0,0,2,0.06663215160369873,0.04094537,0.04888343,0.91017133
0,0,2,0.12973302602767944,0.23201008,0.16346613,0.6045239
0,0,0,0.03586360812187195,0.898679,0.06702087,0.03430016
0,0,0,0.0282115638256073,0.93636304,0.03707296,0.026564158
0,0,0,0.04165998101234436,0.9009687,0.05447142,0.04456003
0,0,0,0.053154826164245605,0.9020801,0.049119975,0.048800018
0,0,0,0.10850828886032104,0.7525823,0.07782823,0.16958953
0,0,0,0.06366467475891113,0.8596918,0.061518107,0.078790225
0,0,0,0.04249095916748047,0.931665,0.03456083,0.033774197
0,0,0,0.04936295747756958,0.8816101,0.050593097,0.06779686
0,0,0,0.07664796710014343,0.8722825,0.04069619,0.08702135
0,0,0,0.02955043315887451,0.94788927,0.0257755,0.026335344
0,0,0,0.037569284439086914,0.91396296,0.03485811,0.051178966
0,0,0,0.03638187050819397,0.9326281,0.034522846,0.032849133
0,0,0,0.0247049480676651,0.9596543,0.024583247,0.015762558
0,0,0,0.03774037957191467,0.9448896,0.038133737,0.016976686
0,0,0,0.05100744962692261,0.9238252,0.041481566,0.03469329
0,0,0,0.05480334162712097,0.91127366,0.055850755,0.03287571
0,0,0,0.04009878635406494,0.9133981,0.056033585,0.030568395
0,0,0,0.04920274019241333,0.9073664,0.0549818,0.037651826
0,0,0,0.10151290893554688,0.8477326,0.0711432,0.08112435
0,0,0,0.07589930295944214,0.76658314,0.16155566,0.07186133
0,0,2,0.0494152307510376,0.124641605,0.08392077,0.7914377
0,0,0,0.1702640950679779,0.80345166,0.05341039,0.14313805
0,0,0,0.06562435626983643,0.8915766,0.055003762,0.05341979
0,0,0,0.03087964653968811,0.9293317,0.035780113,0.034888245
0,0,0,0.05098879337310791,0.903359,0.032229047,0.064412035
0,0,0,0.04972279071807861,0.9022295,0.044739507,0.05303105
0,0,0,0.056310057640075684,0.8871637,0.045647155,0.06718927
0,0,0,0.06059390306472778,0.91584694,0.042536225,0.041616898
0,0,0,0.03582470118999481,0.9528762,0.024889072,0.022234766
0,0,0,0.028892815113067627,0.9562527,0.026208533,0.017538842
0,0,0,0.04095791280269623,0.9373392,0.035950318,0.026710583
0,0,0,0.02669413387775421,0.96130645,0.022803074,0.015890602
0,0,0,0.032179296016693115,0.9364118,0.032159887,0.031428307
0,0,0,0.03750872611999512,0.9343448,0.03970079,0.025954442
0,0,0,0.03552442789077759,0.96016306,0.01851025,0.02132678
0,0,0,0.031876951456069946,0.9441473,0.033742066,0.022110725
0,0,0,0.0230826735496521,0.9526385,0.032291222,0.015070309
0,0,0,0.024316594004631042,0.9406935,0.03628107,0.023025598
0,0,0,0.056692734360694885,0.9415489,0.037995085,0.020456076
0,0,0,0.02201201021671295,0.96220255,0.027679266,0.010118292
0,0,0,0.02793380618095398,0.9293817,0.041246697,0.029371586
0,0,0,0.035185933113098145,0.8592576,0.09565569,0.04508684
0,0,0,0.10831266641616821,0.7197138,0.093786016,0.18650027
0,0,0,0.10823571681976318,0.8515179,0.04646237,0.10201979
0,0,0,0.04769790172576904,0.9474362,0.027402306,0.025161577
0,0,0,0.018132910132408142,0.9663385,0.023537397,0.010124146
0,0,0,0.03524188697338104,0.94920695,0.03062565,0.020167384
0,0,0,0.024133160710334778,0.9490203,0.02843139,0.022548396
0,0,0,0.04466257989406586,0.94461435,0.02520905,0.030176714
0,0,0,0.0424237996339798,0.9464806,0.027113669,0.02640586
0,0,0,0.020563408732414246,0.9719087,0.016586227,0.011505205
0,0,0,0.020263493061065674,0.9523582,0.026813917,0.020827943
0,0,0,0.03819712996482849,0.9539076,0.023715792,0.0223767
0,0,0,0.05100138485431671,0.9580718,0.018146098,0.023782155
0,0,0,0.03972849249839783,0.9239292,0.044412293,0.03165853
0,0,0,0.03296838700771332,0.94527036,0.029983645,0.02474607
0,0,0,0.012536592781543732,0.9750958,0.016681533,0.00822279
0,0,0,0.03033369779586792,0.9371477,0.036392376,0.026460007
0,0,0,0.03951902687549591,0.93731785,0.035926756,0.026755396
0,0,0,0.07545071840286255,0.91076297,0.05058844,0.038648706
0,0,0,0.01337231695652008,0.96944726,0.020344088,0.010208758
0,0,0,0.025814592838287354,0.93636626,0.03894299,0.024690822
0,0,0,0.0673907995223999,0.85935897,0.06602828,0.0746128
0,0,0,0.09539794921875,0.7032733,0.16844499,0.1282818
0,0,0,0.049903273582458496,0.8655951,0.08103582,0.05336921
0,0,0,0.07518842816352844,0.8776285,0.06598241,0.056389216
0,0,0,0.034619346261024475,0.9600182,0.021325052,0.01865682
0,0,0,0.019027836620807648,0.97758794,0.013899721,0.008512345
0,0,0,0.020625874400138855,0.9696964,0.018763244,0.011540364
0,0,0,0.036402493715286255,0.93962014,0.037748817,0.022631198
0,0,0,0.022257328033447266,0.96773314,0.019378314,0.012888585
0,0,0,0.018590793013572693,0.9699784,0.01819822,0.0118234465
0,0,0,0.019135944545269012,0.9731399,0.017497009,0.009363143
0,0,0,0.03173220157623291,0.95601606,0.023887323,0.020096667
0,0,0,0.023157969117164612,0.96169513,0.020933984,0.017370973
0,0,0,0.020776450634002686,0.96839416,0.019238994,0.012366908
0,0,0,0.05774840712547302,0.9052183,0.05908118,0.035700545
0,0,0,0.04223191738128662,0.90007335,0.054358065,0.045568604
0,0,0,0.044512733817100525,0.936055,0.0338252,0.0301198
0,0,0,0.05455148220062256,0.87731075,0.06522856,0.05746076
0,0,0,0.03566434979438782,0.92288196,0.032725655,0.04439257
0,0,0,0.031717658042907715,0.9079873,0.04527049,0.046742227
0,0,0,0.050743669271469116,0.8923553,0.056596488,0.051048253
0,0,0,0.03457257151603699,0.92012906,0.046533864,0.033337172
0,0,0,0.05788937211036682,0.88366115,0.056261215,0.060077667
0,0,0,0.09489160776138306,0.6312401,0.14459975,0.22416027
0,0,0,0.05452364683151245,0.80789053,0.097908646,0.09420093
0,0,0,0.04416826367378235,0.93035436,0.037637033,0.03200867
0,0,0,0.02833104133605957,0.9408886,0.031453997,0.027657542
0,0,0,0.019804760813713074,0.9628857,0.022276022,0.014838391
0,0,0,0.019636958837509155,0.95977163,0.023593452,0.01663509
0,0,0,0.03547467291355133,0.9514832,0.028925888,0.019591076
0,0,0,0.02295820415019989,0.96259123,0.02254753,0.014861299
0,0,0,0.053433194756507874,0.9309031,0.029026689,0.040070165
0,0,0,0.05319836735725403,0.9274443,0.040198214,0.032357596
0,0,0,0.02287350594997406,0.9591311,0.02454241,0.016326591
0,0,0,0.04106295108795166,0.9279114,0.04337438,0.028714137
0,0,0,0.03375868499279022,0.95035166,0.02689929,0.022749135
0,0,0,0.045611053705215454,0.92590624,0.045946006,0.028147835
0,0,0,0.0387054979801178,0.91553897,0.050952036,0.03350911
0,0,0,0.03779253363609314,0.90592617,0.049813714,0.04426018
0,0,0,0.05683022737503052,0.89261955,0.054935627,0.052444927
0,0,0,0.08263963460922241,0.7447366,0.09407202,0.16119145
0,0,0,0.06748440861701965,0.8566647,0.06535384,0.0779815
0,0,0,0.021044105291366577,0.9557748,0.026857033,0.017368257
0,0,0,0.0908803939819336,0.8897454,0.064474955,0.0457797
0,0,0,0.04848212003707886,0.89545506,0.064910494,0.039634466
0,0,0,0.05063396692276001,0.92589515,0.040666975,0.03343802
0,0,0,0.02067604660987854,0.9394218,0.040311135,0.020267261
0,0,0,0.03226093947887421,0.950004,0.027277429,0.022718625
0,0,0,0.023250296711921692,0.9643745,0.022143027,0.013482591
0,0,0,0.04505456984043121,0.95807,0.020684605,0.021245535
0,0,0,0.04925385117530823,0.94743395,0.027916744,0.024649408
0,0,0,0.03088425099849701,0.9504623,0.023064302,0.026473468
0,0,0,0.022033870220184326,0.9477878,0.033957798,0.018254336
0,0,0,0.03617565333843231,0.934821,0.028539408,0.03663968
0,0,0,0.03885015845298767,0.94321007,0.03147669,0.025313333
0,0,0,0.03897376358509064,0.9364163,0.028193345,0.03539042
0,0,0,0.05483323335647583,0.8929675,0.037816975,0.06921553
0,0,0,0.09586238861083984,0.71635276,0.08239521,0.20125213
0,0,2,0.1654176115989685,0.41512856,0.09385563,0.49101588
0,0,0,0.0708375871181488,0.83651423,0.06641466,0.09707124
0,0,0,0.1303347945213318,0.48223603,0.15022922,0.36753482
0,0,0,0.09885936975479126,0.5774974,0.1435372,0.27896538
0,0,0,0.10991251468658447,0.71483606,0.11190957,0.17325443
0,0,0,0.10028350353240967,0.7410333,0.08909337,0.16987337
0,0,0,0.09545964002609253,0.8140818,0.058905084,0.1270132
0,0,0,0.07332032918930054,0.8902297,0.03766388,0.07210645
0,0,0,0.03470221161842346,0.9187303,0.040050507,0.04121922
0,0,0,0.08126077055931091,0.89280957,0.049587905,0.057602618
0,0,0,0.025813132524490356,0.93218654,0.033903547,0.033909984
0,0,0,0.03675967454910278,0.9139714,0.044647135,0.04138151
0,0,0,0.2125353217124939,0.72614497,0.063941225,0.20991391
109,0,2,0.07348614931106567,0.12902138,0.112277515,0.7587011
109,0,2,0.04899632930755615,0.09186743,0.09943324,0.8086994
109,0,0,0.10336381196975708,0.48914924,0.17788202,0.33296883
109,0,0,0.12886881828308105,0.7301886,0.12940039,0.14041108
109,0,0,0.08047500252723694,0.84595555,0.08247624,0.07156825
109,0,2,0.08186417818069458,0.2486834,0.14838216,0.60293454
109,0,0,0.08445030450820923,0.83790886,0.083022125,0.079069115
109,0,0,0.050415754318237305,0.9132624,0.053158864,0.033578843
109,0,0,0.05027729272842407,0.92502415,0.045268446,0.029707514
109,0,0,0.10037344694137573,0.8164593,0.10553013,0.07801065
109,0,2,0.12276053428649902,0.30271754,0.13294363,0.5643389
109,0,0,0.03935125470161438,0.89990586,0.06430047,0.035793774
109,0,0,0.04209929704666138,0.91970617,0.055675346,0.024618555
109,0,0,0.029715001583099365,0.93093073,0.05371404,0.015355311
109,0,0,0.026529788970947266,0.90807676,0.06346469,0.028458612
109,0,0,0.10393655300140381,0.63603073,0.18435173,0.17961766
109,0,2,0.09203314781188965,0.24908452,0.26004544,0.49087015
109,0,0,0.17920327186584473,0.5099148,0.13477935,0.3553059
109,0,0,0.02986602485179901,0.94569325,0.04091861,0.013388154
109,0,0,0.01483069360256195,0.9443809,0.042218734,0.013400513
109,0,0,0.029827773571014404,0.9170763,0.06008914,0.022834672
109,0,0,0.05471202731132507,0.87337977,0.092690416,0.033929966
109,0,0,0.09425431489944458,0.64941365,0.21370846,0.13687794
109,0,0,0.15471988916397095,0.39935037,0.27836844,0.32228127
109,0,2,0.04575297236442566,0.09170731,0.05791671,0.85037607
109,0,0,0.0880311131477356,0.7258939,0.09919315,0.17491306
109,0,0,0.05209195613861084,0.8764749,0.0836883,0.03983691
109,0,0,0.07134130597114563,0.868623,0.08453105,0.04684604
109,0,0,0.08916446566581726,0.87602365,0.081724204,0.042252325
109,0,0,0.049810439348220825,0.86385304,0.08999507,0.04615199
109,0,0,0.11352121829986572,0.66089374,0.2007483,0.13835806
109,0,2,0.10895800590515137,0.3215867,0.26150492,0.4169085
109,0,2,0.14787369966506958,0.3918679,0.09233861,0.51579356
109,0,0,0.08581545948982239,0.87613887,0.07065939,0.053201783
109,0,0,0.05110013484954834,0.8851166,0.092841625,0.02204198
109,0,0,0.051687538623809814,0.85970795,0.10254323,0.037748907
109,0,0,0.0604148805141449,0.87674344,0.08772124,0.035535492
109,0,0,0.04146939516067505,0.8933564,0.06336832,0.043275386
109,0,0,0.05376410484313965,0.8441657,0.09568208,0.06015231
109,0,0,0.1403258740901947,0.8113193,0.06111296,0.12756789
109,0,0,0.009522862732410431,0.9778322,0.016318107,0.0058498075
109,0,0,0.03511190414428711,0.9171578,0.058096383,0.024745889
109,0,0,0.04015347361564636,0.8975028,0.074289195,0.028208185
109,0,0,0.03503581881523132,0.92725843,0.051716708,0.021024978
109,0,0,0.06994485855102539,0.82648623,0.12079852,0.052715193
109,0,0,0.06917351484298706,0.8331164,0.08363159,0.08325205
109,0,0,0.022509947419166565,0.9571245,0.032713883,0.010161759
109,0,0,0.021503880620002747,0.9397236,0.04744933,0.012827127
109,0,0,0.019891828298568726,0.95591736,0.03358522,0.010497535
109,0,0,0.030200600624084473,0.9226364,0.055646215,0.021717362
109,0,0,0.07570117712020874,0.87039894,0.09369257,0.03590856
109,0,0,0.05120512843132019,0.894525,0.0639186,0.041556593
109,0,0,0.07894319295883179,0.7732696,0.13004524,0.09668525
109,0,0,0.07766890525817871,0.7941754,0.11742885,0.08839587
109,0,0,0.03325745463371277,0.8902663,0.08343271,0.026301157
109,0,0,0.05493000149726868,0.835969,0.11576869,0.04826245
109,0,0,0.07275384664535522,0.7304222,0.14965165,0.11992626
109,0,0,0.13059943914413452,0.49847943,0.21866018,0.28286043
197,0,0,0.053668856620788574,0.776423,0.16608307,0.057494063
197,0,0,0.08033904433250427,0.8976909,0.08500235,0.017306823
197,0,0,0.030132919549942017,0.906755,0.07436403,0.018880988
197,0,0,0.035569608211517334,0.9217429,0.061571162,0.016685948
197,0,0,0.028201520442962646,0.9200825,0.05934509,0.020572452
197,0,0,0.052248865365982056,0.87622213,0.08074036,0.043037504
197,0,0,0.043291330337524414,0.95440173,0.040623687,0.0049747033
197,0,0,0.034253016114234924,0.93193686,0.055840477,0.012222659
197,0,0,0.018307983875274658,0.9491295,0.042415403,0.008455088
197,0,0,0.014346718788146973,0.96492493,0.029856805,0.005218386
197,0,0,0.03257019817829132,0.94990367,0.040049247,0.010047093
197,0,0,0.0206434428691864,0.9613174,0.031694572,0.006988112
197,0,0,0.021577931940555573,0.9716082,0.023800464,0.0045913346
197,0,0,0.021903306245803833,0.97321475,0.023067556,0.0037177685
197,0,0,0.03901222348213196,0.8758694,0.09758755,0.026543135
197,0,1,0.0909605622291565,0.36105075,0.46667057,0.17227878
197,0,0,0.021235734224319458,0.9406406,0.049045946,0.010313533
197,0,0,0.05515219271183014,0.93887377,0.052899934,0.008226352
197,0,0,0.04156696796417236,0.9448775,0.043137483,0.011985086
197,0,0,0.08895567059516907,0.8846383,0.09906184,0.016299956
197,0,0,0.028405308723449707,0.9586702,0.03172661,0.0096032685
197,0,0,0.01791037619113922,0.9673044,0.028220078,0.0044755638
197,0,0,0.009044870734214783,0.9828636,0.014534838,0.002601606
197,0,0,0.02254946529865265,0.9490155,0.043067068,0.007917537
197,0,0,0.10892254114151001,0.7114056,0.23558663,0.053007804
197,0,0,0.1368725299835205,0.5887717,0.33949137,0.07173704
197,0,1,0.09997308254241943,0.14980648,0.65123636,0.19895719
197,0,0,0.05298423767089844,0.8938399,0.09142631,0.014733917
197,0,0,0.05677035450935364,0.8872734,0.094711006,0.018015712
197,0,0,0.03208974003791809,0.9372096,0.051595606,0.0111948075
197,0,0,0.02275654673576355,0.9578519,0.03514387,0.007004442
197,0,0,0.025177255272865295,0.9595441,0.033787396,0.006668621
197,0,0,0.012445017695426941,0.9684122,0.025405096,0.0061827693
197,0,0,0.030695095658302307,0.96357,0.02914411,0.0072859824
197,0,0,0.02058170735836029,0.965873,0.028490262,0.0056368676
197,0,0,0.09614551067352295,0.68729144,0.2611475,0.05156111
197,0,1,0.14213687181472778,0.30064166,0.56703186,0.13232654
197,0,0,0.04192022979259491,0.9335732,0.05313533,0.013291564
197,0,0,0.07344835996627808,0.9023242,0.08663614,0.011039725
197,0,0,0.03681755065917969,0.93648976,0.055282295,0.008227976
197,0,0,0.018423713743686676,0.97550017,0.020532139,0.003967789
197,0,0,0.03597630560398102,0.942989,0.048918456,0.008092583
197,0,0,0.0931432843208313,0.7651447,0.19627453,0.038580853
197,0,1,0.09833288192749023,0.41988423,0.4773101,0.10280584
197,0,0,0.02526569366455078,0.9542474,0.040202957,0.0055497168
197,0,0,0.06841504573822021,0.91527057,0.06726203,0.017467523
197,0,0,0.08200734853744507,0.8038203,0.16292444,0.03325528
197,0,0,0.14331835508346558,0.67793375,0.2838579,0.038208455
197,0,1,0.1727900505065918,0.41467384,0.54766995,0.03765623
110,0,0,0.026276469230651855,0.91097516,0.0710277,0.017997244
110,0,0,0.08238732814788818,0.81169957,0.09816716,0.09013339
110,0,0,0.12607359886169434,0.722693,0.13292952,0.1443775
110,0,0,0.024627774953842163,0.9181824,0.06407013,0.01774753
110,0,0,0.03511783480644226,0.91576207,0.054760125,0.029477797
110,0,0,0.03214201331138611,0.8867959,0.06568533,0.047518864
110,0,0,0.1972178816795349,0.47628042,0.10046384,0.42325583
110,0,0,0.057341068983078,0.887721,0.088324666,0.02395446
110,0,0,0.04111886024475098,0.9006383,0.06355859,0.035803203
110,0,0,0.05274054408073425,0.84472436,0.09990672,0.055369012
110,0,2,0.1609598994255066,0.37800968,0.11543619,0.5065542
110,0,0,0.08006411790847778,0.5572108,0.30109078,0.14169851
110,0,0,0.0706748366355896,0.8092289,0.13903065,0.05174061
110,0,0,0.058500707149505615,0.82322323,0.120831765,0.0559451
110,0,2,0.06808465719223022,0.15264355,0.13467294,0.7126837
33,0,0,0.11226427555084229,0.7122513,0.1261213,0.16162746
33,0,0,0.06803441047668457,0.8069902,0.10031662,0.092693195
33,0,0,0.04622930288314819,0.85570145,0.08768252,0.05661614
33,0,0,0.07005062699317932,0.8873023,0.060906146,0.05179167
33,0,0,0.03196553885936737,0.9366478,0.043974284,0.019378062
33,0,0,0.0351269394159317,0.9369917,0.04087543,0.022132937
33,0,0,0.015641912817955017,0.97389406,0.01787957,0.00822643
33,0,0,0.023044005036354065,0.9528061,0.032981046,0.014212859
33,0,0,0.06807294487953186,0.8995685,0.059706375,0.040725194
33,0,0,0.10368365049362183,0.67827076,0.14565952,0.1760698
33,0,0,0.09595966339111328,0.79041034,0.10082307,0.108766735
33,0,0,0.04475194215774536,0.9016727,0.07102556,0.02730178
33,0,0,0.03228631615638733,0.9196132,0.049975723,0.030411107
33,0,0,0.03407445549964905,0.94347924,0.04073095,0.015789842
33,0,0,0.03145474195480347,0.94475704,0.036352545,0.01889044
33,0,0,0.021284013986587524,0.97039586,0.02043055,0.009173698
33,0,0,0.022966504096984863,0.963834,0.025518632,0.010647411
33,0,0,0.021886155009269714,0.9701703,0.022228353,0.007601354
33,0,0,0.03265680372714996,0.9530558,0.03232867,0.01461561
33,0,0,0.03841882944107056,0.8783014,0.0853786,0.036320083
33,0,0,0.05296298861503601,0.8472583,0.09685861,0.055883124
33,0,0,0.08207520842552185,0.84273994,0.082655445,0.07460476
33,0,0,0.0853118896484375,0.5875087,0.19224556,0.2202458
33,0,0,0.1154525876045227,0.73727113,0.16754296,0.09518601
33,0,0,0.029834389686584473,0.90057313,0.07080408,0.028622849
33,0,0,0.022189483046531677,0.9478126,0.036112733,0.016074672
33,0,0,0.04630821943283081,0.9377503,0.043426853,0.018822908
33,0,0,0.019463233649730682,0.9736951,0.01850131,0.0078035677
33,0,0,0.021857723593711853,0.9636833,0.02487079,0.011445959
33,0,0,0.00722242146730423,0.9810279,0.0138684595,0.005103602
33,0,0,0.04337094724178314,0.93662345,0.039675783,0.023700815
33,0,0,0.028354719281196594,0.9443385,0.04032718,0.015334319
33,0,0,0.04443354904651642,0.939295,0.040578812,0.020126248
33,0,0,0.05055055022239685,0.8819272,0.06638888,0.05168397
33,0,0,0.14542466402053833,0.62326574,0.19592871,0.18080565
33,0,0,0.09012782573699951,0.66692406,0.19958502,0.13349096
33,0,0,0.053404927253723145,0.77587223,0.13173188,0.09239595
33,0,0,0.07226669788360596,0.8453804,0.0873398,0.0672798
33,0,0,0.046503156423568726,0.87733823,0.07736974,0.04529217
33,0,0,0.019442230463027954,0.9338283,0.043592766,0.022579027
33,0,0,0.029830127954483032,0.94707924,0.031551525,0.02136922
33,0,0,0.03090144693851471,0.94252604,0.03696369,0.020510303
33,0,0,0.016914620995521545,0.97121644,0.022512782,0.006270756
33,0,0,0.02455519139766693,0.963287,0.02669842,0.010014688
33,0,0,0.02735874056816101,0.95193124,0.03696361,0.0111052105
33,0,0,0.03352947533130646,0.9473922,0.036838543,0.015769348
33,0,0,0.03023621439933777,0.9238674,0.0493853,0.026747327
33,0,0,0.09202229976654053,0.72671473,0.19093591,0.082349434
33,0,0,0.09919315576553345,0.68665534,0.16699645,0.1463483
33,0,0,0.08194100856781006,0.78823215,0.1311636,0.080604345
33,0,0,0.08542412519454956,0.6996012,0.18233676,0.1180621
33,0,0,0.06942713260650635,0.73395157,0.19115373,0.074894786
33,0,0,0.07378804683685303,0.732301,0.16899094,0.098708175
33,0,0,0.07036525011062622,0.78778297,0.14617233,0.066044755
33,0,0,0.049026548862457275,0.8529475,0.09354095,0.053511646
33,0,0,0.02310234308242798,0.92088103,0.056555394,0.022563647
33,0,0,0.03682124614715576,0.93042177,0.04305327,0.026525103
33,0,0,0.019079044461250305,0.9557757,0.027795577,0.016428871
33,0,0,0.02118779718875885,0.9497944,0.031150077,0.01905553
33,0,0,0.08801501989364624,0.83121836,0.091212966,0.0775687
33,0,0,0.14926141500473022,0.44998887,0.122929245,0.427082
33,0,2,0.16076195240020752,0.40333623,0.1332656,0.46339825
33,0,0,0.14274251461029053,0.55408597,0.17704292,0.26887122
33,0,0,0.11985278129577637,0.6012492,0.20535494,0.19339596
33,0,0,0.08424973487854004,0.43820915,0.29078305,0.27100784
33,0,0,0.0932157039642334,0.7099525,0.19261125,0.09743638
33,0,0,0.08021312952041626,0.7472667,0.1911512,0.061582264
33,0,0,0.0746278166770935,0.7335582,0.16672648,0.099715374
33,0,0,0.08180484175682068,0.86223793,0.08543715,0.052325066
33,0,0,0.0824325680732727,0.8248889,0.097691976,0.07741918
33,0,0,0.05212050676345825,0.8392364,0.105421916,0.055341814
33,0,0,0.09230679273605347,0.7288478,0.1794778,0.09167449
33,0,0,0.13984966278076172,0.39943704,0.20822692,0.3923362
33,0,2,0.06710970401763916,0.20822056,0.099722676,0.6920569
33,0,0,0.08628010749816895,0.619096,0.1825177,0.19838636
33,0,0,0.128099262714386,0.61364514,0.3024096,0.08394533
33,0,0,0.14345961809158325,0.66339856,0.2717461,0.064855404
33,0,0,0.07146847248077393,0.7295387,0.1988318,0.07162955
33,0,0,0.05774581432342529,0.8916864,0.08601806,0.022295754
33,0,0,0.09982585906982422,0.76805437,0.17728624,0.054659516
33,0,0,0.06970977783203125,0.6514716,0.24440603,0.10412237
33,0,0,0.06785595417022705,0.75181866,0.19645222,0.05172924
33,0,0,0.11727386713027954,0.5188102,0.3878451,0.093344726
33,0,0,0.14591223001480103,0.5135292,0.36214948,0.12432139
33,0,0,0.09261614084243774,0.56203234,0.30893177,0.12903596
354,0,0,0.04853418469429016,0.90925395,0.07806758,0.012678558
354,0,0,0.04852089285850525,0.8846936,0.09075758,0.024548866
354,0,0,0.031457021832466125,0.96512103,0.028779764,0.006099326
354,0,0,0.015769600868225098,0.9649746,0.029178616,0.0058468967
354,0,0,0.042580097913742065,0.9407663,0.049684096,0.009549755
354,0,0,0.024533361196517944,0.94033474,0.050083995,0.00958129
354,0,0,0.047347187995910645,0.91607994,0.07058696,0.013333122
354,0,0,0.03661525249481201,0.95186836,0.04095845,0.007173236
354,0,0,0.04822733998298645,0.92362034,0.06138353,0.014996223
354,0,0,0.015569552779197693,0.97249234,0.021907669,0.0056000864
354,0,0,0.027350202202796936,0.94522387,0.044076353,0.010699925
354,0,0,0.019715890288352966,0.9718753,0.02321576,0.0049090018
354,0,0,0.04934266209602356,0.9275387,0.05453349,0.017927935
354,0,0,0.04654437303543091,0.9190278,0.071046405,0.009925855
354,0,0,0.06807518005371094,0.8851553,0.10533605,0.009508668
354,0,0,0.0624883770942688,0.914638,0.07646371,0.0088983625
354,0,0,0.07365867495536804,0.89975494,0.094163254,0.0060819155
354,0,0,0.03237569332122803,0.95079714,0.040249202,0.008953612
354,0,0,0.011732175946235657,0.97329026,0.021828378,0.0048814486
354,0,0,0.017233483493328094,0.9806095,0.016540539,0.00285002
354,0,0,0.025413036346435547,0.95337003,0.03701998,0.009610084
354,0,0,0.032770588994026184,0.93618095,0.052831642,0.010987439
354,0,0,0.08320799469947815,0.9000153,0.07345659,0.026528222
354,0,0,0.10548427700996399,0.83043724,0.15362,0.015942851
354,0,0,0.10018235445022583,0.8463979,0.136173,0.017429192
354,0,0,0.08037245273590088,0.8918358,0.09041892,0.017745372
354,0,0,0.05774727463722229,0.90872324,0.06894882,0.022328006
354,0,0,0.04489779472351074,0.9395203,0.047736753,0.012743009
354,0,0,0.032073378562927246,0.94163054,0.05052246,0.00784711
354,0,0,0.04897657036781311,0.9164907,0.06828502,0.015224392
354,0,0,0.03132036328315735,0.9069867,0.07154349,0.021469757
354,0,0,0.07538536190986633,0.81818765,0.14831273,0.03349971
354,0,0,0.035366445779800415,0.9173992,0.072134465,0.010466415
354,0,0,0.05152851343154907,0.84292257,0.1340869,0.022990597
354,0,0,0.060900092124938965,0.89384216,0.093732454,0.01242542
354,0,0,0.03620147705078125,0.93304497,0.06155732,0.005397786
354,0,0,0.017693400382995605,0.95240825,0.040655933,0.006935906
354,0,0,0.11385530233383179,0.8059599,0.16782714,0.026213052
94,0,0,0.14862209558486938,0.5937308,0.17973694,0.22653228
94,0,0,0.021578341722488403,0.9480532,0.038313396,0.013633444
94,0,0,0.028723448514938354,0.9515854,0.037716504,0.010698088
94,0,0,0.10145002603530884,0.7214405,0.17036909,0.108190484
94,0,0,0.06365936994552612,0.8591406,0.10778983,0.033069696
94,0,0,0.042748093605041504,0.9356349,0.05328287,0.011082352
94,0,0,0.01984734833240509,0.9493883,0.04073965,0.009872037
94,0,0,0.10837101936340332,0.74894303,0.16326322,0.087793835
94,0,0,0.021081656217575073,0.960667,0.030896531,0.008436526
94,0,0,0.033186525106430054,0.943299,0.041960865,0.01474015
94,0,0,0.04711197316646576,0.9291215,0.052104123,0.018774446
94,0,0,0.022699683904647827,0.96231514,0.028531794,0.009153096
94,0,2,0.05363166332244873,0.06801159,0.10649257,0.82549596
94,0,0,0.03687748312950134,0.9425202,0.042654976,0.01482499
78,0,2,0.07706809043884277,0.104227826,0.09508637,0.8006859
78,0,2,0.06324148178100586,0.112493664,0.17683303,0.7106734
78,0,2,0.10114675760269165,0.2977742,0.24625665,0.45596918
78,0,0,0.08430540561676025,0.47282234,0.102161445,0.4250163
78,0,0,0.08540582656860352,0.8747025,0.057321195,0.06797643
78,0,0,0.06563043594360352,0.815452,0.09142405,0.09312404
78,0,0,0.08709698915481567,0.7307796,0.11786226,0.15135819
78,0,0,0.08851572871208191,0.8787324,0.09880933,0.022458304
78,0,0,0.08199000358581543,0.8260245,0.11009443,0.06388113
78,0,2,0.12309366464614868,0.15212102,0.42122266,0.42665642
355,0,0,0.02437332272529602,0.9378666,0.047494613,0.014638864
355,0,0,0.04452887177467346,0.94667196,0.038370408,0.01495768
355,0,0,0.03386819362640381,0.95663184,0.03396541,0.009402887
355,0,0,0.08563068509101868,0.81534165,0.15512481,0.02953359
355,0,0,0.014945007860660553,0.97706354,0.019035038,0.0039014902
355,0,0,0.026916921138763428,0.9680308,0.02715027,0.0048189657
355,0,0,0.07112908363342285,0.85992545,0.124774806,0.015299809
355,0,0,0.06645128130912781,0.89085394,0.09181564,0.017330516
355,0,0,0.030775845050811768,0.95848423,0.03700331,0.0045125526
355,0,0,0.03033900260925293,0.95286846,0.03836534,0.008766235
355,0,0,0.024458616971969604,0.92582566,0.06082362,0.013350758
355,0,0,0.06380248069763184,0.8334433,0.13904001,0.02751679
355,0,0,0.06198564171791077,0.8658836,0.10907576,0.025040677
355,0,0,0.06378981471061707,0.9022154,0.08568621,0.012098351
371,0,0,0.09184050559997559,0.47783145,0.21523033,0.30693835
371,0,0,0.0531410276889801,0.8559982,0.08399542,0.06000635
371,0,2,0.07587361335754395,0.17890565,0.10739768,0.7136968
371,0,0,0.04736444354057312,0.85835546,0.09290128,0.048743278
371,0,0,0.03808680176734924,0.91029847,0.05230364,0.03739807
371,0,0,0.10006570816040039,0.668628,0.16837619,0.16299589
371,0,0,0.12262207269668579,0.5506166,0.19363756,0.2557459
371,0,0,0.0801038146018982,0.7904971,0.12602966,0.083473295
371,0,0,0.05645596981048584,0.81921136,0.12811872,0.052670028
371,0,0,0.04219105839729309,0.88947064,0.07173287,0.03879652
371,0,0,0.04335206747055054,0.83316123,0.11725351,0.04958538
371,0,0,0.030433058738708496,0.8991595,0.07488215,0.025958497
371,0,0,0.04146900773048401,0.8969979,0.07321038,0.029791765
371,0,0,0.06648308038711548,0.70299965,0.12109695,0.17590351
351,0,1,0.12878012657165527,0.08792729,0.4632902,0.44878253
351,0,1,0.11623048782348633,0.26803663,0.5094488,0.2225147
351,0,2,0.11769676208496094,0.33598724,0.20052284,0.46349004
351,0,0,0.1357225775718689,0.44168708,0.3537732,0.20453979
351,0,1,0.11851024627685547,0.31919596,0.50276536,0.17803882
351,0,0,0.1379145383834839,0.6409748,0.1202938,0.23873144
351,0,2,0.11187869310379028,0.2638094,0.20989129,0.52629936
351,0,0,0.1484971046447754,0.49225867,0.36034173,0.14739963
351,0,0,0.15002956986427307,0.7967056,0.09848666,0.10480792
351,0,0,0.12957793474197388,0.67720634,0.1382104,0.18458335
351,0,0,0.1506468653678894,0.655152,0.16794966,0.17689842
351,0,0,0.058832257986068726,0.8975229,0.05745454,0.045022663
351,0,0,0.06875944137573242,0.79683816,0.12020671,0.082955204
351,0,0,0.027912184596061707,0.93781304,0.042996995,0.019190067
351,0,0,0.08473464846611023,0.8385608,0.08056494,0.080874264
351,0,0,0.08690673112869263,0.8121949,0.11948084,0.068324395
351,0,0,0.08838167786598206,0.82849675,0.06996983,0.101533435
351,0,0,0.061188727617263794,0.8422624,0.08243677,0.07530098
351,0,0,0.08707800507545471,0.8307708,0.10667869,0.06255055
351,0,0,0.06419292092323303,0.8371668,0.09325992,0.069573395
351,0,0,0.09238064289093018,0.7602952,0.124094024,0.11561084
351,0,0,0.08339983224868774,0.7701766,0.165537,0.06428648
351,0,0,0.14990615844726562,0.50296396,0.17373179,0.32330436
351,0,2,0.11295491456985474,0.2678787,0.18240614,0.5497152
62,0,2,0.04168349504470825,0.064696476,0.09566791,0.83963567
62,0,2,0.037912607192993164,0.08495578,0.093850754,0.82119346
62,0,1,0.1250966191291809,0.27923262,0.41877365,0.3019938
62,0,0,0.08408212661743164,0.5856158,0.29186898,0.12251531
62,0,0,0.09129506349563599,0.67576385,0.1960645,0.1281718
62,0,0,0.11834222078323364,0.4375956,0.32488444,0.23752004
62,0,0,0.07759708166122437,0.579112,0.2665988,0.15428928
62,0,2,0.10097169876098633,0.36251742,0.11750889,0.51997375
62,0,2,0.059283435344696045,0.14954567,0.115270875,0.7351834
62,0,0,0.12152868509292603,0.58004045,0.23962949,0.18033014
62,0,0,0.12416356801986694,0.66057336,0.1908321,0.14859469
62,0,0,0.1108788251876831,0.5386085,0.13667078,0.32472077
62,0,0,0.09192448854446411,0.55979997,0.22101425,0.21918595
62,0,0,0.06956225633621216,0.70248735,0.12564671,0.17186603
62,0,0,0.13182967901229858,0.69820577,0.10370726,0.19808704
62,0,0,0.08059293031692505,0.7434561,0.12197489,0.1345691
170,1,1,0.11219334602355957,0.035179712,0.8684369,0.09638361
170,1,1,0.05954889953136444,0.021391103,0.9276525,0.050956592
170,1,1,0.1001838743686676,0.018009365,0.93789476,0.044095945
170,1,1,0.03216385841369629,0.008461574,0.9675048,0.02403365
170,1,1,0.044496819376945496,0.012292792,0.9534599,0.034247436
170,1,1,0.056031614542007446,0.02362152,0.9297974,0.046581153
170,1,1,0.13134169578552246,0.030369367,0.8588527,0.110778004
170,1,1,0.11464691162109375,0.034766376,0.8593341,0.105899625
170,1,1,0.039146944880485535,0.013071691,0.9729232,0.014005171
170,1,1,0.060811109840869904,0.006822302,0.9668087,0.02636913
170,1,1,0.11150325834751129,0.014378893,0.9418389,0.043782305
170,1,1,0.02642897516489029,0.00849583,0.97284234,0.018661886
170,1,1,0.036154843866825104,0.011534389,0.9691942,0.019271541
170,1,1,0.07830449938774109,0.013961883,0.932233,0.053805225
170,1,1,0.0940958559513092,0.027889641,0.878328,0.09378244
170,1,1,0.1294301152229309,0.053964324,0.721835,0.22420079
170,1,2,0.14146995544433594,0.064851694,0.44661212,0.48853633
170,1,1,0.061766237020492554,0.029552521,0.904872,0.06557553
170,1,1,0.025343969464302063,0.014674557,0.9631365,0.022189032
170,1,1,0.07807716727256775,0.019606678,0.9366878,0.04370544
170,1,1,0.025283321738243103,0.010177271,0.9652465,0.024576325
170,1,1,0.026106640696525574,0.013575617,0.96954083,0.01688358
170,1,1,0.022581912577152252,0.010215809,0.9764556,0.013328628
170,1,1,0.026213563978672028,0.008719551,0.97262967,0.018650854
170,1,1,0.054731518030166626,0.01805907,0.9521637,0.029777283
170,1,1,0.11494925618171692,0.037765175,0.82080185,0.14143305
170,1,1,0.11681801080703735,0.046174113,0.7519498,0.20187627
170,1,1,0.14989042282104492,0.02803416,0.83955646,0.13240942
170,1,1,0.0791161060333252,0.052045073,0.8721371,0.07581796
170,1,1,0.07502821087837219,0.020310028,0.9191561,0.06053398
170,1,1,0.07324713468551636,0.021832729,0.9338409,0.0443265
170,1,1,0.0946822464466095,0.02717517,0.89617306,0.07665177
170,1,1,0.06480629742145538,0.024418179,0.9442153,0.031366542
170,1,1,0.07701919972896576,0.0164283,0.9480462,0.03552547
170,1,1,0.0994110107421875,0.026385581,0.90229315,0.07132131
170,1,1,0.04733937978744507,0.021022318,0.9388033,0.04017439
170,1,1,0.16931915283203125,0.03785876,0.7461286,0.21601273
170,1,1,0.16086682677268982,0.040217567,0.7793951,0.18038744
170,1,1,0.09358155727386475,0.061568536,0.730464,0.20796764
170,1,1,0.049128979444503784,0.024921302,0.92204225,0.053036522
170,1,1,0.03447127342224121,0.019295808,0.93663156,0.04407266
170,1,1,0.10491620004177094,0.026112195,0.91269994,0.061188016
170,1,1,0.027027703821659088,0.008743317,0.9744354,0.016821375
170,1,1,0.14072497189044952,0.025442244,0.9196347,0.05492312
170,1,1,0.06873226165771484,0.018885247,0.9298955,0.051219326
170,1,1,0.04070444405078888,0.022638531,0.93718064,0.04018086
170,1,1,0.1106238067150116,0.0535642,0.82114047,0.12529543
170,1,1,0.18216916918754578,0.04481797,0.80308586,0.15209629
170,1,1,0.10549381375312805,0.043168418,0.8596607,0.09717092
170,1,1,0.08425101637840271,0.019883718,0.92755955,0.052556824
170,1,1,0.03299449384212494,0.01466654,0.95474494,0.03058853
170,1,1,0.045881107449531555,0.014594774,0.95670414,0.02870116
170,1,1,0.0907512903213501,0.01705159,0.9256167,0.05733183
170,1,1,0.27526935935020447,0.03434172,0.654036,0.31162235
170,1,1,0.07793751358985901,0.030291833,0.8831354,0.08657281
170,1,1,0.1695728302001953,0.0332025,0.81917846,0.14761908
170,1,1,0.16056984663009644,0.05657199,0.67021245,0.27321568
170,1,2,0.16343024373054504,0.034974493,0.1583762,0.8066493
48,1,2,0.09880352020263672,0.29915577,0.12963207,0.5712123
48,1,0,0.030886918306350708,0.8776261,0.07828179,0.0440922
48,1,0,0.04376721382141113,0.8253198,0.117917374,0.05676288
48,1,0,0.10854136943817139,0.6468064,0.18874194,0.16445169
48,1,0,0.06559574604034424,0.6465279,0.2368007,0.11667148
146,1,1,0.08982089161872864,0.018723728,0.93161595,0.04966041
146,1,1,0.04622974991798401,0.016510295,0.9317519,0.051737882
146,1,1,0.11827719211578369,0.06597421,0.7259489,0.20807694
146,1,1,0.09579530358314514,0.029918164,0.8740549,0.09602696
146,1,1,0.04378052055835724,0.018134343,0.9533213,0.028544504
146,1,1,0.01517343521118164,0.0068654963,0.98254746,0.010587049
146,1,1,0.02402413636445999,0.007098795,0.9782967,0.014604569
146,1,1,0.07687130570411682,0.014872323,0.9350744,0.05005328
146,1,1,0.15630102157592773,0.08346321,0.6663479,0.25018895
146,1,1,0.17371445894241333,0.05280643,0.49324742,0.4539463
146,1,1,0.06480008363723755,0.031335644,0.88100713,0.087657295
146,1,1,0.04936151206493378,0.018609645,0.94466394,0.03672643
146,1,1,0.12344276905059814,0.025909323,0.87582105,0.09826982
146,1,1,0.04699304699897766,0.01223631,0.9468612,0.040902633
146,1,1,0.09405761957168579,0.07432347,0.5896389,0.33603776
146,1,2,0.04276895523071289,0.05023506,0.121666625,0.8280985
146,1,2,0.124214768409729,0.06812639,0.3617899,0.5700838
146,1,1,0.13378065824508667,0.06455348,0.62503767,0.31040898
146,1,1,0.12126725912094116,0.0435923,0.6336815,0.3227263
146,1,2,0.10140037536621094,0.06758169,0.3069532,0.62546515
146,1,2,0.07506996393203735,0.07977521,0.2505005,0.66972435
227,1,1,0.04342298209667206,0.02387154,0.9394046,0.036723908
227,1,1,0.15697020292282104,0.110204384,0.76466006,0.12513562
227,1,1,0.14830678701400757,0.048144054,0.8108186,0.14103751
227,1,1,0.15347367525100708,0.057777822,0.78457856,0.15764372
227,1,1,0.13092726469039917,0.052963525,0.8523377,0.09469886
227,1,1,0.08870771527290344,0.038185466,0.8867884,0.07502616
227,1,1,0.0825641006231308,0.023924142,0.92390484,0.052171037
227,1,1,0.12512722611427307,0.057929672,0.81074405,0.13132635
227,1,1,0.11722564697265625,0.045557223,0.8590031,0.095439754
227,1,1,0.15182238817214966,0.08643582,0.7128844,0.20067978
227,1,1,0.16761726140975952,0.07005526,0.7274599,0.20248489
227,1,1,0.10081660747528076,0.07180503,0.8158223,0.11237272
227,1,1,0.11831605434417725,0.06516909,0.80288833,0.13194267
227,1,1,0.10432326793670654,0.03763472,0.8754989,0.08686646
227,1,1,0.05411626398563385,0.017207764,0.945019,0.037773386
227,1,1,0.07850819826126099,0.04061994,0.8909851,0.06839506
227,1,1,0.2116527557373047,0.117410764,0.6527505,0.22983883
227,1,1,0.19484663009643555,0.12778,0.48252514,0.38969493
227,1,2,0.13433140516281128,0.13185735,0.41111156,0.45703116
227,1,1,0.1019640564918518,0.078840874,0.7377433,0.18341586
227,1,1,0.0969703197479248,0.05814577,0.7759499,0.1659044
227,1,1,0.126039057970047,0.02755203,0.8746257,0.09782235
227,1,1,0.07256940007209778,0.036025826,0.9163462,0.04762796
227,1,1,0.16713303327560425,0.11107818,0.6806191,0.20830274
227,1,1,0.16077953577041626,0.11186008,0.58310896,0.30503106
227,1,2,0.1326889991760254,0.15738502,0.31699452,0.5256205
227,1,2,0.15301179885864258,0.08796809,0.4173765,0.49465552
227,1,1,0.17135080695152283,0.04242435,0.7631714,0.19440436
227,1,1,0.10613515973091125,0.048491146,0.8408618,0.11064711
227,1,1,0.09724998474121094,0.1673724,0.5145237,0.31810403
227,1,0,0.11533927917480469,0.392506,0.2979854,0.3095086
227,1,2,0.10799938440322876,0.07550343,0.25440168,0.67009497
227,1,1,0.15496540069580078,0.08536673,0.57009465,0.34453878
227,1,1,0.13555306196212769,0.08706059,0.538973,0.3739665
310,1,1,0.15255290269851685,0.045315735,0.53633636,0.41834798
310,1,1,0.10246089100837708,0.03776422,0.8330171,0.12921873
310,1,1,0.038869619369506836,0.017831508,0.9285455,0.05362309
310,1,1,0.168775737285614,0.029669737,0.7400135,0.2303168
310,1,2,0.0661945641040802,0.02921076,0.11318562,0.8576037
310,1,1,0.09570884704589844,0.0456022,0.71615416,0.23824371
310,1,1,0.11362040042877197,0.03463312,0.82501096,0.14035599
310,1,1,0.11793354153633118,0.020683207,0.8254363,0.15388054
310,1,1,0.0626257061958313,0.027595865,0.845954,0.12645018
310,1,2,0.09250551462173462,0.038484856,0.2868051,0.67471015
310,1,2,0.14432913064956665,0.04180758,0.39006662,0.5681259
215,1,1,0.037735678255558014,0.014483275,0.9709976,0.014519252
215,1,1,0.12399029731750488,0.017176293,0.92146695,0.061356887
215,1,1,0.05023346096277237,0.01147477,0.96902674,0.01949869
215,1,1,0.07396061718463898,0.01566861,0.9632422,0.02108927
215,1,1,0.021186821162700653,0.010889683,0.9784053,0.010705111
215,1,1,0.044474393129348755,0.026210284,0.94402534,0.029764479
215,1,1,0.13858532905578613,0.06796132,0.81981385,0.11222498
215,1,1,0.06157040596008301,0.047456846,0.9182793,0.03426395
215,1,1,0.1078416109085083,0.060402904,0.8837791,0.055818006
215,1,1,0.10604727268218994,0.05585588,0.88979334,0.054350834
215,1,1,0.04733191430568695,0.024597697,0.9467622,0.028640138
215,1,1,0.022441819310188293,0.013526496,0.9700857,0.016387857
215,1,1,0.040325090289115906,0.021408439,0.94746554,0.031126002
215,1,1,0.04737643152475357,0.008555695,0.9676231,0.023821281
215,1,1,0.15447652339935303,0.042530447,0.67825466,0.27921495
215,1,1,0.1478627324104309,0.06018264,0.8102993,0.1295182
215,1,1,0.1100500226020813,0.056615967,0.9026028,0.040781286
215,1,1,0.07121835649013519,0.035524726,0.94078875,0.023686651
215,1,1,0.06673610210418701,0.035872612,0.938551,0.02557651
215,1,1,0.12016761302947998,0.057714052,0.90548694,0.036799103
215,1,1,0.08839277923107147,0.036180824,0.9195731,0.044246096
215,1,1,0.05538395047187805,0.030175924,0.9357054,0.03411878
215,1,1,0.06391090154647827,0.025165271,0.9066193,0.06821544
215,1,1,0.0875554084777832,0.03855201,0.9069773,0.054470673
215,1,1,0.06387150287628174,0.04031081,0.90957534,0.05011395
215,1,1,0.1290249228477478,0.05336116,0.8861702,0.060468752
215,1,1,0.06497620046138763,0.033209916,0.9318481,0.03494212
215,1,1,0.15235477685928345,0.05295937,0.73512506,0.21191572
215,1,1,0.13615375757217407,0.080121376,0.77133316,0.1485455
215,1,1,0.08571016788482666,0.042323355,0.9063359,0.051340874
215,1,1,0.09473568201065063,0.0568974,0.80395573,0.13914694
215,1,1,0.16760045289993286,0.09578613,0.5088447,0.39536932
215,1,2,0.07684707641601562,0.057998743,0.077881485,0.8641199
20,1,2,0.07648354768753052,0.13553348,0.40432057,0.46014598
20,1,1,0.13869601488113403,0.036268417,0.80834484,0.15538679
20,1,2,0.13310593366622925,0.0861287,0.30202022,0.61185116
20,1,1,0.10257959365844727,0.1516741,0.47566208,0.37266383
358,1,1,0.04817304015159607,0.034330864,0.92029667,0.045372512
358,1,1,0.05453993380069733,0.024371516,0.94196445,0.033664238
358,1,1,0.048406556248664856,0.020178802,0.9408809,0.038940374
358,1,1,0.0603049099445343,0.03869835,0.91383654,0.047465194
358,1,1,0.04518824815750122,0.027616195,0.94102997,0.031353977
358,1,1,0.08553837239742279,0.025757015,0.9324385,0.04180465
358,1,1,0.04544803500175476,0.025157295,0.9484071,0.026435625
358,1,1,0.050713539123535156,0.028195001,0.9417892,0.030015925
358,1,1,0.05902397632598877,0.03238066,0.9353787,0.032240696
358,1,1,0.03205546736717224,0.028131807,0.94892466,0.022943603
358,1,1,0.1576874852180481,0.045669135,0.85010207,0.10422887
358,1,1,0.09901291131973267,0.05107785,0.8889345,0.059987724
358,1,1,0.07126560807228088,0.03207094,0.8898952,0.078033954
358,1,1,0.026184342801570892,0.012630838,0.97184396,0.01552514
358,1,1,0.0280454158782959,0.020061925,0.95739645,0.022541823
358,1,1,0.03509646654129028,0.034182046,0.940393,0.025425073
358,1,1,0.04738108813762665,0.024780272,0.9557918,0.01942796
358,1,1,0.10840654373168945,0.046110965,0.87239915,0.08148995
358,1,2,0.07701295614242554,0.13765873,0.28325748,0.57908386
358,1,1,0.08003491163253784,0.06942812,0.7619431,0.168629
358,1,1,0.0884992778301239,0.028452005,0.88711035,0.084437706
358,1,1,0.10708814859390259,0.06670728,0.82820964,0.105083115
358,1,1,0.05150148272514343,0.03496441,0.9285779,0.036457796
358,1,1,0.02879805862903595,0.025152065,0.9518759,0.022972094
358,1,1,0.07630977034568787,0.031044202,0.93402493,0.034931008
358,1,1,0.1090821623802185,0.124447905,0.54677784,0.32877427
358,1,1,0.1097053587436676,0.040519383,0.83843565,0.121045105
358,1,1,0.12721380591392517,0.02926585,0.8585197,0.11221452
358,1,1,0.057573527097702026,0.03374387,0.9246202,0.041636042
358,1,1,0.029284358024597168,0.017611828,0.96425235,0.018135985
358,1,1,0.12835341691970825,0.10016653,0.5375417,0.3622918
358,1,1,0.0879751443862915,0.05137631,0.84747154,0.101152234
358,1,2,0.08260512351989746,0.10373394,0.18269366,0.7135725
359,1,1,0.03870150446891785,0.01487313,0.9626126,0.022514263
359,1,1,0.10686522722244263,0.03762273,0.8877509,0.074626334
359,1,1,0.02947153151035309,0.020520035,0.9677409,0.011739169
359,1,1,0.017435021698474884,0.013058376,0.9731808,0.013760922
359,1,1,0.06051251292228699,0.015082645,0.9534173,0.031500213
359,1,1,0.05391836166381836,0.03388522,0.92177975,0.044335127
359,1,1,0.06451034545898438,0.054362744,0.87464166,0.07099565
359,1,1,0.06847216188907623,0.029451167,0.9500319,0.020517042
359,1,1,0.04867853224277496,0.01990433,0.9604964,0.019599266
359,1,1,0.030030496418476105,0.011493564,0.9765271,0.011979492
359,1,1,0.03226384520530701,0.014494266,0.96616966,0.019336129
359,1,1,0.1014123260974884,0.08170108,0.8402446,0.07805442
359,1,1,0.12277185916900635,0.09522058,0.5197506,0.38502893
359,1,1,0.11554872989654541,0.079240836,0.68066525,0.24009395
359,1,1,0.045675694942474365,0.018173391,0.95479196,0.027034687
359,1,1,0.03734530508518219,0.021911433,0.955756,0.022332687
359,1,1,0.058072224259376526,0.026711633,0.9449609,0.028327495
359,1,1,0.0456436425447464,0.028876668,0.94475275,0.02637067
359,1,1,0.0722094178199768,0.057366036,0.893248,0.04938608
359,1,2,0.14971137046813965,0.11664906,0.34091178,0.54243916
359,1,1,0.12311208248138428,0.08345911,0.5516485,0.3648925
359,1,1,0.10217046737670898,0.025022892,0.91822594,0.056751177
359,1,1,0.011270374059677124,0.004888334,0.9885599,0.006551921
359,1,1,0.05602574348449707,0.0326871,0.93081224,0.03650074
359,1,1,0.04079492390155792,0.014356244,0.95878804,0.026855906
359,1,1,0.10217589139938354,0.14526723,0.53628874,0.31844404
359,1,1,0.05651457607746124,0.017426891,0.940911,0.041662175
359,1,1,0.11443483829498291,0.036925726,0.79886615,0.16420825
359,1,1,0.10681754350662231,0.10047924,0.4853418,0.41417906
359,1,2,0.13300669193267822,0.05299024,0.40306765,0.5439422
359,1,2,0.04568561911582947,0.040958237,0.048478004,0.9105638
359,1,2,0.01922246813774109,0.015969405,0.01840319,0.9656275
141,1,1,0.13674962520599365,0.06181201,0.6685027,0.2696854
141,1,1,0.10018879175186157,0.064198345,0.75007826,0.1857236
141,1,1,0.11236488819122314,0.08048284,0.59144163,0.3280755
141,1,1,0.10507375001907349,0.067493066,0.70808095,0.22442608
141,1,1,0.16521507501602173,0.046307124,0.74902856,0.20466441
141,1,1,0.06863206624984741,0.06003616,0.8113768,0.12858713
141,1,2,0.1155233383178711,0.06176059,0.3563869,0.5818525
141,1,1,0.11490732431411743,0.06405988,0.72399867,0.21194156
141,1,1,0.13054895401000977,0.050005123,0.6588652,0.2911297
162,2,2,0.11060315370559692,0.037226256,0.23225453,0.73051935
162,2,2,0.05598318576812744,0.070273034,0.11322526,0.81650174
162,2,2,0.06827819347381592,0.06309168,0.12762554,0.8092829
162,2,2,0.05383509397506714,0.05702976,0.20580678,0.73716354
162,2,1,0.10142028331756592,0.1015471,0.45143756,0.44701546
162,2,1,0.09916406869888306,0.047279403,0.7953866,0.15733406
162,2,2,0.0560605525970459,0.06724661,0.11466035,0.81809306
162,2,2,0.037073731422424316,0.08134799,0.09672299,0.8219291
162,2,2,0.06738883256912231,0.09336569,0.16296734,0.743667
162,2,2,0.12395316362380981,0.12162692,0.40104184,0.47733125
162,2,2,0.03314492106437683,0.07338339,0.066043675,0.860573
162,2,2,0.03731191158294678,0.08600736,0.090599954,0.82339275
162,2,2,0.05764979124069214,0.13956583,0.14895085,0.7114834
162,2,2,0.04748272895812988,0.07937641,0.1412223,0.77940136
162,2,2,0.051803767681121826,0.053980008,0.121349715,0.8246704
162,2,2,0.07692205905914307,0.10224395,0.083387606,0.8143684
162,2,2,0.06510072946548462,0.11718189,0.12112648,0.7616917
162,2,2,0.03680908679962158,0.054600243,0.07614719,0.8692527
162,2,2,0.04696282744407654,0.06291074,0.05360057,0.8834888
162,2,2,0.048122525215148926,0.07425652,0.045086484,0.880657
162,2,2,0.07772517204284668,0.085395604,0.118047245,0.79655725
162,2,2,0.03995758295059204,0.06857134,0.09894615,0.8324825
162,2,2,0.04763704538345337,0.13681318,0.12166856,0.7415183
162,2,2,0.06081587076187134,0.06182644,0.101763986,0.8364097
162,2,2,0.10591208934783936,0.16944128,0.26344496,0.5671138
173,2,2,0.07167267799377441,0.12687005,0.13519958,0.7379304
173,2,2,0.043798983097076416,0.08310563,0.0809089,0.8359856
173,2,2,0.04712408781051636,0.059394334,0.042125773,0.89848
173,2,0,0.16890335083007812,0.49869552,0.11066521,0.39063933
173,2,2,0.1499374508857727,0.29087245,0.11957586,0.5895517
173,2,2,0.060371994972229004,0.1585201,0.056718607,0.78476137
173,2,2,0.03224661946296692,0.07119121,0.047163047,0.88164586
193,2,2,0.05051511526107788,0.11370156,0.10793557,0.7783629
193,2,2,0.05186665058135986,0.11114017,0.1449303,0.7439296
193,2,2,0.06956017017364502,0.12649283,0.16479586,0.7087114
193,2,2,0.0426064133644104,0.06858628,0.1138693,0.81754446
193,2,2,0.02953478693962097,0.08038243,0.04899873,0.870619
243,2,0,0.14230751991271973,0.38983303,0.35092372,0.25924328
243,2,2,0.047219693660736084,0.03547578,0.096999794,0.8675245
243,2,2,0.034506186842918396,0.030021694,0.03090194,0.9390765
243,2,2,0.04944828152656555,0.028699527,0.04413644,0.9271642
243,2,2,0.06928461790084839,0.013800117,0.07449173,0.9117083
243,2,2,0.07719630002975464,0.13101943,0.15728623,0.7116944
243,2,2,0.04528108239173889,0.04767855,0.0496774,0.90264416
243,2,2,0.0642111599445343,0.03782231,0.039080296,0.9230975
243,2,2,0.049463242292404175,0.023531696,0.027733829,0.9487346
243,2,2,0.03037548065185547,0.016510185,0.018189535,0.9653005
243,2,2,0.049810320138931274,0.014389085,0.033834442,0.95177656
243,2,2,0.0989363044500351,0.022546649,0.064596124,0.91285735
243,2,2,0.12564250826835632,0.016064811,0.19075644,0.79317886
243,2,2,0.025487422943115234,0.0609887,0.051137105,0.8878742
243,2,2,0.07777731120586395,0.03830289,0.030833947,0.93086326
243,2,2,0.03999023139476776,0.020680193,0.03610161,0.94321835
243,2,2,0.03381156921386719,0.028091874,0.013267534,0.95864075
243,2,2,0.05110768973827362,0.02079823,0.038679115,0.94052273
243,2,2,0.03799384832382202,0.026989954,0.024336627,0.9486734
243,2,2,0.03075866401195526,0.026294142,0.02817993,0.945526
243,2,2,0.053607165813446045,0.16087368,0.1819969,0.6571296
243,2,2,0.03624016046524048,0.026237756,0.06971378,0.9040485
243,2,2,0.018406763672828674,0.016846523,0.022833426,0.9603202
243,2,2,0.051082804799079895,0.013733442,0.020631261,0.9656355
243,2,2,0.03519093990325928,0.016166039,0.016043706,0.96779037
243,2,2,0.025350652635097504,0.012463996,0.01454632,0.9729897
243,2,2,0.028562739491462708,0.01558534,0.023646673,0.960768
243,2,2,0.038156285881996155,0.021149578,0.039882477,0.93896806
243,2,2,0.03512318432331085,0.011503313,0.023626504,0.9648703
243,2,2,0.024854212999343872,0.04258138,0.06356746,0.89385134
243,2,2,0.04062029719352722,0.030914975,0.02174251,0.9473426
243,2,2,0.029846757650375366,0.016366875,0.022528728,0.9611046
243,2,2,0.021278932690620422,0.0127861025,0.01817359,0.96904033
243,2,2,0.03042617440223694,0.014989311,0.019820748,0.9651901
243,2,2,0.06289403140544891,0.031052997,0.030516468,0.93843067
243,2,2,0.05537410080432892,0.010979955,0.031296313,0.95772386
243,2,2,0.02856709063053131,0.016411364,0.021307183,0.9622815
243,2,2,0.04702599346637726,0.019779786,0.037095327,0.94312495
243,2,2,0.08545583486557007,0.044984728,0.12852949,0.8264859
243,2,2,0.037646278738975525,0.017164722,0.04291793,0.93991745
243,2,2,0.14177319407463074,0.024166385,0.10014399,0.8756898
243,2,2,0.04551240801811218,0.02131973,0.027863614,0.95081663
243,2,2,0.06590522825717926,0.020015847,0.043481298,0.9365029
243,2,2,0.03960871696472168,0.030539453,0.02578603,0.9436746
243,2,2,0.02522870898246765,0.011107488,0.017216701,0.97167593
243,2,2,0.04336412250995636,0.018003777,0.027667087,0.9543293
243,2,2,0.04492002725601196,0.023723269,0.03281067,0.9434661
243,2,1,0.19021457433700562,0.041403804,0.5993165,0.35927975
243,2,2,0.07956624031066895,0.017155623,0.15487926,0.82796526
243,2,2,0.04269877076148987,0.01606979,0.028054032,0.9558763
243,2,2,0.05276918411254883,0.037137005,0.043121915,0.91974115
243,2,2,0.035189539194107056,0.02146582,0.035040226,0.943494
243,2,2,0.02615034580230713,0.008593189,0.031547185,0.95985967
243,2,2,0.06545126438140869,0.025680881,0.09248366,0.88183546
172,2,0,0.1144302487373352,0.79542065,0.06315882,0.14142065
172,2,0,0.05403652787208557,0.84435534,0.048994895,0.10664979
172,2,0,0.11552852392196655,0.6911864,0.043544974,0.26526862
172,2,0,0.04645258188247681,0.8881409,0.03687588,0.07498339
172,2,0,0.04456281661987305,0.8764147,0.05575152,0.06783384
172,2,2,0.08397543430328369,0.26218966,0.09323952,0.6445708
172,2,0,0.029591038823127747,0.9366883,0.023168586,0.04014317
172,2,0,0.05540961027145386,0.9112998,0.03390543,0.05479484
195,2,2,0.06336122751235962,0.09513442,0.07228461,0.83258104
195,2,2,0.02950957417488098,0.042650115,0.054026347,0.9033236
195,2,2,0.09569847583770752,0.27717638,0.1458482,0.5769755
195,2,2,0.11433941125869751,0.36023286,0.16411503,0.4756522
195,2,2,0.06435501575469971,0.16365777,0.069949366,0.76639295
27,2,0,0.13238298892974854,0.4280799,0.18077947,0.3911407
27,2,0,0.11471641063690186,0.44524732,0.24753459,0.30721813
27,2,1,0.08439934253692627,0.16151553,0.5480948,0.29038975
27,2,2,0.11218041181564331,0.10407608,0.3458721,0.5500519
27,2,1,0.07411813735961914,0.22606467,0.39889923,0.37503624
27,2,2,0.0824747085571289,0.29986617,0.34438244,0.35575143
27,2,1,0.09142822027206421,0.106791295,0.4985495,0.3946593
27,2,1,0.08171463012695312,0.084801055,0.68652564,0.2286733
27,2,2,0.07283186912536621,0.13490309,0.2907341,0.5743629
27,2,2,0.07666373252868652,0.14419195,0.33878538,0.5170226
208,2,0,0.022691801190376282,0.95831597,0.026232772,0.015451412
208,2,0,0.08004230260848999,0.89547235,0.05213796,0.052389793
208,2,0,0.030041858553886414,0.93773156,0.032290816,0.029977733
208,2,0,0.027979940176010132,0.908629,0.048423294,0.042947795
208,2,0,0.13922548294067383,0.7405409,0.10215273,0.15730648
208,2,2,0.08949899673461914,0.1807166,0.083741024,0.7355425
208,2,0,0.036886781454086304,0.9175993,0.0455276,0.0368732
208,2,0,0.05752494931221008,0.87700856,0.06628405,0.05670756
208,2,0,0.13616222143173218,0.49236962,0.13341857,0.37421188
208,2,0,0.1341589093208313,0.5142612,0.101145,0.38459384
208,2,0,0.13458579778671265,0.7226708,0.071778215,0.20555109
208,2,0,0.15130382776260376,0.55365103,0.093741395,0.35260767
208,2,0,0.09178739786148071,0.5625585,0.0953694,0.34207222
309,2,2,0.01952517032623291,0.021497535,0.050381836,0.9281208
309,2,2,0.02293241024017334,0.031572387,0.059184913,0.90924287
309,2,1,0.12075269222259521,0.059907798,0.521225,0.41886726
309,2,2,0.0693628191947937,0.07888097,0.28082868,0.6402904
309,2,2,0.15437328815460205,0.048194803,0.3566504,0.5951549
309,2,2,0.05212238430976868,0.040042806,0.101173244,0.8587841
309,2,1,0.16022586822509766,0.051756144,0.6774488,0.27079502
216,2,2,0.02925288677215576,0.054451026,0.07424032,0.8713088
216,2,2,0.06509977579116821,0.06446005,0.1293272,0.80621284
216,2,2,0.07411476969718933,0.09455609,0.07413536,0.83130866
216,2,2,0.030677706003189087,0.03184551,0.039616372,0.9285382
216,2,2,0.0370045006275177,0.054344356,0.06788665,0.8777691
216,2,2,0.04131114482879639,0.08526764,0.05533494,0.85939753
216,2,2,0.0405811071395874,0.07810791,0.046955377,0.87493676
216,2,2,0.027077406644821167,0.05536335,0.03542778,0.90920895
216,2,2,0.033423468470573425,0.033639554,0.023938704,0.94242185
216,2,2,0.05533421039581299,0.08502833,0.114072114,0.80089974
216,2,2,0.03368064761161804,0.048647773,0.040058758,0.9112936
216,2,2,0.033474504947662354,0.044285085,0.03746882,0.9182462
216,2,2,0.05225297808647156,0.06958117,0.06836383,0.8620551
216,2,2,0.02224898338317871,0.034956742,0.040553395,0.9244899
192,2,1,0.3089298605918884,0.043929245,0.53528553,0.42078528
192,2,1,0.19548973441123962,0.030285498,0.7579416,0.211773
192,2,2,0.08262842893600464,0.07288033,0.21015096,0.7169689
192,2,2,0.04106953740119934,0.060446322,0.06798573,0.871568
192,2,2,0.060939282178878784,0.061355967,0.092932425,0.84571165
192,2,2,0.04501241445541382,0.07344255,0.11997191,0.8065856
192,2,2,0.04259568452835083,0.07953407,0.13609971,0.78436625
223,2,2,0.04193240404129028,0.04021212,0.05432959,0.9054584
223,2,2,0.024750709533691406,0.030206542,0.03530712,0.93448645
223,2,2,0.08512687683105469,0.060979262,0.30673474,0.632286
223,2,2,0.10482677817344666,0.024859965,0.17731205,0.797828
223,2,2,0.04252171516418457,0.0549153,0.07555311,0.86953175
223,2,2,0.047188401222229004,0.078543626,0.09190058,0.8295558
223,2,2,0.04636111855506897,0.06327037,0.07946627,0.8572635
223,2,2,0.02849772572517395,0.039877288,0.06708226,0.8930406
223,2,2,0.08527487516403198,0.057535402,0.17071858,0.7717461
223,2,2,0.03319424390792847,0.043146513,0.08577217,0.8710815
223,2,2,0.06140327453613281,0.046878487,0.1379506,0.8151709
223,2,2,0.07073497772216797,0.037927423,0.1595132,0.8025595
223,2,2,0.0738682746887207,0.055033475,0.18523392,0.75973266
223,2,2,0.04011881351470947,0.07786149,0.08018025,0.84195834
223,2,2,0.04743814468383789,0.08026305,0.095398754,0.82433826
223,2,2,0.036030113697052,0.062442437,0.091311954,0.8462457
223,2,2,0.13853326439857483,0.03408782,0.16071486,0.8051974
223,2,2,0.05109107494354248,0.027448626,0.081144154,0.8914073
223,2,2,0.0426919162273407,0.033380315,0.06303309,0.9035867
223,2,2,0.04633986949920654,0.051787086,0.059876557,0.8883364
223,2,2,0.025281190872192383,0.063991755,0.07161589,0.86439246
223,2,2,0.027996152639389038,0.05278691,0.05497184,0.89224136
223,2,2,0.03970798850059509,0.04538489,0.07590336,0.87871176
223,2,2,0.046056538820266724,0.05116683,0.05463432,0.894199
223,2,2,0.03898760676383972,0.05890621,0.061846804,0.879247
223,2,2,0.022992044687271118,0.03178483,0.0309395,0.93727577
223,2,2,0.025729984045028687,0.03158778,0.030476317,0.93793595
223,2,2,0.03859227895736694,0.04518595,0.038602524,0.9162116
223,2,2,0.045196592807769775,0.08915606,0.085173376,0.82567066
223,2,2,0.04048153758049011,0.06152054,0.0702952,0.8681844
223,2,2,0.056324273347854614,0.039799333,0.055694927,0.90450585
223,2,2,0.05161726474761963,0.07978759,0.087278165,0.83293426
223,2,2,0.056727856397628784,0.054091513,0.03891819,0.9069904
223,2,2,0.025095105171203613,0.04158026,0.034788925,0.92363083
223,2,2,0.05140042304992676,0.100843266,0.07912243,0.82003444
223,2,2,0.12660282850265503,0.29332522,0.17608109,0.53059375
223,2,2,0.018218889832496643,0.025039561,0.023864683,0.95109576
325,2,2,0.024066567420959473,0.030920416,0.02715646,0.9419232
325,2,2,0.028783142566680908,0.036424406,0.039941113,0.9236346
325,2,2,0.03859812021255493,0.05283324,0.054576345,0.8925906
325,2,2,0.02037748694419861,0.022289187,0.030131076,0.9475798
325,2,2,0.03345021605491638,0.041161593,0.03389297,0.92494553
325,2,2,0.023430049419403076,0.042690635,0.03665886,0.92065054
325,2,2,0.028491437435150146,0.056693647,0.054013543,0.88929284
325,2,2,0.07451930642127991,0.06222737,0.062482197,0.87529045
325,2,2,0.05259928107261658,0.05845723,0.036964078,0.90457875
325,2,2,0.04624035954475403,0.07349774,0.025191115,0.9013112
325,2,2,0.0324297696352005,0.040794373,0.020546835,0.9386589
325,2,2,0.03747519850730896,0.030302139,0.022193672,0.9475042
286,2,2,0.1007886528968811,0.06343403,0.23713318,0.69943285
286,2,2,0.06938529014587402,0.056510143,0.15361227,0.78987765
286,2,2,0.08292379975318909,0.048178237,0.13052988,0.821292
286,2,1,0.0946618914604187,0.048217155,0.7959906,0.15579222
286,2,2,0.027287065982818604,0.045714203,0.06310076,0.8911851
286,2,1,0.22460830211639404,0.038208727,0.55590624,0.40588507
171,2,2,0.05001750588417053,0.06981072,0.06706366,0.86312574
171,2,2,0.052795618772506714,0.10631522,0.04386709,0.8498178
171,2,2,0.05190068483352661,0.119501874,0.049664117,0.8308341
171,2,2,0.08592033386230469,0.114682816,0.14596029,0.739357
171,2,2,0.04503318667411804,0.048113625,0.02134946,0.93053705
171,2,2,0.13982629776000977,0.07800711,0.2936395,0.6283534
171,2,2,0.07435894012451172,0.15683691,0.07570682,0.76745635
171,2,2,0.08344042301177979,0.20017679,0.1137735,0.6860498
225,2,1,0.23420560359954834,0.07917106,0.6164621,0.30436692
225,2,1,0.18219953775405884,0.039210014,0.7046789,0.2561112
225,2,1,0.22286456823349,0.10669423,0.5940753,0.29923052
225,2,1,0.23610460758209229,0.04185184,0.5536724,0.40447584
225,2,1,0.18745380640029907,0.051952444,0.5173696,0.43067795
225,2,2,0.09754502773284912,0.062125467,0.29461983,0.64325476
225,2,2,0.09279412031173706,0.059286404,0.29589286,0.6448208
225,2,1,0.21883398294448853,0.10963956,0.59227526,0.29808527
225,2,2,0.146806001663208,0.041511655,0.45141608,0.5070724
225,2,2,0.16652727127075195,0.066160284,0.42053548,0.51330435
225,2,2,0.11056196689605713,0.07224066,0.3737619,0.5539975
225,2,2,0.24012798070907593,0.05028895,0.39315906,0.5565521
225,2,1,0.2097165584564209,0.06278585,0.49752128,0.439693
225,2,1,0.11667770147323608,0.07776199,0.60702604,0.31521198
225,2,2,0.16638320684432983,0.11682593,0.23879898,0.6443752
225,2,2,0.15887683629989624,0.08098172,0.3712898,0.54772854
225,2,1,0.13491666316986084,0.06383233,0.62159646,0.3145713
225,2,1,0.13096433877944946,0.07410227,0.6078995,0.31799826
225,2,1,0.11821842193603516,0.070409164,0.69726413,0.23232679
225,2,1,0.13266652822494507,0.069194555,0.57266223,0.3581432
225,2,1,0.2150745987892151,0.058961637,0.54962564,0.39141282
225,2,2,0.12416642904281616,0.1137561,0.2764092,0.6098348
225,2,1,0.08089268207550049,0.28044403,0.4829592,0.23659682
225,2,2,0.11737436056137085,0.05164384,0.19182982,0.7565264
225,2,2,0.15413862466812134,0.041435447,0.2816677,0.67689687
225,2,2,0.13253599405288696,0.074506156,0.40701848,0.5184755
225,2,1,0.10594499111175537,0.07382769,0.4987202,0.42745224
225,2,1,0.19367468357086182,0.101785965,0.56704575,0.33116835
225,2,2,0.15587693452835083,0.07628446,0.43998832,0.48372728
225,2,2,0.12936460971832275,0.06807161,0.39299,0.5389384
225,2,2,0.08693623542785645,0.13742803,0.42275688,0.4398152
225,2,0,0.16111892461776733,0.4380865,0.39481112,0.16710247
225,2,2,0.18107080459594727,0.061026067,0.34445497,0.594519
225,2,2,0.15342795848846436,0.055257563,0.38023376,0.56450874
225,2,2,0.14642620086669922,0.06916966,0.4432806,0.4875498
225,2,2,0.16308307647705078,0.081286825,0.42087469,0.49783856
225,2,2,0.1349005103111267,0.07821927,0.30640596,0.6153748
225,2,1,0.12343895435333252,0.20864515,0.41422436,0.37713054
225,2,0,0.12135189771652222,0.65752155,0.24416268,0.09831583
225,2,2,0.14737296104431152,0.056999233,0.2626589,0.6803419
225,2,2,0.08833575248718262,0.1538369,0.33577242,0.51039076
225,2,2,0.147047758102417,0.18235865,0.3589843,0.45865718
225,2,0,0.12332677841186523,0.4338714,0.36892816,0.19720054
225,2,2,0.04733848571777344,0.052592583,0.13191487,0.8154926
225,2,2,0.18385308980941772,0.3362042,0.23679207,0.42700383
225,2,2,0.11682969331741333,0.3738243,0.20214616,0.4240296
225,2,2,0.06989461183547974,0.04024618,0.101069376,0.85868466
225,2,2,0.07368427515029907,0.06820164,0.1598828,0.7719156
225,2,2,0.0623476505279541,0.088262275,0.10351631,0.8082215
280,2,2,0.02100604772567749,0.041926134,0.035033938,0.92304003
280,2,2,0.04363042116165161,0.047280945,0.04827733,0.90444183
280,2,2,0.03812974691390991,0.03006921,0.044483114,0.9254477
280,2,2,0.022355765104293823,0.04059679,0.030202841,0.9292005
280,2,2,0.07151976227760315,0.024682539,0.075734474,0.89958304
280,2,2,0.06456774473190308,0.051418807,0.15099351,0.79758775
387,0,0,0.119861900806427,0.45723376,0.17794102,0.36482525
387,0,0,0.06066632270812988,0.8847858,0.05970767,0.055506766
387,0,0,0.07391467690467834,0.879938,0.047833763,0.07222829
387,0,0,0.045324862003326416,0.8939303,0.047601845,0.058468007
387,0,0,0.05090785026550293,0.844707,0.08035235,0.07494071
387,0,0,0.03290554881095886,0.9237767,0.040706173,0.035517305
387,0,0,0.03067988157272339,0.9329365,0.037021153,0.030042393
387,0,0,0.05156490206718445,0.922399,0.036376666,0.04122442
387,0,0,0.02997639775276184,0.9255612,0.040205657,0.034233246
387,0,0,0.05488130450248718,0.8560065,0.0555654,0.088428184
387,0,0,0.08377861976623535,0.8357244,0.06781472,0.09646092
387,0,0,0.07540369033813477,0.88749534,0.049818773,0.062685855
387,0,0,0.035746097564697266,0.94416714,0.029634593,0.026198313
387,0,0,0.03602251410484314,0.9424663,0.02833618,0.02919762
387,0,0,0.07046744227409363,0.89551574,0.044467125,0.06001717
387,0,0,0.05865997076034546,0.9226692,0.036055025,0.041275796
387,0,0,0.050167471170425415,0.8989546,0.050908167,0.050137326
387,0,0,0.1306862235069275,0.66869116,0.07315448,0.25815436
387,0,0,0.06581547856330872,0.86128396,0.06026385,0.078452244
387,0,0,0.06989786028862,0.8821232,0.044173498,0.07370344
387,0,0,0.0537717342376709,0.89696324,0.052084602,0.05095223
387,0,0,0.045754820108413696,0.90793324,0.050235167,0.04183174
387,0,0,0.0329572856426239,0.9292784,0.035217274,0.035504352
387,0,0,0.05828201770782471,0.90806806,0.03585848,0.056073535
387,0,0,0.060092031955718994,0.91440094,0.03627148,0.049327668
387,0,0,0.1096331775188446,0.8755114,0.053845722,0.07064289
387,0,0,0.058502018451690674,0.7819768,0.09594347,0.12207978
387,0,0,0.06804636120796204,0.8437179,0.06737436,0.08890798
387,0,0,0.10016977787017822,0.8309495,0.069430634,0.099619895
387,0,0,0.04381886124610901,0.90025556,0.05095387,0.048790596
387,0,0,0.03127557039260864,0.91163045,0.039827015,0.04854263
387,0,0,0.050755709409713745,0.8789291,0.05132137,0.069749705
387,0,0,0.032827794551849365,0.90598494,0.030256689,0.06375842
387,0,0,0.07551044225692749,0.86737657,0.040907558,0.0917159
387,0,0,0.03328421711921692,0.90585697,0.050711244,0.043431893
387,0,0,0.045152902603149414,0.87092793,0.06691061,0.06216153
387,0,0,0.047712624073028564,0.8835173,0.051670093,0.06481268
387,0,0,0.05245766043663025,0.89049804,0.03893846,0.07056367
387,0,0,0.11506864428520203,0.7917485,0.03626693,0.17198473
387,0,0,0.06578236818313599,0.8712995,0.0574827,0.071217895
387,0,0,0.03387165069580078,0.906143,0.047724757,0.046132307
387,0,0,0.09331434965133667,0.8195131,0.04312469,0.13736232
387,0,0,0.07655543088912964,0.9015008,0.053716615,0.044782612
387,0,0,0.10877609252929688,0.72888964,0.09360717,0.1775033
249,0,2,0.06610152125358582,0.023703318,0.09689008,0.87940663
249,0,2,0.0891444981098175,0.04808665,0.12463358,0.8272799
249,0,2,0.1413329839706421,0.047301028,0.23794918,0.7147498
249,0,1,0.19948160648345947,0.019828836,0.7735574,0.20661381
249,0,2,0.11536252498626709,0.26047882,0.3426972,0.39682403
249,0,2,0.17296046018600464,0.32290167,0.26040912,0.41668925
249,0,2,0.12481844425201416,0.12808868,0.33248234,0.53942907
249,0,1,0.11599183082580566,0.008727421,0.9076421,0.08363059
249,0,0,0.11297917366027832,0.75036156,0.115816765,0.1338218
249,0,0,0.1333911418914795,0.5579633,0.20664954,0.23538722
249,0,2,0.1723484992980957,0.11076636,0.3937832,0.4954505
249,0,1,0.05863676965236664,0.00927626,0.940289,0.05043482
249,0,0,0.13855218887329102,0.4036338,0.2090684,0.3872978
249,0,0,0.08122861385345459,0.55281776,0.20404656,0.24313569
249,0,1,0.11654865741729736,0.14038701,0.45152423,0.40808883
249,0,1,0.10216403007507324,0.009820222,0.9307355,0.05944436
249,0,0,0.09278416633605957,0.73563576,0.1619545,0.1024099
249,0,0,0.12334513664245605,0.60316217,0.1838171,0.21302083
249,0,1,0.1344372034072876,0.30635107,0.37670508,0.31694394
249,0,1,0.1743752360343933,0.025676062,0.84787995,0.12644403
249,0,0,0.05762761831283569,0.82893306,0.1109885,0.06007857
249,0,0,0.12626296281814575,0.59658486,0.22002067,0.18339454
249,0,2,0.1431935429573059,0.23708689,0.24008036,0.5228328
249,0,1,0.13173863291740417,0.0192148,0.8548934,0.12589197
249,0,0,0.11734563112258911,0.4488224,0.32260463,0.228573
249,0,0,0.0912712812423706,0.38520378,0.31109163,0.30370468
249,0,2,0.11850357055664062,0.16502592,0.23437455,0.60059965
249,0,1,0.13238364458084106,0.024021605,0.8864608,0.089517646
249,0,1,0.17371410131454468,0.20256819,0.52377933,0.27365246
249,0,2,0.11979097127914429,0.2063749,0.3237919,0.4698333
249,0,2,0.08678454160690308,0.11842313,0.23369469,0.6478822
249,0,1,0.11567284166812897,0.013344953,0.91543764,0.07121747
77,0,0,0.08028799295425415,0.8407311,0.09902888,0.060240116
77,0,0,0.13733986020088196,0.81171095,0.11070864,0.07758052
77,0,0,0.12772417068481445,0.46487555,0.1510076,0.38411692
77,0,0,0.10091394186019897,0.71021336,0.1293537,0.16043298
77,0,0,0.10375785827636719,0.7396383,0.12385438,0.13650738
77,0,2,0.07178586721420288,0.27090856,0.13648115,0.5926105
77,0,0,0.0576176643371582,0.79897565,0.116351776,0.084672645
77,0,0,0.10393553972244263,0.67424864,0.14286926,0.18288222
77,0,2,0.1481252908706665,0.31396165,0.117223434,0.568815
90,0,2,0.06496667861938477,0.16100278,0.14228547,0.69671184
90,0,2,0.07699638605117798,0.16129205,0.17341523,0.6652928
90,0,0,0.16985028982162476,0.7081898,0.17678028,0.11503004
90,0,0,0.10377466678619385,0.6220308,0.1946239,0.18334535
90,0,2,0.10078692436218262,0.24764562,0.19031505,0.5620395
90,0,0,0.07678970694541931,0.82489604,0.1253549,0.049749125
90,0,0,0.12623608112335205,0.42726004,0.22851804,0.34422195
90,0,2,0.0891427993774414,0.27203974,0.15553813,0.5724222
90,0,0,0.06794971227645874,0.8005553,0.12916933,0.070275664
388,0,0,0.03847581148147583,0.93636763,0.048875436,0.014757035
388,0,0,0.0381297767162323,0.9240066,0.055455443,0.020538112
388,0,0,0.04279130697250366,0.90217805,0.073496744,0.024325266
388,0,0,0.05437090992927551,0.86959386,0.10129393,0.029112296
388,0,0,0.06251886487007141,0.9340839,0.049341314,0.016574938
388,0,0,0.1391581892967224,0.70238036,0.21549867,0.082121156
388,0,0,0.07187706232070923,0.8596379,0.10924337,0.031118775
388,0,0,0.04500401020050049,0.9052965,0.06902418,0.025679374
388,0,0,0.09494489431381226,0.78403187,0.1407169,0.07525133
388,0,0,0.03750056028366089,0.94275177,0.046621483,0.010626808
388,0,0,0.03559871017932892,0.9360872,0.05162595,0.012286827
388,0,0,0.06675148010253906,0.83142823,0.12063485,0.04793705
388,0,0,0.08964622020721436,0.65817577,0.2149802,0.1268442
388,0,0,0.041467905044555664,0.75396705,0.1686405,0.07739249
388,0,0,0.0637328028678894,0.8242166,0.102308236,0.07347528
388,0,0,0.03385961055755615,0.92551094,0.05616256,0.018326571
388,0,0,0.075985848903656,0.86863303,0.09257453,0.03879249
388,0,0,0.08123362064361572,0.75029904,0.1819368,0.06776419
388,0,2,0.0889902114868164,0.30045548,0.22154777,0.47799686
388,0,0,0.08164834976196289,0.6274336,0.17035228,0.20221415
388,0,0,0.06643503904342651,0.8561652,0.098126225,0.045708712
388,0,0,0.12166464328765869,0.73106694,0.15396003,0.11497312
388,0,2,0.07768255472183228,0.18276128,0.18910761,0.62813115
93,0,1,0.1394936442375183,0.2824728,0.52005637,0.1974709
93,0,2,0.22086656093597412,0.29648694,0.30212426,0.40138882
93,0,0,0.06949153542518616,0.8299436,0.12144902,0.048607543
93,0,0,0.09563130140304565,0.54378337,0.24550393,0.21071278
93,0,0,0.07030200958251953,0.78043574,0.12969072,0.08987362
93,0,0,0.07281330227851868,0.87699443,0.092261955,0.030743707
93,0,2,0.08291780948638916,0.22805987,0.17561476,0.5963254
93,0,0,0.22556167840957642,0.48672417,0.22459245,0.28868347
93,0,0,0.07495635747909546,0.7062388,0.24758391,0.04617736
93,0,2,0.13839101791381836,0.114663385,0.2644628,0.6208739
93,0,2,0.15116024017333984,0.07292893,0.38807726,0.53899384
18,1,1,0.12006282806396484,0.41829225,0.48200196,0.09970587
18,1,1,0.14636415243148804,0.22445619,0.57787216,0.19767162
18,1,1,0.09931731224060059,0.2501722,0.56103295,0.18879496
18,1,1,0.16781288385391235,0.20818092,0.5932705,0.19854866
18,1,1,0.095028817653656,0.2582013,0.6280263,0.11377253
18,1,0,0.09727120399475098,0.7802499,0.18191245,0.037837625
18,1,0,0.13696372509002686,0.43011546,0.24539967,0.3244849
18,1,0,0.10278087854385376,0.6933262,0.1499528,0.1567211
18,1,0,0.07839900255203247,0.7233971,0.17486884,0.10173417
18,1,0,0.07615232467651367,0.8411741,0.09911965,0.059706263
18,1,0,0.07336542010307312,0.8834925,0.070572555,0.045934986
18,1,0,0.048846691846847534,0.8919984,0.07111173,0.036890026
18,1,0,0.11703866720199585,0.7262568,0.19643602,0.077307306
18,1,0,0.13111424446105957,0.5518836,0.30531093,0.14280553
18,1,1,0.13143306970596313,0.28962508,0.37112424,0.3392507
18,1,0,0.15998303890228271,0.5431678,0.40021324,0.056619044
18,1,0,0.03004463016986847,0.94371665,0.039766658,0.016516814
18,1,0,0.051234036684036255,0.908908,0.06339343,0.027698647
18,1,0,0.08497354388237,0.874386,0.08090678,0.04470734
18,1,0,0.06444093585014343,0.8693964,0.082436964,0.04816682
18,1,0,0.08849912881851196,0.79948497,0.10023892,0.10027625
18,1,0,0.05454835295677185,0.83973587,0.1093175,0.05094676
18,1,0,0.05516365170478821,0.899737,0.07432556,0.025937555
18,1,0,0.04542730748653412,0.9413109,0.043030784,0.015658503
18,1,0,0.039404526352882385,0.93503094,0.045045506,0.019923741
18,1,0,0.0676550567150116,0.89607275,0.06984383,0.034083515
18,1,0,0.15773451328277588,0.5248417,0.31407496,0.1610834
18,1,1,0.18299686908721924,0.37293437,0.40831178,0.21875392
18,1,1,0.16519427299499512,0.2888967,0.5956961,0.115407266
18,1,0,0.08767911791801453,0.8359378,0.10986062,0.054201696
18,1,0,0.025687500834465027,0.9598302,0.030230116,0.009939742
18,1,0,0.03425806760787964,0.95208836,0.03560637,0.01230532
18,1,0,0.0407179594039917,0.9201204,0.058948398,0.020931184
18,1,0,0.04121026396751404,0.92971754,0.05001457,0.020267881
18,1,0,0.04833787679672241,0.9043539,0.054346777,0.04129939
18,1,0,0.03102773427963257,0.9372821,0.04868385,0.014034104
18,1,0,0.024352192878723145,0.9423772,0.037052553,0.020570353
18,1,0,0.034466519951820374,0.95207596,0.031171458,0.01675267
18,1,0,0.050191640853881836,0.9088821,0.06322808,0.027889993
18,1,0,0.06622698903083801,0.86146665,0.09019102,0.048342407
18,1,0,0.09095227718353271,0.73626757,0.17188075,0.09185186
18,1,1,0.14785808324813843,0.24622414,0.37853804,0.37523797
18,1,0,0.03397601842880249,0.9285516,0.051434983,0.02001348
18,1,0,0.054812654852867126,0.9292888,0.051456418,0.01925489
18,1,0,0.028675809502601624,0.9415629,0.038161367,0.02027584
18,1,0,0.0349653959274292,0.93235624,0.048294976,0.019348847
18,1,0,0.040032774209976196,0.92539126,0.05328071,0.021328123
18,1,0,0.04305018484592438,0.9331867,0.04843163,0.018381689
18,1,0,0.039384305477142334,0.92808765,0.051792927,0.02011945
18,1,0,0.02317824959754944,0.953349,0.03470295,0.011948201
18,1,0,0.06589668989181519,0.8675616,0.104438886,0.027999694
18,1,0,0.04757893085479736,0.9379713,0.041931305,0.020097481
18,1,0,0.06070283055305481,0.8931117,0.080115475,0.026772968
18,1,0,0.033617258071899414,0.91295743,0.07059793,0.01644476
18,1,0,0.09260964393615723,0.5396324,0.32854718,0.13182048
18,1,0,0.03879822790622711,0.9464015,0.040536553,0.013061976
18,1,0,0.023565515875816345,0.9629123,0.029684318,0.0074034515
18,1,0,0.040150582790374756,0.94411427,0.037273023,0.018612852
18,1,0,0.045847415924072266,0.89161557,0.079414226,0.02897028
18,1,0,0.05847182869911194,0.89911646,0.06871788,0.03216573
18,1,0,0.03311768174171448,0.9295913,0.056679577,0.013729213
18,1,0,0.07573281228542328,0.930821,0.04859555,0.020583436
18,1,0,0.017701342701911926,0.9688147,0.025192546,0.0059929173
18,1,0,0.06738963723182678,0.8764581,0.10392314,0.019618856
18,1,0,0.042087897658348083,0.9366925,0.042236693,0.021070955
18,1,0,0.03135906159877777,0.9545453,0.031763222,0.013691575
18,1,0,0.05137094855308533,0.9172691,0.059693594,0.023037417
18,1,0,0.020253539085388184,0.96699697,0.02203741,0.010965728
18,1,0,0.03012821078300476,0.9277255,0.05300942,0.019265102
18,1,0,0.02802819013595581,0.95070153,0.03278858,0.01650991
18,1,0,0.03365582227706909,0.96466494,0.026577588,0.008757578
18,1,0,0.05098164081573486,0.91134834,0.061194826,0.027457036
18,1,0,0.06719374656677246,0.8337173,0.13274169,0.033541154
18,1,0,0.02740795910358429,0.9438088,0.04822185,0.00796943
18,1,0,0.039195895195007324,0.9334658,0.05503072,0.011503685
18,1,0,0.02362579107284546,0.9332279,0.05156609,0.015206065
18,1,0,0.03461736440658569,0.90744495,0.06584691,0.026708297
18,1,0,0.02379050850868225,0.9172365,0.061449528,0.021314085
18,1,0,0.0658961832523346,0.86352634,0.08494033,0.05153335
18,1,0,0.035026222467422485,0.95771694,0.024323301,0.017959816
18,1,0,0.026163071393966675,0.9563754,0.030764986,0.012859646
18,1,0,0.06273776292800903,0.9349447,0.04139613,0.023659233
18,1,0,0.08840394020080566,0.8237907,0.11925152,0.056957774
18,1,1,0.12057298421859741,0.29441223,0.5360355,0.16955237
18,1,1,0.1114162802696228,0.18301061,0.61692584,0.20006362
18,1,0,0.07102209329605103,0.81579137,0.112346545,0.07186213
18,1,0,0.04932677745819092,0.89222145,0.07692101,0.030857729
18,1,0,0.022116005420684814,0.9589534,0.029395776,0.011650903
18,1,0,0.05275121331214905,0.9344619,0.040049314,0.025488863
18,1,0,0.04840242862701416,0.8732007,0.087949425,0.03884993
18,1,0,0.09286552667617798,0.5155661,0.27694643,0.20748758
18,1,1,0.1041569709777832,0.11733459,0.57264507,0.31002036
18,1,0,0.03450474143028259,0.9139284,0.05621962,0.02985215
18,1,0,0.05118420720100403,0.8697105,0.09873192,0.03155759
18,1,0,0.10366207361221313,0.72022665,0.19808784,0.08168563
18,1,0,0.08071339130401611,0.80669045,0.14927535,0.044034276
22,1,1,0.1249508261680603,0.039615713,0.83996165,0.120422624
22,1,1,0.0683329701423645,0.029048149,0.9192603,0.051691573
22,1,1,0.11759552359580994,0.036701135,0.89098126,0.07231777
22,1,1,0.10450801253318787,0.033251934,0.8841322,0.08261596
22,1,1,0.03491547703742981,0.017669406,0.9493218,0.033008844
22,1,1,0.0744452178478241,0.026880633,0.93642765,0.036691755
22,1,1,0.04628664255142212,0.020757157,0.94849026,0.03075262
22,1,1,0.0498233437538147,0.021721918,0.9424361,0.03584215
22,1,1,0.1222943365573883,0.019365216,0.8794696,0.10116533
22,1,1,0.027033641934394836,0.012031587,0.97038555,0.017582972
22,1,1,0.09580235183238983,0.014552398,0.9460921,0.039355535
22,1,1,0.09367404878139496,0.014043751,0.94126755,0.044688817
22,1,1,0.061693012714385986,0.021519221,0.9567494,0.021731466
22,1,1,0.05376005172729492,0.01981223,0.9429388,0.037249126
22,1,1,0.06695015728473663,0.023359105,0.9334445,0.043196548
22,1,1,0.16494159400463104,0.019423053,0.9066355,0.073941454
22,1,1,0.04963904619216919,0.009984795,0.9606919,0.02932341
22,1,1,0.0438547283411026,0.013456387,0.9601157,0.026427992
22,1,1,0.08052331209182739,0.019394945,0.9470912,0.03351384
29,1,1,0.1166197657585144,0.111714914,0.5009175,0.38736767
29,1,1,0.1247953474521637,0.048948124,0.7988989,0.1521531
29,1,1,0.10981094837188721,0.094301425,0.61678445,0.28891414
29,1,1,0.06302264332771301,0.026888382,0.9293824,0.043729313
29,1,1,0.05923806130886078,0.031216983,0.9426307,0.026152467
29,1,1,0.11017709970474243,0.058562603,0.7289149,0.21252245
29,1,1,0.07152372598648071,0.021820115,0.9441425,0.034037482
29,1,1,0.08281755447387695,0.05530174,0.8045038,0.14019457
29,1,1,0.11262655258178711,0.020789748,0.8939519,0.08525845
29,1,2,0.24675488471984863,0.08908711,0.28600192,0.624911
29,1,1,0.12012726068496704,0.042711973,0.79691476,0.1603733
29,1,1,0.14621245861053467,0.16055027,0.45193848,0.38751134
29,1,2,0.05476027727127075,0.07137688,0.12767246,0.80095077
1,1,1,0.04158322513103485,0.0055786,0.9709712,0.023450216
1,1,1,0.1110493540763855,0.04561318,0.86134595,0.09304086
1,1,1,0.08391785621643066,0.02379656,0.9246178,0.051585693
1,1,1,0.08765888214111328,0.057706155,0.8787802,0.06351384
1,1,1,0.02907949686050415,0.01912157,0.95552284,0.025355633
1,1,1,0.04601418972015381,0.036984637,0.927915,0.035100464
1,1,1,0.02847561240196228,0.017252047,0.9623837,0.020364314
1,1,1,0.07659849524497986,0.040466446,0.9116966,0.04783706
1,1,1,0.045133382081985474,0.028137172,0.9403037,0.031559262
1,1,1,0.1501046121120453,0.04657339,0.85668385,0.096742876
1,1,1,0.112469881772995,0.03759507,0.8758382,0.086566925
1,1,1,0.048209503293037415,0.018244008,0.95347637,0.0282797
1,1,1,0.061422571539878845,0.04024863,0.92724234,0.032509185
1,1,1,0.034703075885772705,0.0126459645,0.9701387,0.017215405
1,1,1,0.09928533434867859,0.034784175,0.90841347,0.05680244
1,1,1,0.05937047302722931,0.019609729,0.9432164,0.03717406
1,1,1,0.05955967307090759,0.03113893,0.9235257,0.04533548
1,1,1,0.07752993702888489,0.022664547,0.94798845,0.029347155
1,1,1,0.06951139122247696,0.015023915,0.96307105,0.021905037
1,1,1,0.04469732940196991,0.021349391,0.9527563,0.025894402
1,1,1,0.02404124289751053,0.018208105,0.9716665,0.010125482
1,1,1,0.18252962827682495,0.11782189,0.4750049,0.40717325
1,1,1,0.1501368284225464,0.05706001,0.77689874,0.16604127
1,1,1,0.10281571745872498,0.036249734,0.9161124,0.04763786
1,1,1,0.12864316999912262,0.033519596,0.93133664,0.03514385
1,1,1,0.013053104281425476,0.006505445,0.9846121,0.008882478
1,1,1,0.04337337613105774,0.020565568,0.9516894,0.02774512
1,1,1,0.08527088165283203,0.017794076,0.9372934,0.044912603
1,1,1,0.04489903151988983,0.013150833,0.9723424,0.014506872
1,1,1,0.04831080138683319,0.016521815,0.9719953,0.011482996
1,1,1,0.07451146841049194,0.033976886,0.94120556,0.0248177
1,1,1,0.06264907121658325,0.018681683,0.9442734,0.03704495
1,1,1,0.05028781294822693,0.021061134,0.9453553,0.033583637
1,1,1,0.08809447288513184,0.01928388,0.9020014,0.07871481
1,1,1,0.1828010082244873,0.104675785,0.5275291,0.36779517
1,1,1,0.10438024997711182,0.069102444,0.8000515,0.1308462
1,1,1,0.1206081211566925,0.04700556,0.9010092,0.05198529
1,1,1,0.05344142019748688,0.013795873,0.9509311,0.03527313
1,1,1,0.06754232197999954,0.013395524,0.96454823,0.022056405
1,1,1,0.06831005215644836,0.013125661,0.9563863,0.030488113
1,1,1,0.013837598264217377,0.008671636,0.98479164,0.00653682
1,1,1,0.017962053418159485,0.007854919,0.9826309,0.009514252
1,1,1,0.023899152874946594,0.011226191,0.9815249,0.0072489823
1,1,1,0.029898077249526978,0.016493008,0.96195203,0.021555027
1,1,1,0.13882547616958618,0.03971144,0.8311722,0.12911646
1,1,1,0.22825482487678528,0.061875988,0.7761407,0.16198346
1,1,1,0.13245457410812378,0.058440622,0.8316498,0.10990966
1,1,1,0.0188540518283844,0.007666508,0.98475987,0.0075736796
1,1,1,0.047536060214042664,0.0090213325,0.963798,0.027180724
1,1,1,0.10732568800449371,0.016115986,0.94263726,0.041246835
1,1,1,0.06615956127643585,0.012217234,0.9558935,0.03188942
1,1,1,0.022814802825450897,0.011317358,0.97649646,0.012186287
1,1,1,0.07890667021274567,0.017821835,0.93729645,0.044881783
1,1,1,0.03261875361204147,0.010795607,0.9756615,0.013542946
1,1,1,0.045974329113960266,0.015096136,0.94958764,0.03531631
1,1,1,0.08846926689147949,0.038134117,0.89815104,0.06371486
1,1,1,0.24332332611083984,0.0998541,0.5675544,0.33259153
1,1,1,0.14837530255317688,0.046406228,0.8527857,0.10080812
1,1,1,0.0323827788233757,0.0049129543,0.9778356,0.017251553
1,1,1,0.03436514735221863,0.009097765,0.97373,0.01717233
1,1,1,0.029605470597743988,0.006631296,0.982833,0.010535722
1,1,1,0.025304578244686127,0.011012654,0.98038137,0.008606069
1,1,1,0.020060189068317413,0.0056703365,0.9831736,0.011156072
1,1,1,0.06858628988265991,0.03136727,0.9503242,0.01830868
1,1,1,0.03701479732990265,0.021539286,0.9602394,0.018221455
1,1,1,0.06911121308803558,0.024581598,0.93022263,0.04519584
1,1,1,0.14821293950080872,0.021909632,0.8642098,0.11388068
1,1,1,0.05202411860227585,0.010202187,0.9678926,0.021905292
1,1,1,0.013816460967063904,0.004625772,0.9877023,0.0076720743
1,1,1,0.025490745902061462,0.008812159,0.97978836,0.011399504
1,1,1,0.03895480930805206,0.008474948,0.9769153,0.014609869
1,1,1,0.03915102034807205,0.014878388,0.9712615,0.013860156
1,1,1,0.01961405575275421,0.008104497,0.9829534,0.008942161
1,1,1,0.018492385745048523,0.01495855,0.9707843,0.014257236
1,1,1,0.03993603587150574,0.020164806,0.9432503,0.03658494
1,1,2,0.21775835752487183,0.11905385,0.4021903,0.4787559
1,1,1,0.12377467751502991,0.033182465,0.8943393,0.072478354
1,1,1,0.01788967102766037,0.010128675,0.9787098,0.01116158
1,1,1,0.019637100398540497,0.010587568,0.98075396,0.008658575
1,1,1,0.03211699426174164,0.010740877,0.975643,0.013616267
1,1,1,0.019533582031726837,0.0056017665,0.9837912,0.010607135
1,1,1,0.020960867404937744,0.008767113,0.97980464,0.011428257
1,1,1,0.08954064548015594,0.019612322,0.9307994,0.049588334
1,1,1,0.03628285229206085,0.025241086,0.9429375,0.03182152
1,1,1,0.08582445979118347,0.026562156,0.9142258,0.059212
1,1,1,0.035041555762290955,0.017924182,0.9606223,0.021453619
1,1,1,0.02729913592338562,0.00892796,0.9769948,0.014077294
1,1,1,0.024409890174865723,0.008432638,0.9801888,0.011378682
1,1,1,0.030892938375473022,0.0083807735,0.96732414,0.024295082
1,1,1,0.09074905514717102,0.02636666,0.9101738,0.06345968
1,1,1,0.030895337462425232,0.020840423,0.95757884,0.021580772
1,1,1,0.047710269689559937,0.01752768,0.9337054,0.04876707
1,1,1,0.08400411903858185,0.029249612,0.92585224,0.044898175
1,1,1,0.023471824824810028,0.010149808,0.9796425,0.010207715
1,1,1,0.03288257122039795,0.013293325,0.9719797,0.014726963
1,1,1,0.03594738990068436,0.01538586,0.9750752,0.009538963
1,1,1,0.020678844302892685,0.008093339,0.98664397,0.005262837
1,1,1,0.061241090297698975,0.019452406,0.9527789,0.027768819
1,1,1,0.0085899718105793,0.0040596225,0.9890065,0.0069338325
1,1,1,0.04316580295562744,0.021768855,0.9382547,0.03997646
1,1,1,0.054758161306381226,0.027216163,0.9185737,0.05421015
1,1,1,0.10746335983276367,0.033445474,0.9101724,0.056382265
1,1,1,0.02127859741449356,0.004637557,0.9837572,0.011605298
1,1,1,0.0348537340760231,0.0055450723,0.9790638,0.015391136
1,1,1,0.0337013304233551,0.010188356,0.9748284,0.014983279
1,1,1,0.03441637009382248,0.014291529,0.9748482,0.01086028
1,1,1,0.039410389959812164,0.016286833,0.96894735,0.014765905
1,1,1,0.027376040816307068,0.018529369,0.96482205,0.016648669
1,1,1,0.06493012607097626,0.02619579,0.94193137,0.031872902
1,1,1,0.04537501931190491,0.015971972,0.9556705,0.028357634
1,1,1,0.06779845058917999,0.029848393,0.93349344,0.036658283
1,1,1,0.06642363965511322,0.025110021,0.9458355,0.029054523
1,1,1,0.02738131582736969,0.016036654,0.97038877,0.01357466
1,1,1,0.03920317441225052,0.009616401,0.9723255,0.01805809
1,1,1,0.02989307790994644,0.012721207,0.9738744,0.013404469
1,1,1,0.08604657649993896,0.03199603,0.9146668,0.053337257
1,1,1,0.10940611362457275,0.06197085,0.87519485,0.062834375
1,1,1,0.06863832473754883,0.10948704,0.60951215,0.28100085
1,1,1,0.08272817730903625,0.056018427,0.84675026,0.0972315
1,1,1,0.06111535429954529,0.015347068,0.96247244,0.022180585
1,1,1,0.05303123593330383,0.0064288485,0.9715695,0.022001699
1,1,1,0.08726726472377777,0.025623685,0.93064755,0.04372882
1,1,1,0.03851820528507233,0.012920417,0.96413875,0.022940945
1,1,1,0.05310148745775223,0.014666953,0.96482545,0.020507667
1,1,1,0.06968533992767334,0.03284517,0.92344594,0.04370892
1,1,1,0.04574543237686157,0.018970765,0.97114867,0.009880692
1,1,1,0.04593983292579651,0.03188028,0.9403209,0.027798839
1,1,1,0.04483869671821594,0.030481942,0.9211384,0.04837967
1,1,1,0.07820358872413635,0.054225724,0.85083175,0.09494261
1,1,1,0.11802473664283752,0.04199267,0.87046635,0.087541044
1,1,1,0.03890390694141388,0.017658,0.9654455,0.016896507
1,1,1,0.041037559509277344,0.017298952,0.9585997,0.02410136
1,1,1,0.009843498468399048,0.004653497,0.99056625,0.00478024
1,1,1,0.11736802756786346,0.014221936,0.92888105,0.056896996
1,1,1,0.04942131042480469,0.016708203,0.9624352,0.02085673
1,1,1,0.030465036630630493,0.014340467,0.97139096,0.014268669
1,1,1,0.017502881586551666,0.006992855,0.9853702,0.0076369946
1,1,1,0.04648001492023468,0.004707514,0.97801757,0.01727504
1,1,1,0.0676797479391098,0.019676425,0.95443654,0.025887119
1,1,1,0.0489424467086792,0.020164935,0.95959115,0.020244008
1,1,1,0.06000623106956482,0.031138048,0.9230226,0.045839347
1,1,1,0.037571266293525696,0.0195466,0.9561886,0.024264887
1,1,1,0.07715432345867157,0.015895179,0.947305,0.036799926
1,1,1,0.03822636604309082,0.013428517,0.9663152,0.020256408
1,1,1,0.012167759239673615,0.008178646,0.9803571,0.01146434
1,1,1,0.05430381000041962,0.0155503005,0.972214,0.012235697
1,1,1,0.02077599987387657,0.010160678,0.9867731,0.0030662818
1,1,1,0.03667639195919037,0.014518755,0.9769374,0.008543882
1,1,1,0.04237653315067291,0.01044306,0.97611845,0.013438689
1,1,1,0.027138888835906982,0.012550024,0.977654,0.009796085
1,1,1,0.02581930160522461,0.010287448,0.97764707,0.012065558
1,1,1,0.06262241303920746,0.024646357,0.93006945,0.04528423
1,1,1,0.05680863559246063,0.014576753,0.94852126,0.036902107
1,1,1,0.14844882488250732,0.08088614,0.6977608,0.22135313
1,1,1,0.05858097970485687,0.027026406,0.93579155,0.037182048
1,1,1,0.0615718811750412,0.026894934,0.9541766,0.018928401
1,1,1,0.06939096748828888,0.011247195,0.9594884,0.029264512
1,1,1,0.027496621012687683,0.009462596,0.9760637,0.014473789
1,1,1,0.03904488682746887,0.010723513,0.9701449,0.019131675
1,1,1,0.07518453896045685,0.01496353,0.96588236,0.01915423
1,1,1,0.05484750121831894,0.020446654,0.9698548,0.009698656
1,1,1,0.0493045300245285,0.008059142,0.96418333,0.02775758
1,1,1,0.045880697667598724,0.009718349,0.97327936,0.017002342
1,1,1,0.05779881775379181,0.017190402,0.9527633,0.030046377
1,1,1,0.03948819637298584,0.021209097,0.96091413,0.017876767
1,1,1,0.0263231098651886,0.020101316,0.9625724,0.017326385
1,1,1,0.11569333076477051,0.057425275,0.81595206,0.12662268
1,1,1,0.027962878346443176,0.015761966,0.96875453,0.015483607
1,1,1,0.06225597858428955,0.026087802,0.9470935,0.026818732
1,1,1,0.032021328806877136,0.016081965,0.9635868,0.020331422
1,1,1,0.02216397225856781,0.006823112,0.98440117,0.008775717
1,1,1,0.0546267032623291,0.019702807,0.9442617,0.036035515
1,1,1,0.08868354558944702,0.019192144,0.93811625,0.042691696
1,1,1,0.09851056337356567,0.025404472,0.95202416,0.022571439
1,1,1,0.0433095321059227,0.0091975825,0.96797603,0.022826387
1,1,1,0.04851600527763367,0.018929284,0.94919693,0.031873804
1,1,1,0.0892447978258133,0.0121124815,0.92684233,0.06104523
1,1,1,0.057259440422058105,0.037055902,0.9270733,0.03587089
1,1,1,0.08218933641910553,0.019922515,0.9339691,0.046108447
1,1,1,0.044851526618003845,0.01456031,0.958621,0.026818763
1,1,1,0.029089078307151794,0.009254236,0.9764185,0.014327337
1,1,1,0.022194355726242065,0.0061070174,0.9795507,0.01434232
1,1,1,0.05954770743846893,0.017333962,0.9499804,0.032685686
1,1,1,0.11204257607460022,0.044427555,0.85051966,0.105052836
1,1,1,0.20917421579360962,0.078736804,0.7159073,0.20535605
1,1,1,0.11627796292304993,0.036997177,0.86849916,0.09450368
1,1,1,0.10244658589363098,0.022079356,0.9036066,0.07431417
1,1,1,0.12159907817840576,0.17948495,0.6333022,0.18721288
1,1,1,0.17879772186279297,0.22752754,0.50734824,0.2651243
1,1,1,0.10687029361724854,0.21513256,0.5749834,0.20988418
1,1,1,0.11601155996322632,0.11440323,0.66071075,0.22488609
260,1,1,0.07002967596054077,0.099951036,0.7461733,0.15387565
260,1,1,0.11090874671936035,0.058811918,0.75668156,0.18450662
260,1,1,0.08467084169387817,0.08311683,0.55532205,0.36156115
260,1,1,0.12236875295639038,0.03943025,0.7992855,0.16128434
260,1,1,0.06213068962097168,0.050800778,0.85731006,0.091889314
260,1,1,0.08871018886566162,0.02792167,0.893798,0.07828043
260,1,1,0.1739369034767151,0.04832559,0.695354,0.25632054
260,1,1,0.1292736530303955,0.047221005,0.64082795,0.3119511
260,1,1,0.1279246211051941,0.25485486,0.38624212,0.35890308
260,1,1,0.09809482097625732,0.054488845,0.75171465,0.19379665
260,1,1,0.13956674933433533,0.047166668,0.78522456,0.16760892
260,1,1,0.10581409931182861,0.10111262,0.5228607,0.37602678
259,1,0,0.08164295554161072,0.8466332,0.12428948,0.029077355
259,1,0,0.10628676414489746,0.7495635,0.18756536,0.0628711
259,1,0,0.10735130310058594,0.60363114,0.2948643,0.10150465
259,1,0,0.14353328943252563,0.6234231,0.23532109,0.14125593
259,1,0,0.10431474447250366,0.37727195,0.3139554,0.30877274
259,1,0,0.04702138900756836,0.8974724,0.07899946,0.02352821
259,1,0,0.13971561193466187,0.450963,0.44003257,0.109004535
259,1,1,0.1517559289932251,0.29049945,0.46237856,0.24712206
259,1,0,0.052548348903656006,0.7758125,0.18284722,0.041340314
259,1,1,0.08507347106933594,0.1615262,0.6400773,0.19839655
205,1,1,0.06895262002944946,0.03846564,0.9108219,0.050712608
205,1,1,0.06304286420345306,0.026316041,0.9361423,0.03754173
205,1,1,0.07273510098457336,0.013864624,0.9359701,0.050165355
205,1,1,0.024969004094600677,0.0057996362,0.9757028,0.018497588
205,1,1,0.04737737774848938,0.021405315,0.9573351,0.021259611
205,1,1,0.04283249378204346,0.019423585,0.9649496,0.015626945
205,1,1,0.043631672859191895,0.018663146,0.95551103,0.02582594
205,1,1,0.04659467935562134,0.016249714,0.919084,0.064666346
205,1,1,0.0236949622631073,0.01177725,0.9795534,0.008669453
205,1,1,0.03467729687690735,0.015030579,0.96372545,0.02124406
205,1,1,0.06950630247592926,0.01567088,0.9485664,0.035762843
205,1,1,0.04708382487297058,0.016626747,0.9565247,0.02684864
205,1,1,0.02944527566432953,0.0106102405,0.97720414,0.012185647
205,1,1,0.03739011287689209,0.023748627,0.95489216,0.021359337
205,1,1,0.07776609063148499,0.032968387,0.9182199,0.04881182
205,1,1,0.16881507635116577,0.048423223,0.5502274,0.4013495
205,1,1,0.06612095236778259,0.017575996,0.9373183,0.04510578
205,1,1,0.03608040511608124,0.012755945,0.95868033,0.028563797
205,1,1,0.020830899477005005,0.012499916,0.97780985,0.009690331
205,1,1,0.04087498039007187,0.008679186,0.96950996,0.021810902
205,1,1,0.06594134867191315,0.021533057,0.9518941,0.026572874
205,1,1,0.050381168723106384,0.008147612,0.96917737,0.022675125
205,1,1,0.031930699944496155,0.013344393,0.97594565,0.010710017
205,1,1,0.0894593745470047,0.020401714,0.91852105,0.06107736
205,1,1,0.15523219108581543,0.059483614,0.7993946,0.14112185
205,1,1,0.07634113729000092,0.013561177,0.94801617,0.038422752
205,1,1,0.018106278032064438,0.00668041,0.98670584,0.0066138553
205,1,1,0.026939451694488525,0.0071418737,0.9831309,0.009727232
205,1,1,0.047624312341213226,0.008179372,0.97503567,0.01678507
205,1,1,0.04787011444568634,0.010649381,0.97289675,0.016453935
205,1,1,0.016573481261730194,0.006982649,0.9765398,0.016477663
205,1,1,0.09737786650657654,0.028919447,0.88182604,0.08925457
205,1,2,0.13787353038787842,0.054385494,0.211569,0.73404557
205,1,1,0.0908312201499939,0.04123006,0.84871763,0.11005247
205,1,1,0.06808391213417053,0.025241526,0.9193751,0.055383418
205,1,1,0.05982491374015808,0.015887609,0.9488654,0.035247035
205,1,1,0.03844407945871353,0.01083631,0.9750277,0.01413603
205,1,1,0.03395518660545349,0.012869487,0.97391164,0.013218827
205,1,1,0.05011485517024994,0.015153045,0.9466374,0.038209613
205,1,1,0.16018199920654297,0.042015824,0.72727424,0.23071006
205,1,1,0.12846198678016663,0.024702968,0.82564,0.14965701
205,1,1,0.06864020228385925,0.02150529,0.9193223,0.05917248
205,1,1,0.062238797545433044,0.021450514,0.94890577,0.029643802
205,1,1,0.024461664259433746,0.005902335,0.98018587,0.013911849
205,1,1,0.08175776898860931,0.014787288,0.9260415,0.0591713
205,1,2,0.04837462306022644,0.036617767,0.08633318,0.87704915
205,1,1,0.07930099964141846,0.012589961,0.92576563,0.061644502
205,1,1,0.025066301226615906,0.007113647,0.9691493,0.023737034
205,1,1,0.029780998826026917,0.016403893,0.96044457,0.023151614
205,1,2,0.03369128704071045,0.036629345,0.054602757,0.90876794
205,1,1,0.11454463005065918,0.02811152,0.7807698,0.19111864
205,1,1,0.07548871636390686,0.017530723,0.93896234,0.04350702
205,1,1,0.12105776369571686,0.018956605,0.9197479,0.061295584
205,1,2,0.037206411361694336,0.04684392,0.07619583,0.87696034
205,1,1,0.21201586723327637,0.042568885,0.75499046,0.20244078
205,1,2,0.05515635013580322,0.023250502,0.065438986,0.91131055
229,1,1,0.10848069190979004,0.016678289,0.88633335,0.096988484
229,1,1,0.11292046308517456,0.048756607,0.6309632,0.32028034
229,1,1,0.06201636791229248,0.017444666,0.9161926,0.066362806
229,1,1,0.06741902232170105,0.021045817,0.90496475,0.07398951
229,1,1,0.11494731903076172,0.06296179,0.62731826,0.30971998
229,1,1,0.15166395902633667,0.06833911,0.7048586,0.22680236
229,1,1,0.0848994255065918,0.031919904,0.8756418,0.09243836
229,1,1,0.10161244869232178,0.06646893,0.7284485,0.20508257
229,1,1,0.06642422080039978,0.06484377,0.8478135,0.087342806
229,1,1,0.09998655319213867,0.041925695,0.8482517,0.109822705
229,1,1,0.14173400402069092,0.05719803,0.62041795,0.32238415
229,1,1,0.09439387917518616,0.046854887,0.83824694,0.11489823
229,1,2,0.12836319208145142,0.055369,0.2889654,0.65566564
229,1,2,0.0730549693107605,0.04103512,0.23493607,0.7240289
229,1,1,0.08760073781013489,0.03478575,0.81643105,0.14878331
229,1,1,0.059027642011642456,0.015789362,0.9222794,0.06193135
229,1,1,0.07135564088821411,0.03230781,0.89863795,0.06905427
229,1,2,0.09119737148284912,0.041562993,0.19944493,0.75899225
229,1,1,0.12617367506027222,0.04998666,0.60051894,0.34949452
229,1,1,0.1205737292766571,0.051280808,0.79873735,0.1499819
229,1,2,0.02581852674484253,0.042607285,0.06592055,0.8914722
134,1,1,0.11420488357543945,0.076894715,0.7245376,0.19856772
134,1,1,0.08965560793876648,0.024835901,0.9096806,0.06548364
134,1,1,0.12885677814483643,0.02021768,0.89239633,0.08738605
134,1,1,0.03397245705127716,0.020046985,0.95614,0.023813037
134,1,1,0.052016645669937134,0.01649005,0.9509364,0.03257356
134,1,1,0.025425449013710022,0.012970034,0.9681118,0.018918354
134,1,1,0.08127938210964203,0.029637434,0.92162895,0.048733726
134,1,1,0.10648328065872192,0.04944012,0.9010174,0.049542528
134,1,1,0.12212264537811279,0.10740821,0.7582899,0.13430199
134,1,1,0.03540636599063873,0.012168827,0.9549662,0.03286503
134,1,1,0.04020431637763977,0.010756591,0.961459,0.027784571
134,1,1,0.08088360726833344,0.023647074,0.93226457,0.044088393
134,1,1,0.03656931221485138,0.011302533,0.95981085,0.028886646
134,1,1,0.06815120577812195,0.042112112,0.920613,0.037274946
134,1,1,0.07640838623046875,0.039144766,0.92045563,0.040399645
134,1,1,0.04675935208797455,0.012901258,0.95762295,0.02947597
134,1,1,0.025311142206192017,0.012233107,0.9611412,0.026625674
134,1,1,0.021309971809387207,0.008500254,0.9700191,0.02148073
134,1,1,0.14168107509613037,0.05654381,0.8355801,0.10787621
134,1,1,0.10162395238876343,0.076155506,0.7949955,0.12884913
134,1,1,0.05482104420661926,0.047962863,0.8919689,0.060068343
134,1,1,0.05865103006362915,0.047646802,0.8828475,0.06950578
134,1,1,0.05944111943244934,0.03476338,0.8960063,0.0692304
134,1,1,0.058186113834381104,0.04887639,0.82729083,0.123832844
174,2,0,0.07396012544631958,0.588762,0.110178426,0.30105966
174,2,0,0.1266324520111084,0.6437429,0.10970572,0.2465515
174,2,0,0.12597936391830444,0.6347759,0.11308253,0.25214165
174,2,0,0.15156054496765137,0.47229716,0.25587738,0.2718255
174,2,2,0.1235274076461792,0.40513316,0.086249016,0.5086179
169,2,2,0.060779720544815063,0.07123975,0.03228766,0.89647263
169,2,2,0.04314202070236206,0.08861142,0.03156994,0.8798188
169,2,2,0.07553201913833618,0.057398256,0.14653936,0.7960625
169,2,2,0.05126392841339111,0.06369149,0.055449676,0.8808589
169,2,2,0.030590713024139404,0.06508314,0.049110573,0.8858064
169,2,2,0.02319815754890442,0.056915022,0.031066658,0.91201836
169,2,2,0.030911922454833984,0.041920435,0.048881613,0.90919805
169,2,2,0.05711472034454346,0.10343117,0.07516863,0.8214002
169,2,2,0.05260998010635376,0.07816886,0.055443466,0.8663877
169,2,2,0.0714886486530304,0.09794063,0.05101622,0.8510432
169,2,2,0.015498161315917969,0.0398832,0.028319223,0.9317976
326,2,2,0.046620115637779236,0.03629498,0.030342227,0.93336284
326,2,2,0.03493303060531616,0.056209475,0.044916082,0.8988745
326,2,2,0.031592875719070435,0.03849166,0.04017604,0.92133236
326,2,2,0.05057463049888611,0.038808215,0.055321723,0.90587026
326,2,2,0.06222093105316162,0.051817566,0.13726522,0.8109173
326,2,2,0.04179650545120239,0.053004455,0.050500758,0.89649487
326,2,2,0.040571779012680054,0.051052745,0.054932326,0.89401495
235,2,2,0.02521073818206787,0.032467414,0.026693558,0.9408392
235,2,2,0.04514962434768677,0.04332947,0.02653241,0.9301381
235,2,2,0.029445946216583252,0.06377839,0.037656717,0.89856493
235,2,2,0.027520641684532166,0.044238336,0.01611047,0.9396512
235,2,2,0.02732434868812561,0.036101617,0.021618515,0.94228005
235,2,2,0.03058050572872162,0.031252652,0.017723978,0.95102346
235,2,2,0.04575374722480774,0.04563833,0.041691817,0.91266984
235,2,2,0.03390020132064819,0.038705997,0.025470443,0.9358236
235,2,2,0.025166496634483337,0.03443951,0.022731714,0.9428289
235,2,2,0.03607088327407837,0.04663512,0.021202493,0.93216246
235,2,2,0.027158275246620178,0.034731198,0.016879499,0.94838935
235,2,2,0.031050682067871094,0.024157895,0.019046292,0.95679593
235,2,2,0.03621494770050049,0.046426512,0.033623308,0.9199501
235,2,2,0.05913814902305603,0.036383666,0.05037514,0.9132413
235,2,2,0.02758331596851349,0.025963703,0.010565077,0.96347135
235,2,2,0.027025535702705383,0.043676235,0.016581666,0.9397422
235,2,2,0.04150843620300293,0.04803463,0.031950682,0.9200147
235,2,2,0.04208594560623169,0.0514541,0.0386517,0.9098942
235,2,2,0.04987826943397522,0.034506775,0.047308434,0.9181848
235,2,2,0.06821933388710022,0.047292396,0.034493633,0.918214
235,2,2,0.04964140057563782,0.042073805,0.04109168,0.9168345
235,2,2,0.021843358874320984,0.021475147,0.025218824,0.95330614
235,2,2,0.025736480951309204,0.016506264,0.020301443,0.96319234
235,2,2,0.03559313714504242,0.030163422,0.024248648,0.945588
235,2,2,0.043575823307037354,0.035367377,0.049820565,0.91481215
194,2,2,0.03815850615501404,0.052189562,0.0628503,0.8849602
194,2,2,0.03264990448951721,0.0683608,0.059853636,0.8717857
194,2,2,0.035171568393707275,0.042181034,0.047985226,0.90983385
194,2,2,0.034009844064712524,0.043973427,0.061628133,0.8943985
194,2,2,0.0413644015789032,0.058707986,0.049716458,0.89157563
194,2,2,0.035319507122039795,0.044001717,0.035629302,0.920369
194,2,2,0.024883374571800232,0.027152719,0.028732669,0.94411474
194,2,2,0.0479356050491333,0.03954841,0.0477289,0.91272277
194,2,2,0.037507981061935425,0.088964045,0.048736364,0.8622996
194,2,2,0.03467884659767151,0.063640855,0.04263388,0.89372534
194,2,2,0.02899530529975891,0.04972972,0.025076458,0.9251939
194,2,2,0.032167911529541016,0.062767215,0.05029873,0.8869341
