parcel_id,truth,pred,epistemic,prob_0,prob_1,prob_2,distance_px
97,0,2,0.0,0.00043065217,0.021319706,0.97824967,0.3106
97,0,0,0.0,0.72050965,0.18176332,0.09772708,0.804417
97,0,0,0.0,0.83420914,0.14025046,0.025540374,0.831964
97,0,0,0.0,0.9072432,0.04248409,0.050272718,0.395024
97,0,0,0.0,0.57153463,0.1615496,0.26691586,0.428669
97,0,0,0.0,0.9130814,0.069227524,0.01769114,1.298234
97,0,0,0.0,0.8915553,0.09373516,0.0147096,0.884662
97,0,0,5.960464477539063e-08,0.7738397,0.062621154,0.16353923,0.004786
97,0,0,0.0,0.95801944,0.031785924,0.01019466,0.05292
97,0,0,4.470348358154297e-08,0.9638983,0.028519731,0.0075819725,0.922486
97,0,0,0.0,0.9458962,0.04381685,0.010287108,1.289333
97,0,0,0.0,0.8459617,0.14003058,0.014007762,0.409457
97,0,0,0.0,0.9508196,0.039702237,0.009478212,0.546737
97,0,0,0.0,0.93390363,0.052855767,0.013240578,1.416303
97,0,0,0.0,0.9001947,0.0838728,0.01593259,0.814128
97,0,0,5.960464477539063e-08,0.92421216,0.061079923,0.0147078745,0.170989
97,0,0,0.0,0.92008555,0.06618176,0.013732682,1.040554
97,0,0,0.0,0.89706045,0.08380272,0.019136949,1.2188
97,0,0,0.0,0.79410315,0.18118802,0.024708929,0.338924
97,0,0,0.0,0.677872,0.23864585,0.083482236,0.389579
97,0,0,0.0,0.8068151,0.16610166,0.027083348,0.743595
428,0,0,0.0,0.7782726,0.20690238,0.014825039,0.703946
428,0,0,0.0,0.96405286,0.030199802,0.0057474887,0.656423
428,0,0,0.0,0.97594315,0.02030673,0.0037501839,0.608901
428,0,0,0.0,0.964117,0.030403316,0.005479887,0.561378
428,0,0,0.0,0.96965545,0.025787398,0.004557193,0.513855
428,0,0,0.0,0.967662,0.028009815,0.0043281605,0.466333
428,0,0,0.0,0.9550816,0.038611874,0.0063066226,0.41881
428,0,0,0.0,0.9289837,0.06393803,0.007078359,0.135061
428,0,0,0.0,0.93456686,0.059426855,0.0060064,1.118469
428,0,0,0.0,0.96763146,0.027889635,0.0044789435,1.655293
428,0,0,0.0,0.98416674,0.013438644,0.0023946716,1.607771
428,0,0,0.0,0.977314,0.01795736,0.0047287475,1.560248
428,0,0,0.0,0.9807996,0.01631641,0.0028841542,1.512726
428,0,0,7.450580596923828e-09,0.9816699,0.015721656,0.0026084518,1.465203
428,0,0,0.0,0.9766993,0.020186389,0.0031144335,0.76818
428,0,0,0.0,0.9565153,0.03701989,0.0064649354,0.316465
428,0,0,0.0,0.9571597,0.03670202,0.006138336,1.299873
428,0,0,0.0,0.9751368,0.021419646,0.0034434928,2.283282
428,0,0,0.0,0.9762455,0.020620694,0.0031338728,2.606641
428,0,0,0.0,0.9669124,0.026720507,0.0063672825,2.559118
428,0,0,0.0,0.98180234,0.015626162,0.0025715467,2.511596
428,0,0,0.0,0.9843358,0.013490701,0.0021735968,1.601556
428,0,0,0.0,0.9783553,0.018738408,0.002906366,0.613579
428,0,0,0.0,0.94483674,0.046777345,0.008386099,0.497869
428,0,0,0.0,0.9431779,0.048272174,0.00854993,1.481278
428,0,0,0.0,0.9748073,0.021705559,0.0034871073,2.464686
428,0,0,0.0,0.9611797,0.033774026,0.005046398,3.448095
428,0,0,0.0,0.9700165,0.024373306,0.0056102993,3.422909
428,0,0,0.0,0.98690045,0.011155481,0.0019441352,2.434932
428,0,0,0.0,0.97950095,0.0177812,0.0027178123,1.446955
428,0,0,0.0,0.9716868,0.024448115,0.0038652683,0.458978
428,0,0,1.4901161193847656e-08,0.9452536,0.05023635,0.0045101866,0.679273
428,0,0,4.470348358154297e-08,0.9489713,0.04137158,0.009656971,1.662682
428,0,0,0.0,0.9822073,0.015145035,0.002647685,2.413448
428,0,0,0.0,0.97903675,0.017607369,0.0033558486,2.506584
428,0,0,0.0,0.96579915,0.027571704,0.006629194,2.59972
428,0,0,0.0,0.98374456,0.014040665,0.0022146616,2.280331
428,0,0,0.0,0.9754639,0.021059817,0.0034762113,1.292354
428,0,0,0.0,0.95779324,0.035851024,0.0063558496,0.304377
428,0,0,0.0,0.92456734,0.06914432,0.0062884013,0.860678
428,0,0,8.940696716308594e-08,0.9296175,0.057708368,0.012674,1.324658
428,0,0,0.0,0.96551704,0.029494641,0.0049885213,1.417794
428,0,0,0.0,0.96899563,0.025784848,0.005219479,1.510931
428,0,0,0.0,0.9615231,0.032262415,0.0062146382,1.604067
428,0,0,0.0,0.976901,0.019768877,0.0033304335,1.697203
428,0,0,4.470348358154297e-08,0.955855,0.038143277,0.0060016536,1.137753
428,0,0,0.0,0.96309716,0.030668002,0.006234855,0.149776
428,0,0,0.0,0.8748088,0.11348236,0.011709037,0.058673
428,0,0,0.0,0.87739575,0.11070651,0.0118978685,0.235869
428,0,0,0.0,0.9504722,0.04100938,0.00851855,0.329005
428,0,0,0.0,0.96357304,0.030594686,0.005832447,0.422141
428,0,0,7.450580596923828e-08,0.96211684,0.031893637,0.005989412,0.515277
428,0,0,0.0,0.9341137,0.05569397,0.010192288,0.608414
428,0,0,2.9802322387695312e-08,0.93909377,0.05219098,0.00871522,0.70155
428,0,0,0.0,0.9439922,0.04690183,0.009106171,0.794686
155,0,0,0.0,0.7919031,0.18472843,0.023368614,0.282205
155,0,0,0.0,0.9385253,0.052447155,0.009027538,0.128166
155,0,0,0.0,0.92450345,0.061983153,0.013513332,0.908085
155,0,0,0.0,0.8995415,0.08577939,0.0146792745,0.751332
155,0,0,0.0,0.8673117,0.11287433,0.019814035,0.146776
155,0,0,8.940696716308594e-08,0.8846866,0.08635178,0.028961577,0.754046
155,0,0,0.0,0.81349,0.14559636,0.04091387,1.533965
155,0,0,0.0,0.834504,0.12821923,0.037276898,1.547895
155,0,0,0.0,0.893775,0.08494985,0.021275127,0.943338
155,0,0,0.0,0.7811012,0.16029532,0.058603507,0.338782
155,0,0,5.960464477539063e-08,0.8958761,0.07045548,0.03366848,0.5052
155,0,0,0.0,0.89551365,0.0733255,0.03116092,1.139836
155,0,0,0.0,0.9050884,0.06630367,0.028608063,1.774471
155,0,0,0.0,0.8578052,0.10571458,0.03648036,1.739901
155,0,0,0.0,0.7587335,0.17133352,0.06993301,1.135345
155,0,0,0.0,0.77855176,0.17516765,0.046280745,0.50674
155,0,0,0.0,0.8530793,0.07999183,0.06692883,0.367024
155,0,0,0.0,0.8506565,0.08240527,0.06693834,1.00166
155,0,0,0.0,0.84743214,0.09828538,0.054282717,1.226921
155,0,0,0.0,0.7302117,0.20756556,0.06222289,0.515465
155,0,0,0.0,0.6853749,0.10955242,0.20507276,0.228848
155,0,0,0.0,0.69288164,0.14952949,0.15758893,0.524189
435,0,0,0.0,0.7616259,0.19532359,0.043050643,0.050658
435,0,0,0.0,0.8365327,0.13834907,0.025118247,0.521515
435,0,0,0.0,0.8839222,0.09298331,0.023094531,0.711406
435,0,0,1.1920928955078125e-07,0.8734136,0.10393632,0.022650057,0.416597
435,0,0,0.0,0.8786741,0.09668585,0.024640165,0.121789
435,0,0,0.0,0.9067907,0.076731525,0.016478064,0.561569
435,0,0,0.0,0.9110647,0.0718876,0.017047787,1.560766
435,0,0,5.960464477539063e-08,0.9331213,0.056369405,0.010509199,1.372154
435,0,0,2.9802322387695312e-08,0.91967547,0.068963826,0.011360661,1.077345
435,0,0,0.0,0.92251396,0.06509597,0.012390111,0.782536
435,0,0,0.0,0.9310232,0.05863407,0.010342771,0.541744
435,0,0,0.0,0.930348,0.059042048,0.010610104,0.446308
435,0,0,0.0,0.8940224,0.08954398,0.01643358,0.350872
435,0,0,0.0,0.9161683,0.06949364,0.01433804,0.255436
435,0,0,0.0,0.82779986,0.1335154,0.038684826,0.159999
435,0,0,5.960464477539063e-08,0.84434617,0.1308245,0.024829363,0.064563
435,0,0,0.0,0.9295351,0.049992826,0.020472137,0.601623
435,0,0,0.0,0.95296484,0.038309943,0.008725124,1.60082
435,0,0,0.0,0.96575516,0.027686073,0.006558923,2.32771
435,0,0,5.960464477539063e-08,0.95893973,0.035059933,0.0060003116,2.032901
435,0,0,0.0,0.9603405,0.034003604,0.005655962,1.738093
435,0,0,0.0,0.9655735,0.029913465,0.004513106,1.53718
435,0,0,7.450580596923828e-08,0.9446131,0.047914222,0.0074725696,1.441744
435,0,0,0.0,0.9323559,0.058433846,0.00921042,1.346307
435,0,0,0.0,0.9231626,0.06421881,0.0126186535,1.250871
435,0,0,0.0,0.8932747,0.08700598,0.01971944,0.831331
435,0,0,0.0,0.94333464,0.04117664,0.015488923,0.641676
435,0,0,0.0,0.9676733,0.026538521,0.00578848,1.640874
435,0,0,0.0,0.9614796,0.032806154,0.005714376,2.640071
435,0,0,5.960464477539063e-08,0.95999163,0.03478091,0.0052273967,2.988458
435,0,0,0.0,0.9540057,0.040343568,0.005650789,2.693649
435,0,0,0.0,0.93414825,0.05648567,0.009366215,2.532615
435,0,0,2.9802322387695312e-08,0.93781996,0.056126315,0.0060537774,2.437179
435,0,0,0.0,0.9395252,0.053649023,0.006825966,2.341743
435,0,0,0.0,0.9276621,0.060970843,0.011367288,1.498722
435,0,0,2.9802322387695312e-08,0.8475348,0.12729487,0.025170354,0.541611
435,0,0,2.9802322387695312e-08,0.93942946,0.043633178,0.016937422,0.68173
435,0,0,0.0,0.9344807,0.05324616,0.012273084,1.680927
435,0,0,0.0,0.9320652,0.05601095,0.0119238645,2.680125
435,0,0,0.0,0.9445815,0.046371482,0.009047245,3.679322
435,0,0,0.0,0.9424168,0.046156425,0.011426824,3.657472
435,0,0,0.0,0.9539007,0.039799962,0.0062993825,3.528051
435,0,0,4.470348358154297e-08,0.9503767,0.042879023,0.006744283,3.113565
435,0,0,0.0,0.92415905,0.06466557,0.011175474,2.166113
435,0,0,0.0,0.888807,0.08611506,0.025078014,1.209002
435,0,0,2.9802322387695312e-08,0.8623318,0.109445594,0.028222546,0.251891
435,0,0,5.960464477539063e-08,0.9389917,0.046599578,0.014408715,0.721784
435,0,0,7.450580596923828e-08,0.94714373,0.042124584,0.010731722,1.720981
435,0,0,2.9802322387695312e-08,0.9505588,0.040369537,0.009071708,2.720179
435,0,0,0.0,0.9559465,0.036642198,0.0074113216,3.719376
435,0,0,0.0,0.93607044,0.050333727,0.01359609,4.121491
435,0,0,0.0,0.9395581,0.051669285,0.008772691,3.68361
435,0,0,4.470348358154297e-08,0.9539477,0.040375255,0.0056770244,2.751469
435,0,0,0.0,0.88450813,0.09280303,0.022688923,1.819328
435,0,0,0.0,0.78626686,0.1632891,0.05044412,0.887188
435,0,0,0.0,0.94783366,0.036645368,0.015521024,0.761837
435,0,0,0.0,0.9431368,0.045210376,0.011652742,1.761035
435,0,0,1.4901161193847656e-08,0.95580715,0.03632283,0.007870088,2.760232
435,0,0,1.4901161193847656e-08,0.95528716,0.03737281,0.0073400075,3.143404
435,0,0,0.0,0.9493579,0.042348355,0.008293775,3.121726
435,0,0,7.450580596923828e-08,0.94962364,0.044540208,0.005836011,3.100048
435,0,0,0.0,0.93675464,0.055650603,0.0075949305,2.389372
435,0,0,0.0,0.7920162,0.14325008,0.06473391,1.457232
435,0,0,0.0,0.5442708,0.36820102,0.08752827,0.525091
435,0,0,0.0,0.9450794,0.042200994,0.0127198305,0.801891
435,0,0,0.0,0.9240536,0.062634476,0.013312006,1.801088
435,0,0,0.0,0.9426317,0.049276687,0.008091816,2.165317
435,0,0,2.9802322387695312e-08,0.9387984,0.05278594,0.008415674,2.143639
435,0,0,0.0,0.9253769,0.06082101,0.013802361,2.121961
435,0,0,0.0,0.91286534,0.07350023,0.013634458,2.100283
435,0,0,0.0,0.9159728,0.071716994,0.012310103,2.027276
435,0,0,0.0,0.6698749,0.18226826,0.14785686,1.095135
435,0,2,0.0,0.0075842687,0.06759337,0.92482245,0.162995
435,0,0,0.0,0.9281425,0.05042036,0.02143734,0.841945
435,0,0,0.0,0.93825966,0.04832564,0.013414809,1.18723
435,0,0,0.0,0.9215374,0.06640633,0.012056512,1.165552
435,0,0,0.0,0.9159719,0.070271745,0.013756525,1.143874
435,0,0,0.0,0.91639036,0.06970558,0.013904149,1.122196
435,0,0,0.0,0.9169723,0.0673628,0.015664896,1.100518
435,0,0,0.0,0.88897574,0.07527274,0.035751514,1.078839
435,0,0,0.0,0.59178764,0.21817519,0.19003734,0.733039
435,0,0,0.0,0.9613785,0.023081288,0.015540316,0.209143
435,0,0,0.0,0.9602661,0.027563224,0.012170823,0.187465
435,0,0,0.0,0.9697465,0.021516055,0.008737598,0.165787
435,0,0,0.0,0.9628922,0.027176693,0.0099311145,0.144109
435,0,0,0.0,0.9261037,0.053302653,0.020593725,0.122431
435,0,0,0.0,0.9443327,0.034521654,0.021145735,0.100753
435,0,0,0.0,0.807964,0.08853981,0.10349622,0.079074
435,0,2,5.960464477539063e-08,0.04766797,0.42309737,0.5292347,0.057396
256,0,2,0.0,0.031141981,0.017619118,0.95123893,0.202535
256,0,2,0.0,0.24286164,0.026447337,0.73069113,0.070016
256,0,2,0.0,0.14523403,0.06854005,0.786226,0.026339
256,0,2,0.0,0.31973773,0.049565107,0.6306973,0.816034
256,0,0,0.0,0.6482918,0.031768113,0.31994015,0.973879
256,0,2,0.0,0.43989307,0.02920516,0.53090185,0.546057
256,0,2,0.0,0.31404567,0.023870926,0.66208345,0.118235
256,0,2,5.960464477539063e-08,0.34360695,0.080915675,0.57547736,0.639838
256,0,2,0.0,0.3962532,0.08325086,0.520496,1.429533
256,0,0,0.0,0.8196603,0.023960486,0.15637918,1.877742
256,0,2,0.0,0.4706764,0.034412313,0.4949115,1.44992
256,0,0,0.0,0.70776165,0.014186513,0.2780519,0.996975
256,0,2,0.0,0.20916168,0.015030594,0.7758078,0.112866
256,0,0,0.0,0.6685311,0.05667193,0.27479696,0.463642
256,0,0,0.0,0.82730955,0.04078467,0.13190593,1.253337
256,0,0,0.0,0.5373366,0.048698254,0.41396526,2.043033
256,0,0,0.0,0.9136793,0.017972153,0.06834853,2.297913
256,0,2,0.0,0.47856402,0.041529592,0.47990635,1.413804
256,0,2,0.0,0.10707301,0.05908956,0.83383757,0.529695
256,0,2,0.0,0.058692925,0.081750005,0.85955715,0.287446
256,0,2,0.0,0.37332636,0.078001305,0.5486724,1.077141
256,0,0,0.0,0.60521513,0.051355295,0.34342963,1.792677
256,0,0,0.0,0.71749085,0.036536694,0.24597265,2.216894
256,0,0,0.0,0.8454205,0.028160427,0.12641919,1.830633
256,0,2,0.0,0.15021662,0.047238085,0.80254555,0.946524
256,0,2,0.0,0.0054665324,0.005117532,0.9894161,0.062415
256,0,2,0.0,0.08159752,0.043753706,0.87464905,0.038684
256,0,2,0.0,0.21923359,0.040950134,0.7398163,0.4629
256,0,2,5.960464477539063e-08,0.22969484,0.06781049,0.70249474,0.887116
256,0,2,0.0,0.27606657,0.07577701,0.64815664,1.311333
256,0,2,0.0,0.19175364,0.03310233,0.7751441,1.363353
256,0,2,0.0,0.01461886,0.0131456535,0.9722356,0.479243
256,0,2,0.0,0.31806302,0.20753086,0.47440606,0.405772
256,0,2,0.0,0.013027212,0.01899761,0.96797514,0.829988
256,0,2,0.0,0.008184803,0.0075054057,0.9843101,0.011963
352,0,0,0.0,0.69177353,0.2825164,0.025710244,0.051608
352,0,0,2.9802322387695312e-08,0.96081305,0.034362357,0.0048245685,0.6967
352,0,0,0.0,0.96366644,0.031772174,0.0045614955,0.60844
352,0,0,0.0,0.93360436,0.05852058,0.007875036,0.101658
352,0,0,0.0,0.943747,0.048857294,0.007395781,0.577686
352,0,0,0.0,0.95731694,0.038521715,0.004161526,1.341791
352,0,0,0.0,0.9731749,0.024231097,0.0025941906,1.470514
352,0,0,0.0,0.96119094,0.034471583,0.00433753,0.963733
352,0,0,0.0,0.9652624,0.030795867,0.003941921,0.456952
352,0,0,0.0,0.8131268,0.15378042,0.033092853,0.458672
352,0,0,0.0,0.95675445,0.037553433,0.0056922557,1.222777
352,0,0,0.0,0.96354717,0.032764543,0.0036883599,1.986883
352,0,0,0.0,0.95712274,0.03911757,0.0037598603,2.332589
352,0,0,0.0,0.9708152,0.026277283,0.002907622,1.825808
352,0,0,0.0,0.9753091,0.022153862,0.0025372184,1.319026
352,0,0,0.0,0.9696359,0.027135069,0.0032292078,0.812245
352,0,0,0.0,0.9561504,0.0394132,0.0044365544,0.305464
352,0,0,0.0,0.71239585,0.1587847,0.12881961,0.339658
352,0,0,0.0,0.92522657,0.0588994,0.015874116,1.103763
352,0,0,0.0,0.97141165,0.024653539,0.003935076,1.669609
352,0,0,0.0,0.94724375,0.047441855,0.005314395,2.086255
352,0,0,0.0,0.9441112,0.051269658,0.0046191285,2.502901
352,0,0,0.0,0.9251806,0.06821213,0.0066072578,2.687882
352,0,0,0.0,0.93725693,0.05663345,0.006109613,2.181101
352,0,0,0.0,0.95953333,0.036574762,0.003891817,1.67432
352,0,0,0.0,0.9701399,0.026926875,0.0029333779,1.167538
352,0,0,0.0,0.9655299,0.030900251,0.003569885,0.660757
352,0,0,7.450580596923828e-08,0.94125,0.051542822,0.0072070714,0.153976
352,0,0,0.0,0.7185584,0.22891535,0.052526455,0.343895
352,0,0,0.0,0.93094677,0.06001986,0.009033445,0.76054
352,0,0,0.0,0.94240814,0.05159733,0.005994706,1.177186
352,0,0,0.0,0.9556063,0.04033273,0.0040612007,1.593832
352,0,0,1.4901161193847656e-08,0.9481918,0.04730908,0.0044991868,2.010477
352,0,0,0.0,0.95566535,0.040208172,0.0041265637,2.427123
352,0,0,0.0,0.96851057,0.028480245,0.0030093915,2.536394
352,0,0,0.0,0.9749318,0.02246696,0.002601333,2.029613
352,0,0,0.0,0.97374976,0.023306996,0.0029433174,1.522236
352,0,0,0.0,0.9288206,0.061949708,0.009229707,0.698925
352,0,0,0.0,0.87740797,0.10690129,0.01569098,0.268117
352,0,0,0.0,0.9163918,0.0754978,0.0081105195,0.684763
352,0,0,2.9802322387695312e-08,0.925903,0.06637769,0.007719328,1.101408
352,0,0,0.0,0.9708673,0.026015157,0.0031176296,1.518054
352,0,0,0.0,0.94810975,0.046543263,0.0053470246,1.934699
352,0,0,0.0,0.9487371,0.04500459,0.0062582963,1.777955
352,0,0,0.0,0.90115833,0.086386934,0.012454877,0.954645
352,0,0,0.0,0.89767087,0.08567519,0.016653948,0.131334
352,0,0,0.0,0.6626067,0.28327695,0.054116383,0.192339
352,0,0,0.0,0.8200451,0.1353982,0.044556905,0.608985
352,0,0,2.9802322387695312e-08,0.92364657,0.06316202,0.013191367,1.02563
352,0,0,0.0,0.9232631,0.062212475,0.01452455,1.210364
352,0,0,2.9802322387695312e-08,0.92582554,0.058296993,0.015877515,0.387053
352,0,0,0.0,0.43290532,0.32460892,0.24248579,0.116561
352,0,0,0.0,0.4888823,0.10953911,0.40157866,0.533207
17,0,0,0.0,0.89563596,0.045104664,0.059259497,0.664635
17,0,0,0.0,0.57021093,0.06681938,0.3629698,0.681969
17,0,0,0.0,0.5776912,0.11948773,0.30282107,0.627973
17,0,0,0.0,0.75142103,0.15755221,0.09102692,0.573978
17,0,2,0.0,0.36517102,0.26235807,0.37247092,0.519982
17,0,2,0.0,0.30345753,0.13779035,0.5587521,0.465986
17,0,2,0.0,0.23989348,0.07228904,0.68781763,0.41199
17,0,0,0.0,0.46503472,0.11571414,0.41925117,0.357994
17,0,2,0.0,0.23278588,0.08324239,0.6839718,0.303999
17,0,2,0.0,0.22744577,0.13413353,0.6384208,0.250003
17,0,2,0.0,0.14514586,0.13823977,0.7166144,0.196007
17,0,0,0.0,0.6870994,0.21164395,0.10125666,0.752297
17,0,0,0.0,0.787841,0.17889337,0.03326569,1.68051
17,0,0,0.0,0.77265656,0.19773845,0.029605025,1.626515
17,0,0,5.960464477539063e-08,0.8485571,0.1341183,0.017324574,1.572519
17,0,0,0.0,0.5613022,0.18393163,0.25476635,1.518523
17,0,0,5.960464477539063e-08,0.58633524,0.25833097,0.15533385,1.464527
17,0,0,0.0,0.8930664,0.07693731,0.02999648,1.410531
17,0,0,0.0,0.8981943,0.07121509,0.030590726,1.356536
17,0,0,0.0,0.9129693,0.063683264,0.023347601,1.30254
17,0,0,0.0,0.81852245,0.11412702,0.06735049,1.248544
17,0,0,0.0,0.60514396,0.14596489,0.24889114,0.634597
17,0,0,0.0,0.5561512,0.10304547,0.34080335,0.839958
17,0,0,0.0,0.50726795,0.34828734,0.14444481,1.836109
17,0,0,0.0,0.57414347,0.32603768,0.099818915,2.625056
17,0,0,0.0,0.77577734,0.17403547,0.05018727,2.57106
17,0,0,0.0,0.53294826,0.20841798,0.25863376,2.517064
17,0,0,0.0,0.6339221,0.20431042,0.16176762,2.463068
17,0,0,0.0,0.88437384,0.07981098,0.035815176,2.409073
17,0,0,0.0,0.92044455,0.054950994,0.024604566,2.355077
17,0,0,0.0,0.9196483,0.053867735,0.026484068,2.301081
17,0,0,0.0,0.90933144,0.053283077,0.037385512,1.509394
17,0,2,0.0,0.28176045,0.09360219,0.6246374,0.516404
17,0,0,0.0,0.59376097,0.17848246,0.22775662,0.92762
17,0,0,0.0,0.6099601,0.28658035,0.103459686,1.92377
17,0,0,0.0,0.62203944,0.30552608,0.07243463,2.919921
17,0,0,5.960464477539063e-08,0.6009912,0.3187372,0.08027166,3.569601
17,0,0,0.0,0.42271376,0.34719068,0.23009576,3.515605
17,0,0,0.0,0.5179036,0.27778497,0.20431146,3.461609
17,0,0,0.0,0.8525056,0.09245285,0.05504169,3.407614
17,0,0,0.0,0.9068181,0.05995484,0.03322704,3.353618
17,0,0,5.960464477539063e-08,0.89273614,0.06252149,0.044742472,2.384192
17,0,0,0.0,0.8998781,0.033428796,0.06669326,1.391201
17,0,2,0.0,0.107165694,0.04306557,0.8497688,0.39821
17,0,2,0.0,0.030881125,0.24839534,0.7207236,0.019132
17,0,0,0.0,0.36855605,0.31552613,0.31591794,1.015282
17,0,0,0.0,0.68440795,0.23632768,0.07926453,2.011432
17,0,0,0.0,0.68504745,0.2487954,0.066157244,3.007583
17,0,0,0.0,0.49732134,0.37117934,0.1314994,3.208621
17,0,0,0.0,0.47079453,0.29903957,0.23016597,3.25017
17,0,0,0.0,0.6411441,0.20927869,0.14957732,3.291718
17,0,0,0.0,0.88830054,0.067592666,0.04410682,3.333267
17,0,0,0.0,0.8845581,0.06400295,0.051439054,3.258989
17,0,0,0.0,0.89934766,0.051795855,0.048856657,2.265998
17,0,0,0.0,0.812071,0.053386495,0.13454254,1.273008
17,0,2,0.0,0.119647354,0.03701547,0.84333724,0.280017
17,0,2,0.0,0.15041466,0.15439805,0.69518745,0.106793
17,0,0,0.0,0.4314916,0.31747377,0.25103465,1.102944
17,0,0,0.0,0.59767574,0.2893542,0.11297013,2.099094
17,0,0,5.960464477539063e-08,0.6321228,0.25918573,0.108691454,2.167935
17,0,0,0.0,0.55952257,0.3187061,0.12177147,2.209484
17,0,0,0.0,0.48774463,0.21734047,0.29491502,2.251033
17,0,0,0.0,0.65604985,0.19246334,0.15148696,2.292582
17,0,0,0.0,0.89640784,0.065824956,0.037767243,2.334131
17,0,0,2.9802322387695312e-08,0.9036715,0.061910786,0.034417752,2.37568
17,0,0,0.0,0.9186288,0.04110094,0.040270224,2.147805
17,0,0,0.0,0.76753145,0.056821298,0.17564735,1.154815
17,0,2,0.0,0.09384611,0.04525237,0.8609015,0.161824
17,0,2,0.0,0.11359372,0.37928692,0.5071195,0.194455
17,0,2,0.0,0.36337268,0.27162734,0.36500004,1.085701
17,0,0,0.0,0.43545532,0.23419885,0.33034584,1.12725
17,0,0,0.0,0.4871227,0.22814465,0.28473273,1.168799
17,0,0,0.0,0.5504413,0.25714052,0.19241823,1.210348
17,0,2,0.0,0.33182943,0.3009729,0.36719763,1.251897
17,0,0,0.0,0.51585674,0.17367831,0.31046504,1.293446
17,0,0,0.0,0.767266,0.10430032,0.12843375,1.334994
17,0,0,0.0,0.8672075,0.0606571,0.072135665,1.376543
17,0,0,5.960464477539063e-08,0.837825,0.038516086,0.12365893,1.418092
17,0,2,0.0,0.2821221,0.0915043,0.62637365,1.036621
17,0,2,0.0,0.009627912,0.06616748,0.9242047,0.043631
17,0,2,0.0,0.056811582,0.2861924,0.6569962,0.086565
17,0,2,1.1920928955078125e-07,0.07170983,0.24648593,0.6818043,0.128114
17,0,2,0.0,0.13544479,0.188623,0.6759323,0.169662
17,0,2,0.0,0.25394142,0.18056948,0.56548905,0.211211
17,0,2,0.0,0.15145157,0.17911163,0.66943693,0.25276
17,0,2,0.0,0.32255632,0.1306996,0.5467441,0.294309
17,0,0,0.0,0.6325205,0.11332643,0.25415313,0.335858
17,0,0,0.0,0.4376305,0.13717999,0.42518958,0.377407
17,0,2,5.960464477539063e-08,0.30145577,0.09974554,0.59879875,0.418956
17,0,2,0.0,0.06702116,0.10110623,0.8318726,0.460505
3,0,0,0.0,0.7980795,0.16715674,0.03476382,0.059489
3,0,2,0.0,0.33296987,0.27319762,0.3938325,0.210735
3,0,0,0.0,0.82539374,0.13150074,0.043105572,0.36198
3,0,0,0.0,0.8156071,0.10838726,0.07600575,0.513226
3,0,0,0.0,0.50598985,0.122882,0.37112814,0.645157
3,0,1,0.0,0.020977968,0.96506834,0.013953923,0.182567
3,0,0,1.1920928955078125e-07,0.8295242,0.13654193,0.03393385,1.047986
3,0,0,0.0,0.8599926,0.124726,0.015281523,1.199231
3,0,0,0.0,0.83030504,0.14523546,0.024459805,1.350477
3,0,0,0.0,0.86587715,0.114896424,0.019226544,1.501722
3,0,0,1.1920928955078125e-07,0.8018219,0.1604449,0.037733227,0.716272
3,0,0,0.0,0.60432196,0.31009486,0.085583255,0.857673
3,0,0,1.1920928955078125e-07,0.7083022,0.24943128,0.04226652,1.816562
3,0,0,0.0,0.8689463,0.11804458,0.013009204,2.338973
3,0,0,0.0,0.88325876,0.105584286,0.011157009,1.789155
3,0,0,0.0,0.7009749,0.23633122,0.06269406,0.801685
3,0,1,0.0,0.2582356,0.6070111,0.1347534,0.57389
3,0,0,0.0,0.68685347,0.27345002,0.039696652,1.532779
3,0,0,0.0,0.84732074,0.13747211,0.015207138,2.491668
3,0,0,0.0,0.8790471,0.10749116,0.013461963,1.94887
3,0,0,0.0,0.86250603,0.10424597,0.033248063,0.961767
3,0,0,0.0,0.6579022,0.31587455,0.026223283,0.290108
3,0,0,0.0,0.7888559,0.18766396,0.023480292,1.248996
3,0,0,1.1920928955078125e-07,0.81578845,0.16076809,0.023443475,2.203993
3,0,0,0.0,0.8449745,0.13473238,0.020293217,2.08225
3,0,0,0.0,0.9047309,0.07723448,0.018034622,1.121848
3,0,1,0.0,0.35329086,0.4705456,0.17616357,0.134745
3,0,1,0.0,0.3140898,0.63804924,0.04786099,0.006325
3,0,0,0.0,0.81423146,0.157662,0.02810664,0.965214
3,0,0,1.1920928955078125e-07,0.81390345,0.16664018,0.019456381,1.211432
3,0,0,0.0,0.8235244,0.1591082,0.01736757,1.089688
3,0,0,5.960464477539063e-08,0.7899715,0.17788436,0.03214427,0.967944
3,0,0,0.0,0.4546528,0.36715823,0.17818922,0.294827
3,0,0,0.0,0.79717636,0.17501044,0.02781339,0.340614
3,0,0,0.0,0.7794201,0.19534199,0.02523817,0.21887
3,0,0,0.0,0.78734463,0.18463933,0.028016074,0.097126
95,0,0,0.0,0.9449196,0.040632285,0.0144481715,0.251263
95,0,0,2.9802322387695312e-08,0.92396605,0.05943547,0.016598523,0.719432
95,0,0,0.0,0.89772606,0.080642305,0.021631723,0.206533
95,0,0,0.0,0.9351582,0.05085514,0.013986792,0.10824
95,0,0,0.0,0.90761435,0.07048397,0.021901716,0.883233
95,0,0,0.0,0.9328751,0.04984675,0.017278202,0.533224
95,0,0,2.9802322387695312e-08,0.9296332,0.05344755,0.016919324,0.740209
95,0,0,0.0,0.9152537,0.065735884,0.01901052,0.710561
95,0,0,0.0,0.8577729,0.10303795,0.03918922,0.597186
95,0,0,0.0,0.8585096,0.10863294,0.032857507,0.887898
95,0,0,0.0,0.91413313,0.065725215,0.020141713,0.097704
95,0,0,0.0,0.74297726,0.20714416,0.049878612,0.115529
95,0,0,5.960464477539063e-08,0.81135195,0.15498884,0.03365926,0.275041
66,0,0,0.0,0.74750656,0.17456308,0.07793039,0.793008
66,0,0,0.0,0.59069914,0.31189582,0.0974051,0.650477
66,0,0,0.0,0.65229,0.31257948,0.03513063,0.095126
66,0,0,0.0,0.8322016,0.13469858,0.03309981,0.342465
66,0,0,0.0,0.79222673,0.14545992,0.062313523,1.238
66,0,0,0.0,0.54989034,0.33022186,0.119887896,0.56873
66,0,0,0.0,0.931662,0.04408748,0.024250608,0.787456
66,0,0,0.0,0.77221334,0.15137754,0.076409146,1.042335
66,0,0,0.0,0.4809518,0.4320908,0.08695754,0.139256
66,0,0,0.0,0.8404827,0.11067082,0.048846442,0.336912
66,0,0,0.0,0.80149573,0.12824635,0.07025794,0.961586
66,0,0,5.960464477539063e-08,0.7364132,0.17468157,0.08890531,0.61286
66,0,0,0.0,0.8009502,0.14436159,0.054688416,0.183385
373,0,0,0.0,0.89442843,0.07631684,0.02925478,0.015628
373,0,0,0.0,0.8727364,0.08321673,0.04404694,0.319504
373,0,0,8.940696716308594e-08,0.9178106,0.06884571,0.013343649,0.463585
373,0,0,0.0,0.94414896,0.04415869,0.011692516,0.755062
373,0,0,0.0,0.92001384,0.061956454,0.018029636,0.017487
373,0,0,0.0,0.92699337,0.05860827,0.014398488,0.911542
373,0,0,0.0,0.9462024,0.045029633,0.008768007,0.328354
373,0,0,0.0,0.9060092,0.075181894,0.018808948,0.465444
373,0,0,0.0,0.92364824,0.063879155,0.012472695,0.806036
373,0,0,0.0,0.91719264,0.06577897,0.017028539,0.019347
373,0,0,0.0,0.9188233,0.063928485,0.01724833,0.913402
373,0,0,0.0,0.9373221,0.05097346,0.011704543,0.379329
373,0,0,0.0,0.888628,0.08241934,0.028952803,0.467304
373,0,0,0.0,0.89373606,0.081713274,0.024550615,0.857011
373,0,0,0.0,0.8785988,0.07960998,0.04179128,0.121394
407,0,0,0.0,0.7474613,0.19913808,0.053400803,0.569734
407,0,0,0.0,0.9090023,0.080255754,0.010741957,0.382712
407,0,0,0.0,0.8334603,0.1276783,0.038861483,0.102822
407,0,0,0.0,0.85602415,0.13036539,0.01361058,0.135771
407,0,0,0.0,0.91613543,0.07529449,0.008570138,1.025745
407,0,0,0.0,0.8678398,0.11155769,0.020602595,1.342744
407,0,0,0.0,0.87919587,0.0916917,0.029112624,1.062854
407,0,0,0.0,0.8180203,0.15551661,0.026463138,0.782965
407,0,0,0.0,0.81800514,0.14406253,0.037932415,0.263318
407,0,0,0.0,0.7604901,0.2060355,0.033474486,0.591782
407,0,0,0.0,0.890366,0.09876145,0.010872546,1.455355
407,0,0,0.0,0.9122839,0.07794948,0.009766902,1.763271
407,0,0,0.0,0.85809326,0.12496257,0.016944263,1.855737
407,0,0,0.0,0.7437232,0.20062196,0.055655025,0.904814
407,0,0,0.0,0.867603,0.113296196,0.019100752,0.196026
407,0,0,0.0,0.7081017,0.23076476,0.061133623,0.503942
407,0,0,0.0,0.74513716,0.19670181,0.058161158,0.811857
407,0,0,0.0,0.76178175,0.20825206,0.029966423,1.119772
407,0,0,1.1920928955078125e-07,0.76076955,0.19372262,0.045507707,0.595387
407,0,0,0.0,0.7863222,0.17304559,0.04063235,0.168358
407,0,0,0.0,0.8221517,0.16043833,0.017409973,0.28596
365,0,0,0.0,0.93760735,0.05315993,0.009232792,0.220307
365,0,0,0.0,0.9727759,0.022764202,0.004460139,0.263859
365,0,0,0.0,0.91057205,0.07178541,0.017642684,1.074071
365,0,0,2.9802322387695312e-08,0.90665686,0.07746877,0.015874311,0.468073
365,0,0,5.960464477539063e-08,0.95856535,0.033192188,0.008242368,0.039785
365,0,0,0.0,0.9605879,0.032037083,0.0073750108,0.849996
365,0,0,1.4901161193847656e-08,0.95929164,0.031707652,0.009000712,0.787622
365,0,0,0.0,0.96080565,0.031793907,0.0074005784,0.625922
365,0,0,0.0,0.9202303,0.061558057,0.018211786,1.107171
365,0,0,0.0,0.8390617,0.07783879,0.08309969,0.258577
365,0,0,0.0,0.83588696,0.1182607,0.04585244,0.322001
365,0,0,0.0,0.9303202,0.054259904,0.015419991,1.212035
365,0,0,0.0,0.7361017,0.12594979,0.1379486,0.578126
365,0,0,0.0,0.756485,0.17559248,0.067922674,0.315995
365,0,0,0.0,0.6128613,0.12628923,0.2608495,0.049081
107,0,0,0.0,0.79378617,0.18771102,0.01850297,0.23216
107,0,0,0.0,0.83310694,0.14450507,0.022388188,0.546773
107,0,0,5.960464477539063e-08,0.5420581,0.30491453,0.15302736,0.861386
107,0,0,5.960464477539063e-08,0.6405003,0.26059002,0.098909855,0.103216
107,0,0,0.0,0.7029566,0.263963,0.03308055,0.237542
107,0,0,0.0,0.64616805,0.32376158,0.030070385,0.552155
107,0,0,0.0,0.84080976,0.13586411,0.023326246,0.866768
107,0,0,0.0,0.9113165,0.067806125,0.020877358,1.181381
107,0,0,0.0,0.8693134,0.09653944,0.034147307,1.495993
107,0,0,5.960464477539063e-08,0.7381062,0.16881157,0.09308231,1.378871
107,0,0,0.0,0.7115736,0.23835659,0.050069846,0.435796
107,0,0,0.0,0.8274308,0.15054289,0.022026405,0.242924
107,0,0,0.0,0.8509575,0.13114731,0.017895197,0.557537
107,0,0,0.0,0.79082876,0.14498529,0.06418616,0.872149
107,0,0,0.0,0.80058444,0.14724903,0.052166685,1.186762
107,0,0,0.0,0.9187541,0.06806048,0.013185468,1.501375
107,0,0,0.0,0.8998184,0.07942707,0.020754732,1.815988
107,0,0,0.0,0.9232525,0.059811667,0.016935894,2.130601
107,0,0,2.9802322387695312e-08,0.9044077,0.053861182,0.04173107,2.445213
107,0,0,0.0,0.9070978,0.07017619,0.022726128,1.711451
107,0,0,0.0,0.5403271,0.27651185,0.18316114,0.768376
107,0,0,0.0,0.908354,0.066563606,0.025082516,0.855753
107,0,0,0.0,0.8685867,0.08174278,0.049670473,1.506757
107,0,0,0.0,0.8657014,0.10818841,0.02611022,1.821369
107,0,0,2.9802322387695312e-08,0.87084216,0.10297972,0.026178077,2.135982
107,0,0,5.960464477539063e-08,0.85166943,0.12734202,0.020988429,2.450595
107,0,0,0.0,0.8915646,0.09391004,0.0145253595,2.765208
107,0,0,5.960464477539063e-08,0.8792325,0.094772205,0.025995323,3.079821
107,0,0,0.0,0.9128892,0.06152787,0.02558301,2.987106
107,0,0,0.0,0.87652177,0.08476319,0.038715016,2.04403
107,0,0,0.0,0.818153,0.1598835,0.021963554,1.100955
107,0,0,0.0,0.81873727,0.1564532,0.024809577,0.15788
107,0,0,2.9802322387695312e-08,0.91078055,0.050982162,0.03823716,0.431344
107,0,0,1.1920928955078125e-07,0.91367596,0.06525786,0.021066215,1.336815
107,0,0,0.0,0.9013176,0.07653928,0.022143269,2.242286
107,0,0,0.0,0.90775025,0.07378563,0.018464206,3.085202
107,0,0,2.9802322387695312e-08,0.91720605,0.067884825,0.014909074,3.399815
107,0,0,0.0,0.89298385,0.09314653,0.0138697745,3.714428
107,0,0,0.0,0.8997818,0.076606184,0.023612117,4.029041
107,0,0,0.0,0.9357004,0.0467501,0.017549625,3.319685
107,0,0,0.0,0.9281664,0.060394693,0.011439008,2.37661
107,0,0,0.0,0.87900925,0.10294215,0.018048698,1.433535
107,0,0,0.0,0.8723795,0.10684367,0.020776927,0.49046
107,0,0,0.0,0.9207162,0.06659389,0.012690079,0.006936
107,0,0,0.0,0.87507826,0.09799893,0.026922895,0.912407
107,0,0,0.0,0.8690653,0.09980488,0.031129882,1.817878
107,0,0,2.9802322387695312e-08,0.8640749,0.11055268,0.025372379,2.723348
107,0,0,0.0,0.87373257,0.106576845,0.019690739,3.628819
107,0,0,0.0,0.9036264,0.073830664,0.022543103,3.468061
107,0,0,0.0,0.86292565,0.12207433,0.015000035,3.180054
107,0,0,0.0,0.8815986,0.1047624,0.013639055,2.750655
107,0,0,0.0,0.9095536,0.06805988,0.022386802,2.334143
107,0,0,0.0,0.93997586,0.05149827,0.008526004,1.766115
107,0,0,2.9802322387695312e-08,0.9359999,0.05397738,0.010022751,0.82304
107,0,0,0.0,0.8691593,0.06345516,0.06738566,0.487998
107,0,0,0.0,0.8653407,0.07025819,0.064401336,1.393469
107,0,0,0.0,0.88024426,0.071874365,0.047881503,2.29894
107,0,0,0.0,0.89444447,0.069118544,0.036437117,2.649263
107,0,0,0.0,0.8741376,0.110037975,0.015824515,2.482127
107,0,0,0.0,0.87645435,0.11123643,0.012309444,2.276938
107,0,0,5.960464477539063e-08,0.9062597,0.0655648,0.028175397,1.84754
107,0,0,0.0,0.81551635,0.16244088,0.022042884,1.418142
107,0,0,2.9802322387695312e-08,0.92264616,0.061958022,0.015395753,1.162348
107,0,0,0.0,0.908556,0.07258685,0.018857442,1.03284
107,0,0,5.960464477539063e-08,0.7580494,0.214386,0.027564585,0.212544
107,0,0,0.0,0.86262286,0.084752485,0.052624684,0.06359
107,0,0,0.0,0.81564575,0.10383272,0.080521494,0.969061
107,0,0,0.0,0.84253067,0.092695676,0.064773634,1.874531
107,0,0,0.0,0.9006712,0.08185322,0.01747568,1.663329
107,0,0,0.0,0.87907743,0.106111266,0.0148113165,1.496193
107,0,0,5.960464477539063e-08,0.8298666,0.122451216,0.04768222,1.329057
107,0,0,0.0,0.80492496,0.16977966,0.025295675,0.944425
107,0,0,0.0,0.75187683,0.21927994,0.028843364,0.515027
107,0,0,0.0,0.7253632,0.2425132,0.032123834,0.170769
107,0,0,0.0,0.72786343,0.24265862,0.02947803,0.041262
107,0,0,0.0,0.8738577,0.075672135,0.05047028,0.544652
107,0,0,0.0,0.87942755,0.072354786,0.04821772,1.060936
107,0,0,0.0,0.5769174,0.21290195,0.21018076,0.678289
107,0,0,0.0,0.60987794,0.24670221,0.14341998,0.510259
107,0,0,0.0,0.6587639,0.2921563,0.049079847,0.343123
107,0,0,0.0,0.7585395,0.22369565,0.01776497,0.04131
107,0,0,0.0,0.7283746,0.1767988,0.0948267,0.120244
107,0,0,0.0,0.7529004,0.16043091,0.08666869,0.141979
395,0,0,0.0,0.94802773,0.042372182,0.009600118,0.484746
395,0,0,5.960464477539063e-08,0.8812248,0.09960591,0.019169334,0.906026
395,0,0,0.0,0.87605953,0.10300796,0.020932682,0.865761
395,0,0,0.0,0.94863474,0.04150452,0.009860721,0.515308
395,0,0,0.0,0.9075832,0.06992162,0.022495344,1.287313
395,0,0,0.0,0.893878,0.08561755,0.020504395,0.401576
395,0,0,0.0,0.91838545,0.066029325,0.015585346,0.545869
395,0,0,0.0,0.9192491,0.0665908,0.014160256,0.823128
395,0,0,0.0,0.6764833,0.26477167,0.058745228,0.57643
395,0,0,0.0,0.82042116,0.14081569,0.038763404,0.358942
404,0,0,0.0,0.49773988,0.4643555,0.037904657,0.312319
404,0,1,0.0,0.4574433,0.50036365,0.042193074,0.286742
404,0,1,0.0,0.055888213,0.9064714,0.037640497,0.021689
404,0,0,0.0,0.82204145,0.16058281,0.017376002,0.639887
404,0,0,5.960464477539063e-08,0.75646055,0.21147107,0.03206856,1.250976
404,0,0,0.0,0.55008864,0.41440755,0.03550386,0.985922
404,0,1,0.0,0.37549046,0.58861744,0.03589221,0.720869
404,0,1,0.0,0.20859824,0.6696846,0.12171722,0.455815
404,0,1,0.0,0.23221885,0.6362622,0.13151908,0.190761
404,0,0,0.0,0.73589325,0.24211915,0.021987787,0.022627
404,0,0,0.0,0.73568106,0.23253791,0.03178103,0.967455
404,0,0,0.0,0.8597699,0.12277222,0.01745798,1.912282
404,0,0,0.0,0.8776089,0.09572677,0.026664332,1.950156
404,0,0,0.0,0.61239636,0.34899145,0.038612176,1.685102
404,0,0,0.0,0.63121676,0.33727545,0.031507865,1.420049
404,0,0,0.0,0.59625006,0.3696764,0.03407367,1.154995
404,0,1,0.0,0.4614663,0.4990564,0.039477408,0.889941
404,0,1,0.0,0.34041187,0.63252914,0.027059145,0.189927
404,0,0,0.0,0.7895729,0.19017594,0.02025137,0.350195
404,0,0,5.960464477539063e-08,0.7500775,0.22501016,0.024912404,1.295022
404,0,0,2.9802322387695312e-08,0.86815315,0.11620238,0.015644517,2.23985
404,0,0,0.0,0.82284135,0.15614475,0.021013945,2.91439
404,0,0,0.0,0.7061491,0.26565444,0.02819652,2.649336
404,0,0,0.0,0.7850179,0.19518214,0.019799948,2.250722
404,0,0,0.0,0.78689414,0.19219832,0.020907668,1.392627
404,0,0,0.0,0.57485515,0.38787445,0.03727051,0.534532
404,0,0,0.0,0.7655801,0.20840307,0.026016979,0.677763
404,0,0,0.0,0.8023993,0.17579333,0.021807602,1.62259
404,0,0,0.0,0.89249766,0.090278804,0.01722356,2.337367
404,0,0,0.0,0.8628704,0.11341896,0.023710672,2.578649
404,0,0,0.0,0.767136,0.20867588,0.024188234,2.595328
404,0,0,0.0,0.7495785,0.2289204,0.021501172,1.737232
404,0,0,0.0,0.7612675,0.21651568,0.022216897,0.879137
404,0,1,0.0,0.41708872,0.52616096,0.056750365,0.021041
404,0,0,0.0,0.6747506,0.29690558,0.028343923,0.060503
404,0,0,0.0,0.6925584,0.26824653,0.039195176,0.884347
404,0,0,2.9802322387695312e-08,0.9135327,0.05478947,0.031677846,1.12563
404,0,0,0.0,0.88491344,0.09787564,0.01721088,1.366912
404,0,0,0.0,0.7863885,0.17687239,0.036739174,1.608194
404,0,0,0.0,0.75365865,0.21297723,0.03336423,1.849476
404,0,0,0.0,0.56419575,0.40473825,0.031066014,1.223742
404,0,0,0.0,0.5502695,0.41629136,0.03343928,0.365646
404,0,0,0.0,0.68731064,0.27040377,0.042285644,0.155175
404,0,0,0.0,0.74751663,0.21796209,0.034521416,0.396457
404,0,0,0.0,0.73301506,0.15523337,0.11175169,0.637739
404,0,0,0.0,0.6049375,0.25596926,0.1390934,0.879022
404,0,0,0.0,0.46064234,0.45727366,0.082084216,0.710252
404,0,1,0.0,0.05808059,0.88764286,0.054276712,0.149849
68,0,0,0.0,0.9514784,0.037169416,0.011352224,0.621492
68,0,0,0.0,0.8934069,0.087834485,0.018758679,0.579519
68,0,0,0.0,0.87979853,0.10268535,0.017516175,0.323707
68,0,0,1.4901161193847656e-08,0.9461455,0.04425695,0.009597541,0.90659
68,0,0,0.0,0.94878525,0.04547567,0.0057392316,1.174264
68,0,0,0.0,0.9430772,0.049803533,0.007119382,0.227708
68,0,0,0.0,0.97813123,0.014915438,0.0069533214,0.23319
68,0,0,0.0,0.9485335,0.043141477,0.008325163,1.191688
68,0,0,0.0,0.9403863,0.05288998,0.006723767,0.851724
68,0,0,0.0,0.86332273,0.110401355,0.026275912,0.358321
68,0,0,0.0,0.8567887,0.12026198,0.022949528,0.529184
367,0,0,0.0,0.96605885,0.025941625,0.007999606,0.054683
367,0,0,0.0,0.97267115,0.020430721,0.0068980716,0.228937
367,0,0,0.0,0.9719887,0.021304665,0.006706691,0.988541
367,0,0,0.0,0.9728328,0.02133618,0.0058311736,0.924454
367,0,0,0.0,0.9690494,0.024732381,0.006218323,0.860368
367,0,0,0.0,0.97355705,0.021818867,0.004624202,0.093279
367,0,0,1.4901161193847656e-08,0.9786391,0.016881697,0.0044791442,0.139234
367,0,0,0.0,0.9787198,0.016425088,0.004855291,1.135203
367,0,0,0.0,0.97002405,0.024141738,0.0058342665,1.922399
367,0,0,0.0,0.9736364,0.021325745,0.0050380165,1.131536
367,0,0,5.960464477539063e-08,0.96551156,0.027151953,0.0073365266,0.132297
367,0,0,0.0,0.9772769,0.016342161,0.006380954,0.049531
367,0,0,0.0,0.9794456,0.015374433,0.005180058,1.0455
367,0,0,0.0,0.9788274,0.016317438,0.004855369,1.935858
367,0,0,0.0,0.9816084,0.013731628,0.0046600946,1.170554
367,0,0,0.0,0.9780636,0.016303735,0.005632663,0.171315
367,0,0,0.0,0.98491955,0.008858731,0.0062219324,0.955797
367,0,0,0.0,0.9748806,0.01924988,0.0058696796,0.937999
367,0,0,0.0,0.9732004,0.018959682,0.007840086,0.872603
367,0,0,0.0,0.96830267,0.023622585,0.008075003,0.210333
367,0,0,0.0,0.9522397,0.039537888,0.008222446,0.005536
50,0,2,0.0,0.36935928,0.17226897,0.45837173,0.10385
50,0,0,0.0,0.75871223,0.12391418,0.11737373,0.682872
50,0,0,5.960464477539063e-08,0.7712203,0.11791946,0.11086036,0.973595
50,0,0,0.0,0.8509087,0.09363735,0.055454038,0.581912
50,0,0,0.0,0.85209095,0.101113796,0.046795342,1.060821
50,0,0,0.0,0.8562097,0.109646514,0.034143902,0.064633
50,0,0,0.0,0.9010191,0.066620044,0.032361027,0.480952
50,0,0,5.960464477539063e-08,0.898616,0.07331475,0.028069213,1.148048
50,0,0,0.0,0.8081003,0.1498133,0.042086437,0.15186
50,0,0,0.0,0.8498021,0.12599562,0.024202436,0.379991
50,0,0,0.0,0.829085,0.15436763,0.016547361,1.235275
50,0,0,0.0,0.78765374,0.19556151,0.01678475,0.239087
50,0,0,0.0,0.72908497,0.14695682,0.12395836,0.279031
50,0,0,0.0,0.98254406,0.013383616,0.00407245,0.312729
50,0,0,0.0,0.86243814,0.11704719,0.02051469,0.288096
4,0,0,0.0,0.64450437,0.25025618,0.10523942,0.044343
4,0,0,0.0,0.7798991,0.1502805,0.069820486,0.099845
4,0,1,0.0,0.3765035,0.41362998,0.20986676,0.155348
4,0,2,0.0,0.23106077,0.24967293,0.5192664,0.210851
4,0,0,0.0,0.82954997,0.1370725,0.033377573,0.820791
4,0,0,0.0,0.92140144,0.059428886,0.019169847,0.876293
4,0,0,0.0,0.9474106,0.034479212,0.018110285,0.931796
4,0,0,0.0,0.8872385,0.09310366,0.019658016,0.987299
4,0,0,0.0,0.6209462,0.2673738,0.11168008,1.042801
4,0,0,0.0,0.6935542,0.18274763,0.123698294,1.098304
4,0,0,0.0,0.43824682,0.33819965,0.22355373,1.153807
4,0,2,1.1920928955078125e-07,0.31597164,0.13850965,0.54551864,0.519724
4,0,0,0.0,0.83372784,0.117877685,0.048394695,0.328651
4,0,0,0.0,0.8294107,0.11554732,0.055041987,0.420391
4,0,0,0.0,0.87276185,0.073130555,0.054107685,0.490296
4,0,0,0.0,0.8578755,0.06382509,0.07829945,0.560202
4,0,0,2.9802322387695312e-08,0.88921034,0.07254543,0.03824432,0.630107
4,0,0,0.0,0.842229,0.107491285,0.05027992,0.700012
4,0,0,0.0,0.85712785,0.078485265,0.06438695,0.895399
4,0,0,0.0,0.65966487,0.12802334,0.21231186,1.237636
4,0,2,5.960464477539063e-08,0.44705912,0.074255034,0.47868592,0.449303
4,0,2,0.0,0.33566207,0.07447334,0.5898647,0.298023
4,0,2,0.0,0.024056775,0.00996931,0.965974,0.240196
396,0,0,0.0,0.9193187,0.056540065,0.024141435,0.017296
396,0,0,0.0,0.9155928,0.07115347,0.013253907,0.019976
396,0,0,5.960464477539063e-08,0.9748241,0.02058086,0.004595019,0.902663
396,0,0,0.0,0.9446526,0.04703595,0.008311471,0.940634
396,0,0,0.0,0.9741876,0.019419217,0.0063933623,0.874488
396,0,0,0.0,0.9802266,0.014738337,0.005035185,0.484162
396,0,0,0.0,0.9689512,0.026465515,0.0045833834,1.3699
396,0,0,0.0,0.9604808,0.03300078,0.006518378,1.329327
396,0,0,0.0,0.9684023,0.02366238,0.007935442,0.43237
396,0,0,0.0,0.9063291,0.07954162,0.014129561,0.06261
396,0,0,0.0,0.9673358,0.02597944,0.00668482,0.948348
396,0,0,0.0,0.9765165,0.01928119,0.0042023906,1.784167
396,0,0,0.0,0.9717912,0.021884102,0.0063247522,0.88721
396,0,0,0.0,0.82768536,0.14228253,0.030032203,0.526796
396,0,0,0.0,0.9231181,0.06620844,0.010673565,1.412534
396,0,0,0.0,0.9452287,0.046530027,0.008241484,1.34205
396,0,0,0.0,0.9643518,0.027084254,0.008564079,0.445093
396,0,0,0.0,0.846593,0.14539857,0.00800843,0.329789
396,0,0,0.0,0.8418254,0.14390315,0.0142715685,0.663691
396,0,0,0.0,0.83826786,0.14138861,0.020343743,0.899932
396,0,0,0.0,0.96113974,0.030894617,0.007965805,0.002975
396,0,1,0.0,0.22546685,0.7205053,0.05402797,0.054986
23,0,0,0.0,0.92069167,0.038326878,0.040981483,0.455506
23,0,2,0.0,0.10487073,0.029700374,0.86542904,0.219707
23,0,0,0.0,0.9569875,0.03267844,0.010334145,0.352839
23,0,0,0.0,0.9626748,0.027821302,0.009504003,0.840648
23,0,0,0.0,0.96526253,0.024040665,0.01069691,1.328457
23,0,0,0.0,0.87808126,0.025926748,0.09599214,0.695103
23,0,0,0.0,0.9469909,0.042334124,0.01067499,0.235029
23,0,0,0.0,0.9534511,0.034825474,0.011723652,1.211993
23,0,0,0.0,0.95771444,0.02888203,0.013403593,1.713598
23,0,0,5.960464477539063e-08,0.9058596,0.07289084,0.021249557,1.907248
23,0,0,1.4901161193847656e-08,0.955436,0.032031443,0.012532688,1.024239
23,0,0,5.960464477539063e-08,0.8096944,0.11259364,0.07771203,0.14123
23,0,0,0.0,0.9272802,0.05879521,0.013924638,0.448432
23,0,0,0.0,0.78270626,0.17260364,0.044690248,1.425396
23,0,0,0.0,0.80826724,0.1541745,0.03755842,1.751461
23,0,0,0.0,0.85474205,0.11415243,0.03110565,1.437893
23,0,0,0.0,0.88916963,0.07637485,0.034455724,0.554883
23,0,0,0.0,0.69085073,0.261902,0.04724726,0.246118
23,0,0,0.0,0.72513247,0.2192966,0.055571053,0.517563
23,0,0,0.0,0.721945,0.23108752,0.046967573,0.789007
23,0,0,0.0,0.76969755,0.16930093,0.06100173,0.968537
23,0,0,0.0,0.5696067,0.21012764,0.22026567,0.085528
23,0,0,0.0,0.6111464,0.32613993,0.0627139,0.097998
63,0,0,0.0,0.808135,0.1239341,0.067931145,0.227561
63,0,0,0.0,0.8449316,0.12320226,0.031866305,0.561304
63,0,0,0.0,0.88173103,0.0989908,0.019278344,0.116526
63,0,0,0.0,0.9537148,0.03766813,0.008617123,0.532435
63,0,0,0.0,0.9513703,0.037325546,0.011304246,0.862616
63,0,0,0.0,0.96030813,0.031081283,0.008610802,0.837309
63,0,0,0.0,0.9177551,0.06370776,0.018537221,0.634963
63,0,0,0.0,0.97034115,0.02417235,0.0054865545,0.18979
63,0,0,0.0,0.9517575,0.038674433,0.009568219,1.142183
63,0,0,0.0,0.91029364,0.07709343,0.012613125,0.40731
63,0,0,0.0,0.9504065,0.04196734,0.007626121,0.377131
63,0,0,5.960464477539063e-08,0.96116275,0.03234263,0.006494631,0.516298
63,0,0,0.0,0.90465176,0.08266823,0.012680027,0.179658
357,0,2,0.0,0.0026116078,0.011490857,0.9858976,0.078382
357,0,0,0.0,0.87807363,0.089993976,0.0319327,0.789274
357,0,0,0.0,0.92571926,0.048501804,0.025778972,0.514433
357,0,0,0.0,0.9157004,0.044852924,0.039446846,0.239591
357,0,2,0.0,0.08147983,0.21045883,0.7080614,0.358246
357,0,0,5.960464477539063e-08,0.9774061,0.011082638,0.0115112355,1.318286
357,0,0,0.0,0.9919674,0.0050528054,0.0029797808,1.475922
357,0,0,0.0,0.98800755,0.0057063187,0.0062862937,1.201081
357,0,0,1.4901161193847656e-08,0.9504218,0.035243597,0.014334594,0.926239
357,0,0,0.0,0.9835664,0.010012601,0.006421122,0.651397
357,0,0,4.470348358154297e-08,0.9649126,0.025201304,0.009886065,0.376555
357,0,0,0.0,0.45607287,0.12938286,0.41454437,0.63811
357,0,0,1.4901161193847656e-08,0.958117,0.032453723,0.0094293775,1.59815
357,0,0,0.0,0.9730162,0.02137883,0.0056051677,2.38116
357,0,0,0.0,0.9776868,0.014077676,0.008235705,2.16257
357,0,0,0.0,0.94983256,0.037233517,0.012933867,1.887728
357,0,0,0.0,0.96911234,0.021614516,0.009273243,1.197619
357,0,0,0.0,0.9686508,0.02366246,0.0076869526,0.250673
357,0,2,0.0,0.30685604,0.1361858,0.5569582,0.917974
357,0,0,0.0,0.9061293,0.037608992,0.056261763,1.16892
357,0,0,0.0,0.9294466,0.04001699,0.030536568,1.410872
357,0,0,0.0,0.9576,0.020452023,0.021948056,1.652824
357,0,0,4.470348358154297e-08,0.96007556,0.02455866,0.015365712,1.823175
357,0,0,0.0,0.87220335,0.098731756,0.029065087,0.876228
357,0,2,0.0,0.029864723,0.013580396,0.95655483,0.198632
357,0,2,5.960464477539063e-08,0.24830967,0.096824795,0.65486556,0.440584
357,0,0,0.0,0.67285323,0.15789215,0.16925463,0.682536
357,0,0,0.0,0.54371977,0.23404396,0.22223629,0.924488
357,0,0,0.0,0.7810053,0.12221838,0.09677651,0.554837
357,0,2,0.0,0.13731423,0.09072807,0.77195776,0.196152
427,0,0,4.470348358154297e-08,0.9785339,0.019022783,0.0024432766,0.239803
427,0,0,0.0,0.95728725,0.035097945,0.0076148133,0.138344
427,0,0,0.0,0.9645333,0.029473968,0.0059927884,0.034681
427,0,0,0.0,0.9807977,0.017953882,0.0012483238,0.451316
427,0,0,5.960464477539063e-08,0.97663176,0.016154995,0.0072132433,1.132957
427,0,0,0.0,0.9871124,0.009994431,0.0028930616,1.029294
427,0,0,0.0,0.98204625,0.0149175,0.0030363253,0.92563
427,0,0,0.0,0.9857674,0.011492101,0.002740649,0.821967
427,0,0,0.0,0.969596,0.025394721,0.0050093974,0.718304
427,0,0,0.0,0.96398497,0.029920883,0.0060942792,0.61464
427,0,0,0.0,0.92387444,0.058959767,0.017165821,0.108468
427,0,0,0.0,0.9344478,0.06046055,0.0050915605,0.662829
427,0,0,0.0,0.9845547,0.011039051,0.0044063004,1.640204
427,0,0,0.0,0.9846844,0.0119149415,0.0034008995,2.023906
427,0,0,0.0,0.98038894,0.015908586,0.0037025362,1.920243
427,0,0,0.0,0.97967815,0.016873367,0.0034487117,1.816579
427,0,0,0.0,0.97254175,0.02318217,0.0042762165,1.712916
427,0,0,0.0,0.9733325,0.022419112,0.0042484757,0.943058
427,0,0,0.0,0.867065,0.1182162,0.014718981,0.874342
427,0,0,7.450580596923828e-09,0.9897638,0.007947105,0.0022890018,1.851717
427,0,0,0.0,0.9864589,0.010850291,0.002690927,2.829092
427,0,0,0.0,0.9810382,0.0150407385,0.0039212285,2.914855
427,0,0,4.470348358154297e-08,0.9728208,0.022315165,0.0048640175,2.765789
427,0,0,0.0,0.96161956,0.032314226,0.0060663014,1.777648
427,0,0,0.0,0.9670435,0.027564283,0.0053923116,0.789507
427,0,0,0.0,0.97476304,0.023481742,0.0017553575,0.108479
427,0,0,0.0,0.9490314,0.043932043,0.007036576,1.085854
427,0,0,4.470348358154297e-08,0.9832794,0.013892035,0.0028284977,2.06323
427,0,0,0.0,0.9812986,0.015292581,0.0034087673,3.040605
427,0,0,0.0,0.9776716,0.018406952,0.0039215633,3.356875
427,0,0,0.0,0.9761009,0.019988334,0.00391081,2.612238
427,0,0,0.0,0.9526668,0.03983031,0.007503044,1.624097
427,0,0,0.0,0.95121866,0.04118042,0.007600883,0.635956
427,0,0,0.0,0.7565441,0.23376179,0.009694186,0.319992
427,0,0,4.470348358154297e-08,0.9718462,0.023476956,0.0046767322,1.297367
427,0,0,0.0,0.9753026,0.020791274,0.003906276,2.274743
427,0,0,0.0,0.96809447,0.026447639,0.005458057,2.336092
427,0,0,0.0,0.9799471,0.01614978,0.003903334,2.357095
427,0,0,0.0,0.9774126,0.018735945,0.0038516424,2.378098
427,0,0,0.0,0.963184,0.030658154,0.006157993,1.470546
427,0,0,5.960464477539063e-08,0.9621473,0.03096747,0.0068851076,0.482406
427,0,0,0.0,0.6124809,0.3700059,0.017513203,0.531505
427,0,0,0.0,0.9247643,0.06249221,0.012743537,1.294307
427,0,0,0.0,0.95278305,0.03817672,0.0090402495,1.31531
427,0,0,5.960464477539063e-08,0.9361711,0.054333888,0.00949494,1.336313
427,0,0,0.0,0.9400017,0.051119868,0.008878548,1.357316
427,0,0,0.0,0.9185634,0.06864685,0.012789938,1.378318
427,0,0,0.0,0.9439573,0.046742752,0.009299913,1.316996
427,0,0,0.0,0.93838406,0.051450998,0.010165093,0.328855
427,0,0,0.0,0.7746115,0.2096645,0.015724214,0.273525
427,0,0,0.0,0.9498853,0.041291893,0.00882281,0.294528
427,0,0,5.960464477539063e-08,0.91581076,0.066789865,0.017399408,0.315531
427,0,0,0.0,0.84101623,0.13362417,0.025359752,0.336533
427,0,0,2.9802322387695312e-08,0.86217254,0.11717625,0.020651206,0.357536
427,0,0,0.0,0.8465991,0.13306543,0.020335568,0.378539
427,0,0,0.0,0.83640534,0.14194672,0.021648021,0.399542
427,0,0,0.0,0.82252085,0.15121292,0.026266359,0.175304
399,0,0,0.0,0.9336576,0.049592577,0.016749963,0.061109
399,0,0,0.0,0.9262146,0.061715856,0.012069655,0.485951
399,0,0,2.9802322387695312e-08,0.8943674,0.09462632,0.011006222,0.714036
399,0,0,0.0,0.9479469,0.04590672,0.006146554,0.413267
399,0,0,0.0,0.8838691,0.103217125,0.012913913,0.112498
399,0,0,0.0,0.89311314,0.09029279,0.016594289,0.000173
399,0,0,0.0,0.92286205,0.06793229,0.009205809,0.907144
399,0,0,0.0,0.94780505,0.04586885,0.006326176,1.667733
399,0,0,0.0,0.9476566,0.045372818,0.006970753,0.83771
399,0,0,2.9802322387695312e-08,0.85192394,0.12874056,0.019335482,0.421365
399,0,0,0.0,0.92992055,0.062987044,0.0070924144,1.328337
399,0,0,0.0,0.93099177,0.06190352,0.007104731,1.258493
399,0,0,0.0,0.94475573,0.04830398,0.0069403755,0.37302
399,0,0,0.0,0.83347267,0.14541763,0.021109777,0.842558
399,0,0,8.940696716308594e-08,0.93843573,0.054179408,0.0073848106,1.679276
399,0,0,0.0,0.9195056,0.072206825,0.008287674,0.793803
399,0,0,0.0,0.79671764,0.15638472,0.04689768,0.315955
399,0,0,0.0,0.7274317,0.22221495,0.050353665,0.659695
399,0,0,0.0,0.87607974,0.10902657,0.014893776,1.003436
399,0,0,0.0,0.89472413,0.0920037,0.01327226,0.329112
399,0,0,0.0,0.85618603,0.09693809,0.046875995,0.064371
70,0,0,0.0,0.94891876,0.04322889,0.007852455,0.092699
70,0,0,0.0,0.9442873,0.04808149,0.0076312977,0.464256
70,0,0,0.0,0.9077076,0.07084248,0.021450048,0.15522
70,0,0,0.0,0.96176887,0.03618637,0.0020448642,0.835813
70,0,0,0.0,0.9249196,0.056309346,0.018771214,0.372306
70,0,0,0.0,0.5143046,0.1796148,0.3060807,0.436997
70,0,0,0.0,0.93301636,0.048710737,0.018272929,0.589392
255,0,2,0.0,0.020417742,0.008470027,0.9711124,0.263241
255,0,2,0.0,0.33090153,0.026537078,0.6425615,0.059981
255,0,2,0.0,0.059518345,0.016548939,0.92393273,0.31458
255,0,0,0.0,0.5306905,0.008143114,0.46116644,0.995551
255,0,0,0.0,0.81984043,0.02497328,0.15518638,0.777626
255,0,2,5.960464477539063e-08,0.37125513,0.05515282,0.5735921,0.081218
255,0,2,0.0,0.03858146,0.013261196,0.94815737,0.365919
255,0,2,0.0,0.19659862,0.025878675,0.7775228,1.04689
255,0,0,0.0,0.9365143,0.009498291,0.053987384,1.727861
255,0,0,2.9802322387695312e-08,0.8905803,0.030845033,0.078574724,1.495272
255,0,0,0.0,0.7924001,0.029815517,0.17778438,0.798863
255,0,2,0.0,0.118909635,0.027658591,0.8534318,0.102454
255,0,2,1.4901161193847656e-08,0.036334902,0.016167287,0.9474978,0.417258
255,0,2,0.0,0.19568816,0.01103422,0.79327774,1.098229
255,0,0,0.0,0.5815509,0.01835096,0.40009835,1.7792
255,0,0,0.0,0.96136427,0.005187627,0.03344808,2.298835
255,0,0,0.0,0.8062605,0.010348785,0.18339092,1.706932
255,0,2,0.0,0.16610794,0.008240753,0.82565135,1.167525
255,0,2,5.960464477539063e-08,0.15506305,0.027868584,0.8170683,0.628118
255,0,2,0.0,0.07446936,0.023355601,0.90217507,0.088711
255,0,2,0.0,0.021711811,0.00999548,0.9682927,0.318311
255,0,2,0.0,0.33667305,0.024406329,0.63892055,0.760934
255,0,0,0.0,0.5455473,0.032146994,0.42230582,1.203557
255,0,0,0.0,0.59946597,0.025588354,0.3749457,1.547047
255,0,2,0.0,0.23057583,0.009864437,0.75955975,0.887642
255,0,2,0.0,0.07865114,0.020880189,0.9004688,0.32548
255,0,0,0.0,0.67270094,0.034316313,0.29298285,0.306849
255,0,0,8.940696716308594e-08,0.8532644,0.028035348,0.11870012,0.749472
255,0,2,0.0,0.13744764,0.007638466,0.8549139,0.135854
6,0,2,0.0,0.019535698,0.37484583,0.6056185,0.226663
6,0,1,0.0,0.41802713,0.41939375,0.1625792,0.093331
6,0,0,0.0,0.5515691,0.2383879,0.21004301,0.739976
6,0,0,0.0,0.92265457,0.048739813,0.028605828,1.084402
6,0,0,0.0,0.89126694,0.0929574,0.015775785,0.95107
6,0,0,5.960464477539063e-08,0.81899303,0.15968738,0.021319654,0.817739
6,0,0,0.0,0.866291,0.120456286,0.013252808,0.684407
6,0,0,0.0,0.860035,0.123757176,0.016207904,0.551075
6,0,0,5.960464477539063e-08,0.8587019,0.12662011,0.014678041,0.417743
6,0,0,0.0,0.4892645,0.30219987,0.20853572,0.284411
6,0,0,0.0,0.58660966,0.32414964,0.08924077,0.151079
6,0,2,0.0,0.30786285,0.30965486,0.38248238,0.017747
6,0,1,0.0,0.21709429,0.76193714,0.020968726,0.300129
6,0,2,0.0,0.07996092,0.14378957,0.7762495,1.192089
6,0,0,0.0,0.89124143,0.093992494,0.014766116,1.659315
6,0,0,0.0,0.6536141,0.23517866,0.111207314,1.942142
6,0,0,0.0,0.8171797,0.16422118,0.018599385,1.80881
6,0,0,0.0,0.70372593,0.20521635,0.091057785,1.675478
6,0,0,0.0,0.6166842,0.20054488,0.18277107,1.542146
6,0,0,5.960464477539063e-08,0.6468904,0.19785945,0.15525025,1.408814
6,0,0,0.0,0.60893404,0.22452728,0.16653869,1.275483
6,0,0,0.0,0.84499705,0.13959403,0.015409031,1.142151
6,0,0,0.0,0.37660313,0.29430386,0.32909304,1.008819
6,0,0,1.1920928955078125e-07,0.50407314,0.27503,0.22089697,0.875487
6,0,0,0.0,0.4871679,0.29086626,0.22196586,0.742155
6,0,0,0.0,0.5046587,0.27226463,0.22307685,0.608823
6,0,0,0.0,0.4578963,0.2878158,0.25428793,0.475491
6,0,2,0.0,0.25355572,0.3034447,0.44299957,0.096869
6,0,1,0.0,0.18780296,0.651038,0.16115913,0.309635
6,0,2,0.0,0.24955751,0.19394292,0.5564996,0.77331
6,0,0,0.0,0.38069555,0.34267718,0.2766273,1.236985
6,0,0,5.960464477539063e-08,0.6234136,0.26501277,0.11157359,1.700661
6,0,0,0.0,0.8667466,0.09394641,0.039307054,2.164336
6,0,0,2.9802322387695312e-08,0.9030316,0.070729725,0.026238725,2.533218
6,0,0,0.0,0.5716717,0.20786375,0.22046463,2.399886
6,0,0,0.0,0.48944998,0.25267845,0.25787175,2.266554
6,0,0,0.0,0.54019654,0.25124818,0.20855537,2.133222
6,0,0,0.0,0.47267792,0.2791897,0.24813248,1.99989
6,0,0,0.0,0.5509604,0.25342667,0.19561286,1.866558
6,0,0,0.0,0.4844091,0.27867424,0.23691691,1.733227
6,0,2,0.0,0.31285098,0.31444374,0.37270528,1.333757
6,0,2,0.0,0.3021658,0.32983905,0.36799523,0.466437
6,0,1,0.0,0.04932936,0.696564,0.25410673,0.35098
6,0,1,0.0,0.13044839,0.4565034,0.41304848,0.814655
6,0,0,0.0,0.4493399,0.3312227,0.21943738,1.27833
6,0,0,0.0,0.55466485,0.29642102,0.1489142,1.742006
6,0,0,0.0,0.8908314,0.088283405,0.020885268,2.205681
6,0,0,0.0,0.81624883,0.1279075,0.055843767,2.669356
6,0,0,0.0,0.7888408,0.1366016,0.07455792,3.124294
6,0,0,0.0,0.41830832,0.30721998,0.27447164,2.990962
6,0,0,0.0,0.43096095,0.28046605,0.28857303,2.570644
6,0,0,0.0,0.7460512,0.15825555,0.09569347,1.703325
6,0,0,0.0,0.69440585,0.21289821,0.092696056,0.836005
6,0,1,0.0,0.00967057,0.88680947,0.10351999,0.392325
6,0,1,0.0,0.01936228,0.8591647,0.12147306,0.856
6,0,0,0.0,0.5009562,0.2905467,0.20849715,1.319676
6,0,0,0.0,0.45243284,0.2485533,0.29901394,1.783351
6,0,0,0.0,0.5219993,0.262551,0.21544987,2.247026
6,0,0,1.1920928955078125e-07,0.44346645,0.28385234,0.27268136,2.710701
6,0,0,0.0,0.4578212,0.26000392,0.28217483,2.072893
6,0,0,0.0,0.54726815,0.24077901,0.21195297,1.205573
6,0,0,0.0,0.5774915,0.24807397,0.17443459,0.338253
6,0,1,0.0,0.13453865,0.4435561,0.42190525,0.43367
6,0,0,0.0,0.6206959,0.09317565,0.28612858,0.897346
6,0,2,0.0,0.23863177,0.17575516,0.58561313,1.361021
6,0,0,0.0,0.49029976,0.19816236,0.31153792,1.824696
6,0,0,0.0,0.4718853,0.24541867,0.282696,1.575141
6,0,0,0.0,0.5043015,0.2615257,0.23417293,0.707821
6,0,2,0.0,0.094222024,0.14126039,0.7645178,0.01134
6,0,2,1.1920928955078125e-07,0.19214715,0.17524771,0.63260514,0.475016
6,0,0,0.0,0.7178221,0.10193634,0.18024169,0.938691
6,0,0,0.0,0.48832175,0.21082477,0.30085355,1.077389
6,0,0,1.1920928955078125e-07,0.47741076,0.25569466,0.2668946,0.21007
6,0,2,0.0,0.21218996,0.13621888,0.6515913,0.052686
6,0,0,0.0,0.87861687,0.08529252,0.036090698,0.516361
436,0,0,0.0,0.9702121,0.014338013,0.015450034,0.790622
436,0,0,5.960464477539063e-08,0.97467476,0.014070053,0.011255113,0.8123
436,0,0,0.0,0.9706255,0.018538158,0.010836273,0.833978
436,0,0,0.0,0.9740086,0.017097894,0.008893556,0.855656
436,0,0,0.0,0.961516,0.02567501,0.012809053,0.877334
436,0,0,0.0,0.94917,0.026788652,0.024041412,0.899012
436,0,0,5.960464477539063e-08,0.73025626,0.048196368,0.22154738,0.920691
436,0,1,0.0,0.21616116,0.47785908,0.30597976,0.136657
436,0,0,4.470348358154297e-08,0.9752657,0.016903574,0.007830634,0.812414
436,0,0,0.0,0.9621954,0.027989922,0.009814909,1.81143
436,0,0,0.0,0.931002,0.049949754,0.019048348,1.833743
436,0,0,0.0,0.9135257,0.0628213,0.023653125,1.855421
436,0,0,0.0,0.9457304,0.04005772,0.014211924,1.877099
436,0,0,0.0,0.91514057,0.03849511,0.046364382,1.834027
436,0,0,0.0,0.8918156,0.030759757,0.077424675,0.863948
436,0,0,0.0,0.97017634,0.022686468,0.007137193,0.768057
436,0,0,0.0,0.9774961,0.016947819,0.005556069,1.767073
436,0,0,0.0,0.9272943,0.05599956,0.016706187,2.766089
436,0,0,0.0,0.9285779,0.05421383,0.01720829,2.855186
436,0,0,0.0,0.93075186,0.051552374,0.017695915,2.561318
436,0,0,4.470348358154297e-08,0.9571902,0.0201829,0.022626871,1.591239
436,0,0,0.0,0.5221338,0.07517191,0.4026943,0.621159
436,0,0,0.0,0.9683432,0.02582916,0.0058277547,0.723701
436,0,0,0.0,0.96946144,0.024931684,0.00560697,1.722717
436,0,0,0.0,0.93992484,0.051326163,0.008749085,2.721733
436,0,0,0.0,0.9270396,0.06391363,0.009046981,3.425973
436,0,0,0.0,0.9244647,0.05858216,0.016953258,2.42704
436,0,0,1.4901161193847656e-08,0.955998,0.03269493,0.01130711,1.429602
436,0,0,0.0,0.6083232,0.10898263,0.28269416,0.443845
436,0,0,0.0,0.96670765,0.028215839,0.0050765784,0.679345
436,0,0,5.960464477539063e-08,0.9707815,0.024691751,0.0045267316,1.678361
436,0,0,0.0,0.9542513,0.03972192,0.0060269134,2.677376
436,0,0,0.0,0.9482337,0.045554083,0.006212265,3.422861
436,0,0,0.0,0.94797564,0.04486998,0.0071544205,2.675248
436,0,0,0.0,0.89223206,0.08783977,0.019928316,1.819393
436,0,0,5.960464477539063e-08,0.87162465,0.09287831,0.035497066,1.209721
436,0,0,0.0,0.7134329,0.19882275,0.087744445,0.859064
436,0,0,0.0,0.49006015,0.23726872,0.2726712,0.52243
436,0,2,5.960464477539063e-08,0.34619927,0.11546721,0.5383335,0.584697
436,0,2,0.0,0.12624337,0.061257757,0.81249905,0.576265
436,0,2,5.960464477539063e-08,0.022702673,0.080566086,0.89673144,0.307639
436,0,2,0.0,0.003951789,0.028092142,0.9679562,0.039012
436,0,0,4.470348358154297e-08,0.9654696,0.029475676,0.005054764,0.634989
436,0,0,5.960464477539063e-08,0.93825644,0.054300033,0.0074434085,1.634004
436,0,0,0.0,0.95404047,0.039788272,0.006171371,2.387905
436,0,0,0.0,0.9475299,0.04593365,0.00653649,2.423494
436,0,0,0.0,0.9422535,0.04978372,0.007962824,2.459084
436,0,0,0.0,0.9343867,0.056573045,0.009040185,2.494673
436,0,0,0.0,0.92667776,0.06073844,0.012583893,2.146225
436,0,0,0.0,0.91742754,0.069646135,0.0129263755,1.795568
436,0,0,5.960464477539063e-08,0.9241187,0.06113928,0.014742147,1.519705
436,0,0,2.9802322387695312e-08,0.9122979,0.06994006,0.017762048,1.582062
436,0,0,0.0,0.90326995,0.06830375,0.028426375,1.53951
436,0,0,0.0,0.78202826,0.15756866,0.060403135,1.270883
436,0,0,0.0,0.7560967,0.18732217,0.05658134,1.002256
436,0,0,0.0,0.57383305,0.33717155,0.08899551,0.73363
436,0,0,0.0,0.61992335,0.12890881,0.25116792,0.465003
436,0,0,0.0,0.9487754,0.04372405,0.0075006504,0.590632
436,0,0,0.0,0.94086313,0.05065451,0.008482427,1.352949
436,0,0,0.0,0.9512788,0.04125005,0.0074712476,1.388538
436,0,0,0.0,0.9507717,0.041963555,0.00726472,1.424128
436,0,0,0.0,0.9429445,0.048652306,0.008403359,1.459717
436,0,0,5.960464477539063e-08,0.9065148,0.0808063,0.0126789985,1.495307
436,0,0,0.0,0.9402432,0.049719445,0.010037544,1.530896
436,0,0,0.0,0.93419516,0.05567075,0.01013422,1.566486
436,0,0,0.0,0.9516477,0.04032696,0.008025602,1.602075
436,0,0,8.940696716308594e-08,0.9384104,0.0504982,0.011091313,1.637665
436,0,0,0.0,0.9511902,0.036356132,0.012453666,1.673254
436,0,0,0.0,0.93751144,0.04731657,0.015172127,1.708844
436,0,0,0.0,0.921278,0.06397769,0.014744375,1.744433
436,0,0,0.0,0.7618662,0.16458985,0.073544025,1.25544
436,0,0,0.0,0.68671334,0.2693044,0.043982346,0.282792
436,0,0,0.0,0.795674,0.18127756,0.023048444,0.317993
436,0,0,0.0,0.6901245,0.27510223,0.034773454,0.353582
436,0,0,0.0,0.8680607,0.11475141,0.017187886,0.389172
436,0,0,5.960464477539063e-08,0.8766876,0.10492002,0.018392514,0.424761
436,0,0,0.0,0.907207,0.080587484,0.012205553,0.460351
436,0,0,0.0,0.86874926,0.113893576,0.017357195,0.49594
436,0,0,0.0,0.7443139,0.21839274,0.037293352,0.53153
436,0,0,5.960464477539063e-08,0.80315655,0.1639631,0.032880507,0.567119
436,0,0,0.0,0.92164135,0.061661746,0.016696915,0.602709
436,0,0,0.0,0.866295,0.10190707,0.03179801,0.638298
436,0,0,0.0,0.87036335,0.091226995,0.03840972,0.673888
436,0,0,0.0,0.86069864,0.09876733,0.04053417,0.709477
436,0,0,0.0,0.8622595,0.105672024,0.032068398,0.745067
436,0,0,0.0,0.6928693,0.23593551,0.07119528,0.780656
436,0,0,0.0,0.80408204,0.17661218,0.019305972,0.050507
58,0,0,5.960464477539063e-08,0.5402741,0.15510945,0.3046166,0.091316
58,0,2,0.0,0.19983464,0.24437024,0.55579525,0.122688
58,0,2,0.0,0.3330121,0.1572084,0.5097796,0.748827
58,0,0,0.0,0.598008,0.13078548,0.27120665,0.966404
58,0,0,0.0,0.52260315,0.08415943,0.39323756,0.544254
58,0,0,0.0,0.40114856,0.23136336,0.36748812,0.467629
58,0,2,0.0,0.278342,0.23415232,0.4875059,0.812714
58,0,2,1.7881393432617188e-07,0.25583503,0.18835412,0.55581087,0.080078
353,0,0,0.0,0.79825926,0.070323184,0.13141756,0.236833
353,0,0,0.0,0.6770116,0.07051959,0.2524688,0.262387
353,0,0,0.0,0.6289569,0.06299703,0.30804616,0.03385
353,0,0,0.0,0.9569506,0.026704565,0.01634488,0.614006
353,0,0,0.0,0.94040585,0.03345824,0.026136037,1.235922
353,0,0,0.0,0.88776547,0.04874725,0.063487336,1.007385
353,0,0,0.0,0.8965439,0.046146553,0.057309676,0.778849
353,0,0,0.0,0.8706852,0.07035339,0.058961373,0.550312
353,0,0,0.0,0.78758246,0.14223638,0.070181414,0.321775
353,0,0,0.0,0.759273,0.14544329,0.09528387,0.093238
353,0,0,0.0,0.65476805,0.18941157,0.15582056,0.065036
353,0,0,0.0,0.9586364,0.030579284,0.0107842935,0.991179
353,0,0,2.9802322387695312e-08,0.9422956,0.040051416,0.017653009,1.917322
353,0,0,0.0,0.959546,0.025863763,0.014590425,1.980921
353,0,0,0.0,0.96046174,0.027445983,0.012092398,1.752384
353,0,0,0.0,0.9346099,0.03712024,0.028269991,1.523847
353,0,0,0.0,0.91051775,0.050460238,0.03902216,1.29531
353,0,0,0.0,0.8926098,0.07659692,0.030793438,1.066773
353,0,0,0.0,0.89130515,0.083768025,0.024926823,0.838236
353,0,0,0.0,0.8779217,0.10250485,0.019573621,0.609699
353,0,0,0.0,0.9069648,0.07198407,0.021051196,0.381162
353,0,0,0.0,0.83013594,0.1328595,0.03700461,0.152626
353,0,0,0.0,0.6341494,0.18493642,0.18091422,0.442209
353,0,0,0.0,0.85286236,0.10564054,0.04149718,1.181327
353,0,0,0.0,0.90984297,0.066426754,0.023730379,1.421162
353,0,0,2.9802322387695312e-08,0.956485,0.031438507,0.01207654,1.660998
353,0,0,0.0,0.9467477,0.036009397,0.017243033,1.900833
353,0,0,0.0,0.946262,0.034214396,0.019523676,2.140668
353,0,0,0.0,0.93992484,0.037748504,0.022326762,2.268845
353,0,0,5.960464477539063e-08,0.91951865,0.06551131,0.014970018,2.040308
353,0,0,0.0,0.9410023,0.04928877,0.009709109,1.811771
353,0,0,5.960464477539063e-08,0.904669,0.08242572,0.012905294,1.583235
353,0,0,0.0,0.93318224,0.057801712,0.00901597,1.354698
353,0,0,0.0,0.8896853,0.09593472,0.014380245,1.126161
353,0,0,0.0,0.88756883,0.095810235,0.016620906,0.897624
353,0,0,0.0,0.901977,0.082767665,0.015255451,0.669087
353,0,0,0.0,0.8117934,0.14682731,0.04137945,0.333552
353,0,0,0.0,0.85028946,0.09247711,0.05723359,0.210514
353,0,0,0.0,0.90575993,0.059848495,0.034391675,0.450349
353,0,0,0.0,0.9162826,0.051209345,0.032508146,0.690184
353,0,0,0.0,0.8292923,0.09649503,0.07421278,0.930019
353,0,0,0.0,0.871439,0.07371249,0.054848664,1.169854
353,0,0,5.960464477539063e-08,0.87572736,0.074773215,0.04949947,1.40969
353,0,0,0.0,0.9456049,0.04178949,0.012605682,1.649525
353,0,0,0.0,0.96048874,0.03190246,0.0076088607,1.88936
353,0,0,0.0,0.9141009,0.07486227,0.011036983,2.129195
353,0,0,0.0,0.92769194,0.06330236,0.009005912,2.328233
353,0,0,0.0,0.9297113,0.0616763,0.008612584,2.099696
353,0,0,0.0,0.89831746,0.08897051,0.012712228,1.867341
353,0,0,0.0,0.91293585,0.07632947,0.0107347835,0.928403
353,0,2,0.0,0.155574,0.08550191,0.7589241,0.199041
353,0,2,0.0,0.20671867,0.112329625,0.6809517,0.438876
353,0,2,0.0,0.37308738,0.1232791,0.5036336,0.678711
353,0,0,0.0,0.6536694,0.1627392,0.18359149,0.918546
353,0,0,0.0,0.90547943,0.07263634,0.021884302,1.158382
353,0,0,0.0,0.95365465,0.03917383,0.0071715973,1.398217
353,0,0,0.0,0.950501,0.042711243,0.0067878957,1.638052
353,0,0,0.0,0.91898054,0.069849625,0.011169949,1.523254
353,0,0,0.0,0.93220675,0.05848941,0.009303951,0.584317
353,0,2,0.0,0.24461074,0.19545938,0.55992997,0.187568
353,0,0,0.0,0.7331691,0.17167272,0.09515829,0.427403
353,0,0,0.0,0.8409101,0.13307926,0.026010877,0.667238
353,0,0,0.0,0.8432207,0.12969369,0.027085759,0.907074
353,0,0,0.0,0.8492059,0.1260957,0.024698569,0.24023
13,0,0,0.0,0.8632037,0.04357324,0.09322327,0.212582
13,0,2,0.0,0.36497498,0.041925106,0.5931,0.692756
13,0,2,0.0,0.2905247,0.059335086,0.6501403,0.358723
57,0,2,0.0,0.3517806,0.21847427,0.4297452,0.416793
57,0,0,0.0,0.85291475,0.07381737,0.07326804,0.698275
57,0,2,0.0,0.2507033,0.15343833,0.5958584,0.399278
57,0,2,0.0,0.11226207,0.1839349,0.7038032,0.100281
57,0,0,0.0,0.85990065,0.120199636,0.019899858,0.04568
57,0,0,5.960464477539063e-08,0.64315027,0.12959412,0.2272557,0.913563
57,0,0,0.0,0.81292546,0.054376237,0.13269855,1.652529
57,0,2,0.0,0.324815,0.17391597,0.5012691,0.82076
57,0,0,0.0,0.78539,0.18417116,0.030438941,0.54245
57,0,0,7.450580596923828e-09,0.9802918,0.015857138,0.0038510824,1.410333
57,0,2,0.0,0.24332492,0.1464282,0.61024696,1.153495
57,0,2,0.0,0.038138602,0.063153364,0.8987083,0.299871
57,0,0,1.4901161193847656e-08,0.9619581,0.020448294,0.017593697,0.171338
57,0,0,0.0,0.99274266,0.0038800228,0.0033773342,1.03922
57,0,2,0.0,0.30490154,0.07059798,0.6245005,1.486231
57,0,2,0.0,0.057074953,0.07185733,0.871068,0.632606
57,0,0,0.0,0.99249357,0.0059077865,0.0015986698,0.668108
57,0,0,0.0,0.9594588,0.030701917,0.009839308,1.53599
57,0,0,0.0,0.7563362,0.046510085,0.19715387,0.965341
57,0,2,0.0,0.018176684,0.013603715,0.9682197,0.111717
57,0,0,0.0,0.96924204,0.024693035,0.0060650287,0.296737
57,0,0,0.0,0.9777738,0.018486239,0.0037400443,1.164877
57,0,0,0.0,0.9565468,0.03257995,0.010873354,1.298076
57,0,2,0.0,0.37434694,0.10117037,0.5244828,0.444452
57,0,0,0.0,0.9658352,0.028886562,0.0052782074,0.791993
57,0,0,0.0,0.9708425,0.024958067,0.0041995603,1.630812
57,0,0,0.0,0.93106365,0.049119078,0.019817442,0.777187
57,0,0,0.0,0.9880094,0.01028217,0.0017084749,0.418503
57,0,0,0.0,0.9790521,0.017571522,0.0033765275,1.28725
57,0,0,0.0,0.9659935,0.023830557,0.010175981,1.109922
57,0,0,0.0,0.59559685,0.21689123,0.18751203,0.256298
57,0,0,0.0,0.9802875,0.015729161,0.00398351,0.045012
57,0,0,0.0,0.9811472,0.01492759,0.0039252187,0.913759
57,0,0,1.4901161193847656e-08,0.97999346,0.016151337,0.003855264,1.497814
57,0,0,0.0,0.75511277,0.17066006,0.074227296,0.594745
57,0,0,0.0,0.9524559,0.04315483,0.004389457,0.540268
57,0,0,0.0,0.9544155,0.040722486,0.0048619304,1.409015
57,0,0,7.450580596923828e-08,0.96705645,0.028546091,0.004397447,1.068319
57,0,0,0.0,0.6048676,0.2858885,0.109244,0.16525
57,0,0,0.0,0.92357844,0.07171506,0.0047065825,0.166778
57,0,0,0.0,0.91502994,0.078792386,0.0061778007,0.928072
57,0,0,0.0,0.9177284,0.07582808,0.0064435545,1.159533
57,0,0,0.0,0.89072174,0.08959759,0.0196807,0.638824
57,0,0,0.0,0.8813859,0.11132648,0.0072877784,0.186689
57,0,0,0.0,0.8350048,0.14867704,0.0163183,0.209329
390,0,0,5.960464477539063e-08,0.9656092,0.01574896,0.018641781,0.061019
390,0,0,0.0,0.9616954,0.0094286,0.028876139,0.359842
390,0,0,0.0,0.9734587,0.0072942628,0.019247135,0.653357
390,0,0,0.0,0.96837217,0.014234874,0.017393038,0.337755
390,0,0,2.9802322387695312e-08,0.9754702,0.010421177,0.0141087035,0.310053
390,0,0,0.0,0.9668666,0.018647408,0.014486177,1.31005
390,0,0,0.0,0.97067356,0.018094972,0.01123153,1.316522
390,0,0,0.0,0.98237604,0.011019866,0.0066041867,0.316743
390,0,0,0.0,0.98732376,0.007342844,0.0053333864,0.312641
390,0,0,0.0,0.98309517,0.010662709,0.0062422412,1.312637
390,0,0,0.0,0.98029846,0.01352195,0.006179692,1.29551
390,0,0,0.0,0.9777922,0.015961578,0.006246341,0.295731
390,0,0,0.0,0.98304665,0.012665748,0.004287718,0.315228
390,0,0,4.470348358154297e-08,0.98723274,0.009463557,0.0033035548,1.315225
390,0,0,0.0,0.986538,0.010022856,0.003439287,1.274498
390,0,0,0.0,0.97583824,0.018321015,0.0058408105,0.274719
390,0,0,0.0,0.9834381,0.013625515,0.0029363798,0.317815
390,0,0,7.450580596923828e-09,0.9785081,0.017211046,0.0042808293,1.317812
390,0,0,0.0,0.97982585,0.015649585,0.00452461,1.253486
390,0,0,0.0,0.9656327,0.026386896,0.007980538,0.253706
390,0,0,0.0,0.9242044,0.06520073,0.010594931,0.320403
390,0,0,0.0,0.9336368,0.053516533,0.0128468005,0.80249
390,0,0,0.0,0.95089394,0.037563443,0.011542692,0.806108
390,0,0,0.0,0.91494954,0.07021201,0.014838569,0.232694
100,0,0,0.0,0.8264333,0.12923929,0.0443274,0.139962
100,0,0,2.9802322387695312e-08,0.92210674,0.06399784,0.0138954995,0.397024
100,0,0,0.0,0.89461225,0.08175169,0.023636172,1.087366
100,0,0,0.0,0.748337,0.21382491,0.037838176,0.202469
100,0,0,5.960464477539063e-08,0.9464275,0.041064024,0.012508461,0.824743
100,0,0,2.9802322387695312e-08,0.88144696,0.094850436,0.0237027,0.647479
100,0,0,0.0,0.9374103,0.047459107,0.015130843,0.348551
100,0,0,0.0,0.9460779,0.040196452,0.013725723,1.09249
100,0,0,0.0,0.7617607,0.20671827,0.03152117,0.198798
100,0,0,0.0,0.8435626,0.1235136,0.03292389,0.776271
100,0,0,0.0,0.8552227,0.111051574,0.033725884,0.643809
100,0,0,0.0,0.84236014,0.12713476,0.030505136,0.300079
100,0,0,0.0,0.76114905,0.18872102,0.050130036,1.088819
100,0,0,0.0,0.7810798,0.17118375,0.0477364,0.195128
100,0,0,0.0,0.66364914,0.25144053,0.084910244,0.031448
100,0,0,5.960464477539063e-08,0.57057756,0.35334018,0.07608237,0.334033
92,0,0,5.960464477539063e-08,0.61907285,0.08367385,0.29725337,0.068694
92,0,0,0.0,0.96752167,0.016647723,0.01583068,0.92261
92,0,0,0.0,0.7965759,0.059880372,0.14354381,0.605693
92,0,2,0.0,0.31487015,0.10079051,0.5843393,0.220046
92,0,0,0.0,0.8822103,0.07277469,0.045015022,0.081444
92,0,0,0.0,0.7461243,0.14383397,0.110041805,1.070455
92,0,0,0.0,0.9471345,0.027653739,0.025211807,1.52834
92,0,0,0.0,0.9067258,0.03080473,0.06246949,0.574514
92,0,0,0.0,0.8887501,0.052675102,0.058575105,0.229289
92,0,0,0.0,0.9182424,0.045087256,0.03667051,1.2183
92,0,0,0.0,0.9336439,0.040242363,0.02611379,1.431846
92,0,0,0.0,0.9354701,0.042536214,0.021993916,0.440823
92,0,0,0.0,0.96428794,0.019726554,0.015985448,0.377134
92,0,0,0.0,0.8371849,0.094674125,0.06814117,1.366145
92,0,0,0.0,0.9364663,0.039673425,0.023860307,1.298156
92,0,0,0.0,0.9428849,0.035254817,0.021860335,0.307133
92,0,0,2.9802322387695312e-08,0.94943523,0.031227984,0.0193367,0.492364
92,0,0,0.0,0.8173138,0.11124735,0.07143886,0.631718
92,0,0,0.0,0.7995743,0.11368576,0.08673997,0.771071
92,0,0,0.0,0.84018385,0.099457376,0.060358748,0.173442
437,0,2,0.0,0.12309826,0.14129129,0.73561054,0.009137
437,0,2,0.0,0.17166509,0.13225958,0.6960755,0.056756
437,0,2,0.0,0.33947524,0.19430947,0.4662153,0.484821
437,0,0,0.0,0.5156075,0.2332076,0.25118497,0.278549
437,0,2,0.0,0.04373413,0.022125538,0.9341404,0.230397
437,0,0,1.1920928955078125e-07,0.6156718,0.13653135,0.2477969,0.960504
437,0,0,1.1920928955078125e-07,0.63338304,0.23042919,0.13618791,0.986945
437,0,0,0.0,0.64266044,0.2605229,0.09681669,0.020747
437,0,0,0.0,0.51363236,0.17917052,0.30719724,0.669023
437,0,0,0.0,0.70609444,0.1877681,0.10613758,1.567693
437,0,0,0.0,0.7220195,0.19249322,0.085487336,0.729142
437,0,0,0.0,0.6492737,0.3025441,0.048182268,0.181831
437,0,0,0.0,0.42418727,0.2770839,0.29872897,0.208979
437,0,0,0.0,0.5900279,0.27690732,0.13306473,1.107649
437,0,0,0.0,0.73207664,0.19350605,0.07441739,1.437538
437,0,0,0.0,0.7593951,0.16149159,0.07911332,0.47134
437,0,0,0.0,0.9597508,0.03383316,0.0064161727,0.377293
437,0,0,0.0,0.66471535,0.2415282,0.093756415,0.94795
437,0,0,0.0,0.77255917,0.14162327,0.0858177,0.730614
437,0,0,0.0,0.77227837,0.1597821,0.067939684,0.513279
437,0,0,0.0,0.7489731,0.1809415,0.070085466,0.295943
437,0,0,0.0,0.6041588,0.25850618,0.1373351,0.078607
437,0,0,5.960464477539063e-08,0.5643261,0.26084542,0.1748286,0.647605
437,0,0,0.0,0.7026248,0.21310356,0.08427175,1.546274
437,0,0,0.0,0.791705,0.14366971,0.06462542,1.179736
437,0,0,0.0,0.7973428,0.14336367,0.05929367,0.213538
437,0,0,5.960464477539063e-08,0.934643,0.05549725,0.009859786,0.572755
437,0,0,0.0,0.7389044,0.21582215,0.04527365,1.553466
437,0,0,0.0,0.8350907,0.13923667,0.02567274,1.706711
437,0,0,0.0,0.8804526,0.09229423,0.027253227,1.489375
437,0,0,5.960464477539063e-08,0.8921134,0.08137307,0.026513597,1.27204
437,0,0,0.0,0.8224398,0.13738449,0.04017588,1.054704
437,0,0,0.0,0.7528234,0.18405202,0.06312463,0.837368
437,0,0,0.0,0.7244983,0.20587984,0.06962201,1.149958
437,0,0,0.0,0.7570955,0.18227327,0.06063126,1.888131
437,0,0,0.0,0.78360474,0.15111563,0.06527967,0.921933
437,0,0,2.9802322387695312e-08,0.9380046,0.054374173,0.007621214,0.768217
437,0,0,0.0,0.8045358,0.16042289,0.0350415,1.748929
437,0,0,0.0,0.8567309,0.11851012,0.024759147,2.682808
437,0,0,0.0,0.88416827,0.09554954,0.020282257,2.465472
437,0,0,0.0,0.8788106,0.10209717,0.019092333,2.248137
437,0,0,0.0,0.85603726,0.1161341,0.027828649,2.030801
437,0,0,0.0,0.8295855,0.13786167,0.03255291,1.825552
437,0,0,0.0,0.8421875,0.13191101,0.025901627,1.988417
437,0,0,0.0,0.84426117,0.131385,0.024354028,1.630329
437,0,0,0.0,0.69265085,0.2227228,0.08462649,0.664131
437,0,0,0.0,0.6501403,0.31015146,0.039708413,0.963679
437,0,0,0.0,0.7096073,0.20778258,0.08261011,1.944391
437,0,0,8.940696716308594e-08,0.86839694,0.11073195,0.020871047,2.193394
437,0,0,0.0,0.88894504,0.093351535,0.017703418,2.375787
437,0,0,5.960464477539063e-08,0.827326,0.14799002,0.024684113,2.55818
437,0,0,0.0,0.813529,0.16119784,0.025273334,2.740573
437,0,0,0.0,0.8164096,0.16008942,0.023501148,2.822062
437,0,0,0.0,0.8381979,0.13956158,0.02224064,2.338724
437,0,0,0.0,0.81171614,0.1556869,0.032597262,1.372527
437,0,0,0.0,0.74587536,0.18485369,0.069271125,0.406329
437,0,0,0.0,0.7803035,0.2082677,0.011428933,0.17843
437,0,0,0.0,0.5423958,0.414805,0.042799346,0.845383
437,0,0,0.0,0.7235476,0.22035891,0.056093458,1.027776
437,0,0,0.0,0.76770943,0.18194883,0.050341804,1.210169
437,0,0,0.0,0.8850179,0.09687862,0.018103499,1.392561
437,0,0,0.0,0.8592783,0.12063982,0.020081863,1.574954
437,0,0,0.0,0.8530189,0.127291,0.019690232,1.757347
437,0,0,0.0,0.8489253,0.13250688,0.01856797,1.93974
437,0,0,2.9802322387695312e-08,0.8552023,0.12711555,0.017682131,2.080922
437,0,0,0.0,0.85926735,0.1123941,0.028338587,1.114724
437,0,0,0.0,0.7806659,0.15804501,0.06128922,0.148527
437,0,0,0.0,0.63074064,0.32918453,0.040074997,0.04455
437,0,0,0.0,0.686614,0.28527075,0.02811544,0.226943
437,0,0,0.0,0.8130355,0.17221062,0.014754094,0.409336
437,0,0,0.0,0.6313463,0.32413027,0.044523563,0.591729
437,0,0,0.0,0.66372013,0.29782313,0.038456857,0.774122
437,0,0,0.0,0.678686,0.28642008,0.034893956,0.956515
437,0,0,0.0,0.5809628,0.36343193,0.05560542,1.138908
437,0,0,0.0,0.7214598,0.24910061,0.029439723,0.856922
437,0,0,0.0,0.7844311,0.18049711,0.035071887,0.155682
437,0,0,0.0,0.85305184,0.13268714,0.014261106,0.338075
52,0,0,0.0,0.66240007,0.21501984,0.12258021,0.078539
52,0,0,0.0,0.7543522,0.15164933,0.09399846,0.234594
52,0,0,0.0,0.87202936,0.0793682,0.048602514,0.859355
52,0,0,0.0,0.7504578,0.14201474,0.1075275,0.172072
52,0,0,0.0,0.8209161,0.13566665,0.043417413,0.390649
52,0,0,0.0,0.8372943,0.1220957,0.04061018,1.01541
52,0,0,0.0,0.9325024,0.051170208,0.01632747,1.581823
52,0,0,0.0,0.92395353,0.05316392,0.022882735,0.820813
52,0,0,0.0,0.7275286,0.1502449,0.12222679,0.059804
52,0,0,0.0,0.8037223,0.13606647,0.060211357,0.546705
52,0,0,8.940696716308594e-08,0.9178917,0.06176932,0.020339068,1.171465
52,0,0,0.0,0.9033842,0.07332455,0.023291297,1.796226
52,0,0,0.0,0.88908595,0.08482261,0.02609141,2.230564
52,0,0,2.9802322387695312e-08,0.9109509,0.058201984,0.030847175,1.469554
52,0,0,0.0,0.85550994,0.0685425,0.075947605,0.708545
52,0,0,0.0,0.71324795,0.1669994,0.119752795,0.077999
52,0,0,0.0,0.8420062,0.105035834,0.052958004,0.70276
52,0,0,0.0,0.88753355,0.08546384,0.027002523,1.327521
52,0,0,0.0,0.88060296,0.095264904,0.024132265,1.952282
52,0,0,5.960464477539063e-08,0.8687183,0.10439946,0.026882125,2.577042
52,0,0,0.0,0.86338854,0.10281729,0.033794295,2.879304
52,0,0,2.9802322387695312e-08,0.8702851,0.080116905,0.04959811,2.118295
52,0,0,0.0,0.9122973,0.04561228,0.042090513,1.314415
52,0,0,0.0,0.61372006,0.123356156,0.26292387,0.372674
52,0,0,0.0,0.9156866,0.062560946,0.021752495,0.50948
52,0,0,0.0,0.94432086,0.04349071,0.012188489,1.379559
52,0,0,4.470348358154297e-08,0.9548422,0.0336673,0.011490506,2.249639
52,0,0,0.0,0.9428965,0.042809624,0.014294085,2.489989
52,0,0,0.0,0.89016485,0.08235945,0.027475791,2.198209
52,0,0,2.9802322387695312e-08,0.9239065,0.048315685,0.027777724,1.906429
52,0,0,0.0,0.9081078,0.056109574,0.035782654,1.588
52,0,0,1.1920928955078125e-07,0.704376,0.14297701,0.15264711,0.61875
52,0,0,0.0,0.8652798,0.09785123,0.03686898,0.016569
52,0,0,5.960464477539063e-08,0.90267134,0.074371755,0.022956956,0.886649
52,0,0,0.0,0.9188848,0.060794976,0.020320399,1.756728
52,0,0,0.0,0.90281546,0.072143756,0.025040893,1.533503
52,0,0,0.0,0.92212784,0.05478516,0.0230871,1.241723
52,0,0,0.0,0.9533175,0.029718466,0.016964134,0.949944
52,0,0,0.0,0.92461216,0.047395006,0.027992977,0.658164
52,0,0,0.0,0.7979214,0.117646046,0.0844325,0.366385
52,0,0,0.0,0.8911272,0.08500864,0.02386416,0.393738
52,0,0,0.0,0.89028656,0.082223184,0.027490364,0.868797
52,0,0,0.0,0.93443435,0.040512554,0.025053153,0.577017
52,0,0,0.0,0.9267683,0.043453004,0.029778732,0.285238
412,0,2,0.0,0.17793803,0.13825546,0.68380654,0.295388
412,0,2,1.1920928955078125e-07,0.21356012,0.29686445,0.4895756,0.235748
412,0,0,0.0,0.65765953,0.1705389,0.17180161,0.176108
412,0,0,0.0,0.5690737,0.18877843,0.24214794,0.116467
412,0,0,0.0,0.61613697,0.17694645,0.2069167,0.034569
412,0,0,5.960464477539063e-08,0.48008448,0.097842366,0.42207322,0.896315
412,0,0,0.0,0.4926029,0.10148484,0.4059124,1.233968
412,0,0,0.0,0.5624967,0.13009734,0.307406,1.174327
412,0,0,0.0,0.53402,0.13892126,0.32705882,1.114687
412,0,0,0.0,0.6702185,0.13375443,0.19602716,0.90206
412,0,0,0.0,0.6165847,0.17548661,0.20792875,0.404607
412,0,0,5.960464477539063e-08,0.71255827,0.12462508,0.16281684,0.203403
412,0,0,0.0,0.8719177,0.08980679,0.038275678,0.3365
412,0,0,0.0,0.86776006,0.088126935,0.044113073,0.469597
412,0,0,0.0,0.85293406,0.095142454,0.05192353,0.602695
412,0,0,0.0,0.8073389,0.122233264,0.07042773,0.735792
412,0,0,0.0,0.8409547,0.10958445,0.04946106,1.195846
412,0,0,0.0,0.839406,0.113072194,0.047521878,2.071228
412,0,0,0.0,0.8578129,0.10385622,0.03833111,2.172547
412,0,0,5.960464477539063e-08,0.83909523,0.11768889,0.04321586,2.112907
412,0,0,0.0,0.85414356,0.10780332,0.03805326,1.769551
412,0,0,5.960464477539063e-08,0.7339216,0.18365636,0.08242203,1.272098
412,0,0,0.0,0.6328917,0.2167434,0.15036502,0.774645
412,0,0,0.0,0.4663995,0.23701763,0.29658303,0.277192
412,0,0,0.0,0.8445737,0.10113005,0.054296333,0.507026
412,0,0,2.9802322387695312e-08,0.9006941,0.07217622,0.027129693,1.327603
412,0,0,0.0,0.92180204,0.056418482,0.021779418,1.4607
412,0,0,0.0,0.90352845,0.071545705,0.02492587,1.593797
412,0,0,0.0,0.87463474,0.08598746,0.03937797,1.726895
412,0,0,0.0,0.87694776,0.089192584,0.03385976,1.967006
412,0,0,5.960464477539063e-08,0.8835798,0.08697522,0.029444888,1.924283
412,0,0,0.0,0.9103718,0.07038943,0.019239003,1.88156
412,0,0,0.0,0.9210058,0.0615779,0.017416375,1.838836
412,0,0,5.960464477539063e-08,0.89204276,0.08218026,0.025776943,1.796113
412,0,0,5.960464477539063e-08,0.800831,0.14483032,0.05433855,1.75339
412,0,0,0.0,0.70071125,0.1726234,0.12666547,1.642136
412,0,0,0.0,0.59139305,0.20038038,0.20822656,1.144683
412,0,0,5.960464477539063e-08,0.63990736,0.23105536,0.12903732,0.64723
412,0,0,5.960464477539063e-08,0.64346975,0.21661903,0.13991137,0.149777
412,0,0,0.0,0.7564535,0.1494029,0.09414366,0.672409
412,0,0,5.960464477539063e-08,0.8377768,0.11062516,0.051598202,1.138813
412,0,0,0.0,0.88207877,0.08232153,0.035599813,1.096089
412,0,0,0.0,0.8576121,0.093639754,0.048748273,1.053366
412,0,0,0.0,0.7310154,0.17964448,0.08934012,1.010643
412,0,0,0.0,0.6893986,0.22186144,0.0887401,0.967919
412,0,0,0.0,0.75927275,0.18860573,0.05212153,0.925196
412,0,0,0.0,0.78543246,0.17323121,0.041336384,0.882473
412,0,0,0.0,0.77929217,0.17964642,0.041061606,0.839749
412,0,0,0.0,0.749102,0.19867112,0.052227005,0.797026
412,0,0,0.0,0.77046627,0.16725351,0.062280286,0.754303
412,0,0,0.0,0.70928246,0.17177083,0.11894681,0.711579
412,0,0,0.0,0.69985235,0.187984,0.11216372,0.668856
412,0,0,0.0,0.47426704,0.29266343,0.2330695,0.626133
412,0,0,0.0,0.49525356,0.27092353,0.23382308,0.583409
412,0,2,0.0,0.3527738,0.25818583,0.3890405,0.519815
412,0,2,0.0,0.35873774,0.11980637,0.521456,0.182449
412,0,0,0.0,0.7239871,0.11286545,0.16314758,0.139726
412,0,0,0.0,0.7063307,0.17065464,0.12301468,0.097002
412,0,0,0.0,0.63840526,0.23359036,0.12800448,0.054279
412,0,0,5.960464477539063e-08,0.6586735,0.23766023,0.103666425,0.011556
408,0,0,0.0,0.8847534,0.099384636,0.01586203,0.584514
408,0,0,0.0,0.7711262,0.18348888,0.045384977,0.129992
408,0,0,0.0,0.93552405,0.057274856,0.007201201,0.461396
408,0,0,0.0,0.92769855,0.06379205,0.008509444,1.210214
408,0,0,0.0,0.82494026,0.15706296,0.017996935,0.32024
408,0,0,0.0,0.8435316,0.13246028,0.024008194,0.084632
408,0,0,0.0,0.87448496,0.11347316,0.012042108,0.954565
408,0,0,0.0,0.87090796,0.115742534,0.013349733,0.754203
408,0,0,0.0,0.90137154,0.08583375,0.012794745,0.577801
408,0,0,0.0,0.79484576,0.182717,0.022437207,1.188166
408,0,0,0.0,0.7678604,0.20591168,0.026227992,0.298192
408,0,0,0.0,0.9076781,0.081208214,0.011113861,0.201036
408,0,0,0.0,0.85418427,0.12806349,0.01775215,1.07097
408,0,0,0.0,0.75409895,0.21559887,0.030302342,0.569307
408,0,0,0.0,0.8878208,0.09829865,0.013880659,0.694206
408,0,0,0.0,0.8266337,0.1513358,0.022030553,0.645751
408,0,0,0.0,0.7669373,0.20524216,0.02782058,0.180808
91,0,2,0.0,0.019636685,0.03269298,0.9476704,0.145288
91,0,2,0.0,0.19053447,0.15728202,0.6521836,0.853051
91,0,0,2.9802322387695312e-08,0.8689085,0.05446061,0.0766309,0.303468
91,0,2,0.0,0.0219102,0.009572213,0.9685177,0.127268
91,0,0,0.0,0.53338933,0.19520026,0.2714105,1.127105
91,0,0,0.0,0.9366356,0.03657912,0.026785387,0.186896
91,0,2,0.0,0.17211433,0.035600994,0.7922848,0.109247
91,0,0,0.0,0.5234802,0.1739598,0.30256006,1.063507
91,0,0,2.9802322387695312e-08,0.9401537,0.035019364,0.024827018,0.070324
91,0,2,0.0,0.028543757,0.0314446,0.9400117,0.091227
91,0,0,0.0,0.63877827,0.118436225,0.2427856,0.946935
91,0,2,5.960464477539063e-08,0.070459895,0.024553467,0.90498656,0.073206
91,0,0,0.0,0.8250228,0.0898182,0.085159086,0.253747
11,0,0,0.0,0.9783615,0.0040260563,0.01761255,0.569908
11,0,0,0.0,0.9898677,0.0030552333,0.007077215,0.524769
11,0,0,0.0,0.99364656,0.0022589623,0.0040946635,0.47963
11,0,0,0.0,0.9814262,0.013860737,0.004713257,0.43449
11,0,0,0.0,0.9517226,0.024372887,0.023904424,0.389351
11,0,0,0.0,0.9861363,0.010006124,0.0038577337,0.344212
11,0,0,0.0,0.98467106,0.0070440355,0.008285106,0.726052
11,0,0,0.0,0.98821294,0.0069103744,0.0048767305,1.52375
11,0,0,0.0,0.99585646,0.0023878438,0.0017557133,1.47861
11,0,0,0.0,0.9959575,0.0024874215,0.001555056,1.433471
11,0,0,0.0,0.9976382,0.0010845697,0.0012772598,1.388332
11,0,0,0.0,0.9957363,0.002875566,0.0013882638,0.542534
11,0,0,0.0,0.9910145,0.0043009766,0.0046846066,0.776092
11,0,0,0.0,0.99353904,0.003976756,0.0024842662,1.774839
11,0,0,0.0,0.99495095,0.0033368333,0.0017123212,2.477591
11,0,0,0.0,0.9931802,0.0050019366,0.0018180636,2.432452
11,0,0,0.0,0.99515724,0.0034478633,0.0013950496,1.503428
11,0,0,3.725290298461914e-09,0.9912874,0.0058296886,0.0028829235,0.504164
11,0,0,0.0,0.9960786,0.0013958868,0.0025255473,0.826131
11,0,0,0.0,0.9958189,0.0022079386,0.0019733454,1.824878
11,0,0,0.0,0.9959059,0.0022648512,0.0018292186,2.823625
11,0,0,7.450580596923828e-09,0.9914021,0.006477299,0.00212054,2.464321
11,0,0,0.0,0.9853651,0.0123793855,0.00225559,1.465058
11,0,0,0.0,0.9879231,0.008214192,0.003862678,0.465794
11,0,0,0.0,0.99603903,0.001243447,0.0027174961,0.87617
11,0,0,0.0,0.9964804,0.0015702723,0.0019493856,1.874917
11,0,0,0.0,0.9908724,0.0073248055,0.0018029917,2.612744
11,0,0,0.0,0.9930192,0.0052202106,0.0017605623,2.425951
11,0,0,0.0,0.99054754,0.007904026,0.0015484949,1.426687
11,0,0,0.0,0.9907962,0.0074770465,0.0017267889,0.427424
11,0,0,7.450580596923828e-09,0.9951212,0.0026736527,0.002205225,0.926209
11,0,0,0.0,0.9943084,0.003804608,0.0018871736,1.592711
11,0,0,0.0,0.9919624,0.004587238,0.0034504489,1.612949
11,0,0,0.0,0.9841351,0.012394672,0.0034702674,1.633186
11,0,0,0.0,0.97667897,0.019515283,0.0038058364,1.388317
11,0,0,0.0,0.9882851,0.009713198,0.0020017268,0.389054
11,0,0,0.0,0.99330366,0.004608298,0.002087894,0.572678
11,0,0,0.0,0.993661,0.0043313936,0.0020075864,0.592916
11,0,0,0.0,0.98515993,0.009453635,0.0053865397,0.613153
11,0,0,0.0,0.9834003,0.013426916,0.0031727937,0.633391
11,0,0,0.0,0.9761615,0.018810244,0.0050284113,0.653628
11,0,0,4.470348358154297e-08,0.9816772,0.012968079,0.0053547327,0.350683
381,0,0,0.0,0.7849714,0.19361238,0.021416169,0.408978
381,0,0,0.0,0.827469,0.15732014,0.015210954,0.098539
381,0,0,0.0,0.9834863,0.012690219,0.0038234405,0.862735
381,0,0,7.450580596923828e-08,0.96088046,0.032424085,0.006695472,1.009162
381,0,0,0.0,0.65852714,0.3079337,0.033539154,0.595922
381,0,1,0.0,0.43503484,0.48414806,0.080817096,0.182623
381,0,0,0.0,0.93342227,0.058404222,0.008173563,0.425367
381,0,0,0.0,0.9691946,0.025707252,0.005098319,1.316492
381,0,0,0.0,0.8945956,0.09415091,0.011253477,1.520313
381,0,0,0.0,0.86897105,0.11794668,0.0130822025,0.626875
381,0,0,4.470348358154297e-08,0.9541907,0.040525906,0.0052833646,0.879124
381,0,0,0.0,0.9276241,0.06362711,0.0087488545,1.770249
381,0,0,0.0,0.92000914,0.06978915,0.010201906,1.071127
381,0,0,0.0,0.952361,0.034471404,0.013167757,0.177689
381,0,0,1.4901161193847656e-08,0.94929904,0.040036198,0.010664829,0.441756
381,0,0,0.0,0.9230677,0.063123405,0.013808885,1.332881
381,0,0,0.0,0.96858686,0.023170896,0.008242399,1.515379
381,0,0,0.0,0.9146143,0.072585516,0.012800201,0.621941
381,0,0,0.0,0.9163743,0.06979544,0.013830341,0.004388
381,0,0,0.0,0.91722304,0.06776511,0.015012085,0.863914
381,0,0,0.0,0.91273314,0.0721421,0.015124834,1.294073
381,0,0,0.0,0.9204077,0.0682205,0.011371957,1.066193
381,0,0,0.0,0.914715,0.073904,0.011381016,0.172754
381,0,0,2.9802322387695312e-08,0.9045378,0.07820888,0.017253282,0.39132
381,0,0,0.0,0.89156866,0.08973044,0.018701205,0.617006
397,0,0,0.0,0.91368586,0.05650985,0.029804535,0.039659
397,0,0,0.0,0.9071552,0.053752497,0.03909238,0.047248
397,0,0,8.940696716308594e-08,0.8588307,0.10749831,0.03367104,0.054836
397,0,0,4.470348358154297e-08,0.9551206,0.034975875,0.009903522,0.02247
397,0,0,0.0,0.94052905,0.046477906,0.012993152,0.919427
397,0,0,0.0,0.93524927,0.048581846,0.016169151,1.047219
397,0,0,4.470348358154297e-08,0.9816381,0.013920734,0.004441067,0.33646
397,0,0,0.0,0.9788071,0.016263435,0.0049296534,0.464587
397,0,0,0.0,0.9535905,0.035592966,0.010816599,1.361544
397,0,0,0.0,0.95147187,0.036262657,0.012265513,0.826237
397,0,0,0.0,0.96310157,0.026999723,0.009898867,0.009747
397,0,0,0.0,0.96821845,0.022023998,0.009757684,0.906704
397,0,0,0.0,0.94406146,0.04511856,0.010820185,1.316013
397,0,0,5.960464477539063e-08,0.93277794,0.056087237,0.011134697,0.407777
397,0,0,1.4901161193847656e-08,0.9754177,0.01813858,0.0064436747,0.451865
397,0,0,0.0,0.9571773,0.034201764,0.008620962,1.348822
397,0,0,0.0,0.89756244,0.0873793,0.015058219,0.897554
397,0,0,0.0,0.9695264,0.023630403,0.0068431734,0.893982
397,0,0,4.470348358154297e-08,0.95531714,0.033885706,0.010797126,1.38733
397,0,0,0.0,0.85202414,0.12800911,0.019966913,0.479095
397,0,0,0.0,0.8460629,0.14433058,0.009606681,0.368207
397,0,0,0.0,0.8340803,0.14703095,0.018888764,0.662533
397,0,0,0.0,0.87787473,0.10115361,0.020971721,0.956858
397,0,0,2.9802322387695312e-08,0.87010974,0.11174333,0.018146912,0.060636
397,0,0,0.0,0.8501851,0.10078089,0.049033985,0.001153
79,0,0,0.0,0.9743939,0.020596735,0.005009543,0.487009
79,0,0,0.0,0.9521776,0.03882091,0.009001523,0.390073
79,0,0,0.0,0.9560985,0.036654793,0.007246919,0.25378
79,0,0,0.0,0.9532394,0.038272403,0.008488359,0.698813
79,0,0,0.0,0.96149313,0.03205791,0.0064490573,0.02055
79,0,0,0.0,0.9634867,0.029171819,0.007341737,0.834589
79,0,0,0.0,0.95548576,0.036008187,0.008506117,0.163133
79,0,0,1.4901161193847656e-08,0.94751513,0.03395788,0.018527059,0.601359
79,0,0,0.0,0.94730353,0.037575804,0.015120797,0.471874
356,0,0,0.0,0.9365001,0.04558982,0.017910205,0.145166
356,0,0,0.0,0.9632897,0.02497175,0.011738599,0.018022
356,0,0,0.0,0.9615737,0.03087311,0.0075531914,0.975433
356,0,0,0.0,0.90340334,0.08109666,0.015500182,0.877474
356,0,0,0.0,0.8313861,0.13842706,0.030186974,0.638705
356,0,0,0.0,0.8205147,0.1348791,0.044606376,0.32929
356,0,0,0.0,0.9624691,0.026891466,0.010639555,0.306747
356,0,0,0.0,0.9339982,0.052418653,0.013583213,1.264159
356,0,0,0.0,0.842423,0.13222861,0.025348391,1.240674
356,0,0,0.0,0.7873996,0.18483199,0.02776846,0.450013
356,0,0,0.0,0.89383096,0.05273478,0.05343445,0.595473
356,0,0,2.9802322387695312e-08,0.8939822,0.068177916,0.03783999,1.552885
356,0,0,0.0,0.8409616,0.11386911,0.04516949,0.795623
356,0,2,0.0,0.20158696,0.107741475,0.6906716,0.361389
356,0,0,0.0,0.45057175,0.17949143,0.36993682,0.581123
356,0,0,0.0,0.63188976,0.19744308,0.17066722,0.351348
224,0,1,0.0,0.17013803,0.46845534,0.3614066,0.177791
224,0,0,0.0,0.87830305,0.10908945,0.01260763,0.66753
224,0,0,0.0,0.8115063,0.15781558,0.030678196,0.857462
224,0,0,0.0,0.8540272,0.11646185,0.02951101,0.452066
224,0,0,0.0,0.8287722,0.1271266,0.04410139,0.046671
224,0,0,0.0,0.919261,0.06913801,0.011601027,0.285399
224,0,0,5.960464477539063e-08,0.8977864,0.08664277,0.015570899,1.157268
224,0,0,0.0,0.8790681,0.1004466,0.020485338,1.771603
224,0,0,0.0,0.8922462,0.08722917,0.02052489,0.943044
224,0,0,0.0,0.8837967,0.09671488,0.01948859,0.090971
224,0,0,0.0,0.94786507,0.044699475,0.0074354904,0.775138
224,0,0,0.0,0.9351598,0.056228463,0.008611746,1.647007
224,0,0,0.0,0.8931547,0.08850795,0.018337486,1.271694
224,0,0,0.0,0.9131533,0.07175475,0.015092092,0.419621
224,0,0,0.0,0.96349245,0.029243259,0.007264519,0.393007
224,0,0,0.0,0.9551712,0.034096707,0.010732025,1.264876
224,0,0,0.0,0.9373838,0.052751467,0.0098647615,1.600343
224,0,0,0.0,0.92379135,0.065301314,0.010907326,0.74827
224,0,2,0.0,0.23135829,0.11079158,0.65785027,0.010876
224,0,0,0.0,0.93712723,0.034780577,0.02809233,0.843416
224,0,0,0.0,0.97242916,0.01747258,0.010098414,1.24362
224,0,0,5.960464477539063e-08,0.97298735,0.019711185,0.007301452,1.07692
224,0,0,0.0,0.97158045,0.021668905,0.006750653,0.224847
224,0,0,0.0,0.71393794,0.18392669,0.102135435,0.327194
224,0,0,0.0,0.83379936,0.120297,0.045903727,0.553496
104,0,0,0.0,0.90146613,0.048461914,0.05007205,0.212516
104,0,2,0.0,0.41232222,0.07132872,0.51634914,0.392667
104,0,2,0.0,0.37071276,0.075705715,0.55358166,0.373832
104,0,0,0.0,0.7029061,0.11481012,0.18228392,0.198991
104,0,0,2.9802322387695312e-08,0.8677398,0.09871841,0.033541817,0.242102
104,0,0,5.960464477539063e-08,0.8652426,0.10618777,0.02856964,1.241664
104,0,0,5.960464477539063e-08,0.83778155,0.12766954,0.03454886,1.186116
104,0,0,0.0,0.8658864,0.11126056,0.022853196,0.186197
104,0,0,0.0,0.94245523,0.045249395,0.012295572,0.271688
104,0,0,0.0,0.95925534,0.03360257,0.0071420716,1.27125
104,0,0,0.0,0.89312744,0.08981897,0.017053828,1.173322
104,0,0,0.0,0.86628056,0.11529372,0.018425925,0.173404
104,0,0,0.0,0.90256214,0.079376236,0.018061826,0.301274
104,0,0,0.0,0.9518887,0.0410903,0.0070210714,1.300836
104,0,0,0.0,0.9255593,0.06525626,0.009184575,1.160528
104,0,0,0.0,0.92007774,0.06944353,0.010478915,0.16061
104,0,0,0.0,0.9092828,0.074525304,0.01619193,0.33086
104,0,0,0.0,0.90864855,0.0806485,0.010703115,1.330423
104,0,0,0.0,0.95293564,0.040835176,0.0062293215,1.147734
104,0,0,0.0,0.9373602,0.054105327,0.008534655,0.147816
104,0,0,0.0,0.9325146,0.056309458,0.01117598,0.360447
104,0,0,0.0,0.94101185,0.051856287,0.0071319807,1.360009
104,0,0,0.0,0.9508901,0.0423648,0.0067450833,1.134941
104,0,0,0.0,0.9643174,0.030104415,0.0055783894,0.135022
104,0,0,0.0,0.8959076,0.08468325,0.019409277,0.390033
104,0,0,0.0,0.81802654,0.15479408,0.027179357,0.643867
104,0,0,0.0,0.9061162,0.07468919,0.019194638,0.643867
104,0,0,0.0,0.9307605,0.05695572,0.012284032,0.122229
337,0,2,0.0,0.19724739,0.14760447,0.6551482,0.023886
337,0,2,5.960464477539063e-08,0.24352983,0.17753752,0.5789327,0.325451
337,0,0,0.0,0.7137828,0.1115333,0.17468408,0.865512
337,0,0,0.0,0.617561,0.21890178,0.16353731,0.655034
337,0,0,0.0,0.63806397,0.2309896,0.13094641,0.045897
337,0,2,5.960464477539063e-08,0.109139934,0.16256432,0.72829586,0.086956
337,0,2,0.0,0.3477104,0.28950337,0.3627863,0.627016
337,0,0,2.9802322387695312e-08,0.96849495,0.014291474,0.017213525,1.167077
337,0,0,0.0,0.9337734,0.037513867,0.028712824,1.707138
337,0,0,0.0,0.9434475,0.030150494,0.02640219,1.448099
337,0,0,0.0,0.8557559,0.09086449,0.0533797,0.838962
337,0,0,0.0,0.684375,0.22157073,0.09405434,0.229825
337,0,2,0.0,0.22856535,0.28949293,0.48194176,0.353391
337,0,0,0.0,0.7544021,0.1748171,0.07078099,0.979469
337,0,0,0.0,0.90974045,0.061500564,0.028759252,1.605546
337,0,0,0.0,0.962554,0.029844157,0.007602166,2.231623
337,0,0,7.450580596923828e-09,0.9834024,0.012635555,0.0039620544,2.241164
337,0,0,7.450580596923828e-09,0.97842616,0.01293243,0.008641421,1.632027
337,0,0,0.0,0.6156554,0.27303073,0.11131403,1.02289
337,0,0,0.0,0.66912895,0.22095728,0.109913856,0.413754
337,0,0,5.960464477539063e-08,0.55089444,0.33693704,0.112168565,0.199707
337,0,0,0.0,0.72336066,0.21293785,0.063701466,0.825785
337,0,0,0.0,0.9297062,0.054601505,0.015692266,1.451862
337,0,0,0.0,0.8894501,0.090962686,0.019587439,2.077939
337,0,0,5.960464477539063e-08,0.6395003,0.29595676,0.06454295,2.425092
337,0,0,0.0,0.77472115,0.16772436,0.05755468,1.815956
337,0,0,0.0,0.7778511,0.1668496,0.055299524,1.206819
337,0,0,1.7881393432617188e-07,0.71209073,0.21051204,0.07739727,0.597682
337,0,0,0.0,0.7362271,0.17787842,0.085894674,0.046024
337,0,0,0.0,0.750138,0.19629234,0.053569622,0.672101
337,0,0,2.9802322387695312e-08,0.862835,0.10677831,0.030386828,1.298178
337,0,0,5.960464477539063e-08,0.9061972,0.063964926,0.029837904,1.924255
337,0,0,0.0,0.85889095,0.062417593,0.07869169,2.550333
337,0,0,0.0,0.86597496,0.07344124,0.060583964,1.999884
337,0,0,0.0,0.69734704,0.19721635,0.10543662,1.390747
337,0,0,5.960464477539063e-08,0.8624698,0.09422987,0.0433004,0.78161
337,0,0,5.960464477539063e-08,0.70509773,0.15154739,0.14335491,0.172474
337,0,0,0.0,0.8622475,0.086032026,0.051720522,0.518417
337,0,0,0.0,0.8647167,0.08695175,0.048331585,1.144494
337,0,0,0.0,0.89134604,0.052010663,0.05664348,1.770572
337,0,0,0.0,0.90655464,0.044918448,0.048526928,2.412781
337,0,0,0.0,0.9090029,0.050717674,0.040279444,2.183812
337,0,0,0.0,0.9257728,0.055419717,0.018807607,1.574675
337,0,0,0.0,0.94328225,0.047145218,0.009572572,0.965539
337,0,0,0.0,0.6129858,0.28844497,0.098569304,0.356402
337,0,0,5.960464477539063e-08,0.68102807,0.13419808,0.18477383,0.364733
337,0,0,0.0,0.8219704,0.05643024,0.12159943,0.998647
337,0,0,0.0,0.8291864,0.07202373,0.09879001,1.852746
337,0,0,0.0,0.9332294,0.03969335,0.02707752,2.805003
337,0,0,0.0,0.8514255,0.11194759,0.03662698,2.367741
337,0,0,0.0,0.91025937,0.07036264,0.019378098,1.758604
337,0,0,0.0,0.87450564,0.072973795,0.052520532,1.149467
337,0,0,0.0,0.6849598,0.18209888,0.13294141,0.54033
337,0,0,1.1920928955078125e-07,0.5011782,0.24695602,0.2518659,0.780032
337,0,0,5.960464477539063e-08,0.80525845,0.09989898,0.09484268,1.744655
337,0,0,0.0,0.77879304,0.09141602,0.12979116,2.434067
337,0,0,0.0,0.74934494,0.15722838,0.093426794,1.795803
337,0,0,0.0,0.68218946,0.19975926,0.1180513,1.15754
337,0,0,0.0,0.48245263,0.103786714,0.4137607,0.519276
337,0,0,0.0,0.70997584,0.14907803,0.1409462,0.597864
337,0,0,0.0,0.7001518,0.16157019,0.13827808,1.377306
337,0,0,0.0,0.9467584,0.03829848,0.0149430595,2.15754
337,0,0,0.0,0.9755527,0.01774209,0.0067052934,1.664249
337,0,0,0.0,0.8960948,0.051532995,0.05237241,1.025985
337,0,2,0.0,0.12857553,0.18824485,0.6831796,0.387722
337,0,2,0.0,0.1708752,0.15127048,0.6778544,0.444897
337,0,0,2.9802322387695312e-08,0.9342627,0.047676753,0.018060533,1.224339
337,0,0,0.0,0.9394878,0.046409894,0.014102381,1.910814
337,0,0,0.0,0.95189536,0.039812643,0.008292034,1.532695
337,0,0,0.0,0.80716527,0.09400485,0.098830014,0.894431
337,0,2,0.0,0.11806878,0.07377612,0.8081552,0.256167
337,0,0,0.0,0.7831459,0.12651204,0.090342104,0.500624
337,0,0,0.0,0.69690967,0.14918275,0.15390767,1.152418
337,0,0,0.0,0.7456566,0.12567616,0.12866725,0.762877
337,0,2,0.0,0.119887374,0.11255902,0.7675536,0.124613
337,0,2,1.1920928955078125e-07,0.15722296,0.20963836,0.6331388,0.394022
209,0,0,0.0,0.76272595,0.20274152,0.03453257,0.383092
209,0,0,0.0,0.8306384,0.13197863,0.037383113,0.278621
209,0,0,0.0,0.90812397,0.081635,0.010241243,0.519398
209,0,0,0.0,0.88834023,0.10196867,0.009691085,1.15506
209,0,0,0.0,0.91890115,0.07127413,0.009824798,0.743701
209,0,0,8.940696716308594e-08,0.880296,0.1066077,0.013096308,0.020044
209,0,0,0.0,0.91764987,0.075856484,0.00649368,0.655705
209,0,0,0.0,0.86860716,0.11996924,0.011423691,1.291366
209,0,0,0.0,0.86707747,0.12175115,0.011171488,1.927028
209,0,0,0.0,0.8781573,0.109272674,0.012570016,1.208782
209,0,0,0.0,0.7605641,0.19876151,0.040674433,0.323514
209,0,0,0.0,0.8772859,0.11135745,0.0113568865,0.15635
209,0,0,0.0,0.8499853,0.13867685,0.011337948,0.792012
209,0,0,0.0,0.88407457,0.10658688,0.0093386015,1.427673
209,0,0,0.0,0.8715169,0.11749073,0.010992513,2.063334
209,0,0,0.0,0.8969845,0.09384249,0.0091730375,1.943654
209,0,0,0.0,0.90778774,0.082319826,0.009892502,1.289098
209,0,0,0.0,0.7306165,0.20125256,0.06813102,0.634542
209,0,0,5.960464477539063e-08,0.7192171,0.24850632,0.032276805,0.292657
209,0,0,0.0,0.9249154,0.068467796,0.006616997,0.928318
209,0,0,2.9802322387695312e-08,0.8730398,0.118064106,0.008896055,1.56398
209,0,0,0.0,0.8126165,0.1729529,0.014430773,2.199641
209,0,0,0.0,0.8252973,0.15934354,0.015359281,1.842197
209,0,0,0.0,0.8723149,0.11463362,0.01305151,1.187641
209,0,0,0.0,0.83412087,0.14490154,0.020977687,0.533084
209,0,0,0.0,0.81391144,0.16797292,0.018115718,0.428963
209,0,0,0.0,0.9323682,0.06091129,0.006720677,1.064625
209,0,0,0.0,0.9303951,0.063375674,0.006229491,1.700286
209,0,0,2.9802322387695312e-08,0.90126014,0.09063886,0.008101042,2.335948
209,0,0,0.0,0.87806755,0.11272537,0.009207144,1.740739
209,0,0,0.0,0.8508052,0.13392586,0.015269104,1.086183
209,0,0,0.0,0.86446303,0.11903555,0.016501281,0.431627
209,0,0,2.9802322387695312e-08,0.90489215,0.08860168,0.0065060933,0.000295
209,0,0,0.0,0.9209575,0.0716243,0.007418145,0.583503
209,0,0,0.0,0.93393415,0.059648793,0.006417323,1.166711
209,0,0,0.0,0.9019108,0.089948624,0.008140711,1.749919
209,0,0,0.0,0.9097664,0.083008066,0.007225619,1.639282
209,0,0,0.0,0.88342994,0.10646439,0.01010588,0.984726
209,0,0,0.0,0.8552037,0.1295543,0.015242225,0.33017
209,0,0,0.0,0.93600875,0.057970513,0.0060207173,0.354388
209,0,0,0.0,0.8516985,0.13402514,0.01427651,0.937596
209,0,0,0.0,0.8495475,0.13728996,0.013162603,0.883269
209,0,0,2.9802322387695312e-08,0.8655483,0.121935755,0.012515943,0.228713
209,0,0,0.0,0.7308956,0.24628031,0.02282416,0.125273
209,0,0,0.0,0.74157983,0.23419237,0.02422785,0.127255
128,0,0,0.0,0.9247371,0.029715123,0.045547795,0.096399
128,0,0,0.0,0.7691595,0.027703714,0.203137,0.268196
128,0,2,0.0,0.07753492,0.030087631,0.89237756,0.439993
128,0,2,0.0,0.01940307,0.01638323,0.9642138,0.61179
128,0,2,0.0,0.012099521,0.011949739,0.9759508,0.428452
128,0,0,2.9802322387695312e-08,0.9589712,0.03701788,0.004010869,0.040032
128,0,0,0.0,0.9295806,0.06588358,0.0045358497,0.566141
128,0,0,0.0,0.9773303,0.01781035,0.0048593576,0.737938
128,0,0,0.0,0.9589649,0.02885754,0.012177771,0.909735
128,0,0,2.9802322387695312e-08,0.9216276,0.043098263,0.03527409,1.081532
128,0,2,5.960464477539063e-08,0.42380294,0.034371622,0.5418256,1.253328
128,0,2,0.0,0.039772935,0.023392064,0.93683493,1.403238
128,0,2,0.0,0.014960434,0.015510134,0.9695295,0.610842
128,0,0,0.0,0.95439374,0.036696233,0.008910119,0.95084
128,0,0,0.0,0.96800905,0.025303913,0.0066870674,1.72307
128,0,0,0.0,0.96328455,0.025582211,0.011133333,1.894867
128,0,0,2.9802322387695312e-08,0.96994793,0.017887637,0.012164429,2.066664
128,0,2,0.0,0.26295826,0.029427985,0.70761395,1.585628
128,0,2,0.0,0.011431587,0.011098498,0.9774699,0.793232
128,0,2,0.0,0.012465114,0.015085444,0.9724495,0.000835
128,0,0,0.0,0.9904882,0.008296405,0.0012155289,0.865313
128,0,0,0.0,0.9297599,0.0563613,0.013878944,1.861649
128,0,0,2.9802322387695312e-08,0.972949,0.0174238,0.009627206,2.560414
128,0,0,0.0,0.71733755,0.023984274,0.25867832,1.768018
128,0,2,0.0,0.017415551,0.012261829,0.9703227,0.975622
128,0,2,0.0,0.0063351295,0.008652004,0.9850131,0.183225
128,0,0,0.0,0.84797066,0.07644943,0.07558007,0.779785
128,0,0,2.9802322387695312e-08,0.93088263,0.045594536,0.023522884,1.776121
128,0,0,0.0,0.7235252,0.053718112,0.22275676,1.950408
128,0,2,0.0,0.04768313,0.017056763,0.93526024,1.158011
128,0,2,0.0,0.010178223,0.010167086,0.9796547,0.365615
128,0,2,0.0,0.0777149,0.45969447,0.4625907,0.694258
128,0,0,0.0,0.8582513,0.07049335,0.0712554,1.690593
128,0,2,0.0,0.37663895,0.037461825,0.5858993,1.340401
128,0,2,0.0,0.0131800305,0.014783115,0.9720369,0.548005
128,0,2,5.960464477539063e-08,0.037489478,0.1317131,0.8307974,0.60873
128,0,0,0.0,0.8298936,0.07852229,0.0915842,1.513007
128,0,2,0.0,0.07121962,0.03977211,0.88900846,0.730394
128,0,2,0.0,0.000725902,0.036674324,0.96259975,0.345677
128,0,0,0.0,0.45264873,0.27981448,0.2675368,0.530174
128,0,0,0.0,0.3511361,0.30306327,0.34580067,0.120388
175,0,0,0.0,0.84588575,0.12605342,0.028060809,0.194422
175,0,0,0.0,0.8445407,0.12555322,0.029906191,0.684286
175,0,0,0.0,0.8553029,0.11771288,0.026984302,0.578832
175,0,0,2.9802322387695312e-08,0.8788733,0.08898547,0.032141283,0.473377
175,0,0,0.0,0.8522048,0.10422057,0.04357474,0.367923
175,0,0,0.0,0.7711194,0.13138312,0.097497545,0.262468
175,0,0,5.960464477539063e-08,0.76969975,0.14391693,0.08638327,0.157014
175,0,0,5.960464477539063e-08,0.67031497,0.23273292,0.096952215,0.051559
175,0,0,0.0,0.91338605,0.07056651,0.016047547,0.318957
175,0,0,0.0,0.8969694,0.08129554,0.021735128,1.311172
175,0,0,0.0,0.9080772,0.07260443,0.019318538,1.573256
175,0,0,0.0,0.9169698,0.062352493,0.020677757,1.467801
175,0,0,0.0,0.91464704,0.06697656,0.01837656,1.362347
175,0,0,0.0,0.92953867,0.052365553,0.018096017,1.256892
175,0,0,0.0,0.91964054,0.059495702,0.0208638,1.151438
175,0,0,0.0,0.870626,0.097394414,0.031979747,1.045983
175,0,0,0.0,0.81325406,0.13311595,0.05363007,0.940529
175,0,0,0.0,0.7909066,0.14276476,0.06632868,0.835074
175,0,0,0.0,0.6782686,0.2807962,0.040935207,0.341462
175,0,0,0.0,0.87980616,0.097581565,0.022612384,0.443491
175,0,0,0.0,0.9068455,0.075794555,0.017359952,1.435707
175,0,0,0.0,0.91639364,0.06659321,0.017013289,2.427922
175,0,0,0.0,0.95386755,0.036653284,0.009479342,2.462225
175,0,0,0.0,0.9552278,0.036914628,0.007857777,2.356771
175,0,0,0.0,0.9722814,0.016908789,0.010809866,2.251316
175,0,0,2.2351741790771484e-08,0.97721446,0.010462029,0.012323611,2.145862
175,0,0,0.0,0.94316113,0.03090676,0.025932282,2.040407
175,0,0,0.0,0.8666839,0.093223445,0.04009278,1.934953
175,0,0,0.0,0.8159925,0.13797928,0.0460283,1.049101
175,0,0,0.0,0.7678386,0.21309964,0.019061832,0.083063
175,0,0,0.0,0.9146713,0.0689481,0.016380653,0.568026
175,0,0,5.960464477539063e-08,0.92697257,0.06094765,0.012079725,1.560241
175,0,0,0.0,0.9256462,0.061412398,0.012941493,2.552457
175,0,0,0.0,0.959449,0.034499075,0.0060519674,3.45665
175,0,0,0.0,0.9381696,0.039709024,0.022121444,3.351195
175,0,0,0.0,0.9138333,0.03926789,0.046898913,3.24574
175,0,0,0.0,0.9352107,0.0370239,0.027765468,3.140286
175,0,0,0.0,0.8695755,0.06422369,0.066201165,2.722778
175,0,0,0.0,0.7016593,0.1943278,0.10401297,1.75674
175,0,0,0.0,0.7111263,0.18502952,0.10384441,0.790702
175,0,0,0.0,0.8920126,0.08475477,0.02323263,0.692561
175,0,0,0.0,0.88684696,0.090752736,0.022400416,1.684776
175,0,0,0.0,0.90797144,0.07332083,0.018707905,2.383219
175,0,0,0.0,0.91578823,0.06692733,0.017284507,2.574615
175,0,0,0.0,0.91661155,0.0671228,0.0162657,2.766011
175,0,0,2.9802322387695312e-08,0.89652747,0.07026955,0.033203077,2.957406
175,0,0,0.0,0.8555122,0.08645293,0.05803494,3.148802
175,0,0,0.0,0.84830964,0.0727301,0.07896037,2.464379
175,0,0,0.0,0.8557872,0.098659046,0.04555393,1.498341
175,0,0,0.0,0.84517574,0.109135106,0.04568932,0.532303
175,0,0,0.0,0.8385001,0.1252024,0.03629767,0.817096
175,0,0,0.0,0.8971945,0.08048933,0.02231622,1.21031
175,0,0,0.0,0.9009847,0.080463216,0.01855221,1.401706
175,0,0,0.0,0.8870001,0.09471136,0.018288627,1.593102
175,0,0,0.0,0.9403316,0.051460873,0.008207694,1.784498
175,0,0,0.0,0.9374124,0.05218251,0.01040507,1.975893
175,0,0,0.0,0.93799114,0.04817511,0.013833811,2.167289
175,0,0,0.0,0.92219746,0.049323432,0.028479075,2.180694
175,0,0,0.0,0.8679731,0.0692708,0.062756166,1.239942
175,0,0,0.0,0.8497708,0.08358052,0.06664883,0.273903
175,0,0,5.960464477539063e-08,0.7077566,0.21817474,0.074068636,0.037402
175,0,0,0.0,0.7728196,0.17787786,0.049302705,0.228798
175,0,0,0.0,0.7954124,0.16674004,0.03784768,0.420193
175,0,0,0.0,0.9378085,0.0542705,0.00792111,0.611589
175,0,0,0.0,0.91061705,0.07764342,0.011739628,0.802985
175,0,0,0.0,0.9174167,0.06921059,0.01337267,0.99438
175,0,0,0.0,0.9174214,0.063811064,0.018767733,1.185776
175,0,0,0.0,0.88032913,0.08362439,0.036046583,1.261679
175,0,0,5.960464477539063e-08,0.66203934,0.21578948,0.1221713,0.867456
175,0,0,0.0,0.63265127,0.21349506,0.15385373,0.015504
175,0,0,0.0,0.897913,0.08249155,0.019595478,0.012867
175,0,0,0.0,0.93215364,0.050033066,0.01781345,0.204263
175,0,0,0.0,0.6603706,0.22016264,0.119466946,0.342664
382,0,0,0.0,0.73403114,0.24118161,0.024787422,0.668617
382,0,0,0.0,0.78180045,0.18977106,0.028428549,0.378429
382,0,0,0.0,0.87351465,0.11892117,0.007564347,0.27935
382,0,0,0.0,0.8927033,0.095639065,0.011657711,1.153776
382,0,0,0.0,0.8663971,0.11902477,0.014578151,1.265798
382,0,0,0.0,0.9144249,0.07564349,0.009931906,0.394456
382,0,0,0.0,0.7829391,0.20093922,0.016121844,0.764509
382,0,0,0.0,0.8982215,0.09258213,0.009196346,1.638935
382,0,0,0.0,0.93458456,0.05882524,0.0065903924,0.775121
382,0,0,0.0,0.633381,0.32261398,0.04400514,0.375243
382,0,0,0.0,0.8033954,0.17761241,0.018992199,1.249669
382,0,0,0.0,0.91156673,0.07906114,0.009372162,1.155785
382,0,0,0.0,0.9152233,0.076906726,0.007869909,0.284443
382,0,1,0.0,0.3797999,0.5609485,0.05925168,0.860402
382,0,0,8.940696716308594e-08,0.8411247,0.13909352,0.01978172,1.536449
382,0,0,0.0,0.89507407,0.094280206,0.010645832,0.665108
382,0,2,5.960464477539063e-08,0.07024796,0.15231366,0.7774384,0.244212
382,0,0,0.0,0.8587114,0.12094166,0.020347048,0.728012
382,0,0,0.0,0.78688574,0.18729718,0.025817124,1.045772
382,0,0,0.0,0.8907699,0.09454101,0.014689329,0.17443
382,0,0,0.0,0.7893634,0.19373076,0.01690604,0.336633
64,0,0,0.0,0.93933684,0.038247388,0.02241577,0.223757
64,0,0,1.1920928955078125e-07,0.92320454,0.05989686,0.016898472,0.972756
64,0,0,0.0,0.9343214,0.05378042,0.011898215,0.967575
64,0,0,0.0,0.91309595,0.07105291,0.015851166,0.738083
64,0,0,0.0,0.7379371,0.17945354,0.08260944,0.50859
64,0,0,0.0,0.90962714,0.07338918,0.016983656,0.213324
64,0,0,0.0,0.95892185,0.03531701,0.0057612024,1.189543
64,0,0,0.0,0.95707166,0.03615099,0.0067773685,1.940886
64,0,0,0.0,0.95619535,0.036222883,0.0075817304,1.610505
64,0,0,0.0,0.9350359,0.05303154,0.011932709,0.611063
64,0,0,2.9802322387695312e-08,0.91982955,0.06848989,0.011680452,0.43011
64,0,0,0.0,0.9731993,0.023864057,0.0029366864,1.406329
64,0,0,0.0,0.9719496,0.025119811,0.0029305413,2.324764
64,0,0,0.0,0.97680515,0.020378264,0.0028166848,1.577094
64,0,0,0.0,0.9652521,0.030359514,0.0043885717,0.577653
64,0,0,0.0,0.92403024,0.06339117,0.012578704,0.646896
64,0,0,0.0,0.95304865,0.042004425,0.0049471967,1.120121
64,0,0,0.0,0.9269604,0.06534265,0.0076969145,1.352026
64,0,0,0.0,0.94671303,0.04664292,0.006644163,1.543684
64,0,0,0.0,0.94677323,0.046561953,0.0066647017,0.544243
64,0,0,1.4901161193847656e-08,0.95159954,0.042812742,0.005587726,0.147382
64,0,0,0.0,0.9513411,0.04246496,0.0061940886,0.379288
64,0,0,0.0,0.9555687,0.0368482,0.00758326,0.611193
64,0,0,0.0,0.91819715,0.067105174,0.014697674,0.378755
0,0,0,0.0,0.86337763,0.10123994,0.03538255,0.001977
0,0,0,0.0,0.5339403,0.25869453,0.20736517,0.053239
0,0,0,0.0,0.43833447,0.24414507,0.31752056,0.104501
0,0,2,0.0,0.0036825482,0.0119907735,0.9843268,0.02668
0,0,2,0.0,0.13624723,0.050441965,0.8133108,0.077942
0,0,0,0.0,0.39935875,0.23205882,0.3685825,0.129204
0,0,0,0.0,0.8687206,0.085653566,0.045625962,0.180466
0,0,0,0.0,0.81211,0.13723865,0.050651576,0.231729
0,0,0,0.0,0.8190784,0.13419025,0.046731587,0.282991
0,0,0,0.0,0.83187765,0.13682461,0.031297863,0.334253
0,0,0,0.0,0.8920742,0.05942089,0.048504997,0.385515
0,0,0,0.0,0.85945135,0.11726056,0.0232881,0.436778
0,0,0,0.0,0.83885,0.11611165,0.045038436,0.48804
0,0,0,0.0,0.85428274,0.08149458,0.064222805,0.539302
0,0,0,0.0,0.85574293,0.092239745,0.052017562,0.590564
0,0,0,0.0,0.8525635,0.10357588,0.043860592,0.641827
0,0,0,8.940696716308594e-08,0.93208367,0.046671014,0.021245306,0.693089
0,0,0,0.0,0.9304107,0.050501086,0.019088287,0.744351
0,0,0,0.0,0.9199472,0.06432825,0.015724655,0.795613
0,0,0,0.0,0.89922327,0.07964136,0.021135554,0.846875
0,0,0,0.0,0.9339157,0.05166613,0.014418255,0.898138
0,0,0,0.0,0.9230386,0.059215162,0.01774626,0.9494
0,0,0,2.9802322387695312e-08,0.94054854,0.042236052,0.01721538,1.000662
0,0,0,0.0,0.9005691,0.0721939,0.027237097,1.051924
0,0,0,5.960464477539063e-08,0.625455,0.20232107,0.17222404,0.545135
0,0,2,0.0,0.14778844,0.026299683,0.825912,0.543095
0,0,0,2.9802322387695312e-08,0.94679177,0.016130503,0.037077695,1.076627
0,0,0,0.0,0.94203895,0.044247795,0.013713432,1.127889
0,0,0,0.0,0.87352806,0.08459551,0.041876424,1.179152
0,0,0,0.0,0.89643013,0.0772583,0.026311707,1.230414
0,0,0,2.9802322387695312e-08,0.8993841,0.076791346,0.023824546,1.281676
0,0,0,0.0,0.8997879,0.07859093,0.021621326,1.332938
0,0,0,0.0,0.9247183,0.04491057,0.030371256,1.384201
0,0,0,0.0,0.86492026,0.11129766,0.023782233,1.435463
0,0,0,0.0,0.94030875,0.038746495,0.020944858,1.486725
0,0,0,0.0,0.93651533,0.03438842,0.02909633,1.537987
0,0,0,0.0,0.9325815,0.04872615,0.018692443,1.58925
0,0,0,2.9802322387695312e-08,0.93742293,0.04507049,0.017506657,1.640512
0,0,0,0.0,0.9238497,0.05414204,0.022008294,1.691774
0,0,0,2.9802322387695312e-08,0.9423172,0.04127167,0.016411105,1.743036
0,0,0,0.0,0.927741,0.057918474,0.014340686,1.794298
0,0,0,0.0,0.9106045,0.06800812,0.021387473,1.845561
0,0,0,0.0,0.9209358,0.066079594,0.012984612,1.896823
0,0,0,0.0,0.88784504,0.08933805,0.022816963,1.948085
0,0,0,0.0,0.903741,0.07581214,0.020447064,1.999347
0,0,0,0.0,0.88588846,0.07639325,0.037718337,1.649295
0,0,0,0.0,0.84535235,0.09662709,0.058020543,0.655392
0,0,0,5.960464477539063e-08,0.70077145,0.07771414,0.22151448,0.534144
0,0,0,0.0,0.9902797,0.0076283836,0.002091927,1.534104
0,0,0,0.0,0.9411249,0.04627117,0.012603952,2.126575
0,0,0,0.0,0.9518572,0.031549975,0.016592873,2.177837
0,0,0,0.0,0.94936657,0.03729804,0.01333538,2.229099
0,0,0,0.0,0.9393917,0.045931198,0.01467721,2.280361
0,0,0,5.960464477539063e-08,0.8801818,0.095994115,0.023824088,2.331624
0,0,0,0.0,0.9278952,0.052752987,0.019351901,2.382886
0,0,0,0.0,0.9576292,0.027986225,0.014384496,2.434148
0,0,0,0.0,0.936636,0.04339898,0.019965125,2.48541
0,0,0,0.0,0.9628216,0.022752179,0.014426267,2.536673
0,0,0,2.9802322387695312e-08,0.93809944,0.037252475,0.024648126,2.587935
0,0,0,0.0,0.943005,0.03598564,0.021009386,2.639197
0,0,0,0.0,0.95160717,0.03386168,0.014531262,2.690459
0,0,0,0.0,0.9525953,0.028975502,0.0184293,2.445324
0,0,0,0.0,0.93131727,0.047489077,0.02119387,1.697453
0,0,0,8.940696716308594e-08,0.87467486,0.10024559,0.025079604,1.33532
0,0,0,0.0,0.9050455,0.07716156,0.01779322,1.308967
0,0,0,0.0,0.8942919,0.08394076,0.021767542,1.282688
0,0,0,0.0,0.88879204,0.084478505,0.026729489,1.256409
0,0,0,5.960464477539063e-08,0.7627035,0.17034505,0.06695139,1.23013
0,0,0,0.0,0.8117404,0.100837134,0.08742262,0.765648
0,0,0,0.0,0.93156713,0.03110182,0.03733114,0.525193
0,0,0,0.0,0.9757848,0.019921636,0.004293567,1.525153
0,0,0,0.0,0.95081526,0.038332216,0.010852583,2.525113
0,0,0,0.0,0.9587912,0.031443223,0.009765639,3.176522
0,0,0,0.0,0.96450824,0.026236756,0.009255087,3.227784
0,0,0,0.0,0.95387566,0.03445226,0.011672156,3.279047
0,0,0,0.0,0.9276728,0.055220254,0.017107045,3.320452
0,0,0,0.0,0.95071733,0.035696823,0.013585999,3.267825
0,0,0,1.4901161193847656e-08,0.95097107,0.033499517,0.015529493,3.215197
0,0,0,0.0,0.9481174,0.0385628,0.013319949,3.16257
0,0,0,5.960464477539063e-08,0.9617278,0.023991704,0.014280506,3.109943
0,0,0,0.0,0.96272475,0.029418806,0.007856632,3.057316
0,0,0,0.0,0.96311134,0.028817099,0.00807173,3.004688
0,0,0,0.0,0.9358989,0.03900803,0.025093073,2.952061
0,0,0,0.0,0.928327,0.039132405,0.032540694,2.076242
0,0,0,0.0,0.8999248,0.06350411,0.036571246,1.101142
0,0,0,0.0,0.8156849,0.13116544,0.053149577,0.338006
0,0,0,0.0,0.8272214,0.13655208,0.036226727,0.309313
0,0,0,0.0,0.8273054,0.13805206,0.034642626,0.283033
0,0,0,0.0,0.870029,0.10473722,0.025233746,0.256754
0,0,0,8.940696716308594e-08,0.91045064,0.07164872,0.017900642,0.230475
0,0,0,5.960464477539063e-08,0.8991949,0.05141442,0.049390662,0.204196
0,0,0,0.0,0.89609,0.07355126,0.030358769,0.516242
0,0,0,0.0,0.9361607,0.04723463,0.01660468,1.516202
0,0,0,5.960464477539063e-08,0.95490706,0.022626266,0.022466563,2.516162
0,0,0,2.9802322387695312e-08,0.95830643,0.02059401,0.021099586,2.479719
0,0,0,0.0,0.9659629,0.021955278,0.012081822,2.427092
0,0,0,0.0,0.9626323,0.024537308,0.012830419,2.374465
0,0,0,0.0,0.9517902,0.03150689,0.016702976,2.321838
0,0,0,0.0,0.95615005,0.02833466,0.015515298,2.26921
0,0,0,0.0,0.95400214,0.033815086,0.012182888,2.216583
0,0,0,0.0,0.94014084,0.04568457,0.014174714,2.163956
0,0,0,0.0,0.94825184,0.032696713,0.019051544,2.111329
0,0,0,1.4901161193847656e-08,0.9537565,0.036793854,0.0094496645,2.058701
0,0,0,0.0,0.940949,0.049681302,0.009369753,2.006074
0,0,0,0.0,0.9128157,0.06799824,0.019186046,1.953447
0,0,0,0.0,0.9372864,0.04436939,0.01834435,1.90082
0,0,0,0.0,0.90199804,0.06941055,0.02859139,1.049133
0,0,0,0.0,0.8552169,0.10997378,0.034809586,0.049133
0,0,0,0.0,0.888507,0.060447216,0.051045697,0.507291
0,0,0,0.0,0.8867427,0.059416357,0.053840976,1.507251
0,0,0,0.0,0.9286066,0.044942755,0.026450602,1.533733
0,0,0,0.0,0.8752958,0.09134402,0.033360403,1.481105
0,0,0,5.960464477539063e-08,0.8528997,0.11299935,0.034100957,1.428478
0,0,0,0.0,0.8487649,0.12004286,0.031192407,1.375851
0,0,0,0.0,0.8781253,0.09973915,0.02213571,1.323223
0,0,0,0.0,0.8496415,0.124372154,0.025986485,1.270596
0,0,0,0.0,0.91946137,0.05770311,0.022835711,1.217969
0,0,0,0.0,0.9097623,0.065647334,0.024590444,1.165342
0,0,0,0.0,0.8589312,0.11874724,0.022321632,1.112714
0,0,0,0.0,0.93090147,0.045643914,0.023454724,1.060087
0,0,0,0.0,0.9222693,0.053906105,0.023824649,1.00746
0,0,0,0.0,0.8247366,0.14927168,0.025991937,0.954833
0,0,0,0.0,0.90795416,0.06962488,0.022421079,0.902205
0,0,0,0.0,0.8802872,0.07553391,0.04417893,0.849578
0,0,0,0.0,0.9427224,0.038431816,0.018845864,0.049133
0,0,0,0.0,0.6538449,0.103838265,0.2423169,0.49834
0,0,0,0.0,0.5954945,0.09639053,0.30811507,0.587746
0,0,0,2.9802322387695312e-08,0.9083466,0.0644596,0.027193882,0.535118
0,0,0,0.0,0.870959,0.08546616,0.04357501,0.482491
0,0,0,0.0,0.8879549,0.082289904,0.029755333,0.429864
0,0,0,0.0,0.7248565,0.18189564,0.09324783,0.377237
0,0,0,0.0,0.73384535,0.19780788,0.06834684,0.324609
0,0,0,0.0,0.876648,0.104410656,0.018941497,0.271982
0,0,0,0.0,0.8493597,0.1249125,0.02572797,0.219355
0,0,0,2.9802322387695312e-08,0.90670365,0.07275481,0.020541564,0.166727
0,0,0,0.0,0.94680405,0.041278277,0.011917714,0.1141
0,0,0,0.0,0.88543886,0.08799173,0.026569586,0.061473
0,0,0,0.0,0.84750175,0.11926221,0.033236247,0.008846
398,0,0,0.0,0.8963016,0.089843005,0.013855425,0.063062
398,0,0,0.0,0.78251684,0.1968597,0.020623418,0.075208
398,0,0,5.960464477539063e-08,0.8268782,0.15320857,0.019913211,0.087353
398,0,0,1.1920928955078125e-07,0.795983,0.1820557,0.021961171,0.099499
398,0,0,0.0,0.7371599,0.23464859,0.028191632,0.023045
398,0,0,0.0,0.9387323,0.05160945,0.009658302,0.564527
398,0,0,0.0,0.8849602,0.10409878,0.010941117,1.075134
398,0,0,2.9802322387695312e-08,0.87544936,0.111247905,0.013302672,1.087279
398,0,0,5.960464477539063e-08,0.8868403,0.103183985,0.009975673,0.450583
398,0,0,0.0,0.8775163,0.10834603,0.014137688,0.239661
398,0,0,0.0,0.89371294,0.09581423,0.010472986,0.54043
398,0,0,0.0,0.84980106,0.13182525,0.018373853,0.841199
434,0,0,0.0,0.9324569,0.042560227,0.024982994,0.564143
434,0,0,0.0,0.92633474,0.04375551,0.02990982,0.902487
434,0,0,7.450580596923828e-09,0.9834863,0.012389111,0.0041246694,0.889519
434,0,0,5.21540641784668e-08,0.9819799,0.014025909,0.0039941124,0.876551
434,0,0,0.0,0.9828912,0.013715327,0.0033934303,0.863583
434,0,0,0.0,0.98420817,0.012916911,0.0028750026,0.850615
434,0,0,5.960464477539063e-08,0.9674513,0.027052142,0.005496495,0.837647
434,0,0,0.0,0.9512273,0.037448287,0.011324451,0.824679
434,0,0,0.0,0.9552913,0.03418752,0.010521203,0.811711
434,0,0,0.0,0.9847135,0.009931764,0.0053548096,0.798743
434,0,0,0.0,0.98190016,0.009766808,0.008333226,0.785774
434,0,0,0.0,0.9635517,0.019958276,0.016490003,0.142246
434,0,0,0.0,0.88788885,0.07711659,0.03499475,0.381654
434,0,0,0.0,0.8864055,0.087251246,0.026343344,1.364862
434,0,0,6.705522537231445e-08,0.9764616,0.018751878,0.004786533,1.889435
434,0,0,0.0,0.9831861,0.013745674,0.0030682473,1.876467
434,0,0,0.0,0.9803381,0.0154389795,0.004223057,1.863499
434,0,0,0.0,0.98266786,0.013557568,0.003774601,1.850531
434,0,0,0.0,0.97767127,0.018388547,0.0039401962,1.837563
434,0,0,0.0,0.9746957,0.01983957,0.005464758,1.824595
434,0,0,0.0,0.9719066,0.022990257,0.005103237,1.811627
434,0,0,0.0,0.98866075,0.00811541,0.003223998,1.798658
434,0,0,0.0,0.97276855,0.018341478,0.008890121,1.185618
434,0,0,0.0,0.9606981,0.026804117,0.0124979615,0.186602
434,0,0,0.0,0.9336467,0.04563545,0.020717975,0.199165
434,0,0,0.0,0.9351002,0.047826715,0.017073208,1.182373
434,0,0,0.0,0.9717685,0.022207594,0.0060239565,2.165581
434,0,0,0.0,0.97305834,0.022158982,0.004782652,2.876383
434,0,0,0.0,0.9834837,0.013604584,0.0029117635,2.863415
434,0,0,5.21540641784668e-08,0.9831802,0.013729585,0.0030902233,2.850447
434,0,0,0.0,0.9851324,0.0120948665,0.0027728176,2.837479
434,0,0,0.0,0.9861031,0.011140225,0.002756789,2.824511
434,0,0,0.0,0.98457813,0.012628297,0.0027936725,2.811542
434,0,0,0.0,0.9755107,0.019098215,0.0053912266,2.22899
434,0,0,4.470348358154297e-08,0.96845114,0.024150409,0.007398458,1.229974
434,0,0,0.0,0.96149546,0.029967751,0.008536995,0.230958
434,0,0,0.0,0.87996626,0.094656765,0.025377085,0.016676
434,0,0,0.0,0.88361704,0.09199947,0.024383606,0.999884
434,0,0,0.0,0.952106,0.03903594,0.008858199,1.983091
434,0,0,0.0,0.9592205,0.035390243,0.0053891935,2.966299
434,0,0,0.0,0.97474724,0.021616587,0.0036362554,3.863331
434,0,0,0.0,0.97748005,0.019087045,0.00343293,3.850363
434,0,0,5.21540641784668e-08,0.982545,0.014386705,0.003068189,3.837395
434,0,0,0.0,0.98744404,0.0099499095,0.002606158,3.824426
434,0,0,0.0,0.9779527,0.018470032,0.003577311,3.272362
434,0,0,0.0,0.9684863,0.025932888,0.0055809254,2.273346
434,0,0,0.0,0.96004885,0.03256543,0.007385853,1.27433
434,0,0,0.0,0.96398634,0.028253457,0.007760349,0.275315
434,0,0,0.0,0.7834207,0.17234331,0.044236075,0.817394
434,0,0,0.0,0.9615427,0.03045402,0.008003288,1.800602
434,0,0,0.0,0.9411359,0.051112253,0.0077519463,2.78381
434,0,0,0.0,0.9537815,0.04055676,0.0056618475,3.003684
434,0,0,0.0,0.96706116,0.028281465,0.0046573975,3.042922
434,0,0,0.0,0.97494644,0.021316199,0.0037373486,3.08216
434,0,0,7.450580596923828e-09,0.9865193,0.010997094,0.0024836822,3.121398
434,0,0,0.0,0.9809689,0.015795497,0.0032356724,3.160636
434,0,0,0.0,0.95763403,0.034256395,0.008109839,2.317702
434,0,0,0.0,0.95348454,0.038596142,0.007919421,1.318687
434,0,0,0.0,0.9514437,0.03440265,0.014153823,0.319671
434,0,0,0.0,0.8467914,0.102379166,0.050829567,0.634905
434,0,0,5.960464477539063e-08,0.95934695,0.027297687,0.0133553175,1.618113
434,0,0,0.0,0.9750585,0.02095319,0.003988427,1.965217
434,0,0,1.4901161193847656e-08,0.9675669,0.028174827,0.004258213,2.004454
434,0,0,0.0,0.95932746,0.03594793,0.0047246674,2.043692
434,0,0,0.0,0.9638262,0.03143796,0.0047359657,2.08293
434,0,0,0.0,0.9796602,0.017319132,0.0030206626,2.122168
434,0,0,0.0,0.97415507,0.021590453,0.00425447,2.161406
434,0,0,0.0,0.95187104,0.039446346,0.008682621,2.200644
434,0,0,0.0,0.9536079,0.036411546,0.00998043,1.363043
434,0,0,4.470348358154297e-08,0.9699814,0.022429885,0.007588794,0.364027
434,0,0,0.0,0.7617656,0.21357633,0.024658144,0.452416
434,0,0,0.0,0.93552446,0.043219604,0.021256145,0.926749
434,0,0,0.0,0.94274366,0.043532778,0.013723701,0.965987
434,0,0,0.0,0.9652906,0.027676165,0.0070333155,1.005225
434,0,0,0.0,0.9534269,0.039838996,0.006734189,1.044463
434,0,0,2.9802322387695312e-08,0.9142652,0.07452076,0.01121394,1.083701
434,0,0,0.0,0.9198561,0.07084371,0.0093002515,1.122938
434,0,0,0.0,0.9118337,0.077425785,0.010740693,1.162176
434,0,0,0.0,0.8811764,0.10136265,0.017460985,1.201414
434,0,0,0.0,0.86613435,0.11424822,0.019617494,1.240652
434,0,0,0.0,0.9415096,0.04948472,0.009005804,0.408384
434,0,0,0.0,0.7284991,0.26033732,0.011163596,0.005995
434,0,0,0.0,0.69906044,0.28401938,0.016920226,0.045233
434,0,0,0.0,0.6904564,0.28968912,0.01985464,0.084471
434,0,0,0.0,0.7482253,0.23305883,0.018716069,0.123709
434,0,0,0.0,0.7747062,0.20901386,0.016280055,0.162947
434,0,0,0.0,0.49551684,0.4565173,0.047965847,0.202185
434,0,0,0.0,0.5440998,0.40579128,0.05010898,0.241422
434,0,0,0.0,0.76723903,0.21021417,0.022546917,0.28066
25,0,2,0.0,0.15341981,0.15121625,0.695364,0.465127
25,0,0,0.0,0.69083476,0.12218539,0.18697987,0.551899
25,0,0,0.0,0.8985447,0.0756033,0.02585195,0.638671
25,0,0,2.9802322387695312e-08,0.8944441,0.081236176,0.024319746,0.725443
25,0,0,0.0,0.9270138,0.05991956,0.013066666,0.812215
25,0,0,0.0,0.8848058,0.080859914,0.0343344,0.718913
25,0,2,0.0,0.15734234,0.17593867,0.6667191,0.025319
25,0,0,0.0,0.5864356,0.16664822,0.24691632,1.024362
25,0,0,0.0,0.68333155,0.16237439,0.15429416,1.548127
25,0,0,0.0,0.7983656,0.15606068,0.04557384,1.634899
25,0,0,0.0,0.8253337,0.14333418,0.031332154,1.721671
25,0,0,0.0,0.92967695,0.054914635,0.015408518,1.756658
25,0,0,2.9802322387695312e-08,0.9127383,0.06425497,0.023006823,0.757037
25,0,0,0.0,0.8139364,0.08997215,0.0960915,0.069066
25,0,0,0.0,0.81388676,0.11275066,0.07336268,1.068109
25,0,0,0.0,0.7598262,0.17583089,0.06434295,2.067152
25,0,0,0.0,0.84315836,0.12913127,0.027710447,2.631127
25,0,0,2.9802322387695312e-08,0.90447867,0.07643287,0.019088518,2.717899
25,0,0,0.0,0.8979063,0.08087688,0.021216823,1.784159
25,0,0,0.0,0.9026804,0.06733041,0.029989343,0.784537
25,0,0,5.960464477539063e-08,0.8622146,0.10104159,0.036743883,0.112814
25,0,0,0.0,0.8725762,0.09698567,0.030438352,1.111856
25,0,0,0.0,0.8742117,0.099058196,0.026730165,2.110899
25,0,0,0.0,0.8563284,0.11685956,0.026812166,3.109942
25,0,0,0.0,0.9374657,0.04754085,0.014993413,2.811282
25,0,0,0.0,0.9529703,0.036130775,0.010899112,1.81166
25,0,0,0.0,0.89779127,0.07630632,0.025902579,0.812038
25,0,0,0.0,0.79621714,0.12623556,0.07754727,0.156561
25,0,0,0.0,0.9060421,0.065142944,0.028815225,1.155604
25,0,0,0.0,0.9283434,0.055774376,0.015882337,2.154646
25,0,0,0.0,0.95289177,0.037891123,0.009217154,2.364638
25,0,0,2.9802322387695312e-08,0.94270176,0.044463966,0.012834378,2.343174
25,0,0,0.0,0.9621692,0.029756214,0.008074709,1.839161
25,0,0,0.0,0.92082685,0.059062984,0.020110322,0.839539
25,0,0,5.960464477539063e-08,0.80610716,0.124128535,0.06976423,0.200308
25,0,0,0.0,0.96671385,0.023929372,0.009356917,1.199351
25,0,0,0.0,0.9568973,0.03278948,0.010313415,1.386332
25,0,0,0.0,0.9315633,0.05446501,0.013971933,1.364868
25,0,0,0.0,0.9054032,0.07518698,0.01940995,1.343404
25,0,0,2.9802322387695312e-08,0.95573246,0.035225637,0.0090419045,1.321941
25,0,0,0.0,0.9163151,0.066772096,0.016912838,0.86704
25,0,0,0.0,0.84281695,0.12289194,0.034291156,0.244056
25,0,0,0.0,0.92343146,0.05395506,0.02261357,0.408026
25,0,0,0.0,0.92014617,0.058365595,0.021488193,0.386562
25,0,0,0.0,0.8733069,0.09475225,0.031940863,0.365098
25,0,0,0.0,0.8215165,0.13788569,0.04059799,0.343635
25,0,0,0.0,0.8240308,0.1293398,0.046629664,0.322171
25,0,0,0.0,0.79640484,0.16248861,0.041106623,0.300707
111,0,0,0.0,0.6678437,0.17446092,0.15769552,0.013436
111,0,0,0.0,0.62481797,0.16903222,0.20614986,0.922586
111,0,0,0.0,0.73111296,0.15541804,0.11346902,0.651709
111,0,0,0.0,0.757041,0.15604332,0.086915806,0.380832
111,0,0,0.0,0.4781263,0.31994587,0.20192808,0.109955
111,0,0,0.0,0.83445644,0.1049268,0.06061681,0.324693
111,0,0,0.0,0.73673457,0.15327471,0.10999077,1.275019
111,0,0,0.0,0.779588,0.15038876,0.07002325,1.614323
111,0,0,0.0,0.9056921,0.066037394,0.028270524,1.343446
111,0,0,0.0,0.5221142,0.2472568,0.2306291,0.522591
111,0,0,0.0,0.91977024,0.044340145,0.035889722,0.63595
111,0,0,0.0,0.91433287,0.059777524,0.02588961,1.586276
111,0,0,0.0,0.93084157,0.050626136,0.018532421,1.999536
111,0,0,0.0,0.9407784,0.04278226,0.016439395,1.072983
111,0,2,0.0,0.3588494,0.23304899,0.40810162,0.146429
111,0,0,0.0,0.8194603,0.114799164,0.06574061,0.947207
111,0,0,0.0,0.94110113,0.044676375,0.014222587,1.755771
111,0,0,0.0,0.9283973,0.05221311,0.019389559,1.623374
111,0,0,0.0,0.9135752,0.05707084,0.029354153,0.69682
111,0,0,0.0,0.85861874,0.10501771,0.036363684,0.124956
111,0,0,0.0,0.6963607,0.1805452,0.123094276,0.471312
111,0,0,0.0,0.9142646,0.057865445,0.027870066,0.817668
111,0,0,5.960464477539063e-08,0.9057438,0.06507101,0.029185213,1.164024
111,0,0,0.0,0.8844256,0.06735331,0.048221204,0.320658
111,0,0,0.0,0.8075447,0.1256501,0.06680531,0.225921
167,0,0,0.0,0.7064299,0.2485929,0.044977218,0.349328
167,0,0,5.960464477539063e-08,0.5135313,0.3758578,0.11061098,0.180209
167,0,0,0.0,0.58429533,0.3154535,0.10025115,0.892849
167,0,0,0.0,0.7550504,0.18222263,0.06272703,0.673865
167,0,2,0.0,0.022268873,0.18510632,0.7926249,0.195019
167,0,0,0.0,0.80383223,0.14634252,0.04982534,1.158961
167,0,0,0.0,0.7183468,0.21826258,0.063390695,0.504725
167,0,0,5.960464477539063e-08,0.58956534,0.10894766,0.30148712,0.461132
167,0,0,0.0,0.55105376,0.27123076,0.17771547,0.826371
167,0,0,0.0,0.549407,0.327618,0.12297494,0.335586
167,0,0,5.960464477539063e-08,0.51417565,0.37577894,0.11004556,0.100834
59,0,0,5.960464477539063e-08,0.71973056,0.23036575,0.04990383,0.022702
59,0,0,0.0,0.8893957,0.096538775,0.014065498,0.613364
59,0,0,0.0,0.8345356,0.13673863,0.028725937,0.819733
59,0,0,0.0,0.73302233,0.22191364,0.045064118,0.634138
59,0,0,5.960464477539063e-08,0.7816426,0.19667518,0.021682186,0.448542
59,0,0,0.0,0.67789286,0.29335266,0.028754516,0.262947
59,0,0,0.0,0.6782112,0.28053758,0.04125135,0.077352
59,0,0,0.0,0.919695,0.07165442,0.008650634,0.741385
59,0,0,0.0,0.96647364,0.025984349,0.007542146,1.733156
59,0,0,1.4901161193847656e-08,0.96568966,0.02773566,0.006574673,1.616764
59,0,0,0.0,0.9550287,0.037620787,0.007350459,1.431169
59,0,0,0.0,0.85374403,0.11820591,0.028050201,1.245573
59,0,0,0.0,0.6530135,0.28243083,0.06455563,0.559963
59,0,0,1.4901161193847656e-08,0.95644593,0.03858468,0.0049694967,0.869406
59,0,0,0.0,0.95415545,0.0363516,0.009492979,1.861177
59,0,0,0.0,0.9153866,0.06822081,0.016392678,2.59939
59,0,0,7.450580596923828e-09,0.98076636,0.014419025,0.0048146774,1.944201
59,0,0,0.0,0.9379773,0.049486242,0.012536568,1.039286
59,0,0,0.0,0.90021235,0.080370896,0.019416954,0.134371
59,0,0,0.0,0.9810909,0.015849654,0.003059423,0.005656
59,0,0,0.0,0.96902657,0.02062684,0.010346728,0.997427
59,0,0,0.0,0.94133717,0.047832143,0.01083088,1.989198
59,0,0,0.0,0.9264828,0.06072412,0.012793189,2.423524
59,0,0,0.0,0.9631932,0.028309368,0.008497539,1.518609
59,0,0,1.4901161193847656e-08,0.9611106,0.028714748,0.010174685,0.613694
59,0,0,5.21540641784668e-08,0.9870865,0.010985423,0.001928089,0.133677
59,0,0,0.0,0.85032505,0.13287787,0.016797151,1.125448
59,0,0,2.9802322387695312e-08,0.9197284,0.06501368,0.015257939,2.117219
59,0,0,0.0,0.9585444,0.034103736,0.00735203,1.997932
59,0,0,5.960464477539063e-08,0.9648478,0.026827434,0.00832477,1.093017
59,0,0,0.0,0.959264,0.03153608,0.009200087,0.188102
59,0,0,0.0,0.9560594,0.03505383,0.008886976,0.261698
59,0,0,0.0,0.88002884,0.091791764,0.028179556,1.224958
59,0,0,0.0,0.9413581,0.04716487,0.011477183,1.181003
59,0,0,0.0,0.9227139,0.06411287,0.0131733455,1.137047
59,0,0,0.0,0.92767495,0.053653166,0.018672086,0.667425
59,0,2,0.0,0.2661287,0.29456064,0.43931076,0.26988
59,0,0,0.0,0.62463063,0.20518859,0.17018086,0.225924
59,0,0,5.960464477539063e-08,0.83546126,0.11659006,0.047948606,0.181969
59,0,0,0.0,0.87717724,0.01055413,0.11226876,0.138014
59,0,0,0.0,0.7393551,0.1773771,0.083267964,0.094059
393,0,2,5.960464477539063e-08,0.09017432,0.06857518,0.84125054,0.252116
393,0,2,0.0,0.13996162,0.08783918,0.77219915,0.320811
393,0,0,0.0,0.8439088,0.036564004,0.1195274,0.018513
393,0,0,0.0,0.84271187,0.04765315,0.10963502,0.325437
393,0,0,0.0,0.961364,0.013140967,0.025495121,1.217232
393,0,0,0.0,0.9754978,0.009604386,0.014897809,1.014946
393,0,0,0.0,0.98445946,0.009395945,0.0061447197,0.014952
393,0,0,0.0,0.9436451,0.035313524,0.021041509,0.383144
393,0,0,0.0,0.98970264,0.0059583024,0.004338997,1.381478
393,0,0,0.0,0.9882326,0.008076288,0.0036912402,1.011385
393,0,0,0.0,0.97207487,0.021641025,0.006284232,0.011392
393,0,0,0.0,0.91784686,0.042288993,0.039864168,0.440851
393,0,0,0.0,0.91863173,0.053855017,0.027513262,0.805052
393,0,0,0.0,0.9391944,0.040654324,0.020151349,0.801388
393,0,0,0.0,0.9680735,0.018556278,0.01337029,0.007831
416,0,0,0.0,0.65682656,0.31557822,0.027595207,0.320979
416,0,0,0.0,0.63860494,0.3318591,0.029536188,0.281287
416,0,0,0.0,0.5574096,0.39814585,0.044444583,0.039196
416,0,0,0.0,0.8560381,0.12665418,0.01730792,0.594999
416,0,0,0.0,0.86118567,0.12192957,0.016884843,1.25154
416,0,0,0.0,0.9386036,0.050833333,0.010563131,1.00945
416,0,0,0.0,0.77851146,0.18822436,0.033264272,0.76736
416,0,0,0.0,0.70772797,0.24930269,0.042969447,0.52527
416,0,0,0.0,0.4546591,0.36745545,0.17788558,0.283179
416,0,0,0.0,0.9339834,0.05858811,0.0074285627,0.63815
416,0,0,0.0,0.93619865,0.056640644,0.007160769,1.637219
416,0,0,0.0,0.9330564,0.059304196,0.0076394533,1.979704
416,0,0,0.0,0.9469866,0.04401853,0.008995087,1.737614
416,0,0,0.0,0.88262653,0.09490937,0.022464184,1.495523
416,0,0,0.0,0.4734399,0.17543106,0.35112914,0.830176
416,0,0,0.0,0.96628,0.027596261,0.006123776,0.930953
416,0,0,0.0,0.9612684,0.032809082,0.0059227017,1.874647
416,0,0,0.0,0.95066506,0.042500786,0.0068342513,2.81834
416,0,0,0.0,0.9285504,0.061607048,0.009842631,2.707867
416,0,0,0.0,0.9425771,0.042678677,0.014744347,1.764552
416,0,2,0.0,0.4352972,0.08649656,0.47820625,0.766577
416,0,0,0.0,0.97399414,0.021012565,0.0049935025,0.318081
416,0,0,0.0,0.97752494,0.018536285,0.00393875,1.261774
416,0,0,7.450580596923828e-09,0.9791566,0.016899576,0.0039437716,2.205468
416,0,0,0.0,0.97754294,0.017834034,0.0046230224,3.149161
416,0,0,2.9802322387695312e-08,0.96307623,0.029511994,0.0074117733,2.698929
416,0,0,0.0,0.92865187,0.05463622,0.01671205,1.700954
416,0,2,5.960464477539063e-08,0.44332263,0.07513355,0.48154402,0.702978
416,0,0,0.0,0.9834374,0.013740771,0.0028219156,0.648902
416,0,0,0.0,0.9849963,0.01179816,0.003205473,1.592596
416,0,0,0.0,0.9851218,0.011611824,0.003266313,2.536289
416,0,0,0.0,0.9663964,0.027696205,0.0059075076,3.479983
416,0,0,2.9802322387695312e-08,0.9507986,0.039734937,0.009466424,2.63533
416,0,0,0.0,0.9415322,0.045120765,0.013347219,1.637355
416,0,0,1.1920928955078125e-07,0.6237684,0.083473876,0.29275775,0.639379
416,0,0,0.0,0.9314728,0.05980224,0.00872507,0.03603
416,0,0,7.450580596923828e-09,0.98400223,0.013130042,0.002867791,0.979724
416,0,0,0.0,0.9801454,0.016028473,0.0038263989,1.923417
416,0,0,6.705522537231445e-08,0.97812957,0.017710915,0.004159433,2.86711
416,0,0,0.0,0.9652471,0.028514333,0.0062387115,3.569707
416,0,0,0.0,0.958172,0.03342245,0.00840572,2.571731
416,0,0,0.0,0.93534076,0.04981067,0.014848669,1.573756
416,0,0,0.0,0.687255,0.1654457,0.14729929,0.57578
416,0,0,0.0,0.89249426,0.096671425,0.010834435,0.366851
416,0,0,0.0,0.98371035,0.011397775,0.004891808,1.310545
416,0,0,5.960464477539063e-08,0.9851347,0.010927134,0.0039380905,2.254238
416,0,0,0.0,0.9675901,0.02489586,0.0075141,3.197932
416,0,0,0.0,0.974194,0.021151539,0.0046544713,3.506108
416,0,0,0.0,0.9609043,0.031724885,0.0073708408,2.508132
416,0,0,0.0,0.89974165,0.07778495,0.02247341,1.510157
416,0,0,0.0,0.57734025,0.20885906,0.21380073,0.512181
416,0,0,0.0,0.95890963,0.032482326,0.0086081615,0.697673
416,0,0,4.470348358154297e-08,0.98576033,0.010721023,0.0035186403,1.641366
416,0,0,0.0,0.98682797,0.009759503,0.0034125762,2.58506
416,0,0,0.0,0.9807186,0.014810781,0.004470686,3.528753
416,0,0,0.0,0.9781286,0.016934749,0.0049367617,3.442509
416,0,0,0.0,0.9610987,0.03094744,0.007953948,2.444534
416,0,0,0.0,0.9338101,0.049811363,0.016378593,1.446558
416,0,0,0.0,0.74667084,0.17411296,0.079216406,0.448583
416,0,0,0.0,0.6460543,0.3096275,0.044318236,0.084801
416,0,0,0.0,0.95868504,0.030661466,0.010653744,1.028494
416,0,0,0.0,0.960073,0.032990888,0.006936085,1.972187
416,0,0,0.0,0.96127707,0.031926945,0.006796229,2.915881
416,0,0,7.450580596923828e-08,0.9724981,0.021621536,0.0058803083,3.859574
416,0,0,0.0,0.96914476,0.024252083,0.0066032894,3.37891
416,0,0,0.0,0.94461447,0.04497874,0.010406886,2.380935
416,0,0,0.0,0.90499634,0.07472636,0.020277338,1.382959
416,0,0,0.0,0.75602067,0.19534746,0.04863199,0.384984
416,0,0,0.0,0.6321134,0.2587056,0.10918104,0.415622
416,0,0,0.0,0.92506146,0.05651932,0.018419337,1.359315
416,0,0,0.0,0.9632512,0.028486112,0.0082628345,2.303009
416,0,0,7.450580596923828e-08,0.9595997,0.031445555,0.008954744,3.246702
416,0,0,0.0,0.96729994,0.025796317,0.006903965,4.190396
416,0,0,0.0,0.9637148,0.028722271,0.007563081,3.315311
416,0,0,0.0,0.95100254,0.039941974,0.009055557,2.317336
416,0,0,0.0,0.9143001,0.07032625,0.0153737,1.31936
416,0,0,5.960464477539063e-08,0.67873245,0.2747575,0.04650995,0.321385
416,0,0,0.0,0.8051443,0.12748863,0.06736715,0.746443
416,0,0,0.0,0.927855,0.060372178,0.0117730005,1.690137
416,0,0,0.0,0.97275776,0.021484597,0.0057577505,2.63383
416,0,0,0.0,0.97051275,0.022765748,0.006721597,3.461177
416,0,0,0.0,0.97090095,0.022300454,0.0067987316,3.722656
416,0,0,7.450580596923828e-08,0.95825785,0.03269726,0.009044837,3.251713
416,0,0,0.0,0.90244955,0.08294984,0.014600774,2.253737
416,0,0,0.0,0.945683,0.04432071,0.009996229,1.255761
416,0,1,0.0,0.29631346,0.45324442,0.25044224,0.257786
416,0,0,0.0,0.6240156,0.30701157,0.06897287,0.133571
416,0,0,0.0,0.93258476,0.04690175,0.020513529,1.077265
416,0,0,0.0,0.9660534,0.025880687,0.008065832,1.973009
416,0,0,0.0,0.97350705,0.020569308,0.005923761,2.234488
416,0,0,0.0,0.9743322,0.020031871,0.005635989,2.495968
416,0,0,4.470348358154297e-08,0.9687716,0.023860557,0.0073678615,2.757447
416,0,0,0.0,0.9550632,0.03523533,0.009701617,3.018927
416,0,0,0.0,0.94200534,0.047836497,0.010158285,2.190138
416,0,0,0.0,0.9374992,0.043497626,0.019003263,1.192163
416,0,0,0.0,0.5615802,0.36867046,0.06974942,0.194187
416,0,0,0.0,0.4428597,0.32172787,0.23541254,0.464392
416,0,0,2.9802322387695312e-08,0.8812042,0.07573886,0.043056916,0.74632
416,0,0,0.0,0.94432795,0.041236944,0.014435225,1.0078
416,0,0,0.0,0.961236,0.029742021,0.009022167,1.269279
416,0,0,0.0,0.9616926,0.029264651,0.009042932,1.530759
416,0,0,0.0,0.9660822,0.027000334,0.0069176042,1.792238
416,0,0,0.0,0.9518466,0.038491853,0.009661633,2.053718
416,0,0,0.0,0.9362249,0.05236931,0.011406023,2.126539
416,0,0,0.0,0.93430084,0.052940104,0.012759188,1.128564
416,0,0,0.0,0.5713997,0.36770418,0.060896233,0.130588
416,0,0,0.0,0.6956668,0.21302822,0.09130507,0.042591
416,0,0,0.0,0.86542845,0.10295225,0.031619456,0.30407
416,0,0,0.0,0.8580586,0.10886665,0.03307495,0.56555
416,0,0,0.0,0.92132205,0.064411715,0.014266309,0.827029
416,0,0,0.0,0.936108,0.05050175,0.013390255,1.088509
416,0,0,0.0,0.942506,0.04522766,0.01226632,1.349988
416,0,0,0.0,0.875652,0.09585307,0.028494997,1.064965
416,0,0,0.0,0.4882222,0.4339455,0.077832274,0.066989
416,0,0,0.0,0.9056158,0.071653344,0.022730941,0.1233
416,0,0,2.9802322387695312e-08,0.90529966,0.07096755,0.023732807,0.384779
416,0,0,0.0,0.85470027,0.10229201,0.04300776,0.646258
416,0,0,0.0,0.7411299,0.2270773,0.031792935,0.00339
372,0,0,0.0,0.88713074,0.090784244,0.022085043,0.385395
372,0,0,0.0,0.8445926,0.11951626,0.035891294,0.398901
372,0,0,0.0,0.5294119,0.33172652,0.1388616,0.101345
372,0,0,7.450580596923828e-08,0.9429495,0.04699514,0.0100553315,0.812921
372,0,0,0.0,0.87740713,0.092427194,0.030165745,0.864735
372,0,0,0.0,0.8961172,0.08422107,0.019661907,0.336443
372,0,0,2.9802322387695312e-08,0.888041,0.09084795,0.021111114,1.240446
372,0,0,0.0,0.72783864,0.18412267,0.08803891,0.425293
372,0,0,0.0,0.9133207,0.070144005,0.016535293,0.763968
372,0,0,0.0,0.91244674,0.06838462,0.019168662,0.884121
372,0,0,0.0,0.88894904,0.09153927,0.019511782,0.28749
372,0,0,0.0,0.8714877,0.10656524,0.021947224,1.191494
372,0,0,0.0,0.8843865,0.0932182,0.02239536,0.444678
372,0,0,0.0,0.84453434,0.12204899,0.033416696,0.715016
372,0,0,0.0,0.8652429,0.107153066,0.027604163,0.903507
372,0,0,0.0,0.9094339,0.07340217,0.017163897,0.005236
372,0,0,0.0,0.88681984,0.083460286,0.029719898,0.129291
372,0,0,0.0,0.8969475,0.07594735,0.027105184,0.464064
109,0,0,0.0,0.62204736,0.30119708,0.07675562,0.211715
109,0,0,0.0,0.45990252,0.38129196,0.1588056,0.021443
109,0,0,0.0,0.7789689,0.17816044,0.042870853,0.984812
109,0,0,0.0,0.81798655,0.13947363,0.042539798,0.536306
109,0,0,0.0,0.79911435,0.15291834,0.047967326,0.010372
109,0,0,0.0,0.48863265,0.4288735,0.082493946,0.289624
109,0,0,0.0,0.81161934,0.15494542,0.033435266,1.252993
109,0,0,0.0,0.87714064,0.10067859,0.022180706,1.386832
109,0,0,0.0,0.8620164,0.111853145,0.026130611,0.860898
109,0,0,0.0,0.8268924,0.1303011,0.042806663,0.334964
109,0,0,0.0,0.52583724,0.37492347,0.09923942,0.557805
109,0,0,0.0,0.81256914,0.1471641,0.040266912,1.521174
109,0,0,0.0,0.8924865,0.08943116,0.0180825,2.237357
109,0,0,0.0,0.91022336,0.07549094,0.014285697,1.711423
109,0,0,0.0,0.87776035,0.09612033,0.02611948,1.185489
109,0,0,2.9802322387695312e-08,0.85859454,0.10293223,0.03847318,0.659555
109,0,0,0.0,0.8284087,0.081903294,0.08968824,0.133621
109,0,0,0.0,0.7162766,0.23931196,0.04441149,0.825986
109,0,0,0.0,0.80974907,0.15241888,0.037832186,1.789355
109,0,0,0.0,0.8637266,0.11365788,0.02261555,2.752723
109,0,0,0.0,0.8701787,0.109425694,0.020395728,2.561949
109,0,0,0.0,0.8971282,0.082443096,0.02042874,2.036015
109,0,0,5.960464477539063e-08,0.9156843,0.058100663,0.026214965,1.510081
109,0,0,0.0,0.92402405,0.035271622,0.040704302,0.617138
109,0,0,0.0,0.6173497,0.3537715,0.028878795,0.130799
109,0,0,0.0,0.8521065,0.119654596,0.028239004,1.094167
109,0,0,0.0,0.8593837,0.113561824,0.027054533,2.057536
109,0,0,1.4901161193847656e-07,0.8784568,0.10357607,0.017967207,3.020905
109,0,0,0.0,0.8741803,0.10507215,0.020747663,2.733911
109,0,0,0.0,0.93694687,0.053277027,0.009776249,1.925573
109,0,0,0.0,0.9449491,0.041901544,0.013149629,1.117236
109,0,0,0.0,0.9051142,0.054642342,0.04024363,0.308898
109,0,0,0.0,0.80539936,0.1787609,0.015839787,0.39898
109,0,0,0.0,0.8484669,0.11249327,0.039040055,1.362349
109,0,0,0.0,0.8928048,0.077400275,0.02979505,2.325717
109,0,0,0.0,0.94848096,0.0397539,0.011765273,2.95353
109,0,0,0.0,0.92092764,0.065936334,0.013136085,2.145192
109,0,0,0.0,0.8802844,0.10101612,0.018699544,1.336855
109,0,0,0.0,0.89122814,0.082842134,0.025929924,0.528517
109,0,0,0.0,0.9261446,0.06403796,0.009817605,0.667161
109,0,0,0.0,0.9202229,0.0613627,0.01841445,1.63053
109,0,0,0.0,0.9022475,0.06780763,0.029945053,2.593898
109,0,0,0.0,0.9537916,0.032802176,0.013406213,2.364811
109,0,0,0.0,0.9384576,0.04977871,0.011763702,1.556474
109,0,0,0.0,0.94038767,0.048770327,0.010842243,0.748136
109,0,0,0.0,0.7786799,0.19630012,0.025020106,0.935342
109,0,0,0.0,0.8352028,0.1152927,0.04950459,1.462873
109,0,0,2.9802322387695312e-08,0.91062087,0.061198253,0.028180879,1.883195
109,0,0,0.0,0.9520362,0.032501336,0.015462475,1.776093
109,0,0,0.0,0.9342003,0.050126594,0.015673205,0.967755
109,0,0,0.0,0.94521105,0.04033475,0.014454222,0.159417
109,0,0,0.0,0.62496144,0.28846496,0.08657378,0.135176
109,0,0,0.0,0.5858747,0.25819457,0.15593082,0.555498
109,0,0,0.0,0.717138,0.1721121,0.11074999,0.975821
109,0,0,0.0,0.8958879,0.057386447,0.046725772,1.187374
109,0,0,0.0,0.89789313,0.0713807,0.03072648,0.379036
109,0,0,0.0,0.6052881,0.29002216,0.104689844,0.068446
109,0,0,0.0,0.69172764,0.2044372,0.10383522,0.598655
341,0,2,0.0,0.26854026,0.34668404,0.38477576,0.09405
341,0,2,0.0,0.18395458,0.34216908,0.4738763,0.004297
341,0,2,0.0,0.3490237,0.2655834,0.38539293,0.344122
341,0,2,0.0,0.2690499,0.16050489,0.5704452,0.742353
341,0,2,5.960464477539063e-08,0.191178,0.13750945,0.6713125,1.085613
341,0,0,0.0,0.42481756,0.1796369,0.39554575,0.724786
341,0,2,0.0,0.11021634,0.26989695,0.61988676,0.03132
341,0,2,0.0,0.34789115,0.16368373,0.48842508,0.066713
341,0,0,0.0,0.4504249,0.1429415,0.40663368,0.464944
341,0,0,0.0,0.50586617,0.14736877,0.34676504,0.863175
341,0,2,0.0,0.16530594,0.16282131,0.6718728,1.261407
341,0,2,0.0,0.19335133,0.13343197,0.6732168,1.659638
341,0,2,1.7881393432617188e-07,0.32436723,0.15912254,0.5165103,2.057869
341,0,2,0.0,0.4062292,0.09934838,0.4944225,1.445276
341,0,2,0.0,0.13716307,0.22937219,0.6334648,0.623014
341,0,2,0.0,0.36946544,0.1382411,0.49229366,0.187535
341,0,0,0.0,0.49864063,0.13404737,0.36731207,0.585767
341,0,0,0.0,0.58764434,0.13556942,0.2767862,0.983998
341,0,0,5.960464477539063e-08,0.7388263,0.07408398,0.18708968,1.382229
341,0,0,0.0,0.73057765,0.07527444,0.19414796,1.78046
341,0,0,5.960464477539063e-08,0.6666339,0.10086656,0.23249958,2.178692
341,0,0,0.0,0.6436358,0.0950635,0.26130077,2.576923
341,0,0,5.960464477539063e-08,0.45238575,0.1225463,0.42506796,2.85741
341,0,2,0.0,0.17893304,0.13466886,0.686398,1.980942
341,0,2,5.960464477539063e-08,0.14690872,0.1531557,0.69993556,1.104474
341,0,2,0.0,0.10862413,0.23515563,0.65622026,0.228006
341,0,0,0.0,0.60681194,0.19522178,0.19796625,0.308358
341,0,0,0.0,0.60738057,0.22939506,0.16322438,0.706589
341,0,0,0.0,0.43602058,0.22670294,0.33727664,1.10482
341,0,0,0.0,0.63731694,0.17639805,0.18628512,1.503052
341,0,0,0.0,0.7380443,0.1396714,0.12228436,1.901283
341,0,0,0.0,0.83724403,0.087492906,0.07526311,2.299514
341,0,0,0.0,0.795095,0.0919036,0.11300148,2.697745
341,0,0,0.0,0.81308186,0.077088155,0.10983026,3.095977
341,0,2,5.960464477539063e-08,0.44400647,0.08509559,0.47089812,3.494208
341,0,2,0.0,0.15526119,0.08566016,0.7590787,3.33887
341,0,2,0.0,0.16462666,0.18349007,0.65188336,2.462402
341,0,2,0.0,0.10958602,0.1468266,0.74358755,1.585934
341,0,2,0.0,0.17018451,0.20761944,0.62219614,0.709466
341,0,0,0.0,0.7989255,0.08595115,0.11512338,0.030949
341,0,0,0.0,0.60311437,0.20188324,0.19500259,0.42918
341,0,0,0.0,0.6190392,0.15180793,0.22915298,0.827411
341,0,0,0.0,0.5317466,0.21917167,0.24908172,1.225643
341,0,0,5.960464477539063e-08,0.6200676,0.24044645,0.13948618,1.623874
341,0,0,0.0,0.5042945,0.29412368,0.20158185,2.022105
341,0,0,0.0,0.6032698,0.22635776,0.17037256,2.420337
341,0,0,0.0,0.5129469,0.29421225,0.19284087,2.818568
341,0,0,1.1920928955078125e-07,0.62792647,0.16219981,0.20987372,3.216799
341,0,0,0.0,0.5614791,0.21057715,0.22794391,3.61503
341,0,0,0.0,0.55165595,0.11460186,0.33374217,4.013262
341,0,2,0.0,0.2637727,0.12429662,0.6119308,4.411493
341,0,2,0.0,0.31361568,0.12965132,0.556733,3.82033
341,0,0,0.0,0.44771525,0.17520969,0.3770752,2.943862
341,0,2,0.0,0.33327937,0.18613556,0.48058516,2.067394
341,0,2,0.0,0.23492485,0.23916084,0.52591443,1.190926
341,0,2,0.0,0.1881619,0.23503956,0.5767987,0.314458
341,0,1,0.0,0.37502667,0.5913254,0.033647954,0.151771
341,0,0,5.960464477539063e-08,0.6533313,0.2256346,0.12103426,0.550003
341,0,0,0.0,0.7280408,0.10712007,0.16483916,0.948234
341,0,0,0.0,0.47725105,0.21467294,0.30807608,1.346465
341,0,0,0.0,0.5139144,0.1936518,0.2924339,1.744697
341,0,0,0.0,0.5025208,0.16903788,0.32844144,2.142928
341,0,0,0.0,0.5692958,0.1636112,0.26709306,2.541159
341,0,0,0.0,0.46200997,0.23363642,0.30435374,2.93939
341,0,0,1.1920928955078125e-07,0.41897368,0.27066895,0.31035742,3.337622
341,0,0,0.0,0.5613682,0.1797311,0.2589008,3.735853
341,0,0,0.0,0.71294606,0.11523785,0.17181616,4.134084
341,0,0,0.0,0.6648352,0.12301022,0.21215473,4.532315
341,0,0,0.0,0.6446027,0.08720942,0.2681879,4.930547
341,0,2,0.0,0.39304715,0.10392339,0.5030296,5.178258
341,0,2,0.0,0.43782854,0.10967243,0.45249915,4.30179
341,0,0,0.0,0.6375061,0.081564836,0.2809291,3.425322
341,0,2,0.0,0.3413958,0.11752059,0.54108375,2.548854
341,0,0,0.0,0.43028936,0.19612513,0.37358546,1.672386
341,0,2,0.0,0.35499543,0.19672705,0.4482776,0.795918
341,0,1,0.0,0.29102919,0.618094,0.09087684,0.14141
341,0,1,0.0,0.18193793,0.6749664,0.14309588,0.822435
341,0,0,0.0,0.55880886,0.24051957,0.20067151,1.503459
341,0,0,0.0,0.819461,0.07471241,0.10582665,2.184484
341,0,0,0.0,0.8236438,0.076315016,0.10004128,2.661982
341,0,2,0.0,0.37170005,0.12540531,0.5028947,3.060213
341,0,2,0.0,0.36622894,0.12725551,0.50651556,3.458444
341,0,0,0.0,0.57943624,0.10761668,0.31294718,3.856675
341,0,0,0.0,0.41175127,0.17729314,0.41095573,4.254907
341,0,0,0.0,0.43474033,0.23898628,0.32627347,4.653138
341,0,0,0.0,0.5291525,0.20299412,0.2678535,5.051369
341,0,0,0.0,0.43146,0.15774252,0.41079763,5.449601
341,0,0,0.0,0.44945642,0.102709465,0.4478341,5.466126
341,0,2,0.0,0.36856344,0.06670798,0.5647287,5.06955
341,0,0,0.0,0.7019884,0.040146932,0.2578647,4.672974
341,0,0,0.0,0.71570647,0.060499236,0.22379436,3.906782
341,0,2,0.0,0.42244273,0.090989664,0.4865676,3.030314
341,0,2,5.960464477539063e-08,0.44461185,0.0833918,0.4719964,2.153846
341,0,2,0.0,0.31777185,0.09707077,0.58515745,1.259456
341,0,2,0.0,0.1733332,0.11462082,0.71204615,0.337635
341,0,1,0.0,0.15090454,0.7088209,0.1402746,0.090174
341,0,0,1.7881393432617188e-07,0.685433,0.19253232,0.12203462,0.771199
341,0,0,0.0,0.6567842,0.15893903,0.18427677,1.452224
341,0,0,0.0,0.6283553,0.14707193,0.22457281,2.133248
341,0,2,0.0,0.3149469,0.14875452,0.5362987,2.814273
341,0,0,0.0,0.39657497,0.24546725,0.35795796,3.495298
341,0,2,0.0,0.40980038,0.16878483,0.42141485,4.176322
341,0,2,0.0,0.38831672,0.11556154,0.4961219,4.857347
341,0,2,0.0,0.3870559,0.14772153,0.4652228,5.538372
341,0,2,0.0,0.3939254,0.123455316,0.4826194,5.341276
341,0,0,0.0,0.46183795,0.10583324,0.4323289,4.9447
341,0,2,0.0,0.35979387,0.077324584,0.5628817,4.548124
341,0,2,0.0,0.24327119,0.08006438,0.6766645,4.151548
341,0,2,0.0,0.4314418,0.07929793,0.4892603,3.754972
341,0,0,0.0,0.6367664,0.059834503,0.30339924,3.358396
341,0,0,0.0,0.46240312,0.083160676,0.4544363,2.96182
341,0,2,0.0,0.37445694,0.077299625,0.5482435,2.565244
341,0,2,0.0,0.28057632,0.073219426,0.64620435,1.647071
341,0,2,1.1920928955078125e-07,0.18509892,0.064306356,0.75059474,0.72525
341,0,1,5.960464477539063e-08,0.3421166,0.5066283,0.15125513,0.038938
341,0,2,0.0,0.32348633,0.31732672,0.35918707,0.719963
341,0,0,0.0,0.36824068,0.31441584,0.31734344,1.400988
341,0,0,0.0,0.47474527,0.13865419,0.38660076,2.082013
341,0,2,0.0,0.43514737,0.10708026,0.45777237,2.763037
341,0,0,0.0,0.5555184,0.11679825,0.3276835,3.444062
341,0,0,0.0,0.43262482,0.14799394,0.41938135,4.125087
341,0,2,0.0,0.44653732,0.09233114,0.4611316,4.806111
341,0,2,0.0,0.30089787,0.06526719,0.63383496,4.423274
341,0,0,5.960464477539063e-08,0.46565798,0.087723985,0.4466181,4.026698
341,0,0,0.0,0.5930844,0.064496115,0.34241962,3.630122
341,0,2,0.0,0.4632392,0.060910158,0.4758507,3.233546
341,0,2,0.0,0.4087115,0.08312859,0.50815994,2.83697
341,0,0,0.0,0.624865,0.07302227,0.3021128,2.440394
341,0,2,0.0,0.4183917,0.0828784,0.49873,2.043818
341,0,2,0.0,0.2491508,0.09037942,0.66046983,1.647242
341,0,2,5.960464477539063e-08,0.23743212,0.10844136,0.6541267,1.250666
341,0,2,0.0,0.25229055,0.09211775,0.6555918,0.85409
341,0,1,0.0,0.30961776,0.34718072,0.34320164,0.191044
341,0,1,0.0,0.25853324,0.42070988,0.32075685,0.668727
341,0,2,0.0,0.40075755,0.16325288,0.43598968,1.349752
341,0,0,0.0,0.5971721,0.0796293,0.3231987,2.030777
341,0,0,0.0,0.48969102,0.07298257,0.43732628,2.711801
341,0,2,0.0,0.42660454,0.06564317,0.50775236,3.392826
341,0,2,0.0,0.3874782,0.045061838,0.56746,3.901849
341,0,2,5.960464477539063e-08,0.38123044,0.053048678,0.565721,3.505273
341,0,0,0.0,0.46523842,0.087632425,0.44712925,3.108697
341,0,0,0.0,0.5470148,0.05800007,0.39498523,2.71212
341,0,2,0.0,0.45076713,0.055369806,0.49386308,2.315544
341,0,2,0.0,0.3084434,0.08680288,0.6047538,1.918968
341,0,2,5.960464477539063e-08,0.26101863,0.087871395,0.65111,1.522392
341,0,2,0.0,0.19645827,0.097562164,0.70597976,1.125816
341,0,2,0.0,0.22510625,0.11825854,0.6566353,0.72924
341,0,2,0.0,0.23678641,0.14851089,0.61470276,0.332664
341,0,1,0.0,0.23071514,0.40974295,0.35954198,0.617492
341,0,0,0.0,0.48540664,0.13810617,0.37648728,1.298516
341,0,2,0.0,0.29003495,0.072226465,0.6377387,1.979541
341,0,0,0.0,0.74484885,0.033473875,0.22167732,2.660566
341,0,0,0.0,0.6731416,0.044738933,0.28211963,2.983847
341,0,0,0.0,0.8058893,0.031927638,0.16218309,2.587271
341,0,0,0.0,0.67305374,0.046221532,0.28072485,2.190695
341,0,2,0.0,0.34875652,0.069662176,0.58158135,1.794119
341,0,2,0.0,0.31909886,0.06462895,0.6162722,1.397543
341,0,2,0.0,0.23118035,0.073819205,0.6950004,1.000966
341,0,2,5.960464477539063e-08,0.2081087,0.1297165,0.66217476,0.60439
341,0,0,0.0,0.48689315,0.1775595,0.33554748,0.207814
341,0,2,0.0,0.26013386,0.316359,0.42350706,0.566256
341,0,2,0.0,0.27728575,0.08126148,0.64145285,1.24728
341,0,2,0.0,0.41348034,0.063111916,0.52340776,1.928305
341,0,0,0.0,0.72503865,0.049013413,0.22594815,2.065845
341,0,0,0.0,0.72421837,0.051687665,0.22409414,1.669269
341,0,0,0.0,0.61749184,0.061392944,0.32111526,1.272693
341,0,2,0.0,0.28057316,0.042024232,0.6774027,0.876117
341,0,2,0.0,0.15671568,0.06820644,0.77507794,0.479541
341,0,2,0.0,0.36017722,0.14042419,0.4993987,0.082965
341,0,2,0.0,0.21449715,0.1975748,0.5879282,0.51502
341,0,2,0.0,0.15147649,0.077899836,0.7706237,1.196045
341,0,2,0.0,0.4155808,0.08700986,0.49740937,1.147843
341,0,2,0.0,0.24086864,0.102591336,0.6565402,0.751267
341,0,2,0.0,0.29814544,0.13531916,0.5665355,0.354691
341,0,1,0.0,0.33520147,0.4842136,0.18058501,0.333236
341,0,0,0.0,0.40549517,0.37301946,0.22148561,0.194294
34,0,0,0.0,0.7714271,0.15628748,0.07228564,0.567335
34,0,0,0.0,0.7703277,0.15621884,0.07345361,0.819834
34,0,0,0.0,0.7560149,0.17596295,0.06802219,0.662596
34,0,0,5.960464477539063e-08,0.65693146,0.23963001,0.10343857,0.505358
34,0,0,0.0,0.61502194,0.26407802,0.12090006,0.34812
34,0,0,0.0,0.49214455,0.39074296,0.11711259,0.190882
34,0,1,0.0,0.14658555,0.67427355,0.17914106,0.033644
34,0,0,0.0,0.77156186,0.18828832,0.040149912,0.742131
34,0,0,0.0,0.77904797,0.1827443,0.038207952,1.726736
34,0,0,0.0,0.7983246,0.16608542,0.03559014,1.650157
34,0,0,0.0,0.75986814,0.19646458,0.043667488,1.492919
34,0,0,0.0,0.8739371,0.109522074,0.016540939,1.335681
34,0,0,0.0,0.757818,0.21516913,0.027012909,1.012661
34,0,0,0.0,0.6296677,0.3568971,0.013435331,0.028487
34,0,0,0.0,0.73239154,0.22503239,0.0425761,0.916927
34,0,0,0.0,0.7398119,0.2195269,0.040661324,1.901532
34,0,0,0.0,0.6992362,0.24858981,0.052174084,2.637718
34,0,0,0.0,0.8371578,0.14585412,0.016988289,2.48048
34,0,0,0.0,0.8104729,0.16793357,0.021593677,1.819635
34,0,0,0.0,0.7239162,0.2531347,0.022949222,0.83546
34,0,0,0.0,0.73752034,0.22066312,0.04181655,0.107118
34,0,0,0.0,0.70739555,0.25015432,0.0424502,1.091723
34,0,0,0.0,0.7126111,0.24664022,0.04074894,2.076327
34,0,0,0.0,0.6645844,0.281752,0.053663682,3.060932
34,0,0,0.0,0.7812248,0.18322195,0.035553228,2.626608
34,0,0,0.0,0.73427874,0.21921897,0.046502423,1.642433
34,0,0,0.0,0.80113137,0.18516685,0.013701875,0.658259
34,0,0,0.0,0.70508873,0.24202491,0.052886527,0.281914
34,0,0,0.0,0.75867045,0.20243995,0.03888975,1.266518
34,0,0,0.0,0.7616954,0.20276846,0.035536297,2.251123
34,0,0,0.0,0.7223725,0.23216398,0.045463603,3.235728
34,0,0,5.960464477539063e-08,0.82185096,0.14928436,0.028864628,2.449407
34,0,0,0.0,0.843647,0.13109651,0.025256613,1.465232
34,0,0,0.0,0.5748195,0.39669663,0.02848387,0.481058
34,0,0,0.0,0.70468473,0.24266498,0.052650258,0.45671
34,0,0,0.0,0.7365527,0.21834974,0.045097608,1.441314
34,0,0,0.0,0.73333275,0.22321594,0.043451358,2.425919
34,0,0,0.0,0.7638774,0.19486827,0.04125441,3.25638
34,0,0,0.0,0.8050829,0.16225596,0.032661185,2.272206
34,0,0,0.0,0.80975384,0.15935144,0.030894896,1.288031
34,0,1,0.0,0.41952416,0.543741,0.036734864,0.303856
34,0,0,0.0,0.77756125,0.1842426,0.038196396,0.631505
34,0,0,0.0,0.7698721,0.1922554,0.037872545,1.61611
34,0,0,0.0,0.77474415,0.1898867,0.035369128,2.600715
34,0,0,0.0,0.8077464,0.16075626,0.03149729,3.079179
34,0,0,0.0,0.7962122,0.16948345,0.034304533,2.095004
34,0,0,0.0,0.80066866,0.17185691,0.02747458,1.11083
34,0,2,0.0,0.14405172,0.32844356,0.5275049,0.126655
34,0,0,5.960464477539063e-08,0.7830111,0.17925026,0.037738666,0.806301
34,0,0,5.960464477539063e-08,0.7694121,0.19061229,0.03997573,1.790906
34,0,0,0.0,0.74608713,0.2108305,0.043082412,2.775511
34,0,0,0.0,0.7653519,0.19532149,0.03932665,2.901978
34,0,0,0.0,0.84258807,0.13094667,0.026465397,1.917803
34,0,0,0.0,0.7231903,0.24706224,0.029747572,0.933628
34,0,0,0.0,0.79629844,0.17013246,0.033569206,0.981097
34,0,0,0.0,0.80029154,0.16383936,0.03586919,1.965702
34,0,0,0.0,0.76805305,0.18976144,0.04218567,2.950306
34,0,0,0.0,0.8231194,0.14631464,0.030566048,2.724776
34,0,0,0.0,0.86837995,0.109129034,0.022491017,1.740602
34,0,0,0.0,0.4736488,0.45436347,0.07198774,0.756427
34,0,0,0.0,0.8023024,0.17023292,0.027464906,0.171288
34,0,0,0.0,0.7547781,0.20739679,0.037825152,1.155893
34,0,0,1.1920928955078125e-07,0.77820075,0.1888641,0.0329351,2.140498
34,0,0,0.0,0.7692733,0.19325614,0.037470635,3.125102
34,0,0,0.0,0.792246,0.16924955,0.038504533,2.547575
34,0,0,0.0,0.82226604,0.14396252,0.03377155,1.563401
34,0,0,0.0,0.59305376,0.3640773,0.042868964,0.579226
34,0,0,0.0,0.7649681,0.19476669,0.040265433,0.346084
34,0,0,0.0,0.7720408,0.18970665,0.038252752,1.330689
34,0,0,0.0,0.78284454,0.18317471,0.033980813,2.315293
34,0,0,0.0,0.79342175,0.17402731,0.03255112,3.299898
34,0,0,0.0,0.8167581,0.15144598,0.031796068,2.370374
34,0,0,0.0,0.76009667,0.1983432,0.041560072,1.386199
34,0,0,0.0,0.74079174,0.22171785,0.037490442,0.402025
34,0,0,0.0,0.7658278,0.18726623,0.046906065,0.52088
34,0,0,0.0,0.75240386,0.19991283,0.047683258,1.505484
34,0,0,0.0,0.72666514,0.22247058,0.050864346,2.490089
34,0,0,0.0,0.7518922,0.19967248,0.048435394,3.067361
34,0,0,0.0,0.8277589,0.135569,0.036672175,2.193173
34,0,0,0.0,0.75764084,0.19387974,0.04847955,1.208998
34,0,0,0.0,0.5307306,0.3016837,0.16758576,0.224823
34,0,0,0.0,0.7423741,0.19516401,0.062461928,0.695676
34,0,0,0.0,0.7606014,0.17906715,0.06033162,1.68028
34,0,0,0.0,0.790826,0.15673651,0.05243753,1.948352
34,0,0,0.0,0.80205464,0.15235993,0.045585383,2.075473
34,0,0,0.0,0.8913689,0.08085101,0.027780142,2.015971
34,0,0,0.0,0.5733402,0.30482602,0.121833675,1.031797
34,0,1,0.0,0.012895034,0.9828578,0.004247212,0.047622
34,0,0,0.0,0.6204887,0.26223484,0.11727672,0.702222
34,0,0,0.0,0.5933179,0.2849035,0.12177861,0.829344
34,0,0,0.0,0.59567636,0.2779965,0.12632723,0.956465
34,0,0,0.0,0.6217662,0.2506329,0.127601,1.083586
34,0,0,0.0,0.6006494,0.19697237,0.20237827,1.210708
34,0,2,0.0,0.1334008,0.24668892,0.61991036,0.854596
34,0,0,0.0,0.6483741,0.19485882,0.15676722,0.091699
34,0,2,0.0,0.16877289,0.14099455,0.6902327,0.21882
34,0,2,5.960464477539063e-08,0.027847629,0.15870948,0.8134428,0.345942
21,0,2,0.0,0.019898344,0.03842687,0.9416749,0.201363
21,0,2,0.0,0.03412777,0.027664535,0.93820775,0.255066
21,0,2,0.0,0.116580024,0.06296389,0.8204562,0.13394
21,0,0,0.0,0.5087579,0.19754875,0.29369342,0.487647
21,0,0,0.0,0.43985274,0.21071772,0.3494296,1.110033
21,0,0,0.0,0.47787693,0.22102939,0.3010937,0.110312
21,0,0,0.0,0.4292693,0.25442836,0.31630236,0.255517
21,0,0,0.0,0.8248941,0.13237381,0.042732164,0.265785
21,0,0,0.0,0.8383388,0.12560208,0.03605928,0.086685
417,0,0,0.0,0.80085987,0.19580597,0.0033342233,0.458869
417,0,0,0.0,0.5775229,0.4173696,0.0051076557,0.51697
417,0,1,0.0,0.3190336,0.6760951,0.004871236,0.575071
417,0,1,0.0,0.3593787,0.6375205,0.0031008464,0.633172
417,0,1,5.960464477539063e-08,0.18394709,0.8132443,0.002808714,0.691272
417,0,0,0.0,0.8347492,0.16365619,0.0015947176,0.749373
417,0,0,0.0,0.9626226,0.035593756,0.0017837827,0.270067
417,0,0,0.0,0.60070986,0.3943036,0.0049867257,0.713207
417,0,1,0.0,0.3815459,0.61202025,0.0064338865,1.515281
417,0,1,0.0,0.48671657,0.5095368,0.003746534,1.573382
417,0,0,0.0,0.50490886,0.49190837,0.0031828156,1.631482
417,0,0,0.0,0.8661934,0.131185,0.002621677,1.689583
417,0,1,0.0,0.49391156,0.5035812,0.002507288,1.363466
417,0,0,0.0,0.96348673,0.035553884,0.0009594846,0.368303
417,0,1,0.0,0.42575496,0.56724083,0.0070042247,0.61481
417,0,1,0.0,0.2805204,0.71352446,0.0059551243,1.609958
417,0,0,0.0,0.8184992,0.1789017,0.0025991818,2.571692
417,0,0,0.0,0.8568974,0.14122148,0.0018811594,2.629793
417,0,0,0.0,0.8930722,0.104773544,0.0021543691,2.456865
417,0,0,0.0,0.6305414,0.36666477,0.002793956,1.461702
417,0,0,0.0,0.8583528,0.13957961,0.0020676865,0.466539
417,0,0,2.9802322387695312e-08,0.9197838,0.07827349,0.0019428738,0.516414
417,0,0,0.0,0.53537524,0.46179104,0.0028338477,1.511561
417,0,1,0.0,0.39394245,0.6030758,0.0029817307,2.506709
417,0,0,0.0,0.80067396,0.19471636,0.004609617,2.518158
417,0,0,0.0,0.6484799,0.34767476,0.0038454414,2.440032
417,0,1,0.0,0.30629978,0.6897346,0.003965729,1.559938
417,0,0,0.0,0.5554868,0.44118547,0.0033277683,0.564775
417,0,0,0.0,0.6909543,0.30464464,0.0044011394,0.418018
417,0,1,0.0,0.4893013,0.50595725,0.004741606,1.413165
417,0,1,0.0,0.39083382,0.6060681,0.003098207,1.59934
417,0,1,2.9802322387695312e-08,0.15890063,0.83602196,0.0050773653,1.521214
417,0,0,0.0,0.5910907,0.40379426,0.0051152557,1.443089
417,0,1,0.0,0.41978505,0.57474995,0.0054652346,1.364963
417,0,0,0.0,0.8917257,0.10596128,0.0023129832,0.663011
417,0,1,0.0,0.29801762,0.57234854,0.12963395,0.319622
417,0,1,0.0,0.33548427,0.5845084,0.08000742,0.680522
417,0,0,0.0,0.9027691,0.09174652,0.005484574,0.602396
417,0,0,0.0,0.82415783,0.15020046,0.025641767,0.524271
417,0,0,4.470348358154297e-08,0.9498449,0.046281144,0.0038740146,0.446145
417,0,0,6.705522537231445e-08,0.98442125,0.013350783,0.002227843,0.36802
417,0,0,0.0,0.93610996,0.054865584,0.009024507,0.289894
383,0,0,0.0,0.9290716,0.062765084,0.008163319,0.468004
383,0,0,0.0,0.9029626,0.08148021,0.015557332,0.035836
383,0,0,0.0,0.9414387,0.05215905,0.006402478,0.096221
383,0,0,0.0,0.9331684,0.05921389,0.00761802,0.967562
383,0,0,0.0,0.9058382,0.07987771,0.014284116,0.864987
383,0,0,0.0,0.94742584,0.045917083,0.0066571645,0.586898
383,0,0,0.0,0.94594,0.046839073,0.00722111,1.261169
383,0,0,0.0,0.9415641,0.050480768,0.007955214,0.384285
383,0,0,0.0,0.8931575,0.095742755,0.011099937,0.206234
383,0,0,2.9802322387695312e-08,0.91073626,0.078719385,0.010544372,1.077575
383,0,0,1.4901161193847656e-08,0.9416543,0.05163592,0.0067097615,0.780467
383,0,0,0.0,0.90288633,0.08351255,0.013601348,0.696911
383,0,0,0.0,0.9158172,0.072818704,0.011364378,1.176649
383,0,0,0.0,0.9401752,0.05235232,0.007472584,0.299765
383,0,0,0.0,0.85142577,0.1220153,0.026558945,0.316247
383,0,0,0.0,0.8892798,0.09016198,0.020558389,1.173144
383,0,0,0.0,0.90885013,0.07704867,0.014101318,0.695947
383,0,0,0.0,0.84628713,0.114756286,0.03895667,0.252562
383,0,0,0.0,0.8229151,0.14300956,0.034075513,0.215245
419,0,0,6.705522537231445e-08,0.9798557,0.017014539,0.0031297302,0.570011
419,0,0,2.9802322387695312e-08,0.9055057,0.07415794,0.020336319,0.625621
419,0,0,0.0,0.90323794,0.07552914,0.021232946,0.681231
419,0,0,0.0,0.85115594,0.11400176,0.034842364,0.736841
419,0,0,0.0,0.8382167,0.12083841,0.040945094,0.792451
419,0,0,0.0,0.9420886,0.051855724,0.0060558156,0.848061
419,0,0,8.940696716308594e-08,0.8609301,0.1144119,0.024658006,0.903671
419,0,0,0.0,0.8495383,0.11978333,0.030678613,0.137288
419,0,0,0.0,0.9838129,0.013576659,0.0026103728,0.614101
419,0,0,0.0,0.9870596,0.010977578,0.0019629472,1.608526
419,0,0,1.4901161193847656e-08,0.9825376,0.0148315225,0.0026308666,1.679684
419,0,0,0.0,0.9764291,0.019465517,0.0041055083,1.735294
419,0,0,0.0,0.8933831,0.080652416,0.0259646,1.790904
419,0,0,0.0,0.9439174,0.050437048,0.005645607,1.846514
419,0,0,2.9802322387695312e-08,0.91063994,0.08004765,0.00931237,1.230247
419,0,0,0.0,0.9104604,0.07805718,0.011482608,0.235035
419,0,0,0.0,0.98392975,0.0135282185,0.0025422247,0.508651
419,0,0,0.0,0.9869233,0.010816894,0.0022598393,1.503076
419,0,0,0.0,0.98163986,0.015746286,0.0026138716,2.497501
419,0,0,0.0,0.97960144,0.017570224,0.002828306,2.733746
419,0,0,0.0,0.9427875,0.048579056,0.00863352,2.789356
419,0,0,0.0,0.9648859,0.031560283,0.003553882,2.323205
419,0,0,0.0,0.88745594,0.1006114,0.011932834,1.327994
419,0,0,0.0,0.89070535,0.09789302,0.011401771,0.332783
419,0,0,7.450580596923828e-09,0.98719805,0.010415976,0.0023858987,0.403202
419,0,0,0.0,0.9832092,0.014210953,0.0025799242,1.397627
419,0,0,0.0,0.98191255,0.015677182,0.0024105078,2.392051
419,0,0,0.0,0.9809377,0.016484357,0.0025779519,3.386476
419,0,0,0.0,0.9651332,0.030570464,0.0042965407,3.416164
419,0,0,1.4901161193847656e-08,0.9699406,0.026433147,0.0036262544,2.420953
419,0,0,0.0,0.9375521,0.05642089,0.0060271085,1.425741
419,0,0,0.0,0.9396697,0.05380911,0.006521244,0.43053
419,0,0,0.0,0.9826709,0.014782742,0.002546521,0.297752
419,0,0,6.705522537231445e-08,0.98584485,0.011678531,0.0024766386,1.292177
419,0,0,0.0,0.9836783,0.013686562,0.0026353186,2.286602
419,0,0,0.0,0.98276556,0.014757761,0.0024766114,3.281026
419,0,0,0.0,0.96649134,0.029642643,0.003866006,3.513911
419,0,0,0.0,0.96029574,0.034590226,0.0051142382,2.5187
419,0,0,0.0,0.97194046,0.024805034,0.0032546434,1.523489
419,0,0,7.450580596923828e-08,0.9714615,0.024675291,0.0038632138,0.528277
419,0,0,0.0,0.9827709,0.014531747,0.0026974864,0.192303
419,0,0,0.0,0.9861636,0.011540523,0.0022959707,1.186728
419,0,0,0.0,0.98434174,0.013214383,0.0024438545,2.181152
419,0,0,0.0,0.9854708,0.012297453,0.0022319655,3.175577
419,0,0,0.0,0.96905416,0.026511397,0.0044345474,3.611659
419,0,0,5.960464477539063e-08,0.96872157,0.0274219,0.0038564538,2.616447
419,0,0,5.960464477539063e-08,0.97213763,0.024577761,0.00328461,1.621236
419,0,0,0.0,0.9768802,0.01967492,0.0034449282,0.626025
419,0,0,0.0,0.9666048,0.029104246,0.0042909454,0.086853
419,0,0,0.0,0.97906405,0.01780028,0.0031357936,1.081278
419,0,0,0.0,0.9805318,0.016554449,0.0029137966,2.075703
419,0,0,7.450580596923828e-09,0.9803058,0.016879216,0.002814966,3.070127
419,0,0,0.0,0.97866535,0.01841366,0.0029211782,3.125827
419,0,0,4.470348358154297e-08,0.973693,0.02278219,0.0035246487,2.714195
419,0,0,0.0,0.96773,0.028170923,0.004099145,1.718983
419,0,0,0.0,0.9745059,0.021239994,0.004254298,0.723772
419,0,0,0.0,0.97769946,0.019141015,0.0031596224,0.975828
419,0,0,0.0,0.98013204,0.017087502,0.0027806135,1.970253
419,0,0,0.0,0.9722682,0.023813007,0.0039188694,2.180079
419,0,0,0.0,0.9738236,0.022832287,0.0033442322,2.127225
419,0,0,0.0,0.97383255,0.022824498,0.003343011,2.074371
419,0,0,2.9802322387695312e-08,0.96245027,0.033120267,0.0044295173,1.816731
419,0,0,7.450580596923828e-08,0.9697138,0.026064822,0.004221318,0.821519
419,0,0,0.0,0.97291756,0.023029372,0.0040531238,0.870379
419,0,0,0.0,0.9659525,0.029423801,0.004623604,1.23433
419,0,0,0.0,0.94309014,0.05021094,0.0066990037,1.181476
419,0,0,0.0,0.945852,0.048480406,0.005667628,1.128622
419,0,0,0.0,0.9456965,0.048112784,0.006190735,1.075768
419,0,0,0.0,0.92780876,0.06358016,0.008611191,1.022914
419,0,0,0.0,0.9168011,0.072205685,0.010993278,0.919267
419,0,0,1.4901161193847656e-08,0.95735687,0.036888763,0.0057543633,0.288582
419,0,0,0.0,0.94916546,0.04463114,0.0062034945,0.235728
419,0,0,0.0,0.93718064,0.055964004,0.006855411,0.182874
419,0,0,0.0,0.92654294,0.06573065,0.007726494,0.13002
419,0,0,5.960464477539063e-08,0.9237797,0.06852645,0.007693821,0.077166
419,0,0,0.0,0.9124528,0.07911417,0.008433011,0.024312
96,0,0,0.0,0.75523436,0.18986107,0.05490462,0.272298
96,0,0,0.0,0.7629525,0.16139163,0.07565588,0.093859
96,0,0,5.960464477539063e-08,0.7878119,0.14127882,0.07090933,0.137643
96,0,0,0.0,0.74796206,0.19348194,0.058556214,0.549311
96,0,0,0.0,0.80496705,0.1500431,0.04498994,1.0929
96,0,0,0.0,0.84510136,0.11190593,0.042992752,1.136684
96,0,0,0.0,0.83759844,0.11626805,0.046133496,0.880056
96,0,0,0.0,0.8425655,0.11582695,0.04160778,0.573629
96,0,0,0.0,0.570539,0.3957904,0.033670705,0.317125
96,0,0,0.0,0.7843524,0.17189713,0.04375047,0.826325
96,0,0,0.0,0.89141566,0.08191577,0.026668666,1.787191
96,0,0,0.0,0.8924267,0.082386725,0.025186641,2.135725
96,0,0,0.0,0.8391332,0.12083925,0.040027693,1.83195
96,0,0,0.0,0.7950501,0.15500359,0.04994654,0.932818
96,0,0,0.0,0.48583528,0.3028337,0.21133104,0.142472
96,0,0,0.0,0.4939902,0.41495594,0.091053896,0.826659
96,0,0,0.0,0.7073946,0.23371054,0.05889506,1.210138
96,0,0,0.0,0.68553305,0.25792795,0.056538954,1.593617
96,0,0,0.0,0.70702475,0.22167116,0.0713041,1.545864
96,0,0,5.960464477539063e-08,0.66038656,0.27006036,0.069553256,0.602126
96,0,1,0.0,0.40273792,0.4535769,0.14368531,0.286588
96,0,0,0.0,0.5023903,0.3988863,0.09872359,0.670067
96,0,0,0.0,0.6076741,0.31743988,0.07488609,1.053546
96,0,0,0.0,0.6434477,0.30011725,0.056435175,0.271433
96,0,1,0.0,0.060441658,0.5972602,0.3422982,0.129997
116,0,0,0.0,0.8824749,0.029246682,0.08827856,0.416074
116,0,0,0.0,0.8108212,0.038352665,0.15082622,0.50639
116,0,0,0.0,0.8539526,0.07648849,0.069558896,0.596707
116,0,0,0.0,0.8540565,0.11385288,0.03209081,0.687023
116,0,0,0.0,0.5716819,0.20152877,0.22678939,0.523919
116,0,0,0.0,0.8694219,0.09554225,0.035036057,1.502304
116,0,0,0.0,0.97300375,0.020521043,0.0064752493,1.59262
116,0,0,0.0,0.8840634,0.09490871,0.021027908,1.157177
116,0,0,0.0,0.914065,0.0695054,0.016429609,0.185867
116,0,0,0.0,0.7901235,0.16255443,0.047322188,0.556712
116,0,0,0.0,0.9366952,0.05236594,0.010938822,1.556174
116,0,0,0.0,0.93290913,0.054807995,0.012282925,2.366305
116,0,0,0.0,0.8991796,0.08281689,0.018003518,1.394996
116,0,0,0.0,0.919696,0.0649684,0.015335635,0.423686
116,0,0,0.0,0.8238834,0.14071381,0.03540288,0.589506
116,0,0,0.0,0.90398693,0.07895923,0.0170539,1.588968
116,0,0,0.0,0.9019004,0.08059414,0.017505454,2.58843
116,0,0,0.0,0.9071709,0.07839197,0.014437277,1.632815
116,0,0,0.0,0.90263337,0.08035482,0.01701196,0.661506
116,0,0,0.0,0.7911445,0.15375607,0.0550995,0.6223
116,0,0,0.0,0.9246273,0.060199026,0.015173819,1.621762
116,0,0,0.0,0.87853855,0.1022298,0.019231815,2.621224
116,0,0,0.0,0.8733828,0.10638383,0.020233518,1.870634
116,0,0,0.0,0.9063421,0.075994335,0.017663635,0.899325
116,0,0,0.0,0.7858735,0.16006784,0.05405869,0.655093
116,0,0,0.0,0.8921854,0.089478396,0.018336253,1.654555
116,0,0,5.960464477539063e-08,0.9043966,0.08009523,0.015508138,2.654017
116,0,0,0.0,0.9079537,0.076089665,0.015956823,2.108453
116,0,0,0.0,0.91679716,0.069227904,0.013975006,1.137144
116,0,0,0.0,0.9021759,0.07663667,0.02118747,0.165835
116,0,0,0.0,0.7857667,0.17120318,0.04303018,0.097237
116,0,0,0.0,0.8040406,0.14377543,0.052184038,0.994619
116,0,0,0.0,0.9243645,0.06139792,0.014237576,1.892002
116,0,0,2.9802322387695312e-08,0.9358026,0.051982712,0.012214723,2.811437
116,0,0,0.0,0.92959934,0.05831466,0.012086063,2.346273
116,0,0,5.960464477539063e-08,0.9517757,0.038712673,0.009511662,1.374963
116,0,0,0.0,0.8594908,0.1021862,0.038323097,0.403654
116,0,0,0.0,0.8002382,0.16192406,0.037837807,0.53849
116,0,0,0.0,0.9361753,0.051925495,0.01189931,1.435872
116,0,0,0.0,0.92591727,0.057447363,0.016635409,2.333255
116,0,0,0.0,0.9282128,0.055025116,0.016762074,3.230638
116,0,0,0.0,0.93979025,0.04818783,0.012022072,2.584092
116,0,0,0.0,0.9168147,0.064779915,0.01840543,1.612782
116,0,0,0.0,0.86233276,0.09339907,0.044268265,0.641473
116,0,0,0.0,0.7500164,0.18894355,0.061040066,0.095866
116,0,0,0.0,0.85677624,0.104910165,0.038313825,0.979743
116,0,0,0.0,0.93808454,0.049310368,0.012605207,1.877125
116,0,0,0.0,0.9150774,0.06678582,0.01813679,2.774508
116,0,0,0.0,0.93870777,0.04794597,0.013346372,2.88734
116,0,0,0.0,0.9371504,0.049455,0.01339468,2.76053
116,0,0,0.0,0.90831953,0.07456715,0.01711362,1.850602
116,0,0,0.0,0.90067637,0.07357038,0.025753342,0.879292
116,0,0,0.0,0.8695644,0.09991211,0.030523583,0.667935
116,0,0,0.0,0.94925743,0.036958158,0.01378438,1.48814
116,0,0,0.0,0.939291,0.046290766,0.014418433,2.149033
116,0,0,0.0,0.95674473,0.032582536,0.010672827,2.022223
116,0,0,0.0,0.89399546,0.0856945,0.020310104,1.895413
116,0,0,0.0,0.89624923,0.08415192,0.01959895,1.768603
116,0,0,0.0,0.84382915,0.12709367,0.029077273,1.641793
116,0,0,0.0,0.86463255,0.1014962,0.033871513,1.117111
116,0,0,0.0,0.75575286,0.15514715,0.08910006,0.145802
116,0,0,0.0,0.7050165,0.22832815,0.06665548,0.419799
116,0,0,0.0,0.82694775,0.09341751,0.07963479,1.240004
116,0,0,0.0,0.9409737,0.03976932,0.019257212,1.283916
116,0,0,0.0,0.7622876,0.12133823,0.11637427,1.157106
116,0,0,0.0,0.83800024,0.11466483,0.047335118,1.030296
116,0,0,0.0,0.7384138,0.2057641,0.055822164,0.903486
116,0,0,0.0,0.7912996,0.1654979,0.04320254,0.776676
116,0,0,5.960464477539063e-08,0.7981241,0.15037417,0.05150171,0.649866
116,0,0,0.0,0.6880852,0.22158162,0.090333275,0.523056
116,0,0,0.0,0.65492404,0.23143776,0.11363823,0.383621
116,0,0,0.0,0.67957723,0.30346057,0.016962178,0.171663
116,0,0,0.0,0.6439629,0.23101223,0.12502503,0.545609
116,0,0,1.1920928955078125e-07,0.78324616,0.13139673,0.08535709,0.418799
116,0,0,0.0,0.8171848,0.11732739,0.065487914,0.291989
116,0,0,0.0,0.7044626,0.17578843,0.119749114,0.165179
116,0,0,0.0,0.57768863,0.27291018,0.14940125,0.038369
402,0,0,0.0,0.93289584,0.054252364,0.012851806,0.170206
402,0,0,0.0,0.9514331,0.038438752,0.010128341,0.196441
402,0,0,0.0,0.8729936,0.10255963,0.024446873,0.222677
402,0,0,2.9802322387695312e-08,0.92295325,0.061628424,0.015418359,0.057045
402,0,0,0.0,0.9375387,0.05486573,0.0075956797,0.752059
402,0,0,0.0,0.9588052,0.03637186,0.0048230984,1.196097
402,0,0,0.0,0.9589587,0.035568863,0.0054725446,0.562704
402,0,0,0.0,0.92627156,0.065599896,0.008128585,0.325357
402,0,0,0.0,0.95644397,0.038578533,0.0049775103,1.21286
402,0,0,7.450580596923828e-08,0.9778082,0.019445283,0.0027464512,1.068363
402,0,0,0.0,0.9622554,0.032734506,0.0050101476,0.155172
402,0,0,0.0,0.90005964,0.08804816,0.01189227,0.786157
402,0,0,0.0,0.93268836,0.059823047,0.0074886926,1.205547
402,0,0,0.0,0.9524604,0.04215184,0.0053877775,0.660831
402,0,0,0.0,0.9417715,0.050899997,0.007328558,0.247194
402,0,0,0.0,0.947058,0.046096545,0.006845494,0.253299
69,0,0,0.0,0.88406175,0.06516386,0.0507746,0.405508
69,0,0,0.0,0.8507687,0.0888796,0.060351714,0.021336
69,0,0,0.0,0.90703726,0.07463062,0.018332066,0.310687
69,0,0,0.0,0.934679,0.05315326,0.012167851,0.942591
69,0,0,0.0,0.90019745,0.08240305,0.017399449,0.553631
69,0,0,5.960464477539063e-08,0.84219474,0.13042505,0.027380185,0.164671
69,0,0,0.0,0.93997306,0.052112598,0.007914367,0.215866
69,0,0,0.0,0.93009186,0.062030092,0.00787818,1.21136
69,0,0,0.0,0.9535046,0.04050387,0.005991557,1.458004
69,0,0,0.0,0.9453211,0.045236815,0.009442304,1.070329
69,0,0,0.0,0.90100867,0.08061741,0.01837394,0.118355
69,0,0,2.9802322387695312e-08,0.9373936,0.054249957,0.008356484,0.121044
69,0,0,2.9802322387695312e-08,0.94174784,0.05155857,0.0066936174,0.372454
69,0,0,2.9802322387695312e-08,0.92756194,0.06406133,0.008376743,0.462024
69,0,0,0.0,0.9223098,0.06771522,0.009975177,0.551593
197,0,0,0.0,0.5000976,0.26597267,0.2339298,0.241245
197,0,0,5.960464477539063e-08,0.75545645,0.16415368,0.08038995,0.782465
197,0,0,0.0,0.81944203,0.09945845,0.08109957,0.96274
197,0,0,0.0,0.6562803,0.21230565,0.13141412,0.715325
197,0,0,0.0,0.54632545,0.2321611,0.22151363,0.46791
197,0,0,0.0,0.55182385,0.27775046,0.17042577,0.220495
197,0,0,0.0,0.8075947,0.15214327,0.040262103,0.173204
197,0,0,0.0,0.8432509,0.111017555,0.045731578,1.115957
197,0,0,0.0,0.92207,0.053011138,0.024918908,1.931649
197,0,0,0.0,0.76955616,0.1526089,0.077835,1.684234
197,0,0,0.0,0.847448,0.09404773,0.058504283,1.436819
197,0,0,0.0,0.8813324,0.07490616,0.04376157,1.189404
197,0,0,5.960464477539063e-08,0.90102065,0.06694045,0.03203894,0.941989
197,0,0,0.0,0.810465,0.13038924,0.05914588,0.694574
197,0,0,0.0,0.75144863,0.15762787,0.09092363,0.447159
197,0,2,0.0,0.25806725,0.17666617,0.56526655,0.199744
197,0,0,0.0,0.7789113,0.16462336,0.056465458,0.506696
197,0,0,0.0,0.9073963,0.057391003,0.03521274,1.449449
197,0,0,0.0,0.8800782,0.07830565,0.041616272,1.92041
197,0,0,0.0,0.860516,0.09190274,0.047581263,2.170002
197,0,0,0.0,0.8477959,0.10307063,0.049133565,2.405729
197,0,0,2.9802322387695312e-08,0.91040343,0.06286026,0.02673624,2.158314
197,0,0,0.0,0.9157864,0.061225284,0.02298829,1.910899
197,0,0,0.0,0.8032804,0.13503677,0.061682858,1.663484
197,0,0,0.0,0.7434508,0.14389479,0.11265433,1.416069
197,0,2,0.0,0.28448027,0.13316235,0.5823575,0.95491
197,0,2,5.960464477539063e-08,0.061642002,0.10853065,0.82982755,0.321894
197,0,0,0.0,0.8182239,0.1120707,0.0697055,0.452875
197,0,0,0.0,0.77935606,0.12925519,0.091388896,0.702467
197,0,0,0.0,0.83997434,0.096320115,0.0637058,0.952059
197,0,0,0.0,0.85391235,0.088915884,0.05717173,1.20165
197,0,0,0.0,0.7981088,0.13053308,0.07135808,1.451242
197,0,0,0.0,0.88308716,0.08336352,0.0335494,1.700834
197,0,0,0.0,0.8693663,0.09435889,0.036274895,1.950426
197,0,0,0.0,0.85150564,0.100904405,0.047589976,1.770422
197,0,0,0.0,0.57026994,0.18189374,0.24783641,0.850224
197,0,2,0.0,0.061647605,0.08161073,0.8567419,0.180772
197,0,0,0.0,0.7899065,0.13422506,0.07586859,0.233299
197,0,0,0.0,0.8298942,0.10867311,0.061432756,0.482891
197,0,0,5.960464477539063e-08,0.83784217,0.10893898,0.053218856,0.732483
197,0,0,0.0,0.82009166,0.1274383,0.052470196,0.982075
197,0,0,0.0,0.8019909,0.13231373,0.06569538,1.231667
197,0,0,0.0,0.5793749,0.12595634,0.2946689,0.880138
197,0,2,0.0,0.059728432,0.04643939,0.8938322,0.216456
197,0,0,0.0,0.7879756,0.10965974,0.102364786,0.013724
197,0,0,0.0,0.6810293,0.16214733,0.15682355,0.263316
197,0,0,0.0,0.8703184,0.042756192,0.08692538,0.512908
197,0,2,5.960464477539063e-08,0.15789935,0.02877551,0.81332517,0.7625
197,0,2,0.0,0.027216027,0.012377822,0.96040624,0.346577
110,0,2,1.1920928955078125e-07,0.26306307,0.3169835,0.41995355,0.182445
110,0,2,0.0,0.27632928,0.3595016,0.36416915,0.461342
110,0,2,0.0,0.25450164,0.35464454,0.39085394,0.143249
110,0,2,0.0,0.1890947,0.20594051,0.60496485,0.429467
110,0,2,0.0,0.3069202,0.32979777,0.36328208,1.398477
110,0,1,0.0,0.24435455,0.40427902,0.35136652,1.091309
110,0,0,0.0,0.45125684,0.37379813,0.17494515,0.773216
110,0,2,0.0,0.102782935,0.090320975,0.8068962,0.676488
110,0,2,0.0,0.2263396,0.26075694,0.5129035,1.074782
110,0,2,0.0,0.2084277,0.3466039,0.4449685,1.469207
110,0,0,0.0,0.4183894,0.40348983,0.1781209,0.513033
110,0,2,0.0,0.18030955,0.118550606,0.70114,0.256213
110,0,2,0.0,0.38162366,0.18709077,0.43128562,0.160889
110,0,2,5.960464477539063e-08,0.19415714,0.21615103,0.58969194,0.566846
110,0,2,0.0,0.28874755,0.2748757,0.43637687,0.220235
81,0,0,0.0,0.97144425,0.018979266,0.0095764985,0.336119
81,0,0,0.0,0.9688808,0.02269132,0.008428074,0.458493
81,0,0,6.705522537231445e-08,0.978417,0.014003975,0.0075790593,0.493052
81,0,0,7.450580596923828e-09,0.97747004,0.016285583,0.0062444024,0.52761
81,0,0,0.0,0.96678746,0.024568286,0.008644181,0.217751
81,0,0,0.0,0.98649555,0.0090098195,0.0044946494,1.21072
81,0,0,0.0,0.9753055,0.015228051,0.009466694,1.216004
81,0,0,5.960464477539063e-08,0.966283,0.021468733,0.012248172,0.824525
81,0,0,0.0,0.9757948,0.017815938,0.0063894577,0.099382
81,0,0,0.0,0.97443527,0.01930861,0.006256148,0.278828
81,0,0,0.0,0.9473178,0.037454072,0.01522829,0.217864
81,0,0,5.960464477539063e-08,0.9387289,0.046176128,0.015094913,0.1569
431,0,0,5.960464477539063e-08,0.83060324,0.14792073,0.021476023,0.215231
431,0,0,0.0,0.93520916,0.046046708,0.018744301,0.200448
431,0,0,0.0,0.9565892,0.03691314,0.006497794,0.185665
431,0,0,2.9802322387695312e-08,0.9584738,0.034718793,0.0068075126,0.170882
431,0,0,0.0,0.9539348,0.038510047,0.0075552044,0.156098
431,0,0,0.0,0.9478433,0.044998456,0.0071583786,0.145155
431,0,0,0.0,0.84217125,0.116847634,0.04098119,0.138835
431,0,0,0.0,0.8832809,0.087952346,0.028766839,0.132514
431,0,0,0.0,0.9583179,0.0365696,0.005112661,0.126194
431,0,0,0.0,0.94651276,0.042172287,0.01131507,0.119873
431,0,0,0.0,0.94747347,0.043754537,0.008772126,0.113553
431,0,0,0.0,0.90363646,0.08234598,0.014017725,0.879883
431,0,0,2.9802322387695312e-08,0.94869334,0.040541153,0.010765422,1.200338
431,0,0,0.0,0.97041523,0.025821822,0.0037629416,1.185555
431,0,0,0.0,0.97289,0.023330268,0.0037796998,1.170772
431,0,0,0.0,0.97268295,0.023078274,0.004238735,1.155989
431,0,0,5.960464477539063e-08,0.9657604,0.029337257,0.0049022646,1.145135
431,0,0,0.0,0.9696808,0.026522169,0.003797132,1.138815
431,0,0,0.0,0.95604825,0.038986113,0.00496564,1.132494
431,0,0,0.0,0.9656013,0.030480364,0.003918387,1.126174
431,0,0,0.0,0.9298386,0.04983626,0.02032534,1.119853
431,0,0,1.4901161193847656e-08,0.95275533,0.041819114,0.0054255305,0.538245
431,0,0,0.0,0.74876994,0.23528224,0.015947921,0.100692
431,0,0,7.450580596923828e-08,0.95539343,0.038218476,0.006388121,1.080385
431,0,0,0.0,0.9688836,0.02724056,0.0038759806,2.060079
431,0,0,7.450580596923828e-08,0.9759533,0.020880947,0.0031656697,2.185446
431,0,0,0.0,0.9737034,0.022926345,0.0033703183,2.170663
431,0,0,0.0,0.97587574,0.020800695,0.0033236104,2.15588
431,0,0,4.470348358154297e-08,0.9713865,0.024577228,0.0040361513,2.145115
431,0,0,0.0,0.9666071,0.029124182,0.004268858,2.138795
431,0,0,0.0,0.9662289,0.029907545,0.0038637759,2.132474
431,0,0,0.0,0.96844256,0.027960422,0.0035970793,2.126154
431,0,0,0.0,0.9414488,0.05124373,0.0073076137,1.459722
431,0,0,0.0,0.9318709,0.059364945,0.008764262,0.462588
431,0,0,0.0,0.6820307,0.2900089,0.027960489,0.301194
431,0,0,0.0,0.9599814,0.03387437,0.006144503,1.280888
431,0,0,0.0,0.96728146,0.02579383,0.006924809,2.260581
431,0,0,1.4901161193847656e-08,0.98204714,0.015434857,0.0025179754,3.185337
431,0,0,0.0,0.9762576,0.02064189,0.0031004222,3.170554
431,0,0,7.450580596923828e-09,0.97700703,0.019934746,0.0030582112,3.155771
431,0,0,0.0,0.9744658,0.022252316,0.0032820192,3.145095
431,0,0,0.0,0.9728503,0.023885626,0.0032641722,3.138775
431,0,0,5.960464477539063e-08,0.973042,0.02383415,0.003123805,3.132454
431,0,0,0.0,0.96347433,0.032251008,0.004274969,2.381199
431,0,0,0.0,0.9242035,0.06603176,0.009764833,1.384065
431,0,0,0.0,0.92934126,0.06171062,0.008948328,0.386931
431,0,0,0.0,0.8824484,0.09986866,0.017682925,0.501697
431,0,0,0.0,0.94487774,0.039094448,0.016027855,1.48139
431,0,0,0.0,0.96862406,0.027431393,0.003944817,2.461083
431,0,0,0.0,0.96673405,0.029362049,0.0039040453,3.380991
431,0,0,0.0,0.97047675,0.02565366,0.0038695892,3.40359
431,0,0,0.0,0.97237957,0.02393016,0.0036903445,3.42619
431,0,0,4.470348358154297e-08,0.9751732,0.021532621,0.0032941229,3.448789
431,0,0,0.0,0.97829604,0.019066649,0.002637467,3.471389
431,0,0,0.0,0.9760391,0.02115239,0.002808541,3.302676
431,0,0,0.0,0.96318394,0.03273665,0.004079542,2.305543
431,0,0,0.0,0.91646916,0.06685526,0.016675584,1.308409
431,0,0,0.0,0.94559014,0.047768287,0.0066416664,0.311275
431,0,0,0.0,0.7522273,0.20381361,0.043959253,0.702199
431,0,0,0.0,0.93297446,0.045206152,0.021819396,1.681892
431,0,0,0.0,0.96839374,0.027523823,0.0040824674,2.358646
431,0,0,0.0,0.96474564,0.03089779,0.004356598,2.381246
431,0,0,0.0,0.9604378,0.035124768,0.004437583,2.403846
431,0,0,0.0,0.9629508,0.032791793,0.004257409,2.426445
431,0,0,0.0,0.9672786,0.028887954,0.0038335924,2.449045
431,0,0,0.0,0.9717426,0.024624033,0.0036335743,2.471644
431,0,0,0.0,0.9715137,0.025268748,0.0032176997,2.494244
431,0,0,0.0,0.9602921,0.030861864,0.008846122,2.229886
431,0,0,0.0,0.92413944,0.05713864,0.018722108,1.232752
431,0,0,0.0,0.92640644,0.055957813,0.017635787,0.235618
431,0,0,0.0,0.91637415,0.0717629,0.011863102,0.902701
431,0,0,0.0,0.8186122,0.14628269,0.035105225,1.336302
431,0,0,5.960464477539063e-08,0.8233992,0.14410937,0.032491364,1.358902
431,0,0,0.0,0.857481,0.1155119,0.02700723,1.381501
431,0,0,0.0,0.9062857,0.08324747,0.01046691,1.404101
431,0,0,2.9802322387695312e-08,0.91675484,0.07369653,0.009548661,1.426701
431,0,0,0.0,0.864418,0.10182487,0.033757266,1.4493
431,0,0,2.9802322387695312e-08,0.8797383,0.085931,0.034330674,1.4719
431,0,0,0.0,0.9242078,0.060098812,0.015693545,1.494499
431,0,0,0.0,0.8971573,0.08136946,0.021473356,1.517099
431,0,0,0.0,0.81146437,0.14860041,0.039935343,1.157095
431,0,0,0.0,0.8376537,0.12934323,0.033003163,0.159961
431,0,0,0.0,0.92990017,0.033657856,0.036442187,0.313958
431,0,0,0.0,0.78204,0.18861383,0.029346226,0.336558
431,0,0,0.0,0.7449494,0.22202471,0.033026,0.359157
431,0,0,0.0,0.83734703,0.14638491,0.016268244,0.381757
431,0,0,0.0,0.7410328,0.22878784,0.030179406,0.404356
431,0,0,0.0,0.74095935,0.22647502,0.032565754,0.426956
431,0,0,0.0,0.80999374,0.15865651,0.031350028,0.449556
431,0,0,0.0,0.8486925,0.13565092,0.015656682,0.472155
431,0,0,0.0,0.7967359,0.18436778,0.018896418,0.494755
431,0,0,5.960464477539063e-08,0.8569452,0.13283433,0.010220413,0.517354
431,0,0,0.0,0.8965883,0.093584545,0.009827291,0.539954
431,0,0,0.0,0.7611419,0.21442069,0.02443745,0.084305
117,0,0,0.0,0.78847116,0.1529388,0.05859019,0.721537
117,0,0,0.0,0.8173424,0.14088702,0.041770477,0.699089
117,0,2,0.0,0.35978886,0.22350599,0.41670522,0.612673
117,0,0,1.1920928955078125e-07,0.71143013,0.26180804,0.026761739,0.265769
117,0,0,0.0,0.8013487,0.15498033,0.043671206,1.163032
117,0,0,0.0,0.705887,0.25086567,0.04324735,1.454019
117,0,0,0.0,0.65608245,0.30427048,0.03964714,0.464985
117,0,0,0.0,0.9434992,0.045492258,0.011008611,0.707265
117,0,0,0.0,0.9720625,0.023719186,0.0042185145,1.604528
117,0,0,0.0,0.9441777,0.050719865,0.0051025343,1.306331
117,0,0,0.0,0.7918049,0.18541276,0.02278238,0.317297
117,0,0,0.0,0.838926,0.13428149,0.02679263,0.251497
117,0,0,0.0,0.9751344,0.0205219,0.0043438924,1.14876
117,0,0,0.0,0.9734487,0.023450568,0.0031009263,1.771475
117,0,0,0.0,0.9537573,0.04072552,0.005517426,1.158643
117,0,0,0.0,0.9384245,0.055451646,0.0061238552,0.169609
117,0,0,0.0,0.60575306,0.16440873,0.22983818,0.209681
117,0,0,0.0,0.82047576,0.14624806,0.03327615,0.514349
117,0,0,0.0,0.9183956,0.07308716,0.008517181,0.819016
117,0,0,0.0,0.9209009,0.06976609,0.009333019,1.010955
117,0,0,0.0,0.9253275,0.062016003,0.01265657,0.021921
117,0,0,0.0,0.73984534,0.18129158,0.07886317,0.171224
348,0,0,0.0,0.67893124,0.23915647,0.081912406,0.428083
348,0,0,0.0,0.83831066,0.13127914,0.030410282,0.337475
348,0,0,0.0,0.8041469,0.16499968,0.030853594,0.246867
348,0,0,0.0,0.77873516,0.18645078,0.034814227,0.156258
348,0,0,0.0,0.78050435,0.18338169,0.036114093,0.06565
348,0,0,0.0,0.68826336,0.21302608,0.09871062,0.554882
348,0,0,0.0,0.87380856,0.11033273,0.015858848,1.333361
348,0,0,0.0,0.89606065,0.08678935,0.01715003,1.242753
348,0,0,0.0,0.89690393,0.0874783,0.0156179685,1.152145
348,0,0,0.0,0.8791219,0.10489154,0.015986692,1.061537
348,0,0,0.0,0.8465204,0.13367116,0.01980857,0.970929
348,0,0,5.960464477539063e-08,0.8523075,0.12731959,0.020372806,0.880321
348,0,0,0.0,0.8748542,0.10475458,0.020391209,0.789713
348,0,0,0.0,0.8391869,0.13648881,0.024324276,0.699104
348,0,0,0.0,0.85219777,0.123072766,0.024729533,0.608496
348,0,0,0.0,0.8961016,0.08898497,0.014913539,0.517888
348,0,0,0.0,0.9048616,0.07990354,0.015234872,0.42728
348,0,0,5.960464477539063e-08,0.8713117,0.104234956,0.02445328,0.336672
348,0,0,0.0,0.84245443,0.12981814,0.027727405,0.246064
348,0,0,0.0,0.7257705,0.19744255,0.07678707,0.377267
348,0,0,0.0,0.90295166,0.08372344,0.013324879,1.361367
348,0,0,0.0,0.9010765,0.08234209,0.01658135,2.23864
348,0,0,0.0,0.90632766,0.079826824,0.01384559,2.148032
348,0,0,0.0,0.9026608,0.08477386,0.012565306,2.057424
348,0,0,8.940696716308594e-08,0.8522268,0.12686735,0.02090586,1.966815
348,0,0,0.0,0.8034441,0.15925924,0.037296865,1.876207
348,0,0,0.0,0.85243255,0.123500004,0.024067538,1.785599
348,0,0,5.960464477539063e-08,0.9035326,0.083136745,0.013330542,1.694991
348,0,0,0.0,0.95749325,0.03680618,0.0057006218,1.604383
348,0,0,1.4901161193847656e-08,0.95240027,0.041582957,0.0060167224,1.513775
348,0,0,5.960464477539063e-08,0.9516512,0.042109113,0.006239625,1.423167
348,0,0,0.0,0.92373765,0.06409294,0.012169511,1.332559
348,0,0,0.0,0.8918792,0.09134574,0.016775116,0.477682
348,0,0,0.0,0.79139274,0.1283106,0.08029683,0.199652
348,0,0,2.9802322387695312e-08,0.92965597,0.05653862,0.013805475,1.183752
348,0,0,0.0,0.9341184,0.05329494,0.01258681,2.167852
348,0,0,0.0,0.9333786,0.05582662,0.010794763,3.143918
348,0,0,0.0,0.88001823,0.100176655,0.019805321,3.05331
348,0,0,2.9802322387695312e-08,0.89529437,0.09048196,0.0142236985,2.962702
348,0,0,8.940696716308594e-08,0.9382693,0.051268205,0.010462513,2.872094
348,0,0,0.0,0.9067007,0.08036358,0.012935755,2.781486
348,0,0,2.9802322387695312e-08,0.94119567,0.047644712,0.011159594,2.690878
348,0,0,0.0,0.93010086,0.061069265,0.008829974,2.60027
348,0,0,2.9802322387695312e-08,0.93459815,0.057500407,0.007901505,2.509661
348,0,0,0.0,0.95786726,0.03652738,0.0056054457,2.419053
348,0,0,0.0,0.936904,0.054556534,0.008539459,1.436826
348,0,0,0.0,0.89406055,0.08860732,0.017332368,0.437629
348,0,0,0.0,0.65432096,0.2689004,0.076778695,0.022037
348,0,0,0.0,0.92286587,0.059515364,0.017618893,1.006137
348,0,0,0.0,0.9517293,0.038379814,0.009890921,1.990237
348,0,0,7.450580596923828e-08,0.95226157,0.038994014,0.008744354,2.974338
348,0,0,0.0,0.9228059,0.06292211,0.014272039,3.958438
348,0,0,0.0,0.8798615,0.09982408,0.02031457,3.958589
348,0,0,0.0,0.9343058,0.05726965,0.008424583,3.867981
348,0,0,0.0,0.9354801,0.052710418,0.011809479,3.777372
348,0,0,0.0,0.95020545,0.040421594,0.009373064,3.686764
348,0,0,0.0,0.95551485,0.038516793,0.0059685167,3.596156
348,0,0,0.0,0.9621487,0.032818496,0.0050329333,3.395168
348,0,0,2.9802322387695312e-08,0.963731,0.03107628,0.005192708,2.39597
348,0,0,0.0,0.9363865,0.053632375,0.00998114,1.396773
348,0,0,0.0,0.8656093,0.10215718,0.032233644,0.397575
348,0,0,5.960464477539063e-08,0.9084026,0.07083915,0.020758271,0.828522
348,0,0,0.0,0.9020149,0.07800559,0.019979458,1.812623
348,0,0,0.0,0.8834338,0.096108414,0.020457758,2.796723
348,0,0,0.0,0.9238176,0.065144755,0.0110377455,3.780823
348,0,0,0.0,0.93598926,0.053317793,0.010693025,4.764923
348,0,0,0.0,0.94717216,0.043302633,0.009525255,4.863867
348,0,0,0.0,0.93009585,0.058968574,0.010935563,4.773259
348,0,0,0.0,0.9447083,0.04753838,0.0077533848,4.682651
348,0,0,0.0,0.9306759,0.059096225,0.0102279205,4.354311
348,0,0,0.0,0.93421185,0.056732792,0.009055453,3.355114
348,0,0,0.0,0.9498425,0.043827362,0.0063301446,2.355916
348,0,0,0.0,0.9122412,0.075644135,0.01211475,1.356719
348,0,0,0.0,0.8505339,0.11389841,0.03556772,0.357521
348,0,0,2.9802322387695312e-08,0.92759055,0.056371193,0.016038237,0.650907
348,0,0,5.960464477539063e-08,0.9135067,0.065318614,0.021174662,1.635008
348,0,0,0.0,0.90085983,0.07585897,0.023281276,2.619108
348,0,0,0.0,0.9299797,0.058351733,0.011668628,3.603208
348,0,0,0.0,0.9439908,0.047300674,0.008708544,4.587308
348,0,0,0.0,0.94424057,0.044933993,0.010825516,5.135912
348,0,0,0.0,0.9695478,0.025673732,0.0047784806,5.14888
348,0,0,1.4901161193847656e-08,0.9577323,0.036324795,0.0059429463,5.161849
348,0,0,0.0,0.93598807,0.054087177,0.009924762,4.314258
348,0,0,0.0,0.94042724,0.051905807,0.0076670675,3.31506
348,0,0,2.9802322387695312e-08,0.95923346,0.03562915,0.0051374487,2.315863
348,0,0,2.9802322387695312e-08,0.9368845,0.053073663,0.010041796,1.316665
348,0,0,0.0,0.8835908,0.089199476,0.027209759,0.317468
348,0,0,2.9802322387695312e-08,0.8907859,0.07429854,0.03491557,0.473293
348,0,0,1.4901161193847656e-08,0.9474308,0.039670315,0.012898964,1.457393
348,0,0,1.043081283569336e-07,0.9467184,0.039972074,0.013309531,2.441493
348,0,0,0.0,0.9659368,0.02673545,0.0073278835,3.425593
348,0,0,0.0,0.9549944,0.035626866,0.009378787,4.123028
348,0,0,0.0,0.95912987,0.030438026,0.010432096,4.135996
348,0,0,0.0,0.97974247,0.014365694,0.005891785,4.148965
348,0,0,0.0,0.97803414,0.017727586,0.0042383103,4.161933
348,0,0,1.4901161193847656e-08,0.9671493,0.026689759,0.006160971,4.174901
348,0,0,0.0,0.96896404,0.026215488,0.0048205466,3.275007
348,0,0,4.470348358154297e-08,0.95418185,0.037903316,0.007914782,2.275809
348,0,0,0.0,0.95295185,0.03828329,0.008764852,1.276612
348,0,0,2.9802322387695312e-08,0.9405033,0.045921344,0.01357534,0.277414
348,0,0,1.4901161193847656e-07,0.8617441,0.09857537,0.039680503,0.295678
348,0,0,0.0,0.96347135,0.027244385,0.009284486,1.279778
348,0,0,5.960464477539063e-08,0.96876013,0.022043483,0.009196354,2.263878
348,0,0,0.0,0.9765574,0.018425899,0.005016791,3.110144
348,0,0,0.0,0.97313035,0.020715615,0.0061541027,3.123112
348,0,0,0.0,0.98277766,0.013491312,0.003730953,3.136081
348,0,0,0.0,0.97525656,0.018138587,0.006604785,3.149049
348,0,0,0.0,0.98249525,0.013601386,0.0039036095,3.162017
348,0,0,0.0,0.9692902,0.023906136,0.0068036965,3.174985
348,0,0,0.0,0.9675588,0.025305785,0.007135542,3.187953
348,0,0,0.0,0.97414297,0.019466246,0.0063909786,2.235755
348,0,0,0.0,0.9719648,0.021797668,0.0062377183,1.236558
348,0,0,0.0,0.9378943,0.047194116,0.014911668,0.23736
348,0,0,0.0,0.87878907,0.07531318,0.045897797,0.118063
348,0,0,0.0,0.9713806,0.020317476,0.008301976,1.102163
348,0,0,0.0,0.9727107,0.017983476,0.009305743,2.086263
348,0,0,0.0,0.97877836,0.01558571,0.0056360615,2.110228
348,0,0,0.0,0.980328,0.014216004,0.005456085,2.123197
348,0,0,0.0,0.9817915,0.013633008,0.004575614,2.136165
348,0,0,0.0,0.98076737,0.015104863,0.0041280165,2.149133
348,0,0,0.0,0.9827304,0.013769421,0.0035002094,2.162101
348,0,0,0.0,0.977724,0.018132156,0.004143916,2.175069
348,0,0,0.0,0.97934335,0.016606692,0.004050075,2.188037
348,0,0,0.0,0.9735413,0.020240925,0.0062177684,2.195702
348,0,0,0.0,0.9661501,0.02678369,0.00706633,1.196504
348,0,0,0.0,0.91036135,0.06858257,0.021056231,0.197307
348,0,0,0.0,0.9715396,0.018912414,0.009548097,0.924548
348,0,0,0.0,0.96720755,0.020998444,0.011794099,1.097344
348,0,0,0.0,0.9769592,0.016109833,0.0069310423,1.110312
348,0,0,7.450580596923828e-09,0.9774489,0.0143790785,0.008172143,1.123281
348,0,0,0.0,0.9704763,0.02028676,0.009236896,1.136249
348,0,0,0.0,0.9732803,0.019917842,0.006801951,1.149217
348,0,0,0.0,0.9576059,0.03237275,0.010021413,1.162185
348,0,0,0.0,0.9575114,0.035263106,0.0072256983,1.175153
348,0,0,0.0,0.9629499,0.030679263,0.006370939,1.188121
348,0,0,0.0,0.962958,0.03030656,0.0067354734,1.201089
348,0,0,0.0,0.95138705,0.03900604,0.009606942,1.156451
348,0,0,0.0,0.917572,0.05782039,0.024607718,0.157253
348,0,0,3.725290298461914e-08,0.9796755,0.011831348,0.00849322,0.08446
348,0,0,0.0,0.9739271,0.015756818,0.01031613,0.097428
348,0,0,0.0,0.97653866,0.016467106,0.006994336,0.110397
348,0,0,4.470348358154297e-08,0.9690172,0.022521727,0.008461066,0.123365
348,0,0,0.0,0.9681955,0.023278952,0.008525561,0.136333
348,0,0,0.0,0.9612809,0.02916787,0.009551398,0.149301
348,0,0,0.0,0.96067864,0.030172532,0.009148912,0.162269
348,0,0,7.450580596923828e-08,0.9451567,0.04277058,0.012072758,0.175237
348,0,0,0.0,0.951523,0.038966365,0.009510595,0.188205
348,0,0,0.0,0.964603,0.027387774,0.008009404,0.201173
348,0,0,0.0,0.9658791,0.024213355,0.0099076545,0.214142
348,0,0,0.0,0.9552555,0.028173039,0.016571563,0.117199
254,0,0,0.0,0.92646086,0.049740456,0.023798743,0.522327
254,0,0,0.0,0.8988153,0.04940283,0.051781878,0.437383
254,0,0,5.960464477539063e-08,0.63346165,0.0945776,0.2719608,0.128879
254,0,0,5.960464477539063e-08,0.9153124,0.049246408,0.035441108,0.671234
254,0,0,0.0,0.8965212,0.046180587,0.057298306,1.388606
254,0,0,0.0,0.7718978,0.08638064,0.14172162,1.080102
254,0,2,0.0,0.20515755,0.046440486,0.748402,0.771598
254,0,2,0.0,0.040005445,0.023822356,0.9361724,0.463095
254,0,0,0.0,0.7404977,0.11302662,0.14647572,0.820141
254,0,0,0.0,0.7259601,0.069762446,0.20427762,1.808992
254,0,0,5.960464477539063e-08,0.53235626,0.096858986,0.37078482,2.031325
254,0,2,0.0,0.08998906,0.03892556,0.87108564,1.666707
254,0,2,0.0,0.050398543,0.02817867,0.9214229,0.692759
254,0,2,0.0,0.065940514,0.08497705,0.84908247,0.969048
254,0,2,0.0,0.09917092,0.06545703,0.8353721,1.957899
254,0,2,0.0,0.24228038,0.043868948,0.7138506,2.699675
254,0,2,2.9802322387695312e-08,0.09032035,0.03426662,0.87541306,1.742983
254,0,2,0.0,0.10344484,0.029689819,0.86686534,0.887543
254,0,2,0.0,0.27244735,0.11472636,0.61282647,0.450646
254,0,2,8.940696716308594e-08,0.029158818,0.05212075,0.9187204,0.087101
254,0,0,0.0,0.82961315,0.043196063,0.12719095,0.129103
254,0,2,0.0,0.20299011,0.045344517,0.7516654,1.117954
254,0,2,0.0,0.19080165,0.051256042,0.7579425,2.106806
254,0,2,0.0,0.21014506,0.03368702,0.756168,3.090036
254,0,0,0.0,0.54075146,0.051868755,0.40737972,2.301753
254,0,0,0.0,0.6173451,0.052541006,0.33011392,1.745767
254,0,0,0.0,0.6908029,0.11008931,0.19910789,1.382222
254,0,0,0.0,0.5634504,0.0796621,0.35688758,1.018677
254,0,2,5.960464477539063e-08,0.07070941,0.05734369,0.871947,0.149046
254,0,0,0.0,0.88015234,0.051206004,0.06864164,0.27801
254,0,0,0.0,0.7732903,0.059494987,0.16721477,1.266861
254,0,0,0.0,0.6553222,0.056722593,0.2879553,2.255712
254,0,0,0.0,0.48264304,0.06449762,0.45285946,3.244564
254,0,0,0.0,0.83544534,0.054234866,0.11032,3.091624
254,0,0,0.0,0.8434078,0.057668246,0.09892393,2.677344
254,0,0,0.0,0.7266308,0.122712426,0.15065688,1.955967
254,0,0,0.0,0.7719349,0.059682295,0.16838282,0.969757
254,0,0,0.0,0.9105725,0.050578877,0.03884864,0.426917
254,0,0,0.0,0.92588913,0.0375305,0.036580604,1.415768
254,0,0,5.960464477539063e-08,0.92427176,0.034189023,0.041539177,2.404619
254,0,0,2.9802322387695312e-08,0.9180322,0.033839468,0.048128206,3.39347
254,0,0,0.0,0.9005951,0.053145204,0.04625972,3.762888
254,0,0,2.9802322387695312e-08,0.8953062,0.056734364,0.047959454,2.776678
254,0,0,0.0,0.8510647,0.056106057,0.09282935,1.790468
254,0,0,0.0,0.65843916,0.060785074,0.280776,0.804258
254,0,0,0.0,0.9594006,0.026162636,0.01443685,0.575823
254,0,0,0.0,0.9551611,0.02874728,0.016091615,1.564675
254,0,0,5.960464477539063e-08,0.9079849,0.057567745,0.034447197,2.553526
254,0,0,0.0,0.9305254,0.041654367,0.027820222,3.542377
254,0,0,0.0,0.9324512,0.03892306,0.028625995,3.59739
254,0,0,0.0,0.8811407,0.063454464,0.05540502,2.61118
254,0,0,0.0,0.83098894,0.050547667,0.11846353,1.62497
254,0,2,0.0,0.4173152,0.05970521,0.5229797,0.63876
254,0,0,0.0,0.961895,0.023741284,0.014363708,0.72473
254,0,0,0.0,0.92771584,0.045922797,0.026361313,1.713581
254,0,0,0.0,0.8725762,0.07856984,0.048854027,2.702433
254,0,0,0.0,0.85864586,0.078196466,0.063157804,3.691284
254,0,0,8.940696716308594e-08,0.88320273,0.06696561,0.049831662,3.431891
254,0,0,0.0,0.86009735,0.06949073,0.07041205,2.445681
254,0,0,0.0,0.75326824,0.05852781,0.18820417,1.459471
254,0,0,0.0,0.44978195,0.105125874,0.44509226,0.473261
254,0,0,0.0,0.9338554,0.03603681,0.030107925,0.873637
254,0,0,0.0,0.929687,0.044002663,0.026310414,1.862488
254,0,0,0.0,0.9095508,0.056206312,0.034242984,2.851339
254,0,0,0.0,0.84466183,0.08092001,0.07441819,3.840191
254,0,0,0.0,0.8305855,0.08650292,0.082911745,3.266392
254,0,0,0.0,0.78504026,0.0914873,0.123472475,2.280182
254,0,0,0.0,0.7982504,0.059549484,0.14220019,1.293972
254,0,0,0.0,0.6192499,0.09053476,0.29021537,0.307762
254,0,0,2.9802322387695312e-08,0.8806577,0.049204756,0.07013747,0.033692
254,0,0,0.0,0.9588923,0.022631375,0.01847652,1.022544
254,0,0,0.0,0.9382296,0.041028734,0.020741895,2.011395
254,0,0,0.0,0.9314202,0.044720206,0.023859778,3.000246
254,0,0,0.0,0.8505913,0.086847864,0.06256086,3.989097
254,0,0,0.0,0.86256796,0.07761628,0.059815902,3.100893
254,0,0,0.0,0.7993129,0.08884793,0.11183923,2.114683
254,0,0,0.0,0.73133844,0.0639296,0.20473209,1.128473
254,0,0,0.0,0.6056973,0.10812147,0.28618133,0.142263
254,0,0,0.0,0.8488665,0.06605002,0.08508357,0.182599
254,0,0,0.0,0.9410639,0.03695082,0.021985412,1.17145
254,0,0,0.0,0.9413272,0.03977361,0.018899405,2.160302
254,0,0,0.0,0.9350977,0.044381004,0.020521346,3.149153
254,0,0,5.960464477539063e-08,0.933696,0.042678423,0.023625575,3.921604
254,0,0,0.0,0.9411651,0.03967917,0.019155806,2.935394
254,0,0,0.0,0.84894717,0.07259796,0.07845496,1.949184
254,0,0,0.0,0.71497005,0.05328032,0.2317497,0.962974
254,0,0,0.0,0.7968916,0.081179775,0.12192872,0.331506
254,0,0,0.0,0.88599056,0.058519144,0.055490427,1.320357
254,0,0,0.0,0.9426195,0.03465058,0.022729993,2.309208
254,0,0,0.0,0.9576616,0.027037628,0.015300772,3.298059
254,0,0,0.0,0.92514575,0.047834072,0.02702024,3.756106
254,0,0,2.9802322387695312e-08,0.92773116,0.0444979,0.027770918,2.769896
254,0,0,0.0,0.8192062,0.0683948,0.11239914,1.783686
254,0,0,0.0,0.4958963,0.062094532,0.44200918,0.797476
254,0,0,0.0,0.6246598,0.13034746,0.24499288,0.480412
254,0,0,0.0,0.9233942,0.037651,0.038954914,1.469264
254,0,0,0.0,0.90984577,0.05028554,0.039868712,2.458115
254,0,0,7.450580596923828e-08,0.9576809,0.023655899,0.018663106,3.446966
254,0,0,0.0,0.9521428,0.029115919,0.01874151,3.590607
254,0,0,2.9802322387695312e-08,0.9447815,0.031562585,0.023655852,2.604397
254,0,0,0.0,0.7364264,0.099940866,0.16363288,1.618187
254,0,2,0.0,0.21132566,0.06560183,0.7230726,0.631977
254,0,0,0.0,0.78796303,0.08187611,0.130161,0.629319
254,0,0,0.0,0.94352436,0.035868447,0.020607311,1.61817
254,0,0,0.0,0.952867,0.03165386,0.015479391,2.607022
254,0,0,0.0,0.97216845,0.018032335,0.009799224,3.595873
254,0,0,1.4901161193847656e-08,0.9609238,0.027411206,0.011665073,3.425108
254,0,0,0.0,0.96406466,0.02351108,0.012424389,2.438898
254,0,0,5.960464477539063e-08,0.8285851,0.083439775,0.08797518,1.452688
254,0,2,5.960464477539063e-08,0.4229345,0.11033362,0.466732,0.466478
254,0,0,0.0,0.9234273,0.03166343,0.044909466,0.778226
254,0,0,2.9802322387695312e-08,0.95843333,0.027169263,0.014397362,1.767077
254,0,0,0.0,0.9654869,0.023462815,0.011050348,2.755928
254,0,0,0.0,0.9736948,0.018250924,0.008054378,3.74478
254,0,0,0.0,0.9582287,0.026844205,0.0149270715,3.259609
254,0,0,0.0,0.9609155,0.024810517,0.014274223,2.273399
254,0,0,5.960464477539063e-08,0.94482726,0.03294696,0.022225767,1.287189
254,0,0,0.0,0.8068819,0.09011463,0.10300357,0.300979
254,0,0,0.0,0.86259407,0.040645853,0.09676021,0.927133
254,0,0,0.0,0.9590407,0.023930732,0.017028669,1.915984
254,0,0,0.0,0.96494776,0.02417786,0.010874537,2.904835
254,0,0,0.0,0.97641003,0.016292084,0.0072978428,3.893686
254,0,0,0.0,0.9686937,0.020112107,0.011194418,3.09411
254,0,0,0.0,0.96729577,0.020824175,0.011880046,2.1079
254,0,0,2.9802322387695312e-08,0.9426195,0.03589144,0.021489171,1.12169
254,0,0,0.0,0.8247265,0.099750586,0.07552297,0.13548
254,0,0,0.0,0.5602744,0.07671638,0.36300918,0.087188
254,0,0,0.0,0.90541095,0.030699246,0.0638898,1.076039
254,0,0,0.0,0.9410372,0.03483916,0.024123741,2.064891
254,0,0,0.0,0.9512214,0.027124094,0.021654708,3.053742
254,0,0,0.0,0.9468173,0.03285348,0.02032938,3.914822
254,0,0,2.9802322387695312e-08,0.91462725,0.051721517,0.033651106,2.928612
254,0,0,5.960464477539063e-08,0.9078552,0.054065026,0.038079724,1.942402
254,0,0,0.0,0.8237539,0.092629686,0.08361651,0.956192
254,0,0,0.0,0.4857731,0.059930257,0.45429668,0.236095
254,0,0,0.0,0.91653395,0.041359153,0.042106904,1.224946
254,0,0,0.0,0.9235176,0.040622972,0.035859417,2.213797
254,0,0,0.0,0.9413234,0.028529353,0.030147387,3.202649
254,0,0,0.0,0.930974,0.032904252,0.03612189,3.749323
254,0,0,0.0,0.83115965,0.096868426,0.07197195,2.763113
254,0,0,5.960464477539063e-08,0.82059205,0.09724492,0.08216304,1.776903
254,0,0,0.0,0.6949289,0.11716398,0.1879071,0.790693
254,0,0,5.960464477539063e-08,0.8012678,0.061847672,0.13688445,0.385002
254,0,0,0.0,0.9097258,0.04906611,0.041208252,1.373853
254,0,0,2.9802322387695312e-08,0.9318134,0.03892253,0.029264003,2.362704
254,0,0,0.0,0.94200945,0.033705946,0.024284733,3.351555
254,0,0,0.0,0.9438957,0.03099109,0.02511323,3.583824
254,0,0,0.0,0.9321701,0.04031899,0.027510913,2.597614
254,0,0,0.0,0.9158511,0.047907025,0.036241993,1.611404
254,0,0,0.0,0.786757,0.095288835,0.1179543,0.625194
254,0,0,0.0,0.94690937,0.029764697,0.023326024,0.533908
254,0,0,0.0,0.93826294,0.036699034,0.025038267,1.52276
254,0,0,0.0,0.9019904,0.05393677,0.04407285,2.511611
254,0,0,0.0,0.93909085,0.037806578,0.023102732,3.500462
254,0,0,0.0,0.9452986,0.0313189,0.023382664,3.418325
254,0,0,0.0,0.9624367,0.023174133,0.014389414,2.432115
254,0,0,0.0,0.9541525,0.027096966,0.018750599,1.445905
254,0,0,0.0,0.73992795,0.087452956,0.17261925,0.459695
254,0,0,0.0,0.9561319,0.027423467,0.016444875,0.682815
254,0,0,0.0,0.94302034,0.0355689,0.02141091,1.671666
254,0,0,0.0,0.94315624,0.032632727,0.024211196,2.660518
254,0,0,0.0,0.9382602,0.034044538,0.027695473,3.649369
254,0,0,5.960464477539063e-08,0.9578306,0.025626978,0.016542375,3.252826
254,0,0,0.0,0.95635813,0.026965614,0.016676435,2.266616
254,0,0,0.0,0.9538355,0.026858205,0.019306581,1.280406
254,0,0,5.960464477539063e-08,0.5592393,0.116664365,0.32409644,0.294196
254,0,0,0.0,0.92469996,0.045286465,0.030013693,0.831722
254,0,0,0.0,0.90551966,0.048855677,0.045624625,1.820573
254,0,0,0.0,0.94490045,0.029523823,0.025575764,2.809424
254,0,0,0.0,0.94911957,0.028217616,0.022662941,3.798276
254,0,0,0.0,0.94172686,0.03721888,0.021054354,3.087328
254,0,0,0.0,0.9289113,0.042662602,0.028426124,2.101118
254,0,0,0.0,0.93295443,0.039401144,0.027644496,1.114908
254,0,0,0.0,0.7388525,0.14296052,0.11818701,0.128698
254,0,0,0.0,0.9042396,0.046231415,0.049529172,0.980629
254,0,0,1.7881393432617188e-07,0.75581795,0.07785679,0.16632515,1.96948
254,0,0,8.940696716308594e-08,0.8993084,0.039596066,0.061095465,2.958331
254,0,0,0.0,0.9372851,0.03247243,0.030242523,3.873302
254,0,0,0.0,0.9351789,0.037417978,0.027403234,2.921829
254,0,0,0.0,0.9168116,0.04254266,0.040645737,1.935619
254,0,0,0.0,0.90000147,0.049613748,0.050384957,0.949409
254,0,2,0.0,0.44562396,0.063008055,0.49136811,0.140684
254,0,0,0.0,0.84733975,0.05590838,0.09675198,1.129535
254,0,0,0.0,0.8390731,0.059397053,0.10152998,2.118387
254,0,0,0.0,0.7108607,0.101275474,0.18786378,2.695693
254,0,0,0.0,0.75426006,0.10786356,0.13787656,2.892951
254,0,0,0.0,0.87556374,0.07018955,0.054246657,2.75633
254,0,0,0.0,0.88482773,0.05134564,0.063826844,1.77012
254,0,0,0.0,0.8437132,0.062199675,0.09408727,0.78391
254,0,2,0.0,0.43123132,0.05814201,0.51062685,0.289591
254,0,0,0.0,0.7873106,0.04751633,0.16517325,1.278442
254,0,0,0.0,0.71069187,0.07371465,0.21559359,1.518083
254,0,0,0.0,0.5477577,0.11641005,0.3358324,1.715341
254,0,0,0.0,0.7095435,0.09704388,0.19341274,1.912599
254,0,0,0.0,0.82435894,0.08261736,0.09302381,2.109858
254,0,0,0.0,0.8153153,0.08618535,0.0984993,1.604621
254,0,0,0.0,0.84975076,0.06791767,0.08233153,0.618411
254,0,2,0.0,0.44217044,0.049559303,0.50827026,0.143215
254,0,0,0.0,0.8304425,0.052649092,0.11690854,0.340473
254,0,0,5.960464477539063e-08,0.7883731,0.0883614,0.12326557,0.537731
254,0,0,5.960464477539063e-08,0.5946751,0.11099382,0.2943312,0.73499
254,0,0,0.0,0.78906024,0.07659637,0.13434336,0.932248
254,0,0,0.0,0.8029085,0.07233076,0.12476092,1.129506
254,0,0,0.0,0.8324246,0.0702332,0.09734224,1.326764
254,0,0,0.0,0.5236235,0.1586085,0.317768,0.452913
254,0,0,0.0,0.6746253,0.12464038,0.20073444,0.149154
254,0,0,0.0,0.6571222,0.13108017,0.21179773,0.346413
254,0,2,0.0,0.33288643,0.17770617,0.48940742,0.287414
370,0,0,0.0,0.96004885,0.032151878,0.0077993977,0.003846
370,0,0,5.960464477539063e-08,0.9529144,0.036037996,0.011047571,0.491461
370,0,0,0.0,0.95075333,0.039044995,0.010201735,0.707203
370,0,0,0.0,0.96077836,0.030887568,0.008334223,0.850374
370,0,0,0.0,0.95452034,0.03589141,0.009588315,0.483137
370,0,0,0.0,0.9593357,0.0302418,0.010422628,0.322996
370,0,0,0.0,0.9605695,0.031066187,0.008364452,1.308703
370,0,0,0.0,0.9502978,0.03932685,0.010375476,1.346668
370,0,0,0.0,0.9652706,0.026861228,0.007868426,0.558211
370,0,0,0.0,0.9499756,0.03718384,0.01284067,0.154531
370,0,0,0.0,0.96106154,0.028485997,0.0104526905,0.370892
370,0,0,0.0,0.9750614,0.01908292,0.005855716,0.346955
370,0,0,0.0,0.97653115,0.018738711,0.004730247,0.323017
379,0,0,0.0,0.87437356,0.098575555,0.027051013,0.820589
379,0,0,0.0,0.88396734,0.090554185,0.025478467,0.57056
379,0,0,0.0,0.88108295,0.09607475,0.022842316,0.35967
379,0,0,0.0,0.89346886,0.08374366,0.022787742,1.124933
379,0,0,0.0,0.89593214,0.08415528,0.0199128,0.224672
379,0,0,0.0,0.84820884,0.120470956,0.03132042,0.797709
379,0,0,5.960464477539063e-08,0.84311974,0.1141259,0.04275434,0.689583
379,0,0,0.0,0.85195726,0.1216981,0.02634492,0.33679
379,0,0,0.0,0.8609462,0.11237229,0.026681673,1.154493
379,0,0,0.0,0.83040965,0.1315814,0.03800902,0.254232
379,0,0,0.0,0.80478954,0.16245534,0.0327553,0.774829
379,0,0,0.0,0.8443257,0.12828007,0.027394263,0.719143
379,0,0,0.0,0.63928246,0.3223361,0.0383815,0.193339
379,0,0,0.0,0.6285001,0.27954447,0.09195554,0.505742
379,0,0,0.0,0.75318533,0.18164812,0.0651666,0.283792
53,0,0,0.0,0.82128185,0.13050334,0.048214834,0.243848
53,0,0,0.0,0.8695517,0.10042754,0.030020833,0.07206
53,0,0,0.0,0.8440996,0.1010747,0.054825768,0.948263
53,0,0,0.0,0.80996174,0.106955335,0.083083004,1.057194
53,0,0,0.0,0.88779473,0.075186,0.037019335,0.768443
53,0,0,0.0,0.90965855,0.0597386,0.030602857,0.129577
53,0,0,0.0,0.90313685,0.063968055,0.032895137,1.115495
53,0,0,0.0,0.90140104,0.06899417,0.029604899,1.535852
53,0,0,0.0,0.9183766,0.050724845,0.030898623,0.558202
53,0,0,0.0,0.8968288,0.069968164,0.03320319,0.296809
53,0,0,0.0,0.8875402,0.07877891,0.033680912,1.282727
53,0,0,0.0,0.91401213,0.060121972,0.025865981,1.325611
53,0,0,0.0,0.9144355,0.059532873,0.026031636,0.347962
53,0,0,0.0,0.88629144,0.079773344,0.033935394,0.464041
53,0,0,0.0,0.8791481,0.084487736,0.036364168,1.449958
53,0,0,2.9802322387695312e-08,0.92616427,0.04715947,0.026676279,1.11537
53,0,0,0.0,0.8557988,0.10197336,0.042227853,0.137721
53,0,0,0.0,0.72707474,0.17286837,0.100057065,0.631272
53,0,0,0.0,0.7341803,0.16266724,0.10315254,1.61719
53,0,0,0.0,0.8759329,0.065899275,0.058167897,0.905129
53,0,0,0.0,0.75745004,0.09877385,0.14377637,0.667203
53,0,0,0.0,0.7030163,0.09363417,0.20334972,0.876908
53,0,0,0.0,0.74010444,0.06855406,0.19134152,0.694888
53,0,0,0.0,0.84547865,0.08518628,0.06933506,0.108848
33,0,0,0.0,0.63112783,0.26072982,0.108142376,0.337541
33,0,0,2.9802322387695312e-08,0.914889,0.05232499,0.032786038,0.747196
33,0,0,0.0,0.80659693,0.13715656,0.0562465,0.640623
33,0,0,0.0,0.8137335,0.14469382,0.041572735,0.53405
33,0,0,0.0,0.7683948,0.15787044,0.07373483,0.427477
33,0,0,0.0,0.6118689,0.21995366,0.16817753,0.320904
33,0,0,0.0,0.67106545,0.18554151,0.14339305,0.214331
33,0,0,0.0,0.7138125,0.17269078,0.113496915,0.107757
33,0,0,0.0,0.53439456,0.23321907,0.23238648,0.001184
33,0,0,0.0,0.8020106,0.12278071,0.07520879,0.586078
33,0,0,0.0,0.87392336,0.10959992,0.016476735,1.554701
33,0,0,0.0,0.9095683,0.076907106,0.013524535,1.634928
33,0,0,0.0,0.8921754,0.094455086,0.013369768,1.528355
33,0,0,0.0,0.93510383,0.056304354,0.008591848,1.421782
33,0,0,0.0,0.91361994,0.07444616,0.011934115,1.315209
33,0,0,0.0,0.9088479,0.06962397,0.02152818,1.208635
33,0,0,2.9802322387695312e-08,0.91886824,0.06116535,0.019966325,1.102062
33,0,0,0.0,0.9003567,0.07351488,0.026128436,0.995489
33,0,0,0.0,0.8709945,0.091851726,0.03715398,0.888916
33,0,0,0.0,0.9073421,0.061431777,0.031226264,0.782343
33,0,0,0.0,0.7600193,0.13341756,0.10656328,0.67577
33,0,0,0.0,0.6131056,0.15247265,0.23442179,0.053096
33,0,0,8.940696716308594e-08,0.8887564,0.087204345,0.02403929,0.834616
33,0,0,0.0,0.8553485,0.11744875,0.027202941,1.803238
33,0,0,0.0,0.8588629,0.1199347,0.02120242,2.629233
33,0,0,0.0,0.8587679,0.12343238,0.017799849,2.52266
33,0,0,0.0,0.86238253,0.12139321,0.016224204,2.416086
33,0,0,0.0,0.84140915,0.14146528,0.017125774,2.309513
33,0,0,0.0,0.8999244,0.08822091,0.011854665,2.20294
33,0,0,0.0,0.9372779,0.04572169,0.017000444,2.096367
33,0,0,0.0,0.8950294,0.079032026,0.025938582,1.989794
33,0,0,0.0,0.9250899,0.056678724,0.018231492,1.883221
33,0,0,0.0,0.93101263,0.052483194,0.016504185,1.760754
33,0,0,0.0,0.91994756,0.06660448,0.013448016,0.788976
33,0,0,0.0,0.839026,0.101144955,0.059829168,0.114531
33,0,0,0.0,0.89815176,0.07310283,0.02874542,1.083153
33,0,0,0.0,0.9279352,0.059850637,0.01221431,2.051776
33,0,0,0.0,0.9231301,0.062928095,0.013941812,2.820243
33,0,0,0.0,0.92021745,0.06667288,0.013109893,3.03803
33,0,0,0.0,0.93546337,0.0553091,0.009227665,3.255816
33,0,0,8.940696716308594e-08,0.88616234,0.098801464,0.015036235,3.303818
33,0,0,0.0,0.9099411,0.07898213,0.011076895,3.197245
33,0,0,0.0,0.92191184,0.060091205,0.0179971,3.090672
33,0,0,0.0,0.89803314,0.0876486,0.014318336,2.984099
33,0,0,2.9802322387695312e-08,0.90024626,0.07704924,0.022704503,2.496634
33,0,0,0.0,0.9043827,0.07269438,0.022923045,1.524856
33,0,0,0.0,0.8953434,0.08062846,0.024028134,0.553078
33,0,0,2.9802322387695312e-08,0.8927138,0.051834546,0.05545171,0.363069
33,0,0,5.960464477539063e-08,0.9118144,0.054666765,0.033518985,1.331691
33,0,0,0.0,0.9210034,0.04912199,0.029874679,1.62646
33,0,0,0.0,0.9645247,0.018118758,0.017356666,1.844247
33,0,0,0.0,0.9514112,0.027136602,0.021452442,2.062033
33,0,0,0.0,0.9243393,0.059406247,0.016254527,2.27982
33,0,0,0.0,0.88177526,0.09505895,0.023165843,2.497607
33,0,0,0.0,0.8597345,0.12103362,0.019232105,2.715394
33,0,0,0.0,0.90595454,0.07916864,0.01487689,2.93318
33,0,0,0.0,0.8774182,0.10267379,0.019907929,3.150967
33,0,0,0.0,0.9433866,0.044515483,0.012097929,2.260736
33,0,0,8.940696716308594e-08,0.93700236,0.048026096,0.014971517,1.288958
33,0,0,0.0,0.722741,0.13609715,0.14116192,0.31718
33,0,0,0.0,0.7311682,0.14864151,0.120190375,0.21489
33,0,0,0.0,0.8199369,0.11384107,0.06622218,0.432677
33,0,0,0.0,0.8592282,0.07217895,0.06859307,0.650463
33,0,0,5.960464477539063e-08,0.8216406,0.024143528,0.15421581,0.86825
33,0,0,0.0,0.7634068,0.02992268,0.20667063,1.086037
33,0,0,0.0,0.8879404,0.022396406,0.089663275,1.303824
33,0,0,0.0,0.74984986,0.06523162,0.18491857,1.521611
33,0,0,0.0,0.9083459,0.063389,0.028265044,1.739397
33,0,0,0.0,0.95261765,0.034506258,0.012876128,1.957184
33,0,0,0.0,0.91764975,0.06247296,0.019877391,2.174971
33,0,0,0.0,0.89515495,0.08107751,0.02376774,2.024838
33,0,0,0.0,0.8915295,0.069156446,0.039314207,1.05306
33,0,2,0.0,0.13179538,0.087639116,0.7805656,0.081282
33,0,2,0.0,0.33361566,0.06366132,0.60272306,0.110041
33,0,2,0.0,0.28647685,0.060203675,0.6533195,0.327827
33,0,2,0.0,0.18102127,0.054509167,0.76446956,0.545614
33,0,2,0.0,0.4457553,0.042196162,0.51204854,0.763401
33,0,0,0.0,0.8853903,0.037463985,0.07714587,0.981188
33,0,0,0.0,0.72412246,0.07848176,0.19739598,1.198974
33,0,0,5.960464477539063e-08,0.6504568,0.07967511,0.26986817,1.416761
33,0,0,0.0,0.56223804,0.08135061,0.35641152,0.817162
33,0,2,0.0,0.031685527,0.043751992,0.9245626,0.005191
33,0,2,0.0,0.06641075,0.035530385,0.8980589,0.222978
33,0,2,0.0,0.043978237,0.026088536,0.92993325,0.440765
33,0,2,0.0,0.06542783,0.025752524,0.9088198,0.581265
377,0,0,0.0,0.8811941,0.08632949,0.032476492,0.397087
377,0,0,0.0,0.8364725,0.12553649,0.037991107,0.069582
377,0,0,0.0,0.5485324,0.27283102,0.17863666,0.105602
377,0,0,0.0,0.9102794,0.06610072,0.02361987,1.014263
377,0,0,2.9802322387695312e-08,0.8680059,0.10174717,0.030247152,0.518608
377,0,0,0.0,0.7927103,0.15170741,0.05558245,0.523138
377,0,0,0.0,0.9293041,0.056804825,0.013891028,0.995086
377,0,0,0.0,0.9411523,0.046976075,0.011871562,0.091083
377,0,0,0.0,0.40497923,0.3350767,0.25994417,0.032014
377,0,0,0.0,0.90853804,0.07197959,0.019482492,0.940674
377,0,0,0.0,0.9091139,0.07345729,0.01742896,0.56756
377,0,0,0.0,0.60718167,0.2724211,0.12039734,0.44955
377,0,0,2.9802322387695312e-08,0.90117234,0.08053899,0.018288646,1.044038
377,0,0,0.0,0.912017,0.07260433,0.015378678,0.140035
377,0,0,0.0,0.74069184,0.1974355,0.061872672,0.867086
377,0,0,0.0,0.9006853,0.08110502,0.01820978,0.616513
377,0,0,0.0,0.82404613,0.13477579,0.041178193,0.008754
377,0,0,0.0,0.77640116,0.1689357,0.05466322,0.364154
377,0,0,0.0,0.8442036,0.12391853,0.0318779,0.188987
354,0,0,0.0,0.88817614,0.08023573,0.03158819,0.071194
354,0,0,0.0,0.7688295,0.15727487,0.07389574,0.334481
354,0,0,0.0,0.8806557,0.09606942,0.023274945,0.248658
354,0,0,0.0,0.8711415,0.1041574,0.02470129,0.861444
354,0,0,0.0,0.8569236,0.11524136,0.027835123,1.170546
354,0,0,0.0,0.80456156,0.14848389,0.04695464,0.621915
354,0,0,0.0,0.80395615,0.14506094,0.050983034,0.073284
354,0,0,0.0,0.8416773,0.10196641,0.056356262,0.426121
354,0,0,2.9802322387695312e-08,0.90760624,0.06628598,0.02610778,1.038907
354,0,0,0.0,0.9368147,0.04940767,0.013777769,1.651693
354,0,0,2.9802322387695312e-08,0.8877423,0.09388121,0.018376425,2.00661
354,0,0,0.0,0.8830024,0.0989,0.018097613,1.457979
354,0,0,0.0,0.8930068,0.08843803,0.018555403,0.909348
354,0,0,8.940696716308594e-08,0.88480395,0.09654405,0.018651972,0.360717
354,0,2,0.0,0.2692596,0.13528435,0.5954562,0.603585
354,0,0,0.0,0.54244095,0.1356751,0.32188404,0.883584
354,0,0,5.960464477539063e-08,0.81765956,0.09053534,0.09180508,1.160611
354,0,0,0.0,0.88680047,0.081461236,0.03173843,1.437638
354,0,0,0.0,0.8852577,0.094765745,0.01997669,1.714665
354,0,0,0.0,0.8562957,0.12248628,0.02121812,1.991691
354,0,0,0.0,0.86057943,0.11609275,0.02332791,1.745413
354,0,0,5.960464477539063e-08,0.8686964,0.10736563,0.023938002,1.150505
354,0,0,0.0,0.81579643,0.13870214,0.045501385,0.417891
354,0,2,0.0,0.1817106,0.115477815,0.7028117,0.199749
354,0,2,0.0,0.3372566,0.20175177,0.46099156,0.476776
354,0,0,0.0,0.7912594,0.13179007,0.076950595,0.753802
354,0,0,0.0,0.8243356,0.13715257,0.038511954,1.030829
354,0,0,8.940696716308594e-08,0.85114497,0.11789179,0.030963223,1.307856
354,0,0,0.0,0.85397446,0.11882373,0.027201956,1.584883
354,0,0,0.0,0.79487336,0.15314527,0.05198147,1.098536
354,0,0,0.0,0.6754365,0.20331128,0.12125234,0.365923
354,0,0,0.0,0.35829818,0.30483013,0.3368719,0.069967
354,0,0,0.0,0.39633915,0.30352277,0.30013824,0.346994
354,0,0,0.0,0.61289203,0.26033908,0.12676898,0.62402
354,0,0,5.960464477539063e-08,0.85657805,0.07791509,0.06550682,0.901047
354,0,0,0.0,0.8939581,0.062014136,0.0440281,1.046567
354,0,0,0.0,0.8180094,0.112416744,0.06957404,0.313954
354,0,2,0.0,0.1806746,0.12105927,0.69826615,0.217212
415,0,0,5.960464477539063e-08,0.7940991,0.141971,0.06392993,0.017979
415,0,0,5.960464477539063e-08,0.6711165,0.21872441,0.11015917,0.160691
415,0,0,0.0,0.61472374,0.23230778,0.15296836,0.303403
415,0,0,0.0,0.81937045,0.122839876,0.05778967,0.008758
415,0,0,0.0,0.88536704,0.07757277,0.037060354,0.15147
415,0,0,0.0,0.9109048,0.059707202,0.02938813,0.294182
415,0,0,2.9802322387695312e-08,0.8609892,0.08518445,0.05382629,0.436894
415,0,0,0.0,0.8656892,0.09313216,0.04117875,0.579607
415,0,0,2.9802322387695312e-08,0.87368625,0.0817572,0.04455665,0.722319
415,0,0,8.940696716308594e-08,0.8759634,0.09069297,0.033343658,0.865031
415,0,0,2.9802322387695312e-08,0.8871781,0.07735253,0.035469323,1.007743
415,0,0,1.1920928955078125e-07,0.75232565,0.12663394,0.121040426,1.150455
415,0,0,0.0,0.876895,0.07670959,0.046395488,0.808528
415,0,0,0.0,0.6880199,0.23384012,0.07814006,0.262277
415,0,0,0.0,0.66700447,0.23770717,0.09528844,0.85581
415,0,0,0.0,0.88588136,0.08050888,0.03360991,0.998522
415,0,0,0.0,0.90448105,0.069874324,0.025644727,1.141234
415,0,0,0.0,0.9202404,0.05819414,0.021565488,1.283947
415,0,0,2.9802322387695312e-08,0.9500265,0.032486267,0.01748725,1.426659
415,0,0,2.9802322387695312e-08,0.86229575,0.09463104,0.043073222,1.569371
415,0,0,0.0,0.92299384,0.05315168,0.023854546,1.712083
415,0,0,0.0,0.9260025,0.054098606,0.019899022,1.854795
415,0,0,0.0,0.92302376,0.05352272,0.023453543,1.997507
415,0,0,0.0,0.9387643,0.042605955,0.018629782,2.009926
415,0,0,0.0,0.8921034,0.07481312,0.033083577,1.036185
415,0,0,0.0,0.7861719,0.13351475,0.08031349,0.062444
415,0,0,0.0,0.69792473,0.1844955,0.11757985,0.77034
415,0,0,0.0,0.7306181,0.16274741,0.106634565,1.63166
415,0,0,0.0,0.92421067,0.057024844,0.018764758,1.988287
415,0,0,0.0,0.89331436,0.07851725,0.028168546,2.130999
415,0,0,0.0,0.95834637,0.028353091,0.013300547,2.273711
415,0,0,5.960464477539063e-08,0.8967558,0.07815971,0.025084356,2.416423
415,0,0,0.0,0.8984913,0.07743293,0.02407586,2.559135
415,0,0,0.0,0.86668897,0.103593715,0.029717261,2.701847
415,0,0,0.0,0.89443445,0.08456492,0.021000765,2.844559
415,0,0,0.0,0.9278402,0.05255647,0.01960363,2.987271
415,0,0,0.0,0.9534265,0.033526253,0.013047335,2.237584
415,0,0,0.0,0.92916864,0.050525434,0.020306123,1.263843
415,0,0,5.960464477539063e-08,0.8264262,0.11709824,0.056475595,0.290101
415,0,0,0.0,0.83147156,0.12201495,0.046513654,0.417085
415,0,0,0.0,0.9072375,0.06730267,0.025459928,1.278404
415,0,0,0.0,0.9058625,0.06507121,0.029066425,2.139724
415,0,0,0.0,0.92279303,0.052187894,0.025019063,2.978051
415,0,0,0.0,0.92986315,0.03676535,0.033371564,3.120763
415,0,0,0.0,0.939953,0.038879406,0.021167597,3.263475
415,0,0,0.0,0.9194903,0.05935903,0.021150658,3.406187
415,0,0,0.0,0.92144674,0.06429431,0.014259147,3.548899
415,0,0,0.0,0.91071904,0.07199574,0.017285397,3.691611
415,0,0,5.960464477539063e-08,0.8907363,0.08804831,0.021215321,3.808126
415,0,0,0.0,0.95533794,0.032480538,0.012181651,3.438983
415,0,0,0.0,0.9176059,0.06420685,0.01818728,2.465241
415,0,0,8.940696716308594e-08,0.8687012,0.10038466,0.030914143,1.4915
415,0,0,0.0,0.8363352,0.11934948,0.044315524,0.517759
415,0,0,0.0,0.75932854,0.22432137,0.01635029,0.063829
415,0,0,0.0,0.8182798,0.14198618,0.03973399,0.925149
415,0,0,0.0,0.9548756,0.029474951,0.015649555,1.757028
415,0,0,0.0,0.9589972,0.025092237,0.01591083,2.489692
415,0,0,0.0,0.95117897,0.03212691,0.016694091,3.35619
415,0,0,0.0,0.94975775,0.032330163,0.017912084,3.461068
415,0,0,0.0,0.91481733,0.05468376,0.030499026,3.332149
415,0,0,0.0,0.90216213,0.06817621,0.029661816,3.203229
415,0,0,0.0,0.91995615,0.060094025,0.019950084,3.07431
415,0,0,0.0,0.934214,0.049974456,0.015811617,2.945391
415,0,0,0.0,0.93698686,0.048101775,0.014911442,2.816471
415,0,0,0.0,0.9499332,0.03772581,0.012341111,2.687552
415,0,0,7.450580596923828e-08,0.95534575,0.03366237,0.01099194,2.558633
415,0,0,0.0,0.9231109,0.0570988,0.019790528,1.719158
415,0,0,0.0,0.83905464,0.12090904,0.04003636,0.745416
415,0,0,0.0,0.8283,0.12477341,0.046926685,0.344003
415,0,0,0.0,0.9373512,0.03998279,0.022665963,1.121599
415,0,0,0.0,0.92106575,0.049285743,0.029648622,2.079287
415,0,0,0.0,0.95019644,0.021133449,0.028670145,2.598332
415,0,0,0.0,0.94394016,0.03395354,0.02210661,2.469413
415,0,0,0.0,0.9292603,0.047170144,0.023569612,2.340493
415,0,0,0.0,0.93041223,0.047275398,0.022312446,2.211574
415,0,0,0.0,0.9226475,0.052822445,0.024530161,2.082655
415,0,0,2.9802322387695312e-08,0.91752,0.0600616,0.02241848,1.953735
415,0,0,0.0,0.92179775,0.05970867,0.018493637,1.824816
415,0,0,0.0,0.92421,0.05664482,0.01914509,1.695897
415,0,0,0.0,0.90375274,0.072898075,0.023349239,1.566978
415,0,0,0.0,0.9358656,0.048513442,0.015621044,1.438058
415,0,0,0.0,0.9050446,0.06900253,0.02595305,0.973074
415,0,0,0.0,0.82908124,0.11796613,0.052952692,0.529754
415,0,0,0.0,0.82308304,0.13107455,0.04584257,1.175948
415,0,0,0.0,0.8411585,0.11531199,0.043529507,1.735596
415,0,0,0.0,0.89553076,0.07592674,0.028542647,1.606677
415,0,0,5.960464477539063e-08,0.89126605,0.07664168,0.032092247,1.477758
415,0,0,5.960464477539063e-08,0.84210366,0.11471336,0.043182977,1.348838
415,0,0,0.0,0.8275142,0.12298083,0.049505066,1.219919
415,0,0,8.940696716308594e-08,0.8935568,0.07510187,0.031341225,1.091
415,0,0,0.0,0.8786764,0.08552209,0.0358016,0.96208
415,0,0,8.940696716308594e-08,0.8740618,0.09271576,0.033222478,0.833161
415,0,0,5.960464477539063e-08,0.84820694,0.11135568,0.040437438,0.704242
415,0,0,0.0,0.82079864,0.138087,0.041114483,0.575322
415,0,0,0.0,0.8325511,0.12448453,0.042964417,0.446403
415,0,0,0.0,0.8158045,0.12990452,0.054291166,0.317484
415,0,0,0.0,0.65542245,0.25885773,0.0857199,0.188564
415,0,0,0.0,0.6313211,0.22077207,0.14790693,0.807137
415,0,0,5.960464477539063e-08,0.7497021,0.15685351,0.093444526,0.872861
415,0,0,0.0,0.73450804,0.17630233,0.08918974,0.743941
415,0,0,0.0,0.8298077,0.13345921,0.036733184,0.615022
415,0,0,0.0,0.88045806,0.094135426,0.025406532,0.486103
415,0,0,0.0,0.7713477,0.16495089,0.06370139,0.357183
415,0,0,0.0,0.77198607,0.15710628,0.07090778,0.228264
415,0,0,0.0,0.9033576,0.06768807,0.028954316,0.099345
415,0,2,0.0,0.21378356,0.21192111,0.57429534,0.068598
415,0,0,0.0,0.6531069,0.20180283,0.14509028,0.010125
94,0,0,0.0,0.75498015,0.21892314,0.026096866,0.071445
94,0,0,0.0,0.90078026,0.08175451,0.017465292,0.669954
94,0,0,0.0,0.9239511,0.0638528,0.012196262,0.098547
94,0,0,0.0,0.75920117,0.17572403,0.065074936,0.718123
94,0,0,0.0,0.9398714,0.040740594,0.01938808,1.480886
94,0,0,0.0,0.9493609,0.03668286,0.013956266,0.919214
94,0,0,0.0,0.90579796,0.067173354,0.027028836,0.255984
94,0,0,0.0,0.69175696,0.1895748,0.11866839,0.715801
94,0,0,0.0,0.9294162,0.051538866,0.019045124,1.149637
94,0,0,0.0,0.9400555,0.04533068,0.01461396,0.38223
94,0,0,0.0,0.7702076,0.16279988,0.06699264,0.878995
94,0,0,0.0,0.9221879,0.059507854,0.018304357,0.508476
94,0,1,0.0,0.30914143,0.40009815,0.29076034,0.355184
94,0,0,0.0,0.80379295,0.15536907,0.040838175,0.634722
115,0,0,0.0,0.6373175,0.12748457,0.23519793,0.05467
115,0,0,0.0,0.70025307,0.099384874,0.20036198,0.123497
115,0,0,0.0,0.8275201,0.112782285,0.059697654,0.192324
115,0,0,0.0,0.67015463,0.1901124,0.13973321,0.261152
115,0,0,0.0,0.8092681,0.1195526,0.07117936,0.329979
115,0,0,0.0,0.82092017,0.10979594,0.06928398,0.398806
115,0,0,0.0,0.47594643,0.33853582,0.18551782,0.126777
115,0,0,0.0,0.74629223,0.19972989,0.053977963,0.028197
115,0,0,0.0,0.8526001,0.10500513,0.042394847,0.914645
115,0,0,5.960464477539063e-08,0.89462537,0.07752451,0.027850106,0.983472
115,0,0,0.0,0.9107036,0.06341659,0.025880003,1.052299
115,0,0,0.0,0.9067613,0.04300985,0.05022882,1.121126
115,0,0,0.0,0.8948247,0.07735672,0.027818754,1.189953
115,0,0,5.960464477539063e-08,0.8434879,0.11176331,0.04474883,1.25878
115,0,0,0.0,0.8135321,0.10566532,0.08080264,1.327607
115,0,0,0.0,0.827691,0.09974897,0.07256022,1.145881
115,0,0,0.0,0.6336264,0.23690456,0.12946923,0.146068
115,0,0,0.0,0.79682964,0.14799775,0.055172782,0.849681
115,0,0,0.0,0.9153286,0.061220396,0.023451084,1.836002
115,0,0,0.0,0.9023552,0.06973667,0.027908247,2.049927
115,0,0,0.0,0.9294061,0.050656937,0.019937012,2.118755
115,0,0,0.0,0.9020561,0.07638687,0.021557149,2.187582
115,0,0,0.0,0.84319305,0.12026229,0.036544777,2.256409
115,0,0,0.0,0.80564684,0.13141426,0.062939,2.164986
115,0,0,0.0,0.80278367,0.13078108,0.066435374,1.165172
115,0,0,0.0,0.7695494,0.17894079,0.05151005,0.165358
115,0,0,0.0,0.68507385,0.24341714,0.07150918,0.684845
115,0,0,0.0,0.90160716,0.06636075,0.03203216,1.671166
115,0,0,0.0,0.91167974,0.06312614,0.02519433,2.657486
115,0,0,0.0,0.85941887,0.11223927,0.028341964,3.116383
115,0,0,0.0,0.8558193,0.11672701,0.02745368,3.18521
115,0,0,0.0,0.8462643,0.116307035,0.037428766,3.184091
115,0,0,0.0,0.84922475,0.11306694,0.03770843,2.184277
115,0,0,5.960464477539063e-08,0.8937599,0.07198575,0.03425443,1.184463
115,0,0,0.0,0.7435065,0.20701472,0.04947888,0.184649
115,0,0,0.0,0.6599344,0.2834204,0.056645226,0.520008
115,0,0,0.0,0.8501058,0.10200342,0.047890913,1.506329
115,0,0,2.9802322387695312e-08,0.86096525,0.0831424,0.055892453,2.49265
115,0,0,0.0,0.8742515,0.08679558,0.038952935,3.478971
115,0,0,0.0,0.92855173,0.050555695,0.02089282,3.739007
115,0,0,0.0,0.85886675,0.11229021,0.028843302,2.869251
115,0,0,0.0,0.83655417,0.13148792,0.03195795,1.999496
115,0,0,0.0,0.9106169,0.06530655,0.024076624,1.12974
115,0,1,0.0,0.33499676,0.51289153,0.15211175,0.20394
115,0,0,0.0,0.82885665,0.14201559,0.02912791,0.355171
115,0,0,0.0,0.8717571,0.087408386,0.04083471,1.341492
115,0,0,0.0,0.8864402,0.07654866,0.0370114,2.327813
115,0,0,0.0,0.91985667,0.05112411,0.029019188,3.314134
115,0,0,0.0,0.92507887,0.055371456,0.01954977,3.245524
115,0,0,0.0,0.86672497,0.10124315,0.032032046,2.375768
115,0,0,0.0,0.8592683,0.10558917,0.03514264,1.506013
115,0,0,0.0,0.8400535,0.11940734,0.040539376,0.636257
115,0,0,0.0,0.8361024,0.15641315,0.007484634,0.190335
115,0,0,0.0,0.80685335,0.14563516,0.047511663,1.176656
115,0,0,0.0,0.865858,0.10406523,0.030076995,2.162977
115,0,0,0.0,0.8983651,0.078815125,0.022819884,3.149298
115,0,0,0.0,0.91554224,0.065554395,0.01890333,2.752041
115,0,0,5.960464477539063e-08,0.7564635,0.13738991,0.10614659,1.882285
115,0,0,0.0,0.76741415,0.13807988,0.094506085,1.01253
115,0,0,0.0,0.80367476,0.15409288,0.04223263,0.142774
115,0,0,0.0,0.7250666,0.22604552,0.048888046,0.025498
115,0,0,0.0,0.7858591,0.16745639,0.046684716,1.011819
115,0,0,0.0,0.7975529,0.16672648,0.035720833,1.99814
115,0,0,5.960464477539063e-08,0.8410961,0.12973231,0.02917157,2.984461
115,0,0,0.0,0.89917004,0.07355882,0.0272711,2.258558
115,0,0,0.0,0.81627935,0.12752058,0.05620023,1.388803
115,0,0,5.960464477539063e-08,0.8148884,0.13112998,0.05398162,0.519047
115,0,0,0.0,0.8132582,0.14120507,0.04553694,0.846983
115,0,0,0.0,0.8183008,0.15379341,0.02790589,1.833303
115,0,0,0.0,0.8096571,0.157494,0.032849167,2.634831
115,0,0,0.0,0.8331198,0.11842202,0.048458267,1.765075
115,0,0,1.1920928955078125e-07,0.4698701,0.3710168,0.15911324,0.89532
115,0,0,0.0,0.40819365,0.3581611,0.23364533,0.025564
115,0,0,5.960464477539063e-08,0.82020706,0.13709411,0.04269879,0.682146
115,0,0,0.0,0.8466148,0.12320711,0.03017829,1.668467
115,0,0,0.0,0.7950716,0.16334172,0.041586753,2.141348
115,0,0,0.0,0.7855139,0.13580067,0.07868554,1.271592
115,0,0,5.960464477539063e-08,0.4640065,0.42555213,0.11044137,0.401837
115,0,0,0.0,0.7588276,0.18996233,0.05121024,0.517309
115,0,0,0.0,0.86453146,0.10482991,0.030638775,1.50363
115,0,0,5.960464477539063e-08,0.5566167,0.24581195,0.1975713,1.647865
115,0,0,0.0,0.63305724,0.27774525,0.0891976,0.778109
115,0,0,1.1920928955078125e-07,0.7441144,0.18547106,0.07041471,0.352473
115,0,0,0.0,0.8388891,0.12372206,0.037388843,1.305665
115,0,0,1.1920928955078125e-07,0.66358167,0.23970152,0.09671688,1.153841
115,0,0,0.0,0.5958439,0.33052164,0.073634505,0.284626
115,0,0,0.0,0.73399895,0.2259616,0.040039644,0.187636
115,0,0,0.0,0.8902494,0.08651953,0.023231076,0.317257
115,0,0,0.0,0.8443986,0.11043321,0.045168273,0.165433
385,0,2,0.0,0.08365656,0.0674643,0.8488793,0.086828
385,0,0,0.0,0.59686434,0.32875425,0.07438142,0.004226
385,0,0,0.0,0.9055223,0.07025886,0.02421903,0.8907
385,0,0,0.0,0.7106124,0.06050377,0.228884,0.671092
385,0,0,0.0,0.42090854,0.16614717,0.41294435,0.319284
385,0,0,0.0,0.9824023,0.014157063,0.0034407403,0.467002
385,0,0,0.0,0.8572678,0.024494745,0.11823756,1.353477
385,0,2,0.0,0.057531387,0.012634555,0.92983407,0.826657
385,0,0,7.450580596923828e-09,0.9894449,0.0066886656,0.0038664592,0.043305
385,0,0,0.0,0.99038506,0.007145294,0.0024697066,0.929779
385,0,0,0.0,0.9046422,0.079033874,0.01632407,1.161259
385,0,1,0.0,0.27997252,0.42516303,0.29486454,0.306928
385,0,0,0.0,0.9095945,0.077733435,0.012672241,0.506081
385,0,0,0.0,0.96014404,0.022240058,0.017616143,1.392556
385,0,0,1.1920928955078125e-07,0.82983845,0.13805927,0.03210225,0.64153
385,0,0,0.0,0.93420464,0.054496717,0.011298701,0.082383
385,0,0,0.0,0.9334681,0.056230918,0.01030102,0.968858
385,0,0,0.0,0.9105631,0.076307364,0.013129761,0.976131
385,0,0,5.960464477539063e-08,0.93227446,0.06308966,0.0046358653,0.1218
385,0,0,0.0,0.93437487,0.055069543,0.010555529,0.163402
385,0,0,0.0,0.9604292,0.033716366,0.005854588,0.456402
154,0,0,0.0,0.78200203,0.18134406,0.036653902,0.390519
154,0,0,0.0,0.7789308,0.19707121,0.02399802,0.14234
154,0,0,0.0,0.9385762,0.049822763,0.011601159,0.192299
154,0,0,0.0,0.8697086,0.101617865,0.028673712,0.991536
154,0,0,0.0,0.85282934,0.10448367,0.042687073,0.986852
154,0,0,1.7881393432617188e-07,0.7850042,0.17778696,0.03720889,0.451314
154,0,0,0.0,0.9433212,0.045453742,0.011225314,0.793316
154,0,0,0.0,0.8701091,0.10483138,0.02505953,1.557204
154,0,0,0.0,0.87897015,0.09335067,0.027679306,0.780446
154,0,0,0.0,0.88680977,0.09129322,0.02189713,0.003689
154,0,0,0.0,0.80604213,0.1558412,0.03811663,0.595097
154,0,0,0.0,0.84672934,0.12346126,0.029809484,1.394333
154,0,0,0.0,0.779389,0.16457142,0.056039616,0.927403
154,0,0,0.0,0.85969496,0.11317927,0.027125962,0.150646
154,0,0,0.0,0.8380542,0.11892415,0.043021675,0.396877
154,0,0,0.0,0.8284559,0.115064085,0.056480136,1.196113
154,0,0,0.0,0.8115959,0.112352386,0.07605181,1.07436
154,0,0,0.0,0.7496338,0.15964945,0.09071693,0.297603
154,0,0,5.960464477539063e-08,0.8335062,0.069643475,0.09685022,0.198657
154,0,0,5.960464477539063e-08,0.642565,0.10230353,0.25513163,0.646508
154,0,2,0.0,0.34250006,0.09436308,0.563137,0.674188
154,0,2,5.960464477539063e-08,0.39763236,0.101697475,0.50067025,0.44456
392,0,0,0.0,0.96561486,0.016257884,0.018127296,0.145274
392,0,0,0.0,0.97060066,0.015030873,0.014368543,0.643272
392,0,0,0.0,0.9823267,0.012135258,0.0055381195,0.151169
392,0,0,0.0,0.9846402,0.010418698,0.00494106,0.687356
392,0,0,0.0,0.98581475,0.010324201,0.0038610317,0.157064
392,0,0,4.470348358154297e-08,0.98745084,0.009263291,0.0032858555,0.684769
392,0,0,0.0,0.9827295,0.0139140915,0.0033563273,0.162959
392,0,0,0.0,0.979362,0.017281655,0.0033562586,0.682181
392,0,0,0.0,0.9733895,0.020102125,0.006508446,0.168854
392,0,0,2.9802322387695312e-08,0.9433749,0.045499496,0.011125669,0.679594
103,0,0,0.0,0.89176536,0.07168682,0.036547933,0.425144
103,0,0,0.0,0.8393068,0.123678654,0.03701479,0.421644
103,0,0,0.0,0.8324446,0.12031805,0.047237422,0.418144
103,0,0,5.960464477539063e-08,0.95802134,0.03316672,0.008811832,0.908071
103,0,0,0.0,0.9368366,0.049938347,0.013224955,1.421638
103,0,0,0.0,0.9400715,0.04581014,0.014118327,0.75746
103,0,0,0.0,0.97140324,0.02320009,0.0053966586,0.943551
103,0,0,0.0,0.9662607,0.027938124,0.0058012907,1.727437
103,0,0,0.0,0.9119936,0.0735889,0.014417561,0.727874
103,0,0,5.960464477539063e-08,0.97284997,0.022736426,0.0044134166,0.979032
103,0,0,0.0,0.9659748,0.029061541,0.004963967,1.69785
103,0,0,0.0,0.925551,0.061935898,0.012513084,0.698288
103,0,0,0.0,0.96613127,0.028335614,0.0055333604,0.015142
103,0,0,0.0,0.9706026,0.024460873,0.0049366513,1.014512
103,0,0,0.0,0.95997393,0.034105,0.005921123,1.668264
103,0,0,0.0,0.95108074,0.040019136,0.008900162,0.668702
103,0,0,0.0,0.9865461,0.010539229,0.0029147752,0.050623
103,0,0,0.0,0.9591799,0.03314812,0.0076722135,1.049993
103,0,0,0.0,0.9642477,0.028180938,0.007571315,1.638678
103,0,0,2.9802322387695312e-08,0.93937063,0.048811387,0.01181798,0.639116
103,0,0,0.0,0.9356846,0.048374504,0.01594098,0.086103
103,0,0,0.0,0.9115746,0.06457644,0.023848943,0.69754
103,0,0,0.0,0.91072565,0.066207424,0.023067111,0.676769
103,0,0,0.0,0.92329496,0.055284604,0.021420617,0.60953
42,0,2,0.0,0.33176532,0.17219833,0.49603635,0.28239
42,0,0,5.960464477539063e-08,0.8023521,0.108780175,0.0888678,0.241564
42,0,0,0.0,0.8037182,0.11921547,0.07706634,0.200739
42,0,0,0.0,0.93908876,0.035718795,0.02519254,0.159913
42,0,0,0.0,0.49401432,0.15204763,0.35393816,0.119088
42,0,0,1.1920928955078125e-07,0.4502235,0.13425754,0.4155191,0.078262
42,0,2,0.0,0.2588842,0.16933832,0.57177764,0.037437
42,0,0,0.0,0.83070564,0.06471363,0.10458085,0.967438
42,0,0,0.0,0.8837005,0.062202048,0.054097395,1.24073
42,0,0,0.0,0.8195314,0.10614859,0.074320175,1.199905
42,0,0,0.0,0.8740439,0.07860643,0.047349703,1.15908
42,0,0,0.0,0.7285959,0.15679915,0.11460506,1.118254
42,0,0,0.0,0.6610235,0.16136508,0.17761157,1.077429
42,0,0,0.0,0.73879814,0.1228716,0.1383304,1.036603
42,0,0,0.0,0.6680264,0.1384073,0.19356635,0.697473
42,0,0,0.0,0.75141376,0.22111233,0.02747401,0.216958
42,0,0,0.0,0.9460079,0.04170775,0.01228439,1.191527
42,0,0,0.0,0.9377863,0.047693364,0.0145204915,2.166096
42,0,0,0.0,0.9093413,0.07266726,0.017991487,2.199071
42,0,0,0.0,0.92346203,0.059921987,0.016615992,2.158246
42,0,0,0.0,0.92905676,0.055813897,0.015129278,2.11742
42,0,0,0.0,0.8485838,0.098696664,0.05271947,2.076595
42,0,0,0.0,0.841385,0.08732536,0.07128968,1.618026
42,0,0,0.0,0.7489248,0.13157777,0.11949754,0.620957
42,0,0,0.0,0.5977505,0.3434542,0.058795337,0.441047
42,0,0,2.9802322387695312e-08,0.8957563,0.08686624,0.017377403,1.415616
42,0,0,0.0,0.90025085,0.08425739,0.015491885,1.695246
42,0,0,5.960464477539063e-08,0.91708684,0.068468146,0.014445044,1.793547
42,0,0,5.960464477539063e-08,0.9231121,0.062157173,0.014730671,1.891849
42,0,0,1.4901161193847656e-08,0.9426398,0.0464191,0.010941113,1.990151
42,0,0,0.0,0.8537975,0.09758987,0.048612572,2.088453
42,0,0,0.0,0.86435425,0.08191821,0.05372763,1.54151
42,0,0,0.0,0.75668633,0.14367983,0.099633954,0.544441
42,0,0,0.0,0.68615204,0.26497835,0.0488696,0.503485
42,0,0,2.9802322387695312e-08,0.86258185,0.108972676,0.028445465,0.601787
42,0,0,0.0,0.8665753,0.10422177,0.02920294,0.700089
42,0,0,0.0,0.92839235,0.057750788,0.013856898,0.798391
42,0,0,0.0,0.8866996,0.07450273,0.038797837,0.896693
42,0,0,0.0,0.89885324,0.07842457,0.022722227,0.994995
42,0,0,0.0,0.7922716,0.115675636,0.09205296,1.093296
42,0,0,0.0,0.7768419,0.11456304,0.10859521,1.191598
42,0,0,0.0,0.74185485,0.1761232,0.082022004,0.467635
42,0,0,0.0,0.55079895,0.22984798,0.21935312,0.09814
42,0,2,0.0,0.24748866,0.19675224,0.5557592,0.196442
42,0,0,0.0,0.4522657,0.42880446,0.11892994,0.039437
425,0,0,0.0,0.7867079,0.1634598,0.049832456,0.47994
425,0,0,0.0,0.91874135,0.06625935,0.014999299,0.367697
425,0,0,0.0,0.9249845,0.062215425,0.012800126,0.255455
425,0,0,0.0,0.8986113,0.07445697,0.026931735,0.143212
425,0,0,0.0,0.9273615,0.052487124,0.020151671,0.030969
425,0,0,0.0,0.9832038,0.013103299,0.0036930852,0.044775
425,0,0,0.0,0.8599815,0.09423173,0.04578699,1.030919
425,0,0,0.0,0.96461964,0.02950121,0.005879453,1.361378
425,0,0,4.470348358154297e-08,0.9647756,0.029012304,0.0062120133,1.249135
425,0,0,5.960464477539063e-08,0.92599034,0.056064673,0.01794498,1.136893
425,0,0,2.9802322387695312e-08,0.9312727,0.04908823,0.019638998,1.02465
425,0,0,0.0,0.8147054,0.12142963,0.06386508,0.912408
425,0,0,0.0,0.9881162,0.008445611,0.003438423,0.21067
425,0,0,0.0,0.9315786,0.048491042,0.019930659,1.196814
425,0,0,0.0,0.9563414,0.034242667,0.009415961,2.182957
425,0,0,0.0,0.9552598,0.034856807,0.009883467,2.242816
425,0,0,0.0,0.93535614,0.04171078,0.022933146,2.130574
425,0,0,0.0,0.9372539,0.046994522,0.015751688,1.528086
425,0,0,5.960464477539063e-08,0.81522477,0.1240464,0.06072874,0.585471
425,0,0,0.0,0.969523,0.02301739,0.0074596717,0.376565
425,0,0,0.0,0.9204693,0.05522456,0.024306212,1.362708
425,0,0,0.0,0.9381985,0.04813571,0.013665903,2.348852
425,0,0,0.0,0.93497366,0.050173394,0.014853208,3.236497
425,0,0,0.0,0.9120617,0.066859856,0.021078674,2.330578
425,0,0,0.0,0.9182195,0.058221344,0.023559231,1.332496
425,0,0,0.0,0.7902961,0.12977098,0.07993293,0.334415
425,0,0,0.0,0.7766384,0.17748229,0.045879442,0.54246
425,0,0,0.0,0.91988534,0.06417385,0.015940867,1.528603
425,0,0,0.0,0.884441,0.07676135,0.038797688,2.514747
425,0,0,0.0,0.8819589,0.08010829,0.037933003,3.009789
425,0,0,0.0,0.9083311,0.07090624,0.020762742,2.220087
425,0,0,0.0,0.8914379,0.07042674,0.038135465,1.301553
425,0,0,0.0,0.75291103,0.12583579,0.121253386,0.383019
425,0,0,0.0,0.8485738,0.12079382,0.030632507,0.708355
425,0,0,0.0,0.8403512,0.11131068,0.048338108,1.694498
425,0,0,0.0,0.8170366,0.13114865,0.051814865,1.956681
425,0,0,0.0,0.79956913,0.1383737,0.062057283,2.011281
425,0,0,0.0,0.8640427,0.08381793,0.052139442,1.824746
425,0,0,0.0,0.69378734,0.13703433,0.16917829,0.906212
425,0,0,0.0,0.633326,0.32553792,0.04113602,0.848973
425,0,0,0.0,0.8570289,0.12159641,0.02137489,0.903573
425,0,0,0.0,0.81662285,0.16066375,0.022713492,0.958173
425,0,0,0.0,0.8185369,0.1581098,0.02335334,1.012773
425,0,0,0.0,0.7625136,0.19559996,0.04188649,1.067372
425,0,0,0.0,0.37565514,0.2749934,0.34935164,0.51087
425,0,0,0.0,0.87583894,0.11400645,0.01015477,0.014264
425,0,0,0.0,0.9616911,0.036308233,0.002000765,0.068864
425,0,0,0.0,0.84795636,0.13563529,0.016408538,0.115528
257,0,2,0.0,0.16050139,0.17254096,0.66695774,0.124464
257,0,2,0.0,0.29178736,0.3340856,0.37412712,0.652433
257,0,0,0.0,0.35674244,0.32842422,0.31483346,1.011401
257,0,0,0.0,0.44794667,0.32953236,0.22252108,0.549511
257,0,2,0.0,0.049911313,0.014946586,0.93514216,0.087621
257,0,0,0.0,0.67922825,0.089965634,0.23080617,0.399069
257,0,0,0.0,0.7774702,0.18290533,0.039624527,1.221417
257,0,0,0.0,0.75827926,0.20407562,0.0376452,1.779279
257,0,0,0.0,0.8419935,0.06103612,0.096970424,0.992263
257,0,2,0.0,0.020477356,0.011782093,0.96774054,0.205247
257,0,2,0.0,0.26610255,0.078906015,0.65499145,0.145705
257,0,0,0.0,0.7109997,0.21549226,0.073508084,0.968053
257,0,0,2.9802322387695312e-08,0.91650975,0.02245159,0.061038695,1.790401
257,0,0,0.0,0.9012441,0.030145,0.06861108,1.162347
257,0,2,5.960464477539063e-08,0.3431413,0.04133177,0.6155269,0.375331
257,0,0,0.0,0.5903898,0.25217244,0.15743789,0.657968
257,0,0,0.0,0.90782785,0.021349262,0.07082298,1.520855
257,0,0,0.0,0.84617275,0.023177328,0.13065007,1.33243
257,0,0,2.9802322387695312e-08,0.86648864,0.02861341,0.10489781,0.545414
257,0,1,5.960464477539063e-08,0.007160806,0.815951,0.1768882,0.166439
257,0,2,0.0,0.099999495,0.05062313,0.8493776,0.779348
257,0,2,0.0,0.24880673,0.053329542,0.6978637,1.062897
257,0,2,0.0,0.45311928,0.0515262,0.4953547,0.715498
257,0,2,8.940696716308594e-08,0.027359886,0.052465864,0.9201742,0.090584
257,0,2,0.0,0.046637468,0.08378155,0.86958116,0.098565
78,0,2,1.4901161193847656e-08,0.05022307,0.0040142634,0.94576275,0.663241
78,0,0,0.0,0.73296547,0.036180746,0.23085396,0.834268
78,0,0,0.0,0.80998623,0.101228274,0.088785484,0.602501
78,0,0,5.960464477539063e-08,0.9315439,0.017563974,0.050892036,0.265671
78,0,0,0.0,0.9653187,0.030935718,0.003745825,1.183243
78,0,0,8.940696716308594e-08,0.9353964,0.058121044,0.006482568,0.793194
78,0,0,0.0,0.9545121,0.039457295,0.006030656,0.785673
78,0,0,0.0,0.8493566,0.11723608,0.03340742,0.498209
78,0,0,0.0,0.7129823,0.17247133,0.114546426,0.002238
78,0,0,0.0,0.5838185,0.27534175,0.14083987,0.021177
414,0,0,0.0,0.7617115,0.14398916,0.09429947,0.245337
414,0,0,0.0,0.9345898,0.048865624,0.016544528,0.109224
414,0,0,0.0,0.793148,0.13350528,0.073346935,0.0172
414,0,0,0.0,0.8634359,0.107529715,0.029034475,0.990829
414,0,0,0.0,0.93132704,0.055526264,0.013146695,0.936301
414,0,0,0.0,0.9261136,0.06089077,0.012995725,0.776267
414,0,0,0.0,0.9172298,0.067542374,0.015227855,0.616233
414,0,0,2.9802322387695312e-08,0.91133946,0.06969578,0.018964786,0.456199
414,0,0,0.0,0.9148389,0.06792233,0.01723894,0.296165
414,0,0,5.960464477539063e-08,0.7691419,0.19244395,0.0384142,0.13613
414,0,0,0.0,0.89634293,0.07586179,0.027795326,0.762692
414,0,0,0.0,0.9397079,0.048608724,0.0116835665,1.736321
414,0,0,0.0,0.94030756,0.0475996,0.0120930495,1.763379
414,0,0,0.0,0.93725014,0.04901595,0.013734215,1.603344
414,0,0,0.0,0.940351,0.046944667,0.0127043985,1.44331
414,0,0,0.0,0.9293896,0.056302503,0.014307865,1.240676
414,0,0,0.0,0.71498346,0.2487929,0.036223777,0.309941
414,0,0,0.0,0.8765375,0.08596201,0.037500527,0.534555
414,0,0,0.0,0.89784974,0.08463028,0.017520126,1.508184
414,0,0,0.0,0.9360194,0.051919356,0.012061353,2.481813
414,0,0,0.0,0.9393262,0.04856906,0.012104872,2.590456
414,0,0,2.9802322387695312e-08,0.89859647,0.083776936,0.017626656,1.805715
414,0,0,0.0,0.8930475,0.09026511,0.016687294,0.87498
414,0,0,0.0,0.7975406,0.14319257,0.05926701,0.306418
414,0,0,2.9802322387695312e-08,0.90801674,0.07546993,0.01651324,1.280047
414,0,0,0.0,0.9448227,0.044631545,0.01054586,2.253676
414,0,0,0.0,0.94457,0.04475099,0.010679109,2.370754
414,0,0,0.0,0.9078288,0.07635171,0.015819633,1.440019
414,0,0,0.0,0.87247896,0.110891,0.016630054,0.509285
414,0,0,0.0,0.7570357,0.16060892,0.082355455,0.078281
414,0,0,0.0,0.9399285,0.047865067,0.012206386,1.05191
414,0,0,2.9802322387695312e-08,0.9490361,0.040394675,0.010569057,2.025539
414,0,0,0.0,0.9423696,0.045432463,0.012198059,2.005058
414,0,0,8.940696716308594e-08,0.8833143,0.08390739,0.03277824,1.074324
414,0,0,8.940696716308594e-08,0.8496099,0.13145824,0.018931791,0.143589
414,0,0,0.0,0.9150821,0.06089246,0.024025617,0.823773
414,0,0,0.0,0.9081454,0.072223574,0.019630969,1.797402
414,0,0,0.0,0.92789286,0.057778884,0.0143283075,1.639363
414,0,0,0.0,0.8764396,0.09958422,0.023976231,0.708628
414,0,0,2.9802322387695312e-08,0.88480675,0.07795616,0.037237033,0.595636
414,0,0,2.9802322387695312e-08,0.9318964,0.049754363,0.018349277,1.569265
414,0,0,0.0,0.940393,0.04514463,0.014462482,1.273667
414,0,0,0.0,0.7764094,0.17768529,0.045905437,0.342933
414,0,0,0.0,0.8848449,0.082483836,0.032671303,0.367499
414,0,0,0.0,0.9166045,0.06279359,0.020601857,1.341128
414,0,0,0.0,0.9174132,0.061950874,0.020636018,0.914475
414,0,0,2.9802322387695312e-08,0.8770848,0.086894035,0.036021385,0.139362
414,0,0,0.0,0.82295364,0.1337036,0.04334278,1.112991
414,0,0,0.0,0.7961979,0.14916793,0.054634362,0.555723
414,0,0,5.960464477539063e-08,0.6193605,0.29332006,0.08731942,0.884854
414,0,0,5.960464477539063e-08,0.6252017,0.28660414,0.08819422,0.196333
414,0,0,0.0,0.48674536,0.3738551,0.13939947,0.656717
414,0,0,5.960464477539063e-08,0.5486304,0.32975167,0.12161792,0.393088
414,0,0,5.960464477539063e-08,0.53642225,0.31740057,0.14617713,0.026311
5,0,0,0.0,0.9690487,0.027303623,0.003647879,0.074028
5,0,0,0.0,0.98706055,0.01135882,0.0015807666,0.710335
5,0,0,5.960464477539063e-08,0.98787737,0.010232619,0.0018898535,0.69195
5,0,0,0.0,0.9774262,0.019243497,0.003330416,0.673565
5,0,0,0.0,0.98174804,0.015744073,0.0025079278,0.655179
5,0,0,0.0,0.9221592,0.0710606,0.0067802323,0.636794
5,0,0,0.0,0.9223123,0.06715263,0.010535174,0.618409
5,0,0,0.0,0.9379284,0.029715262,0.032356273,0.600024
5,0,2,0.0,0.2707551,0.022541877,0.70670307,0.30612
5,0,0,0.0,0.9294864,0.0646185,0.00589534,0.089155
5,0,0,0.0,0.97100556,0.025610637,0.003383687,1.08904
5,0,0,0.0,0.951646,0.044056147,0.004297959,1.691781
5,0,0,0.0,0.9794159,0.01808776,0.002496526,1.673396
5,0,0,0.0,0.9746437,0.022723533,0.0026327588,1.65501
5,0,0,0.0,0.9727898,0.023804583,0.0034055323,1.636625
5,0,0,0.0,0.98254997,0.01505603,0.002394006,1.61824
5,0,0,0.0,0.7401,0.053254817,0.20664515,1.321328
5,0,2,0.0,0.053436134,0.109918445,0.8366455,0.321445
5,0,0,0.0,0.9637243,0.032496426,0.003779253,0.104281
5,0,0,0.0,0.9782992,0.018877164,0.0028237111,1.104167
5,0,0,0.0,0.96759737,0.02950458,0.002898122,2.104053
5,0,0,5.21540641784668e-08,0.9791347,0.018809492,0.0020557693,2.673227
5,0,0,0.0,0.97076184,0.026781008,0.0024571016,2.654841
5,0,0,0.0,0.97588384,0.021236727,0.0028794613,2.636456
5,0,0,0.0,0.9510632,0.042953808,0.005983109,2.336535
5,0,0,0.0,0.8602039,0.051721655,0.08807453,1.336653
5,0,2,0.0,0.1606899,0.06261914,0.776691,0.33677
5,0,0,0.0,0.9713918,0.025590044,0.0030181475,0.119408
5,0,0,0.0,0.9662027,0.030151542,0.0036459838,1.119293
5,0,0,0.0,0.9493958,0.045948394,0.0046559144,2.119179
5,0,0,0.0,0.95221806,0.040955093,0.006826939,3.119065
5,0,0,0.0,0.94143003,0.052422956,0.006147308,3.654672
5,0,0,0.0,0.9695949,0.026886541,0.003518716,3.351743
5,0,0,0.0,0.9624624,0.031735223,0.005802483,2.351861
5,0,0,0.0,0.92632675,0.049419142,0.02425432,1.351978
5,0,2,0.0,0.38840953,0.024884965,0.5867055,0.352095
5,0,0,0.0,0.9496876,0.045221772,0.0050906455,0.134534
5,0,0,0.0,0.9718642,0.02563431,0.0025015394,1.13442
5,0,0,0.0,0.9254932,0.062969096,0.011537778,2.134306
5,0,0,0.0,0.9272532,0.060787264,0.011959652,3.134191
5,0,0,0.0,0.9654517,0.03049092,0.004057415,3.190459
5,0,0,0.0,0.9289223,0.06430722,0.006770495,3.196426
5,0,0,0.0,0.9448067,0.047522116,0.007671196,2.367186
5,0,0,0.0,0.883122,0.083548285,0.033329796,1.367303
5,0,2,5.960464477539063e-08,0.2312141,0.013813838,0.75497216,0.367421
5,0,0,0.0,0.90374964,0.084162414,0.012087879,0.149661
5,0,0,0.0,0.9335948,0.05728002,0.00912511,1.149546
5,0,0,1.4901161193847656e-08,0.9428946,0.050143663,0.006961811,2.149432
5,0,0,0.0,0.9428549,0.04976173,0.0073833955,2.184509
5,0,0,0.0,0.9837323,0.012486006,0.0037817678,2.190477
5,0,0,0.0,0.9846383,0.012951838,0.002410017,2.196444
5,0,0,0.0,0.9806913,0.015362334,0.0039462885,2.202412
5,0,0,0.0,0.94571257,0.04150365,0.012783859,1.382629
5,0,2,0.0,0.34822083,0.008600863,0.64317834,0.382746
5,0,0,0.0,0.92104757,0.072430104,0.006522429,0.164787
5,0,0,0.0,0.96616,0.030917747,0.0029222397,1.164673
5,0,0,0.0,0.8943636,0.088693045,0.01694351,1.178559
5,0,0,0.0,0.8785502,0.10354484,0.017904937,1.184527
5,0,0,0.0,0.9890122,0.009214645,0.0017732651,1.190494
5,0,0,0.0,0.9536896,0.03541867,0.01089189,1.196462
5,0,0,0.0,0.9428429,0.04770527,0.009451967,1.20243
5,0,0,0.0,0.6812389,0.24547702,0.073284164,1.208397
5,0,0,5.960464477539063e-08,0.73197937,0.01764206,0.25037867,0.398071
5,0,2,0.0,0.17625059,0.009965588,0.8137839,0.166641
5,0,0,0.0,0.9645535,0.01550325,0.019943327,0.172609
5,0,0,0.0,0.95189804,0.022464763,0.025637275,0.178577
5,0,0,0.0,0.96173763,0.020486364,0.017776301,0.184545
5,0,0,0.0,0.9923925,0.0030610661,0.0045465943,0.190512
5,0,0,0.0,0.988706,0.008200553,0.0030933842,0.19648
5,0,2,0.0,0.09698118,0.019253576,0.88376534,0.202448
5,0,0,0.0,0.9281235,0.016636517,0.05524008,0.208415
5,0,0,0.0,0.934642,0.032360997,0.032997,0.214383
45,0,2,0.0,0.041601222,0.03952815,0.9188706,0.334286
45,0,2,0.0,0.19319282,0.10304132,0.7037659,0.09564
45,0,0,0.0,0.6190774,0.09273522,0.28818753,0.216547
45,0,0,0.0,0.7348132,0.07451548,0.19067152,1.036035
45,0,0,0.0,0.73849624,0.09612108,0.16538276,1.066746
45,0,0,0.0,0.7615427,0.10189744,0.13656011,0.8281
45,0,0,0.0,0.7731708,0.09552316,0.1313061,0.589453
45,0,0,0.0,0.64177275,0.10132771,0.25689965,0.350806
45,0,0,0.0,0.801315,0.07129486,0.12739015,0.11216
45,0,0,0.0,0.58027893,0.14843535,0.27128577,0.789642
45,0,0,0.0,0.6570655,0.13021387,0.21272069,1.609131
45,0,0,5.960464477539063e-08,0.6949388,0.10622188,0.19883934,2.037853
45,0,0,0.0,0.781717,0.09775288,0.120530255,1.799206
45,0,0,0.0,0.8487015,0.068162754,0.08313581,1.215275
45,0,0,0.0,0.84943676,0.07455594,0.07600752,0.507085
45,0,0,0.0,0.7735439,0.12059375,0.10586251,0.253067
45,0,0,0.0,0.80027646,0.108848944,0.09087467,0.9306
45,0,0,0.0,0.7675729,0.112127066,0.120300144,1.608133
45,0,0,0.0,0.80411726,0.0869016,0.10898128,1.217442
45,0,0,5.960464477539063e-08,0.8389401,0.07574455,0.08531536,0.509252
45,0,0,0.0,0.72275066,0.13276777,0.14448178,0.195108
45,0,0,0.0,0.7071457,0.07641656,0.21643788,0.872641
45,0,0,0.0,0.77049965,0.08174531,0.14775522,0.51142
424,0,0,0.0,0.9483685,0.042491484,0.009140155,0.429544
424,0,0,0.0,0.970162,0.02548091,0.004357215,0.351777
424,0,0,0.0,0.96668625,0.028424192,0.004889672,0.27401
424,0,0,0.0,0.95112705,0.04227382,0.0065992856,0.196243
424,0,0,0.0,0.9481773,0.0450242,0.006798761,0.118476
424,0,0,0.0,0.9574171,0.03679224,0.005790636,0.040709
424,0,0,4.470348358154297e-08,0.95629334,0.035909485,0.0077971523,0.045083
424,0,0,0.0,0.9785785,0.017562358,0.0038592443,1.033224
424,0,0,0.0,0.98060894,0.016413828,0.0029772285,1.348749
424,0,0,0.0,0.97990936,0.016832478,0.0032583624,1.270982
424,0,0,0.0,0.9734537,0.021432376,0.0051138164,1.193215
424,0,0,0.0,0.9567386,0.035710733,0.0075507136,1.115448
424,0,0,0.0,0.9592806,0.034179747,0.0065397667,1.037681
424,0,0,0.0,0.9642237,0.029147265,0.0066292384,0.959914
424,0,0,0.0,0.9242277,0.060275532,0.015496901,0.882147
424,0,0,0.0,0.72762966,0.23955709,0.03281332,0.223367
424,0,0,0.0,0.936295,0.053884175,0.009820906,0.198634
424,0,0,0.0,0.9705574,0.025646351,0.0037963318,1.186774
424,0,0,0.0,0.98127526,0.015524208,0.0032006083,2.174915
424,0,0,0.0,0.9755355,0.020314598,0.0041497773,2.267953
424,0,0,5.960464477539063e-08,0.9784494,0.017562559,0.0039879708,2.190186
424,0,0,0.0,0.9758464,0.020075323,0.0040782667,2.11242
424,0,0,0.0,0.9745826,0.021049963,0.004367372,2.034653
424,0,0,0.0,0.9754414,0.018392514,0.006166067,1.956886
424,0,0,0.0,0.92289925,0.05681223,0.020288713,1.008212
424,0,0,0.0,0.91921085,0.06393195,0.016857266,0.027568
424,0,0,0.0,0.9477886,0.04442959,0.0077818567,0.352184
424,0,0,0.0,0.97399527,0.02242567,0.0035790254,1.340325
424,0,0,0.0,0.9808885,0.016245175,0.0028664854,2.328466
424,0,0,0.0,0.97401273,0.021891832,0.004095544,3.264925
424,0,0,2.9802322387695312e-08,0.9683134,0.02652131,0.005165205,3.187158
424,0,0,0.0,0.96870595,0.026707366,0.0045868424,3.109391
424,0,0,0.0,0.9690032,0.026081856,0.004914993,2.7737
424,0,0,0.0,0.9660774,0.026285417,0.0076372167,1.793056
424,0,0,0.0,0.92146456,0.06108026,0.017455202,0.812412
424,0,0,0.0,0.9597369,0.033736967,0.0065263244,0.505735
424,0,0,0.0,0.9701071,0.025842927,0.004050164,1.493876
424,0,0,0.0,0.9665062,0.029103754,0.004390114,2.482017
424,0,0,0.0,0.96476275,0.030652367,0.004585012,2.521945
424,0,0,0.0,0.9642572,0.030321281,0.0054216594,2.547601
424,0,0,0.0,0.97411245,0.02151188,0.0043757856,2.573257
424,0,0,7.450580596923828e-08,0.97144043,0.023321887,0.005237549,2.577901
424,0,0,0.0,0.9408532,0.046870776,0.012276179,1.597257
424,0,0,2.9802322387695312e-08,0.880242,0.10317311,0.016584907,0.616613
424,0,0,0.0,0.9401021,0.050999094,0.00889899,0.659286
424,0,0,0.0,0.9562482,0.038200222,0.0055517685,1.470962
424,0,0,0.0,0.93943024,0.05303129,0.0075387554,1.496618
424,0,0,0.0,0.940878,0.05215732,0.006964846,1.522274
424,0,0,0.0,0.96894735,0.026643138,0.0044097835,1.54793
424,0,0,0.0,0.9582228,0.0358908,0.005886531,1.573586
424,0,0,0.0,0.95812285,0.035594985,0.006282302,1.599242
424,0,0,5.960464477539063e-08,0.9417196,0.048310857,0.009969572,1.401457
424,0,0,0.0,0.74346936,0.23349656,0.023034176,0.420813
424,0,0,0.0,0.82776254,0.14593524,0.02630233,0.445635
424,0,0,0.0,0.94818413,0.044787567,0.0070283134,0.471291
424,0,0,2.9802322387695312e-08,0.932799,0.05852445,0.008676603,0.496947
424,0,0,0.0,0.87950563,0.105821505,0.014672844,0.522603
424,0,0,0.0,0.94022954,0.05161069,0.008159882,0.548259
424,0,0,0.0,0.94651335,0.046025023,0.0074617136,0.573915
424,0,0,5.960464477539063e-08,0.9441654,0.04810103,0.0077335266,0.599572
424,0,0,0.0,0.90040016,0.084334195,0.015265807,0.625228
424,0,0,0.0,0.5787927,0.39031807,0.030889418,0.225014
144,0,0,0.0,0.5398488,0.35801676,0.10213454,0.432451
144,0,0,0.0,0.64743024,0.28385475,0.068715096,0.195919
144,0,0,0.0,0.5594754,0.309163,0.13136165,0.058976
144,0,0,0.0,0.45342523,0.36260742,0.18396753,0.414611
139,0,0,0.0,0.8523334,0.12318969,0.024476938,0.369778
139,0,0,0.0,0.83422005,0.15266767,0.013112305,0.713389
139,0,0,1.4901161193847656e-08,0.95959777,0.03633563,0.0040665125,0.176199
139,0,0,0.0,0.7808196,0.20541719,0.013763186,0.117888
139,0,0,0.0,0.7686731,0.2084345,0.022892356,1.057
139,0,0,0.0,0.9691015,0.027537731,0.0033609397,0.6965
139,0,0,0.0,0.88130957,0.09506635,0.023624195,0.461499
139,0,0,5.960464477539063e-08,0.9258448,0.067173906,0.006981325,1.400611
139,0,0,0.0,0.9391901,0.054247048,0.006562921,1.216801
139,0,0,0.0,0.92047274,0.072134204,0.007393105,0.362817
139,0,0,0.0,0.89371675,0.09487459,0.011408847,0.174133
139,0,0,0.0,0.8528881,0.13255313,0.014558853,0.879762
139,0,0,0.0,0.93249315,0.058756866,0.008750131,1.744257
139,0,0,0.0,0.95715374,0.03727587,0.0055703945,1.737101
139,0,0,0.0,0.9330673,0.060129654,0.006803129,0.820309
139,0,0,0.0,0.80410016,0.17972624,0.016173672,0.177515
139,0,0,0.0,0.85134304,0.13343543,0.015221698,0.882929
139,0,0,0.0,0.82609266,0.15511928,0.01878817,1.588343
139,0,0,0.0,0.8948082,0.093393676,0.011798211,2.29387
139,0,0,0.0,0.9251451,0.066057414,0.008797692,2.019024
139,0,0,0.0,0.95118326,0.043475855,0.0053410186,1.044472
139,0,0,0.0,0.9291469,0.0627141,0.008139003,0.069921
139,0,0,0.0,0.85603106,0.12778816,0.01618083,0.180898
139,0,0,0.0,0.8735137,0.11364416,0.01284217,0.886311
139,0,0,0.0,0.9061924,0.08258157,0.011226015,1.591725
139,0,0,0.0,0.90420926,0.08324034,0.012550474,2.192565
139,0,0,0.0,0.9002334,0.08513543,0.014631238,2.013294
139,0,0,0.0,0.9221534,0.06880838,0.009038387,1.834023
139,0,0,0.0,0.94933075,0.045476947,0.0051924875,1.268636
139,0,0,0.0,0.9262409,0.065650746,0.008108486,0.294084
139,0,0,0.0,0.72552073,0.23917687,0.035302516,0.014639
139,0,0,0.0,0.72995204,0.23804311,0.032004867,0.267847
139,0,0,0.0,0.8660679,0.11752682,0.016405394,0.521055
139,0,0,0.0,0.82309395,0.14363839,0.033267673,0.889756
139,0,0,0.0,0.84373856,0.12778004,0.028481567,1.567307
139,0,0,0.0,0.858759,0.113358565,0.027882561,1.388036
139,0,0,0.0,0.8657837,0.10757484,0.026641589,1.208765
139,0,0,0.0,0.8334455,0.13284016,0.03371458,1.029494
139,0,0,0.0,0.874919,0.10754897,0.01753212,0.850223
139,0,0,0.0,0.9186703,0.07179413,0.009535603,0.670952
139,0,0,0.0,0.92695063,0.064328626,0.00872079,0.491681
139,0,0,0.0,0.8311138,0.1416726,0.027213626,0.577572
139,0,0,0.0,0.8417582,0.13156989,0.026672062,0.715858
139,0,0,0.0,0.8575553,0.11791206,0.02453284,0.730082
139,0,0,0.0,0.8310585,0.14126185,0.027679767,0.98205
139,0,0,0.0,0.8010098,0.15998617,0.039003983,1.235259
139,0,0,1.1920928955078125e-07,0.7962842,0.16836146,0.035354342,1.122702
139,0,0,0.0,0.80848354,0.16320379,0.028312728,0.838753
139,0,0,0.0,0.9237651,0.06563483,0.010600182,0.583507
139,0,0,0.0,0.9337568,0.056727625,0.00951568,0.404236
139,0,0,0.0,0.9309445,0.057974927,0.011080614,0.224965
139,0,0,0.0,0.9526218,0.040144023,0.0072342274,0.045694
139,0,0,0.0,0.8553432,0.11958372,0.025073165,0.732566
139,0,0,0.0,0.85379976,0.123256706,0.022943687,1.299658
139,0,0,0.0,0.8782437,0.102327526,0.019428896,1.015709
139,0,0,0.0,0.81170905,0.15498737,0.03330351,0.73176
139,0,0,0.0,0.8970684,0.086741336,0.016190346,0.447812
139,0,0,0.0,0.92635936,0.059677854,0.013962889,0.163863
139,0,0,0.0,0.7793049,0.1872684,0.03342667,0.624768
139,0,0,0.0,0.78458077,0.18722488,0.02819438,0.340819
139,0,0,0.0,0.8919269,0.09272437,0.015348928,0.05687
139,0,0,0.0,0.56888384,0.2659324,0.16518381,0.197888
368,0,0,0.0,0.9514894,0.041722454,0.006788391,0.737537
368,0,0,0.0,0.94766015,0.0431606,0.009179417,0.738658
368,0,0,0.0,0.95058596,0.04035183,0.009062343,0.729173
368,0,0,4.470348358154297e-08,0.9562398,0.034558028,0.00920214,0.276762
368,0,0,0.0,0.9384513,0.0514379,0.010110864,0.691102
368,0,0,0.0,0.96082824,0.031910963,0.007260855,1.690024
368,0,0,4.470348358154297e-08,0.96385884,0.029511405,0.006629785,1.262058
368,0,0,0.0,0.95182174,0.039642066,0.00853625,0.262165
368,0,0,0.0,0.9645787,0.028326435,0.0070950356,0.644667
368,0,0,0.0,0.9597285,0.032921754,0.0073498776,1.580924
368,0,0,0.0,0.959489,0.033577442,0.0069336477,1.247461
368,0,0,0.0,0.94229984,0.045572616,0.012127675,0.247568
368,0,0,7.450580596923828e-08,0.96201384,0.028899439,0.009086813,0.598232
368,0,0,0.0,0.94691217,0.04413284,0.008954919,0.585691
368,0,0,0.0,0.94290006,0.048069328,0.009030646,0.488166
368,0,0,0.0,0.95244884,0.039668083,0.007883105,0.232971
355,0,0,0.0,0.9636337,0.02433481,0.012031552,0.10073
355,0,0,0.0,0.96547407,0.025772357,0.008753829,0.49706
355,0,0,0.0,0.96797276,0.023495805,0.008531644,0.780819
355,0,0,5.960464477539063e-08,0.9361197,0.038230762,0.02564957,0.500887
355,0,0,0.0,0.9430953,0.04418136,0.012723368,0.806487
355,0,0,0.0,0.968737,0.023376059,0.007886956,1.425866
355,0,0,1.4901161193847656e-08,0.955545,0.026582936,0.017872138,0.462647
355,0,0,0.0,0.9242811,0.027950417,0.047768574,0.164992
355,0,0,0.0,0.9296266,0.03594672,0.034426738,1.115915
355,0,0,0.0,0.9217276,0.047028046,0.031244382,1.157149
355,0,0,0.0,0.9068261,0.0643555,0.028818509,0.19393
355,0,2,0.0,0.11990807,0.081172906,0.7989192,0.363415
355,0,2,0.0,0.16246381,0.09181116,0.7457251,0.556426
355,0,2,0.0,0.33592817,0.11215736,0.5519145,0.749437
440,0,0,2.9802322387695312e-08,0.84969753,0.12803744,0.022265071,0.111939
440,0,0,5.960464477539063e-08,0.7929474,0.1488796,0.058173075,0.634491
440,0,0,0.0,0.56164795,0.34991878,0.088433325,0.036095
440,0,0,5.960464477539063e-08,0.59399205,0.2774201,0.12858798,0.795097
440,0,0,0.0,0.7461854,0.20560819,0.048206456,0.079355
440,0,0,0.0,0.63912195,0.23964202,0.12123621,0.629959
440,0,1,0.0,0.28408903,0.58005756,0.13585351,0.015237
440,0,0,0.0,0.74750924,0.2053843,0.047106523,0.290513
440,0,0,0.0,0.8413496,0.13210528,0.02654521,1.267965
440,0,0,5.960464477539063e-08,0.5892869,0.3395138,0.07119934,0.549308
440,0,0,0.0,0.79890686,0.15747422,0.043619018,0.501672
440,0,0,0.0,0.8641369,0.106197745,0.029665465,1.479123
440,0,0,5.960464477539063e-08,0.7138778,0.23502518,0.05109708,0.698555
440,0,0,0.0,0.6454694,0.27963346,0.07489723,0.100241
440,0,0,5.960464477539063e-08,0.8803207,0.08807796,0.031601287,0.71283
440,0,0,0.0,0.875988,0.09538324,0.028628923,1.690281
440,0,0,0.0,0.8980941,0.08589989,0.016006164,1.499389
440,0,0,0.0,0.8798613,0.09996653,0.020172346,0.902752
440,0,0,0.0,0.86208725,0.11647359,0.021439256,0.306114
440,0,0,0.0,0.90466785,0.08035068,0.0149817495,0.923988
440,0,0,0.0,0.80796903,0.14703336,0.044997726,1.90144
440,0,0,5.960464477539063e-08,0.79292357,0.16241784,0.044658676,2.3019
440,0,0,0.0,0.7856742,0.16947614,0.044849694,1.705263
440,0,0,0.0,0.72271764,0.22058491,0.05669758,1.108625
440,0,0,0.0,0.7077084,0.2225833,0.069708414,0.511987
440,0,0,0.0,0.7583151,0.20398194,0.037703153,0.157694
440,0,0,0.0,0.84421456,0.13278802,0.022997448,1.135146
440,0,0,0.0,0.7771903,0.18167268,0.041136958,2.112598
440,0,0,0.0,0.8579092,0.116616726,0.025474228,3.09005
440,0,0,0.0,0.85226643,0.11947537,0.028258244,2.507773
440,0,0,0.0,0.80913365,0.15694109,0.033925284,1.911136
440,0,0,0.0,0.8349199,0.12799156,0.037088595,1.314498
440,0,0,0.0,0.77241004,0.19007337,0.037516642,0.71786
440,0,0,0.0,0.50535524,0.39670497,0.09793992,0.121223
440,0,0,0.0,0.7749158,0.19167185,0.033412546,0.368852
440,0,0,0.0,0.77354586,0.17420456,0.052249648,1.346304
440,0,0,0.0,0.8022751,0.16087958,0.03684544,2.323756
440,0,0,0.0,0.8681881,0.114648014,0.01716388,3.301208
440,0,0,0.0,0.8644993,0.118004695,0.017496208,3.310284
440,0,0,0.0,0.78257465,0.17969811,0.037727404,2.713646
440,0,0,0.0,0.7860155,0.16596332,0.04802121,2.117009
440,0,0,0.0,0.8376383,0.12771547,0.03464648,1.520371
440,0,0,0.0,0.7698098,0.16450955,0.06568079,1.034792
440,0,0,0.0,0.63451695,0.31983104,0.045652132,0.710049
440,0,0,0.0,0.7120145,0.25964868,0.028336896,0.018718
440,0,0,5.960464477539063e-08,0.8383477,0.13662481,0.025027623,0.58001
440,0,0,0.0,0.7839495,0.16994384,0.046106745,1.557462
440,0,0,0.0,0.83442223,0.14187351,0.023704436,2.534914
440,0,0,0.0,0.83195126,0.1458222,0.022226613,3.037275
440,0,0,0.0,0.85742617,0.12141567,0.021158287,3.27577
440,0,0,0.0,0.83457375,0.14291698,0.022509364,3.514265
440,0,0,0.0,0.8146111,0.15861802,0.026770934,2.91952
440,0,0,5.960464477539063e-08,0.768427,0.18253046,0.049042623,2.342623
440,0,0,0.0,0.7853704,0.17123513,0.04339452,1.823753
440,0,0,0.0,0.7567606,0.2221561,0.021083383,0.837781
440,0,0,0.0,0.6913751,0.2540815,0.054543447,0.791168
440,0,0,0.0,0.8072233,0.16384943,0.028927486,1.589141
440,0,0,0.0,0.83442795,0.14296481,0.022607323,1.827636
440,0,0,0.0,0.8416819,0.13857894,0.01973939,2.066131
440,0,0,0.0,0.87264293,0.10975922,0.017597977,2.304626
440,0,0,0.0,0.8533935,0.12488198,0.021724632,2.543121
440,0,0,5.960464477539063e-08,0.8253681,0.14744703,0.027184838,2.781616
440,0,0,0.0,0.8500633,0.12724242,0.022694329,2.642816
440,0,0,0.0,0.81853354,0.1563603,0.025106214,1.656844
440,0,0,0.0,0.8434648,0.14610668,0.010428714,0.670872
440,0,0,0.0,0.4885937,0.46092492,0.050481405,0.024874
440,0,0,0.0,0.5045736,0.43239695,0.06302953,0.379502
440,0,0,1.1920928955078125e-07,0.55243886,0.3944046,0.05315662,0.617997
440,0,0,0.0,0.72336566,0.24476252,0.03187194,0.856493
440,0,0,0.0,0.71796286,0.24818112,0.033856206,1.094988
440,0,0,0.0,0.7761349,0.19744803,0.0264171,1.333483
440,0,0,0.0,0.79242164,0.17719713,0.030381309,1.571978
440,0,0,0.0,0.8438187,0.13169003,0.024491351,1.810473
440,0,0,0.0,0.8621044,0.119206235,0.018689573,2.048968
440,0,0,0.0,0.7591215,0.20907263,0.031805962,1.489934
440,0,0,0.0,0.9709397,0.02585359,0.0032067678,0.503962
440,0,0,0.0,0.69791186,0.27760172,0.024486393,0.123844
440,0,0,5.960464477539063e-08,0.77661186,0.20112157,0.022266533,0.362339
440,0,0,0.0,0.65746045,0.30155963,0.04098003,0.600834
440,0,0,0.0,0.6498004,0.29658324,0.053616352,0.839329
440,0,0,5.960464477539063e-08,0.67526877,0.28581816,0.038913056,1.077824
440,0,0,0.0,0.7553198,0.22138874,0.023291497,1.316319
440,0,0,0.0,0.9306818,0.06501523,0.0043030283,0.337053
440,0,0,0.0,0.6152251,0.34850064,0.03627442,0.10668
440,0,0,0.0,0.73604316,0.23777324,0.02618388,0.345175
440,0,0,0.0,0.80116904,0.18848589,0.01034508,0.170143
371,0,0,0.0,0.8359694,0.12807703,0.035953756,0.323449
371,0,0,0.0,0.9183703,0.05205417,0.029575508,0.510802
371,0,0,0.0,0.7798457,0.16054907,0.059605263,0.252119
371,0,0,0.0,0.8640475,0.10212049,0.03383198,0.993991
371,0,0,0.0,0.96047825,0.02896387,0.01055794,1.255747
371,0,0,0.0,0.9176388,0.048377894,0.033983473,0.496906
371,0,0,0.0,0.8776831,0.07346271,0.04885423,0.18079
371,0,0,0.0,0.9206458,0.040706903,0.03864737,0.922662
371,0,0,0.0,0.95522916,0.03495474,0.009816126,1.363311
371,0,0,0.0,0.96926975,0.021772644,0.008957725,0.604471
371,0,0,0.0,0.9597317,0.028655335,0.011612932,0.109587
371,0,0,0.0,0.96704,0.023010932,0.009949312,0.611341
371,0,0,0.0,0.9500896,0.032734964,0.017175572,0.712035
371,0,0,0.0,0.9228989,0.041770525,0.035330683,0.060759
418,0,0,0.0,0.93173057,0.05891736,0.009352064,0.347966
418,0,0,0.0,0.9310476,0.06030616,0.00864626,0.866012
418,0,0,0.0,0.96763176,0.027622566,0.0047456664,0.880641
418,0,0,0.0,0.9598591,0.034316223,0.005824704,0.89527
418,0,0,0.0,0.94954103,0.04251461,0.007944418,0.909899
418,0,0,0.0,0.9441381,0.050170355,0.0056917043,0.924529
418,0,0,0.0,0.9589149,0.03680091,0.0042842943,0.939158
418,0,0,0.0,0.78787667,0.19367541,0.018447846,0.563356
418,0,0,5.960464477539063e-08,0.94300574,0.049505997,0.007488186,0.279889
418,0,0,0.0,0.93533033,0.057255827,0.0074138516,1.277569
418,0,0,0.0,0.97905463,0.018203175,0.0027422272,1.880534
418,0,0,0.0,0.9749784,0.021810928,0.0032108885,1.895163
418,0,0,5.960464477539063e-08,0.9616663,0.03376988,0.00456386,1.909792
418,0,0,0.0,0.96394914,0.032187756,0.003863216,1.924422
418,0,0,1.4901161193847656e-08,0.9620143,0.03415635,0.0038293337,1.652019
418,0,0,2.9802322387695312e-08,0.8433306,0.1434724,0.013197048,0.656352
418,0,0,5.21540641784668e-08,0.9785072,0.01916673,0.0023259264,0.211812
418,0,0,7.450580596923828e-09,0.97822773,0.019093549,0.0026787673,1.209492
418,0,0,0.0,0.9839025,0.0140776355,0.0020198876,2.207172
418,0,0,0.0,0.9804064,0.0170536,0.002539989,2.895056
418,0,0,0.0,0.96578413,0.029964337,0.0042516435,2.909685
418,0,0,0.0,0.97017515,0.026241584,0.003583276,2.740681
418,0,0,0.0,0.9612477,0.03466603,0.0040864227,1.745015
418,0,0,0.0,0.86971855,0.11869561,0.0115860235,0.749349
418,0,0,5.960464477539063e-08,0.97228736,0.025627986,0.0020845395,0.143735
418,0,0,0.0,0.9747618,0.022781393,0.0024569598,1.141415
418,0,0,0.0,0.9733561,0.023816,0.002828023,2.139095
418,0,0,0.0,0.9746289,0.022291407,0.0030796498,2.094622
418,0,0,0.0,0.9624349,0.033120297,0.0044449084,2.033872
418,0,0,0.0,0.94529057,0.048769046,0.0059403963,1.973121
418,0,0,0.0,0.95140314,0.043158364,0.0054385676,1.838011
418,0,0,0.0,0.89623874,0.093644135,0.0101172,0.842345
418,0,0,0.0,0.9476069,0.046913665,0.005479503,0.075657
418,0,0,1.4901161193847656e-08,0.96221966,0.03314276,0.004637517,1.073337
418,0,0,0.0,0.966968,0.02899371,0.004038454,1.15722
418,0,0,0.0,0.95555884,0.03900603,0.005435145,1.096469
418,0,0,0.0,0.9358387,0.05580876,0.008352635,1.035719
418,0,0,0.0,0.8876077,0.09918863,0.0132036,0.974968
418,0,0,2.9802322387695312e-08,0.9027188,0.08755472,0.00972656,0.914218
418,0,0,0.0,0.7308602,0.22043347,0.04870644,0.853468
418,0,0,0.0,0.7034608,0.22412972,0.07240959,0.00758
418,0,0,0.0,0.77311933,0.17867559,0.048205134,0.219817
418,0,0,0.0,0.8842923,0.0933555,0.022352332,0.159067
418,0,0,0.0,0.92103666,0.066478774,0.012484727,0.098316
418,0,0,0.0,0.7876569,0.16747884,0.04486424,0.037566
351,0,2,0.0,0.23823875,0.2432306,0.5185308,0.200865
351,0,2,0.0,0.018596197,0.01450838,0.9668956,0.909821
351,0,0,0.0,0.70772874,0.1787301,0.11354139,0.190869
351,0,2,0.0,0.19162896,0.031294417,0.7770767,1.133239
351,0,2,5.960464477539063e-08,0.07279529,0.017968288,0.9092365,0.144788
351,0,0,0.0,0.8669487,0.09983306,0.033218265,0.180873
351,0,0,0.0,0.77444595,0.13267644,0.09287776,1.150728
351,0,2,0.0,0.42242596,0.051911656,0.5256624,0.151714
351,0,0,0.0,0.8619768,0.10897252,0.02905079,0.170878
351,0,0,0.0,0.83227736,0.12356533,0.044157375,0.921175
351,0,0,0.0,0.8587801,0.05671581,0.08450409,0.059642
351,0,0,0.0,0.7828612,0.1359075,0.08123149,0.160882
351,0,0,0.0,0.7374582,0.11897415,0.14356774,0.444255
351,0,0,0.0,0.7270061,0.18584892,0.08714509,0.150886
351,0,0,0.0,0.62507415,0.2138592,0.1610667,1.027575
351,0,0,0.0,0.66773266,0.12014786,0.2121196,0.620127
351,0,0,0.0,0.6782069,0.21783394,0.103959195,0.14089
351,0,0,5.960464477539063e-08,0.58756566,0.25340578,0.15902862,1.14084
351,0,0,0.0,0.7615526,0.11287522,0.12557226,0.518371
351,0,0,5.960464477539063e-08,0.68690497,0.17064774,0.1424472,0.130894
351,0,0,5.960464477539063e-08,0.5783191,0.21900418,0.20267682,1.130845
351,0,0,0.0,0.5431273,0.17253554,0.28433734,0.220475
351,0,0,0.0,0.65262276,0.2317069,0.11567044,0.120899
351,0,0,0.0,0.61511576,0.2650445,0.119839795,0.654629
54,0,0,0.0,0.6244867,0.16694468,0.20856868,0.711112
54,0,0,5.960464477539063e-08,0.47010309,0.12045085,0.40944606,0.715664
54,0,0,0.0,0.74982166,0.08357209,0.16660635,0.605364
54,0,0,0.0,0.7506382,0.0670498,0.1823121,0.495064
54,0,0,5.960464477539063e-08,0.5413414,0.095958374,0.36270025,0.384764
54,0,2,0.0,0.4432063,0.097030416,0.4597633,0.274464
54,0,0,0.0,0.8210507,0.06124578,0.11770362,0.866725
54,0,0,0.0,0.86038923,0.07396192,0.065648995,0.897901
54,0,0,0.0,0.8066783,0.11398458,0.07933725,0.873192
54,0,0,0.0,0.8737321,0.073963135,0.052304976,0.848482
54,0,0,0.0,0.8992163,0.043385252,0.057398543,0.823773
54,0,0,0.0,0.83568805,0.028394174,0.1359178,0.799064
72,0,2,5.21540641784668e-08,0.0017299579,0.01309378,0.98517627,0.274535
72,0,0,0.0,0.5756349,0.3755682,0.04879682,0.695389
72,0,0,0.0,0.73389304,0.25458494,0.011522075,0.189602
72,0,1,2.9802322387695312e-08,0.018181313,0.8685967,0.113221996,0.480478
72,0,0,0.0,0.60524154,0.36467338,0.030085186,1.077075
72,0,0,0.0,0.6138962,0.3404826,0.04562125,1.205348
72,0,0,0.0,0.78085667,0.20230187,0.016841391,0.205474
72,0,1,0.0,0.09229866,0.61030173,0.29739967,0.381122
72,0,0,0.0,0.9927942,0.0055390545,0.0016667324,0.828594
72,0,0,0.0,0.7848588,0.19416574,0.020975562,1.285088
72,0,0,5.960464477539063e-08,0.71270573,0.2560773,0.031216944,1.879616
72,0,0,0.0,0.679133,0.28330147,0.037565637,1.22122
72,0,0,0.0,0.6904545,0.28173658,0.027809128,0.221346
72,0,0,0.0,0.75877064,0.21652569,0.024703598,0.831763
72,0,0,0.0,0.8191396,0.1537211,0.027139379,1.722892
72,0,0,0.0,0.8898239,0.09595473,0.014221536,2.170365
72,0,0,2.9802322387695312e-08,0.864287,0.12353272,0.01218021,2.236966
72,0,0,0.0,0.78025407,0.19416597,0.025579942,1.237092
72,0,0,0.0,0.7788812,0.19872014,0.02239867,0.237218
72,0,0,0.0,0.8216467,0.15878421,0.019569155,0.806985
72,0,0,0.0,0.87566817,0.106833406,0.01749841,1.765671
72,0,0,0.0,0.9029543,0.085826546,0.011219128,2.635774
72,0,0,0.0,0.85706294,0.12541583,0.017521195,2.252838
72,0,0,0.0,0.8359737,0.14738946,0.016637009,1.252964
72,0,0,0.0,0.8282008,0.15688099,0.014918339,0.253089
72,0,0,2.9802322387695312e-08,0.89503,0.09557558,0.009394439,0.402698
72,0,0,0.0,0.8976784,0.089143135,0.013178723,1.272801
72,0,0,0.0,0.90737575,0.0816961,0.010928217,2.142904
72,0,0,0.0,0.9346596,0.057325624,0.0080147525,2.268709
72,0,0,0.0,0.9082299,0.0826796,0.009090496,1.268835
72,0,0,1.1920928955078125e-07,0.7195098,0.25090316,0.029587101,0.268961
72,0,0,0.0,0.85940033,0.12345643,0.017143382,0.779932
72,0,0,0.0,0.870329,0.109635144,0.020035898,1.229451
72,0,0,0.0,0.92210865,0.06687157,0.011019872,1.31602
72,0,0,5.960464477539063e-08,0.80206794,0.17924055,0.018691445,1.284707
72,0,0,0.0,0.7753948,0.20509839,0.019506957,0.284833
72,0,0,5.960464477539063e-08,0.84622586,0.12942046,0.024353726,0.146636
72,0,0,0.0,0.8513514,0.11509556,0.033553086,0.233205
72,0,0,0.0,0.9041105,0.0779644,0.0179252,0.319774
72,0,0,0.0,0.8731389,0.111268714,0.015592415,0.406343
72,0,0,0.0,0.85746187,0.1303777,0.012160572,0.300705
406,0,0,0.0,0.64022267,0.34141332,0.01836409,0.36039
406,0,0,0.0,0.93414015,0.059756845,0.0061032013,0.110382
406,0,0,0.0,0.86469287,0.12615563,0.009151638,0.511888
406,0,0,0.0,0.83149296,0.15453301,0.013974066,1.328634
406,0,0,0.0,0.89537656,0.09475033,0.009873152,1.078626
406,0,0,0.0,0.83172953,0.15424359,0.014026945,0.407957
406,0,0,0.0,0.91656727,0.07711508,0.006317666,0.222291
406,0,0,0.0,0.8880597,0.103358865,0.008581658,1.059212
406,0,0,0.0,0.89302105,0.09668901,0.010290028,1.788302
406,0,0,0.0,0.9481817,0.046276134,0.005542188,0.884332
406,0,0,0.0,0.56998396,0.4073529,0.022663191,0.769615
406,0,0,0.0,0.97294325,0.022722417,0.0043346146,1.606536
406,0,0,1.4901161193847656e-08,0.94034505,0.052399524,0.007255497,1.360706
406,0,0,0.0,0.966628,0.028220637,0.005151551,0.456736
406,0,0,0.0,0.9100699,0.0818866,0.008043697,0.480018
406,0,0,0.0,0.8589206,0.1276122,0.013467209,1.316939
406,0,0,0.0,0.9710144,0.023707403,0.005278313,1.509596
406,0,0,0.0,0.90207726,0.08528762,0.012635146,0.93311
406,0,0,0.0,0.8572898,0.10638824,0.03632205,0.02914
406,0,1,0.0,0.1050302,0.8154935,0.07947643,0.016364
406,0,0,0.0,0.83649826,0.14827947,0.015222381,0.498052
406,0,0,0.0,0.8670999,0.111003295,0.021896906,0.503832
406,0,0,0.0,0.9224647,0.06329703,0.014238113,0.509612
406,0,0,0.0,0.7561329,0.18831518,0.055552028,0.505515
375,0,0,0.0,0.40107185,0.33956474,0.2593635,0.280845
375,0,0,0.0,0.5337634,0.31830445,0.14793214,0.054749
375,0,0,0.0,0.93222445,0.051792115,0.015983451,0.698786
375,0,0,0.0,0.8961773,0.079909146,0.02391386,1.012784
375,0,0,0.0,0.8901788,0.08347071,0.026350541,0.72613
375,0,0,5.960464477539063e-08,0.72407115,0.15510598,0.120823026,0.439477
375,0,0,0.0,0.4466984,0.29195687,0.26134476,0.048259
375,0,0,0.0,0.9401981,0.051288623,0.008513344,0.208253
375,0,0,0.0,0.9175235,0.068155594,0.014320862,1.116727
375,0,0,0.0,0.916346,0.06805489,0.015599124,1.970818
375,0,0,0.0,0.91625875,0.06888126,0.014860122,1.436118
375,0,0,2.9802322387695312e-08,0.88573855,0.09003444,0.024226967,0.530327
375,0,0,0.0,0.9437733,0.048566293,0.007660439,0.626193
375,0,0,0.0,0.93359417,0.055960014,0.010445824,1.534668
375,0,0,5.960464477539063e-08,0.9373571,0.0518442,0.010798599,1.918186
375,0,0,0.0,0.9446587,0.049832124,0.005509234,1.012395
375,0,0,0.0,0.8545837,0.11281676,0.032599803,0.106603
375,0,0,0.0,0.9012663,0.0834319,0.0153018,0.13566
375,0,0,1.4901161193847656e-08,0.9536649,0.038250536,0.008084634,1.044134
375,0,0,0.0,0.9272614,0.060008124,0.012730668,1.952609
375,0,0,0.0,0.933639,0.05531845,0.011042757,1.494463
375,0,0,2.9802322387695312e-08,0.92491746,0.058629174,0.016453331,0.588671
375,0,0,8.940696716308594e-08,0.883176,0.09801031,0.018813672,0.553601
375,0,0,0.0,0.85867804,0.11458273,0.026739215,1.462075
375,0,0,0.0,0.91144943,0.06860918,0.01994161,1.976531
375,0,0,0.0,0.92037743,0.060742237,0.018880326,1.070739
375,0,0,5.960464477539063e-08,0.8823444,0.09230983,0.025345739,0.164948
375,0,0,2.9802322387695312e-08,0.8615713,0.10790963,0.030519057,0.063068
375,0,0,5.960464477539063e-08,0.822838,0.13589759,0.04126443,0.479608
375,0,0,0.0,0.7696414,0.16871433,0.061644267,0.796992
375,0,0,5.960464477539063e-08,0.7954345,0.14094272,0.06362288,1.114376
375,0,0,0.0,0.7943644,0.13895145,0.06668423,0.647016
375,0,0,5.960464477539063e-08,0.54728633,0.27484682,0.17786694,0.166079
375,0,0,0.0,0.5491571,0.2782097,0.17263328,0.223292
386,0,0,0.0,0.90524775,0.07886588,0.015886534,0.011897
386,0,0,8.940696716308594e-08,0.87323874,0.10152654,0.025234709,0.053818
386,0,0,0.0,0.94214123,0.04988922,0.0079697035,0.492599
386,0,0,0.0,0.91147244,0.07519672,0.013330859,0.945904
386,0,0,0.0,0.93346417,0.05767772,0.008858148,0.494038
386,0,0,0.0,0.9288149,0.05994286,0.011242423,0.042171
386,0,0,0.0,0.9194002,0.07138915,0.009210639,0.096417
386,0,0,0.0,0.92122424,0.06940864,0.009367233,0.973301
386,0,0,2.9802322387695312e-08,0.8915035,0.09672364,0.01177281,1.83799
386,0,0,0.0,0.9041328,0.08455308,0.011314212,1.386123
386,0,0,0.0,0.9061853,0.0814808,0.012334104,0.724489
386,0,0,0.0,0.93843025,0.054667726,0.0069020856,0.577119
386,0,0,0.0,0.9283926,0.06375553,0.007851886,1.454003
386,0,0,0.0,0.9334698,0.059201665,0.0073286314,1.926598
386,0,0,2.9802322387695312e-08,0.9282118,0.06270191,0.009086288,1.068664
386,0,0,0.0,0.89481455,0.08995626,0.015229446,0.210729
386,0,0,0.0,0.90639114,0.082457885,0.011151164,0.180937
386,0,0,0.0,0.9057469,0.0838939,0.010359267,1.057821
386,0,0,0.0,0.90461445,0.084755115,0.010630517,1.934705
386,0,0,0.0,0.93663883,0.055662576,0.0076986765,1.412839
386,0,0,0.0,0.9438652,0.04596905,0.010165801,0.554904
386,0,0,0.0,0.88247633,0.096848615,0.020675022,0.661639
386,0,0,0.0,0.8980199,0.08701591,0.014964294,1.513977
386,0,0,0.0,0.8662139,0.11212913,0.021657046,1.757013
386,0,0,0.0,0.9484095,0.043288276,0.008302412,0.899079
386,0,0,0.0,0.9372059,0.052535996,0.010258178,0.041145
386,0,1,0.0,0.25672486,0.53797525,0.2052999,0.175963
386,0,1,0.0,0.34708977,0.47900012,0.17391026,0.615995
386,0,0,0.0,0.87014806,0.102418415,0.02743363,1.056026
386,0,0,0.0,0.5549124,0.2809237,0.16416399,0.38532
386,0,1,0.0,0.0027152773,0.9963285,0.00095632876,0.158044
369,0,0,5.960464477539063e-08,0.9145128,0.07075319,0.014733938,0.215052
369,0,0,0.0,0.934627,0.053360775,0.012012297,0.435342
369,0,0,0.0,0.94876146,0.042577602,0.008660796,0.731601
369,0,0,0.0,0.9637622,0.030390603,0.0058474597,1.327725
369,0,0,0.0,0.96366125,0.03107188,0.0052668736,0.876448
369,0,0,0.0,0.91259295,0.07298638,0.014420799,0.42517
369,0,0,0.0,0.9125939,0.057199147,0.03020714,0.136889
369,0,0,0.0,0.9249587,0.05193587,0.023105426,1.085461
369,0,0,0.0,0.97041273,0.024704894,0.0048825173,2.034032
369,0,0,5.960464477539063e-08,0.96881217,0.026378732,0.0048091225,1.768831
369,0,0,1.4901161193847656e-08,0.9464674,0.04584092,0.0076917484,1.317554
369,0,0,0.0,0.9445439,0.046029992,0.009426294,0.866276
369,0,0,0.0,0.90795237,0.07381609,0.018231682,0.414998
369,0,0,0.0,0.7646279,0.11603647,0.1193357,0.768898
369,0,0,4.470348358154297e-08,0.9793745,0.017057657,0.0035677594,1.717469
369,0,0,0.0,0.95208085,0.040172767,0.007746437,2.661215
369,0,0,0.0,0.9498281,0.041669387,0.008502521,2.209937
369,0,0,4.470348358154297e-08,0.9680616,0.026053827,0.005884457,1.75866
369,0,0,0.0,0.9458676,0.043907277,0.010225229,1.307382
369,0,0,0.0,0.9313412,0.057926457,0.010732398,0.856105
369,0,0,0.0,0.926047,0.06187453,0.012078481,0.404827
369,0,0,0.0,0.48368546,0.25191975,0.26439494,0.452334
369,0,0,0.0,0.9545785,0.035926193,0.009495375,1.366398
369,0,0,4.470348358154297e-08,0.9633,0.029592598,0.0071074385,2.27487
369,0,0,0.0,0.9775781,0.017525975,0.0048961416,3.102321
369,0,0,0.0,0.96993166,0.023968473,0.006099861,2.651043
369,0,0,0.0,0.9641258,0.028626833,0.00724733,2.199766
369,0,0,0.0,0.96555,0.02885823,0.005591804,1.748488
369,0,0,0.0,0.9661342,0.028723532,0.0051424014,1.297211
369,0,0,0.0,0.9540677,0.03929952,0.0066328114,0.722253
369,0,2,0.0,0.3329178,0.19281363,0.47426853,0.039981
369,0,0,0.0,0.93403786,0.04530505,0.020657135,0.948453
369,0,0,0.0,0.9709415,0.022050712,0.0070078764,1.856926
369,0,0,0.0,0.97294724,0.020847768,0.0062050386,2.765399
369,0,0,0.0,0.96971244,0.023847755,0.006439774,3.449014
369,0,0,0.0,0.9767858,0.019390391,0.0038238217,2.6255
369,0,0,0.0,0.9687819,0.026626391,0.004591665,1.801986
369,0,0,0.0,0.9695946,0.025858471,0.004547017,0.978472
369,0,0,0.0,0.9660654,0.028664095,0.005270655,0.154958
369,0,0,0.0,0.4662514,0.15524551,0.3785031,0.530509
369,0,0,0.0,0.9654823,0.02252919,0.0119885495,1.438982
369,0,0,0.0,0.9738011,0.019485094,0.006713829,2.347454
369,0,0,0.0,0.9674141,0.026948621,0.005637365,2.881718
369,0,0,5.960464477539063e-08,0.9698186,0.025820209,0.00436116,2.058204
369,0,0,0.0,0.97258675,0.023619661,0.0037935595,1.23469
369,0,0,1.4901161193847656e-08,0.9762749,0.02014191,0.0035831972,0.411176
369,0,2,0.0,0.11101036,0.18864565,0.7003441,0.112565
369,0,0,0.0,0.91934484,0.045273695,0.035381697,1.021038
369,0,0,0.0,0.9761114,0.016075026,0.007813524,1.92951
369,0,0,0.0,0.9594412,0.031996395,0.008562389,2.314422
369,0,0,0.0,0.9662648,0.027649539,0.0060857073,1.490908
369,0,0,0.0,0.95705205,0.036255293,0.006692803,0.667394
369,0,0,0.0,0.8300596,0.09495892,0.07498151,0.603093
369,0,0,0.0,0.9636709,0.021092756,0.015236484,1.447848
369,0,0,0.0,0.9631581,0.025213642,0.011628325,1.691176
369,0,0,0.0,0.95591396,0.031673353,0.012412735,0.923613
369,0,0,0.0,0.9566704,0.031722013,0.011607662,0.100098
369,0,2,0.0,0.31801486,0.20736068,0.4746246,0.034796
369,0,0,1.1920928955078125e-07,0.75478524,0.068028614,0.17718627,0.769973
369,0,0,0.0,0.8510953,0.05647262,0.09243209,0.843086
369,0,0,5.960464477539063e-08,0.758811,0.04780353,0.19338548,0.313234
369,0,2,0.0,0.06670728,0.039292365,0.89400053,0.092097
364,0,0,0.0,0.971079,0.023709727,0.0052114064,0.019054
364,0,0,7.450580596923828e-08,0.9437796,0.046914704,0.0093057025,0.112519
364,0,0,7.450580596923828e-08,0.95791644,0.033678614,0.008404934,0.205985
364,0,0,0.0,0.9659254,0.02891662,0.005158166,0.29945
364,0,0,0.0,0.96139115,0.03193557,0.0066734725,0.392916
364,0,0,0.0,0.95869225,0.03419672,0.0071111545,0.117
364,0,0,0.0,0.9203825,0.068305,0.011312535,0.281942
364,0,0,0.0,0.92419475,0.06393157,0.011873754,0.640814
364,0,0,0.0,0.9157114,0.07153213,0.012756584,0.734279
364,0,0,0.0,0.9774423,0.019072333,0.0034854081,0.827745
364,0,0,0.0,0.96482015,0.030048985,0.0051310095,0.92121
364,0,0,0.0,0.97565275,0.021223154,0.0031242117,1.014676
364,0,0,4.470348358154297e-08,0.96316403,0.031144246,0.0056917346,1.108142
364,0,0,0.0,0.9621078,0.029717125,0.008175188,1.201607
364,0,0,5.960464477539063e-08,0.9706732,0.017600395,0.011726336,1.120517
364,0,0,0.0,0.9462623,0.017405018,0.036332965,0.923439
364,0,0,0.0,0.9147617,0.0179583,0.067280054,0.349136
364,0,0,0.0,0.8688597,0.11518084,0.015959637,0.277591
364,0,0,0.0,0.91963905,0.06950425,0.010856771,0.723063
364,0,0,1.4901161193847656e-08,0.96702397,0.027526507,0.0054495037,1.168536
364,0,0,0.0,0.972853,0.0224454,0.004701607,1.614008
364,0,0,0.0,0.94590944,0.042207524,0.011883268,1.235012
364,0,0,1.7881393432617188e-07,0.74563414,0.07574856,0.17861737,0.362515
364,0,2,0.0,0.022257132,0.008571254,0.96917164,0.14013
364,0,0,0.0,0.9286331,0.060676813,0.010690195,0.27324
364,0,0,0.0,0.8448397,0.12020924,0.034951042,0.718712
364,0,0,0.0,0.8923606,0.063933425,0.04370616,1.018915
364,0,2,0.0,0.15968618,0.090381116,0.74993277,0.028448
364,0,2,0.0,0.20679818,0.051034056,0.7421679,0.268889
36,0,2,0.0,0.3992515,0.0560021,0.5447465,0.570045
36,0,0,0.0,0.6513906,0.08473996,0.26386943,0.499867
36,0,0,0.0,0.5633285,0.1766397,0.26003182,0.334932
36,0,2,0.0,0.36153972,0.26467875,0.37378168,0.169997
36,0,2,0.0,0.08878497,0.13242653,0.77878857,0.005061
36,0,2,0.0,0.410369,0.15899791,0.4306332,0.422522
36,0,0,5.960464477539063e-08,0.8032021,0.13781175,0.058986146,1.004739
36,0,0,5.960464477539063e-08,0.81317544,0.14987491,0.036949717,1.486172
36,0,0,0.0,0.82524586,0.14461246,0.030141875,1.321236
36,0,0,0.0,0.75340176,0.18932275,0.0572758,1.156301
36,0,0,0.0,0.80425954,0.15418337,0.041557234,0.750193
36,0,0,0.0,0.76892483,0.17957129,0.05150398,0.687649
36,0,0,0.0,0.8686939,0.10729357,0.024012752,1.653846
36,0,0,8.940696716308594e-08,0.8748371,0.10333973,0.021823188,2.399259
36,0,0,0.0,0.7616892,0.1771846,0.06112637,2.307541
36,0,0,0.0,0.83322656,0.13724022,0.029533245,1.54769
36,0,0,0.0,0.80645704,0.15769802,0.035845023,0.56499
36,0,0,0.0,0.82299703,0.13271941,0.04428373,0.945451
36,0,0,0.0,0.82656676,0.13195837,0.04147502,1.911649
36,0,0,0.0,0.8329226,0.12695457,0.040122896,2.877846
36,0,0,0.0,0.8188253,0.14066894,0.040505804,2.345187
36,0,0,0.0,0.7702164,0.17229879,0.057484876,1.362487
36,0,0,0.0,0.737383,0.21696046,0.045656703,0.379787
36,0,0,0.0,0.6593429,0.23988257,0.10077458,0.237055
36,0,0,0.0,0.8290805,0.123284094,0.047635566,1.203253
36,0,0,0.0,0.86459696,0.11494095,0.020462202,2.169451
36,0,0,0.0,0.87538666,0.10612639,0.018487003,3.135649
36,0,0,0.0,0.852436,0.123460546,0.024103492,2.159984
36,0,0,0.0,0.7861319,0.16162297,0.052245274,1.177284
36,0,0,0.0,0.7583179,0.18115996,0.060522392,0.194584
36,0,0,0.0,0.7457227,0.18766236,0.06661514,0.494858
36,0,0,0.0,0.82472336,0.13621716,0.039059594,1.461055
36,0,0,0.0,0.81447184,0.14627519,0.039253097,2.427253
36,0,0,0.0,0.8142399,0.14337306,0.042387106,2.957481
36,0,0,0.0,0.8318369,0.12950297,0.038660124,1.974781
36,0,0,0.0,0.7831246,0.16214095,0.05473436,0.992081
36,0,0,0.0,0.7179307,0.20744944,0.07462002,0.009381
36,0,0,5.960464477539063e-08,0.8236279,0.13951004,0.036862247,0.75266
36,0,0,0.0,0.77708787,0.1733705,0.049541764,1.718858
36,0,0,0.0,0.75429815,0.18315516,0.062546775,2.685055
36,0,0,5.960464477539063e-08,0.7356138,0.18896224,0.075423956,2.772278
36,0,0,0.0,0.7702908,0.17101696,0.05869225,1.789578
36,0,0,5.960464477539063e-08,0.71930045,0.20739801,0.073301606,0.806878
36,0,0,5.960464477539063e-08,0.7646987,0.17448547,0.06081589,0.044264
36,0,0,2.9802322387695312e-08,0.8694336,0.10374861,0.026817778,1.010462
36,0,0,1.1920928955078125e-07,0.8165866,0.14162183,0.041791625,1.97666
36,0,0,0.0,0.7854853,0.16147323,0.053041648,2.942858
36,0,0,0.0,0.7886048,0.1613128,0.050082486,2.587075
36,0,0,0.0,0.7743207,0.17974259,0.04593675,1.604375
36,0,0,0.0,0.68922275,0.23764794,0.073129274,0.621674
36,0,0,0.0,0.82582235,0.13989945,0.03427837,0.302067
36,0,0,0.0,0.87487423,0.10184337,0.023282453,1.268264
36,0,0,0.0,0.804517,0.15396509,0.041518047,2.234462
36,0,0,0.0,0.85430825,0.11436357,0.031328186,3.20066
36,0,0,0.0,0.84114856,0.1243592,0.0344921,2.401872
36,0,0,0.0,0.7765792,0.16878024,0.054640662,1.419171
36,0,0,5.960464477539063e-08,0.70889246,0.2177916,0.073316,0.436471
36,0,0,0.0,0.754076,0.19628489,0.04963921,0.559869
36,0,0,0.0,0.80901426,0.15180658,0.03917925,1.526067
36,0,0,0.0,0.74853146,0.192032,0.059436664,2.492264
36,0,0,0.0,0.78532994,0.1688117,0.04585842,3.199369
36,0,0,0.0,0.804389,0.15536413,0.040246967,2.216669
36,0,0,5.960464477539063e-08,0.802878,0.14711551,0.050006494,1.233968
36,0,0,0.0,0.7495519,0.18550794,0.06494023,0.251268
36,0,0,0.0,0.7530123,0.2036386,0.04334906,0.817671
36,0,0,0.0,0.7766271,0.18103063,0.04234221,1.783869
36,0,0,0.0,0.7301729,0.21264707,0.057180043,2.750067
36,0,0,5.960464477539063e-08,0.7040707,0.23251186,0.0634174,3.014166
36,0,0,0.0,0.743299,0.2015642,0.05513686,2.031465
36,0,0,0.0,0.76095384,0.18046789,0.058578387,1.048765
36,0,0,0.0,0.74760574,0.17677914,0.07561512,0.066065
36,0,0,0.0,0.65972626,0.2638661,0.0764078,0.109276
36,0,0,0.0,0.7603208,0.19735028,0.04232903,1.075473
36,0,0,0.0,0.7505599,0.20754234,0.041897886,1.838063
36,0,0,0.0,0.7565798,0.20190053,0.041519802,2.006879
36,0,0,0.0,0.7373161,0.21358646,0.049097635,2.175694
36,0,0,0.0,0.7813908,0.18154876,0.03706052,1.846262
36,0,0,0.0,0.77266234,0.17828251,0.049055208,0.863562
36,0,0,5.960464477539063e-08,0.79822457,0.16401939,0.037756126,0.367078
36,0,0,0.0,0.64235836,0.31849748,0.039144263,0.6836
36,0,0,0.0,0.58587235,0.37012872,0.04399896,0.852416
36,0,0,0.0,0.6101508,0.34250212,0.047347117,1.021231
36,0,0,0.0,0.6187431,0.33515096,0.04610605,1.190047
36,0,0,0.0,0.67260337,0.27931145,0.048085228,1.358862
36,0,0,1.1920928955078125e-07,0.5878234,0.33927742,0.07289941,0.678359
36,0,0,0.0,0.79964584,0.17645766,0.023896717,0.035583
36,0,0,0.0,0.80706877,0.1645381,0.028393233,0.204399
36,0,0,0.0,0.81944054,0.16086203,0.019697506,0.373215
36,0,0,0.0,0.7283794,0.2484334,0.023187278,0.493156
113,0,0,5.960464477539063e-08,0.8523113,0.08422979,0.06345882,0.684134
113,0,0,5.960464477539063e-08,0.9085623,0.06759861,0.023839075,0.915502
113,0,0,0.0,0.80012524,0.1562926,0.043582335,0.791847
113,0,0,0.0,0.8617184,0.10373385,0.03454776,0.507496
113,0,0,0.0,0.7916733,0.17202248,0.036304303,0.223146
113,0,0,2.9802322387695312e-08,0.9341551,0.042436995,0.023407869,0.663125
113,0,0,0.0,0.96909994,0.023756681,0.0071435017,1.007176
113,0,0,0.0,0.9531452,0.0371124,0.009742411,1.265315
113,0,0,0.0,0.9410121,0.048511,0.010477017,1.466216
113,0,0,0.0,0.92448324,0.06263331,0.012883663,1.181866
113,0,0,0.0,0.92832226,0.05861452,0.0130632715,0.897515
113,0,0,0.0,0.91728455,0.06592871,0.016786767,0.613165
113,0,0,0.0,0.83943975,0.10986486,0.0506955,0.328814
113,0,0,0.0,0.8302398,0.11204291,0.05771741,0.044464
113,0,0,0.0,0.9441817,0.04085956,0.014958794,0.007269
113,0,0,0.0,0.94579226,0.042384062,0.011823712,0.746686
113,0,0,0.0,0.9601994,0.03165066,0.008150118,1.72433
113,0,0,0.0,0.9491739,0.039663363,0.011162692,2.140586
113,0,0,0.0,0.9479042,0.04293724,0.009158531,1.856236
113,0,0,0.0,0.9699804,0.024535395,0.005484177,1.571885
113,0,0,0.0,0.9867054,0.010187206,0.003107454,1.287535
113,0,0,0.0,0.98549944,0.010892332,0.0036083574,1.003184
113,0,0,0.0,0.9741234,0.019635683,0.0062409556,0.718834
113,0,0,0.0,0.9516936,0.03630309,0.012003273,0.434483
113,0,0,0.0,0.8454599,0.11948426,0.035056073,0.150133
113,0,0,0.0,0.8966608,0.08067005,0.022669328,0.536422
113,0,0,0.0,0.93495136,0.051853284,0.013195487,1.514066
113,0,0,5.960464477539063e-08,0.93494433,0.05323957,0.011816086,2.491711
113,0,0,0.0,0.927127,0.06090837,0.011964667,2.814956
113,0,0,0.0,0.9525975,0.039442163,0.0079604285,2.530606
113,0,0,0.0,0.97811526,0.017445588,0.0044391598,2.246255
113,0,0,0.0,0.9790476,0.016136073,0.0048164385,1.961905
113,0,0,0.0,0.98022574,0.014294949,0.0054793726,1.677554
113,0,0,0.0,0.97622836,0.017421948,0.0063498067,1.393204
113,0,0,0.0,0.9655096,0.026774123,0.007716332,1.108853
113,0,0,0.0,0.8483057,0.11819233,0.033502065,0.824503
113,0,0,0.0,0.8684735,0.10479385,0.02673272,0.326158
113,0,0,0.0,0.9228668,0.06341339,0.013719854,1.303802
113,0,0,2.9802322387695312e-08,0.92138726,0.06653305,0.012079639,2.281447
113,0,0,0.0,0.92730147,0.060659368,0.012039237,3.259092
113,0,0,0.0,0.9376718,0.051985025,0.01034325,3.489326
113,0,0,0.0,0.96257496,0.029860243,0.007564827,3.204976
113,0,0,0.0,0.96472037,0.02895589,0.0063238265,2.920625
113,0,0,0.0,0.9685902,0.025087198,0.006322693,2.636274
113,0,0,0.0,0.9567642,0.03435125,0.008884528,2.351924
113,0,0,0.0,0.93517965,0.05520335,0.009617135,1.490521
113,0,0,0.0,0.7789498,0.18880846,0.032241773,0.534056
113,0,0,0.0,0.8580013,0.11569897,0.02630003,0.115894
113,0,0,0.0,0.89461136,0.08589717,0.019491583,1.093538
113,0,0,0.0,0.9048319,0.07950484,0.01566341,2.071183
113,0,0,0.0,0.9588909,0.032355055,0.008754096,3.048827
113,0,0,7.450580596923828e-08,0.96410817,0.028196862,0.007694922,4.026472
113,0,0,0.0,0.9589395,0.032853402,0.008207181,4.163696
113,0,0,0.0,0.9510368,0.040713277,0.008249956,3.879345
113,0,0,0.0,0.9486417,0.042168014,0.009190423,3.111606
113,0,0,0.0,0.9088254,0.06671024,0.024464417,2.15514
113,0,0,0.0,0.9148298,0.06987415,0.015296081,1.198675
113,0,0,0.0,0.66848147,0.2882584,0.043260172,0.24221
113,0,0,0.0,0.9222924,0.0594114,0.018296173,0.883274
113,0,0,0.0,0.9322042,0.055158447,0.01263758,1.860919
113,0,0,0.0,0.9607345,0.031564984,0.0077005303,2.838563
113,0,0,0.0,0.96350974,0.029299267,0.0071911435,3.172179
113,0,0,0.0,0.9389507,0.04993962,0.011109754,3.332213
113,0,0,0.0,0.9365996,0.05188961,0.011510802,3.492247
113,0,0,0.0,0.93467665,0.053738456,0.011585001,2.81976
113,0,0,0.0,0.9300595,0.0557221,0.0142184505,1.863295
113,0,0,0.0,0.900764,0.08252164,0.016714457,0.906829
113,0,0,0.0,0.9081098,0.06996519,0.021925041,0.67301
113,0,0,0.0,0.9325232,0.05202045,0.015456488,1.650655
113,0,0,0.0,0.95771044,0.033584263,0.008705355,2.025033
113,0,0,0.0,0.9421674,0.04706172,0.01077106,2.185067
113,0,0,0.0,0.9519644,0.03858729,0.0094483625,2.345101
113,0,0,2.9802322387695312e-08,0.9495883,0.040069964,0.010341761,2.505136
113,0,0,0.0,0.9473004,0.041646026,0.011053621,2.527914
113,0,0,0.0,0.9086151,0.06425588,0.027129157,1.571449
113,0,0,0.0,0.81926435,0.1495214,0.03121437,0.614983
113,0,0,0.0,0.8402319,0.11710376,0.042664394,0.462746
113,0,0,2.9802322387695312e-08,0.92442465,0.05569345,0.019881997,0.877887
113,0,0,4.470348358154297e-08,0.9519963,0.036661256,0.011342382,1.037922
113,0,0,0.0,0.93713784,0.05096568,0.011896655,1.197956
113,0,0,2.9802322387695312e-08,0.9372293,0.05010112,0.012669517,1.35799
113,0,0,1.4901161193847656e-08,0.9485871,0.038923915,0.0124890795,1.518024
113,0,0,0.0,0.94521356,0.04163198,0.013154477,1.678058
113,0,0,0.0,0.91550654,0.05956157,0.024932025,1.279603
113,0,0,0.0,0.829318,0.14590508,0.024777142,0.323138
113,0,0,0.0,0.9184938,0.06490774,0.01659853,0.05081
113,0,0,2.9802322387695312e-08,0.88513434,0.09743304,0.0174326,0.210844
113,0,0,5.960464477539063e-08,0.87808245,0.1031567,0.01876091,0.370878
113,0,0,0.0,0.8837085,0.095522635,0.020769048,0.530913
113,0,0,0.0,0.8771335,0.09755591,0.02531075,0.690947
113,0,0,0.0,0.86740726,0.10888103,0.02371175,0.850981
113,0,0,0.0,0.67346436,0.2776821,0.04885358,0.031292
108,0,1,0.0,0.020854723,0.89099807,0.0881472,0.12383
108,0,0,0.0,0.8222678,0.1609534,0.016778916,0.071706
108,0,0,0.0,0.76518065,0.20926963,0.025549766,0.019581
108,0,1,0.0,0.402026,0.56627136,0.031702686,0.507329
108,0,0,0.0,0.88329977,0.07790127,0.038799055,1.070346
108,0,0,0.0,0.7660714,0.21058254,0.023346094,1.018222
108,0,0,0.0,0.7583523,0.21340871,0.028239036,0.966097
108,0,0,0.0,0.61648804,0.1987726,0.1847394,0.141181
108,0,0,0.0,0.7916504,0.15829472,0.050054926,0.520122
108,0,0,0.0,0.8278102,0.14973655,0.022453422,1.52004
108,0,0,0.0,0.78358495,0.19151215,0.024902932,2.016862
108,0,0,0.0,0.794867,0.18350424,0.021628879,1.34554
108,0,0,0.0,0.813054,0.16851217,0.018434001,0.372712
108,0,0,0.0,0.685156,0.28593567,0.028908437,0.457589
108,0,0,0.0,0.7386031,0.23335175,0.028045217,0.970643
108,0,0,0.0,0.7250402,0.22636789,0.048591994,1.728333
108,0,0,0.0,0.6997943,0.25863776,0.041568007,2.549898
108,0,0,0.0,0.7551738,0.21033716,0.034489118,1.577071
108,0,0,0.0,0.6460232,0.31662396,0.037352867,0.604243
108,0,0,0.0,0.64039147,0.25224245,0.107366115,0.516413
108,0,0,5.960464477539063e-08,0.84019196,0.08832401,0.07148407,1.460394
108,0,0,0.0,0.538063,0.11850311,0.34343395,2.371321
108,0,0,0.0,0.78738594,0.16414113,0.04847304,2.781429
108,0,0,0.0,0.7044117,0.24797373,0.047614604,1.808602
108,0,0,0.0,0.68102753,0.26296714,0.05600534,0.835774
108,0,0,0.0,0.7232468,0.2272136,0.049539648,0.186415
108,0,0,0.0,0.87208337,0.10107584,0.026840787,1.130396
108,0,0,0.0,0.89324707,0.0782822,0.028470902,2.074377
108,0,0,0.0,0.780921,0.16214497,0.0569342,3.01296
108,0,0,0.0,0.73988676,0.21869792,0.04141551,2.040133
108,0,0,0.0,0.5215772,0.21474116,0.26368177,1.067305
108,0,2,0.0,0.35058662,0.29466012,0.35475323,0.094478
108,0,0,0.0,0.8379359,0.1327089,0.029355273,0.800398
108,0,0,5.960464477539063e-08,0.88500994,0.083868705,0.031121297,1.744379
108,0,0,0.0,0.87427104,0.09276578,0.03296328,2.688361
108,0,0,0.0,0.7290101,0.23380905,0.037180938,2.271664
108,0,0,5.960464477539063e-08,0.6644502,0.2840437,0.051506117,1.298837
108,0,0,0.0,0.81894684,0.15741745,0.023635846,0.326009
108,0,0,0.0,0.8006564,0.175085,0.024258865,0.470399
108,0,0,0.0,0.8490566,0.123335786,0.027607692,1.414381
108,0,0,0.0,0.8338623,0.13714752,0.028990312,2.358362
108,0,0,0.0,0.7681716,0.19957592,0.03225256,2.503195
108,0,0,0.0,0.6284268,0.31434983,0.05722352,1.530368
108,0,0,0.0,0.5035687,0.19546959,0.30096167,0.55754
108,0,0,0.0,0.680819,0.25669283,0.062488332,0.140401
108,0,0,0.0,0.7631857,0.19427317,0.042541176,1.084382
108,0,0,0.0,0.8314296,0.13613881,0.032431655,2.028364
108,0,0,0.0,0.7594799,0.20510142,0.035418708,2.269436
108,0,0,0.0,0.6724126,0.27983785,0.047749683,1.761899
108,0,0,0.0,0.58807874,0.36372966,0.04819179,0.789071
108,0,0,0.0,0.76356316,0.19607429,0.040362734,0.754384
108,0,0,0.0,0.8623791,0.10901064,0.02861048,1.45617
108,0,0,0.0,0.73574924,0.2250319,0.03921895,1.284314
108,0,0,0.0,0.6635727,0.18719164,0.14923568,1.112458
108,0,0,0.0,0.7375908,0.22405882,0.038350526,0.940603
108,0,0,0.0,0.7267179,0.23174456,0.041537702,0.047775
108,0,0,0.0,0.769501,0.19964771,0.030851357,0.424385
108,0,0,0.0,0.90441823,0.08160229,0.013979531,0.471047
108,0,0,0.0,0.7389178,0.22899759,0.032084797,0.299192
108,0,0,0.0,0.6380525,0.32658207,0.035365388,0.127336
10,0,0,0.0,0.9441281,0.042555135,0.013316863,0.567493
10,0,0,7.450580596923828e-08,0.9755623,0.016521847,0.007915767,0.630836
10,0,0,4.470348358154297e-08,0.97283095,0.020367188,0.0068017957,0.569392
10,0,0,0.0,0.9745397,0.018783737,0.006676544,0.507949
10,0,0,0.0,0.968791,0.021616263,0.009592783,0.446505
10,0,0,0.0,0.96426105,0.024535635,0.01120356,0.385062
10,0,0,0.0,0.7632002,0.18703932,0.049760535,0.323618
10,0,0,0.0,0.919353,0.068120494,0.012526636,0.63505
10,0,0,0.0,0.9639818,0.028416542,0.007601669,1.463059
10,0,0,0.0,0.95659393,0.03661034,0.0067957654,1.506059
10,0,0,0.0,0.9395577,0.04945172,0.010990704,1.444616
10,0,0,0.0,0.9284472,0.061820593,0.009732281,0.619667
10,0,0,2.9802322387695312e-08,0.9613077,0.032418247,0.006273935,0.55526
10,0,0,0.0,0.95395017,0.03854506,0.007504808,1.337758
10,0,0,0.0,0.94390714,0.049728442,0.0063645444,1.381112
10,0,0,0.0,0.9323129,0.058628634,0.009058627,1.424466
10,0,0,0.0,0.837522,0.14310852,0.019369543,0.659509
10,0,0,0.0,0.54996103,0.2900617,0.15997735,0.25199
10,0,0,0.0,0.617436,0.22464386,0.1579202,0.295344
10,0,0,5.960464477539063e-08,0.6874859,0.20495985,0.107554324,0.338698
10,0,0,0.0,0.68327093,0.19982572,0.11690337,0.382052
10,0,0,0.0,0.57699215,0.2828673,0.14014064,0.425407
10,0,0,0.0,0.8327989,0.11091818,0.056283254,0.468761
10,0,0,0.0,0.9565281,0.012631446,0.030840501,0.377968
114,0,0,0.0,0.85504013,0.08772451,0.057235327,0.040915
114,0,0,0.0,0.8672919,0.095347345,0.037360944,0.101804
114,0,0,0.0,0.8329444,0.114917986,0.052137714,0.162693
114,0,0,0.0,0.751813,0.18657011,0.061617155,0.223582
114,0,0,0.0,0.75309366,0.18758187,0.059324674,0.284471
114,0,0,5.960464477539063e-08,0.76157534,0.18204106,0.05638369,0.34536
114,0,0,0.0,0.7591449,0.19377355,0.047081605,0.406249
114,0,0,0.0,0.766979,0.19012737,0.042893693,0.467138
114,0,0,0.0,0.75784314,0.19812791,0.04402907,0.528027
114,0,0,0.0,0.7607636,0.20090638,0.03833021,0.588916
114,0,0,0.0,0.804398,0.14078613,0.0548159,0.649805
114,0,0,0.0,0.75579756,0.16593982,0.07826268,0.710694
114,0,0,0.0,0.46698198,0.36788672,0.16513146,0.173074
114,0,0,0.0,0.8813211,0.03969528,0.07898378,0.61209
114,0,0,2.9802322387695312e-08,0.9163338,0.04781474,0.03585146,0.795504
114,0,0,0.0,0.9344201,0.035325155,0.030254742,0.856393
114,0,0,0.0,0.9329071,0.042153668,0.024939293,0.917282
114,0,0,5.960464477539063e-08,0.86604375,0.07251671,0.061439507,0.978171
114,0,0,0.0,0.82482666,0.08443924,0.09073421,1.03906
114,0,0,0.0,0.80162716,0.10053184,0.09784126,1.099949
114,0,0,0.0,0.77302986,0.114007495,0.112962686,1.160838
114,0,0,0.0,0.8662361,0.092535205,0.041228697,1.221727
114,0,0,0.0,0.8781559,0.08224752,0.039596602,1.282616
114,0,0,0.0,0.83693594,0.12031429,0.042749923,1.343505
114,0,0,0.0,0.842568,0.1200147,0.03741746,1.404394
114,0,0,0.0,0.83216804,0.12513469,0.042697378,1.465282
114,0,0,0.0,0.847331,0.110197864,0.042471237,1.526171
114,0,0,2.9802322387695312e-08,0.8773808,0.091770895,0.0308484,1.58706
114,0,0,0.0,0.88716805,0.08782768,0.025004303,1.647949
114,0,0,0.0,0.84061164,0.11476195,0.04462649,1.205423
114,0,0,1.1920928955078125e-07,0.40972263,0.3911902,0.19908722,0.205964
114,0,0,2.9802322387695312e-08,0.9302751,0.03129945,0.038425338,0.783037
114,0,0,2.9802322387695312e-08,0.9370962,0.03784011,0.02506374,1.768317
114,0,0,0.0,0.93343365,0.040611126,0.025955334,1.854537
114,0,0,0.0,0.9440913,0.03372299,0.022185856,1.915426
114,0,0,0.0,0.94958586,0.03088449,0.019529829,1.976315
114,0,0,0.0,0.8893953,0.06554277,0.04506201,2.037204
114,0,0,2.9802322387695312e-08,0.89279675,0.07210558,0.035097744,2.098093
114,0,0,0.0,0.83560914,0.110328026,0.054062873,2.158982
114,0,0,0.0,0.8432159,0.10975223,0.047031924,2.177552
114,0,0,0.0,0.8605539,0.092778966,0.046667114,2.131823
114,0,0,5.960464477539063e-08,0.862466,0.100188024,0.037346035,2.086094
114,0,0,0.0,0.8447485,0.106914386,0.04833744,2.040365
114,0,0,0.0,0.78946024,0.12953703,0.08100297,1.994636
114,0,0,0.0,0.84245414,0.098165594,0.059380192,1.948907
114,0,0,0.0,0.8644871,0.10346067,0.03205224,1.903178
114,0,0,0.0,0.85704297,0.11465937,0.028297734,1.85745
114,0,0,0.0,0.84571505,0.12013806,0.034146883,1.238313
114,0,0,0.0,0.5895366,0.3172801,0.093183294,0.238854
114,0,0,0.0,0.91509765,0.047422234,0.03748006,0.953984
114,0,0,5.960464477539063e-08,0.95752543,0.026182126,0.016292388,1.498701
114,0,0,1.4901161193847656e-08,0.9717784,0.018956948,0.009264642,1.452972
114,0,0,0.0,0.9627485,0.022696732,0.01455493,1.407243
114,0,0,0.0,0.9550219,0.028675348,0.01630298,1.361514
114,0,0,5.960464477539063e-08,0.9199873,0.05371336,0.026299264,1.315785
114,0,0,0.0,0.8894283,0.07898081,0.031590983,1.270056
114,0,0,0.0,0.7811258,0.1454362,0.0734381,1.224327
114,0,0,5.960464477539063e-08,0.8087464,0.13951649,0.051737316,1.178598
114,0,0,0.0,0.83921194,0.112220086,0.048568074,1.132869
114,0,0,0.0,0.8772993,0.08772167,0.034978993,1.08714
114,0,0,0.0,0.8476324,0.100417264,0.051950548,1.041411
114,0,0,0.0,0.85257244,0.09755456,0.049873106,0.995682
114,0,0,0.0,0.88118565,0.08291783,0.035896584,0.949953
114,0,0,0.0,0.8804477,0.08867749,0.03087486,0.904225
114,0,0,0.0,0.8593254,0.106058076,0.03461669,0.858496
114,0,0,0.0,0.8617978,0.09946729,0.038735088,0.812767
114,0,0,0.0,0.7388291,0.19868863,0.062482405,0.271744
114,0,0,0.0,0.91710496,0.051033005,0.03186209,0.04431
114,0,0,0.0,0.90637726,0.05178017,0.04184273,0.545476
114,0,0,1.4901161193847656e-08,0.94596815,0.028936904,0.025095029,0.499747
114,0,0,0.0,0.9526439,0.02608522,0.021270989,0.454018
114,0,0,0.0,0.9449057,0.031459905,0.023634482,0.408289
114,0,0,0.0,0.89492804,0.06892929,0.036142856,0.36256
114,0,0,0.0,0.8037287,0.11285999,0.083411254,0.316831
114,0,0,0.0,0.7186929,0.16202717,0.1192801,0.271102
114,0,0,0.0,0.7972241,0.1374679,0.06530815,0.225373
114,0,0,0.0,0.75702477,0.13913731,0.10383804,0.179644
114,0,0,0.0,0.771711,0.12815703,0.100132,0.133915
114,0,0,0.0,0.7355019,0.14330365,0.12119459,0.088186
114,0,0,5.960464477539063e-08,0.693453,0.16520056,0.1413465,0.042457
401,0,0,0.0,0.94518137,0.046444483,0.008374223,0.047763
401,0,0,0.0,0.9389243,0.05272026,0.008355471,0.786919
401,0,0,0.0,0.91959876,0.07007668,0.010324673,0.511869
401,0,0,0.0,0.91173655,0.07881255,0.009451192,0.236819
401,0,0,1.4901161193847656e-08,0.94388026,0.047395684,0.008723981,0.512453
401,0,0,0.0,0.941599,0.048822597,0.009578573,1.397927
401,0,0,0.0,0.9088956,0.07813713,0.012967442,0.989585
401,0,0,8.940696716308594e-08,0.9089005,0.07835072,0.0127487825,0.094803
401,0,0,0.0,0.92666763,0.06456308,0.008769275,0.091671
401,0,0,0.0,0.9338942,0.055475593,0.010630162,0.977144
401,0,0,0.0,0.9251623,0.064330555,0.01050727,1.437863
401,0,0,0.0,0.8506779,0.12944886,0.01987342,0.543081
401,0,0,0.0,0.90500504,0.07971577,0.015279243,0.556361
401,0,0,0.0,0.911396,0.072408505,0.016195651,1.441834
401,0,0,2.9802322387695312e-08,0.9204065,0.067086056,0.012507476,0.991359
401,0,0,0.0,0.8413431,0.13676074,0.021896232,0.096577
401,0,0,0.0,0.9550539,0.03456391,0.010382237,0.135578
401,0,0,2.9802322387695312e-08,0.8568565,0.12631723,0.016826315,0.713286
401,0,0,0.0,0.812016,0.15743442,0.030549692,1.025142
401,0,0,5.960464477539063e-08,0.89175475,0.09157776,0.016667388,0.544856
401,0,0,0.0,0.84520537,0.13968883,0.015105879,0.075013
401,0,0,0.0,0.9809999,0.015454529,0.0035458014,0.098352
350,0,0,0.0,0.8829709,0.097164184,0.019864935,0.510152
350,0,0,0.0,0.8371681,0.14290468,0.01992728,0.371234
350,0,0,2.9802322387695312e-08,0.8884146,0.099755585,0.011829836,0.232317
350,0,0,5.960464477539063e-08,0.9205276,0.06889466,0.010577613,0.0934
350,0,0,0.0,0.8076214,0.16515729,0.027221264,0.087435
350,0,0,5.960464477539063e-08,0.78577757,0.18415688,0.030065576,1.039019
350,0,0,0.0,0.8118105,0.16836992,0.01981976,1.361538
350,0,0,2.9802322387695312e-08,0.8401844,0.14325237,0.016563173,1.222621
350,0,0,0.0,0.8397772,0.14191428,0.018308548,1.083704
350,0,0,0.0,0.8055328,0.17074618,0.02372109,0.858715
350,0,0,0.0,0.78247947,0.19376947,0.023751033,0.099711
350,0,0,0.0,0.81093657,0.16377561,0.025287801,0.394824
350,0,0,0.0,0.8075565,0.16842271,0.02402086,1.346408
350,0,0,0.0,0.83506626,0.14709294,0.01784095,1.647952
350,0,0,0.0,0.8811273,0.10655304,0.012319733,1.178872
350,0,0,0.0,0.76504624,0.21091259,0.024041198,0.692737
350,0,0,0.0,0.8120948,0.16960323,0.018302063,0.189326
350,0,0,0.0,0.7199074,0.24884525,0.031247346,0.702213
350,0,0,0.0,0.75144166,0.22256677,0.02599167,0.893487
350,0,0,0.0,0.7725399,0.20255387,0.02490627,0.716073
350,0,0,0.0,0.7094523,0.26056096,0.029986857,0.295716
121,0,0,0.0,0.9620248,0.02365714,0.014318104,0.023019
121,0,0,0.0,0.9507958,0.028915944,0.020288292,0.060122
121,0,0,8.940696716308594e-08,0.9423453,0.049613725,0.008041078,0.496716
121,0,0,0.0,0.95075226,0.042263106,0.0069847405,0.331427
121,0,0,1.7881393432617188e-07,0.58397496,0.33674377,0.07928137,0.435926
121,0,0,0.0,0.93705416,0.0494089,0.013536846,0.856059
121,0,0,2.9802322387695312e-08,0.9333135,0.05219133,0.014495132,1.010951
121,0,0,0.0,0.9271261,0.056547385,0.016326552,0.726236
121,0,0,0.0,0.98323625,0.014208048,0.002555727,0.589567
121,0,0,0.0,0.97367954,0.022978498,0.0033420993,0.658614
121,0,0,0.0,0.96905565,0.026986336,0.003958035,0.962972
121,0,0,0.0,0.9572011,0.038239323,0.004559597,0.898437
121,0,0,0.0,0.97186005,0.024651939,0.0034881348,0.074725
121,0,0,0.0,0.97902644,0.018174302,0.0027993317,0.128386
121,0,0,7.450580596923828e-09,0.975428,0.02147881,0.0030931453,0.281243
121,0,0,1.4901161193847656e-08,0.9692635,0.02582211,0.004914496,0.434101
121,0,0,5.960464477539063e-08,0.65043503,0.29813343,0.051431496,0.335535
121,0,0,0.0,0.9704099,0.023984578,0.005605649,1.330483
121,0,0,0.0,0.90873283,0.07769054,0.0135768475,1.998882
121,0,0,0.0,0.9112225,0.074653774,0.014123802,1.623549
121,0,0,0.0,0.97563314,0.021868154,0.0024987056,1.587181
121,0,0,0.0,0.9864017,0.011652464,0.00194594,1.656228
121,0,0,0.0,0.98099387,0.01649587,0.0025103781,1.814405
121,0,0,0.0,0.97923946,0.01806789,0.0026927073,1.478165
121,0,0,0.0,0.98616403,0.0119830165,0.0018530928,0.995079
121,0,0,0.0,0.9843523,0.0136689525,0.0019787482,1.116634
121,0,0,0.0,0.982202,0.015633004,0.0021651485,1.269492
121,0,0,0.0,0.9818701,0.01568792,0.00244195,0.939681
121,0,0,0.0,0.9803629,0.016459921,0.0031772174,0.01101
121,0,0,0.0,0.97824514,0.01762679,0.0041282666,0.234537
121,0,0,0.0,0.9694904,0.02601085,0.004498796,0.782876
121,0,0,0.0,0.8857603,0.09996426,0.014275544,0.235143
121,0,0,0.0,0.9553294,0.03692873,0.0077418466,1.230091
121,0,0,0.0,0.95589304,0.036547087,0.0075600194,2.225039
121,0,0,5.960464477539063e-08,0.95933783,0.03377367,0.00688849,2.596999
121,0,0,0.0,0.986251,0.011870017,0.0018789747,2.584794
121,0,0,0.0,0.9867511,0.011344757,0.0019042771,2.653841
121,0,0,0.0,0.9841352,0.013658535,0.0022062599,2.767095
121,0,0,0.0,0.98105866,0.016409682,0.0025317979,2.27279
121,0,0,4.470348358154297e-08,0.97234744,0.02486166,0.0027908871,1.992683
121,0,0,0.0,0.9809508,0.016963098,0.002086227,2.104882
121,0,0,0.0,0.9822271,0.015772708,0.0020003119,2.239256
121,0,0,0.0,0.98018676,0.017606571,0.002206662,1.332342
121,0,0,7.450580596923828e-09,0.98414487,0.013782953,0.002072293,0.720285
121,0,0,0.0,0.988167,0.010051267,0.0017817706,1.070794
121,0,0,0.0,0.9827213,0.014808019,0.0024707115,0.885652
121,0,0,0.0,0.8420965,0.13558888,0.022314591,0.134752
121,0,0,0.0,0.9303562,0.05610619,0.013537671,1.1297
121,0,0,1.4901161193847656e-08,0.9425111,0.04526712,0.01222193,2.124648
121,0,0,0.0,0.9519191,0.038124744,0.009956302,2.76406
121,0,0,0.0,0.9700664,0.024771212,0.0051624305,2.724371
121,0,0,0.0,0.9615831,0.032415327,0.0060018254,2.684681
121,0,0,0.0,0.98354113,0.01437903,0.0020799644,2.644992
121,0,0,0.0,0.9797176,0.01765003,0.0026324901,2.605303
121,0,0,0.0,0.9793234,0.018199608,0.002477103,2.565613
121,0,0,0.0,0.9833879,0.01453759,0.0020746996,2.525924
121,0,0,0.0,0.9826242,0.015314334,0.002061507,2.486235
121,0,0,5.960464477539063e-08,0.986499,0.01187471,0.0016262761,2.047612
121,0,0,0.0,0.98766434,0.010709087,0.001626573,1.713591
121,0,0,0.0,0.9884922,0.009906729,0.0016013134,1.918072
121,0,0,0.0,0.9637815,0.032040108,0.004178499,0.918616
121,0,0,5.960464477539063e-08,0.6172871,0.33877736,0.04393554,0.034361
121,0,0,0.0,0.9118559,0.070009,0.018135207,1.029309
121,0,0,5.960464477539063e-08,0.9180588,0.06578063,0.016160635,1.804537
121,0,0,0.0,0.9239383,0.0626868,0.013375009,1.764848
121,0,0,0.0,0.95361745,0.03904263,0.007339833,1.725159
121,0,0,0.0,0.9416348,0.04934245,0.00902276,1.685469
121,0,0,0.0,0.9648457,0.031388536,0.003765799,1.64578
121,0,0,0.0,0.9730043,0.02385841,0.003137494,1.606091
121,0,0,0.0,0.9658133,0.030584395,0.0036024072,1.566401
121,0,0,0.0,0.9757486,0.02156143,0.0026900107,1.526712
121,0,0,0.0,0.97646517,0.020891992,0.0026429775,1.487022
121,0,0,0.0,0.95829725,0.037719112,0.0039837575,1.447333
121,0,0,0.0,0.9753947,0.021665748,0.002939717,1.407644
121,0,0,0.0,0.979619,0.01782458,0.0025566048,1.367954
121,0,0,0.0,0.95118463,0.043426905,0.0053885435,0.95158
121,0,0,2.9802322387695312e-08,0.91137046,0.07200629,0.01662318,0.845015
121,0,0,0.0,0.91773987,0.06600297,0.01625717,0.805325
121,0,0,0.0,0.7929195,0.17811832,0.02896235,0.765636
121,0,0,0.0,0.8113861,0.16335279,0.02526126,0.725946
121,0,0,0.0,0.7919926,0.1788099,0.029197564,0.686257
121,0,0,0.0,0.8963738,0.09449597,0.009130323,0.646568
121,0,0,0.0,0.9245744,0.0689287,0.0064969976,0.606878
121,0,0,2.9802322387695312e-08,0.89223546,0.09850503,0.0092595015,0.567189
121,0,0,0.0,0.8964553,0.09458913,0.008955675,0.5275
121,0,0,0.0,0.9375054,0.05617737,0.006317175,0.48781
121,0,0,0.0,0.9469699,0.047294397,0.005735806,0.448121
121,0,0,0.0,0.91919655,0.07188637,0.008917259,0.408432
121,0,0,0.0,0.9283106,0.063888416,0.0078009637,0.368742
121,0,0,0.0,0.90162754,0.087885685,0.010486968,0.329053
99,0,0,0.0,0.41028738,0.2811458,0.30856684,0.083992
99,0,0,0.0,0.9134102,0.07213809,0.014451955,0.456704
99,0,0,0.0,0.89999545,0.06991898,0.03008566,1.014396
99,0,2,0.0,0.12084481,0.03205123,0.8471042,0.142506
99,0,0,0.0,0.9384395,0.037087154,0.024473444,0.050774
99,0,0,0.0,0.93950933,0.046487,0.014003796,0.931091
99,0,0,2.9802322387695312e-08,0.89961976,0.07105521,0.029325053,0.524693
99,0,0,0.0,0.53482926,0.26149133,0.20367937,0.525161
99,0,0,0.0,0.7202302,0.18597443,0.09379548,1.06663
99,0,0,0.0,0.77789265,0.1608192,0.06128832,0.441965
99,0,2,0.0,0.25508964,0.13219,0.6127205,0.006495
99,0,2,0.0,0.32128903,0.0058762585,0.6728348,0.150658
99,0,0,0.0,0.7818775,0.11902357,0.099099115,0.551901
99,0,0,5.960464477539063e-08,0.7066394,0.14094195,0.1524187,0.908946
99,0,2,0.0,0.34602165,0.14226948,0.511709,0.478154
99,0,2,0.0,0.0030602098,0.013945071,0.982995,0.047361
99,0,0,0.0,0.6903207,0.15096565,0.15871382,0.037171
99,0,0,0.0,0.5059336,0.33983448,0.15423203,0.438414
99,0,2,0.0,0.12894465,0.17002994,0.7010254,0.479782
80,0,0,0.0,0.89904404,0.08649591,0.014460041,0.239513
80,0,0,0.0,0.95723957,0.03586537,0.006895128,0.835793
80,0,0,1.1920928955078125e-07,0.9368278,0.053815253,0.009356832,0.110783
80,0,0,0.0,0.9645391,0.028132524,0.007328404,0.5113
80,0,0,0.0,0.96065277,0.032198746,0.007148514,0.356107
80,0,0,0.0,0.96072257,0.02992253,0.009354999,0.186806
80,0,0,0.0,0.9602833,0.030152032,0.009564829,0.601432
80,0,0,0.0,0.8217165,0.12075487,0.05752863,0.254694
80,0,0,2.9802322387695312e-08,0.9157693,0.06601999,0.018210676,0.027708
122,0,0,0.0,0.5576624,0.33224493,0.11009269,0.36558
122,0,0,0.0,0.75627434,0.1475536,0.096172035,0.336753
122,0,0,0.0,0.75582266,0.19151537,0.052661996,0.173814
122,0,0,0.0,0.71413314,0.20888439,0.07698254,0.696086
122,0,0,0.0,0.8018738,0.13262363,0.06550261,0.91309
122,0,0,0.0,0.44772696,0.1784384,0.37383467,0.27797
122,0,0,0.0,0.56562287,0.3068794,0.12749787,0.50432
122,0,0,0.0,0.547039,0.33035392,0.12260712,1.026593
122,0,0,0.0,0.8035383,0.11864534,0.07781639,0.775796
122,0,0,0.0,0.6201211,0.089494616,0.29038426,0.140676
122,0,0,0.0,0.7043919,0.24497707,0.05063119,0.312554
122,0,0,0.0,0.8362007,0.104299,0.059500434,0.834826
122,0,0,0.0,0.7904293,0.13181765,0.077753074,1.273621
122,0,0,0.0,0.8191668,0.10043831,0.08039497,0.638501
122,0,2,0.0,0.3622616,0.15499806,0.48274043,0.003382
122,0,0,0.0,0.7492519,0.15580954,0.09493876,0.120788
122,0,0,0.0,0.8445171,0.12473213,0.030750854,0.64306
122,0,0,0.0,0.89301026,0.08654575,0.020444121,1.165333
122,0,0,0.0,0.95288754,0.029510308,0.01760219,1.136326
122,0,2,0.0,0.4368866,0.11963374,0.44347975,0.501207
122,0,2,0.0,0.31672835,0.13139184,0.5518798,0.514451
122,0,0,0.0,0.90538657,0.054039396,0.040574107,1.251742
122,0,0,0.0,0.96974576,0.01842644,0.011827856,0.999032
122,0,0,0.0,0.72845554,0.07012,0.20142458,0.363913
122,0,2,0.0,0.39968053,0.12791307,0.4724066,0.576167
122,0,0,0.0,0.56386924,0.103154466,0.33297637,0.226618
126,0,0,0.0,0.78598434,0.1291527,0.08486309,0.019461
126,0,0,0.0,0.80362076,0.14083399,0.05554534,0.153342
126,0,0,5.960464477539063e-08,0.8938677,0.08192799,0.024204329,0.287223
126,0,0,0.0,0.8587548,0.10931679,0.03192847,0.421104
126,0,0,0.0,0.98264426,0.015039426,0.002316344,0.289872
126,0,2,0.0,0.1597531,0.10303211,0.73721486,0.214454
126,0,2,0.0,0.3608726,0.18281305,0.45631436,0.876577
126,0,0,0.0,0.9551444,0.030943373,0.013912393,1.010458
126,0,0,0.0,0.954639,0.037404116,0.007957032,1.14434
126,0,0,0.0,0.96949553,0.022641612,0.00786286,1.278221
126,0,0,0.0,0.9509248,0.03522254,0.013852696,1.372141
126,0,0,2.9802322387695312e-08,0.88884753,0.09729617,0.013856448,0.375844
126,0,2,0.0,0.23011853,0.12039483,0.6494868,0.221222
126,0,2,0.0,0.27628675,0.14858839,0.575125,1.221199
126,0,0,0.0,0.9595343,0.030025631,0.010440217,2.001456
126,0,0,0.0,0.9729233,0.022338081,0.004738837,2.135337
126,0,0,0.0,0.98241913,0.012019814,0.0055611054,2.269218
126,0,0,0.0,0.972483,0.016965639,0.010551368,1.458113
126,0,0,0.0,0.93172264,0.05924466,0.009032752,0.461815
126,0,2,0.0,0.23274688,0.12674613,0.6405071,0.227989
126,0,2,0.0,0.27957568,0.15186857,0.56855583,1.227967
126,0,0,0.0,0.89513993,0.07235783,0.032502256,1.768189
126,0,0,0.0,0.9780389,0.015180448,0.006780756,1.804999
126,0,0,0.0,0.96224254,0.023381926,0.014375568,1.841809
126,0,0,0.0,0.9351281,0.038706478,0.026165584,1.544085
126,0,0,0.0,0.99268126,0.0048115076,0.0025073634,0.547787
126,0,2,0.0,0.1296483,0.1056419,0.76470983,0.234757
126,0,2,0.0,0.10667833,0.1019897,0.791332,0.732057
126,0,0,0.0,0.4688581,0.13265945,0.39848253,0.768867
126,0,2,0.0,0.3690911,0.09034027,0.5405689,0.805677
126,0,0,0.0,0.7465431,0.05496104,0.19849601,0.842487
126,0,0,0.0,0.53670263,0.07261904,0.39067847,0.879297
126,0,0,0.0,0.9168826,0.071097836,0.012019534,0.633759
62,0,0,0.0,0.8641701,0.11663438,0.019195637,0.254309
62,0,0,5.960464477539063e-08,0.8633129,0.121478945,0.015208153,0.045765
62,0,0,0.0,0.84681994,0.08610005,0.06708017,0.280221
62,0,0,5.960464477539063e-08,0.85766816,0.0832379,0.059093997,1.223266
62,0,0,0.0,0.89683104,0.07796189,0.025207235,0.613202
62,0,0,0.0,0.94582164,0.039371885,0.014806586,0.612886
62,0,0,5.960464477539063e-08,0.9363062,0.04712228,0.016571524,1.26922
62,0,0,0.0,0.93568474,0.054323655,0.009991602,0.314785
62,0,0,0.0,0.9053359,0.073608615,0.02105553,0.002506
62,0,0,0.0,0.9487396,0.0361226,0.0151378,0.945551
62,0,0,0.0,0.9514536,0.034429315,0.014117236,0.970803
62,0,0,0.0,0.95702356,0.034595568,0.008380953,0.016367
62,0,0,0.0,0.93939424,0.04739159,0.013214226,0.335171
62,0,0,0.0,0.97715664,0.018341927,0.004501721,0.91358
62,0,0,0.0,0.9792905,0.01641902,0.004290636,0.672386
62,0,0,0.0,0.94774354,0.044354632,0.007901788,0.175949
125,0,0,0.0,0.91172355,0.06537414,0.022902379,0.029122
125,0,0,0.0,0.9611244,0.029400416,0.009475315,0.147758
125,0,0,0.0,0.9454155,0.042326886,0.012257766,0.266394
125,0,0,0.0,0.86061114,0.10577792,0.033610832,0.385029
125,0,0,0.0,0.8747015,0.09068602,0.034612656,0.314056
125,0,2,0.0,0.0049086553,0.067421384,0.9276701,0.057349
125,0,2,0.0,0.14124866,0.123214275,0.7355372,0.784789
125,0,0,0.0,0.7715305,0.097788356,0.13068128,0.903424
125,0,0,0.0,0.92549366,0.054902006,0.019604398,1.02206
125,0,0,0.0,0.97716576,0.01973162,0.0031026702,1.140696
125,0,0,0.0,0.9343949,0.04352434,0.02208085,1.259331
125,0,0,0.0,0.8714706,0.08189911,0.046630375,1.377967
125,0,0,8.940696716308594e-08,0.87548655,0.0777619,0.046751566,0.95003
125,0,0,0.0,0.7356176,0.16126539,0.10311718,0.17832
125,0,2,0.0,0.18923692,0.021063337,0.78969985,0.169114
125,0,2,0.0,0.25345147,0.18742622,0.5591224,1.162849
125,0,0,0.0,0.8755397,0.08035266,0.044107866,1.896362
125,0,0,0.0,0.9679819,0.027048355,0.0049698665,2.014998
125,0,0,0.0,0.9524679,0.03259123,0.014940936,2.133634
125,0,0,0.0,0.94196725,0.040113926,0.01791885,2.252269
125,0,0,0.0,0.8922062,0.06795249,0.039841592,2.357714
125,0,0,0.0,0.87233657,0.07189101,0.05577238,1.586004
125,0,0,0.0,0.922254,0.05175491,0.025991095,0.814294
125,0,0,0.0,0.8461281,0.12485608,0.029015908,0.042583
125,0,2,0.0,0.23034297,0.101058155,0.6685991,0.280879
125,0,0,2.9802322387695312e-08,0.85583633,0.120556526,0.023607159,1.274614
125,0,0,0.0,0.9545879,0.035497632,0.009914625,2.268348
125,0,0,7.450580596923828e-08,0.9526445,0.032774746,0.014580779,3.007936
125,0,0,0.0,0.96779436,0.025709974,0.006495814,3.126571
125,0,0,0.0,0.9600216,0.028816674,0.011161845,3.245207
125,0,0,0.0,0.91753256,0.054606218,0.02786131,2.993689
125,0,0,0.0,0.9099928,0.054461155,0.035546083,2.221978
125,0,0,0.0,0.9142581,0.053453665,0.032288413,1.450268
125,0,0,0.0,0.88703346,0.079142995,0.033823732,0.678558
125,0,0,0.0,0.53818345,0.18928802,0.27252865,0.392644
125,0,0,0.0,0.8466764,0.09028429,0.06303922,1.386379
125,0,0,0.0,0.8659601,0.08976331,0.04427655,2.380113
125,0,0,4.470348358154297e-08,0.94983727,0.037041575,0.013121136,3.373848
125,0,0,0.0,0.93593687,0.047801577,0.016261792,3.856048
125,0,0,0.0,0.89444506,0.0770808,0.028474256,3.795509
125,0,0,0.0,0.88442767,0.08287473,0.032697655,3.629663
125,0,0,0.0,0.8705931,0.08843818,0.04096893,2.857952
125,0,0,5.960464477539063e-08,0.8291933,0.110449664,0.060356993,2.086242
125,0,0,5.960464477539063e-08,0.8686781,0.08833456,0.042987317,1.314532
125,0,0,0.0,0.89603776,0.082334764,0.021627435,0.542821
125,0,0,0.0,0.7247939,0.140906,0.13430005,0.504409
125,0,0,0.0,0.86894184,0.08049274,0.05056558,1.498143
125,0,0,0.0,0.8215413,0.1180395,0.06041922,2.491878
125,0,0,0.0,0.846734,0.10795227,0.045313973,2.918421
125,0,0,0.0,0.9074339,0.06665273,0.025913313,2.857882
125,0,0,0.0,0.9015614,0.07090717,0.027531575,2.797343
125,0,0,0.0,0.8879091,0.08448306,0.027607927,2.736803
125,0,0,0.0,0.878542,0.0902723,0.031185923,2.590879
125,0,0,0.0,0.85126036,0.10491802,0.043821707,2.279639
125,0,0,0.0,0.9385033,0.04258191,0.018914934,1.950506
125,0,0,8.940696716308594e-08,0.9121105,0.06645464,0.021434778,1.178796
125,0,0,0.0,0.96157277,0.03376463,0.0046626506,0.407085
125,0,0,0.0,0.67680174,0.16770224,0.1554961,0.616173
125,0,0,0.0,0.85846615,0.089247786,0.052286133,1.609908
125,0,0,0.0,0.86964804,0.076413795,0.05393825,1.980795
125,0,0,0.0,0.8966557,0.06641206,0.036932357,1.920256
125,0,0,0.0,0.91281956,0.05794325,0.02923732,1.859716
125,0,0,0.0,0.9291639,0.048197113,0.022639299,1.799177
125,0,0,0.0,0.88535213,0.08147396,0.033174053,1.738638
125,0,0,0.0,0.8932104,0.07430106,0.032488577,1.640548
125,0,0,0.0,0.8755593,0.0842435,0.04019735,1.329308
125,0,0,0.0,0.97035605,0.019874396,0.009769551,1.018067
125,0,0,0.0,0.98030275,0.014168185,0.0055291667,0.706827
125,0,0,0.0,0.9717794,0.024630716,0.0035898755,0.395586
125,0,0,0.0,0.91934013,0.07281063,0.0078493515,0.084345
125,0,0,0.0,0.6862605,0.15938267,0.15435684,0.727938
125,0,0,5.960464477539063e-08,0.8762174,0.06582869,0.05795396,1.043169
125,0,0,0.0,0.90720564,0.052303802,0.040490672,0.982629
125,0,0,0.0,0.8783878,0.069602825,0.052009538,0.92209
125,0,0,5.960464477539063e-08,0.8593603,0.08457389,0.05606582,0.861551
125,0,0,0.0,0.88366145,0.07431037,0.042028207,0.801011
125,0,0,0.0,0.9041419,0.064229794,0.031628564,0.740472
125,0,0,0.0,0.90792173,0.06143444,0.030644014,0.679933
125,0,0,2.9802322387695312e-08,0.90244734,0.06147428,0.03607832,0.378976
125,0,0,0.0,0.87368727,0.09116544,0.035147477,0.067736
125,0,0,0.0,0.5790648,0.16446586,0.25646955,0.105542
125,0,0,0.0,0.7623514,0.08539491,0.1522538,0.045003
346,0,2,0.0,0.13033873,0.1530129,0.7166486,0.344876
346,0,0,5.960464477539063e-08,0.59912103,0.2011332,0.19974591,0.0556
346,0,0,0.0,0.56134546,0.28291538,0.15573926,0.614766
346,0,0,0.0,0.36827946,0.32726073,0.3044599,1.173932
346,0,2,0.0,0.2416595,0.20933916,0.54900146,0.774874
346,0,2,0.0,0.052016273,0.1792133,0.7687705,0.149194
346,0,0,0.0,0.6510172,0.2532409,0.095742,0.325489
346,0,0,0.0,0.6565504,0.27060932,0.072840445,0.884655
346,0,0,0.0,0.44498682,0.2961131,0.25890017,1.443821
346,0,0,0.0,0.8303372,0.12541945,0.044243354,1.293963
346,0,0,0.0,0.48055184,0.2401743,0.2792739,0.732509
346,0,2,1.1920928955078125e-07,0.27469173,0.2974274,0.427881,0.171054
346,0,0,0.0,0.63487667,0.3051379,0.059985407,0.519216
346,0,0,0.0,0.7225164,0.22463655,0.052847166,1.101475
346,0,0,0.0,0.81913567,0.1423739,0.038490683,1.027911
346,0,0,0.0,0.7722777,0.1649381,0.06278426,0.466456
346,0,1,0.0,0.40212607,0.46406075,0.13381328,0.288472
346,0,0,0.0,0.4314481,0.41998777,0.14856417,0.200403
441,0,0,0.0,0.8191816,0.12536134,0.055456948,0.607877
441,0,0,0.0,0.74175507,0.21284032,0.045404717,0.458984
441,0,0,0.0,0.77960396,0.17373243,0.04666384,0.310092
441,0,0,5.960464477539063e-08,0.83137935,0.13354266,0.035078026,0.1612
441,0,0,0.0,0.79383826,0.17382874,0.03233307,0.012307
441,0,0,0.0,0.8033247,0.14637966,0.050295748,0.889464
441,0,0,0.0,0.8542165,0.115749076,0.030034602,1.447838
441,0,0,0.0,0.8015438,0.16045122,0.03800514,1.298945
441,0,0,0.0,0.87047535,0.11701086,0.012514027,1.150053
441,0,0,0.0,0.79391444,0.17781918,0.028266424,1.001161
441,0,0,5.960464477539063e-08,0.805484,0.16492283,0.029593134,0.852268
441,0,0,5.960464477539063e-08,0.8839647,0.104738146,0.011297177,0.703376
441,0,0,0.0,0.8884908,0.10125401,0.0102552585,0.554484
441,0,0,0.0,0.8730051,0.1145765,0.0124185365,0.405591
441,0,0,0.0,0.79164934,0.17566301,0.032687806,0.256699
441,0,0,0.0,0.64964485,0.18188061,0.16847473,0.074132
441,0,0,0.0,0.84562886,0.13024087,0.024130236,1.05956
441,0,0,0.0,0.7915678,0.16900326,0.039429113,2.044987
441,0,0,0.0,0.8951087,0.094618335,0.010272903,2.287799
441,0,0,0.0,0.86968565,0.11785962,0.01245489,2.138906
441,0,0,0.0,0.8867122,0.10298269,0.010305024,1.990014
441,0,0,0.0,0.8879476,0.10196354,0.010088792,1.841122
441,0,0,2.9802322387695312e-08,0.88438666,0.10570997,0.009903385,1.692229
441,0,0,0.0,0.87827116,0.11117663,0.010552328,1.543337
441,0,0,0.0,0.9024738,0.08820282,0.00932354,1.320413
441,0,0,0.0,0.77575505,0.1865697,0.037675276,0.342961
441,0,0,0.0,0.79089195,0.1666662,0.042442035,0.244228
441,0,0,0.0,0.81209296,0.1672325,0.020674879,1.229656
441,0,0,0.0,0.8536405,0.13235947,0.014000203,2.215083
441,0,0,0.0,0.8635326,0.12411207,0.012355461,3.200511
441,0,0,0.0,0.85576147,0.13112971,0.013109042,3.12776
441,0,0,0.0,0.8900738,0.100576065,0.00935029,2.978867
441,0,0,0.0,0.8904228,0.10005582,0.009521509,2.829975
441,0,0,0.0,0.7994472,0.16722563,0.03332723,2.681083
441,0,0,0.0,0.8303685,0.14536361,0.02426789,2.086707
441,0,0,0.0,0.8023484,0.16810445,0.02954733,1.109255
441,0,0,0.0,0.7008921,0.22907986,0.07002814,0.131803
441,0,0,0.0,0.88191146,0.096225,0.021863628,0.414324
441,0,0,5.960464477539063e-08,0.8051496,0.15349913,0.041351248,1.399751
441,0,0,0.0,0.8027621,0.16441697,0.03282121,2.385179
441,0,0,0.0,0.7330228,0.21804135,0.048935976,3.370606
441,0,0,0.0,0.75121915,0.20637994,0.042401023,4.116613
441,0,0,0.0,0.8311974,0.14156269,0.027240098,3.967721
441,0,0,0.0,0.8275861,0.14442039,0.027993767,3.818829
441,0,0,0.0,0.8092882,0.15755281,0.033159044,2.853
441,0,0,0.0,0.8355202,0.13748313,0.026996756,1.875548
441,0,0,0.0,0.8415947,0.13361622,0.024789244,0.898097
441,0,0,0.0,0.65851223,0.23366965,0.10781813,0.58442
441,0,0,0.0,0.78231955,0.1736035,0.044076994,1.569847
441,0,0,0.0,0.7892918,0.17789046,0.032817766,2.555275
441,0,0,0.0,0.80940217,0.15808615,0.032511875,3.540702
441,0,0,0.0,0.79667467,0.16974917,0.033576295,4.52613
441,0,0,0.0,0.8425903,0.13362652,0.023783334,4.596746
441,0,0,0.0,0.8434092,0.13164653,0.02494433,3.619294
441,0,0,0.0,0.8111572,0.1564962,0.032346856,2.641842
441,0,0,0.0,0.8039179,0.16211414,0.03396817,1.66439
441,0,0,0.0,0.80448127,0.16602172,0.029497026,0.686938
441,0,0,0.0,0.75830936,0.19378142,0.047909398,0.754515
441,0,0,5.960464477539063e-08,0.80401665,0.16731706,0.028666303,1.739943
441,0,0,0.0,0.82414,0.15261033,0.023249853,2.72537
441,0,0,0.0,0.83707565,0.13628396,0.026640406,3.710798
441,0,0,0.0,0.81829745,0.15095831,0.030744307,4.696225
441,0,0,0.0,0.85574335,0.12100245,0.023254354,4.385588
441,0,0,0.0,0.8498588,0.12515032,0.024991054,3.408136
441,0,0,0.0,0.79433393,0.15700758,0.048658714,2.430684
441,0,0,0.0,0.70853376,0.2319531,0.05951332,1.453232
441,0,0,5.960464477539063e-08,0.7014178,0.24929763,0.04928471,0.47578
441,0,0,5.960464477539063e-08,0.7992646,0.16939023,0.03134511,0.924611
441,0,0,0.0,0.80831814,0.16299257,0.028689327,1.910039
441,0,0,0.0,0.8216907,0.14786948,0.030440044,2.895466
441,0,0,5.960464477539063e-08,0.8054661,0.15844825,0.036085736,3.880894
441,0,0,0.0,0.79403824,0.1684805,0.037481345,4.778032
441,0,0,0.0,0.84463996,0.1285134,0.026846688,4.17443
441,0,0,5.960464477539063e-08,0.8445399,0.12711011,0.028350117,3.196978
441,0,0,0.0,0.7932865,0.15276489,0.05394872,2.219526
441,0,0,0.0,0.7657098,0.19262996,0.041660327,1.242074
441,0,0,0.0,0.7149602,0.23326735,0.051772498,0.264622
441,0,0,0.0,0.6545315,0.24463536,0.10083331,0.109279
441,0,0,0.0,0.8267493,0.13826765,0.03498303,1.094707
441,0,0,0.0,0.7769623,0.18169414,0.041343804,2.080134
441,0,0,0.0,0.782289,0.17106548,0.046645477,3.065562
441,0,0,0.0,0.7563187,0.19160202,0.052079372,3.537569
441,0,0,0.0,0.84326977,0.12859769,0.028132632,3.818222
441,0,0,0.0,0.8552857,0.12218078,0.022533612,3.963272
441,0,0,0.0,0.8631516,0.115661845,0.021186661,2.98582
441,0,0,0.0,0.80869645,0.15229931,0.03900437,2.008368
441,0,0,0.0,0.7541382,0.19794665,0.047915135,1.030916
441,0,0,0.0,0.7630774,0.19772018,0.03920249,0.053464
441,0,0,0.0,0.75421196,0.1768197,0.06896837,0.279375
441,0,0,0.0,0.82607025,0.13248332,0.04144648,1.264802
441,0,0,0.0,0.7171683,0.22195679,0.06087502,2.016455
441,0,0,5.960464477539063e-08,0.7173801,0.22203916,0.0605809,2.297107
441,0,0,0.0,0.64286584,0.26199958,0.09513456,2.57776
441,0,0,0.0,0.71951956,0.21506713,0.065413475,2.858413
441,0,0,0.0,0.7066006,0.23810448,0.055295005,3.139066
441,0,0,1.1920928955078125e-07,0.7360803,0.21891862,0.04500111,2.774662
441,0,0,0.0,0.80500567,0.15617032,0.03882406,1.79721
441,0,0,0.0,0.8111439,0.15858895,0.030267503,0.819758
441,0,0,0.0,0.76954174,0.16295487,0.06750357,0.449471
441,0,0,0.0,0.64752173,0.22350389,0.12897454,0.775993
441,0,0,0.0,0.6751332,0.21659571,0.10827112,1.056645
441,0,0,5.960464477539063e-08,0.8206417,0.14617343,0.033184916,1.337298
441,0,0,0.0,0.7939764,0.16142218,0.044601332,1.617951
441,0,0,0.0,0.7613293,0.18922691,0.049443867,1.898603
441,0,0,0.0,0.7687134,0.18597192,0.045314666,2.179256
441,0,0,5.960464477539063e-08,0.8240606,0.14516534,0.030774098,2.459909
441,0,0,0.0,0.81805193,0.15115234,0.030795822,1.586052
441,0,0,0.0,0.81434965,0.15791091,0.027739525,0.6086
441,0,2,0.0,0.19004737,0.21592776,0.59402496,0.096836
441,0,0,0.0,0.35571343,0.3190403,0.32524636,0.377489
441,0,0,1.1920928955078125e-07,0.6382034,0.30320218,0.05859448,0.658141
441,0,0,5.960464477539063e-08,0.5649458,0.35298806,0.082066074,0.938794
441,0,0,0.0,0.59754443,0.33472598,0.06772962,1.219447
441,0,0,5.960464477539063e-08,0.6706388,0.25781825,0.071543016,1.5001
441,0,0,0.0,0.76072216,0.1955333,0.043744557,1.374894
441,0,0,0.0,0.79490393,0.17227317,0.032823015,0.397442
441,0,0,0.0,0.55517226,0.38203794,0.06278981,0.259637
441,0,0,5.960464477539063e-08,0.6381497,0.33086798,0.03098241,0.54029
441,0,0,0.0,0.5171211,0.4091947,0.073684335,0.820943
441,0,0,0.0,0.60595745,0.33357182,0.06047074,0.186284
394,0,0,0.0,0.9478611,0.042589337,0.009549654,0.93524
394,0,0,0.0,0.8982134,0.083710305,0.018076353,0.943487
394,0,0,5.960464477539063e-08,0.8932683,0.08946374,0.017268023,0.514787
394,0,0,0.0,0.7645464,0.16612078,0.06933296,0.000453
394,0,0,0.0,0.89620644,0.08462096,0.019172676,0.998453
394,0,0,0.0,0.9539157,0.036632027,0.00945235,1.483758
394,0,0,2.9802322387695312e-08,0.93289626,0.055864196,0.011239545,0.484225
394,0,2,0.0,0.3139514,0.33842388,0.34762478,0.063667
394,0,0,0.0,0.5105414,0.31609428,0.17336442,0.822231
394,0,0,0.0,0.803591,0.1528609,0.04354814,1.073228
394,0,0,0.0,0.8436722,0.12194892,0.034378953,0.453664
394,0,0,0.0,0.69570386,0.26262465,0.041671522,0.10524
394,0,0,0.0,0.6857023,0.28175426,0.032543603,0.356236
40,0,0,0.0,0.7244425,0.25476825,0.02078934,0.284245
40,0,0,0.0,0.92779636,0.05926455,0.012939271,0.480578
40,0,0,0.0,0.93721193,0.052468617,0.010319569,0.442046
40,0,0,2.9802322387695312e-08,0.92247933,0.06822774,0.009292986,0.403514
40,0,0,0.0,0.92669696,0.06290114,0.010401939,0.364982
40,0,0,0.0,0.9141292,0.07078086,0.015090149,0.057994
40,0,0,0.0,0.7511454,0.22892821,0.019926392,0.480712
40,0,0,2.9802322387695312e-08,0.93988174,0.04685767,0.013260639,1.461223
40,0,0,0.0,0.9493422,0.04031406,0.010343807,1.441304
40,0,0,2.9802322387695312e-08,0.95592266,0.035749298,0.008328181,1.402772
40,0,0,0.0,0.9522201,0.03673179,0.011048114,0.819093
40,0,0,5.960464477539063e-08,0.8548309,0.12755062,0.01761832,0.677179
40,0,0,0.0,0.94752884,0.040950906,0.011520488,1.657689
40,0,0,0.0,0.9568711,0.03475752,0.008371475,2.440561
40,0,0,0.0,0.9395499,0.050047144,0.010403016,1.580192
40,0,0,0.0,0.9435278,0.04514111,0.011331246,0.603671
40,0,0,0.0,0.9020915,0.07725181,0.020656683,0.873646
40,0,0,0.0,0.93970054,0.04427997,0.016019572,1.854156
40,0,0,0.0,0.92704886,0.054484755,0.018466394,2.341291
40,0,0,0.0,0.93990034,0.05208685,0.008013026,1.36477
40,0,0,0.0,0.9473081,0.045148388,0.0075435704,0.388249
40,0,0,0.0,0.8603712,0.13308948,0.0065394393,0.089602
40,0,0,0.0,0.8810144,0.08426721,0.034718454,1.070113
40,0,0,0.0,0.9568123,0.033176854,0.010011026,2.050623
40,0,0,0.0,0.9354764,0.0452259,0.019297648,2.125869
40,0,0,0.0,0.93648916,0.054865964,0.008644896,1.149348
40,0,0,0.0,0.94822854,0.043792382,0.007979144,0.172827
40,0,0,0.0,0.5464499,0.4251261,0.028424125,0.286069
40,0,0,0.0,0.8947117,0.07501647,0.030271867,1.266579
40,0,0,0.0,0.95657563,0.037449654,0.0059748814,1.814117
40,0,0,0.0,0.95948935,0.03432616,0.0061845826,1.8289
40,0,0,0.0,0.9491521,0.04265033,0.008197707,0.933926
40,0,0,0.0,0.59405494,0.36928663,0.036658518,0.482536
40,0,0,0.0,0.9060835,0.06336481,0.030551635,0.799443
40,0,0,0.0,0.9477669,0.04431138,0.007921785,0.814226
40,0,0,0.0,0.9321503,0.05774612,0.010103707,0.829009
40,0,0,0.0,0.9350218,0.054600645,0.010377733,0.718504
420,0,0,0.0,0.8988795,0.08377767,0.01734295,0.002161
420,0,0,0.0,0.88343805,0.10050955,0.016052537,0.051395
420,0,0,0.0,0.9410648,0.053142507,0.0057928287,0.10063
420,0,0,0.0,0.9575247,0.03839164,0.004083836,0.149865
420,0,0,0.0,0.9523144,0.043117043,0.0045687486,0.1991
420,0,0,0.0,0.95195496,0.042534087,0.005511047,0.248335
420,0,0,0.0,0.96238136,0.032830805,0.0047878935,0.297569
420,0,0,0.0,0.96351814,0.031751286,0.004730644,0.346804
420,0,0,0.0,0.95829314,0.036143683,0.00556319,0.396039
420,0,0,0.0,0.95402753,0.039553642,0.006418899,0.445274
420,0,0,0.0,0.76074904,0.22204573,0.017205227,0.237332
420,0,0,2.9802322387695312e-08,0.9303917,0.056158893,0.0134494975,0.804009
420,0,0,0.0,0.93145335,0.055394035,0.013152707,0.853243
420,0,0,0.0,0.9706871,0.022455076,0.0068578795,0.902478
420,0,0,0.0,0.9753765,0.020604288,0.0040192353,0.951713
420,0,0,0.0,0.9484445,0.040701304,0.010854291,1.000948
420,0,0,0.0,0.95949185,0.03208245,0.00842572,1.050183
420,0,0,1.4901161193847656e-08,0.968658,0.027948897,0.0033931534,1.099417
420,0,0,0.0,0.97188544,0.02441437,0.0037002964,1.148652
420,0,0,1.4901161193847656e-08,0.9712606,0.025145985,0.0035934963,1.197887
420,0,0,2.9802322387695312e-08,0.9654724,0.029722612,0.004804893,1.247122
420,0,0,0.0,0.97073954,0.025139,0.004121477,1.296357
420,0,0,0.0,0.97350204,0.022666037,0.0038319677,1.345591
420,0,0,4.470348358154297e-08,0.96928996,0.026326234,0.004383853,1.394826
420,0,0,0.0,0.9561245,0.03772245,0.0061530764,1.302766
420,0,0,0.0,0.7875743,0.19068065,0.02174517,0.305062
420,0,0,0.0,0.93240494,0.053997938,0.01359725,0.777406
420,0,0,0.0,0.931244,0.0551441,0.013611911,1.775919
420,0,0,0.0,0.9781727,0.018285505,0.003541781,1.901265
420,0,0,0.0,0.97445,0.021657063,0.0038931514,1.9505
420,0,0,0.0,0.9663602,0.028885122,0.004754731,1.999735
420,0,0,0.0,0.97914165,0.018009607,0.0028487672,2.04897
420,0,0,0.0,0.9570903,0.0383109,0.0045990106,1.398674
420,0,0,0.0,0.85004723,0.12637818,0.023574576,0.906305
420,0,0,0.0,0.8231005,0.14846921,0.028430285,0.84385
420,0,0,0.0,0.8903938,0.09776444,0.011841739,0.78146
420,0,0,0.0,0.89119536,0.09598047,0.012824326,0.719071
420,0,0,0.0,0.89204687,0.0864432,0.021510176,0.656681
420,0,0,0.0,0.9106112,0.07593935,0.013449651,0.594292
420,0,0,0.0,0.9021057,0.08293909,0.014955342,0.531902
420,0,0,0.0,0.627311,0.33826232,0.034426793,0.248101
420,0,0,1.4901161193847656e-08,0.96077085,0.031838488,0.007390722,0.722893
420,0,0,0.0,0.95083565,0.040036242,0.00912816,1.721406
420,0,0,0.0,0.95331967,0.038309447,0.008370905,2.719919
420,0,0,0.0,0.97768754,0.018837135,0.0034753743,2.949288
420,0,0,0.0,0.94212365,0.049254697,0.0086216815,2.998522
420,0,0,5.21540641784668e-08,0.97955155,0.017607117,0.002841398,2.067839
420,0,0,0.0,0.9760095,0.02093058,0.0030601425,1.067848
420,0,0,0.0,0.8581516,0.12902261,0.012825879,0.067857
420,0,0,0.0,0.9101123,0.07172385,0.01816395,0.66838
420,0,0,0.0,0.89572006,0.08432566,0.019954327,1.666893
420,0,0,2.9802322387695312e-08,0.94972056,0.04146616,0.0088131605,2.665406
420,0,0,1.4901161193847656e-08,0.96198606,0.031158395,0.0068556103,2.630737
420,0,0,2.9802322387695312e-08,0.9344856,0.05576798,0.009746365,2.58356
420,0,0,1.4901161193847656e-08,0.9609875,0.031404287,0.0076082475,2.072088
420,0,0,0.0,0.96937764,0.026895044,0.0037273858,1.072097
420,0,0,2.9802322387695312e-08,0.8624942,0.12387867,0.013627074,0.072106
420,0,0,0.0,0.8251077,0.14687103,0.028021377,0.613867
420,0,0,0.0,0.8187284,0.1502553,0.031016467,1.61238
420,0,0,0.0,0.96250385,0.030981893,0.0065143663,1.679027
420,0,0,0.0,0.9576106,0.03279929,0.009590281,1.63185
420,0,0,0.0,0.9575844,0.034015637,0.008400066,1.584674
420,0,0,0.0,0.96787655,0.025263755,0.0068598413,1.537497
420,0,0,0.0,0.93832403,0.049543712,0.012132372,1.076346
420,0,0,0.0,0.85367435,0.13239795,0.013927752,0.076355
420,0,0,0.0,0.8629075,0.11149533,0.02559722,0.559354
420,0,0,0.0,0.8485371,0.12032749,0.031135418,0.727317
420,0,0,0.0,0.9311305,0.053911675,0.014957916,0.68014
420,0,0,0.0,0.9371218,0.046050698,0.016827695,0.632964
420,0,0,0.0,0.92891264,0.0508895,0.020197982,0.585787
420,0,0,0.0,0.9516212,0.03802731,0.010351435,0.538611
420,0,0,2.9802322387695312e-08,0.9437887,0.047418956,0.008792403,0.491434
420,0,0,0.0,0.8759484,0.111094,0.012957602,0.080604
384,0,0,5.960464477539063e-08,0.7091204,0.26503244,0.025847143,0.255647
384,0,0,0.0,0.7324572,0.20616452,0.061378382,0.436115
384,0,0,0.0,0.75197405,0.23145533,0.016570812,0.706534
384,0,0,0.0,0.8971882,0.09219623,0.010615782,0.264841
384,0,1,0.0,0.18914105,0.743238,0.06762102,0.419472
384,0,0,0.0,0.9895555,0.0060604983,0.004384188,0.715728
384,0,0,0.0,0.9311882,0.057869114,0.010942693,0.274035
384,0,0,0.0,0.9109115,0.079232976,0.00985564,0.380393
384,0,0,8.940696716308594e-08,0.9451449,0.04388601,0.010969107,0.305429
105,0,0,0.0,0.825838,0.129769,0.04439325,0.347972
105,0,0,0.0,0.8367023,0.13791409,0.025383767,0.343889
105,0,0,5.960464477539063e-08,0.85849446,0.12175431,0.019751271,0.339806
105,0,0,0.0,0.8944275,0.09110875,0.014463909,0.813721
105,0,0,0.0,0.8818202,0.103290685,0.014889238,1.343881
105,0,0,0.0,0.8975307,0.08937708,0.013092225,0.355893
105,0,0,0.0,0.92130077,0.06672432,0.011975003,0.826515
105,0,0,2.9802322387695312e-08,0.9284063,0.063076414,0.008517181,1.368675
105,0,0,0.0,0.9386463,0.053408828,0.007945006,0.368758
105,0,0,0.0,0.9454767,0.046879012,0.0076444563,0.839308
105,0,0,0.0,0.92667806,0.06305971,0.0102622835,1.381539
105,0,0,0.0,0.9295263,0.0599121,0.010561565,0.381622
105,0,0,0.0,0.93823767,0.05348125,0.008281239,0.852102
105,0,0,0.0,0.9376216,0.053687934,0.0086904615,1.394404
105,0,0,0.0,0.9200431,0.06706269,0.012894314,0.394487
105,0,0,0.0,0.9339781,0.057033274,0.008988775,0.864896
105,0,0,0.0,0.93297684,0.05781237,0.009210916,1.407268
105,0,0,0.0,0.9339343,0.05588155,0.010184165,0.407351
105,0,0,0.0,0.8215933,0.1566759,0.021730952,0.637003
105,0,0,2.9802322387695312e-08,0.8471882,0.1311867,0.021625109,0.629278
105,0,0,5.960464477539063e-08,0.8646662,0.11703162,0.018302081,0.420215
313,1,1,0.0,0.039779052,0.9540769,0.006144122,0.013697
313,1,1,0.0,0.0003283633,0.99415976,0.005511893,0.331983
313,1,1,0.0,0.00026295154,0.9963547,0.0033824253,0.647328
313,1,1,0.0,0.006060949,0.9935661,0.0003729631,0.962674
313,1,1,0.0,0.023664022,0.97445387,0.0018822559,0.120716
313,1,1,0.0,0.00095459796,0.99823004,0.00081548793,0.781881
313,1,1,0.0,0.0010824508,0.99859345,0.0003242086,0.682386
313,1,1,0.0,0.0016717247,0.9978633,0.00046511967,0.192236
313,1,1,0.0,0.00087675767,0.99840176,0.00072151795,0.26372
301,1,1,0.0,0.0001995868,0.99788195,0.001918627,0.513011
301,1,1,0.0,0.0006994336,0.99197966,0.007320832,0.256697
301,1,1,0.0,0.0025864427,0.99476045,0.0026531965,0.000383
301,1,1,0.0,0.0008101178,0.8525882,0.14660183,0.109516
301,1,1,0.0,0.0019847082,0.9334679,0.06454744,0.921032
301,1,1,3.725290298461914e-09,0.0034765312,0.9930434,0.003480132,1.018152
301,1,1,0.0,0.015229475,0.974534,0.010236537,0.095681
301,1,2,0.0,0.010113877,0.018196492,0.97168976,0.077003
301,1,2,0.0,0.023686957,0.054584168,0.921729,0.33643
135,1,1,0.0,0.43891498,0.55129576,0.009789319,0.643184
135,1,0,0.0,0.8844084,0.10818065,0.0074109994,0.655261
135,1,1,0.0,0.43972066,0.5479215,0.012357877,0.667338
135,1,1,5.960464477539063e-08,0.21468173,0.7693258,0.01599247,0.679415
135,1,1,8.940696716308594e-08,0.15278032,0.83448523,0.012734499,0.691491
135,1,0,0.0,0.92826694,0.06695684,0.0047761775,0.703568
135,1,0,0.0,0.48840526,0.47799975,0.03359506,0.715645
135,1,1,1.1920928955078125e-07,0.3520713,0.49589738,0.1520313,0.727722
135,1,1,5.960464477539063e-08,0.329531,0.6599347,0.010534381,0.65253
135,1,0,0.0,0.7337222,0.24755286,0.018725175,1.651737
135,1,0,0.0,0.59832865,0.38793707,0.013734359,1.667265
135,1,1,0.0,0.08136062,0.9061394,0.012500137,1.679342
135,1,1,0.0,0.248891,0.74182624,0.009282772,1.691418
135,1,0,0.0,0.6615386,0.33180547,0.006655987,1.703495
135,1,0,0.0,0.5496987,0.41701195,0.033289295,1.715572
135,1,1,0.0,0.14536908,0.80173653,0.05289442,0.850717
135,1,1,0.0,0.366523,0.62508726,0.008389762,0.612721
135,1,0,0.0,0.5121367,0.4774312,0.01043224,1.611928
135,1,1,0.0,0.2982579,0.69250315,0.009238994,2.611136
135,1,1,0.0,0.46436697,0.5027704,0.032862715,2.679269
135,1,1,0.0,0.27637124,0.70033485,0.02329404,2.691345
135,1,1,0.0,0.42246437,0.56335515,0.014180548,2.703422
135,1,1,0.0,0.2084396,0.7764317,0.01512876,1.901332
135,1,1,0.0,0.082737595,0.89903843,0.018224103,0.902683
135,1,0,0.0,0.5395549,0.45306802,0.0073771738,0.572912
135,1,1,2.9802322387695312e-08,0.13054937,0.8585873,0.010863466,1.57212
135,1,1,0.0,0.16338979,0.81951153,0.017098824,2.571327
135,1,0,0.0,0.5335184,0.43997782,0.026503813,3.570534
135,1,1,0.0,0.3293699,0.65349704,0.017133158,3.691273
135,1,1,5.960464477539063e-08,0.21304573,0.7765505,0.010403944,2.951947
135,1,1,0.0,0.30139035,0.69037163,0.008238116,1.953298
135,1,1,0.0,0.16338019,0.818782,0.017837904,0.954649
135,1,0,0.0,0.7036505,0.28949165,0.0068578986,0.533104
135,1,1,0.0,0.46924955,0.5246208,0.006129745,1.532311
135,1,1,0.0,0.35132885,0.63818794,0.010483393,2.531518
135,1,1,0.0,0.33771807,0.6521937,0.010088254,3.530725
135,1,1,5.960464477539063e-08,0.17673399,0.8172223,0.0060437606,4.002562
135,1,0,0.0,0.67682296,0.3139347,0.009242368,3.003913
135,1,0,0.0,0.6351108,0.35211486,0.012774463,2.005264
135,1,1,0.0,0.32403514,0.65860915,0.017355805,1.006615
135,1,1,0.0,0.47178432,0.5150267,0.013189064,0.007966
135,1,0,0.0,0.51921123,0.47457752,0.0062112585,0.493295
135,1,1,0.0,0.42839313,0.5656466,0.0059602517,1.492502
135,1,1,0.0,0.2582554,0.73596394,0.0057807676,2.491709
135,1,1,0.0,0.45530197,0.5387197,0.005978443,3.490917
135,1,1,0.0,0.12461013,0.86816984,0.0072201667,4.054528
135,1,1,0.0,0.13684192,0.8569946,0.006163586,3.055879
135,1,1,0.0,0.2535197,0.7369375,0.009542789,2.05723
135,1,1,5.960464477539063e-08,0.3619948,0.6277826,0.010222727,1.058581
135,1,1,5.960464477539063e-08,0.39840946,0.5883389,0.01325172,0.059932
135,1,0,0.0,0.7707133,0.2229495,0.0063372264,0.453486
135,1,1,0.0,0.2671952,0.7237176,0.009087376,1.452693
135,1,1,0.0,0.17731115,0.81634104,0.006347875,2.451901
135,1,1,5.960464477539063e-08,0.20674103,0.7871486,0.0061104842,3.451108
135,1,1,0.0,0.25336388,0.73526496,0.01137117,4.106494
135,1,1,0.0,0.27290055,0.7147503,0.012349311,3.107845
135,1,1,0.0,0.36355385,0.6238232,0.012623089,2.109196
135,1,1,0.0,0.304874,0.68415654,0.010969494,1.110547
135,1,1,0.0,0.3681953,0.619708,0.0120968735,0.111898
135,1,0,0.0,0.87682015,0.119194806,0.0039850967,0.413677
135,1,1,0.0,0.26509967,0.72581625,0.009084178,1.412885
135,1,1,0.0,0.13829756,0.85580695,0.0058955876,2.412092
135,1,1,0.0,0.15665148,0.83719695,0.0061516827,3.411299
135,1,1,0.0,0.099123545,0.88955516,0.01132146,4.04155
135,1,1,0.0,0.052146804,0.9287847,0.019068377,3.159811
135,1,1,0.0,0.2848146,0.69163716,0.023548393,2.161162
135,1,1,0.0,0.29429504,0.6865673,0.019137701,1.162513
135,1,1,0.0,0.31040123,0.6268744,0.06272459,0.163864
135,1,0,0.0,0.9731703,0.025071645,0.0017581915,0.373869
135,1,0,0.0,0.5777517,0.41450602,0.007742186,1.373076
135,1,1,0.0,0.26012838,0.7345934,0.005278406,2.372283
135,1,1,0.0,0.21288186,0.77434164,0.012776637,3.115425
135,1,1,0.0,0.17900677,0.7898336,0.031159695,3.044097
135,1,1,0.0,0.13215739,0.82499075,0.042852093,2.972769
135,1,1,0.0,0.15942821,0.8124394,0.02813257,2.213128
135,1,1,0.0,0.19735697,0.74569553,0.056947548,1.214479
135,1,1,0.0,0.15399416,0.6507099,0.19529597,0.21583
135,1,0,7.450580596923828e-09,0.97560614,0.022568446,0.0018254754,0.33406
135,1,0,0.0,0.8036882,0.19212835,0.0041835406,1.333267
135,1,0,0.0,0.52796626,0.4648633,0.0071705543,2.1893
135,1,0,0.0,0.7770715,0.20532398,0.017604752,2.117972
135,1,0,0.0,0.57330906,0.39041588,0.036275104,2.046644
135,1,1,0.0,0.4600439,0.5182274,0.021728704,1.975316
135,1,1,0.0,0.41874167,0.5681009,0.013157456,1.903989
135,1,1,0.0,0.42206523,0.5561253,0.021809598,1.266445
135,1,1,0.0,0.3124499,0.65512127,0.03242887,0.267796
135,1,0,0.0,0.9119608,0.060446512,0.027592713,0.294251
135,1,0,0.0,0.9222908,0.074859634,0.0028496599,1.263175
135,1,0,0.0,0.6497257,0.3427427,0.007531619,1.191847
135,1,0,0.0,0.8394885,0.14280094,0.01771068,1.120519
135,1,0,0.0,0.93812984,0.053153947,0.00871635,1.049191
135,1,0,0.0,0.94333845,0.050939806,0.0057218526,0.977864
135,1,0,5.960464477539063e-08,0.92274964,0.0652812,0.011969226,0.906536
135,1,0,2.9802322387695312e-08,0.9066917,0.058723394,0.034584858,0.835208
135,1,0,0.0,0.49352074,0.4860056,0.020473668,0.319762
135,1,0,0.0,0.93030745,0.05365111,0.016041527,0.254442
135,1,0,0.0,0.92748225,0.05535959,0.017158324,0.265722
135,1,0,0.0,0.9437561,0.039528236,0.016715957,0.194394
135,1,0,0.0,0.9548427,0.032199275,0.012958047,0.123066
135,1,0,0.0,0.94927615,0.0400823,0.010641579,0.051738
112,1,0,0.0,0.57060295,0.33868557,0.09071154,0.666176
112,1,0,0.0,0.60288423,0.29428846,0.10282744,0.364692
112,1,0,0.0,0.7121906,0.14914215,0.13866732,0.063208
112,1,1,0.0,0.114832506,0.8714371,0.013730534,0.176608
112,1,0,0.0,0.55446297,0.40869474,0.036842383,1.091206
112,1,0,0.0,0.62637323,0.2602588,0.11336794,0.954841
112,1,0,0.0,0.77081305,0.15171467,0.07747243,0.039204
112,1,1,0.0,0.0014195899,0.9920378,0.0065426924,0.580971
112,1,1,0.0,0.0019169241,0.9903087,0.007774401,1.116457
112,1,0,0.0,0.6988236,0.22259243,0.07858411,0.552836
112,1,1,0.0,0.0021926104,0.9136544,0.08415319,0.200665
112,1,2,0.0,0.40961722,0.09881562,0.4915672,0.150831
450,1,1,0.0,0.0024348213,0.99168265,0.0058825156,0.299713
450,1,1,6.332993507385254e-08,0.0026843294,0.99240035,0.004915206,0.083505
450,1,1,0.0,0.00415219,0.99383116,0.0020167993,0.56779
450,1,1,0.0,0.0047331033,0.99319184,0.0020751676,0.979886
450,1,1,0.0,0.005996702,0.99018395,0.003819508,0.529756
450,1,1,0.0,0.005280745,0.9897369,0.0049824095,0.835868
450,1,1,0.0,0.0065689413,0.988007,0.0054240953,1.172813
450,1,1,0.0,0.0087803295,0.98417133,0.0070483126,0.221507
450,1,1,0.0,0.002298501,0.99280936,0.004892088,0.140549
450,1,1,0.0,0.0028019652,0.9935188,0.003679284,0.500153
450,1,1,0.0,0.0022634834,0.99448776,0.0032489093,0.745494
73,1,0,0.0,0.93527555,0.041465502,0.023259034,0.363947
73,1,0,0.0,0.91124105,0.033240177,0.055518914,0.27133
73,1,0,0.0,0.9414592,0.03239052,0.02615028,0.60438
73,1,0,0.0,0.94076735,0.027103433,0.032129463,1.212433
73,1,0,0.0,0.81643295,0.110752575,0.07281468,0.521987
73,1,0,0.0,0.93955135,0.03751226,0.022936488,0.814736
73,1,0,0.0,0.9583363,0.033678934,0.007984756,0.850115
73,1,0,0.0,0.9047985,0.07948253,0.015719084,0.345846
132,1,2,0.0,0.0019102249,0.004504854,0.99358505,0.034177
132,1,2,0.0,0.0011651209,0.0059247245,0.99291027,0.252415
132,1,1,1.4901161193847656e-08,0.001241618,0.96440613,0.03435228,0.82646
132,1,1,0.0,0.06991065,0.6531501,0.27693927,0.481256
132,1,2,0.0,0.0015033524,0.11639795,0.8820987,0.470653
132,1,1,0.0,0.0038397047,0.9890956,0.0070648408,1.446549
132,1,1,0.0,0.19362524,0.7712397,0.03513521,0.672488
132,1,1,0.0,0.0007761515,0.9892845,0.009939397,0.688892
132,1,1,3.725290298461914e-09,0.0022280545,0.98988783,0.007884154,1.434192
132,1,1,5.960464477539063e-08,0.29681498,0.63445807,0.06872701,0.457562
132,1,1,1.4901161193847656e-08,0.0021768692,0.9635794,0.034243777,0.90713
132,1,1,0.0,0.005195271,0.97485775,0.019946968,1.219266
132,1,1,0.0,0.411156,0.56500024,0.02384369,0.242636
132,1,0,0.0,0.50262666,0.3819544,0.115419045,0.056681
132,1,0,0.0,0.67162895,0.25004995,0.0783212,0.254629
132,1,0,0.0,0.66882086,0.2616485,0.06953079,0.02771
30,1,1,0.0,0.0059932885,0.9825183,0.01148849,0.102383
30,1,1,0.0,0.0057231598,0.98701394,0.007262988,0.049984
30,1,1,5.21540641784668e-08,0.005006611,0.9906011,0.004392235,0.728824
30,1,1,0.0,0.005399781,0.9844644,0.010135829,0.862397
30,1,1,0.0,0.0014903473,0.9905178,0.007991924,0.689816
30,1,1,0.0,0.0023822063,0.98965377,0.007964218,0.517234
30,1,2,0.0,0.0074170413,0.11543253,0.8771506,0.344652
30,1,1,0.0,0.005038158,0.98548055,0.009481426,0.408094
30,1,1,0.0,0.005532524,0.9855556,0.00891212,1.355265
30,1,1,0.0,0.0062679756,0.9848432,0.008889066,1.104003
30,1,1,0.0,0.004193379,0.973911,0.021895595,0.636885
30,1,2,0.0,0.004237811,0.04180773,0.95395464,0.169767
30,1,1,0.0,0.019936038,0.9541751,0.025888989,0.087364
30,1,1,0.0,0.020079846,0.96438634,0.015533848,0.686925
30,1,1,6.705522537231445e-08,0.004562674,0.9881498,0.007287396,0.219807
74,1,0,0.0,0.71737486,0.26344424,0.019180974,0.065572
74,1,0,0.0,0.77284145,0.21083479,0.016323749,0.025312
74,1,0,0.0,0.66603804,0.30805385,0.025908137,0.275064
74,1,0,0.0,0.7407765,0.24163641,0.017587172,1.024501
74,1,0,0.0,0.94481367,0.04733068,0.007855904,0.984241
74,1,0,0.0,0.9594836,0.035427567,0.0050889854,0.169206
74,1,0,0.0,0.76984257,0.21338302,0.016774556,0.134678
74,1,0,0.0,0.8000927,0.18626828,0.013639146,1.124775
74,1,0,0.0,0.9364733,0.055548564,0.007978122,1.238282
74,1,0,0.0,0.9499698,0.043884233,0.0061459034,0.240852
74,1,0,0.0,0.88613904,0.10928239,0.0045786477,0.98439
74,1,0,0.0,0.9405393,0.050628804,0.00883196,1.309928
74,1,0,0.0,0.9486069,0.044996332,0.0063969297,0.312498
74,1,0,0.0,0.89087015,0.10191109,0.0072188177,0.844004
74,1,0,0.0,0.90338147,0.080290146,0.016328413,1.381573
74,1,0,0.0,0.92153895,0.06566056,0.012800536,0.384143
74,1,0,0.0,0.7186386,0.25051153,0.03085005,0.46337
74,1,0,0.0,0.8896651,0.08411315,0.026221916,0.46337
74,1,0,0.0,0.9108655,0.06877784,0.020356726,0.455789
442,1,1,0.0,0.0011864222,0.9854766,0.013337014,0.180791
442,1,1,0.0,0.0005619646,0.99571985,0.0037183536,0.705075
442,1,1,0.0,0.0042963973,0.98295844,0.012745197,0.314214
442,1,1,0.0,0.000541747,0.9970703,0.002388107,0.50805
442,1,1,0.0,0.0004078902,0.997631,0.0019612182,1.032334
442,1,1,0.0,0.0005280727,0.9968562,0.0026156832,1.556619
442,1,1,4.470348358154297e-08,0.0011035051,0.9769279,0.021968493,1.071687
442,1,1,0.0,0.0012972284,0.96935505,0.02934782,0.462344
442,1,2,0.0,0.0067443117,0.30540565,0.6878502,0.311024
442,1,1,1.862645149230957e-09,0.00041808165,0.9972606,0.0023212999,0.835309
442,1,1,0.0,0.0003061465,0.9976766,0.002017388,1.359593
442,1,1,0.0,0.00034544393,0.99484986,0.004804664,1.322444
442,1,1,0.0,0.008400995,0.92941153,0.06218758,0.777749
442,1,1,5.960464477539063e-08,0.0056009865,0.9510538,0.04334514,0.233053
442,1,1,0.0,0.00069735025,0.9602754,0.039027315,0.113999
442,1,1,0.0,0.00083515723,0.94454855,0.054616462,0.638283
442,1,1,0.0,0.000256051,0.99687,0.0028741104,1.162568
442,1,1,5.960464477539063e-08,0.00028317864,0.9976183,0.002098397,1.573202
442,1,1,1.4901161193847656e-08,0.00048063276,0.9818517,0.017667644,1.028506
442,1,1,0.0,0.014126273,0.94977003,0.036103737,0.483811
442,1,1,0.0,0.0014333876,0.98515606,0.013410645,0.441258
442,1,1,0.0,0.00038857697,0.9978734,0.00173805,0.965542
442,1,1,0.0,0.00040377147,0.99801207,0.0015842357,1.489827
442,1,1,0.0,0.00032509348,0.99791855,0.0017563531,1.279264
442,1,1,0.0,0.002347057,0.974136,0.023517024,0.734568
442,1,1,0.0,0.0019341536,0.96727365,0.030792292,0.189872
442,1,2,0.0,0.16553158,0.08483705,0.74963135,0.244232
442,1,1,0.0,0.0012662829,0.99714375,0.0015900357,0.768517
442,1,1,0.0,0.000342848,0.99788564,0.0017716169,1.292801
442,1,1,0.0,0.00043923737,0.9979892,0.0015715907,1.530021
442,1,1,0.0,0.00048668712,0.99751765,0.00199591,0.985325
442,1,1,0.0,0.0024547605,0.9672315,0.030313808,0.44063
442,1,2,0.0,0.09122321,0.33971158,0.5690652,0.047207
442,1,1,5.960464477539063e-08,0.016178153,0.5582068,0.42561504,0.571491
442,1,1,0.0,0.00036911288,0.9970337,0.0025971464,1.095776
442,1,1,0.0,0.0003818763,0.99800396,0.0016142782,1.62006
442,1,1,9.313225746154785e-10,0.00042863953,0.99801403,0.0015573312,1.236083
442,1,1,0.0,0.083215974,0.91211617,0.0046679517,0.691387
442,1,1,0.0,0.18831806,0.80503,0.006652081,0.146691
442,1,1,0.0,0.04281297,0.6179005,0.33928666,0.374466
442,1,1,0.0,0.0004332017,0.9973316,0.0022352992,0.89875
442,1,1,0.0,0.0002707387,0.9976579,0.002071385,1.423035
442,1,1,5.960464477539063e-08,0.0003895348,0.99753594,0.0020745294,1.48684
442,1,1,0.0,0.0016852749,0.9947988,0.0035160927,0.942144
442,1,1,0.0,0.38148507,0.58166474,0.03685021,0.397449
442,1,1,0.0,0.11851489,0.71629864,0.16518655,0.060797
442,1,1,0.0,0.00041923852,0.9976496,0.0019313059,0.701725
442,1,1,0.0,0.00034331606,0.9980891,0.0015676075,1.226009
442,1,1,0.0,0.00030130785,0.9978936,0.0018052397,1.737597
442,1,1,0.0,0.0005643058,0.99708384,0.0023518654,1.192902
442,1,1,0.0,0.0054825847,0.9776225,0.016895058,0.648206
442,1,1,0.0,0.054276865,0.8942373,0.051485863,0.10351
442,1,2,0.0,0.07554762,0.24715173,0.67730075,0.017252
442,1,1,3.725290298461914e-09,0.0026803338,0.9954048,0.0019149719,0.745796
442,1,1,0.0,0.0003977789,0.99745595,0.0021463118,1.47434
442,1,1,0.0,0.00033456515,0.99773276,0.0019327218,1.443659
442,1,1,0.0,0.0017496576,0.9835729,0.014677581,0.898963
442,1,1,0.0,0.01140896,0.72106093,0.26753026,0.354268
442,1,2,0.0,0.1145779,0.3691622,0.5162599,0.702251
442,1,1,0.0,0.008086577,0.9777832,0.014130275,1.430795
442,1,1,0.0,0.0016838723,0.9896398,0.008676363,1.149721
442,1,1,0.0,0.0015596794,0.98738825,0.011052145,0.605025
442,1,1,0.0,0.00902131,0.96970505,0.021273667,0.060329
442,1,2,0.0,0.20451508,0.31979862,0.47568634,0.586753
442,1,1,0.0,0.15549007,0.45468432,0.38982564,0.830096
442,1,1,0.0,0.0052109365,0.9899959,0.0047933483,0.311087
442,1,1,0.0,0.0065115,0.98171943,0.011769099,0.017148
446,1,1,0.0,0.012577367,0.9855247,0.0018979659,0.154951
446,1,1,0.0,0.0031433415,0.99651915,0.00033773392,0.537886
446,1,2,1.4901161193847656e-08,0.019107748,0.035761427,0.9451308,0.055288
446,1,1,0.0,0.008247129,0.98401636,0.007736688,0.758803
446,1,1,0.0,0.0036110098,0.9960462,0.00034282464,0.596434
446,1,1,0.0,0.0008262046,0.9988205,0.0003534152,0.428662
446,1,2,0.0,0.037180524,0.1702308,0.79258883,0.387264
446,1,1,0.0,0.0015599903,0.99783295,0.0006072181,1.314668
446,1,1,0.0,0.0012248844,0.9983276,0.00044758923,1.363121
446,1,1,0.0,0.0014564559,0.9982311,0.00031245424,0.36514
446,1,1,0.0,0.03204904,0.8407785,0.12717235,0.781295
446,1,1,0.0,0.0019728912,0.99716485,0.0008623412,0.733764
446,1,1,0.0,0.004996432,0.99366987,0.001333866,0.67968
446,1,1,0.0,0.002347039,0.9973726,0.00028044594,0.301618
300,1,1,0.0,0.00031313556,0.99617237,0.0035144936,0.25205
300,1,1,0.0,0.003522735,0.95656914,0.039908294,0.367252
300,1,1,0.0,0.0065331343,0.84827334,0.14519367,0.181411
300,1,1,6.332993507385254e-08,0.0002805409,0.9965498,0.0031695894,0.606314
300,1,1,0.0,0.0010164187,0.9946357,0.00434789,1.349832
300,1,1,0.0,0.0013510489,0.99448913,0.00415982,0.543322
300,1,1,0.0,0.0003534555,0.99890614,0.0007405213,0.025434
300,1,1,5.960464477539063e-08,0.00029523947,0.9936224,0.0060822694,0.960579
300,1,1,0.0,0.00045686003,0.98857224,0.010970876,1.152236
300,1,1,4.842877388000488e-08,0.0004633189,0.99320656,0.0063300626,0.209574
300,1,1,0.0,0.00018991546,0.9973499,0.0024603843,0.379699
300,1,1,6.332993507385254e-08,0.00040723546,0.9923011,0.0072916057,0.709896
300,1,1,0.0,0.0006567908,0.9930896,0.0062536905,0.818488
166,1,0,0.0,0.5427364,0.42124054,0.03602311,0.185485
166,1,1,5.960464477539063e-08,0.45117196,0.52437353,0.02445447,0.251563
166,1,1,0.0,0.00088145846,0.99809515,0.001023476,0.772968
166,1,1,0.0,0.0058270264,0.9863778,0.0077951704,0.073793
166,1,1,0.0,0.00045734848,0.98572385,0.013818865,0.331955
267,1,1,0.0,0.0005547156,0.9975197,0.0019256303,0.531463
267,1,1,0.0,0.00051756337,0.99745595,0.0020265551,0.437079
267,1,1,0.0,0.00092813116,0.99819416,0.0008778035,0.419999
267,1,1,0.0,0.0011733152,0.997056,0.001770899,0.311627
335,1,1,0.0,0.002830431,0.9950948,0.0020748202,0.150069
335,1,1,0.0,0.0032329517,0.99381816,0.0029488988,0.159526
335,1,1,0.0,0.0010106217,0.9961329,0.0028565547,0.314465
335,1,1,0.0,0.0009964006,0.9976183,0.0013852814,0.93458
335,1,1,0.0,0.0014464434,0.9972059,0.0013476035,0.860493
335,1,1,0.0,0.0048600044,0.99281996,0.0023200933,0.1473
335,1,1,0.0,0.00044336784,0.9938757,0.005680921,0.478861
335,1,1,0.0,0.00043743922,0.99765736,0.0019054415,1.098976
335,1,1,5.960464477539063e-08,0.000470424,0.9978014,0.0017280855,1.719091
335,1,1,1.862645149230957e-09,0.0005573027,0.99774987,0.0016928643,1.211919
335,1,1,0.0,0.0018541472,0.99305624,0.005089774,0.652675
335,1,2,0.0,0.111105576,0.3135721,0.5753225,0.093431
335,1,2,2.9802322387695312e-08,0.012517816,0.09459247,0.8928896,0.023143
335,1,1,0.0,0.00092903664,0.9908758,0.008195242,0.643258
335,1,1,0.0,0.00030508413,0.9961979,0.0034970595,1.263372
335,1,1,0.0,0.00024759772,0.99337524,0.006377188,1.501403
335,1,1,0.0,0.00026378065,0.99407995,0.0056563425,0.942159
335,1,1,0.0,0.0005600797,0.9923825,0.0070573124,0.382915
335,1,2,0.0,0.011862367,0.09266618,0.8954716,0.187539
335,1,1,0.0,0.00074844947,0.9724912,0.026760476,0.807654
335,1,1,0.0,0.0003828724,0.99328226,0.006335015,1.427769
335,1,1,0.0,0.00043891722,0.9588062,0.040754925,1.231643
335,1,2,0.0,0.0013496807,0.44220597,0.5564444,0.672399
335,1,2,0.0,0.0014782938,0.45272875,0.54579306,0.113156
335,1,2,0.0,0.010871959,0.29829252,0.6908355,0.351935
335,1,1,0.0,0.0006904376,0.97629017,0.023019398,0.97205
335,1,1,0.0,0.00047386176,0.98043156,0.019094732,1.521127
335,1,1,0.0,0.0003851407,0.96050847,0.039106503,0.961883
335,1,1,0.0,0.00070100924,0.64547706,0.35382196,0.40264
335,1,1,0.0,0.0002736648,0.9888553,0.01087111,0.431796
335,1,1,0.0,0.00027918824,0.98879224,0.010928692,0.945822
335,1,1,6.705522537231445e-08,0.00047877905,0.98580277,0.013718349,1.137183
335,1,1,0.0,0.00036924158,0.96258307,0.03704785,1.251367
335,1,2,0.0,0.0010631678,0.3720282,0.62690884,0.692124
335,1,1,0.0,0.00065800396,0.7875966,0.21174555,0.13288
335,1,1,0.0,0.0023801774,0.96316165,0.03445832,0.495233
335,1,1,0.0,0.0004277124,0.98701805,0.0125544,1.16991
335,1,1,0.0,0.0004176413,0.9895984,0.009983976,1.540851
335,1,1,0.0,0.00047318236,0.9929495,0.006577442,0.981608
335,1,1,0.0,0.0009905878,0.51715475,0.48185468,0.422364
335,1,2,0.0,0.035272256,0.41697317,0.5477545,0.317347
335,1,1,0.0,0.0022168076,0.92558926,0.07219408,1.013801
335,1,1,7.450580596923828e-08,0.0010586898,0.96633834,0.03260288,0.711848
335,1,1,0.0,0.0020597412,0.6822787,0.31566167,0.152604
335,1,2,5.960464477539063e-08,0.05002151,0.14614426,0.80383414,0.296199
261,1,1,0.0,0.0007019622,0.99549764,0.0038005556,0.272755
261,1,1,0.0,0.0006857451,0.99411297,0.005201381,0.40196
261,1,1,0.0,0.00219882,0.9947054,0.0030958175,0.149937
261,1,1,0.0,0.0015812748,0.9957976,0.002621227,0.842911
261,1,1,0.0,0.00056152395,0.99464124,0.004797366,1.260052
261,1,1,0.0,0.0006153633,0.98879206,0.010592613,0.746556
261,1,1,0.0,0.0016921525,0.9915442,0.006763677,0.23306
261,1,1,0.0,0.0003958999,0.9933805,0.0062238225,0.502573
261,1,1,0.0,0.00074101763,0.980187,0.019071952,0.729369
261,1,1,7.450580596923828e-09,0.0015563051,0.9786851,0.01975869,0.07417
170,1,1,0.0,0.0007408781,0.98684466,0.0124145225,0.272761
170,1,1,5.587935447692871e-08,0.0005044485,0.9941675,0.0053280205,0.07615
170,1,1,3.725290298461914e-09,0.0036269946,0.9921332,0.004239772,0.712915
170,1,1,0.0,0.0020781867,0.9947104,0.0032114766,1.037117
170,1,1,0.0,0.0029767586,0.9937023,0.0033209964,0.760453
170,1,1,0.0,0.0018350981,0.992849,0.0053159585,0.483789
170,1,1,0.0,0.0014857097,0.98514175,0.013372746,0.207125
170,1,1,0.0,0.0008472006,0.9963226,0.0028304148,0.255147
170,1,1,0.0,0.0009753288,0.99616826,0.002856518,1.153069
170,1,1,0.0,0.0008752923,0.9971903,0.0019345612,1.998084
170,1,1,0.0,0.0013270753,0.997635,0.0010379757,1.72142
170,1,1,0.0,0.0017162047,0.996862,0.0014218586,1.444755
170,1,1,0.0,0.0016882678,0.99709517,0.0012165396,1.168091
170,1,1,0.0,0.0035720114,0.9958378,0.0005901513,0.891427
170,1,1,0.0,0.0010807994,0.9980499,0.0008693885,0.614763
170,1,1,0.0,0.00096532603,0.99540615,0.0036286344,0.338099
170,1,1,4.470348358154297e-08,0.010628434,0.9708931,0.018478392,0.061435
170,1,1,0.0,0.0019501703,0.9936524,0.0043974514,0.695301
170,1,1,0.0,0.0011884198,0.99536616,0.0034453536,1.593224
170,1,1,0.0,0.0011641118,0.997077,0.0017590174,2.491146
170,1,1,0.0,0.0046225707,0.99459636,0.00078112,2.682386
170,1,1,0.0,0.0031662495,0.99590915,0.00092468335,2.405722
170,1,1,0.0,0.0022231336,0.9966951,0.0010818848,2.129058
170,1,1,6.332993507385254e-08,0.0045234063,0.9945041,0.0009724621,1.852394
170,1,1,6.332993507385254e-08,0.004269027,0.99385893,0.0018720481,1.57573
170,1,1,0.0,0.0013179659,0.998273,0.00040914334,1.133729
170,1,1,7.450580596923828e-09,0.011142361,0.9884827,0.00037494255,0.266928
170,1,1,0.0,0.00058891135,0.9913954,0.0080157425,0.237534
170,1,1,0.0,0.004155603,0.9950809,0.0007635629,1.135456
170,1,1,0.0,0.0014748283,0.99789864,0.00062662625,1.994329
170,1,1,0.0,0.00312104,0.9960952,0.0007838819,2.344622
170,1,1,0.0,0.012899474,0.9865536,0.00054699276,2.694916
170,1,1,0.0,0.0066074375,0.99288523,0.0005073527,3.045209
170,1,1,0.0,0.0042260606,0.9953157,0.00045834578,3.090025
170,1,1,5.960464477539063e-08,0.002898679,0.9961464,0.0009549021,2.368676
170,1,1,0.0,0.0031108682,0.9947833,0.0021059166,1.501875
170,1,1,0.0,0.0004985544,0.9988127,0.00068891107,0.635074
170,1,1,0.0,0.0004713756,0.9961986,0.0033299746,0.357102
170,1,1,0.0,0.00082402065,0.9980932,0.0010827471,0.707396
170,1,1,0.0,0.00045488865,0.9984436,0.0011017727,1.057689
170,1,1,0.0,0.0008366024,0.9981252,0.0010383228,1.407982
170,1,1,0.0,0.0023703114,0.9970522,0.0005776637,1.758276
170,1,1,0.0,0.003963323,0.9956237,0.00041296874,2.108569
170,1,1,0.0,0.0028200927,0.9968367,0.00034321507,2.458863
170,1,1,6.332993507385254e-08,0.0023742614,0.99705625,0.0005695489,1.870022
170,1,1,0.0,0.0007243239,0.99864936,0.00062643713,1.003221
170,1,1,0.0,0.001052046,0.99835724,0.00059075723,0.13642
170,1,1,0.0,0.00035879863,0.9952068,0.0044345283,0.121049
170,1,1,0.0,0.0004130944,0.99634856,0.0032385588,0.471342
170,1,1,0.0,0.000324289,0.99863017,0.0010455431,0.821636
170,1,1,0.0,0.0006511975,0.9988381,0.00051080843,1.171929
170,1,1,0.0,0.0016432616,0.9980289,0.00032790017,1.522223
170,1,1,0.0,0.0018297463,0.99792284,0.00024762438,1.371368
170,1,1,0.0,0.0003101756,0.9982744,0.0014154565,0.504567
170,1,1,0.0,0.00029910196,0.996124,0.0035769853,0.235289
170,1,1,5.960464477539063e-08,0.00036652433,0.9970114,0.0026220183,0.585583
170,1,1,0.0,0.00027691785,0.99844706,0.0012760983,0.872714
170,1,2,0.0,0.0014532579,0.21499616,0.7835507,0.005913
444,1,1,0.0,0.000606517,0.99161124,0.0077823093,0.311846
444,1,1,0.0,0.00050509884,0.9969808,0.0025141686,0.830792
444,1,1,0.0,0.001417155,0.99468803,0.0038949118,0.204547
444,1,1,0.0,0.0017095091,0.84584135,0.15244937,0.128761
444,1,1,0.0,0.00037044028,0.9960141,0.0036156496,0.647707
444,1,1,0.0,0.00060699985,0.99772406,0.0016691543,1.166653
444,1,1,0.0,0.0004918747,0.9974947,0.0020135946,1.613041
444,1,1,5.960464477539063e-08,0.0006993499,0.99455565,0.0047449693,0.845263
444,1,1,0.0,0.00062508014,0.9953785,0.0039964155,0.077485
444,1,1,0.0,0.00076181686,0.9700584,0.029179882,0.464623
444,1,1,5.774199962615967e-08,0.00032238153,0.99782294,0.0018546706,0.983568
444,1,1,0.0,0.00040004417,0.99803585,0.0015640951,1.502514
444,1,1,5.960464477539063e-08,0.0008892661,0.99777853,0.0013321035,2.02146
444,1,1,0.0,0.00050028204,0.99822843,0.0012713682,2.253757
444,1,1,0.0,0.0004865537,0.9966618,0.0028517505,1.485978
444,1,1,0.0,0.00048077214,0.99673414,0.0027853046,0.7182
444,1,1,0.0,0.0019329236,0.99225986,0.00580733,0.281538
444,1,1,0.0,0.0008042934,0.99482054,0.0043753805,0.800484
444,1,1,0.0,0.0004325614,0.9969477,0.0026199275,1.31943
444,1,1,0.0,0.00044843607,0.9980716,0.0014800655,1.838376
444,1,1,0.0,0.00033811867,0.9984071,0.0012549001,2.357321
444,1,1,0.0,0.00071973837,0.9984321,0.00084824424,2.318446
444,1,1,0.0,0.0007525147,0.99809784,0.0011497921,1.738516
444,1,1,0.0,0.00042683468,0.9974761,0.0020971354,1.158587
444,1,1,5.774199962615967e-08,0.00044426895,0.9978973,0.0016583664,0.578657
444,1,1,0.0,0.016412992,0.90036774,0.08321948,0.383598
444,1,1,0.0,0.0031845826,0.96902275,0.027792906,1.068756
444,1,1,0.0,0.00039085024,0.9971628,0.0024463905,1.753913
444,1,1,0.0,0.00044046828,0.9982769,0.0012827066,2.439071
444,1,1,0.0,0.00040059641,0.9979897,0.0016098382,2.083709
444,1,1,0.0,0.00024944544,0.99836457,0.001386081,1.503779
444,1,1,5.587935447692871e-09,0.00021149415,0.99651265,0.0032759106,0.92385
444,1,1,0.0,0.010006043,0.4960945,0.49389955,0.34392
444,1,1,5.960464477539063e-08,0.33512813,0.50963646,0.15523553,0.340361
444,1,1,0.0,0.002269262,0.97139496,0.026335819,1.025519
444,1,1,0.0,0.0002575616,0.9969349,0.0028076763,1.677986
444,1,1,0.0,0.0003631127,0.99827236,0.0013646014,1.269042
444,1,1,0.0,0.0006434473,0.9854908,0.013865933,0.689113
444,1,1,0.0,0.0026494593,0.94737476,0.049975827,0.109183
444,1,1,5.960464477539063e-08,0.07041482,0.50735164,0.42223355,0.268828
444,1,1,0.0,0.010732552,0.8433925,0.145875,0.913671
444,1,1,0.0,0.00095448917,0.96074027,0.038305365,0.454376
444,1,2,0.0,0.11018972,0.323692,0.56611836,0.149355
48,1,0,0.0,0.8805799,0.020661145,0.09875895,0.263627
48,1,2,0.0,0.28099838,0.212494,0.5065077,0.515838
48,1,0,0.0,0.39454845,0.22656192,0.37888977,0.064048
48,1,2,0.0,0.41582063,0.1588254,0.42535403,0.129667
48,1,2,0.0,0.30292442,0.114786215,0.5822894,0.265611
199,1,1,0.0,0.008745597,0.98902005,0.0022344338,0.285169
199,1,1,4.470348358154297e-08,0.009857374,0.9888117,0.0013309385,0.482458
199,1,1,0.0,0.033131883,0.96451086,0.0023574075,0.170416
199,1,1,0.0,0.009980735,0.98800504,0.0020142987,0.630714
199,1,1,0.0,0.0073041227,0.9881477,0.004548327,1.412833
199,1,1,0.0,0.0074455137,0.9867839,0.005770762,0.467656
199,1,1,0.0,0.022988021,0.975565,0.0014470586,0.037857
199,1,1,0.0,0.009780444,0.98930144,0.0009182083,0.976259
199,1,1,0.0,0.008732038,0.98984826,0.0014198566,1.086273
199,1,1,0.0,0.020918168,0.9750249,0.0040571126,0.141096
199,1,1,0.0,0.014431462,0.9844562,0.0011124867,0.383402
199,1,1,0.0,0.030830452,0.96796507,0.0012044456,1.321804
199,1,1,0.0,0.030527884,0.967822,0.0016501872,0.759713
199,1,1,0.0,0.056171637,0.94042677,0.0034017575,0.259422
199,1,1,5.960464477539063e-08,0.012758428,0.9851133,0.002128195,0.552245
199,1,1,0.0,0.009966026,0.98747605,0.002558124,0.433152
131,1,0,0.0,0.73605937,0.22325927,0.04068145,0.314944
131,1,1,0.0,0.006231966,0.9841653,0.00960276,0.314944
131,1,1,5.4016709327697754e-08,0.0006085469,0.9954788,0.003912536,0.314944
147,1,1,0.0,0.001053327,0.99812514,0.0008216277,0.79147
147,1,1,5.774199962615967e-08,0.0010041901,0.9956266,0.0033691372,0.842776
147,1,1,0.0,0.0008047342,0.9896855,0.009509938,0.716683
147,1,1,0.0,0.001309127,0.99573153,0.002959503,0.590591
147,1,1,0.0,0.0019611723,0.9956265,0.0024123383,0.464498
147,1,1,0.0,0.008777105,0.9891774,0.0020454924,0.338406
147,1,1,0.0,0.020505305,0.97876376,0.0007309579,0.212313
147,1,1,6.332993507385254e-08,0.005106879,0.99139994,0.0034932215,0.08622
147,1,1,0.0,0.0007516404,0.997902,0.0013465411,0.970193
147,1,1,0.0,0.0047844015,0.98969024,0.0055254344,1.834794
147,1,1,0.0,0.0011431003,0.99123096,0.0076261326,1.708702
147,1,1,0.0,0.0010167323,0.9955458,0.0034375472,1.582609
147,1,1,0.0,0.0015304245,0.9955551,0.00291445,1.456517
147,1,1,0.0,0.0007070415,0.9966226,0.0026704127,1.330424
147,1,1,0.0,0.0005826957,0.9977647,0.0016527456,1.204331
147,1,1,0.0,0.0011266727,0.9971635,0.0017098798,1.078239
147,1,1,0.0,0.004519222,0.9867887,0.008692293,0.952146
147,1,1,0.0,0.014897505,0.9643321,0.020770514,0.826054
147,1,1,0.0,0.013857254,0.67509943,0.3110433,0.543817
147,1,1,0.0,0.0008562704,0.9975466,0.0015972152,0.165017
147,1,1,5.587935447692871e-08,0.0028255496,0.99494857,0.002225886,1.148916
147,1,1,0.0,0.0040152725,0.9904661,0.0055185966,2.132816
147,1,1,0.0,0.001983191,0.9911832,0.0068338243,2.70072
147,1,1,0.0,0.004881718,0.9923129,0.00280542,2.574628
147,1,1,0.0,0.006128956,0.99078023,0.0030908114,2.448535
147,1,1,0.0,0.0009093639,0.9944258,0.0046649813,2.322442
147,1,1,0.0,0.00090027245,0.99412733,0.0049724267,2.19635
147,1,1,0.0,0.0021964696,0.9936262,0.0041774726,2.070257
147,1,1,0.0,0.0010859898,0.9911322,0.007781986,1.944165
147,1,1,0.0,0.0017505153,0.9940843,0.004165397,1.336231
147,1,1,0.0,0.015425536,0.9315406,0.053033907,0.354345
147,1,1,0.0,0.0011874641,0.9976636,0.0011491054,0.34374
147,1,1,6.332993507385254e-08,0.0035930183,0.9935896,0.002817426,1.327639
147,1,1,0.0,0.001375665,0.9954439,0.003180558,2.311539
147,1,1,0.0,0.0027710465,0.9910127,0.0062163426,3.295438
147,1,1,5.587935447692871e-08,0.0029062286,0.9920736,0.0050201463,3.566646
147,1,1,0.0,0.004306368,0.99034315,0.005350613,3.440553
147,1,1,5.960464477539063e-08,0.004023529,0.99072,0.005256444,3.314461
147,1,1,5.587935447692871e-08,0.0027060912,0.99006903,0.007224878,3.188368
147,1,1,5.960464477539063e-08,0.0013310743,0.98938435,0.009284592,3.062276
147,1,1,0.0,0.0013439817,0.9894314,0.009224779,2.128646
147,1,1,0.0,0.00087074644,0.9958616,0.003267704,1.14676
147,1,1,0.0,0.025037216,0.84192574,0.13303709,0.164874
147,1,1,0.0,0.00064439175,0.9983559,0.0009997629,0.522463
147,1,1,5.21540641784668e-08,0.0072552827,0.99081725,0.0019274299,1.506362
147,1,1,0.0,0.0017463642,0.9962755,0.0019782388,2.490261
147,1,1,0.0,0.0032159558,0.99379915,0.0029850597,3.276052
147,1,1,0.0,0.0019569648,0.99538726,0.0026558521,3.389415
147,1,1,6.332993507385254e-08,0.0030326892,0.9941107,0.0028564963,3.502779
147,1,1,0.0,0.0041394667,0.9876999,0.008160704,3.616142
147,1,1,6.332993507385254e-08,0.001099733,0.9954445,0.0034557704,3.729506
147,1,1,0.0,0.0019799978,0.9926645,0.0053555295,2.921061
147,1,1,5.960464477539063e-08,0.002791655,0.99323523,0.003973047,1.939175
147,1,1,0.0,0.0010102097,0.9965315,0.0024583507,0.957289
147,1,1,0.0,0.0008271105,0.9981878,0.0009852125,0.701186
147,1,1,5.587935447692871e-08,0.001154605,0.9971453,0.0017000339,1.685085
147,1,1,0.0,0.0013129141,0.99653494,0.002152175,2.169135
147,1,1,0.0,0.0017979436,0.99486256,0.0033396157,2.282498
147,1,1,0.0,0.0014842255,0.9971022,0.0014136832,2.395862
147,1,1,0.0,0.002128338,0.9961387,0.0017330382,2.509225
147,1,1,0.0,0.0010460358,0.99558043,0.0033736257,2.622589
147,1,1,0.0,0.0014113158,0.9956212,0.0029675763,2.735952
147,1,1,0.0,0.0068658106,0.9920663,0.0010679842,2.73159
147,1,1,0.0,0.0036413327,0.9924641,0.0038945104,1.749703
147,1,1,0.0,0.0029208842,0.9944092,0.0026699184,0.767817
147,1,1,0.0,0.00026922475,0.9980011,0.0017297796,0.879909
147,1,1,0.0,0.0016587612,0.9967031,0.0016382325,1.062218
147,1,1,0.0,0.00077287125,0.99638736,0.0028399052,1.175581
147,1,1,7.450580596923828e-09,0.002863338,0.99474,0.0023967072,1.288945
147,1,1,0.0,0.00344656,0.99531025,0.0012432733,1.402308
147,1,1,1.862645149230957e-09,0.002412435,0.99590826,0.0016793757,1.515672
147,1,1,0.0,0.00084910303,0.99750304,0.0016478896,1.629035
147,1,1,0.0,0.0015368937,0.997058,0.0014053142,1.742399
147,1,1,0.0,0.0018163073,0.9966308,0.0015529573,1.855762
147,1,1,0.0,0.008356934,0.9880298,0.0036133195,1.560232
147,1,1,5.960464477539063e-08,0.012874979,0.9796421,0.007482935,0.578346
147,1,1,0.0,0.0030999493,0.9956064,0.0012937301,0.068664
147,1,1,0.0,0.0036629145,0.9944934,0.0018438775,0.182028
147,1,1,0.0,0.0011991258,0.99665695,0.0021440368,0.295391
147,1,1,0.0,0.0013337841,0.99677557,0.0018908406,0.408755
147,1,1,1.862645149230957e-09,0.0019509405,0.9960438,0.002005354,0.522118
147,1,1,0.0,0.0010692055,0.99686,0.0020709436,0.635482
147,1,1,0.0,0.00058185856,0.99699026,0.00242793,0.748845
147,1,1,0.0,0.0009509775,0.996931,0.002118134,0.862209
147,1,1,0.0,0.001587373,0.9957849,0.0026277232,0.975572
147,1,1,0.0,0.0030904636,0.96008915,0.036820576,0.388874
147,1,1,0.0,0.03542617,0.54573274,0.4188412,0.095382
248,1,0,0.0,0.51496595,0.4714237,0.0136104375,0.194606
248,1,0,0.0,0.8222679,0.12880485,0.0489274,0.104127
248,1,0,0.0,0.55308145,0.4388039,0.008114806,0.69729
248,1,1,0.0,0.08395437,0.9121786,0.0038671729,0.931983
248,1,1,0.0,0.024936222,0.9712631,0.003800659,1.006887
248,1,1,0.0,0.13466173,0.86170197,0.0036363215,0.085492
248,1,0,0.0,0.52029794,0.4520469,0.027655223,0.623956
248,1,1,0.0,0.06432531,0.93338245,0.0022923693,1.541476
248,1,1,0.0,0.030158129,0.9676542,0.0021876758,1.395513
248,1,1,0.0,0.03737746,0.96172523,0.0008973966,0.474117
248,1,0,0.0,0.7808377,0.17710578,0.042056676,0.226265
248,1,1,2.9802322387695312e-08,0.08913209,0.9056007,0.0052671903,1.143785
248,1,1,0.0,0.018037573,0.98015684,0.0018058371,1.784138
248,1,1,5.960464477539063e-08,0.016078223,0.98258895,0.001332824,0.862742
248,1,0,0.0,0.6213377,0.36407405,0.014588337,0.746094
248,1,1,0.0,0.23249944,0.7579227,0.009578033,1.183188
248,1,1,0.0,0.106859215,0.88976336,0.0033775421,1.251367
248,1,1,0.0,0.02496375,0.973381,0.0016554582,0.329971
248,1,0,0.0,0.8410631,0.1079463,0.050990656,0.054864
248,1,0,0.0,0.77758896,0.14379136,0.07861987,0.192739
248,1,0,0.0,0.52873474,0.38852522,0.082740255,0.330614
248,1,0,0.0,0.65451604,0.2919873,0.053496674,0.468489
305,1,1,0.0,0.0004634705,0.954854,0.044682737,0.414204
305,1,1,0.0,0.00056489813,0.93161786,0.06781733,0.376476
305,1,1,0.0,0.0004116356,0.9948734,0.0047150394,0.338748
305,1,1,1.862645149230957e-09,0.0013513595,0.99712586,0.0015228261,0.70421
305,1,1,6.146728992462158e-08,0.0013462156,0.9969942,0.0016595072,1.22944
305,1,1,0.0,0.0005357856,0.9936537,0.0058106063,0.244596
305,1,1,0.0,0.00111507,0.99682754,0.0020574678,0.756495
305,1,1,0.0,0.0011371463,0.99667263,0.0021903343,0.841376
305,1,1,0.0,0.0010709869,0.9842624,0.014666652,0.071155
14,1,1,5.774199962615967e-08,0.0003727926,0.9971983,0.002428918,0.665077
14,1,1,0.0,0.0006589946,0.99432385,0.0050171427,0.471367
14,1,1,0.0,0.00087805383,0.99001884,0.0091032665,0.277657
14,1,1,0.0,0.00063381536,0.9942898,0.0050764284,0.1783
14,1,1,0.0,0.00051770627,0.99616617,0.0033163978,1.096609
14,1,1,0.0,0.0021513551,0.99028206,0.0075667026,0.972257
14,1,1,0.0,0.0011739802,0.99397093,0.0048551634,0.051182
14,1,1,0.0,0.0058500282,0.98527825,0.0088717,0.574165
14,1,1,0.0,0.00315803,0.991372,0.005470087,1.492474
14,1,1,0.0,0.0019072561,0.99478155,0.003311237,0.58287
14,1,1,0.0,0.0011089012,0.9757538,0.023137387,0.05172
14,1,1,0.0,0.0035969196,0.9904942,0.005908976,0.970029
14,1,1,0.0,0.0016796503,0.9931377,0.005182712,1.114557
14,1,1,0.0,0.0018423658,0.995577,0.0025806907,0.193483
14,1,1,0.0,0.0007288348,0.9937878,0.005483599,0.447585
14,1,1,3.725290298461914e-09,0.0031143622,0.99046177,0.0064238906,1.365894
14,1,1,0.0,0.0019476573,0.99257797,0.0054744706,0.72517
14,1,1,0.0,0.0022220388,0.9908427,0.0069353967,0.843449
14,1,1,6.332993507385254e-08,0.0014113279,0.9929205,0.0056681605,1.250282
14,1,1,0.0,0.0012704422,0.99430233,0.0044273613,0.335783
14,1,1,0.0,0.0046096146,0.9436502,0.05174039,0.044243
14,1,1,0.0,0.0006373531,0.9885321,0.01083055,0.277983
443,1,1,0.0,0.007821173,0.94336164,0.04881725,0.082406
443,1,1,0.0,0.0021716356,0.99545133,0.002377082,0.390877
443,1,1,0.0,0.00065471797,0.9970447,0.0023006645,0.379282
443,1,1,0.0,0.00060567283,0.997466,0.0019285551,0.922195
443,1,1,0.0,0.0023691552,0.9963188,0.0013122,1.030062
443,1,1,0.0,0.0012833825,0.99725354,0.001463183,0.261009
443,1,1,0.0,0.00051353563,0.99764866,0.0018377709,0.133244
443,1,1,0.0,0.00043305446,0.998224,0.0013430117,0.676157
443,1,1,0.0,0.0007570849,0.9976692,0.0015737256,1.219071
443,1,1,0.0,0.0009080722,0.99741364,0.0016785502,1.761984
443,1,1,0.0,0.002067018,0.9969656,0.0009674753,1.669247
443,1,1,0.0,0.002888072,0.99466574,0.0024462424,0.900193
443,1,1,7.450580596923828e-09,0.007369931,0.98718166,0.005448361,0.13114
443,1,1,0.0,0.0005429022,0.9973893,0.002067856,0.43012
443,1,1,0.0,0.0028716403,0.99583924,0.0012893373,0.973033
443,1,1,0.0,0.00052910537,0.9979973,0.0014737148,1.515946
443,1,1,5.774199962615967e-08,0.0008141793,0.99714106,0.0020447706,2.058859
443,1,1,0.0,0.00075629726,0.99758923,0.0016545475,2.601773
443,1,1,5.960464477539063e-08,0.00076651236,0.9978449,0.0013885638,2.308431
443,1,1,0.0,0.0073987297,0.9903869,0.002214485,1.539378
443,1,1,0.0,0.0024445737,0.9939799,0.0035754794,0.770325
443,1,1,0.0,0.014658892,0.94927824,0.036063004,0.001272
443,1,1,0.0,0.0024268848,0.9870377,0.010535475,0.184082
443,1,1,9.313225746154785e-10,0.00029328043,0.9982934,0.0014133886,0.726995
443,1,1,9.313225746154785e-10,0.00036749596,0.99833125,0.0013013353,1.269908
443,1,1,0.0,0.0122709535,0.986301,0.0014279382,1.812822
443,1,1,0.0,0.0006931879,0.9973611,0.0019458295,2.355735
443,1,1,0.0,0.00094363274,0.9937029,0.0053536193,2.898648
443,1,1,0.0,0.00081229943,0.99424547,0.00494242,3.215634
443,1,1,0.0,0.0011506454,0.9942259,0.0046234434,2.684278
443,1,1,0.0,0.0048803617,0.9907236,0.004396135,2.152921
443,1,1,0.0,0.00094991334,0.994682,0.0043680826,1.40951
443,1,1,0.0,0.0033041534,0.9624348,0.034261122,0.640457
443,1,0,0.0,0.60790914,0.38523248,0.0068585793,0.480958
443,1,1,0.0,0.00095757266,0.9980356,0.0010068084,1.023871
443,1,1,9.313225746154785e-10,0.00033156195,0.9980841,0.0015843603,1.566784
443,1,1,0.0,0.0003818399,0.9979972,0.0016210609,2.109697
443,1,1,3.725290298461914e-09,0.00039486183,0.99762744,0.0019777785,2.652611
443,1,1,0.0,0.00030944758,0.99567884,0.0040118312,3.195524
443,1,1,0.0,0.0018507033,0.9873663,0.010783075,2.899843
443,1,1,0.0,0.0015445511,0.9893688,0.00908676,2.368486
443,1,1,0.0,0.00068812544,0.9872345,0.01207741,1.83713
443,1,1,0.0,0.0009988575,0.9811907,0.017810537,1.305773
443,1,1,0.0,0.0036774245,0.58533204,0.41099072,0.774417
443,1,1,0.0,0.008143366,0.7976961,0.19416063,0.24306
443,1,1,0.0,0.032948647,0.963361,0.0036904532,0.555937
443,1,1,0.0,0.14107695,0.8536944,0.0052288477,1.285779
443,1,1,0.0,0.0021248315,0.9966411,0.0012343017,1.86366
443,1,1,0.0,0.0011501798,0.9954743,0.0033755165,2.406573
443,1,1,0.0,0.0012861358,0.99725866,0.0014552119,2.66043
443,1,1,0.0,0.0005084786,0.9981099,0.0013816808,2.818708
443,1,1,0.0,0.00040383518,0.9963017,0.0032945692,2.584051
443,1,1,0.0,0.0005832199,0.99394447,0.0054723774,2.052694
443,1,1,0.0,0.0005493358,0.9964499,0.003000814,1.521338
443,1,1,0.0,0.0005661153,0.98593706,0.013496961,0.989981
443,1,2,0.0,0.0038620057,0.46095285,0.53518516,0.458625
443,1,1,0.0,0.48460308,0.49125054,0.02414643,0.602162
443,1,1,0.0,0.0033595264,0.99485373,0.0017868584,1.332003
443,1,1,0.0,0.001647796,0.9975254,0.00082696415,1.522206
443,1,1,0.0,0.00032774382,0.9980383,0.0016342246,1.671662
443,1,1,0.0,0.00023653082,0.99628884,0.0034747364,1.858782
443,1,1,0.0,0.0010894341,0.9976026,0.0013081392,1.736903
443,1,1,0.0,0.004947409,0.9210216,0.07403094,1.205546
443,1,1,0.0,0.008619137,0.81816494,0.17321597,0.67419
443,1,2,0.0,0.004476166,0.19831683,0.7972072,0.142833
443,1,0,0.0,0.52979386,0.3785072,0.091699,0.383981
443,1,1,0.0,0.39558873,0.48582414,0.11858719,0.533437
443,1,1,0.0,0.002025896,0.9961439,0.0018302682,0.682894
443,1,1,0.0,0.0047360132,0.9873171,0.007946941,0.982356
443,1,1,0.0,0.0015953891,0.86531353,0.13309126,0.889754
443,1,1,0.0,0.0033317774,0.9648687,0.0317996,0.358398
443,1,1,0.0,0.34038857,0.4585507,0.20106082,0.25259
443,1,1,0.0,0.28053463,0.42026922,0.29919615,0.042606
156,1,0,0.0,0.8708612,0.124495424,0.0046435203,0.277356
156,1,0,0.0,0.5759856,0.42065164,0.0033628456,0.648633
156,1,1,3.725290298461914e-09,0.0036052444,0.9958616,0.00053321733,0.416384
156,1,0,2.9802322387695312e-08,0.87500054,0.122886896,0.0021124773,0.378204
156,1,1,0.0,0.16438274,0.8340277,0.0015897271,1.373106
156,1,1,0.0,0.016312413,0.98234427,0.001343321,0.390488
156,1,0,0.0,0.75658417,0.23896295,0.004453063,0.479052
156,1,1,0.0,0.26636648,0.7285687,0.0050648926,1.364256
156,1,1,6.05359673500061e-08,0.00081038085,0.9982483,0.0009413564,0.364592
156,1,0,0.0,0.72765076,0.26718974,0.0051596197,0.579901
156,1,1,0.0,0.47626546,0.51909834,0.004636319,1.032816
156,1,1,0.0,0.0052246978,0.9944004,0.00037505684,0.338696
156,1,0,8.940696716308594e-08,0.90021956,0.087729216,0.012051206,0.035163
156,1,1,0.0,0.3026863,0.6947883,0.0025255184,0.10364
157,1,0,0.0,0.74215025,0.21738459,0.04046535,0.540841
157,1,0,0.0,0.9166049,0.05299773,0.030397473,0.458868
157,1,0,0.0,0.90958446,0.062269773,0.028145716,0.376895
157,1,0,0.0,0.83117,0.124817505,0.04401265,0.294921
157,1,1,0.0,0.00079595245,0.9983687,0.00083542604,0.067364
157,1,0,0.0,0.8471484,0.13316174,0.019689998,0.814697
157,1,0,0.0,0.8158602,0.104108244,0.08003166,0.972042
157,1,0,0.0,0.8171587,0.112506784,0.07033467,1.129387
157,1,0,0.0,0.7726429,0.14208636,0.085270844,0.266504
157,1,0,0.0,0.9171429,0.06842676,0.014430532,0.141844
157,1,0,0.0,0.7557692,0.1801163,0.06411452,0.083154
291,1,1,0.0,0.00026739444,0.99596405,0.0037687037,0.567097
291,1,1,0.0,0.00030179042,0.9967184,0.0029799214,0.276836
291,1,1,0.0,0.000995616,0.99797195,0.0010325412,0.013255
291,1,1,0.0,0.000275336,0.9975744,0.0021502844,0.793663
291,1,1,0.0,0.00039098578,0.99515927,0.0044498174,0.939753
291,1,1,1.4901161193847656e-08,0.0005310314,0.9771834,0.022285579,0.19106
291,1,1,0.0,0.0023286932,0.9848109,0.012860505,0.168392
291,1,1,0.0,0.0004118604,0.9569608,0.042627476,0.877222
291,1,2,0.0,0.0060196463,0.06931748,0.92466277,0.219784
291,1,2,0.0,0.0025764722,0.049555924,0.9478676,0.123714
47,1,2,0.0,0.056170985,0.3929019,0.5509271,0.090185
47,1,1,0.0,0.0012651657,0.99322456,0.0055103796,0.706891
47,1,1,0.0,0.0005534276,0.8784651,0.12098154,0.320592
47,1,2,0.0,0.036194336,0.033598725,0.93020713,0.329204
47,1,2,0.0,0.017993692,0.04591383,0.93609244,0.801624
47,1,2,0.0,0.007853155,0.026581269,0.96556574,0.084047
146,1,1,0.0,0.00038762114,0.9982586,0.001353915,0.038834
146,1,1,0.0,0.00069461,0.99739987,0.0019055733,0.340225
146,1,1,0.0,0.004541102,0.97752094,0.017938145,0.082942
146,1,1,0.0,0.00054059585,0.9972683,0.002191147,0.122347
146,1,1,0.0,0.0015031096,0.99455637,0.003940692,0.698371
146,1,1,6.332993507385254e-08,0.00089009164,0.99540544,0.0037045034,0.77613
146,1,1,0.0,0.0010466899,0.9972526,0.0017007896,0.902603
146,1,1,0.0,0.001316535,0.9954915,0.003191915,1.306561
146,1,1,0.0,0.2658223,0.5840307,0.15014705,0.312659
146,1,1,0.0,0.00038950675,0.99688345,0.0027270538,0.341048
146,1,1,0.0,0.00082126184,0.9983725,0.0008063709,1.268744
146,1,1,0.0,0.00071919465,0.9962421,0.0030389472,1.420511
146,1,1,5.21540641784668e-08,0.002539173,0.9911215,0.0063393,1.572278
146,1,1,0.0,0.0010603766,0.9966079,0.0023317465,1.233285
146,1,1,0.0,0.26858497,0.64078057,0.090634435,0.236211
146,1,2,0.0,0.026473531,0.052069526,0.921457,0.12856
146,1,1,0.0,0.00079771056,0.9950973,0.0041050916,0.280327
146,1,1,0.0,0.00043509534,0.9973913,0.0021736817,0.432094
146,1,1,0.0,0.0003023813,0.99832404,0.0013736291,0.583862
146,1,1,0.0,0.01034392,0.9483438,0.041312344,0.735629
146,1,0,0.0,0.8537607,0.14056599,0.0056735603,0.159763
447,1,1,5.960464477539063e-08,0.0038903472,0.9958383,0.0002712693,0.454914
447,1,1,0.0,0.0072709504,0.992296,0.00043307676,0.454914
447,1,1,5.960464477539063e-08,0.011338326,0.9880659,0.00059570384,0.454914
447,1,1,9.313225746154785e-10,0.0016854316,0.998016,0.00029854625,0.115814
447,1,1,0.0,0.0048742495,0.9948558,0.00027013314,0.016617
447,1,1,0.0,0.0054059825,0.99433535,0.00025863477,1.016276
447,1,1,0.0,0.009965645,0.9891123,0.0009222012,1.454914
447,1,1,0.0,0.003547621,0.9958977,0.00055464683,0.839714
447,1,1,0.0,0.0031666798,0.99655336,0.00028013613,0.042734
447,1,1,0.0,0.0022354207,0.99748534,0.000279331,1.042393
447,1,1,5.960464477539063e-08,0.030693414,0.9680468,0.0012598195,1.563614
447,1,1,0.0,0.0028118805,0.9967498,0.00043847482,0.594217
447,1,1,0.0,0.011413346,0.98828596,0.00030086396,0.068851
447,1,1,0.0,0.0043776263,0.99535763,0.0002647969,0.850167
447,1,1,0.0,0.076563515,0.9215251,0.0019114049,0.876868
447,1,1,0.0,0.002758839,0.99677086,0.0004704942,0.34872
19,1,1,2.9802322387695312e-08,0.009703444,0.96762866,0.022667896,0.115846
19,1,1,0.0,0.008713856,0.9836536,0.0076324805,0.310427
19,1,1,1.4901161193847656e-08,0.014244245,0.98032486,0.005430801,0.123831
19,1,1,0.0,0.020849312,0.97551346,0.0036373811,0.318411
19,1,1,0.0,0.015379082,0.97831213,0.0063087614,0.512992
19,1,1,0.0,0.011635436,0.9754829,0.012881857,0.707572
19,1,1,0.0,0.009791355,0.976516,0.013692717,0.902152
19,1,1,5.960464477539063e-08,0.0024933591,0.99128836,0.0062181773,1.096733
19,1,1,0.0,0.0030825073,0.99194664,0.0049708216,0.856984
19,1,1,1.862645149230957e-09,0.0022862388,0.9969077,0.00080612756,0.824811
19,1,1,0.0,0.013620331,0.9820422,0.00433758,1.299298
19,1,1,0.0,0.007235311,0.9844661,0.008298633,1.421878
19,1,1,0.0,0.0049207313,0.99088776,0.004191644,1.220955
19,1,1,5.21540641784668e-08,0.0045824326,0.9898344,0.005583129,1.020031
19,1,1,0.0,0.006471005,0.9890052,0.004523784,0.819108
19,1,1,0.0,0.005324147,0.99091095,0.0037650487,0.618185
19,1,1,0.0,0.004331342,0.9910761,0.0045925323,0.253957
19,1,1,0.0,0.0005260438,0.9986354,0.00083857944,0.575817
19,1,1,0.0,0.022823863,0.97393465,0.0032415004,0.643195
19,1,1,0.0,0.01870175,0.97885656,0.002441652,0.442271
19,1,1,2.9802322387695312e-08,0.019035494,0.97559273,0.0053718216,0.241348
19,1,1,7.450580596923828e-09,0.012598506,0.9837819,0.003619619,0.040425
448,1,1,0.0,0.0051112254,0.99439156,0.0004972642,0.34084
448,1,1,0.0,0.0009809547,0.99864936,0.00036984158,0.129683
448,1,1,0.0,0.000831975,0.998373,0.00079527945,0.44493
448,1,1,9.313225746154785e-10,0.0011380066,0.99848807,0.00037390794,0.37518
448,1,1,0.0,0.0023123247,0.99656963,0.001118236,0.125229
448,1,1,0.0,0.0009002553,0.99863166,0.00046815627,0.620678
448,1,1,5.21540641784668e-08,0.0060169348,0.9931461,0.00083697867,0.067094
268,1,1,0.0,0.00044419608,0.9979916,0.0015643353,0.315347
268,1,1,0.0,0.00035502674,0.9975673,0.0020778747,0.284487
268,1,1,0.0,0.0005612852,0.99732494,0.0021137418,0.221597
268,1,1,0.0,0.0005741955,0.99597305,0.0034529127,0.237319
227,1,1,4.470348358154297e-08,0.018307587,0.978141,0.0035513462,0.427405
227,1,1,0.0,0.043514024,0.9518799,0.004606119,0.778666
227,1,1,0.0,0.38116726,0.6092855,0.009547323,0.178087
227,1,1,0.0,0.033841446,0.96071225,0.005446436,0.52752
227,1,1,0.0,0.007306809,0.9876063,0.0050869836,0.189816
227,1,1,0.0,0.011172186,0.98650694,0.002321052,0.188433
227,1,1,0.0,0.030180924,0.96711683,0.002702326,1.004857
227,1,1,0.0,0.06653032,0.92977154,0.0036981339,1.578232
227,1,1,0.0,0.07185941,0.9180619,0.010078719,0.977653
227,1,1,0.0,0.36840793,0.6196559,0.01193626,0.377074
227,1,1,0.0,0.17267944,0.82619584,0.0011247752,0.366435
227,1,1,0.0,0.32817727,0.66889817,0.0029246905,1.149482
227,1,1,0.0,0.050402597,0.9472231,0.0023744435,1.087636
227,1,1,0.0,0.0743259,0.9229025,0.0027715685,0.647274
227,1,1,0.0,0.08144337,0.9163951,0.0021617317,0.770731
227,1,1,5.960464477539063e-08,0.15593322,0.83943766,0.0046290797,1.58231
227,1,1,0.0,0.09500595,0.8933129,0.011681321,1.47019
227,1,1,0.0,0.06957598,0.91764975,0.012774451,0.734147
227,1,1,0.0,0.04978028,0.94965374,0.00056609866,0.082759
227,1,1,0.0,0.050599445,0.9484281,0.0009724134,0.639917
227,1,1,0.0,0.0037394182,0.9955349,0.0007258595,1.197074
227,1,1,0.0,0.026180549,0.97250074,0.0013187676,1.571155
227,1,1,2.9802322387695312e-08,0.1457173,0.8504757,0.0038069547,1.618471
227,1,0,0.0,0.7220631,0.25528798,0.022649147,1.529298
227,1,0,0.0,0.7665491,0.18512945,0.048321564,0.793255
227,1,1,0.0,0.3163831,0.63661057,0.04700637,0.057212
227,1,1,5.960464477539063e-08,0.006614735,0.99219,0.0011951614,0.366667
227,1,1,0.0,0.0071685715,0.9911001,0.0017315028,0.923824
227,1,1,0.0,0.01703368,0.9804701,0.0024963904,1.480982
227,1,0,5.960464477539063e-08,0.59370893,0.13447545,0.27181575,0.852363
227,1,2,0.0,0.19515078,0.030245235,0.77460396,0.11632
227,1,1,5.960464477539063e-08,0.009702819,0.97483116,0.015465919,0.093417
227,1,1,0.0,0.0006780329,0.97741526,0.021906728,0.650575
227,1,1,0.0,0.015236804,0.89260393,0.09215944,0.175427
323,1,1,0.0,0.0017942472,0.9975487,0.0006570928,0.219089
323,1,1,0.0,0.0011224805,0.9983205,0.0005570875,0.515068
323,1,1,9.313225746154785e-10,0.0008247388,0.99832267,0.0008525654,0.064689
323,1,1,0.0,0.0007889363,0.9983897,0.00082142395,0.310526
323,1,1,0.0,0.006151744,0.9931117,0.00073671824,0.970435
323,1,1,5.681067705154419e-08,0.0010804877,0.998275,0.0006444354,1.407906
323,1,1,0.0,0.002054356,0.9971502,0.00079555326,0.787225
323,1,1,5.960464477539063e-08,0.017972512,0.9547735,0.027254013,0.179878
323,1,1,0.0,0.0141778095,0.97865266,0.007169625,0.719597
323,1,1,0.0,0.0053459234,0.9880935,0.006560662,0.478756
323,1,1,5.960464477539063e-08,0.014614614,0.7781722,0.20721316,0.232267
310,1,1,0.0,0.0019878699,0.99719805,0.00081426394,0.349529
310,1,1,0.0,0.0008024213,0.99834734,0.0008504179,0.846229
310,1,1,0.0,0.00058783934,0.99615264,0.0032596334,0.811296
310,1,1,0.0,0.001168805,0.993412,0.0054193074,0.373828
310,1,2,0.0,0.006460461,0.08159087,0.91194874,0.155829
310,1,1,0.0,0.0023213506,0.9903269,0.007351834,0.584139
310,1,1,0.0,0.0004941467,0.99128336,0.008222705,1.012449
310,1,1,0.0,0.0036695926,0.9944563,0.0018741623,1.225393
310,1,1,0.0,0.00747071,0.99055237,0.0019770535,0.342393
310,1,1,1.1920928955078125e-07,0.007655991,0.66791594,0.3244281,0.108817
310,1,1,2.9802322387695312e-08,0.0031966367,0.9355741,0.061229356,0.537126
445,1,0,0.0,0.45668727,0.272022,0.27129078,0.252922
445,1,2,0.0,0.2896449,0.29846904,0.41188622,0.064065
445,1,0,0.0,0.750393,0.13789597,0.11171118,0.288383
445,1,0,0.0,0.507933,0.26461533,0.22745173,0.977537
445,1,0,0.0,0.35677144,0.31247094,0.3307576,0.709236
445,1,0,0.0,0.8973732,0.061988417,0.040638607,0.323845
445,1,0,0.0,0.8624697,0.08449119,0.05303914,1.012999
445,1,0,0.0,0.7879956,0.14921883,0.062785625,1.702152
445,1,0,0.0,0.6603988,0.16603783,0.17356353,1.354407
445,1,0,0.0,0.41677743,0.19451076,0.3887119,0.590368
445,1,0,0.0,0.8707077,0.09868436,0.030607957,0.359307
445,1,0,0.0,0.8619446,0.10675761,0.03129793,1.04846
445,1,0,0.0,0.905561,0.073744394,0.020694625,1.737614
445,1,0,0.0,0.93236923,0.056798503,0.010832384,2.426768
445,1,0,0.0,0.8402806,0.12999995,0.029719422,1.999578
445,1,0,1.1920928955078125e-07,0.47141692,0.3003098,0.22827344,1.235539
445,1,0,0.0,0.41324374,0.18970533,0.39705098,0.471501
445,1,0,0.0,0.76949793,0.16109672,0.06940551,0.461317
445,1,0,0.0,0.8417656,0.1341568,0.024077823,1.220479
445,1,0,0.0,0.87726027,0.102856226,0.019883575,1.979641
445,1,0,0.0,0.8780891,0.10712454,0.0147865275,1.927649
445,1,0,0.0,0.91503346,0.07014555,0.014821123,1.416107
445,1,0,0.0,0.71890104,0.17769125,0.10340792,0.904564
445,1,2,0.0,0.18882552,0.24034405,0.5708304,0.393022
445,1,1,0.0,0.18847662,0.6841722,0.12735131,0.569577
445,1,0,2.9802322387695312e-08,0.8959364,0.097911,0.0061526094,1.32874
445,1,0,0.0,0.88125,0.09603621,0.022713907,1.068391
445,1,0,5.960464477539063e-08,0.71906704,0.19253422,0.0883989,0.556849
445,1,0,0.0,0.48967955,0.36713004,0.14319052,0.045306
445,1,1,0.0,0.2393605,0.7174365,0.04320318,0.677838
445,1,0,5.960464477539063e-08,0.43782786,0.4283906,0.13378157,0.209133
220,1,1,0.0,0.1072404,0.79685813,0.09590156,0.778745
220,1,1,1.4901161193847656e-08,0.023061916,0.9660685,0.010869673,0.365102
220,1,1,5.960464477539063e-08,0.0019167826,0.9962183,0.0018648842,0.57861
220,1,1,0.0,0.0011131107,0.9975616,0.0013253747,1.378668
220,1,1,0.0,0.00073263113,0.99675846,0.0025090151,1.266521
220,1,1,0.0,0.014084163,0.98245347,0.0034625744,0.64501
220,1,1,0.0,0.0028914453,0.9914889,0.0056197806,0.150546
220,1,1,0.0,0.0013692919,0.9944004,0.004230329,0.591628
220,1,1,0.0,0.0076842955,0.9603758,0.03194008,0.967255
220,1,1,0.0,0.08561559,0.8055349,0.10884954,0.117627
220,1,2,0.0,0.019282531,0.094708405,0.8860091,0.135245
303,1,1,0.0,0.00038763927,0.9955317,0.0040807235,0.022329
303,1,1,0.0,0.00029079532,0.9981927,0.0015166223,0.512586
303,1,1,0.0,0.00057352235,0.9922084,0.0072181704,0.223667
65,1,1,4.470348358154297e-08,0.018762385,0.9806578,0.0005797894,0.154543
65,1,1,0.0,0.30310303,0.695281,0.0016160744,0.747869
65,1,1,6.332993507385254e-08,0.007988511,0.99147093,0.00054046203,0.830464
65,1,1,0.0,0.013144677,0.9860998,0.00075554964,0.547311
65,1,1,3.725290298461914e-09,0.0044484087,0.99441946,0.0011320678,0.264158
65,1,1,0.0,0.123159654,0.87549937,0.0013410912,0.291656
65,1,1,0.0,0.03836013,0.95996,0.0016799257,1.189066
65,1,1,0.0,0.0097963745,0.98879325,0.0014105038,1.561632
65,1,1,0.0,0.014931627,0.9839706,0.001097919,0.68481
65,1,1,0.0,0.047616933,0.9507685,0.0016147017,0.732853
65,1,1,0.0,0.010020806,0.98881257,0.0011667643,1.630263
65,1,1,0.0,0.014984737,0.984297,0.0007183183,1.080816
65,1,1,5.21540641784668e-08,0.008988236,0.989823,0.0011886986,0.203995
65,1,0,1.1920928955078125e-07,0.7023665,0.24652281,0.051110644,0.276641
65,1,1,0.0,0.35649255,0.64154756,0.001960043,0.957471
65,1,1,0.0,0.078298084,0.9201814,0.0015204028,1.261166
65,1,1,0.0,0.08374234,0.9147731,0.0014846063,0.6
65,1,0,8.940696716308594e-08,0.91694754,0.07474993,0.008302456,0.004702
65,1,0,0.0,0.9530103,0.04358643,0.0034033586,0.308397
65,1,1,0.0,0.24961443,0.74698937,0.003396195,0.119185
31,1,2,3.725290298461914e-09,0.0025294258,0.005805148,0.99166536,0.226059
31,1,2,0.0,0.0019223404,0.11681104,0.8812667,0.547355
31,1,1,0.0,0.008863446,0.4958007,0.49533606,0.547355
31,1,1,0.0,0.0044742473,0.96048516,0.035040613,0.060332
31,1,2,0.0,0.0017216372,0.0026564067,0.9956221,0.003853
31,1,1,0.0,0.02918439,0.75617224,0.21464351,0.547044
31,1,1,5.960464477539063e-08,0.020906985,0.9586912,0.020401808,0.308165
31,1,1,0.0,0.004141826,0.95577186,0.040086467,0.105798
302,1,1,6.332993507385254e-08,0.0006809239,0.9930464,0.0062726545,0.323759
302,1,1,0.0,0.00067337195,0.99295145,0.006375221,0.339724
302,1,1,0.0,0.0023297407,0.95472884,0.04294145,0.079789
302,1,1,0.0,0.000599814,0.9951971,0.004203168,0.60606
302,1,1,5.587935447692871e-08,0.0007118092,0.9929592,0.0063289823,1.30535
302,1,1,0.0,0.0001755617,0.99725837,0.002566096,0.466958
302,1,1,0.0,0.00033256647,0.9885439,0.011123632,0.737155
302,1,1,3.725290298461914e-09,0.00037464805,0.99101293,0.0086123785,0.878975
302,1,1,8.940696716308594e-08,0.0008789104,0.80432624,0.19479477,0.123936
315,1,1,0.0,0.01833043,0.933959,0.04771055,0.295466
315,1,1,0.0,0.014547076,0.93983215,0.045620903,0.471654
315,1,1,0.0,0.0875843,0.7809538,0.13146207,0.647843
315,1,1,2.9802322387695312e-08,0.03432426,0.9170143,0.04866137,0.641073
315,1,1,0.0,0.02400863,0.84950995,0.12648153,0.368693
315,1,1,0.0,0.014783002,0.969851,0.015366167,1.253335
315,1,1,0.0,0.007954721,0.9910392,0.0010061983,1.035329
315,1,1,0.0,0.008878463,0.9892919,0.0018297307,0.817324
315,1,1,0.0,0.003481664,0.993286,0.0032324276,0.168869
315,1,1,0.0,0.07395885,0.91874796,0.0072933026,0.277387
315,1,1,0.0,0.0052455748,0.99332714,0.0014273807,0.059382
328,1,1,5.960464477539063e-08,0.010033912,0.775692,0.21427415,0.327442
328,1,2,0.0,0.011482685,0.027394343,0.961123,0.034642
328,1,2,0.0,0.009897305,0.047625527,0.9424773,0.452509
328,1,1,0.0,0.04358624,0.7209444,0.23546948,0.782949
328,1,1,0.0,0.06231211,0.51793766,0.41975027,0.341278
328,1,2,0.0,0.018169397,0.093568034,0.88826275,0.379734
328,1,2,5.960464477539063e-08,0.035850987,0.12318218,0.8409668,0.796785
328,1,2,0.0,0.015212353,0.22522454,0.75956315,0.355115
328,1,2,0.0,0.006796923,0.04077752,0.9524256,0.080166
148,1,1,0.0,0.004308958,0.5213842,0.47430703,0.444287
148,1,1,0.0,0.0041198675,0.9144541,0.08142609,0.576554
148,1,1,0.0,0.0007001978,0.9964486,0.0028512352,0.457483
148,1,1,0.0,0.00089977897,0.9965953,0.0025050761,0.338412
148,1,1,0.0,0.00069595507,0.9980511,0.0012530285,0.219342
148,1,1,0.0,0.0026672145,0.88869053,0.10864236,0.100271
148,1,1,0.0,0.00076383166,0.9931527,0.006083508,0.849489
148,1,1,7.450580596923828e-09,0.0004186929,0.99098223,0.008599132,1.56944
148,1,1,3.725290298461914e-09,0.00078528107,0.99195004,0.007264758,1.450369
148,1,1,0.0,0.0007678476,0.9934521,0.005780225,1.331298
148,1,1,0.0,0.0009154231,0.995268,0.003816657,1.055655
148,1,1,0.0,0.00056974223,0.9977189,0.00171161,0.091873
148,1,1,0.0,0.09509179,0.704343,0.20056523,0.340465
148,1,1,3.725290298461914e-09,0.0012388987,0.99421656,0.004544509,1.254692
148,1,1,5.960464477539063e-08,0.0010470569,0.9956289,0.0033240556,2.168919
148,1,1,0.0,0.0016460557,0.9942571,0.0040969057,2.443255
148,1,1,3.725290298461914e-09,0.0017027281,0.99423647,0.0040607685,1.752746
148,1,1,5.587935447692871e-08,0.0009933824,0.99494,0.00406664,0.788964
148,1,1,0.0,0.0014099691,0.9873672,0.011222937,0.745667
148,1,1,0.0,0.0012796123,0.9937359,0.004984434,1.659894
148,1,1,0.0,0.0021671224,0.99467564,0.003157327,2.574121
148,1,1,0.0,0.002578917,0.9936815,0.003739698,2.449837
148,1,1,0.0,0.0032697427,0.9926681,0.0040623825,1.486055
148,1,1,0.0,0.001583833,0.99639183,0.00202438,0.522273
148,1,0,0.0,0.4769208,0.40270528,0.120374024,0.236643
148,1,1,0.0,0.0012179721,0.99623436,0.0025478143,1.15087
148,1,1,5.587935447692871e-08,0.0035578413,0.99370205,0.0027399997,2.065097
148,1,1,7.450580596923828e-09,0.0037245485,0.9906304,0.0056451443,2.877191
148,1,1,7.450580596923828e-09,0.001490999,0.99360484,0.0049041775,2.183146
148,1,1,0.0,0.001739448,0.9925995,0.00566127,1.219364
148,1,1,1.862645149230957e-09,0.0012721359,0.9969849,0.0017429908,0.255582
148,1,1,0.0,0.033254724,0.6763402,0.29040518,0.641845
148,1,1,0.0,0.00073253684,0.99459034,0.0046772696,1.556072
148,1,1,0.0,0.0026800372,0.99380505,0.0035149897,1.804955
148,1,1,3.725290298461914e-09,0.0030582112,0.99271214,0.0042296695,1.880012
148,1,1,3.725290298461914e-09,0.0026628682,0.9947273,0.002609881,1.916455
148,1,1,0.0,0.0028588371,0.99347776,0.0036634055,0.952673
148,1,1,0.0,0.2074455,0.71210235,0.080452144,0.132821
148,1,1,0.0,0.002116026,0.9935655,0.0043185023,0.657662
148,1,1,0.0,0.0012706178,0.99565876,0.0030707973,0.732719
148,1,1,0.0,0.0014240482,0.99303067,0.005545387,0.807776
148,1,1,0.0,0.0017385922,0.99513716,0.003124422,0.882832
148,1,1,6.51925802230835e-08,0.002051987,0.9956991,0.0022488984,0.957889
148,1,1,0.0,0.0018665574,0.99519247,0.0029412173,0.685981
148,1,1,0.0,0.0024416076,0.9952598,0.0022985702,0.035766
215,1,1,3.725290298461914e-09,0.0031094165,0.99282944,0.004061162,0.369501
215,1,1,0.0,0.0013137646,0.99699014,0.0016962112,0.338197
215,1,1,0.0,0.007679907,0.98820585,0.0041144765,0.140025
215,1,1,0.0,0.008568376,0.9888021,0.002629581,0.676668
215,1,1,0.0,0.0016140318,0.9949244,0.00346167,1.21331
215,1,1,0.0,0.0021609373,0.99475193,0.0030873485,1.137372
215,1,1,0.0,0.003030297,0.99205035,0.0049193986,0.536274
215,1,1,2.9802322387695312e-08,0.026393473,0.9712606,0.0023459527,0.447192
215,1,1,0.0,0.041260585,0.955903,0.0028365247,0.983835
215,1,1,0.0,0.0071211644,0.99069935,0.0021794792,1.520477
215,1,1,0.0,0.014248973,0.9831971,0.0025540593,2.05712
215,1,1,6.332993507385254e-08,0.005211508,0.9922496,0.0025387527,1.936548
215,1,1,1.4901161193847656e-08,0.01463183,0.98219025,0.0031779143,1.33545
215,1,1,7.450580596923828e-09,0.012423286,0.98431915,0.003257618,0.734352
215,1,1,0.0,0.0037010252,0.9932413,0.0030578626,0.133254
215,1,1,0.0,0.04264313,0.9554529,0.0019040628,0.11157
215,1,1,4.470348358154297e-08,0.025293209,0.97224677,0.0024599466,0.796883
215,1,1,0.0,0.011161249,0.986535,0.0023038602,1.482196
215,1,1,0.0,0.00826252,0.98911965,0.0026178255,2.167509
215,1,1,7.450580596923828e-09,0.015635926,0.98221695,0.0021471204,2.241682
215,1,1,0.0,0.056406926,0.9411837,0.0024094402,1.643232
215,1,1,0.0,0.053293414,0.94457096,0.0021356617,1.044783
215,1,1,0.0,0.0130547965,0.9855218,0.0014234331,0.446333
215,1,1,0.0,0.019676037,0.97880477,0.0015193098,0.068634
215,1,1,0.0,0.011123632,0.9869916,0.0018848389,0.753947
215,1,1,0.0,0.020765433,0.9769911,0.0022435214,1.43926
215,1,1,0.0,0.03765617,0.95996594,0.0023779857,1.440521
215,1,1,1.4901161193847656e-08,0.053881682,0.9454777,0.0006406304,0.842072
215,1,1,0.0,0.053146444,0.94606686,0.0007868951,0.243622
215,1,1,6.705522537231445e-08,0.020422636,0.9775011,0.0020762188,0.025699
215,1,1,0.0,0.06802725,0.9289656,0.003007128,0.711011
215,1,1,0.0,0.4550651,0.54343075,0.0015042295,0.639361
215,1,2,0.0,0.0015875236,0.021707065,0.97670543,0.040911
274,1,1,0.0,0.0017892543,0.9940196,0.00419127,0.208376
274,1,1,0.0,0.0021166145,0.9973346,0.00054894487,0.89465
274,1,1,0.0,0.0011839175,0.99837965,0.0004366654,0.802996
274,1,1,0.0,0.011567861,0.95705956,0.031372685,0.330487
274,1,1,7.450580596923828e-09,0.018254988,0.9813257,0.0004192769,0.862177
274,1,1,0.0,0.003965629,0.99575526,0.00027910332,0.336561
344,1,1,0.0,0.001729185,0.99285495,0.005415949,0.275976
344,1,1,0.0,0.0016677048,0.9930763,0.0052560857,0.424972
344,1,1,5.960464477539063e-08,0.010460972,0.9840566,0.005482315,0.156455
344,1,1,0.0,0.0019274197,0.99401724,0.0040553156,1.148196
344,1,1,0.0,0.0019230132,0.99421364,0.0038633721,0.593879
344,1,1,0.0,0.0052552936,0.9681303,0.026614498,0.0282
344,1,1,0.0,0.0012610311,0.99305475,0.0056843166,1.019941
344,1,1,0.0,0.0011789673,0.99312323,0.0056979936,0.904031
344,1,1,0.0,0.0016510199,0.99428076,0.004068186,0.660536
344,1,1,0.0,0.003114922,0.9930516,0.0038336255,0.859061
344,1,1,0.0,0.004321922,0.99250007,0.003178134,0.020853
344,1,1,0.0,0.0023203725,0.98350614,0.014173693,0.68587
344,1,1,0.0,0.0015374807,0.99227154,0.0061910357,0.666061
344,1,1,0.0,0.0014095147,0.9919954,0.0065952335,0.646253
344,1,1,0.0,0.0020831127,0.98864377,0.009273156,0.626444
344,1,1,0.0,0.0028942164,0.99276537,0.004340623,0.235031
265,1,2,0.0,0.00019171627,0.064320125,0.93548816,0.095346
265,1,1,1.862645149230957e-09,0.0002877851,0.9963328,0.003379501,0.728959
265,1,1,0.0,0.0002978248,0.9858285,0.013873731,0.140289
265,1,1,0.0,0.00023085205,0.982575,0.01719423,0.663071
265,1,1,5.960464477539063e-08,0.00039963392,0.99665564,0.0029447225,0.715601
265,1,1,0.0,0.00031124023,0.9958758,0.0038131352,0.098251
265,1,1,0.0,0.0002800851,0.99256647,0.0071534244,0.407577
265,1,1,0.0,0.00040530946,0.9939108,0.0056839017,0.026063
265,1,2,0.0,0.004603844,0.08555825,0.90983796,0.099592
127,1,0,0.0,0.8323556,0.051111057,0.11653337,0.051227
127,1,0,0.0,0.9642233,0.018141469,0.017635275,0.121947
279,1,1,0.0,0.01175269,0.95085007,0.037397284,0.06805
279,1,1,0.0,0.0075595654,0.9791111,0.013329398,0.913479
279,1,1,0.0,0.11872751,0.8381443,0.043128297,0.816248
279,1,1,0.0,0.053177256,0.90136343,0.045459453,0.226878
279,1,1,0.0,0.00079425017,0.9979987,0.0012070864,0.263997
279,1,1,0.0,0.017185714,0.9057409,0.07707329,1.215478
279,1,1,0.0,0.005099591,0.98762697,0.0072734305,0.739389
279,1,1,0.0,0.001818329,0.98678017,0.0114015965,0.36374
449,1,1,0.0,0.012384959,0.98714304,0.00047210936,0.069357
449,1,1,6.146728992462158e-08,0.0014945217,0.99788153,0.00062386016,0.470907
449,1,1,0.0,0.006904001,0.9921707,0.0009254147,0.642012
449,1,1,0.0,0.0013856236,0.9979569,0.0006575394,0.84547
449,1,1,5.960464477539063e-08,0.004540346,0.9882204,0.007239217,0.297849
449,1,1,0.0,0.0010006658,0.9983425,0.000657006,0.115072
449,1,1,0.0,0.0018855492,0.99765587,0.00045873324,0.486687
449,1,1,0.0,0.0034941363,0.9959783,0.00052776333,0.265445
262,1,1,0.0,0.0012636236,0.9941006,0.004635824,0.036411
262,1,1,0.0,0.0028166499,0.93165106,0.06553242,0.363866
262,1,1,0.0,0.003584992,0.94159794,0.054817233,0.707917
262,1,1,0.0,0.014175511,0.81524277,0.17058176,1.265024
262,1,1,0.0,0.0057066074,0.6135549,0.38073856,0.831531
262,1,1,0.0,0.0011388588,0.6098052,0.38905603,0.398038
262,1,1,0.0,0.0035947093,0.84059227,0.15581311,0.638424
262,1,1,0.0,0.00521863,0.87156403,0.12321742,1.379423
262,1,1,0.0,0.0062350063,0.79243326,0.20133187,1.637077
262,1,1,0.0,0.0033056552,0.9030658,0.09362868,0.886181
262,1,1,0.0,0.0001943363,0.96356976,0.03623598,0.135285
262,1,1,0.0,0.00016404806,0.99268925,0.007146728,0.532321
262,1,1,0.0,0.004865147,0.6484743,0.34666067,1.309929
262,1,1,0.0,0.0029036247,0.8883051,0.1087914,1.727552
262,1,1,0.0,0.009339131,0.8063307,0.18433022,0.976656
262,1,1,0.0,0.00030166266,0.9885774,0.011120938,0.22576
262,1,1,0.0,0.00024887943,0.9949322,0.0048190667,0.412717
262,1,1,0.0,0.023760123,0.67410433,0.30213565,0.861499
262,1,1,0.0,0.0037516865,0.80163187,0.19461672,1.067131
262,1,2,0.0,0.0024765488,0.34626842,0.6512551,0.316235
262,1,1,0.0,0.0013487857,0.9743903,0.024260925,0.406711
20,1,2,0.0,0.07999586,0.055828497,0.8641758,0.024391
20,1,1,0.0,0.02274097,0.964338,0.0129211005,0.639021
20,1,2,5.960464477539063e-08,0.08022527,0.17223455,0.7475402,0.350003
20,1,2,0.0,0.015257255,0.045989733,0.9387531,0.070451
358,1,1,0.0,0.041462377,0.95597494,0.0025628014,0.109235
358,1,1,0.0,0.08005793,0.91703576,0.0029065171,0.392499
358,1,1,0.0,0.015422748,0.9827377,0.001839577,0.899761
358,1,1,0.0,0.007839978,0.9907217,0.0014383537,0.212873
358,1,1,0.0,0.018097725,0.9794136,0.0024886755,0.124619
358,1,1,0.0,0.0047196215,0.99386466,0.0014157805,0.675764
358,1,1,0.0,0.07562664,0.9210664,0.0033069404,1.226909
358,1,1,0.0,0.055265836,0.9410328,0.0037013958,1.626524
358,1,1,5.21540641784668e-08,0.016633892,0.9805819,0.002784185,0.939637
358,1,1,0.0,0.009155366,0.98833424,0.0025105649,0.252749
358,1,1,0.0,0.07524925,0.92345536,0.0012954845,0.407883
358,1,1,0.0,0.037113417,0.9612838,0.001602842,0.959028
358,1,1,4.470348358154297e-08,0.023825308,0.97460806,0.0015665643,1.510173
358,1,1,0.0,0.027503666,0.9691324,0.0033640068,2.061318
358,1,1,0.0,0.038329393,0.9588753,0.0027953407,1.88141
358,1,1,0.0,0.027227676,0.9688941,0.0038782286,1.337986
358,1,1,0.0,0.017535197,0.9796676,0.0027974597,0.794561
358,1,1,0.0,0.07195955,0.92505455,0.0029859068,0.251136
358,1,0,0.0,0.87592286,0.111043,0.013034208,0.529472
358,1,1,0.0,0.16535273,0.8264743,0.008173181,1.242292
358,1,1,0.0,0.07092919,0.9272022,0.0018686645,1.793437
358,1,1,0.0,0.095769495,0.9017109,0.0025195451,2.128802
358,1,1,5.960464477539063e-08,0.090254955,0.90804213,0.0017029068,1.585377
358,1,1,0.0,0.0055541326,0.9929954,0.0014505149,1.041952
358,1,1,4.470348358154297e-08,0.023876635,0.97340834,0.0027150132,0.498528
358,1,0,0.0,0.81433916,0.1672191,0.018441739,0.624113
358,1,1,0.0,0.17833045,0.8187162,0.002953496,1.376955
358,1,1,0.0,0.093536295,0.9053937,0.0010700986,1.289344
358,1,1,0.0,0.17188014,0.82688534,0.0012346266,0.745919
358,1,1,0.0,0.0064118262,0.9922723,0.0013160927,0.202494
358,1,0,0.0,0.6424949,0.33314884,0.024356252,0.718754
358,1,1,0.0,0.17076875,0.8278171,0.0014142314,0.449886
358,1,1,0.0,0.33499223,0.5092835,0.1557244,0.060554
183,1,1,3.725290298461914e-09,0.0047245347,0.9934477,0.0018277111,0.079829
183,1,1,0.0,0.0026960375,0.99483025,0.002473865,0.262595
183,1,1,0.0,0.0018501357,0.99610525,0.0020446703,0.683034
183,1,1,0.0,0.00223026,0.99558866,0.0021810876,0.961493
183,1,1,0.0,0.0015896362,0.99726504,0.0011454612,0.117928
183,1,1,0.0,0.0023755536,0.99637425,0.0012502313,0.270802
183,1,1,0.0,0.0026487,0.99576753,0.0015839229,0.423676
183,1,1,5.587935447692871e-08,0.0020657452,0.99580973,0.0021244597,0.612279
183,1,1,0.0,0.0017709185,0.9960052,0.0022239287,1.122412
183,1,1,0.0,0.004495884,0.994001,0.0015031246,1.624196
183,1,1,0.0,0.0041020936,0.99434936,0.0015486367,1.060516
183,1,1,0.0,0.11865056,0.8785974,0.002752117,0.065431
183,1,1,4.470348358154297e-08,0.0046810494,0.9940516,0.0012673086,0.801554
183,1,1,1.862645149230957e-09,0.002522317,0.99595755,0.001520147,1.259047
183,1,1,0.0,0.0027424493,0.995944,0.0013136216,1.411921
183,1,1,0.0,0.002347545,0.9959621,0.0016904831,1.359271
183,1,1,0.0,0.0019540938,0.99618477,0.0018610997,1.111854
183,1,1,0.0,0.0026712327,0.9954472,0.0018816233,1.020332
183,1,1,5.587935447692871e-08,0.004853048,0.99301577,0.0021311024,0.92881
183,1,1,0.0,0.021521248,0.97544056,0.0030381952,0.164454
183,1,1,0.0,0.00433397,0.9943165,0.0013495733,0.673089
183,1,1,0.0,0.0086018145,0.99058336,0.00081490644,1.071581
183,1,1,0.0,0.0041318447,0.99478525,0.0010831087,0.742614
183,1,1,5.774199962615967e-08,0.002050726,0.9961788,0.0017704152,0.414599
183,1,1,0.0,0.00182472,0.99618,0.0019953675,0.116051
183,1,1,0.0,0.0026392573,0.9952587,0.0021021885,0.024529
183,1,1,0.0,0.003152686,0.9956516,0.0011958192,0.500384
183,1,1,0.0,0.0004936477,0.9979478,0.0015585792,0.139118
336,1,1,0.0,0.00094577245,0.98269045,0.01636383,0.547721
336,1,1,0.0,0.0056667416,0.92764336,0.066690035,0.331824
336,1,1,0.0,0.00044086188,0.97403324,0.025526002,0.250139
336,1,1,0.0,0.00032147582,0.996031,0.0036476757,0.812407
336,1,1,5.21540641784668e-08,0.00032999512,0.98603696,0.013632996,0.887601
336,1,1,8.940696716308594e-08,0.0034340008,0.87976325,0.11680274,0.351049
336,1,1,0.0,0.0005079583,0.9811328,0.018359305,0.514826
336,1,1,0.0,0.00042617333,0.9944782,0.0050956775,1.077094
336,1,1,5.960464477539063e-08,0.0007717035,0.968486,0.030742204,0.580286
336,1,1,0.0,0.0031461967,0.8883266,0.10852736,0.043734
336,1,1,0.0,0.00024063057,0.98470414,0.015055297,0.217244
336,1,1,0.0,0.00023372857,0.9962788,0.0034875893,0.779512
336,1,1,0.0,0.00027271226,0.99552864,0.004198848,0.809523
336,1,2,0.0,0.0027010145,0.2742622,0.72303677,0.272971
336,1,1,0.0,0.00032476409,0.9670848,0.032590564,0.481931
336,1,1,0.0,0.00029575662,0.99210787,0.007596361,1.038759
336,1,1,0.0,0.0017605941,0.9656152,0.032624397,0.502207
336,1,1,0.0,0.0011973861,0.88821507,0.110587634,0.184349
336,1,1,0.0,0.0006014528,0.9890576,0.010341021,0.746617
336,1,1,2.9802322387695312e-08,0.0010693329,0.9260007,0.07292997,0.731444
336,1,2,5.960464477539063e-08,0.005185634,0.2835405,0.71127385,0.194892
336,1,1,0.0,0.005892237,0.88397413,0.11013367,0.449036
336,1,1,0.0,0.0029761852,0.8143057,0.18271817,0.960681
336,1,1,0.0,0.0029342228,0.72581685,0.27124903,0.424129
336,1,2,0.0,0.10523769,0.24371569,0.65104675,0.337183
336,1,1,0.0,0.037808634,0.9092122,0.052979257,0.653366
336,1,2,0.0,0.008542317,0.047990937,0.9434668,0.116814
16,1,1,0.0,0.00381026,0.7071506,0.28903928,0.204628
16,1,1,0.0,0.0007379362,0.97383064,0.025431598,0.560863
16,1,1,0.0,0.001015841,0.9960118,0.0029723973,0.165087
16,1,1,0.0,0.0010916358,0.99655116,0.002357214,0.628047
16,1,2,0.0,0.0037604393,0.40700302,0.58923674,0.470269
16,1,2,0.0,0.005145335,0.09609297,0.8987618,0.158845
16,1,1,0.0,0.004737163,0.6787323,0.3165307,0.060281
16,1,2,0.0,0.0033367155,0.47201154,0.5246518,0.571251
16,1,1,0.0,0.0030563816,0.5565927,0.440351,0.030368
203,1,1,0.0,0.45644477,0.54229426,0.0012610701,0.717103
203,1,1,0.0,0.29540285,0.703294,0.0013032219,0.210561
203,1,1,0.0,0.38757855,0.60300803,0.009413524,0.308255
203,1,1,0.0,0.12914023,0.86934006,0.001519752,0.89901
203,1,1,0.0,0.031574138,0.9678977,0.00052811124,1.064999
203,1,1,0.0,0.12225961,0.8772125,0.0005279667,0.545444
203,1,1,0.0,0.008288089,0.9912943,0.00041759072,0.003998
203,1,0,0.0,0.6735252,0.3183084,0.008166608,0.027005
203,1,1,5.960464477539063e-08,0.16680536,0.8285719,0.0046227775,0.516503
203,1,1,0.0,0.0066296584,0.9930208,0.00034963625,0.371575
359,1,1,0.0,0.068871334,0.92818636,0.0029424601,0.446216
359,1,1,0.0,0.07885738,0.91840327,0.0027394418,0.242572
359,1,1,0.0,0.037356768,0.95983887,0.002804485,0.192288
359,1,1,0.0,0.015991548,0.9815578,0.0024507793,0.73818
359,1,1,0.0,0.03202132,0.96544266,0.00253627,1.284072
359,1,1,0.0,0.087915026,0.90915966,0.0029254395,0.991016
359,1,1,0.0,0.28840476,0.70631427,0.005280984,0.327818
359,1,1,0.0,0.062243603,0.9360308,0.0017256951,0.484251
359,1,1,0.0,0.016072182,0.9807829,0.0031450088,1.030143
359,1,1,0.0,0.010235951,0.98724,0.0025240786,1.576035
359,1,1,0.0,0.05000634,0.946457,0.0035367182,1.821752
359,1,1,0.0,0.23102216,0.7655775,0.0034003775,1.148368
359,1,1,0.0,0.1943963,0.80418897,0.0014147803,0.474985
359,1,1,0.0,0.15799607,0.8371877,0.004816312,0.230323
359,1,1,0.0,0.051267374,0.9462892,0.0024435213,0.776215
359,1,1,0.0,0.048968654,0.94933784,0.001693591,1.322107
359,1,1,0.0,0.020062534,0.97735924,0.002578356,1.867999
359,1,1,0.0,0.02939677,0.96768385,0.0029194641,1.755843
359,1,1,0.0,0.24430573,0.75164384,0.004050533,1.082459
359,1,1,0.0,0.07296314,0.9228868,0.004150173,0.409075
359,1,1,0.0,0.07773573,0.9012732,0.020991215,0.361763
359,1,1,0.0,0.02976508,0.9672547,0.0029802183,0.83212
359,1,1,0.0,0.007877023,0.9903907,0.0017324078,1.361649
359,1,1,5.21540641784668e-08,0.007708363,0.9905287,0.0017628354,1.689934
359,1,1,0.0,0.016501833,0.98131955,0.002178592,1.01655
359,1,1,0.0,0.12647907,0.87229556,0.0012254562,0.343166
359,1,1,5.960464477539063e-08,0.0029754404,0.9942896,0.0027349598,0.752449
359,1,1,0.0,0.0029153908,0.99334896,0.0037356757,0.95774
359,1,1,0.0,0.16451648,0.82558393,0.009899641,0.277257
359,1,1,0.0,0.0040116743,0.9704308,0.025557568,0.768617
359,1,2,0.0,0.0008633257,0.0074443133,0.9916925,0.227179
359,1,2,0.0,0.002546107,0.013612449,0.9838415,0.179467
319,1,1,5.960464477539063e-08,0.00021136874,0.9923565,0.0074321725,0.29003
319,1,1,0.0,0.041988675,0.76671416,0.19129734,0.066831
319,1,1,5.587935447692871e-08,0.00026445772,0.99732083,0.002414723,0.89699
319,1,1,0.0,0.00080027047,0.9978222,0.0013775844,0.868919
319,1,1,0.0,0.00038460887,0.9985525,0.0010628795,0.443024
319,1,1,0.0,0.035400387,0.959016,0.0055836616,0.017129
319,1,1,8.940696716308594e-08,0.034295585,0.89852196,0.06718238,0.072243
319,1,1,0.0,0.00062312523,0.9978752,0.001501754,0.665531
319,1,1,0.0,0.00048168082,0.99881566,0.00070267485,1.258819
319,1,1,0.0,0.00025677457,0.99856323,0.0011800287,0.640163
319,1,1,0.0,0.0029025865,0.9948812,0.00221624,0.453829
333,1,0,0.0,0.7337592,0.258294,0.007946946,0.061353
333,1,1,0.0,0.0046129324,0.8510909,0.14429621,0.173165
333,1,1,0.0,0.41063747,0.56483734,0.024525365,0.134595
333,1,0,0.0,0.51788425,0.47620556,0.005910255,0.45462
333,1,0,5.960464477539063e-08,0.6708092,0.32454643,0.0046443883,0.298461
251,1,0,0.0,0.8303195,0.15090337,0.01877725,0.154202
251,1,0,5.960464477539063e-08,0.61865336,0.3290633,0.052283492,0.216591
251,1,0,0.0,0.59983283,0.32721975,0.07294748,0.278981
251,1,0,0.0,0.7089541,0.28773972,0.0033062354,0.34137
251,1,1,0.0,0.11951486,0.87361205,0.0068732267,0.40376
251,1,1,0.0,0.40790477,0.5908063,0.001288979,0.249116
251,1,0,0.0,0.8016817,0.17521077,0.023107657,0.903642
251,1,1,0.0,0.4305855,0.50669473,0.06271979,1.214643
251,1,0,5.960464477539063e-08,0.5397244,0.40680692,0.05346881,1.277033
251,1,1,0.0,0.09053936,0.90819776,0.0012629832,1.339422
251,1,1,6.705522537231445e-08,0.023090668,0.976105,0.0008043448,1.312073
251,1,1,0.0,0.03385712,0.96540946,0.0007334669,0.314192
251,1,0,0.0,0.83229697,0.15158792,0.016115127,0.877561
251,1,0,0.0,0.56965804,0.38308698,0.047255047,1.265149
251,1,1,0.0,0.39029673,0.5767486,0.032954697,1.225936
251,1,1,0.0,0.031648602,0.96152633,0.0068251556,1.186724
251,1,1,0.0,0.056010213,0.94315284,0.0008370869,1.147512
251,1,1,1.1175870895385742e-08,0.008927763,0.99002093,0.0010514025,0.379268
251,1,0,0.0,0.87509537,0.11259193,0.012312921,0.30513
251,1,0,0.0,0.8753426,0.109400176,0.01525724,0.265918
251,1,0,0.0,0.6528282,0.28605,0.06112192,0.226705
251,1,0,0.0,0.89359593,0.09280177,0.0136024365,0.187493
251,1,0,0.0,0.6945621,0.2782773,0.027160596,0.148281
201,1,2,0.0,0.0038169392,0.021557376,0.9746257,0.379148
201,1,0,0.0,0.84446853,0.006453007,0.14907852,0.621086
201,1,2,0.0,0.37142545,0.046226643,0.58234805,0.327797
201,1,1,0.0,0.004455886,0.99450696,0.0010372311,0.034507
201,1,2,0.0,0.09830975,0.10203815,0.79965216,0.190688
201,1,0,2.9802322387695312e-08,0.956381,0.036995504,0.0066234116,0.370332
201,1,0,0.0,0.7903131,0.20284931,0.006837749,0.549977
201,1,1,0.0,0.43176422,0.5667792,0.0014565949,0.008865
258,1,1,5.21540641784668e-08,0.0008197137,0.9831478,0.01603248,0.17871
258,1,0,0.0,0.4592183,0.37092975,0.16985205,0.122956
258,1,1,5.960464477539063e-08,0.20249607,0.5800329,0.21747115,0.735358
258,1,1,0.0,0.0032374593,0.98579365,0.010968909,1.054964
258,1,1,6.332993507385254e-08,0.00091306714,0.99093837,0.008148529,0.4885
258,1,1,4.470348358154297e-08,0.0027961393,0.95398927,0.043214656,0.507002
258,1,1,0.0,0.0019723738,0.94683045,0.051197164,0.79984
258,1,2,5.960464477539063e-08,0.0037993852,0.04418447,0.95201606,0.095101
258,1,2,0.0,0.049717903,0.037863832,0.91241837,0.279382
258,1,2,0.0,0.005393224,0.004711441,0.9898954,0.090374
275,1,1,0.0,0.0044761957,0.99445254,0.0010714261,0.094815
275,1,1,0.0,0.0027325002,0.9970173,0.000250257,0.724166
275,1,1,0.0,0.07481977,0.9243741,0.00080614944,0.893612
275,1,1,0.0,0.03472171,0.9646097,0.00066868344,0.709503
275,1,1,0.0,0.028184025,0.971024,0.00079203094,0.105478
275,1,1,0.0,0.0031976018,0.9964671,0.0003352509,0.313605
275,1,1,0.0,0.005855716,0.9939371,0.0002072372,0.540093
275,1,1,0.0,0.051790867,0.9474909,0.00071838096,0.537063
275,1,1,0.0,0.011645077,0.98799,0.00036490292,0.534033
46,1,1,0.0,0.00088229193,0.9819871,0.017130619,0.461664
46,1,1,5.960464477539063e-08,0.0004954037,0.9856783,0.013826213,0.447908
46,1,1,0.0,0.00031847617,0.99001503,0.009666665,0.434153
46,1,1,1.862645149230957e-09,0.0004476189,0.995659,0.003893406,0.862603
46,1,1,0.0,0.003006305,0.99590886,0.0010850187,0.978954
46,1,1,0.0,0.0006683373,0.9981461,0.0011856275,0.506545
46,1,1,0.0,0.0002658992,0.99367154,0.0060625887,0.019954
133,1,1,0.0,0.10791248,0.7694436,0.122644074,0.291821
133,1,1,0.0,0.0023124525,0.98433477,0.013352878,0.907182
133,1,1,0.0,0.0016391281,0.99217886,0.006182215,0.752935
133,1,1,0.0,0.04367111,0.842629,0.113699935,0.355224
133,1,1,0.0,0.0008749952,0.9975028,0.0016224467,0.514165
133,1,1,0.0,0.00079690147,0.9978882,0.0013149153,0.391317
237,1,0,0.0,0.52021545,0.47326,0.006524675,0.30719
237,1,1,0.0,0.12683815,0.8683361,0.0048258156,0.1119
237,1,1,0.0,0.02420764,0.97425556,0.0015369874,0.909877
237,1,1,0.0,0.0336102,0.96492195,0.0014680786,0.776475
237,1,0,0.0,0.9052085,0.09140583,0.003385806,0.291715
237,1,1,0.0,0.0077059963,0.9913707,0.00092342845,0.714588
237,1,1,0.0,0.04021939,0.95873016,0.0010504775,1.512565
237,1,1,0.0,0.005188208,0.9942288,0.0005831249,1.651122
237,1,1,0.0,0.0043858625,0.9946975,0.0009167768,1.122838
237,1,1,0.0,0.006462479,0.9924025,0.0011351033,0.536723
237,1,1,0.0,0.015940996,0.9833392,0.0007199526,0.347028
237,1,1,2.9802322387695312e-08,0.057161767,0.94173115,0.0011070388,1.076823
237,1,1,0.0,0.0022462877,0.99737847,0.0003752701,1.014871
237,1,1,5.960464477539063e-08,0.0008326755,0.9979635,0.0012038163,0.363642
237,1,1,0.0,0.0012352867,0.9747883,0.0239764,0.393157
237,1,1,0.0,0.00077272975,0.8070931,0.1921342,0.255989
296,1,1,0.0,0.0056227474,0.93201077,0.062366523,0.422275
296,1,1,0.0,0.015938245,0.55488056,0.42918128,0.184173
296,1,1,5.960464477539063e-08,0.008649401,0.9498774,0.041473143,0.52881
296,1,1,0.0,0.0016587358,0.9702394,0.02810195,1.18064
296,1,1,0.0,0.0017743714,0.94533724,0.052888595,0.417802
296,1,1,2.9802322387695312e-08,0.015037476,0.85567874,0.12928379,0.400594
296,1,1,7.450580596923828e-08,0.0017006703,0.96823615,0.03006313,1.256846
296,1,1,5.21540641784668e-08,0.00066688977,0.9910099,0.008323207,1.576489
296,1,1,0.0,0.0012962279,0.98806036,0.010643507,0.591731
296,1,1,0.0,0.00093659025,0.97919095,0.019872576,0.740288
296,1,1,0.0,0.0007949678,0.98610115,0.0131040355,1.597004
296,1,1,0.0,0.0007188346,0.9883456,0.010935615,0.765659
296,1,1,7.450580596923828e-08,0.0015637903,0.98312104,0.015315035,0.284655
296,1,1,0.0,0.0005999087,0.9850469,0.014353273,1.200791
296,1,1,0.0,0.0005977608,0.9815559,0.017846504,0.939588
296,1,1,0.0,0.00057698705,0.9843716,0.0150514785,0.800491
296,1,1,0.0,0.0006045651,0.99425405,0.005141522,1.113517
296,1,1,0.0,0.00067288446,0.98801845,0.011308748,0.128759
296,1,1,0.0,0.00077212974,0.99623483,0.002993167,0.599433
296,1,1,0.0,0.0002498011,0.98834616,0.011404169,1.287445
296,1,1,0.0,0.003597182,0.87931174,0.11709121,0.302687
296,1,1,0.0,0.00075802486,0.9949632,0.004278766,0.450968
296,1,1,0.0,0.00030392775,0.99202627,0.007669935,1.004949
296,1,1,0.0,0.0032208327,0.9372155,0.059563797,0.471928
296,1,1,3.725290298461914e-09,0.00088210683,0.98950875,0.009609159,0.075527
296,1,1,5.960464477539063e-08,0.0014798702,0.9938837,0.004636297,0.007281
343,1,1,0.0,0.04009374,0.93196905,0.027937366,0.240491
343,1,1,0.0,0.10483998,0.8913698,0.0037903213,0.844143
343,1,1,0.0,0.010971225,0.9591847,0.02984415,0.351336
343,1,1,0.0,0.018966623,0.85258436,0.12844908,0.250746
343,1,1,5.21540641784668e-08,0.020243358,0.9789116,0.00084502035,1.216884
343,1,1,1.862645149230957e-09,0.0012045937,0.99676275,0.002032689,0.345404
343,1,2,0.0,0.040462755,0.23556867,0.7239686,0.276452
343,1,1,0.0,0.0424303,0.9517437,0.005826015,0.224719
263,1,1,0.0,0.0005449686,0.99203074,0.0074243094,0.001654
263,1,1,0.0,0.0009379324,0.98573995,0.013322161,0.06593
263,1,1,0.0,0.00047220642,0.99427027,0.0052577504,0.757303
263,1,1,0.0,0.00027318264,0.9909734,0.008753536,0.24262
263,1,1,0.0,0.00058458874,0.97630966,0.023105906,0.097054
263,1,1,0.0,0.00065628457,0.9866557,0.012688119,0.788427
263,1,1,0.0,0.0006286479,0.98557293,0.013798446,1.479801
263,1,1,0.0,0.0006431859,0.9924159,0.0069410047,1.059869
263,1,1,2.2351741790771484e-08,0.0011564876,0.9787092,0.020134248,0.483585
263,1,1,0.0,0.001307594,0.98017645,0.018516058,0.046582
263,1,1,0.0,0.003314483,0.61001086,0.38667473,0.128178
263,1,1,0.0,0.0014179607,0.9233664,0.07521574,0.819552
263,1,1,0.0,0.0010904741,0.989863,0.009046649,1.510925
263,1,1,0.0,0.00065628986,0.9864425,0.0129014235,2.202298
263,1,1,0.0,0.00045418707,0.9941831,0.005362718,1.877119
263,1,1,0.0,0.0004946618,0.9944176,0.005087821,1.301366
263,1,1,0.0,0.0010334263,0.9756661,0.023300573,0.805052
263,1,1,7.450580596923828e-09,0.0014298119,0.9832197,0.01535056,0.153345
263,1,1,0.0,0.012743344,0.86163235,0.12562433,0.361538
263,1,1,0.0,0.0010499791,0.99090546,0.008044649,1.093418
263,1,1,0.0,0.00056837767,0.9937859,0.00564575,1.825298
263,1,1,0.0,0.00039680782,0.9958873,0.0037159624,1.35151
263,1,1,0.0,0.00042921875,0.995756,0.0038149613,0.774201
263,1,1,0.0,0.0009342543,0.9930815,0.0059844363,0.694349
263,1,1,0.0,0.0014273997,0.98278147,0.015791092,0.911815
263,1,1,7.450580596923828e-09,0.0006387813,0.98986197,0.009499224,0.260108
263,1,1,0.0,0.00038156615,0.99264234,0.0069762496,0.411985
263,1,1,0.0,0.00082994235,0.9552805,0.043889694,1.069917
263,1,2,0.0,0.0053880806,0.39224684,0.60236514,0.534984
263,1,2,0.0,0.16499881,0.3268869,0.5081144,0.554328
263,1,2,0.0,0.0059045227,0.042165663,0.9519299,0.295766
451,1,1,7.450580596923828e-09,0.0022693353,0.9809925,0.016738161,0.728904
451,1,1,0.0,0.007906558,0.80274683,0.18934679,0.191997
451,1,1,0.0,0.00094150455,0.9962192,0.0028394435,0.281443
451,1,1,0.0,0.0007180286,0.9942255,0.0050565503,1.240089
451,1,1,3.725290298461914e-09,0.00497785,0.99154586,0.0034762875,0.663685
451,1,1,0.0,0.0010173196,0.99483454,0.0041481587,0.566044
451,1,1,0.0,0.0020712023,0.9935013,0.0044276067,1.359004
451,1,1,0.0,0.005350976,0.9916377,0.0030113566,0.395607
451,1,1,0.0,0.001591388,0.99516964,0.003239076,0.750383
451,1,1,0.0,0.0019676085,0.99359983,0.0044327416,0.987704
451,1,1,6.332993507385254e-08,0.004340818,0.9912859,0.0043731574,0.127529
451,1,1,0.0,0.0022881855,0.99235916,0.0053526703,0.016272
295,1,1,0.0,0.001911373,0.99471533,0.0033733668,0.13037
295,1,1,0.0,0.0035131432,0.99355024,0.0029367914,0.213598
295,1,1,0.0,0.006169358,0.9904017,0.0034291504,0.877865
295,1,1,0.0,0.037880484,0.9572383,0.0048813485,0.503282
295,1,1,0.0,0.009135101,0.83569014,0.15517479,0.365556
295,1,1,1.4901161193847656e-08,0.010513339,0.9664007,0.023085857,0.63546
295,1,1,0.0,0.027373523,0.94214386,0.030482689,0.202384
295,1,2,0.0,0.017485583,0.18850091,0.7940136,0.171977
295,1,1,5.960464477539063e-08,0.009951305,0.8958227,0.09422596,0.667923
295,1,2,0.0,0.026506865,0.38885137,0.58464175,0.413282
295,1,2,0.0,0.0120141925,0.10036947,0.8876163,0.393609
56,1,1,0.0,0.0703854,0.9228472,0.006767361,0.0562
56,1,1,0.0,0.004607953,0.9938893,0.001502863,0.437201
56,1,1,0.0,0.044273008,0.67862993,0.2770972,0.112463
56,1,1,0.0,0.0017077394,0.99507636,0.0032159418,0.971364
56,1,1,0.0,0.00050647283,0.99772114,0.0017724044,0.167204
56,1,2,0.0,0.00073355116,0.024004309,0.9752622,0.050196
453,1,1,0.0,0.004253221,0.9905622,0.005184662,0.430467
453,1,1,0.0,0.0059477487,0.9910783,0.002974006,0.469283
453,1,1,5.21540641784668e-08,0.0043373397,0.9929649,0.0026976874,0.223943
453,1,1,0.0,0.0105975745,0.9853534,0.0040491964,0.728524
453,1,1,0.0,0.006518291,0.99059397,0.0028879454,1.199339
453,1,1,0.0,0.0064084763,0.9912201,0.0023714735,0.24804
453,1,1,5.774199962615967e-08,0.001213344,0.995536,0.0032506122,0.072032
453,1,1,0.0,0.0024603046,0.9936725,0.0038672797,1.02658
453,1,1,0.0,0.0023740078,0.99345887,0.0041671037,0.89107
453,1,1,0.0,0.00064292346,0.99597067,0.0033866505,0.370089
453,1,1,0.0,0.0011417809,0.9917556,0.0071026417,1.117566
453,1,1,0.0,0.0011822133,0.98854315,0.0102746375,0.581992
453,1,1,0.0,0.004772371,0.66425705,0.33097067,0.100359
453,1,2,0.0,0.017349724,0.10701515,0.87563515,0.117717
453,1,2,0.0,0.022874847,0.08525605,0.8918692,0.135075
454,1,1,0.0,0.0010462982,0.98762375,0.011330004,0.39934
454,1,1,0.0,0.0010410951,0.95212567,0.046833232,0.523532
454,1,1,0.0,0.0010025657,0.96343416,0.03556346,0.141099
454,1,1,0.0,0.0006734953,0.99350834,0.0058183167,0.733088
454,1,1,0.0,0.0009045842,0.98356533,0.015530123,1.288362
454,1,1,5.960464477539063e-08,0.00091336505,0.9862486,0.012837994,0.367516
454,1,1,0.0,0.000658094,0.99443245,0.004909505,0.124174
454,1,1,0.0,0.0010705574,0.9937382,0.0051913243,1.066837
454,1,1,0.0,0.0021864409,0.9722985,0.025515152,0.898438
454,1,1,0.0,0.0017671916,0.99056715,0.0076656495,0.457923
454,1,1,0.0,0.001006303,0.9894099,0.009583886,1.400585
454,1,1,0.0,0.0050348653,0.7912383,0.20372681,0.508513
454,1,1,0.0,0.003029482,0.9905706,0.0063999873,0.82679
454,1,1,7.450580596923828e-09,0.002397225,0.99190253,0.005700306,1.039436
454,1,2,0.0,0.062107667,0.34666303,0.5912294,0.118589
454,1,2,0.0,0.058376297,0.35362503,0.5879987,0.290386
454,1,1,0.0,0.0029813652,0.9737249,0.023293741,1.212857
454,1,1,5.21540641784668e-08,0.002270158,0.9853146,0.012415304,0.649511
454,1,1,0.0,0.041197203,0.7291207,0.2296821,0.349598
454,1,1,0.0,0.04691892,0.74529076,0.20779042,0.259587
266,1,1,0.0,0.00027324804,0.9981733,0.0015535373,0.305483
266,1,1,0.0,0.0009936587,0.99774665,0.0012597479,0.173552
266,1,1,0.0,0.00038911914,0.99628556,0.0033254363,0.736347
266,1,1,0.0,0.00030229826,0.99776995,0.0019277378,1.02062
266,1,1,0.0,0.00023228553,0.9974076,0.0023602587,0.321636
266,1,1,0.0,0.00042612656,0.99846846,0.0011055117,0.33232
266,1,1,0.0,0.00042193432,0.9984513,0.0011269704,0.955572
266,1,1,0.0,0.0002930959,0.9980197,0.0016873914,1.166872
266,1,1,0.0,0.0002452774,0.9969907,0.0027641207,0.418727
266,1,1,0.0,0.0005802211,0.99280256,0.0066173477,0.282519
266,1,1,0.0,0.0005908575,0.9948006,0.0046085115,0.992852
266,1,1,0.0,0.00018606303,0.99676526,0.0030487298,0.649273
266,1,1,5.960464477539063e-08,0.0025676638,0.98168814,0.015744215,0.288986
153,1,1,4.470348358154297e-08,0.0018900841,0.96372855,0.03438131,0.45672
153,1,1,0.0,0.003935851,0.9183794,0.07768478,0.464865
153,1,1,5.960464477539063e-08,0.02620811,0.96993893,0.003852991,0.473011
153,1,1,0.0,0.0431335,0.95469457,0.0021720252,0.481156
153,1,1,0.0,0.034895245,0.96330833,0.0017965218,0.489302
153,1,1,0.0,0.06778012,0.93112195,0.0010979254,0.497447
153,1,1,0.0,0.002056831,0.9965935,0.0013497823,0.644552
153,1,1,0.0,0.02123691,0.9760356,0.0027276275,0.666932
153,1,1,0.0,0.0486639,0.948934,0.0024020663,0.689313
153,1,1,0.0,0.002848274,0.99616057,0.0009911061,0.711693
153,1,1,0.0,0.0030028664,0.99610275,0.0008944518,0.734073
153,1,1,5.774199962615967e-08,0.0038738279,0.9956266,0.00049950095,0.756453
141,1,1,3.725290298461914e-09,0.00042161436,0.9940176,0.0055608028,0.528658
141,1,1,0.0,0.0041166074,0.8769074,0.11897619,0.052362
141,1,1,0.0,0.00075303874,0.99636656,0.0028805202,0.366646
141,1,1,0.0,0.001566205,0.9936801,0.00475367,0.700999
141,1,1,0.0,0.0009035224,0.9964519,0.0026445785,0.813513
141,1,1,1.4901161193847656e-08,0.0030011146,0.97628456,0.020714296,0.396973
141,1,1,0.0,0.0034507234,0.9739713,0.022578193,0.20759
141,1,1,0.0,0.0016984165,0.99537843,0.0029233296,0.741981
141,1,1,0.0,0.039880633,0.64696056,0.31315896,0.092947
162,2,1,0.0,0.024778154,0.526857,0.44836497,0.122021
162,2,1,0.0,0.23773962,0.73136246,0.030897915,0.866337
162,2,1,5.960464477539063e-08,0.42666146,0.49859238,0.07474624,0.729837
162,2,2,5.960464477539063e-08,0.08475644,0.40045413,0.51478934,0.395278
162,2,2,0.0,0.045711588,0.1726162,0.7816723,0.059978
162,2,1,0.0,0.0091522485,0.986127,0.0047207423,0.361253
162,2,1,0.0,0.4379278,0.525907,0.036165223,1.274266
162,2,0,0.0,0.671423,0.29713422,0.03144289,1.51616
162,2,0,0.0,0.48808122,0.39488575,0.117033124,0.594303
162,2,1,0.0,0.40515292,0.5903125,0.0045346124,0.769182
162,2,1,0.0,0.45241383,0.5312023,0.01638406,1.682195
162,2,0,0.0,0.72360575,0.25594664,0.020447645,1.128628
162,2,0,0.0,0.58244175,0.3650384,0.052519996,0.206772
162,2,0,0.0,0.6619873,0.31750324,0.020509632,0.264097
162,2,0,0.0,0.74552923,0.23919122,0.015279766,1.177111
162,2,0,0.0,0.7257366,0.24508917,0.029174339,1.662953
162,2,0,0.0,0.8493304,0.13862574,0.012044122,0.741097
162,2,1,0.0,0.23846495,0.75558245,0.0059527135,0.672027
162,2,1,0.0,0.2472129,0.748568,0.004219243,1.569513
162,2,0,0.0,0.6538583,0.32049537,0.025646439,1.275422
162,2,0,0.0,0.7346856,0.22238208,0.04293254,0.353565
162,2,0,0.0,0.5493415,0.42034608,0.03031242,0.283721
162,2,0,0.0,0.84811455,0.13361292,0.018272467,0.632194
162,2,0,0.0,0.710447,0.25858116,0.030971788,0.88789
162,2,0,0.0,0.6311469,0.32477105,0.04408209,0.043349
165,2,1,5.960464477539063e-08,0.2675285,0.57697785,0.15549363,0.010275
165,2,0,0.0,0.55513906,0.32964915,0.115212016,0.311727
165,2,0,1.1920928955078125e-07,0.58424556,0.18583551,0.22991891,0.427764
165,2,0,0.0,0.5845305,0.22609204,0.18937756,0.480867
165,2,0,0.0,0.7815745,0.111256056,0.10716947,0.218544
165,2,0,0.0,0.44133678,0.33584517,0.22281817,0.650006
165,2,0,0.0,0.541082,0.20936492,0.24955311,0.009323
165,2,0,0.0,0.5628719,0.30634972,0.13077837,0.235794
246,2,1,0.0,0.31711796,0.6511826,0.03169957,0.00461
246,2,1,0.0,0.432446,0.51898587,0.048568275,0.801546
246,2,1,0.0,0.3022933,0.65071344,0.04699327,0.654049
246,2,1,5.960464477539063e-08,0.38313708,0.5631594,0.05370363,0.35063
246,2,0,0.0,0.621527,0.34529638,0.0331767,0.047211
246,2,1,0.0,0.057056677,0.94072694,0.0022165212,0.062106
246,2,1,0.0,0.3946412,0.5705373,0.034821507,0.313828
246,2,1,0.0,0.3666916,0.5908266,0.04248189,0.56555
246,2,1,0.0,0.38137993,0.58301216,0.03560797,0.817272
246,2,0,0.0,0.49603924,0.4823513,0.02160958,0.003446
342,2,1,5.960464477539063e-08,0.00165727,0.9886881,0.009654513,0.126583
342,2,1,0.0,0.0012475639,0.9831161,0.015636358,0.163068
342,2,1,0.0,0.0009453233,0.99689496,0.0021598865,0.199553
342,2,1,0.0,0.0013692148,0.8432526,0.15537822,0.077692
342,2,2,0.0,0.0025666978,0.29365027,0.70378315,0.615285
342,2,1,0.0,0.0028584064,0.51747453,0.479667,1.064206
342,2,1,0.0,0.0026601956,0.7028799,0.29446006,1.028138
342,2,1,0.0,0.0047170655,0.9235424,0.0717405,0.037628
342,2,1,0.0,0.006901279,0.5339186,0.45918015,0.100925
342,2,2,0.0,0.0038063356,0.2801984,0.7159954,0.064857
342,2,2,0.0,0.024559736,0.2750557,0.7003847,0.028789
264,2,1,0.0,0.001251433,0.99424446,0.00450416,0.083105
264,2,2,0.0,0.0026808425,0.20554447,0.7917748,0.14533
264,2,1,0.0,0.000887605,0.99426985,0.004842655,0.439414
264,2,1,0.0,0.0023751003,0.8325039,0.16512105,1.074277
264,2,2,2.9802322387695312e-08,0.0051169167,0.028056093,0.96682703,0.375843
264,2,1,0.0,0.0019937002,0.91735,0.08065639,0.40044
264,2,2,2.9802322387695312e-08,0.011626872,0.04261945,0.9457537,0.366761
163,2,2,0.0,0.072024874,0.16254629,0.7654289,0.183487
163,2,2,0.0,0.31641555,0.27292153,0.41066295,0.033793
163,2,1,0.0,0.34026694,0.5077637,0.15196952,0.781443
163,2,0,0.0,0.69084185,0.16904263,0.14011557,0.215693
163,2,2,0.0,0.38098216,0.09333649,0.5256815,0.533584
330,2,1,0.0,0.048680596,0.5957069,0.35561252,0.616365
330,2,1,0.0,0.015720269,0.97719586,0.007083927,0.04505
330,2,1,0.0,0.10230262,0.7817745,0.11592295,0.705946
330,2,1,5.960464477539063e-08,0.08291089,0.53896075,0.37812838,1.366842
330,2,1,0.0,0.056311134,0.74977434,0.19391468,0.671362
330,2,1,0.0,0.17267619,0.50847304,0.3188508,0.134631
330,2,1,5.960464477539063e-08,0.3352063,0.5896701,0.07512353,0.795527
330,2,1,0.0,0.32613888,0.41274118,0.26112002,1.456423
330,2,2,0.0,0.10420673,0.4158263,0.4799671,1.174374
330,2,1,5.960464477539063e-08,0.12968428,0.49740398,0.3729118,0.467035
330,2,2,0.0,0.100334585,0.1697984,0.7298671,0.085415
330,2,2,0.0,0.17841989,0.29573515,0.5258451,0.909809
330,2,1,0.0,0.31446573,0.48795947,0.19757487,1.174836
330,2,1,0.0,0.049114306,0.7250698,0.22581604,0.467498
330,2,1,1.1920928955078125e-07,0.2310443,0.4053202,0.36363557,0.588289
330,2,2,0.0,0.18464936,0.3030108,0.5123399,0.467961
287,2,1,0.0,0.12669392,0.8043911,0.06891502,0.323557
287,2,1,0.0,0.33301374,0.6342986,0.03268762,0.739836
287,2,1,0.0,0.31600752,0.62420344,0.059789084,0.14418
287,2,0,0.0,0.58781767,0.3117212,0.10046116,0.122544
349,2,2,0.0,0.011572114,0.121418186,0.86700976,0.145208
349,2,2,5.960464477539063e-08,0.011300867,0.079740256,0.908959,0.088336
349,2,2,2.9802322387695312e-08,0.006744324,0.14282496,0.85043067,0.295377
349,2,2,0.0,0.009247037,0.236368,0.75438505,0.502418
349,2,2,0.0,0.010705891,0.29314715,0.696147,0.709459
349,2,2,0.0,0.012197135,0.25157392,0.73622906,0.916499
349,2,2,5.960464477539063e-08,0.02201169,0.24642646,0.73156196,0.238294
349,2,2,0.0,0.0055673243,0.043291543,0.95114124,0.071121
349,2,2,0.0,0.0045367037,0.07557203,0.9198913,1.029964
349,2,2,0.0,0.007021708,0.13767743,0.855301,1.273709
349,2,2,0.0,0.012253261,0.30440974,0.6833372,1.48075
349,2,2,0.0,0.009129148,0.26799437,0.72287655,1.687791
349,2,2,0.0,0.008719759,0.28957698,0.7017033,1.149358
349,2,2,0.0,0.016944965,0.25095397,0.73210114,0.153002
349,2,2,0.0,0.004343903,0.08904931,0.9066068,0.746027
349,2,2,0.0,0.0014069435,0.039256472,0.9593367,1.313328
349,2,2,0.0,0.002870058,0.13622525,0.86090475,1.313328
349,2,2,0.0,0.0021188369,0.11304774,0.88483346,1.313328
349,2,2,0.0,0.003750869,0.23055969,0.7656895,1.064066
349,2,2,0.0,0.005991834,0.20708789,0.7869203,0.06771
349,2,2,0.0,0.0030979824,0.052321274,0.944581,0.313328
349,2,2,7.450580596923828e-08,0.0016730789,0.030379388,0.96794754,0.313328
349,2,2,0.0,0.0014994814,0.037239954,0.9612608,0.313328
349,2,2,0.0,0.0031233002,0.08246537,0.9144115,0.313328
349,2,2,0.0,0.019060219,0.19726793,0.7836718,0.313328
238,2,0,0.0,0.667009,0.2606699,0.07232117,0.433018
238,2,0,0.0,0.73534936,0.22046699,0.044183765,0.208212
238,2,0,0.0,0.88065857,0.099240914,0.02010077,0.162299
238,2,0,2.9802322387695312e-08,0.8796188,0.092188984,0.028192123,1.098042
238,2,0,0.0,0.88553417,0.09272076,0.021745106,1.182616
238,2,0,0.0,0.8307835,0.13246384,0.036752786,0.95781
238,2,0,5.960464477539063e-08,0.65516144,0.26772273,0.07711596,0.733005
238,2,0,0.0,0.8209028,0.13912652,0.039970703,0.514983
238,2,0,5.960464477539063e-08,0.6963732,0.2666908,0.03693597,1.380101
238,2,0,0.0,0.70555407,0.26127958,0.033166375,1.085397
238,2,0,0.0,0.8054571,0.17438214,0.020160759,0.790693
238,2,1,0.0,0.29147896,0.58967566,0.11884538,0.468503
238,2,0,0.0,0.61268914,0.35170102,0.03560983,0.719216
238,2,1,0.0,0.064268805,0.62170553,0.3140257,0.424512
238,2,1,0.0,0.059235115,0.6889163,0.25184873,0.129808
238,2,2,0.0,0.00090468256,0.05243538,0.94666004,0.058331
188,2,1,0.0,0.41836935,0.5568234,0.024807353,0.136763
188,2,1,0.0,0.32024157,0.5184806,0.16127789,0.082501
188,2,0,0.0,0.43543655,0.34355578,0.2210076,0.780866
188,2,0,0.0,0.65306044,0.27111655,0.07582313,0.556099
188,2,0,0.0,0.62239194,0.30117902,0.07642908,0.490432
188,2,0,0.0,0.63090456,0.29708737,0.07200817,0.080593
188,2,2,0.0,0.07750017,0.26870266,0.65379715,0.25754
188,2,0,0.0,0.5866959,0.3309863,0.08231787,0.652789
188,2,0,0.0,0.7663625,0.20214027,0.03149728,0.992751
188,2,0,0.0,0.77211714,0.18988277,0.03800016,0.582913
188,2,0,0.0,0.6347452,0.18578976,0.17946513,0.173075
188,2,1,0.0,0.4614974,0.48327398,0.055228718,0.129463
188,2,0,5.960464477539063e-08,0.6798247,0.2744987,0.045676704,0.013232
189,2,1,0.0,0.1487092,0.5402917,0.3109992,0.504319
189,2,1,0.0,0.25560668,0.40573934,0.33865404,0.189907
189,2,0,0.0,0.5763916,0.31059998,0.11300851,0.291661
189,2,0,0.0,0.7474225,0.14619578,0.10638172,0.328716
189,2,0,0.0,0.6461817,0.23473124,0.119087234,0.683403
189,2,2,0.0,0.34827834,0.14780152,0.50392014,0.267493
189,2,0,0.0,0.7987133,0.14131042,0.059976384,0.232185
189,2,2,0.0,0.13523942,0.03506021,0.82970047,0.64037
189,2,2,0.0,0.015920311,0.010333154,0.9737465,0.34508
189,2,0,1.1920928955078125e-07,0.45483828,0.19975078,0.34541103,0.132438
196,2,0,0.0,0.7616664,0.2023747,0.035959013,0.261787
196,2,0,0.0,0.71786845,0.24584748,0.036284186,0.194684
196,2,1,0.0,0.28046012,0.47480345,0.2447365,0.122417
196,2,0,0.0,0.5529243,0.18785682,0.2592189,0.054768
196,2,0,0.0,0.6674484,0.20544212,0.12710954,1.046479
196,2,0,0.0,0.6402943,0.32381472,0.035891023,0.802572
196,2,2,0.0,0.076065324,0.03581455,0.8881201,0.183254
196,2,2,0.0,0.2970091,0.16398656,0.53900445,0.71153
196,2,0,0.0,0.58333564,0.34975898,0.06690554,0.522692
217,2,0,0.0,0.6971913,0.2502706,0.05253814,0.157912
217,2,0,0.0,0.640525,0.26323128,0.09624386,0.654364
217,2,1,0.0,0.22473802,0.48757023,0.2876919,0.147133
217,2,0,0.0,0.9348976,0.062274236,0.0028282078,0.516948
217,2,0,0.0,0.77306116,0.21436717,0.01257176,1.025976
217,2,0,0.0,0.5519345,0.35583523,0.09223038,1.522428
217,2,1,0.0,0.3258786,0.43091056,0.24321093,0.797602
217,2,2,5.960464477539063e-08,0.06591598,0.07482864,0.85925543,0.03807
217,2,0,0.0,0.8890915,0.10531415,0.005594575,0.508734
217,2,0,0.0,0.6265016,0.33779982,0.035698593,1.190436
217,2,2,0.0,0.32882988,0.24604751,0.4251227,0.575432
217,2,0,0.0,0.595223,0.016413853,0.3883631,0.401912
185,2,1,0.0,0.3401249,0.6464699,0.013405217,0.347384
185,2,0,0.0,0.7169334,0.2664195,0.01664719,0.873243
185,2,0,0.0,0.6174499,0.34010455,0.04244559,0.022671
185,2,1,0.0,0.24968588,0.73639065,0.013923569,0.281213
185,2,1,5.960464477539063e-08,0.4503727,0.5396881,0.009939231,0.707372
185,2,0,0.0,0.5478855,0.36654463,0.08556993,0.436851
185,2,1,0.0,0.09781354,0.8223409,0.079845764,0.01518
250,2,0,0.0,0.5084471,0.13388637,0.35766658,0.1965
250,2,0,0.0,0.70516837,0.07609805,0.21873371,0.789028
250,2,0,0.0,0.9041957,0.023417156,0.0723872,0.757828
250,2,0,0.0,0.4788785,0.051307067,0.46981454,0.104864
250,2,0,0.0,0.7102857,0.11823297,0.17148137,0.391517
250,2,0,0.0,0.8128153,0.07020795,0.116976865,1.372317
250,2,0,5.960464477539063e-08,0.9004179,0.047070157,0.052511856,0.89431
250,2,2,0.0,0.24933007,0.046434972,0.7042351,0.436384
250,2,0,0.0,0.47611308,0.12775585,0.39613116,0.851281
250,2,0,0.0,0.6219332,0.079372205,0.29869467,1.62314
250,2,0,0.0,0.88320315,0.038763627,0.078033246,0.702353
250,2,2,0.0,0.32921255,0.031381708,0.63940585,0.567325
250,2,0,0.0,0.7750706,0.066156834,0.15877262,1.558715
250,2,0,0.0,0.7618921,0.09034139,0.14776666,1.491798
250,2,0,0.0,0.81297725,0.07394295,0.113079935,0.510395
250,2,0,5.960464477539063e-08,0.7608019,0.018649854,0.2205484,0.698266
250,2,0,0.0,0.8652946,0.025343835,0.109361656,1.689657
250,2,0,0.0,0.8471705,0.033647627,0.11918194,1.299841
250,2,0,0.0,0.594873,0.15050973,0.25461745,0.318438
250,2,0,0.0,0.8513326,0.026522795,0.12214476,0.829208
250,2,0,0.0,0.9022399,0.025390526,0.07236964,1.820598
250,2,0,0.0,0.8180132,0.032303143,0.14968379,1.107884
250,2,0,0.0,0.6420035,0.10850723,0.24948926,0.12648
250,2,2,0.0,0.42867205,0.058888346,0.5124397,0.430782
250,2,0,0.0,0.70097214,0.043690577,0.25533736,1.240485
250,2,0,0.0,0.65509456,0.036174916,0.30873063,0.933744
250,2,2,0.0,0.15877613,0.08315716,0.7580668,0.2957
250,2,2,0.0,0.4066437,0.0894636,0.50389284,1.271961
250,2,0,0.0,0.596688,0.057057265,0.34625486,1.369882
250,2,2,0.0,0.2608144,0.11485877,0.62432694,0.945413
250,2,2,1.4901161193847656e-08,0.012259572,0.021177571,0.9665629,0.512299
250,2,2,0.0,0.04149325,0.027588233,0.93091863,0.598444
250,2,2,0.0,0.3194839,0.06814275,0.61237353,0.621029
250,2,2,1.1920928955078125e-07,0.14630255,0.04363199,0.8100655,0.643613
76,2,1,0.0,0.00029852375,0.99828,0.0014215534,0.375419
76,2,1,0.0,0.0011019434,0.99341404,0.0054840096,0.268792
76,2,1,0.0,0.00094922644,0.97037804,0.028672798,0.162164
76,2,2,0.0,0.007531117,0.29436097,0.69810814,0.055536
76,2,1,0.0,0.10535801,0.8876965,0.0069455868,0.204314
76,2,1,0.0,0.002627464,0.9936742,0.003698361,1.13643
76,2,1,0.0,0.002526347,0.9890367,0.008436944,1.263091
76,2,1,0.0,0.0025082268,0.92345864,0.074033126,1.156463
76,2,1,0.0,0.008475954,0.94515145,0.046372663,0.280143
76,2,1,0.0,0.00066980487,0.9948158,0.0045144255,0.566473
76,2,1,0.0,0.00053905987,0.9975795,0.0018816447,1.498589
76,2,1,0.0,0.0005097381,0.9971208,0.0023695666,1.836476
76,2,1,0.0,0.0009789187,0.98509794,0.013923197,0.892831
76,2,1,0.0,0.0010625784,0.9870297,0.011907784,0.928632
76,2,1,3.725290298461914e-09,0.00033422903,0.99187577,0.0077899722,1.860748
76,2,1,0.0,0.00047366752,0.99318945,0.006336918,1.505518
76,2,1,5.587935447692871e-08,0.0012429069,0.9919115,0.006845585,0.561872
76,2,1,0.0,0.00043342385,0.997748,0.0018186134,0.358674
76,2,1,0.0,0.00043079205,0.9951163,0.0044531054,1.036768
76,2,1,0.0,0.00027505754,0.97766113,0.022063969,1.304536
76,2,1,0.0,0.00038369777,0.95946467,0.040151652,1.17456
76,2,1,0.0,0.00021203377,0.99557245,0.004215496,0.230914
76,2,1,0.0,0.00037637775,0.9938175,0.005806125,0.073285
76,2,1,0.0,0.00044790417,0.99221534,0.0073367464,0.341052
76,2,1,5.960464477539063e-08,0.0004927336,0.99481124,0.004695957,0.60882
221,2,2,0.0,0.089335024,0.43060017,0.48006487,0.404859
221,2,1,0.0,0.23024954,0.52530384,0.2444467,0.855932
221,2,1,0.0,0.1215099,0.66044647,0.21804363,0.453576
221,2,1,0.0,0.011739292,0.7561899,0.23207094,0.05122
221,2,1,0.0,0.1528099,0.5722481,0.27494216,0.301166
221,2,1,0.0,0.09113595,0.78465474,0.12420938,0.097567
211,2,1,0.0,0.0026358978,0.90151083,0.09585328,0.079418
211,2,1,0.0,0.12297931,0.8739206,0.0031002492,0.233168
211,2,0,0.0,0.7165627,0.25697714,0.026460273,0.386918
211,2,0,2.9802322387695312e-08,0.85193837,0.12739034,0.020671232,0.540668
211,2,0,0.0,0.874867,0.116371535,0.008761512,0.694418
211,2,2,5.960464477539063e-08,0.00088855915,0.0036769737,0.99543434,0.295627
211,2,2,0.0,0.095706016,0.12255735,0.78173673,0.753031
211,2,0,0.0,0.5396232,0.24691202,0.21346489,1.221278
211,2,0,0.0,0.8004565,0.18012917,0.019414393,0.972263
211,2,0,5.960464477539063e-08,0.5860427,0.37020537,0.043751962,0.702561
211,2,0,0.0,0.7570077,0.22139901,0.02159331,0.400121
211,2,2,0.0,0.17370638,0.16604102,0.6602527,0.340095
211,2,0,0.0,0.58263904,0.32036573,0.09699531,0.27902
211,2,0,0.0,0.84819335,0.12891275,0.022894086,0.009319
218,2,0,2.9802322387695312e-08,0.92606026,0.02742052,0.046519242,0.733602
218,2,0,7.450580596923828e-09,0.9795228,0.018091599,0.002385529,0.44206
218,2,0,0.0,0.7615911,0.21107066,0.027338278,0.203685
218,2,0,0.0,0.7644047,0.18348444,0.05211087,0.946101
218,2,0,0.0,0.73359126,0.2032751,0.06313374,0.326772
218,2,0,0.0,0.92410755,0.03988965,0.03600288,0.007025
204,2,0,0.0,0.7144252,0.25540596,0.030169023,0.333033
204,2,0,0.0,0.7277696,0.24607527,0.026155213,0.439622
204,2,0,0.0,0.6405378,0.31981084,0.039651413,0.758865
204,2,0,1.1920928955078125e-07,0.81206435,0.17511162,0.012824087,0.297491
204,2,1,0.0,0.3017635,0.63671523,0.06152133,0.034432
173,2,0,0.0,0.80845594,0.12284662,0.06869746,0.767384
173,2,0,0.0,0.904649,0.07538652,0.019964602,0.705583
173,2,0,0.0,0.8771711,0.09490194,0.027926924,0.447992
173,2,0,0.0,0.8874656,0.09664457,0.015890012,0.039729
173,2,0,0.0,0.96302426,0.031678185,0.0052975845,0.430314
173,2,0,0.0,0.7441922,0.20859092,0.047216997,0.820899
173,2,0,0.0,0.4176719,0.20650306,0.37582508,0.048066
164,2,0,0.0,0.60685134,0.16557486,0.22757387,0.368504
164,2,0,0.0,0.39067638,0.3355017,0.27382207,0.568295
164,2,2,0.0,0.27701065,0.20814782,0.5148416,0.609592
164,2,2,0.0,0.07853167,0.32870308,0.5927654,0.200811
164,2,2,0.0,0.007910545,0.06741071,0.9246788,0.44668
273,2,0,0.0,0.7636418,0.21714765,0.019210534,0.027844
273,2,1,0.0,0.27129546,0.49866635,0.23003821,0.027844
273,2,0,0.0,0.4759867,0.41890287,0.10511048,0.027844
273,2,0,0.0,0.45173335,0.3606568,0.18761002,0.027844
273,2,1,0.0,0.33911636,0.5047701,0.15611355,0.539562
273,2,2,0.0,0.1751929,0.27869523,0.54611206,0.518888
273,2,2,5.960464477539063e-08,0.12555431,0.14692058,0.7275252,0.498213
273,2,2,0.0,0.031315904,0.053859692,0.91482455,0.477539
312,2,2,0.0,0.008221979,0.39483976,0.5969384,0.683329
312,2,2,0.0,0.033410773,0.24364316,0.7229463,0.482968
312,2,2,0.0,0.0024823502,0.021960376,0.97555745,0.17863
312,2,2,0.0,0.00046321334,0.05410196,0.945435,0.179472
312,2,2,0.0,0.004959954,0.42976782,0.5652722,1.092106
312,2,1,0.0,0.0064868624,0.77206624,0.22144689,0.977744
312,2,1,0.0,0.042733926,0.52415663,0.43310946,0.032642
312,2,2,0.0,0.0011989658,0.07048763,0.92831343,0.588249
312,2,1,0.0,0.006311012,0.66482764,0.3288614,1.176227
312,2,1,1.4901161193847656e-08,0.001607006,0.95387787,0.044515196,0.650969
312,2,2,0.0,0.102439545,0.33192325,0.56563723,0.041313
312,2,1,0.0,0.3547858,0.5764856,0.06872855,0.109949
312,2,1,0.0,0.31584027,0.67384213,0.01031764,0.178586
312,2,1,0.0,0.1722349,0.81445974,0.013305597,0.247222
289,2,0,5.960464477539063e-08,0.648892,0.30529234,0.045815755,0.17867
289,2,1,0.0,0.2624943,0.58630264,0.15120308,0.040197
289,2,0,0.0,0.49832183,0.42875105,0.07292719,0.397663
289,2,0,0.0,0.5071933,0.3587056,0.13410114,0.640257
289,2,0,0.0,0.5411361,0.2690288,0.18983518,0.317501
289,2,0,0.0,0.6135652,0.3731391,0.013295659,0.25919
289,2,1,0.0,0.3875096,0.5311015,0.08138898,0.616657
289,2,1,0.0,0.34719074,0.54332227,0.10948701,0.339288
289,2,1,0.0,0.38725102,0.4811822,0.13156694,0.016532
289,2,0,0.0,0.6891369,0.27828968,0.032573387,0.047111
289,2,1,0.0,0.1703769,0.5000496,0.32957354,0.533865
289,2,1,0.0,0.21910505,0.6681028,0.11279228,0.366371
289,2,1,0.0,0.19887973,0.72334266,0.07777757,0.047958
158,2,2,0.0,0.22884542,0.2744497,0.49670485,0.163895
158,2,0,0.0,0.874197,0.10876526,0.017038008,0.191107
158,2,0,0.0,0.77646416,0.20506792,0.018468045,1.09827
158,2,0,0.0,0.9279758,0.066849515,0.005174721,0.741976
158,2,0,0.0,0.9160634,0.07599352,0.007943089,0.727212
158,2,0,0.0,0.74837315,0.22122808,0.030398872,0.508677
158,2,0,0.0,0.7260718,0.24555565,0.028372753,0.558086
158,2,0,0.0,0.6957104,0.27315542,0.031134216,1.488315
158,2,0,0.0,0.61441857,0.349173,0.036408562,1.679253
158,2,0,0.0,0.7988988,0.18657774,0.014523434,1.155314
158,2,0,0.0,0.8329822,0.15472457,0.012293326,0.40723
158,2,1,0.0,0.29217017,0.38206443,0.3257654,0.025563
158,2,0,0.0,0.8246327,0.1364997,0.03886767,0.925066
158,2,0,0.0,0.842525,0.1410793,0.016395813,1.855295
158,2,0,0.0,0.8343291,0.1487714,0.016899545,1.239793
158,2,0,0.0,0.775575,0.20865144,0.015773747,0.491709
158,2,0,0.0,0.8123465,0.18028265,0.007370904,0.658889
158,2,0,0.0,0.6672102,0.28149104,0.051298775,1.432774
158,2,0,0.0,0.7954688,0.17380486,0.030726552,1.324272
158,2,0,0.0,0.7889438,0.18440622,0.026650026,0.576188
158,2,0,0.0,0.86322975,0.12487147,0.011898929,0.518329
158,2,0,0.0,0.7232003,0.2510958,0.025703894,1.245985
158,2,0,0.0,0.4774494,0.46209785,0.06045278,1.40875
158,2,0,0.0,0.7468267,0.23525634,0.01791691,0.660667
158,2,0,0.0,0.63520557,0.326606,0.03818856,0.382224
158,2,0,0.0,0.5779778,0.40482548,0.017196862,0.745146
158,2,0,0.0,0.93389904,0.057552677,0.008548294,0.022363
137,2,2,0.0,0.012975935,0.14897682,0.8380474,0.0236
137,2,2,0.0,0.094549924,0.33123282,0.57421726,0.069927
137,2,2,0.0,0.035257727,0.15556884,0.8091736,0.116254
137,2,2,0.0,0.057642777,0.11289549,0.829462,0.162581
137,2,2,0.0,0.23592271,0.24535385,0.5187235,0.208908
137,2,2,0.0,0.3443292,0.16828072,0.48739013,0.255235
137,2,0,5.960464477539063e-08,0.6016759,0.21708679,0.1812374,0.301562
137,2,0,0.0,0.74570143,0.18500763,0.06929109,0.347889
137,2,0,0.0,0.44080812,0.12852609,0.43066582,0.848362
137,2,0,0.0,0.4936605,0.2296275,0.27671206,1.068853
137,2,0,0.0,0.4518988,0.23605748,0.3120438,1.11518
137,2,2,0.0,0.30184594,0.296726,0.4014282,1.161507
137,2,2,0.0,0.27572894,0.28067747,0.44359356,1.207834
137,2,2,0.0,0.31082657,0.1930731,0.49610046,1.254162
137,2,0,0.0,0.56411374,0.12933743,0.3065489,1.300489
137,2,0,0.0,0.7727529,0.11194682,0.115300335,1.068226
137,2,2,0.0,0.13959663,0.19509333,0.66531,0.114023
137,2,0,0.0,0.59355175,0.12057783,0.28587043,0.579831
137,2,0,0.0,0.58171093,0.2571335,0.1611556,1.543102
137,2,0,0.0,0.90729046,0.067541696,0.025167804,2.114107
137,2,0,0.0,0.37546897,0.2611857,0.3633454,2.160434
137,2,2,5.960464477539063e-08,0.043480735,0.16324131,0.793278,2.206761
137,2,2,5.960464477539063e-08,0.045271136,0.15520366,0.79952526,2.253088
137,2,2,5.960464477539063e-08,0.04171191,0.14379969,0.81448853,2.299415
137,2,0,0.0,0.44371367,0.24536303,0.31092337,1.367386
137,2,2,0.0,0.37884378,0.17961864,0.4415377,0.413182
137,2,2,0.0,0.11058138,0.109160475,0.7802582,0.3113
137,2,2,0.0,0.18136887,0.2066739,0.6119574,1.274571
137,2,2,0.0,0.29367614,0.14426383,0.5620601,2.237843
137,2,2,0.0,0.20061547,0.1685863,0.6307983,3.15936
137,2,2,0.0,0.11763795,0.17095973,0.7114025,3.205687
137,2,2,0.0,0.08058961,0.13296857,0.7864419,3.252014
137,2,2,0.0,0.09465326,0.18163526,0.7237116,2.620748
137,2,2,0.0,0.05187679,0.1513687,0.79675454,1.666545
137,2,2,0.0,0.06425823,0.1082585,0.82748336,0.712342
137,2,0,0.0,0.55396056,0.07787173,0.36816788,0.042769
137,2,2,0.0,0.11517484,0.108177066,0.77664816,1.006041
137,2,0,0.0,0.5470663,0.11121089,0.341723,1.969312
137,2,2,0.0,0.2445031,0.1565205,0.59897655,2.932583
137,2,2,0.0,0.30634153,0.12503065,0.56862783,3.895854
137,2,2,0.0,0.29725018,0.1276054,0.5751446,3.87411
137,2,2,0.0,0.09278706,0.14598086,0.7612323,2.919907
137,2,2,0.0,0.040274095,0.1715804,0.78814566,1.965704
137,2,2,0.0,0.031757973,0.16014828,0.80809397,1.011501
137,2,2,0.0,0.04187174,0.23279196,0.72533643,0.057297
137,2,2,0.0,0.10805996,0.09612376,0.7958164,0.73751
137,2,2,0.0,0.373022,0.16241254,0.46456555,1.700781
137,2,0,0.0,0.3673039,0.29198134,0.34071475,2.664052
137,2,0,0.0,0.44462204,0.16274978,0.3926283,3.627323
137,2,2,0.0,0.37367645,0.16998777,0.45633587,3.696078
137,2,2,0.0,0.17270733,0.36037382,0.46691892,3.219066
137,2,2,5.960464477539063e-08,0.09095245,0.1741233,0.7349244,2.264863
137,2,2,0.0,0.045104362,0.1609549,0.7939407,1.31066
137,2,2,0.0,0.06551739,0.27825335,0.65622926,0.356457
137,2,2,0.0,0.08924892,0.2005387,0.7102125,0.468979
137,2,2,0.0,0.23292238,0.27414867,0.49292904,1.43225
137,2,2,5.960464477539063e-08,0.1793703,0.2756149,0.5450149,2.395521
137,2,2,0.0,0.353332,0.2388791,0.407789,2.756793
137,2,2,0.0,0.3926146,0.21342003,0.39396545,2.697818
137,2,2,0.0,0.27885944,0.23536336,0.4857772,2.638843
137,2,2,0.0,0.16031003,0.08927526,0.75041485,2.564022
137,2,2,0.0,0.074430004,0.18205193,0.74351823,1.609819
137,2,2,0.0,0.13229503,0.19539571,0.67230946,0.655616
137,2,2,0.0,0.30852935,0.2369721,0.45449877,0.200448
137,2,2,0.0,0.22135152,0.24437997,0.5342686,1.163719
137,2,2,0.0,0.158438,0.41998386,0.42157823,1.817509
137,2,2,0.0,0.20212556,0.3361032,0.46177128,1.758534
137,2,2,0.0,0.15292916,0.28810793,0.55896294,1.699559
137,2,2,0.0,0.07953673,0.1449229,0.7755405,1.640583
137,2,2,0.0,0.28190908,0.13761683,0.5804742,1.581608
137,2,2,0.0,0.084095806,0.2561859,0.65971833,1.522633
137,2,2,0.0,0.17485824,0.20027596,0.62486583,0.954775
137,2,2,0.0,0.17427072,0.17987244,0.6458569,0.000572
137,2,2,0.0,0.09266156,0.14552161,0.761817,0.878225
137,2,2,0.0,0.14030142,0.22623819,0.6334605,0.81925
137,2,2,5.960464477539063e-08,0.090101786,0.30886903,0.6010292,0.760274
137,2,2,0.0,0.09233052,0.20648873,0.7011809,0.701299
137,2,2,0.0,0.10306375,0.19925812,0.69767815,0.642324
137,2,2,1.1920928955078125e-07,0.17785844,0.2556478,0.56649375,0.583349
137,2,2,0.0,0.20326091,0.26780498,0.5289341,0.524373
137,2,2,0.0,0.21768358,0.21400122,0.56831527,0.465398
137,2,2,5.960464477539063e-08,0.1567368,0.15978542,0.68347794,0.299731
294,2,2,0.0,0.10545118,0.13385773,0.7606911,0.422064
294,2,1,0.0,0.24845082,0.43128848,0.32026085,0.306286
294,2,1,0.0,0.2567619,0.39235502,0.35088307,0.439842
294,2,2,0.0,0.1428511,0.32806668,0.5290823,1.009141
294,2,1,5.960464477539063e-08,0.31037146,0.6440013,0.045627233,0.410027
294,2,1,0.0,0.48037204,0.4892657,0.030362263,0.187011
232,2,2,0.0,0.0073158555,0.010932487,0.98175186,0.376331
232,2,2,0.0,0.010302248,0.37773898,0.611959,0.194922
232,2,1,0.0,0.38104543,0.4576659,0.16128884,0.304595
232,2,0,0.0,0.5797729,0.024732806,0.39549437,1.04666
232,2,2,5.960464477539063e-08,0.14992759,0.08810465,0.76196784,1.066937
232,2,2,0.0,0.004868612,0.014018574,0.98111296,0.577458
232,2,2,1.862645149230957e-09,0.0019432203,0.0015308193,0.99652594,0.08798
232,2,0,0.0,0.5351724,0.4019654,0.06286221,0.23286
232,2,0,0.0,0.6310105,0.24020995,0.1287796,0.974924
232,2,2,0.0,0.21730734,0.26188833,0.52080446,1.716988
232,2,2,0.0,0.08807678,0.15572412,0.75619924,1.013658
232,2,2,0.0,0.00701559,0.025702981,0.96728146,0.271594
232,2,0,0.0,0.64864063,0.306182,0.045177557,0.161125
232,2,0,5.960464477539063e-08,0.54669374,0.36772183,0.08558434,0.903189
232,2,0,0.0,0.6236856,0.09355594,0.28275847,1.645253
232,2,0,0.0,0.4558072,0.34363583,0.20055705,1.085393
232,2,2,0.0,0.014710602,0.135461,0.8498285,0.343329
232,2,0,0.0,0.70450974,0.2894943,0.005996013,0.08939
232,2,0,0.0,0.8758773,0.11148281,0.012640045,0.831454
232,2,0,0.0,0.861063,0.12689903,0.012038007,1.451242
232,2,0,0.0,0.63056844,0.2858711,0.08356051,1.157128
232,2,1,0.0,0.16687742,0.5390668,0.29405594,0.415064
232,2,0,0.0,0.60624164,0.34885126,0.044907164,0.089748
232,2,1,0.0,0.45421672,0.5311909,0.014592457,0.579227
232,2,1,0.0,0.45441177,0.52428514,0.02130314,0.486799
193,2,0,0.0,0.61926526,0.31396237,0.06677239,0.045772
193,2,0,0.0,0.60698277,0.37053537,0.022482004,0.657674
193,2,0,0.0,0.5734125,0.40189242,0.024695177,0.795709
193,2,0,0.0,0.5494687,0.41673714,0.03379419,0.528796
193,2,0,0.0,0.8533911,0.13537976,0.01122926,0.134875
252,2,0,0.0,0.9626411,0.033352092,0.00400691,0.177011
252,2,0,0.0,0.8928063,0.10479392,0.0023999528,0.238206
252,2,0,0.0,0.6157077,0.34227902,0.04201341,0.299401
252,2,1,5.960464477539063e-08,0.31499338,0.5460689,0.13893779,0.360596
252,2,0,0.0,0.77369595,0.18171278,0.044591278,0.421791
252,2,2,0.0,0.28319722,0.2940149,0.42278787,0.482986
252,2,2,0.0,0.23950629,0.2661708,0.494323,0.544181
252,2,0,0.0,0.9344887,0.062206615,0.0033046482,0.779744
252,2,1,0.0,0.35049632,0.6463974,0.0031063696,1.236332
252,2,1,0.0,0.3880744,0.52360195,0.088323675,1.297527
252,2,1,5.960464477539063e-08,0.2830405,0.53888947,0.17807,1.358722
252,2,1,0.0,0.356838,0.4987876,0.14437445,1.419917
252,2,1,0.0,0.35647026,0.49959087,0.143939,1.481112
252,2,1,0.0,0.36765915,0.50674385,0.12559709,0.930979
252,2,0,0.0,0.7706359,0.2203882,0.008976004,0.737818
252,2,1,0.0,0.47066623,0.52538824,0.003945502,1.736939
252,2,1,0.0,0.41847947,0.49109706,0.0904236,2.295653
252,2,1,0.0,0.31596875,0.47584173,0.20818953,2.356848
252,2,1,0.0,0.22536004,0.54400283,0.2306372,2.418043
252,2,1,0.0,0.23950519,0.55872464,0.20177022,2.072056
252,2,1,0.0,0.26523462,0.64621633,0.08854907,1.083802
252,2,0,0.0,0.42323944,0.37037665,0.20638397,0.095549
252,2,0,0.0,0.68029064,0.29808122,0.021628264,0.695892
252,2,0,0.0,0.5011739,0.4911666,0.00765969,1.695013
252,2,0,0.0,0.45686156,0.45083475,0.09230383,2.447796
252,2,1,0.0,0.2951032,0.5058854,0.19901142,2.40397
252,2,1,0.0,0.19670513,0.48200095,0.32129398,2.360144
252,2,1,0.0,0.2056413,0.47033402,0.32402483,2.224879
252,2,2,5.960464477539063e-08,0.10924918,0.39421162,0.4965392,1.236626
252,2,2,0.0,0.25888705,0.29631516,0.44479778,0.248372
252,2,0,5.960464477539063e-08,0.70104337,0.20831113,0.09064549,0.653967
252,2,0,0.0,0.7428026,0.2315964,0.025601108,1.492583
252,2,1,0.0,0.38148144,0.56333596,0.05518264,1.448757
252,2,0,5.960464477539063e-08,0.5497668,0.37149027,0.07874317,1.404931
252,2,2,0.0,0.32632047,0.31626257,0.35741693,1.361105
252,2,0,0.0,0.4560256,0.29210362,0.25187093,1.317279
252,2,2,0.0,0.40256858,0.105336316,0.4920952,1.273453
252,2,0,5.960464477539063e-08,0.6501982,0.11687196,0.23292978,0.401196
252,2,0,0.0,0.7120496,0.18930094,0.09864958,0.53737
252,2,0,0.0,0.6156862,0.23757444,0.14673951,0.493544
252,2,0,0.0,0.69164795,0.20584536,0.10250686,0.449718
252,2,0,0.0,0.77479076,0.15657143,0.0686379,0.405892
252,2,0,0.0,0.52458507,0.25052252,0.22489253,0.362066
252,2,0,0.0,0.6128839,0.21439679,0.17271942,0.31824
252,2,0,0.0,0.41204712,0.2486706,0.3392824,0.274414
252,2,2,0.0,0.34689376,0.27665198,0.37645423,0.230588
67,2,0,0.0,0.567487,0.42277506,0.009737953,0.239099
67,2,0,0.0,0.6380747,0.31979704,0.04212842,0.206203
67,2,0,0.0,0.6556992,0.32558143,0.01871947,1.116934
67,2,0,0.0,0.6879613,0.26505902,0.04697968,0.943635
67,2,0,0.0,0.65601265,0.30241144,0.041575935,0.68279
67,2,0,0.0,0.7643919,0.22867692,0.006931221,0.421945
67,2,0,0.0,0.6190594,0.34955743,0.031383283,0.619204
67,2,1,0.0,0.39714393,0.46024817,0.14260794,1.529935
67,2,0,0.0,0.77768713,0.19394068,0.028372288,1.879013
67,2,0,0.0,0.6909827,0.26729077,0.041726664,0.994207
67,2,0,2.9802322387695312e-08,0.850511,0.13581356,0.013675453,0.1094
67,2,0,0.0,0.66495186,0.30349165,0.031556636,0.121474
67,2,0,0.0,0.6232572,0.3565644,0.020178422,1.032205
67,2,0,0.0,0.6894605,0.28422034,0.026319247,1.942935
67,2,0,0.0,0.79594517,0.18360138,0.020453598,1.413054
67,2,0,0.0,0.6558018,0.31532818,0.028870264,0.528248
67,2,0,0.0,0.5928202,0.30393723,0.103242576,0.408946
67,2,0,0.0,0.7173123,0.12163527,0.16105253,0.729009
67,2,0,0.0,0.80841964,0.15440896,0.037171554,1.049071
67,2,0,0.0,0.7321992,0.24890079,0.01890008,0.947096
67,2,1,5.960464477539063e-08,0.47482544,0.51002055,0.01515413,0.062289
67,2,0,0.0,0.6831803,0.25964138,0.05717845,0.101675
67,2,0,0.0,0.70529175,0.25379038,0.040917985,0.421737
82,2,0,0.0,0.5309856,0.053121578,0.4158929,0.168579
82,2,0,0.0,0.74296206,0.06754746,0.18949068,0.45505
82,2,2,0.0,0.3503117,0.12034702,0.52934134,0.677839
82,2,0,0.0,0.87625647,0.040916793,0.08282692,0.45228
82,2,0,0.0,0.4594812,0.22490406,0.31561482,0.088719
243,2,2,1.4901161193847656e-08,0.01937006,0.025175674,0.9554543,0.211908
243,2,1,0.0,0.009880645,0.869584,0.120535515,0.588686
243,2,2,0.0,0.0028171157,0.002823788,0.99435914,0.396361
243,2,2,1.862645149230957e-09,0.0009018244,0.0018481062,0.99725,0.204036
243,2,2,0.0,0.00053388794,0.004314174,0.99515206,0.01171
243,2,2,0.0,0.04824761,0.059014995,0.89273745,0.541886
243,2,2,0.0,0.0019471671,0.00795322,0.99009985,1.485874
243,2,2,0.0,0.00036116623,0.0028571254,0.99678177,1.377692
243,2,2,0.0,0.00026988026,0.0018560783,0.99787426,1.185367
243,2,2,0.0,0.00034811773,0.0012396781,0.9984122,0.993042
243,2,2,0.0,0.00040331273,0.00092368165,0.9986731,0.800716
243,2,2,0.0,0.00041796343,0.00084386504,0.99873835,0.608391
243,2,2,5.774199962615967e-08,0.0003395879,0.0008653093,0.9987951,0.414041
243,2,2,0.0,0.054088265,0.05364177,0.89227,0.871864
243,2,2,0.0,0.00051885867,0.0065952083,0.9928859,1.815853
243,2,2,0.0,0.00041495988,0.005263489,0.99432176,2.359023
243,2,2,0.0,0.00023364389,0.0030818928,0.99668455,2.166698
243,2,2,6.332993507385254e-08,0.0003343942,0.0039603775,0.99570525,1.974373
243,2,2,0.0,0.00030250647,0.0033591115,0.9963384,1.782048
243,2,2,0.0,0.00031489585,0.0024360106,0.9972491,0.832897
243,2,2,0.0,0.050272655,0.04487202,0.90485543,0.257854
243,2,2,0.0,0.0016521587,0.1985281,0.7998199,1.201842
243,2,2,0.0,0.00048207512,0.0037923043,0.9957257,2.145831
243,2,2,0.0,0.00022658848,0.004212659,0.9955608,3.089819
243,2,2,5.587935447692871e-08,0.00024552265,0.0032351306,0.99651927,3.148029
243,2,2,0.0,0.00026268463,0.0044979895,0.9952394,2.900202
243,2,2,0.0,0.00036960587,0.0046250555,0.9950055,1.953123
243,2,2,0.0,0.00030516123,0.0028747215,0.99682015,1.103724
243,2,2,0.0,0.0003610321,0.0015736123,0.9980655,0.531723
243,2,2,0.0,0.09699751,0.11083457,0.792168,0.587832
243,2,2,0.0,0.00025015773,0.00328224,0.99646765,1.531821
243,2,2,0.0,0.00027635935,0.0036139158,0.9961099,2.043799
243,2,2,0.0,0.00024769147,0.0036218497,0.9961305,2.275033
243,2,2,0.0,0.00027305007,0.0025105397,0.99721634,2.506267
243,2,2,0.0,0.00029113912,0.0030630915,0.9966459,2.737501
243,2,2,0.0,0.0003483964,0.002574317,0.99707747,2.279238
243,2,2,5.960464477539063e-08,0.0003128332,0.0022932887,0.99739385,1.434756
243,2,2,0.0,0.00039757128,0.0013168629,0.9982855,0.590273
243,2,2,0.0,0.0023290596,0.022514386,0.9751567,0.608433
243,2,2,0.0,0.0006253079,0.006561738,0.99281317,0.839667
243,2,2,5.587935447692871e-08,0.0003471507,0.0055287816,0.99412405,1.070901
243,2,2,5.960464477539063e-08,0.0002686277,0.0033942263,0.9963371,1.302135
243,2,2,0.0,0.0002572665,0.0025637976,0.9971791,1.533369
243,2,2,0.0,0.0002629152,0.0034873749,0.99624985,1.764603
243,2,2,5.960464477539063e-08,0.0002880594,0.0021374833,0.9975745,1.743655
243,2,2,0.0,0.00029409266,0.002000992,0.9977049,0.899173
243,2,2,0.0,0.00034177088,0.0018414691,0.99781704,0.05469
243,2,1,0.0,0.00030880637,0.99725515,0.0024361976,0.098003
243,2,2,0.0,0.00051186344,0.09325675,0.9062314,0.329237
243,2,2,0.0,0.00054721656,0.00426806,0.99518484,0.56047
243,2,2,0.0,0.00029627915,0.004446252,0.99525744,0.791704
243,2,2,0.0,0.00033895357,0.0024577565,0.9972034,1.022938
243,2,2,5.960464477539063e-08,0.00036095962,0.002077423,0.99756163,0.36359
243,2,2,0.0,0.0008329022,0.0105757415,0.9885917,0.05004
182,2,1,0.0,0.4273555,0.4979968,0.074647725,0.56811
182,2,0,0.0,0.44575244,0.36276466,0.19148295,0.622792
182,2,0,0.0,0.41638905,0.3886203,0.19499066,0.481853
182,2,0,0.0,0.6620841,0.27664548,0.06127054,0.340913
182,2,0,0.0,0.7711984,0.19634478,0.032456942,0.199974
182,2,0,0.0,0.5190693,0.39240313,0.08852763,0.059035
182,2,0,5.960464477539063e-08,0.48416018,0.38504678,0.13079306,0.759636
182,2,0,0.0,0.65758353,0.27196014,0.070456415,1.61281
182,2,0,5.960464477539063e-08,0.63135034,0.30012527,0.06852435,1.471871
182,2,0,0.0,0.54648644,0.3096325,0.14388116,1.330931
182,2,0,5.960464477539063e-08,0.585553,0.30961382,0.10483321,1.189992
182,2,0,0.0,0.66392404,0.25604406,0.080031954,1.009917
182,2,0,0.0,0.42583227,0.36850527,0.20566256,0.035803
182,2,0,0.0,0.6317546,0.28321922,0.08502622,0.951162
182,2,0,0.0,0.84177876,0.1346914,0.023529967,1.93265
182,2,0,0.0,0.7418833,0.22147144,0.036645386,2.461889
182,2,0,5.960464477539063e-08,0.684836,0.2649338,0.05023017,2.32095
182,2,0,0.0,0.67817605,0.26641944,0.055404678,1.757972
182,2,0,0.0,0.54342043,0.3166146,0.13996507,0.783858
182,2,0,0.0,0.7374777,0.19474106,0.067781284,0.161201
182,2,0,0.0,0.75138086,0.19726864,0.05135061,1.142688
182,2,0,0.0,0.75102806,0.21410973,0.034862358,2.124176
182,2,0,5.960464477539063e-08,0.6583688,0.30116776,0.04046343,3.105663
182,2,0,0.0,0.87006944,0.10153606,0.028394742,2.506026
182,2,0,0.0,0.55808175,0.37278417,0.06913418,1.531913
182,2,0,0.0,0.5378101,0.33328104,0.1289089,0.557799
182,2,0,0.0,0.7010534,0.25659686,0.042349722,0.352727
182,2,0,1.1920928955078125e-07,0.7789771,0.19357018,0.02745267,1.334214
182,2,0,0.0,0.5770057,0.36886033,0.05413409,2.315702
182,2,0,0.0,0.52593577,0.41732192,0.056742355,3.254081
182,2,0,0.0,0.4961684,0.4348598,0.06897174,2.279968
182,2,0,0.0,0.8308821,0.12851599,0.040602006,1.305854
182,2,0,0.0,0.4496952,0.38745856,0.16284634,0.33174
182,2,1,0.0,0.4451383,0.47042274,0.08443916,0.544253
182,2,1,0.0,0.4164186,0.48632705,0.09725445,1.52574
182,2,1,0.0,0.39604208,0.5022447,0.10171324,2.507228
182,2,0,0.0,0.8277655,0.14406528,0.028169291,3.028022
182,2,0,0.0,0.771017,0.1898163,0.039166886,2.053909
182,2,0,0.0,0.82203496,0.13354039,0.044424687,1.079795
182,2,1,0.0,0.37891358,0.43584657,0.18523996,0.105681
182,2,0,5.960464477539063e-08,0.54122174,0.3847802,0.073998064,0.735779
182,2,0,5.960464477539063e-08,0.51953185,0.38990343,0.09056481,1.717266
182,2,1,0.0,0.4477675,0.46302432,0.08920828,2.698754
182,2,1,5.960464477539063e-08,0.40451676,0.49577886,0.099704444,2.801963
182,2,1,0.0,0.3856933,0.526109,0.08819788,1.82785
182,2,0,5.960464477539063e-08,0.4652295,0.44745108,0.08731958,0.853736
182,2,0,0.0,0.619233,0.28777537,0.09299167,0.927305
182,2,0,0.0,0.5480166,0.29357105,0.15841238,1.908792
182,2,0,0.0,0.5349159,0.39548826,0.06959589,2.89028
182,2,0,0.0,0.54250425,0.35106486,0.10643089,2.575904
182,2,0,0.0,0.49601325,0.45548007,0.048506822,1.601791
182,2,1,0.0,0.36140737,0.5271452,0.11144753,0.627677
182,2,0,0.0,0.67854035,0.26997912,0.05148067,0.137343
182,2,0,0.0,0.8326026,0.13202552,0.03537197,1.118831
182,2,0,5.960464477539063e-08,0.81439304,0.13983133,0.045775726,2.100318
182,2,0,0.0,0.48715875,0.36628467,0.14655675,3.059221
182,2,0,0.0,0.41407108,0.39302063,0.19290839,2.349845
182,2,0,0.0,0.59975046,0.3117594,0.08849019,1.375732
182,2,0,0.0,0.62455267,0.2918485,0.0835989,0.401618
182,2,0,0.0,0.6884208,0.2411137,0.07046561,0.328869
182,2,0,0.0,0.66679245,0.25888106,0.07432655,1.310357
182,2,0,5.960464477539063e-08,0.68232256,0.2580737,0.059603944,1.867159
182,2,1,0.0,0.41396904,0.54541,0.04062118,2.082734
182,2,0,0.0,0.69332445,0.24626854,0.0604071,2.123786
182,2,0,0.0,0.5370145,0.35478753,0.10819814,1.149673
182,2,0,0.0,0.62784797,0.26871625,0.10343593,0.175559
182,2,0,0.0,0.6527953,0.31147543,0.035729367,0.45952
182,2,0,0.0,0.6399668,0.31531242,0.044720814,0.675096
182,2,0,0.0,0.6732207,0.29151037,0.035269115,0.890671
182,2,0,0.0,0.5570802,0.3993901,0.043529727,1.106247
182,2,0,0.0,0.6924766,0.26305982,0.044463743,1.321822
182,2,0,0.0,0.6581298,0.30836666,0.03350359,0.923614
182,2,0,0.0,0.6595775,0.32808214,0.012340428,0.12976
182,2,0,0.0,0.91355246,0.08324487,0.0032027978,0.345335
182,2,0,0.0,0.6954656,0.29182374,0.012710694,0.560911
240,2,2,0.0,0.0014277728,0.0675586,0.9310137,0.057824
240,2,2,5.587935447692871e-08,0.0035525367,0.0031105212,0.99333686,0.546304
240,2,2,0.0,0.00300023,0.0034455296,0.9935542,0.603528
240,2,2,0.0,0.0015293185,0.0034604257,0.9950104,0.178514
240,2,2,0.0,0.10989108,0.007065518,0.8830434,0.162209
240,2,2,0.0,0.08498933,0.010590048,0.9044208,1.034784
240,2,2,0.0,0.005965347,0.0021562232,0.9918785,1.508715
240,2,0,0.0,0.9727017,0.0043531135,0.022945179,1.083701
240,2,2,0.0,0.024486937,0.003441326,0.97207177,0.658687
240,2,2,0.0,0.0010297586,0.0032470229,0.9957233,0.233673
240,2,2,0.0,0.0038050618,0.002543151,0.9936518,0.650688
240,2,2,0.0,0.0041507846,0.0036258048,0.9922235,1.523263
240,2,2,1.4901161193847656e-08,0.025497742,0.0024581247,0.9720441,2.395839
240,2,2,0.0,0.0022415165,0.0024898387,0.9952687,1.988888
240,2,2,0.0,0.0013581527,0.004820505,0.9938212,1.563874
240,2,2,0.0,0.0081576025,0.006720687,0.9851217,1.138859
240,2,2,0.0,0.014365776,0.004619651,0.9810146,0.713845
240,2,2,0.0,0.029483456,0.13716412,0.8333525,0.202206
240,2,2,7.450580596923828e-09,0.002493421,0.018107738,0.9793988,0.266593
240,2,2,0.0,0.009037689,0.0019908845,0.9889715,1.139168
240,2,2,1.4901161193847656e-08,0.009606336,0.002416067,0.9879776,2.011743
240,2,2,0.0,0.029920347,0.004484532,0.96559525,2.884318
240,2,2,0.0,0.0011560168,0.01035031,0.98849386,2.894074
240,2,2,0.0,0.0011132668,0.0035428316,0.99534416,2.221614
240,2,2,0.0,0.01679293,0.0029340843,0.9802732,1.37244
240,2,2,0.0,0.0009042905,0.0118409535,0.9872548,0.523266
240,2,2,0.0,0.00070562994,0.011749295,0.98754513,0.755072
240,2,0,0.0,0.67574525,0.030093115,0.2941617,1.627648
240,2,0,0.0,0.6160108,0.047330867,0.3366585,2.500223
240,2,2,0.0,0.009570295,0.008892139,0.98153776,3.372798
240,2,2,0.0,0.0009203632,0.012147544,0.9869322,2.542674
240,2,2,3.725290298461914e-09,0.00081566453,0.007773949,0.99141043,1.6935
240,2,2,0.0,0.002904749,0.0037689896,0.9933263,0.844326
240,2,2,0.0,0.0007261025,0.012749877,0.98652405,0.370977
240,2,2,0.0,0.043777514,0.0117838625,0.9444387,1.243552
240,2,2,0.0,0.07694718,0.012032625,0.9110204,2.116127
240,2,2,0.0,0.08632476,0.014020038,0.89965534,2.988703
240,2,2,0.0,0.07274203,0.07029011,0.85696805,2.863734
240,2,2,0.0,0.001002625,0.0125531545,0.9864444,2.01456
240,2,2,0.0,0.13851199,0.04616597,0.815322,1.165386
240,2,2,0.0,0.03556337,0.03276416,0.9316726,0.316213
240,2,2,0.0,0.0008828828,0.0041702264,0.9949469,0.859457
240,2,2,0.0,0.0014385841,0.0061724503,0.9923891,1.732032
240,2,2,0.0,0.04169106,0.016424531,0.9418845,2.604607
240,2,2,1.4901161193847656e-08,0.042363606,0.01276637,0.9448701,3.184794
240,2,1,0.0,0.124618016,0.5247605,0.35062152,2.33562
240,2,2,5.21540641784668e-08,0.00091296923,0.01568415,0.9834027,1.486447
240,2,2,0.0,0.0010161502,0.0094377715,0.98954624,0.637273
240,2,2,1.4901161193847656e-08,0.0016820844,0.011075073,0.98724276,0.475361
240,2,2,0.0,0.001034215,0.00689119,0.9920746,1.347936
240,2,2,3.725290298461914e-09,0.0005307165,0.0039015347,0.99556774,2.220512
240,2,2,0.0,0.033957805,0.009375622,0.9566666,3.093087
240,2,2,0.0,0.04244102,0.0066208574,0.9509382,2.656681
240,2,2,0.0,0.0021068307,0.30437505,0.6935181,1.807507
240,2,2,0.0,0.0005745445,0.010634914,0.98879063,0.958333
240,2,2,0.0,0.00067090156,0.010385372,0.9889437,0.109159
240,2,2,0.0,0.0054675597,0.076734126,0.9177985,0.091266
240,2,2,0.0,0.052401137,0.004173875,0.9434251,0.963841
240,2,2,0.0,0.0022216372,0.0063909874,0.9913875,1.836416
240,2,2,0.0,0.00046210032,0.0059428923,0.99359506,2.652692
240,2,2,0.0,0.016632315,0.22145998,0.76190776,2.977741
240,2,2,5.960464477539063e-08,0.013014844,0.27304626,0.7139392,2.128567
240,2,1,5.960464477539063e-08,0.0041560982,0.6148414,0.3810026,1.279393
240,2,2,0.0,0.000945616,0.01591455,0.98314,0.43022
240,2,2,0.0,0.0022100632,0.11752942,0.88026065,0.579745
240,2,0,5.960464477539063e-08,0.786996,0.11428167,0.09872227,0.982285
240,2,2,0.0,0.02464923,0.0027456668,0.97260517,1.353144
240,2,0,0.0,0.5569578,0.010688977,0.43235332,1.724002
240,2,0,0.0,0.73398316,0.037946943,0.22807002,2.094861
240,2,0,0.0,0.7280079,0.030857462,0.24113466,1.600454
240,2,0,0.0,0.9801068,0.008308075,0.011585167,0.75128
240,2,1,0.0,0.04870506,0.5074219,0.44387305,0.053596
240,2,0,0.0,0.4823506,0.36470908,0.15294036,0.424454
240,2,0,0.0,0.7203347,0.17081206,0.10885331,0.795313
240,2,2,0.0,0.02154885,0.24406473,0.7343865,1.166172
240,2,2,0.0,0.04703454,0.1581391,0.79482657,1.07234
240,2,0,0.0,0.7598131,0.20092851,0.039258495,0.223166
240,2,2,0.0,0.003484426,0.014976323,0.98153937,0.237482
240,2,2,7.450580596923828e-08,0.00449099,0.011614006,0.983895,0.544226
180,2,2,0.0,0.00093822624,0.032849118,0.96621275,0.393848
180,2,1,0.0,0.31994683,0.38659856,0.29345462,0.600389
180,2,2,0.0,0.083333306,0.26615697,0.65050983,1.230473
180,2,2,0.0,0.054280207,0.19991423,0.74580574,0.682696
180,2,0,0.0,0.66536355,0.29461947,0.040016912,0.201075
180,2,0,0.0,0.78472364,0.18329792,0.031978596,0.801463
180,2,1,0.0,0.36743033,0.5348946,0.09767513,0.831294
180,2,1,0.0,0.20175521,0.63373166,0.16451332,0.063963
180,2,0,0.0,0.8835486,0.09347236,0.022979181,0.001754
180,2,0,0.0,0.5066767,0.41665274,0.076670446,0.190043
172,2,0,2.9802322387695312e-08,0.9496866,0.008258774,0.04205456,0.594514
172,2,0,0.0,0.9624249,0.006463582,0.031111652,0.166425
172,2,0,0.0,0.5385284,0.4005221,0.060949508,0.431099
172,2,0,5.960464477539063e-08,0.9727737,0.010233243,0.016992932,0.955451
172,2,0,0.0,0.98031276,0.008199964,0.011487269,0.964603
172,2,0,2.9802322387695312e-08,0.8576614,0.024647068,0.11769135,0.077753
172,2,0,0.0,0.94544125,0.04658928,0.00796973,0.051715
172,2,0,0.0,0.9582543,0.035274617,0.006471224,0.479804
316,2,1,0.0,0.03837652,0.9336735,0.027950019,0.208391
316,2,1,0.0,0.282872,0.7023395,0.014788551,0.439938
316,2,1,0.0,0.06764408,0.8654781,0.06687793,0.671485
316,2,1,5.960464477539063e-08,0.060680013,0.8234569,0.1158631,0.666939
316,2,1,0.0,0.056070577,0.8449093,0.09902018,0.647113
316,2,1,0.0,0.31608415,0.58041173,0.10350407,1.412762
316,2,1,0.0,0.25949624,0.39691857,0.34358528,1.644309
316,2,1,0.0,0.23839694,0.42222077,0.33938235,1.083605
316,2,0,0.0,0.71944445,0.27627242,0.0042831814,0.174545
316,2,1,0.0,0.010433369,0.98698676,0.0025799808,0.307984
316,2,1,5.960464477539063e-08,0.23320924,0.629149,0.13764167,1.236046
316,2,2,0.0,0.27942443,0.33060876,0.3899668,0.959718
316,2,0,0.0,0.4291213,0.29709294,0.2737858,0.683391
316,2,0,0.0,0.81307167,0.13995065,0.046977885,0.407063
316,2,1,5.960464477539063e-08,0.1822797,0.7902884,0.027431948,0.274982
345,2,0,0.0,0.3743034,0.3647005,0.26099613,0.140958
345,2,0,0.0,0.6558752,0.19382861,0.1502963,0.028098
345,2,0,0.0,0.5053773,0.39125654,0.10336634,0.277825
345,2,0,5.960464477539063e-08,0.5857814,0.36531618,0.048902534,1.021709
345,2,1,0.0,0.43741798,0.53246087,0.030121366,0.908848
345,2,1,0.0,0.47285184,0.5000544,0.027093787,0.795988
345,2,1,5.960464477539063e-08,0.36643982,0.50105095,0.13250928,0.683128
345,2,0,0.0,0.47469044,0.35605708,0.16925266,0.10969
345,2,1,0.0,0.45340106,0.5168118,0.029787252,0.703842
345,2,1,0.0,0.39259246,0.5891744,0.018233223,0.875912
345,2,0,5.960464477539063e-08,0.55861247,0.3699251,0.07146251,0.614842
345,2,1,0.0,0.10980461,0.84510916,0.0450863,0.353771
345,2,2,0.0,0.011404761,0.17273799,0.81585735,0.092701
345,2,1,0.0,0.056282572,0.924983,0.018734457,0.361097
345,2,1,0.0,0.042836014,0.90324986,0.05391427,0.219525
195,2,0,0.0,0.90229905,0.07905193,0.01864918,0.276093
195,2,0,0.0,0.925582,0.064224325,0.010193954,0.039628
195,2,0,0.0,0.8614273,0.12285628,0.015716484,0.090492
195,2,0,0.0,0.7427431,0.23110116,0.026155937,0.32589
195,2,0,5.960464477539063e-08,0.6318607,0.3437749,0.024364429,0.523443
284,2,1,0.0,0.24282771,0.5589183,0.198254,0.027238
284,2,2,0.0,0.15613894,0.37460762,0.4692535,0.415011
284,2,2,0.0,0.14122891,0.32774636,0.53102475,0.802784
284,2,1,0.0,0.022111453,0.49875402,0.47913453,0.775237
284,2,1,0.0,0.16261646,0.5874372,0.24994628,0.396111
284,2,1,0.0,0.20256323,0.51364225,0.28379464,0.016986
284,2,2,0.0,0.3001847,0.30953655,0.39027882,0.287932
284,2,0,0.0,0.5151539,0.41852638,0.0663198,0.62886
284,2,2,0.0,0.10693033,0.25706035,0.63600934,0.969789
284,2,2,0.0,0.13882332,0.16020484,0.7009719,0.942331
284,2,1,0.0,0.109847024,0.6916706,0.19848241,0.431126
284,2,1,0.0,0.32016206,0.35164717,0.32819086,0.0297
284,2,0,0.0,0.5178742,0.39456964,0.087556325,0.513772
284,2,1,0.0,0.26790157,0.5530439,0.17905448,1.185241
284,2,2,0.0,0.14377959,0.38702103,0.4691995,0.652311
284,2,1,0.0,0.13086046,0.84062064,0.028518988,0.444209
284,2,1,0.0,0.100159846,0.85869473,0.0411456,0.057278
213,2,2,0.0,0.008919786,0.22006834,0.7710119,0.180411
213,2,0,0.0,0.75531816,0.23941004,0.005271899,0.175033
213,2,0,0.0,0.6520958,0.25111896,0.09678535,1.0456
213,2,0,5.960464477539063e-08,0.625676,0.25142097,0.12290313,0.284991
213,2,0,0.0,0.66618824,0.3054605,0.028351266,0.634603
213,2,0,0.0,0.80158424,0.17863387,0.019782024,1.10597
213,2,0,0.0,0.76119995,0.20786077,0.030939398,0.359061
213,2,0,0.0,0.76446116,0.20321731,0.032321587,0.210984
24,2,0,0.0,0.4799654,0.35217425,0.16786042,0.24917
24,2,0,0.0,0.4288302,0.42608663,0.14508317,0.504384
24,2,0,0.0,0.858241,0.099948965,0.04181028,0.537383
24,2,0,0.0,0.93618673,0.05653463,0.007278624,0.253153
24,2,1,1.1920928955078125e-07,0.22670227,0.5154863,0.25781155,0.510628
24,2,1,0.0,0.2302845,0.58989364,0.179822,1.503156
24,2,0,0.0,0.9903112,0.006690758,0.0029980836,1.3137
24,2,0,0.0,0.968442,0.027234066,0.004324062,0.315656
24,2,2,0.0,0.059219014,0.4185505,0.52223057,0.388607
24,2,1,0.0,0.12806919,0.46335825,0.40857267,1.381134
24,2,0,0.0,0.95466655,0.03884439,0.006489146,1.376204
24,2,0,0.0,0.83532137,0.14886084,0.015817989,0.378159
24,2,2,5.960464477539063e-08,0.09795954,0.4507614,0.45127916,0.266585
24,2,1,0.0,0.24572198,0.4624984,0.29177976,1.259112
24,2,0,0.0,0.91775954,0.070976734,0.011263822,1.438707
24,2,0,0.0,0.91907734,0.07115186,0.009770846,0.440662
24,2,1,0.0,0.17563634,0.6532154,0.17114842,0.144563
24,2,1,5.960464477539063e-08,0.37956545,0.4939886,0.12644593,0.984087
24,2,1,0.0,0.431134,0.55951107,0.009355048,0.66432
24,2,0,0.0,0.55982256,0.40431902,0.035858426,0.344553
24,2,1,0.0,0.013225346,0.9809094,0.0058653317,0.022542
24,2,1,0.0,0.020837137,0.9744392,0.0047237193,0.036591
27,2,2,0.0,0.25233975,0.29753253,0.4501277,0.017583
27,2,2,0.0,0.33907408,0.18740976,0.47351623,0.305704
27,2,2,0.0,0.11322683,0.17320637,0.7135669,0.593825
27,2,2,0.0,0.25812578,0.21873356,0.5231408,0.025366
27,2,1,0.0,0.31155813,0.3661915,0.3222504,0.450794
27,2,0,0.0,0.41550118,0.25788292,0.32661605,0.811505
27,2,2,0.0,0.147052,0.40827435,0.44467378,0.409218
27,2,2,0.0,0.07041878,0.43748194,0.4920993,0.160748
27,2,0,0.0,0.7188479,0.15700807,0.12414422,0.110487
27,2,0,0.0,0.52252656,0.19632469,0.28114885,0.201419
320,2,1,0.0,0.006327205,0.74162835,0.2520445,0.022268
320,2,1,0.0,0.097320646,0.69483685,0.20784259,0.095067
247,2,1,0.0,0.17751911,0.41610533,0.40637568,0.475234
247,2,0,0.0,0.51553214,0.44456178,0.039906096,0.34475
247,2,2,0.0,0.25572982,0.32075945,0.42351085,0.441272
247,2,1,0.0,0.3348916,0.49083588,0.17427248,1.126254
247,2,1,0.0,0.12507032,0.8362089,0.03872083,0.14617
247,2,0,0.0,0.6426249,0.26205274,0.09532244,0.707131
247,2,0,0.0,0.5805386,0.36250025,0.05696122,0.880715
247,2,0,0.0,0.69844574,0.2713959,0.030158468,0.780245
247,2,0,0.0,0.5397338,0.442141,0.018125335,0.634391
247,2,0,0.0,0.9714427,0.019370291,0.009187163,0.0064
236,2,1,0.0,0.014799766,0.9232412,0.061959103,0.151459
236,2,2,0.0,0.041521337,0.075599074,0.8828796,0.50753
236,2,0,0.0,0.4881518,0.4587477,0.053100612,0.017707
236,2,0,0.0,0.76273674,0.19519131,0.04207218,0.373778
236,2,0,0.0,0.9169364,0.039473742,0.04358988,0.729848
236,2,2,0.0,0.1189322,0.17677453,0.7042934,1.085919
236,2,2,0.0,0.023159305,0.059976973,0.91686386,1.099349
236,2,2,0.0,0.019253815,0.03865614,0.94209015,0.414059
236,2,1,0.0,0.043768924,0.58473295,0.37149814,0.240025
236,2,2,0.0,0.012790212,0.29523563,0.69197416,0.254754
236,2,1,0.0,0.017967062,0.5930255,0.38900748,0.250401
236,2,2,5.960464477539063e-08,0.27104288,0.10129762,0.62765956,0.246048
236,2,2,0.0,0.07307559,0.06471678,0.86220765,0.241696
236,2,2,0.0,0.012649131,0.018021444,0.96932954,0.194227
236,2,2,0.0,0.018622858,0.02631074,0.9550665,0.103475
236,2,2,0.0,0.0048133205,0.020681698,0.97450507,0.012723
318,2,1,0.0,0.0008228933,0.8156377,0.18353948,0.065816
318,2,1,0.0,0.0004833201,0.90246505,0.09705175,0.027442
318,2,1,0.0,0.08344781,0.6063445,0.31020784,0.7024
318,2,2,0.0,0.30206478,0.11859881,0.57933646,0.789699
318,2,2,0.0,0.24654141,0.13132259,0.62213606,0.142423
318,2,2,0.0,0.0010688334,0.06740139,0.9315299,0.156739
318,2,2,0.0,0.119161904,0.38535744,0.49548078,1.15556
318,2,0,0.0,0.6605267,0.09165152,0.24782187,1.193869
318,2,2,0.0,0.41188622,0.16088326,0.4272306,0.361873
318,2,1,0.0,0.00080239645,0.65663445,0.34256318,0.437878
318,2,2,0.0,0.09686211,0.3912546,0.5118834,0.868735
318,2,2,5.960464477539063e-08,0.1718403,0.22124483,0.60691494,0.639087
318,2,1,5.960464477539063e-08,0.028408008,0.5162866,0.45530537,0.084306
43,2,2,0.0,0.20094766,0.10950311,0.6895494,0.332926
43,2,2,0.0,0.16488232,0.12971975,0.7053981,0.669482
43,2,2,0.0,0.08577428,0.1594524,0.7547733,0.707711
43,2,2,5.960464477539063e-08,0.24844079,0.080927745,0.6706315,0.745939
43,2,2,0.0,0.38619182,0.18616217,0.42764613,0.784167
43,2,2,0.0,0.099481374,0.108924985,0.79159373,0.822395
43,2,2,0.0,0.14449373,0.13488135,0.72062504,0.860623
43,2,2,0.0,0.40840843,0.08244691,0.5091446,0.898851
43,2,2,0.0,0.44270226,0.08301331,0.47428444,0.937079
43,2,2,0.0,0.1720859,0.14101233,0.6869019,0.114909
43,2,1,0.0,0.14981882,0.46898204,0.3811992,0.050967
43,2,1,0.0,0.07557048,0.49294376,0.4314859,1.010394
43,2,1,0.0,0.026224354,0.83909523,0.1346804,1.70698
43,2,0,0.0,0.53267443,0.1608086,0.306517,1.745208
43,2,0,5.960464477539063e-08,0.5586248,0.14946263,0.29191262,1.783436
43,2,0,0.0,0.48999164,0.23015559,0.27985284,1.821664
43,2,2,0.0,0.2611686,0.25837952,0.48045185,1.859892
43,2,0,0.0,0.6187055,0.12156409,0.25973037,1.89812
43,2,0,0.0,0.5658403,0.098379105,0.33578068,1.346711
43,2,2,0.0,0.22764818,0.09970818,0.67264366,0.38344
43,2,2,0.0,0.12457185,0.18543391,0.68999434,0.728436
43,2,0,0.0,0.42096764,0.20176971,0.3772628,1.687863
43,2,0,0.0,0.5987369,0.11621916,0.28504395,2.64729
43,2,2,5.960464477539063e-08,0.25356346,0.1571632,0.5892734,2.782705
43,2,2,0.0,0.18626176,0.37452102,0.43921736,2.820933
43,2,2,0.0,0.26365116,0.2689453,0.46740368,2.859161
43,2,2,0.0,0.2884491,0.20189753,0.5096535,2.578513
43,2,2,0.0,0.19996215,0.13263884,0.667399,1.615242
43,2,2,0.0,0.30590636,0.11214484,0.58194894,0.651971
43,2,2,0.0,0.14772339,0.12467421,0.7276024,0.446478
43,2,2,0.0,0.2684239,0.17391334,0.5576628,1.405905
43,2,2,0.0,0.23103552,0.11525263,0.65371186,2.365331
43,2,2,0.0,0.3877902,0.15773009,0.45447975,3.324758
43,2,2,0.0,0.19688752,0.36054915,0.4425635,3.820202
43,2,2,0.0,0.22950794,0.24615183,0.5243403,3.810315
43,2,2,5.960464477539063e-08,0.13700357,0.17692535,0.6860711,2.847044
43,2,2,0.0,0.14721383,0.18437123,0.66841507,1.883773
43,2,2,0.0,0.2828029,0.1486127,0.5685844,0.920502
43,2,2,0.0,0.11550116,0.11559249,0.76890665,0.16452
43,2,2,0.0,0.14546931,0.16190591,0.6926249,1.123947
43,2,2,0.0,0.15694681,0.17720824,0.66584504,2.083373
43,2,2,0.0,0.31519896,0.2109223,0.47387883,3.0428
43,2,2,0.0,0.30395484,0.25200748,0.4440379,4.002227
43,2,2,0.0,0.21050368,0.25715438,0.53234196,4.078846
43,2,2,0.0,0.09831772,0.21900874,0.6826736,3.115575
43,2,2,0.0,0.070767716,0.25182214,0.6774102,2.152304
43,2,2,0.0,0.097734004,0.0940167,0.8082494,1.189032
43,2,2,0.0,0.059148856,0.07461117,0.8662401,0.225761
43,2,0,0.0,0.58555233,0.11289263,0.30155522,0.841989
43,2,2,0.0,0.30018726,0.16548842,0.5343244,1.801415
43,2,2,0.0,0.30820128,0.20408954,0.48770925,2.760842
43,2,0,0.0,0.6177253,0.12606391,0.25621083,3.197443
43,2,2,0.0,0.16226484,0.1646672,0.67306805,3.153061
43,2,2,0.0,0.07644958,0.16684905,0.7567015,3.108679
43,2,2,0.0,0.06890163,0.18882799,0.74227047,2.420834
43,2,2,0.0,0.14122272,0.11412982,0.7446475,1.457563
43,2,2,0.0,0.05075584,0.11521375,0.8340305,0.494292
43,2,2,0.0,0.29214492,0.16835025,0.53950495,0.560031
43,2,2,0.0,0.37646577,0.16636512,0.45716912,1.519457
43,2,2,0.0,0.37154946,0.11919271,0.5092579,2.24281
43,2,0,0.0,0.6311806,0.13321386,0.23560566,2.198428
43,2,2,0.0,0.30126646,0.15025374,0.5484797,2.154047
43,2,2,0.0,0.08501221,0.1570663,0.7579215,2.109665
43,2,2,0.0,0.101584435,0.16211703,0.7362987,2.065283
43,2,2,0.0,0.0675989,0.13665034,0.79575074,1.726094
43,2,2,0.0,0.062008414,0.14346685,0.7945248,0.762823
43,2,0,0.0,0.785522,0.034829035,0.17964911,0.278072
43,2,0,0.0,0.6232779,0.040739972,0.3359821,1.237499
43,2,0,0.0,0.7973238,0.04593454,0.15674166,1.243796
43,2,2,1.1920928955078125e-07,0.2889283,0.0658466,0.6452251,1.199414
43,2,2,0.0,0.2810602,0.074057564,0.6448823,1.155032
43,2,2,0.0,0.090444885,0.16258748,0.74696773,1.11065
43,2,2,0.0,0.07009715,0.16185348,0.7680494,1.066268
43,2,0,0.0,0.448063,0.17354187,0.37839517,1.021886
43,2,2,0.0,0.25226805,0.08882889,0.6589032,0.977504
43,2,2,0.0,0.2609069,0.10997823,0.62911487,0.068083
43,2,0,0.0,0.75625145,0.029251,0.21449773,0.289163
43,2,2,0.0,0.34235972,0.13516122,0.5224791,0.244781
43,2,0,0.0,0.63184106,0.12618461,0.2419744,0.200399
43,2,0,0.0,0.5030827,0.09717797,0.3997395,0.156017
43,2,0,5.960464477539063e-08,0.8712126,0.05173216,0.077055186,0.111635
43,2,0,0.0,0.83011436,0.0785576,0.091328144,0.067253
43,2,0,0.0,0.415591,0.33986032,0.24454868,0.022872
208,2,0,2.9802322387695312e-08,0.9347969,0.055067323,0.010135753,0.059976
208,2,0,0.0,0.9455901,0.046140283,0.008269717,0.314474
208,2,0,0.0,0.9430995,0.049166866,0.007733734,0.157619
208,2,0,0.0,0.8759002,0.109354205,0.014745817,0.814217
208,2,0,0.0,0.8843646,0.1021917,0.013443746,0.684692
208,2,0,0.0,0.7133398,0.26650333,0.020156838,0.030835
208,2,0,0.0,0.93940455,0.05307737,0.007518257,0.255262
208,2,0,0.0,0.91304684,0.0755821,0.011371024,0.91186
208,2,0,0.0,0.6184984,0.35233113,0.029170554,0.58193
208,2,0,0.0,0.9493608,0.048044972,0.0025944617,0.052746
208,2,0,0.0,0.7881252,0.18328963,0.028585395,0.741111
208,2,0,5.960464477539063e-08,0.55902445,0.39048645,0.050489143,0.479169
208,2,0,0.0,0.8246832,0.16267362,0.012643281,0.015747
241,2,0,0.0,0.9799465,0.012834108,0.007219547,0.287816
241,2,0,0.0,0.98012537,0.014886476,0.004988386,0.04607
241,2,0,5.960464477539063e-08,0.9611904,0.0325057,0.00630386,0.639812
241,2,0,0.0,0.9526062,0.041403856,0.005990117,1.01641
241,2,1,0.0,0.3555244,0.38893804,0.25553754,0.774663
241,2,0,0.0,0.7290698,0.266287,0.004643297,0.291147
241,2,0,0.0,0.9091139,0.06985412,0.021032149,0.807351
241,2,0,0.0,0.9155226,0.066326186,0.018151334,1.793216
241,2,0,0.0,0.8613844,0.12182316,0.016792683,1.291147
241,2,0,0.0,0.9012023,0.07839586,0.02040192,0.291147
241,2,0,0.0,0.83681357,0.15166655,0.011520027,0.054179
241,2,0,0.0,0.854991,0.05490131,0.09010789,1.026318
241,2,0,5.960464477539063e-08,0.7898603,0.058091354,0.1520482,1.998457
241,2,2,0.0,0.121338606,0.0814317,0.7972298,1.291147
241,2,0,5.960464477539063e-08,0.64989054,0.06680066,0.28330877,0.291147
241,2,1,0.0,0.29088712,0.41905355,0.29005942,0.165823
241,2,0,0.0,0.8868428,0.034129832,0.079027586,1.164693
241,2,0,0.0,0.9009267,0.037633855,0.061439436,2.033312
241,2,2,0.0,0.32648984,0.3066246,0.36688563,1.291147
241,2,0,0.0,0.77502424,0.13004279,0.0949331,0.291147
241,2,0,0.0,0.8091256,0.16995016,0.02092439,0.118308
241,2,2,0.0,0.18831663,0.33631343,0.47537002,1.045152
241,2,2,0.0,0.17376196,0.3293152,0.49692297,1.033381
241,2,2,0.0,0.20749734,0.33643326,0.4560695,1.02161
241,2,1,5.960464477539063e-08,0.08199611,0.5436702,0.37433365,0.291147
241,2,0,0.0,0.34804192,0.3111737,0.34078434,0.056993
241,2,0,0.0,0.48728988,0.2582063,0.25450388,0.045222
241,2,2,0.0,0.36368957,0.23466688,0.40164354,0.03345
241,2,2,0.0,0.11313665,0.2614032,0.6254602,0.021679
241,2,1,0.0,0.07582609,0.51553607,0.40863785,0.009908
177,2,1,0.0,0.28771225,0.4452133,0.26707458,0.162363
177,2,2,0.0,0.100427106,0.34812683,0.55144626,0.793204
177,2,2,0.0,0.090398036,0.41719314,0.49240887,0.536981
177,2,2,0.0,0.09141228,0.39396006,0.51462775,0.280757
177,2,1,0.0,0.113967784,0.65633774,0.22969462,0.024534
177,2,0,0.0,0.73020995,0.17458522,0.09520471,0.326598
177,2,0,0.0,0.66268927,0.26157558,0.075735144,1.313019
177,2,0,0.0,0.4789139,0.36605093,0.15503518,1.503598
177,2,0,0.0,0.49995905,0.3304792,0.16956177,1.247375
177,2,1,0.0,0.31663644,0.5455348,0.13782878,0.991151
177,2,1,0.0,0.3392683,0.5895067,0.071224995,0.734928
177,2,1,0.0,0.22194417,0.5988567,0.1791992,0.478704
177,2,1,0.0,0.39396784,0.4406124,0.16541973,0.222481
177,2,0,0.0,0.60505235,0.19246091,0.2024869,0.490834
177,2,0,0.0,0.6377153,0.26152068,0.100764096,1.477255
177,2,0,5.960464477539063e-08,0.62081367,0.3195037,0.05968264,2.402175
177,2,0,5.960464477539063e-08,0.58586556,0.35307914,0.061055273,2.213992
177,2,0,0.0,0.47498924,0.46728307,0.057727642,1.957769
177,2,1,0.0,0.3531284,0.5531028,0.093768984,1.701545
177,2,1,0.0,0.24202256,0.71301115,0.044966444,1.085827
177,2,0,0.0,0.5511792,0.42798668,0.020834232,0.109057
177,2,0,0.0,0.5993068,0.28969276,0.11100043,0.65507
177,2,0,5.960464477539063e-08,0.648113,0.285705,0.06618203,1.242971
177,2,0,0.0,0.6325212,0.30638143,0.06109746,1.417528
177,2,0,5.960464477539063e-08,0.6043306,0.33031952,0.06534983,1.592085
177,2,0,0.0,0.5250086,0.405294,0.06969746,1.766642
177,2,1,0.0,0.31455034,0.59834653,0.08710317,1.848309
177,2,1,0.0,0.3427064,0.59218246,0.06511114,0.871539
177,2,1,0.0,0.37808737,0.42934236,0.19257024,0.083766
177,2,0,0.0,0.37568408,0.33013588,0.29418012,0.258324
177,2,0,5.960464477539063e-08,0.5412311,0.38417605,0.07459296,0.432881
177,2,0,0.0,0.5420025,0.37859803,0.079399556,0.607438
177,2,1,0.0,0.436878,0.45079026,0.112331815,0.781995
177,2,1,5.960464477539063e-08,0.40153334,0.5161547,0.08231206,0.956552
177,2,1,0.0,0.40528274,0.5317446,0.06297275,0.65725
177,2,1,0.0,0.37710902,0.5239118,0.09897921,0.146463
309,2,1,0.0,0.17613403,0.780212,0.043653984,0.508352
309,2,1,0.0,0.16385391,0.7930401,0.043106,0.076835
309,2,1,0.0,0.038116693,0.9563113,0.0055722324,0.087938
309,2,1,0.0,0.22174315,0.7177501,0.0605069,0.525406
309,2,1,0.0,0.19494973,0.69657165,0.108478755,0.547422
309,2,0,0.0,0.5362775,0.45671773,0.00700479,0.115905
309,2,1,0.0,0.002262096,0.98852956,0.009208374,0.063639
207,2,0,0.0,0.8783693,0.09998627,0.021644693,0.169546
207,2,0,0.0,0.89130753,0.065736026,0.04295648,0.624614
207,2,0,0.0,0.7544901,0.20594347,0.03956647,0.322968
207,2,0,0.0,0.71740144,0.25588956,0.026709132,0.021322
207,2,0,5.960464477539063e-08,0.91350096,0.07643442,0.010064585,0.121214
207,2,0,2.9802322387695312e-08,0.91021657,0.07826865,0.011514815,0.852073
207,2,0,0.0,0.8302166,0.12493093,0.044852443,1.578034
207,2,0,0.0,0.6300437,0.3464219,0.023534426,1.276388
207,2,0,0.0,0.8640429,0.12845422,0.007502908,0.974742
207,2,0,1.1920928955078125e-07,0.61485964,0.36999846,0.015141958,0.176644
207,2,0,2.9802322387695312e-08,0.8963615,0.09646119,0.0071773515,0.072882
207,2,0,0.0,0.75483435,0.2231347,0.02203098,0.803742
207,2,0,0.0,0.7504374,0.22819453,0.021368155,1.534601
207,2,0,0.0,0.49620742,0.4527791,0.05101346,2.067917
207,2,1,0.0,0.36577824,0.6138522,0.020369617,1.514602
207,2,0,0.0,0.7750134,0.21739404,0.007592707,0.98349
207,2,0,0.0,0.60228854,0.37734914,0.020362368,0.133774
207,2,0,0.0,0.88011014,0.10881939,0.011070595,0.02455
207,2,0,0.0,0.90936434,0.08304007,0.0075955857,0.75541
207,2,0,0.0,0.7400002,0.23589602,0.024103831,1.486269
207,2,0,0.0,0.72223854,0.25777864,0.01998286,2.174399
207,2,0,5.960464477539063e-08,0.7692014,0.21145432,0.019344442,1.401285
207,2,1,0.0,0.2785511,0.5971249,0.12432404,0.667301
207,2,0,0.0,0.65750176,0.31413895,0.028359331,0.136189
207,2,0,5.960464477539063e-08,0.61472684,0.31046808,0.074805126,0.707078
207,2,0,0.0,0.68639934,0.2602608,0.053339887,1.437938
207,2,0,2.9802322387695312e-08,0.834004,0.15146387,0.014532053,2.096381
207,2,0,0.0,0.79541236,0.18154064,0.023047134,1.540131
207,2,0,0.0,0.43550423,0.4301581,0.13433778,0.767018
207,2,1,0.0,0.3095609,0.53304714,0.15739197,0.085652
207,2,1,0.0,0.4519773,0.47308275,0.07494016,0.694294
207,2,0,0.0,0.48982626,0.41253668,0.09763702,1.302936
207,2,1,0.0,0.36132914,0.47620627,0.16246468,0.905864
207,2,1,0.0,0.08537337,0.86404145,0.050585248,0.13275
207,2,0,0.0,0.8044863,0.14581446,0.049699448,0.509491
207,2,0,0.0,0.73693526,0.1773286,0.08573629,0.271596
281,2,1,0.0,0.25597608,0.59319067,0.15083337,0.235042
281,2,2,0.0,0.06678753,0.20211484,0.7310977,0.684464
281,2,2,5.960464477539063e-08,0.14556241,0.26534486,0.58909273,0.240744
281,2,1,0.0,0.06314777,0.4800115,0.45684084,0.226506
281,2,2,0.0,0.029788759,0.14310774,0.8271036,1.022009
281,2,1,0.0,0.087089404,0.7546182,0.15829244,0.825014
281,2,1,0.0,0.06528522,0.7979609,0.13675393,0.013454
281,2,1,0.0,0.084837556,0.5377682,0.37739432,0.416059
281,2,1,0.0,0.06659651,0.83033127,0.103072405,0.563786
281,2,1,0.0,0.10690519,0.81836754,0.074727245,0.074194
190,2,1,0.0,0.44401985,0.51262957,0.043350644,0.571055
190,2,1,0.0,0.26032084,0.700512,0.03916719,0.500824
190,2,1,5.960464477539063e-08,0.37151837,0.5734162,0.055065576,0.153786
190,2,1,0.0,0.041875273,0.7854649,0.17265984,0.113541
190,2,1,0.0,0.12117735,0.73074394,0.14807884,0.480616
216,2,0,0.0,0.594019,0.32012454,0.08585661,0.788335
216,2,2,0.0,0.32957873,0.22988705,0.44053435,0.183953
216,2,1,0.0,0.47728902,0.47777614,0.044934817,0.181108
216,2,0,0.0,0.7831104,0.18264033,0.034249287,1.158465
216,2,0,0.0,0.65740687,0.25655422,0.08603909,0.78779
216,2,0,5.960464477539063e-08,0.6260341,0.32591677,0.048049163,0.392709
216,2,0,0.0,0.8961229,0.083309054,0.020568265,1.370065
216,2,0,0.0,0.63421655,0.28280175,0.08298185,0.791733
216,2,2,0.0,0.014140075,0.031074421,0.9547855,0.020908
216,2,0,0.0,0.72200125,0.22636704,0.051631726,0.60431
216,2,1,0.0,0.08080942,0.7437994,0.17539123,0.925513
216,2,2,0.0,0.059874315,0.1060448,0.8340809,0.154687
216,2,1,0.0,0.059015702,0.6577941,0.2831902,0.815911
216,2,1,0.0,0.20863178,0.74699926,0.044368997,0.288467
161,2,0,0.0,0.90618604,0.06788596,0.025928164,0.149998
161,2,0,0.0,0.83769315,0.1314942,0.030812735,0.417783
161,2,0,0.0,0.768922,0.19362843,0.037449796,0.677569
161,2,0,0.0,0.720605,0.24194099,0.03745399,0.292626
161,2,0,0.0,0.7291187,0.20721902,0.0636623,0.770212
161,2,0,0.0,0.8795492,0.08859507,0.03185583,1.113477
161,2,0,0.0,0.76207167,0.21046248,0.027466038,1.381262
161,2,0,5.960464477539063e-08,0.7005264,0.26742515,0.03204844,1.420161
161,2,0,0.0,0.8809108,0.057780754,0.061308693,1.108266
161,2,2,0.0,0.011637572,0.02091366,0.96744883,0.796371
161,2,2,0.0,0.008993033,0.008365776,0.9826412,0.445681
161,2,2,7.450580596923828e-09,0.0035187176,0.006665496,0.98981583,0.060738
161,2,1,5.960464477539063e-08,0.389528,0.51946926,0.09100284,0.266687
161,2,0,0.0,0.79528075,0.1214708,0.083248556,1.093835
161,2,0,0.0,0.7608947,0.14523382,0.093871586,0.78194
161,2,2,0.0,0.3604209,0.012022486,0.6275567,0.470045
161,2,0,5.960464477539063e-08,0.7527647,0.042571615,0.20466374,0.15815
161,2,2,0.0,0.10784641,0.34115747,0.5509963,0.143718
192,2,1,0.0,0.05640822,0.8818936,0.061698392,0.22024
192,2,2,5.960464477539063e-08,0.021983452,0.15987404,0.81814253,0.262918
192,2,1,5.960464477539063e-08,0.26921374,0.6070904,0.12369584,0.784906
192,2,0,0.0,0.59951967,0.36865112,0.031829298,0.781262
192,2,0,0.0,0.6301366,0.3450496,0.024813918,0.412686
192,2,0,0.0,0.8996617,0.0866652,0.013673047,0.124098
192,2,0,0.0,0.8684439,0.119481325,0.012074778,0.093687
306,2,1,0.0,0.05430576,0.9236289,0.022065347,0.060146
306,2,1,0.0,0.10781926,0.8646203,0.027560543,0.01793
306,2,1,0.0,0.0058254455,0.9842339,0.009940738,0.152522
306,2,1,0.0,0.0094861975,0.9776573,0.0128566185,0.176376
306,2,1,5.587935447692871e-09,0.0024501123,0.995873,0.0016770109,0.187301
230,2,0,1.1920928955078125e-07,0.36399126,0.34577852,0.29023033,0.290028
230,2,1,0.0,0.40425926,0.484889,0.11085188,0.410512
230,2,0,0.0,0.46675873,0.45101213,0.08222934,0.505442
230,2,1,0.0,0.34231734,0.4784567,0.17922619,0.365403
230,2,0,0.0,0.53485775,0.4609091,0.004233158,0.37449
230,2,0,0.0,0.620473,0.37598872,0.0035382665,1.038104
230,2,1,0.0,0.4195438,0.56806314,0.012393153,1.405996
230,2,1,0.0,0.47339848,0.4915333,0.035068292,1.500926
230,2,0,5.960464477539063e-08,0.4845491,0.4339142,0.08153669,1.287636
230,2,2,5.960464477539063e-08,0.27422583,0.12713225,0.59864193,0.901003
230,2,2,0.0,0.03526526,0.027160486,0.93757445,0.51437
230,2,2,0.0,0.011164619,0.01790637,0.970929,0.127738
230,2,1,0.0,0.46521568,0.5329552,0.0018291724,0.340964
230,2,0,0.0,0.7652926,0.23083298,0.0038745522,1.122566
230,2,0,0.0,0.88946503,0.106356665,0.0041783336,1.786179
230,2,1,0.0,0.41633493,0.5537429,0.029922359,2.40148
230,2,0,0.0,0.5146687,0.45051527,0.03481615,2.49641
230,2,0,5.960464477539063e-08,0.58250076,0.3913896,0.026109735,2.044661
230,2,0,5.960464477539063e-08,0.55119354,0.33089557,0.11791091,1.537737
230,2,2,0.0,0.21222466,0.14237061,0.6454048,1.030814
230,2,2,0.0,0.026862694,0.2702644,0.702873,0.523891
230,2,2,0.0,0.033321943,0.272796,0.6938821,0.016967
230,2,1,0.0,0.48148632,0.5154159,0.0030978674,0.27583
230,2,0,0.0,0.6488302,0.3474355,0.003734411,0.946879
230,2,0,0.0,0.53225,0.41750905,0.05024106,1.742408
230,2,0,0.0,0.64422774,0.310272,0.045500427,2.534255
230,2,0,0.0,0.55591375,0.3894282,0.054658137,2.196516
230,2,0,5.960464477539063e-08,0.49993384,0.45533973,0.044726435,1.689593
230,2,1,0.0,0.45439777,0.5053639,0.040238485,1.18267
230,2,1,0.0,0.4086499,0.5833116,0.008038533,0.675746
230,2,1,0.0,0.1903268,0.7857358,0.023937441,0.168823
230,2,0,0.0,0.6090027,0.37731624,0.01368127,0.084476
230,2,1,0.0,0.004157763,0.995052,0.0007904056,0.510656
230,2,1,0.0,0.16625203,0.74301285,0.090735205,0.936836
230,2,0,0.0,0.6185115,0.36512184,0.016366733,1.363017
230,2,0,0.0,0.6477102,0.3319741,0.020315776,1.789197
230,2,0,0.0,0.8100586,0.1735261,0.016415542,1.334525
230,2,0,0.0,0.73981,0.24663775,0.013552321,0.827602
230,2,1,0.0,0.39140022,0.60326314,0.00533679,0.320678
230,2,1,0.0,0.26767936,0.7196448,0.012675909,0.032198
230,2,0,0.0,0.67850035,0.31073412,0.010765551,0.458378
230,2,1,0.0,0.46794295,0.52468735,0.0073698284,0.884559
230,2,0,0.0,0.7187297,0.2397318,0.041538633,0.472534
272,2,0,0.0,0.6521649,0.3001198,0.047715418,0.228067
272,2,0,0.0,0.6061098,0.27848992,0.11540039,0.24371
272,2,0,0.0,0.6178041,0.35400257,0.028193425,0.259354
272,2,0,0.0,0.5340123,0.4202986,0.04568912,0.274997
179,2,1,0.0,0.056564692,0.50152016,0.4419151,0.111172
179,2,1,0.0,0.3111367,0.515871,0.17299238,0.546409
179,2,0,0.0,0.5882304,0.33453846,0.077231236,0.341927
179,2,0,0.0,0.6363526,0.31272918,0.05091823,0.137445
179,2,2,0.0,0.13002925,0.1317912,0.7381797,0.390922
179,2,2,0.0,0.29166535,0.14984897,0.55848575,1.350995
179,2,0,0.0,0.67908484,0.14015308,0.18076219,1.320798
179,2,0,0.0,0.75170195,0.18828441,0.060013633,1.116316
179,2,0,5.960464477539063e-08,0.64589906,0.30060652,0.053494528,0.911834
179,2,0,0.0,0.71335137,0.26127052,0.02537809,0.707352
179,2,0,0.0,0.4797332,0.46258602,0.057680856,0.50287
179,2,1,0.0,0.04279256,0.81873363,0.13847396,0.062986
179,2,2,0.0,0.0752352,0.42370233,0.5010625,0.343868
179,2,1,0.0,0.011137585,0.9593898,0.02947259,0.144702
179,2,0,0.0,0.5040644,0.31443694,0.18149868,0.670672
179,2,0,0.0,0.79286414,0.07953242,0.12760349,1.630745
179,2,0,0.0,0.83394927,0.13605022,0.030000484,2.299668
179,2,0,5.960464477539063e-08,0.8080039,0.16384049,0.028155794,2.095186
179,2,0,0.0,0.7806934,0.1971288,0.022177782,1.890704
179,2,0,0.0,0.7976875,0.17926301,0.023049636,1.686222
179,2,0,0.0,0.6086875,0.35534477,0.03596781,0.707107
179,2,1,0.0,0.04176221,0.6931969,0.26504093,0.279675
179,2,2,0.0,0.07809429,0.16838914,0.7535167,0.862528
179,2,0,0.0,0.86198777,0.10969167,0.028320504,1.048112
179,2,2,0.0,0.026772989,0.16928877,0.80393827,1.233695
179,2,0,0.0,0.7136633,0.22742206,0.058914863,1.419279
179,2,0,0.0,0.65480113,0.283578,0.061620872,1.604862
179,2,0,0.0,0.7312655,0.21581812,0.052916545,1.790446
179,2,0,5.960464477539063e-08,0.78414786,0.18986179,0.025990358,1.976029
179,2,0,0.0,0.7604931,0.21977265,0.019734321,1.502832
179,2,0,0.0,0.5101366,0.4564906,0.033372827,0.520414
179,2,0,5.960464477539063e-08,0.52295667,0.40864298,0.06840033,0.065483
179,2,0,0.0,0.80984205,0.14638573,0.04377241,0.251067
179,2,0,0.0,0.67279804,0.23119201,0.09601009,0.43665
179,2,0,0.0,0.76907325,0.1938491,0.037077818,0.622234
179,2,0,0.0,0.76810265,0.19893162,0.032965753,0.807817
179,2,0,0.0,0.8078834,0.15682971,0.035287008,0.993401
179,2,0,0.0,0.7399568,0.22875266,0.031290647,1.178984
179,2,0,0.0,0.5990802,0.35394892,0.046970997,0.333721
179,2,0,8.940696716308594e-08,0.89088744,0.09202463,0.017087966,0.010772
179,2,0,0.0,0.8866086,0.09538223,0.018009176,0.196356
179,2,0,0.0,0.7477703,0.22094779,0.03128198,0.147028
159,2,0,0.0,0.6704186,0.28611255,0.04346894,0.132079
159,2,0,0.0,0.8557559,0.12775087,0.01649333,0.785587
159,2,0,0.0,0.48936152,0.46779612,0.04284252,0.383799
159,2,0,0.0,0.9257664,0.0458832,0.028350474,0.599487
159,2,0,0.0,0.7212309,0.25626242,0.022506712,1.393495
159,2,0,0.0,0.61715025,0.34814912,0.034700744,1.205474
159,2,0,0.0,0.55410206,0.4113873,0.03451071,0.43873
159,2,0,0.0,0.81188154,0.17177323,0.016345495,0.413387
159,2,0,0.0,0.7537046,0.22798434,0.018311195,1.207395
159,2,0,5.960464477539063e-08,0.785855,0.19902956,0.015115448,1.443923
159,2,0,0.0,0.82568705,0.16509834,0.009214681,0.642367
159,2,0,1.1920928955078125e-07,0.43966913,0.28588974,0.27444112,0.227287
159,2,0,0.0,0.64197457,0.3188999,0.03912569,1.021295
159,2,0,0.0,0.6488601,0.31068173,0.04045824,1.64756
159,2,0,0.0,0.77464837,0.20902778,0.016323913,0.846004
159,2,0,0.0,0.880379,0.11109002,0.008530904,0.044448
159,2,1,0.0,0.007872047,0.9906877,0.0014403851,0.041187
159,2,0,0.0,0.6351034,0.29346702,0.07142955,0.577303
159,2,0,0.0,0.67298204,0.26410043,0.062917575,1.102875
159,2,0,5.960464477539063e-08,0.7186444,0.21844855,0.06290714,1.049641
159,2,0,0.0,0.7484437,0.22457367,0.026982618,0.248085
159,2,0,0.0,0.71451324,0.23365308,0.051833842,0.252127
159,2,0,5.960464477539063e-08,0.7682912,0.18612924,0.04557971,0.451722
292,2,1,0.0,0.01253454,0.93640506,0.05106045,0.034271
292,2,1,0.0,0.036301333,0.8732358,0.090463,0.248545
292,2,1,0.0,0.0049869157,0.9811764,0.013836852,0.28134
292,2,1,0.0,0.023696642,0.8138767,0.16242684,0.854038
292,2,1,0.0,0.071677454,0.7884102,0.13991247,0.927934
292,2,1,0.0,0.1922926,0.44661188,0.36109567,0.194157
292,2,1,0.0,0.0077038063,0.83213276,0.16016352,0.552237
292,2,1,0.0,0.030703442,0.84073156,0.1285652,1.135308
292,2,2,0.0,0.005561264,0.068863764,0.92557526,0.488462
292,2,2,0.0,0.0043053743,0.18373857,0.8119564,0.372688
410,2,2,0.0,0.0014309864,0.013610827,0.9849583,0.431449
410,2,2,0.0,0.0072952397,0.06260504,0.93009984,0.722078
410,2,2,2.2351741790771484e-08,0.005008031,0.013106935,0.98188514,0.550213
410,2,2,0.0,0.0016852404,0.0059299725,0.9923849,0.378347
410,2,2,0.0,0.0017764107,0.003997416,0.9942264,0.206482
410,2,2,0.0,0.0013024161,0.008196339,0.99050134,0.730391
410,2,2,5.774199962615967e-08,0.00067783764,0.0038031351,0.99551886,1.684662
410,2,2,0.0,0.00063231325,0.003131677,0.99623597,1.535333
410,2,2,0.0,0.0014697841,0.004273308,0.994257,1.023182
410,2,2,0.0,0.0013598298,0.0026786395,0.9959616,0.062387
410,2,0,0.0,0.60166323,0.1458635,0.25247335,0.075061
410,2,0,0.0,0.9582729,0.022397153,0.019330168,0.969577
410,2,2,0.0,0.0037263958,0.028808363,0.9674654,1.24756
410,2,2,0.0,0.0032688964,0.02188223,0.9748489,1.067831
410,2,2,0.0,0.0012866958,0.0030480742,0.99566555,0.745921
410,2,2,2.9802322387695312e-08,0.0021559095,0.11326014,0.8845839,0.008991
410,2,2,0.0,0.0005484595,0.008909562,0.99054205,0.286974
410,2,2,0.0,0.0005556689,0.007065272,0.9923792,0.117038
285,2,2,0.0,0.00314683,0.0051785144,0.99167484,0.443499
285,2,2,0.0,0.0044324226,0.047405347,0.9481622,0.056358
285,2,2,0.0,0.0058712447,0.008678192,0.98545074,0.163548
285,2,2,0.0,0.006008311,0.010230628,0.9837612,1.063392
285,2,2,0.0,0.008445095,0.035096865,0.9564581,0.978378
285,2,2,0.0,0.039269008,0.17735623,0.7833749,0.579641
285,2,1,0.0,0.051315323,0.9044716,0.044213124,0.041935
285,2,2,0.0,0.028042214,0.02414947,0.9478084,0.659588
285,2,2,0.0,0.028257936,0.03327597,0.93846625,1.499603
285,2,2,0.0,0.00604185,0.052436315,0.9415218,1.780589
285,2,2,0.0,0.010349772,0.05344857,0.9362017,1.214018
285,2,2,0.0,0.10977434,0.18018043,0.7100454,0.541962
285,2,1,0.0,0.11474966,0.49543938,0.3898111,0.138127
285,2,2,0.0,0.0335985,0.10361007,0.8627915,0.70825
285,2,2,8.940696716308594e-08,0.009143904,0.098197244,0.8926588,1.042516
285,2,2,0.0,0.025662653,0.033812128,0.94052523,0.390005
285,2,2,0.0,0.009503075,0.022693483,0.9678035,0.496603
423,2,2,0.0,0.1599113,0.41500017,0.4250887,0.02091
423,2,1,0.0,0.0066399598,0.60959095,0.38376924,0.739375
423,2,2,0.0,0.06310027,0.19778948,0.7391103,0.527604
423,2,2,0.0,0.17888147,0.09581094,0.72530776,0.265394
423,2,2,0.0,0.0339939,0.16276345,0.8032428,0.47224
423,2,2,0.0,0.09628376,0.034540556,0.86917585,0.224763
143,2,0,0.0,0.51931125,0.3374232,0.14326558,0.28272
143,2,0,0.0,0.6451835,0.29439065,0.060425892,0.208922
143,2,0,0.0,0.4970895,0.395413,0.10749759,0.722324
143,2,0,5.960464477539063e-08,0.5257356,0.40242824,0.07183609,0.538965
143,2,0,5.960464477539063e-08,0.54261297,0.3304372,0.12694982,0.269384
143,2,0,0.0,0.6070662,0.29853857,0.09439525,0.869007
234,2,1,0.0,0.16909711,0.62308717,0.20781568,0.190323
234,2,2,0.0,0.050596993,0.43869454,0.5107086,0.753744
234,2,0,1.1920928955078125e-07,0.36973435,0.27441958,0.3558462,0.1285
234,2,1,0.0,0.33518767,0.43030784,0.23450463,0.007863
234,2,1,0.0,0.41776896,0.47488743,0.107343666,0.80029
234,2,2,0.0,0.05462576,0.22159864,0.72377574,1.277718
234,2,2,7.450580596923828e-09,0.004417395,0.008202192,0.9873805,0.484623
234,2,2,0.0,0.26560226,0.2715863,0.46281153,0.61783
234,2,1,0.0,0.30101565,0.35168332,0.34730104,1.410257
234,2,2,0.0,0.012555101,0.27010232,0.7173427,0.66862
234,2,1,0.0,0.4267088,0.54960126,0.023689967,0.282517
234,2,1,0.0,0.42740592,0.55565315,0.016940845,0.593689
234,2,1,0.0,0.035122246,0.8685238,0.09635415,0.852618
234,2,2,5.587935447692871e-08,0.0029250449,0.0026261236,0.9944488,0.059523
228,2,0,0.0,0.47278267,0.081802204,0.44541514,0.300969
228,2,2,0.0,0.43615827,0.11621233,0.44762954,0.711233
228,2,0,5.960464477539063e-08,0.6825099,0.22138871,0.09610165,0.151181
228,2,0,0.0,0.95174605,0.022695974,0.025558082,0.151474
228,2,0,0.0,0.8121787,0.03769723,0.15012425,0.703286
228,2,0,0.0,0.4668227,0.21582153,0.31735584,0.607443
228,2,2,0.0,0.011396721,0.27052408,0.71807927,0.22653
277,2,2,0.0,0.0018170835,0.19432864,0.8038544,0.286985
277,2,2,0.0,0.002160215,0.054323707,0.9435162,0.520067
277,2,2,0.0,0.0028836385,0.081532955,0.91558355,0.162781
277,2,2,4.470348358154297e-08,0.003814672,0.04004408,0.9561412,0.235734
223,2,1,0.0,0.42695004,0.5528178,0.020232303,0.258482
223,2,1,5.960464477539063e-08,0.15784498,0.6419874,0.2001678,0.549218
223,2,2,0.0,0.018984068,0.062565245,0.9184508,0.246201
223,2,1,0.0,0.071273424,0.9223288,0.0063979425,0.69832
223,2,0,1.1920928955078125e-07,0.44703245,0.28443754,0.26853004,1.150439
223,2,1,5.960464477539063e-08,0.4199701,0.45603752,0.12399244,1.359338
223,2,0,0.0,0.55879647,0.36534384,0.07585975,0.773075
223,2,1,0.0,0.19545761,0.7920042,0.012538259,0.186812
223,2,1,0.0,0.00631314,0.98443455,0.009252365,0.23392
223,2,1,0.0,0.10479715,0.52036095,0.374842,0.68604
223,2,2,0.0,0.0568592,0.38165733,0.5614835,1.138159
223,2,1,0.0,0.066036806,0.5271542,0.40680906,1.590278
223,2,1,0.0,0.08035306,0.86316454,0.05648245,2.042397
223,2,1,0.0,0.36911756,0.5485892,0.08229338,1.828628
223,2,0,5.960464477539063e-08,0.5597523,0.38748473,0.052763,1.085241
223,2,0,0.0,0.65181947,0.27966678,0.068513796,0.341855
223,2,1,0.0,0.037572507,0.66537213,0.2970554,0.22164
223,2,1,0.0,0.03754371,0.56612086,0.39633548,0.673759
223,2,1,0.0,0.45074493,0.5359407,0.013314254,1.125878
223,2,0,0.0,0.5704649,0.31767058,0.11186459,1.577997
223,2,2,0.0,0.16000557,0.033360165,0.80663437,2.030116
223,2,2,0.0,0.30093879,0.031927124,0.6671343,2.482235
223,2,2,0.0,0.3256073,0.12743244,0.5469604,1.903152
223,2,1,0.0,0.43676326,0.51260877,0.05062814,1.159766
223,2,0,0.0,0.5716779,0.3879803,0.040341865,0.416379
223,2,1,0.0,0.20023946,0.46367836,0.3360822,0.078849
223,2,1,0.0,0.31135738,0.4535911,0.23505159,0.588419
223,2,2,0.0,0.41649842,0.014365673,0.56913596,1.097988
223,2,2,0.0,0.30656374,0.012198042,0.6812383,1.607557
223,2,2,0.0,0.10803915,0.004199817,0.8877611,1.977676
223,2,0,0.0,0.695588,0.015572643,0.28883952,1.23429
223,2,0,0.0,0.66478324,0.23622598,0.09899081,0.490903
223,2,0,0.0,0.8128557,0.09133346,0.09581103,0.237558
223,2,2,0.0,0.3672631,0.070463136,0.5622738,0.747128
223,2,0,0.0,0.93177307,0.005879515,0.062347494,1.256697
223,2,0,0.0,0.752819,0.15991174,0.08726939,0.565427
223,2,2,0.0,0.19749297,0.04281644,0.7596907,0.396268
283,2,1,0.0,0.2519295,0.49327576,0.25479475,0.232143
283,2,2,0.0,0.23922016,0.33624348,0.42453644,0.061159
283,2,2,0.0,0.011943832,0.04013718,0.947919,0.23186
283,2,1,0.0,0.04340283,0.86393654,0.092660695,0.740159
283,2,0,0.0,0.55951005,0.12628433,0.3142057,1.197138
283,2,2,0.0,0.2781985,0.1340818,0.5877197,0.621468
283,2,2,0.0,0.27538136,0.068361856,0.6562568,0.615124
283,2,2,0.0,0.33190104,0.1044202,0.5636789,0.902414
283,2,2,0.0,0.12121943,0.32647774,0.5523029,0.860959
283,2,1,0.0,0.014841067,0.782886,0.2022729,0.729339
283,2,1,0.0,0.011028612,0.71270674,0.27626467,1.725753
283,2,2,0.0,0.015279577,0.48766354,0.49705696,1.522155
283,2,2,1.1920928955078125e-07,0.16159818,0.09176739,0.7466345,1.115302
283,2,0,0.0,0.40378997,0.32970777,0.26650238,0.70845
283,2,1,0.0,0.24448986,0.7281413,0.027368909,0.301598
283,2,1,0.0,0.028151989,0.8375755,0.13427262,0.578516
283,2,1,0.0,0.119824685,0.7369881,0.14318728,1.015513
283,2,1,0.0,0.1440103,0.4933107,0.3626791,0.608661
283,2,1,0.0,0.17282797,0.56273746,0.26443473,0.201808
283,2,1,0.0,0.04714037,0.9274522,0.025407458,0.355932
283,2,1,0.0,0.08460831,0.8969979,0.01839387,0.102019
226,2,2,0.0,0.107519865,0.08705569,0.80542463,0.827069
226,2,2,0.0,0.24220183,0.22356132,0.53423697,0.362143
226,2,2,0.0,0.055621132,0.45507097,0.4893079,0.26334
226,2,2,0.0,0.12257365,0.25602627,0.6214,1.219111
226,2,2,0.0,0.09943748,0.15670076,0.74386185,1.247493
226,2,2,0.0,0.07214602,0.16827208,0.75958204,0.782567
226,2,2,0.0,0.11575313,0.23430996,0.649937,0.317641
226,2,2,0.0,0.25591895,0.3667137,0.37736732,0.647011
226,2,2,0.0,0.06749057,0.15843524,0.77407426,1.515533
226,2,2,0.0,0.06758559,0.1539491,0.7784655,2.132842
226,2,2,0.0,0.06646573,0.19461854,0.7389159,1.63524
226,2,2,0.0,0.14984469,0.32478824,0.5253672,0.838697
226,2,2,0.0,0.39379933,0.18432654,0.42187434,0.042154
226,2,1,0.0,0.35305884,0.62102944,0.02591167,0.404826
226,2,1,0.0,0.27531794,0.3750434,0.34963873,0.863786
226,2,2,0.0,0.12628981,0.28714767,0.58656263,0.813192
226,2,2,0.0,0.057300698,0.14620362,0.79649574,1.240131
226,2,2,5.960464477539063e-08,0.04658224,0.12846935,0.8249485,1.030658
226,2,2,0.0,0.22466351,0.36185864,0.4134779,0.234115
226,2,2,0.0,0.0012663101,0.1376425,0.86109126,0.025835
226,2,1,0.0,0.103914745,0.89079094,0.005294418,0.551545
226,2,0,0.0,0.399,0.3825839,0.21841624,0.146626
226,2,2,0.0,0.15960336,0.22857237,0.6118244,0.335851
226,2,2,5.960464477539063e-08,0.1410468,0.19801319,0.66094023,0.426076
210,2,0,0.0,0.5433015,0.38645372,0.07024479,0.003987
210,2,0,0.0,0.5003369,0.45164022,0.04802296,0.438997
210,2,0,0.0,0.5105267,0.45263502,0.03683842,0.520191
210,2,1,5.960464477539063e-08,0.3714288,0.56146806,0.06710326,0.228177
210,2,1,5.960464477539063e-08,0.27474853,0.59143806,0.13381344,0.904412
210,2,1,0.0,0.3028521,0.6004172,0.09673077,1.339423
210,2,1,0.0,0.28826347,0.5738532,0.1378834,1.259272
210,2,0,0.0,0.53986406,0.42180738,0.038328633,0.585655
210,2,1,0.0,0.39625487,0.4720204,0.13172476,0.228326
210,2,1,0.0,0.20810793,0.75626755,0.035624716,0.762926
210,2,1,0.0,0.31436905,0.5291096,0.1565215,1.297526
210,2,0,0.0,0.46005756,0.41468984,0.12525268,1.324735
210,2,0,0.0,0.48066804,0.4127598,0.106572166,0.651118
210,2,1,0.0,0.36581904,0.59048694,0.043694146,0.452421
210,2,1,0.0,0.36580068,0.5420153,0.09218412,0.987021
210,2,1,5.960464477539063e-08,0.37255862,0.53373957,0.09370187,1.256834
210,2,1,0.0,0.41644523,0.50752187,0.07603295,0.676279
210,2,0,0.0,0.51258785,0.32473326,0.16267897,0.042965
210,2,1,5.960464477539063e-08,0.42363888,0.5564795,0.019881718,0.141916
210,2,1,5.960464477539063e-08,0.20250537,0.7858564,0.011638272,0.442614
363,2,2,0.0,0.013632475,0.0929609,0.8934068,0.064886
363,2,2,0.0,0.022903465,0.13250175,0.8445949,0.723506
363,2,2,0.0,0.00035971135,0.0019255751,0.99771494,0.668947
363,2,2,0.0,0.0009600585,0.0018228936,0.99721724,0.331621
363,2,2,0.0,0.0017757112,0.013862866,0.9843616,0.025512
363,2,2,0.0,0.0007755888,0.017183566,0.9820409,0.770163
363,2,2,0.0,0.00045841726,0.0044473163,0.9950944,1.121092
363,2,2,5.960464477539063e-08,0.0023249465,0.0043896204,0.99328536,0.236958
363,2,2,0.0,0.0004938233,0.0061580073,0.99334824,0.102709
363,2,2,3.725290298461914e-09,0.00035032732,0.007729523,0.9919201,0.222411
181,2,1,0.0,0.020546492,0.9416762,0.037777413,0.141216
181,2,2,0.0,0.16912773,0.36534625,0.4655261,0.097538
181,2,2,0.0,0.05363772,0.2855213,0.6608411,0.39947
181,2,1,0.0,0.33635858,0.5140989,0.14954273,1.068569
181,2,1,0.0,0.4344302,0.44861528,0.11695452,0.829618
181,2,1,0.0,0.23384395,0.50291693,0.26323932,0.590666
181,2,2,0.0,0.19240643,0.40158078,0.40601286,0.351714
181,2,1,0.0,0.18183257,0.7451349,0.07303263,0.112763
181,2,0,0.0,0.4618588,0.25583494,0.28230625,0.657723
181,2,0,0.0,0.3649903,0.3401421,0.29486766,1.6238
181,2,0,0.0,0.53836685,0.3601806,0.10145267,1.800649
181,2,1,0.0,0.3860414,0.41162202,0.20233679,1.561698
181,2,1,0.0,0.19554582,0.5850053,0.21944888,1.322746
181,2,1,0.0,0.2623191,0.68011284,0.05756821,1.083794
181,2,1,0.0,0.3101445,0.6352031,0.054652456,0.844843
181,2,1,0.0,0.40810508,0.49701554,0.09487938,0.542965
181,2,0,0.0,0.54021674,0.34004152,0.119741805,0.915977
181,2,0,0.0,0.47575954,0.34476587,0.17947465,1.882054
181,2,0,0.0,0.5803745,0.26388276,0.15574282,2.771681
181,2,0,0.0,0.5648837,0.37751567,0.057600696,2.532729
181,2,1,0.0,0.24342513,0.58828,0.16829497,2.293777
181,2,1,0.0,0.30809677,0.62588847,0.06601481,2.054826
181,2,1,0.0,0.3145317,0.6142636,0.07120475,1.313937
181,2,1,0.0,0.3498304,0.5553291,0.09484058,0.335661
181,2,0,0.0,0.7377815,0.19484141,0.06737727,0.208153
181,2,1,0.0,0.38556346,0.4385724,0.17586417,1.17423
181,2,1,0.0,0.31420207,0.45013332,0.23566473,1.635449
181,2,0,5.960464477539063e-08,0.59647596,0.34290797,0.060616188,1.803379
181,2,0,0.0,0.46570015,0.4570136,0.077286355,1.971309
181,2,1,0.0,0.40156853,0.53926957,0.059162043,2.139239
181,2,1,0.0,0.21723334,0.66146004,0.12130671,2.08491
181,2,1,0.0,0.20568399,0.6412887,0.1530274,1.106633
181,2,1,0.0,0.0749862,0.64259976,0.28241408,0.128357
181,2,0,0.0,0.6760633,0.2841405,0.039796174,0.313789
181,2,0,0.0,0.7522608,0.22268051,0.025058713,0.48172
181,2,0,0.0,0.5769561,0.36687526,0.056168787,0.64965
181,2,0,0.0,0.77332354,0.16907613,0.057600476,0.81758
181,2,0,0.0,0.5929417,0.34468907,0.06236926,0.98551
181,2,1,0.0,0.4018686,0.53957343,0.058558084,1.15344
181,2,1,0.0,0.22940138,0.695307,0.07529159,1.32137
181,2,1,0.0,0.22736895,0.695479,0.07715198,0.899329
181,2,0,0.0,0.7359096,0.22882456,0.03526599,0.167641
181,2,1,0.0,0.23499383,0.44284838,0.3221579,0.335571
181,2,1,0.0,0.34436816,0.35214975,0.3034822,0.503501
409,2,0,0.0,0.91777766,0.06824885,0.01397356,0.008541
409,2,0,0.0,0.8581318,0.10463833,0.037229884,0.784593
409,2,0,2.9802322387695312e-08,0.86108035,0.107439816,0.031479836,0.768316
409,2,0,0.0,0.911768,0.0698226,0.018409433,0.55181
409,2,0,0.0,0.7538199,0.22082475,0.02535553,0.335304
409,2,2,0.0,0.02391646,0.010158765,0.9659249,0.118798
409,2,0,2.9802322387695312e-08,0.86607784,0.1169519,0.016970333,0.128307
409,2,0,0.0,0.8634916,0.120909594,0.015598886,1.082806
409,2,0,2.9802322387695312e-08,0.8947126,0.09150816,0.013779286,1.744597
409,2,0,0.0,0.83408064,0.14332078,0.022598771,1.528091
409,2,0,0.0,0.7747311,0.108788185,0.1164807,1.311585
409,2,2,3.725290298461914e-09,0.00094124465,0.006988322,0.9920703,0.522822
409,2,0,0.0,0.8278233,0.13706079,0.035116024,0.42652
409,2,0,0.0,0.8498892,0.12517321,0.024937665,0.764754
409,2,0,0.0,0.8260738,0.14767507,0.02625114,0.988589
409,2,0,0.0,0.57346946,0.3161234,0.110407144,1.212424
409,2,0,0.0,0.60663646,0.12207032,0.27129322,1.178152
409,2,2,5.587935447692871e-08,0.0008912919,0.0069472627,0.9921614,0.223881
409,2,0,0.0,0.8062955,0.16291398,0.03079061,0.013962
409,2,0,0.0,0.6637922,0.2563111,0.079896644,0.237797
409,2,0,0.0,0.5160868,0.30881685,0.17509647,0.461632
325,2,2,5.960464477539063e-08,0.0019543306,0.034753263,0.96329236,0.211609
325,2,2,0.0,0.004658213,0.007828378,0.98751354,0.584393
325,2,2,0.0,0.003154146,0.014876252,0.9819698,0.541634
325,2,2,5.960464477539063e-08,0.00028288955,0.007853687,0.9918634,0.348451
325,2,2,0.0,0.0073165535,0.014848818,0.97783476,0.44043
325,2,2,0.0,0.0067133107,0.006881336,0.9864055,1.269958
325,2,2,5.960464477539063e-08,0.0014254415,0.005278273,0.99329627,0.884807
325,2,2,0.0,0.004912748,0.006808292,0.988279,0.040653
325,2,2,0.0,0.003799588,0.0041394294,0.99206114,0.667961
325,2,2,0.0,0.0014757203,0.0019083603,0.99661607,0.46218
325,2,2,0.0,0.02715108,0.03923035,0.93361855,0.063872
325,2,2,5.960464477539063e-08,0.0007378408,0.0015084672,0.99775374,0.104169
83,2,2,0.0,0.0008782799,0.008293059,0.99082863,0.080469
83,2,1,0.0,0.00300611,0.7620284,0.23496546,0.635629
83,2,2,0.0,0.0052443314,0.047349736,0.9474059,0.996856
83,2,2,0.0,0.0005073573,0.0030489943,0.9964438,0.596561
83,2,2,0.0,0.0008305286,0.0107229045,0.98844665,0.188773
83,2,1,0.0,0.0007897505,0.98804003,0.011170354,0.417614
83,2,2,0.0,0.00055491825,0.0041316026,0.99531364,0.884619
83,2,2,0.0,0.000518263,0.0015165666,0.9979653,1.351623
83,2,2,0.0,0.06692264,0.061628897,0.8714486,0.682904
83,2,2,0.0,0.00041537284,0.0026439,0.99694073,0.000363
83,2,2,0.0,0.0005645136,0.004249803,0.99518585,0.467368
83,2,0,0.0,0.62791735,0.04389136,0.32819128,0.113323
191,2,2,0.0,0.015028774,0.025644207,0.9593272,0.202319
191,2,2,0.0,0.053828422,0.030078953,0.9160928,0.450437
191,2,2,0.0,0.04933163,0.120605715,0.8300628,0.107399
191,2,0,0.0,0.76606846,0.21246922,0.021462495,0.120146
286,2,1,0.0,0.022342332,0.88339007,0.094267726,0.244939
286,2,1,0.0,0.024572551,0.83244526,0.14298223,0.217112
286,2,1,0.0,0.012461257,0.6715869,0.31595197,0.77487
286,2,1,0.0,0.00019979093,0.99391556,0.0058846786,0.482191
286,2,1,0.0,0.024980392,0.80673975,0.16828005,0.349388
286,2,1,0.0,0.00045437636,0.98757803,0.011967651,0.162315
288,2,1,0.0,0.17423148,0.66489995,0.16086864,0.577442
288,2,1,0.0,0.25699288,0.6258729,0.11713423,0.033778
288,2,0,0.0,0.5064703,0.40128946,0.09224034,0.452541
219,2,2,0.0,0.01699435,0.051862054,0.93114376,0.636697
219,2,2,0.0,0.0043213842,0.054740142,0.9409386,0.600026
219,2,2,0.0,0.116477504,0.29514197,0.5883806,0.05303
219,2,2,0.0,0.07629708,0.19721009,0.7264929,0.237731
219,2,2,0.0,0.020047963,0.15358332,0.82636875,0.422433
219,2,2,0.0,0.017420337,0.063166514,0.9194132,0.883135
219,2,2,1.1920928955078125e-07,0.29814336,0.20386386,0.4979928,0.226195
219,2,1,0.0,0.3823021,0.4165895,0.20110849,0.652857
219,2,2,0.0,0.26490498,0.3324423,0.4026528,1.058971
219,2,2,0.0,0.05739711,0.37585476,0.5667482,0.743487
219,2,2,0.0,0.035559267,0.22038276,0.7440581,0.428002
219,2,0,0.0,0.68963337,0.07457819,0.23578861,0.064108
219,2,2,0.0,0.31328127,0.06307098,0.6236478,0.110041
171,2,0,0.0,0.8214427,0.17181376,0.006743733,0.434685
171,2,0,0.0,0.48023674,0.45071965,0.0690437,0.301375
171,2,0,5.960464477539063e-08,0.63931274,0.3331404,0.027546905,0.60656
171,2,0,0.0,0.66436505,0.3288605,0.006774512,0.452388
171,2,2,0.0,0.2508385,0.3208866,0.42827496,0.068707
171,2,0,0.0,0.94531435,0.053126946,0.0015588258,0.01581
171,2,0,0.0,0.7477154,0.23858102,0.013703639,0.373892
171,2,0,8.940696716308594e-08,0.89154494,0.1005142,0.007940851,0.160312
225,2,2,0.0,0.0062197014,0.009702366,0.984078,0.424945
225,2,2,0.0,0.04824366,0.17579557,0.7759609,0.150612
225,2,2,4.470348358154297e-08,0.008658459,0.012041332,0.97930014,0.376454
225,2,2,0.0,0.029446967,0.17631184,0.7942413,1.09018
225,2,2,0.0,0.07675,0.15641257,0.76683754,0.747816
225,2,2,0.0,0.3408511,0.14754322,0.5116057,0.405452
225,2,2,0.0,0.37829018,0.2323858,0.38932407,0.063088
225,2,2,0.0,0.01807344,0.0131961545,0.96873045,0.327964
225,2,2,0.0,0.037530508,0.07810949,0.88436025,1.326787
225,2,2,0.0,0.058229048,0.13001144,0.81175965,1.687383
225,2,2,0.0,0.086633995,0.13474143,0.7786247,1.345019
225,2,2,5.960464477539063e-08,0.096386455,0.16952313,0.73409045,1.002655
225,2,2,0.0,0.1750869,0.2586396,0.56627357,0.660292
225,2,2,5.960464477539063e-08,0.2149177,0.22137189,0.5637106,0.286523
225,2,2,0.0,0.015939893,0.012868805,0.9711914,0.279473
225,2,2,0.0,0.023477389,0.09447094,0.88205165,1.278297
225,2,2,0.0,0.035809558,0.15596257,0.80822796,1.969834
225,2,2,0.0,0.04727911,0.1371227,0.81559837,2.284587
225,2,2,0.0,0.0813374,0.17090616,0.7477565,1.942223
225,2,2,0.0,0.12558016,0.35526487,0.519155,1.599859
225,2,2,1.1920928955078125e-07,0.17009664,0.3635947,0.46630868,1.180213
225,2,0,0.0,0.42796046,0.2593751,0.31266454,0.731529
225,2,0,0.0,0.9269547,0.03296241,0.04008292,0.282845
225,2,2,2.9802322387695312e-08,0.012386939,0.046911906,0.9407011,0.230983
225,2,2,0.0,0.0071019474,0.19477138,0.79812676,0.668454
225,2,2,0.0,0.032201197,0.13774993,0.83004904,1.042372
225,2,2,0.0,0.0636761,0.10667869,0.8296453,1.416291
225,2,2,0.0,0.1595229,0.22876313,0.6117141,1.790209
225,2,2,0.0,0.2437544,0.37065792,0.38558775,2.222588
225,2,2,0.0,0.25666577,0.32060686,0.42272735,2.073903
225,2,0,0.0,0.7944185,0.09785942,0.10772205,1.385952
225,2,0,1.4901161193847656e-08,0.9471084,0.028717889,0.024173751,0.513792
225,2,2,2.9802322387695312e-08,0.021775119,0.106441036,0.87178385,0.114911
225,2,2,0.0,0.06917374,0.1887077,0.74211866,0.488829
225,2,2,0.0,0.20371084,0.2885069,0.5077824,0.862748
225,2,1,0.0,0.27989662,0.37384576,0.34625772,1.517997
225,2,1,0.0,0.33485082,0.34439123,0.32075801,1.768893
225,2,0,0.0,0.9243341,0.046667133,0.0289988,0.896732
225,2,0,0.0,0.977378,0.012783963,0.009838042,0.024572
225,2,2,0.0,0.22139145,0.24524012,0.5333686,0.323837
225,2,0,0.0,0.72042745,0.19375789,0.08581478,1.291795
225,2,0,0.0,0.7436224,0.169019,0.087358646,1.279673
225,2,0,5.960464477539063e-08,0.95027274,0.03453631,0.015190933,0.407512
225,2,1,0.0,0.2867625,0.5034003,0.20983724,0.659216
225,2,0,0.0,0.62727404,0.2501952,0.122530736,1.301263
225,2,0,0.0,0.62735516,0.26171517,0.11092979,0.790452
225,2,1,1.4901161193847656e-08,0.003581151,0.9701301,0.02628882,0.013529
225,2,0,0.0,0.89777243,0.100930505,0.0012970045,0.365103
225,2,0,0.0,0.96784186,0.030774992,0.0013832327,0.301232
280,2,1,0.0,0.0763851,0.8360397,0.0875753,0.012784
280,2,1,0.0,0.29107395,0.53208923,0.17683686,0.257831
280,2,1,0.0,0.21365249,0.69976616,0.0865815,0.831718
280,2,1,0.0,0.3001608,0.47664076,0.22319847,0.620165
280,2,2,0.0,0.0040209494,0.02045151,0.97552776,0.126375
280,2,0,5.960464477539063e-08,0.7316791,0.22690408,0.04141685,0.489625
142,2,2,0.0,0.18428439,0.12901337,0.68670225,0.255034
142,2,2,0.0,0.26896882,0.21805483,0.51297647,0.487629
142,2,0,0.0,0.7586875,0.15825287,0.0830597,0.155187
142,2,0,0.0,0.63151425,0.04944811,0.3190376,0.370977
142,2,0,2.9802322387695312e-08,0.9288942,0.04231459,0.028791223,0.141977
307,2,2,0.0,0.021705067,0.06132613,0.9169688,0.465191
307,2,2,0.0,0.393725,0.12832579,0.47794944,0.239659
307,2,2,0.0,0.104651205,0.22699672,0.6683522,0.88243
307,2,2,0.0,0.38683987,0.054869246,0.55829096,0.513884
307,2,2,0.0,0.02274614,0.20009573,0.7771582,0.771208
307,2,0,5.960464477539063e-08,0.5805368,0.33801085,0.081452556,0.00647
307,2,1,0.0,0.012370718,0.86767095,0.11995845,0.477447
317,2,1,0.0,0.2795503,0.7138727,0.006577028,0.203891
317,2,1,0.0,0.41222933,0.5644846,0.023286128,0.924868
317,2,1,0.0,0.46619686,0.50792503,0.025878184,0.914642
317,2,1,0.0,0.22290313,0.7479298,0.029167084,0.904417
317,2,1,0.0,0.1958826,0.7482959,0.055821616,0.894191
317,2,2,0.0,0.02633504,0.050194487,0.92347056,0.546524
317,2,1,0.0,0.2529725,0.7425271,0.0045004827,0.644952
317,2,1,0.0,0.3966005,0.563404,0.039995488,0.763333
317,2,1,0.0,0.13505402,0.8027305,0.062215667,0.72061
317,2,1,0.0,0.08618237,0.53520703,0.37861067,0.677887
282,2,1,0.0,0.32154784,0.63414145,0.0443108,0.3149
282,2,2,0.0,0.09711878,0.34307873,0.55980253,0.568997
282,2,1,0.0,0.20985281,0.7740876,0.016059618,0.44385
282,2,1,0.0,0.22758229,0.73560256,0.03681515,1.23508
282,2,2,0.0,0.26613247,0.30311266,0.43075496,1.174947
282,2,2,0.0,0.028753296,0.16013372,0.811113,0.379444
282,2,1,0.0,0.17098276,0.8166705,0.012346732,0.728045
282,2,1,0.0,0.22793868,0.6317688,0.14029266,1.380023
282,2,1,0.0,0.06617431,0.6018691,0.3319566,0.792697
282,2,1,0.0,0.064111926,0.61802226,0.3178659,0.189891
282,2,1,0.0,0.19522105,0.7967301,0.008049053,0.035849
282,2,1,0.0,0.24502598,0.7157232,0.039250962,0.570674
26,2,2,0.0,0.0040877443,0.0075873397,0.9883251,0.185323
26,2,2,0.0,0.0020203327,0.020704262,0.9772755,0.146851
26,2,2,0.0,0.005735924,0.028028874,0.9662353,0.531529
26,2,2,0.0,0.0015082824,0.007354193,0.99113756,0.609334
26,2,2,0.0,0.0057393494,0.007863558,0.98639715,0.18141
26,2,2,0.0,0.022106795,0.22855817,0.7493351,0.482049
89,0,2,0.0,0.0014229004,0.0107926885,0.98778445,0.163971
89,0,2,0.0,0.09290655,0.20185567,0.7052379,0.727064
89,0,0,0.0,0.4207433,0.41202825,0.16722855,0.211191
89,0,0,0.0,0.8593985,0.11024065,0.030360859,0.497038
89,0,0,0.0,0.699205,0.25316688,0.047628153,0.8148
89,0,0,0.0,0.8746548,0.10644688,0.0188985,0.116271
89,0,0,0.0,0.93563575,0.05438931,0.009974964,0.099218
389,0,0,0.0,0.64662343,0.08122471,0.272152,0.384194
389,0,0,0.0,0.86120474,0.06279672,0.075998664,0.40837
389,0,0,0.0,0.9200086,0.037009265,0.04298241,0.12678
389,0,0,0.0,0.9664631,0.02056048,0.012976609,0.662024
389,0,0,4.470348358154297e-08,0.96805686,0.023079747,0.008863362,1.273255
389,0,0,7.450580596923828e-09,0.9794294,0.013934602,0.0066360566,1.09067
389,0,0,0.0,0.97607344,0.017456332,0.006470246,0.0913
389,0,0,0.0,0.97790855,0.016118608,0.005972995,0.683036
389,0,0,0.0,0.9731774,0.021009982,0.005812635,1.682815
389,0,0,0.0,0.9750387,0.018840697,0.006120609,1.055189
389,0,0,0.0,0.9720304,0.021589357,0.0063803606,0.055819
389,0,0,0.0,0.9753026,0.018591316,0.0061062113,0.704048
389,0,0,0.0,0.9799286,0.015943754,0.0041277744,1.703828
389,0,0,0.0,0.97405756,0.021323781,0.0046186266,1.019709
389,0,0,1.4901161193847656e-08,0.9689841,0.02552958,0.005486379,0.020339
389,0,0,0.0,0.9825773,0.013702026,0.0037207443,0.725061
389,0,0,0.0,0.97523606,0.020243028,0.0045209373,1.72484
389,0,0,0.0,0.96868896,0.02663344,0.004677734,0.984228
389,0,0,0.0,0.9845075,0.011715666,0.0037769417,0.746073
389,0,0,0.0,0.97405064,0.0203138,0.005635594,1.745852
389,0,0,0.0,0.9643222,0.029746857,0.005930988,0.948748
389,0,0,0.0,0.9616229,0.025566109,0.012811064,0.767085
389,0,0,0.0,0.96828336,0.020480186,0.011236447,0.766691
389,0,0,1.4901161193847656e-08,0.9606377,0.027293008,0.012069378,0.742268
32,0,1,0.0,0.0036140536,0.7140737,0.28231227,0.076494
32,0,2,0.0,0.0006910684,0.0066968575,0.99261224,0.09889
32,0,2,0.0,0.0006300527,0.0050614937,0.99430853,0.121286
32,0,2,0.0,0.00234049,0.006761165,0.9908983,0.143683
32,0,2,0.0,0.008151494,0.040099837,0.95174885,0.166079
32,0,2,0.0,0.0026166886,0.011297947,0.9860854,0.188475
32,0,2,0.0,0.0034244314,0.0023521592,0.99422354,0.210872
32,0,2,5.960464477539063e-08,0.07086161,0.1656226,0.7635159,0.655262
32,0,2,5.960464477539063e-08,0.08560628,0.18265978,0.7317339,1.098639
32,0,2,0.0,0.09658003,0.18500857,0.7184116,1.121036
32,0,2,5.960464477539063e-08,0.13197866,0.20594312,0.6620784,1.143432
32,0,2,5.960464477539063e-08,0.15211153,0.26522866,0.58265984,1.165828
32,0,2,0.0,0.057362452,0.12645479,0.8161827,1.188225
32,0,2,0.0,0.013355768,0.011169411,0.9754749,0.500435
32,0,2,0.0,0.2712143,0.29543522,0.43335056,0.606499
32,0,2,0.0,0.32547784,0.24577957,0.42874262,1.60531
32,0,0,0.0,0.36050376,0.28330237,0.35619396,2.120785
32,0,2,0.0,0.33016708,0.20838514,0.46144775,2.143181
32,0,2,1.1920928955078125e-07,0.18472944,0.24202852,0.5732421,2.165577
32,0,2,0.0,0.09380782,0.22592288,0.6802694,1.744765
32,0,0,0.0,0.5135682,0.1762058,0.3102261,0.786578
32,0,2,0.0,0.029616173,0.04102675,0.92935705,0.234472
32,0,2,0.0,0.0031219465,0.013552146,0.983326,0.317654
32,0,2,4.470348358154297e-08,0.0036204648,0.020896347,0.9754831,0.400836
32,0,2,0.0,0.037838582,0.049212873,0.91294867,0.484018
32,0,0,0.0,0.71330595,0.263342,0.023352295,0.120659
32,0,2,0.0,0.28101587,0.25944588,0.45953828,0.557737
32,0,2,0.0,0.31103843,0.22217265,0.466789,1.556547
32,0,2,0.0,0.29453194,0.2128735,0.4925947,2.555358
32,0,0,0.0,0.41137272,0.20633711,0.38229015,3.14293
32,0,0,0.0,0.492661,0.16493651,0.34240255,3.012572
32,0,2,0.0,0.10753151,0.16168123,0.7307873,2.135927
32,0,2,0.0,0.15070638,0.21995008,0.62934357,1.431354
32,0,0,0.0,0.51924545,0.2985829,0.18217163,1.231006
32,0,2,0.0,0.20692256,0.37699965,0.4160779,1.314188
32,0,1,0.0,0.23929225,0.46447945,0.29622835,1.397371
32,0,0,0.0,0.56589806,0.320639,0.11346296,1.227041
32,0,0,0.0,0.7244679,0.24695116,0.028580945,0.233419
32,0,0,1.1920928955078125e-07,0.4737638,0.22274351,0.3034928,0.508974
32,0,0,0.0,0.39425814,0.23850048,0.36724144,1.507784
32,0,0,0.0,0.4146414,0.23349386,0.35186484,2.506595
32,0,0,0.0,0.8352781,0.08270038,0.08202162,3.505405
32,0,2,0.0,0.3616119,0.25094453,0.38744363,3.536318
32,0,2,0.0,0.2527773,0.30779016,0.43943265,2.827037
32,0,2,0.0,0.14558466,0.2884898,0.5659256,2.340669
32,0,2,1.1920928955078125e-07,0.30956653,0.33112,0.35931358,2.227541
32,0,1,0.0,0.24448253,0.45955414,0.2959635,2.310723
32,0,1,0.0,0.27434793,0.4724436,0.25320852,2.333424
32,0,1,0.0,0.24824063,0.39905974,0.3526998,1.339802
32,0,0,0.0,0.75156945,0.21623552,0.032195024,0.346179
32,0,2,0.0,0.25809646,0.26886857,0.47303495,0.460211
32,0,2,0.0,0.26823053,0.24973395,0.48203564,1.459022
32,0,2,0.0,0.33382747,0.2267411,0.4394315,2.457832
32,0,0,0.0,0.49333078,0.13689707,0.36977226,3.456643
32,0,0,0.0,0.5265881,0.18749227,0.2859197,4.09513
32,0,2,0.0,0.27009186,0.23554854,0.4943597,3.663618
32,0,2,0.0,0.16405846,0.3309243,0.50501734,3.302831
32,0,0,0.0,0.36746454,0.3331892,0.29934633,3.224172
32,0,0,0.0,0.4452763,0.2946677,0.26005608,3.307257
32,0,0,0.0,0.44710684,0.3136172,0.23927608,2.446184
32,0,2,1.1920928955078125e-07,0.26940995,0.31730047,0.4132896,1.452562
32,0,1,0.0,0.32499492,0.38277647,0.29222867,0.45894
32,0,2,0.0,0.2649244,0.2904597,0.44461596,0.411449
32,0,0,0.0,0.42655605,0.24082696,0.33261698,1.410259
32,0,0,0.0,0.42489725,0.27241874,0.3026841,2.40907
32,0,0,0.0,0.5225434,0.20752841,0.26992822,2.958724
32,0,0,0.0,0.48333436,0.19891936,0.31774628,3.106041
32,0,0,0.0,0.42860112,0.28654304,0.28485596,3.253357
32,0,0,0.0,0.4402338,0.35209164,0.20767456,3.400673
32,0,0,0.0,0.4219496,0.33882234,0.23922814,3.666601
32,0,0,0.0,0.434478,0.31926787,0.2462542,3.552566
32,0,0,0.0,0.42514324,0.3389437,0.23591305,2.558944
32,0,2,0.0,0.20014338,0.3000131,0.49984363,1.565322
32,0,2,0.0,0.2303648,0.25679946,0.5128358,0.5717
32,0,2,5.960464477539063e-08,0.14920168,0.27432457,0.5764738,0.362686
32,0,2,0.0,0.2982542,0.28966072,0.4120851,1.361496
32,0,2,1.1920928955078125e-07,0.29971537,0.302181,0.39810368,1.822318
32,0,0,0.0,0.4414313,0.2754394,0.28312916,1.969635
32,0,2,0.0,0.34116012,0.23767202,0.4211679,2.116951
32,0,0,0.0,0.36326334,0.29671678,0.3400199,2.264267
32,0,0,0.0,0.4076832,0.3514493,0.2408675,2.413022
32,0,0,0.0,0.47934252,0.3553364,0.16532117,2.77452
32,0,0,0.0,0.4797292,0.3623643,0.1579067,3.401947
32,0,0,0.0,0.48662692,0.33048224,0.18289077,2.671704
32,0,2,0.0,0.258044,0.28232095,0.45963505,1.678082
32,0,2,5.960464477539063e-08,0.16031031,0.25021917,0.58947057,0.68446
32,0,2,0.0,0.25991842,0.24674085,0.49334076,0.313923
32,0,2,0.0,0.21582668,0.2533598,0.53081363,0.685912
32,0,2,0.0,0.21378751,0.2837199,0.50249255,0.833229
32,0,0,0.0,0.37627956,0.32404906,0.29967144,0.980545
32,0,0,0.0,0.79171467,0.16984373,0.03844171,1.127862
32,0,0,0.0,0.58745855,0.3199678,0.09257367,1.275178
32,0,0,0.0,0.5617957,0.29232413,0.14588027,1.441065
32,0,0,0.0,0.4697715,0.33516964,0.19505884,1.987952
32,0,0,0.0,0.6886798,0.24796323,0.063357,2.743517
32,0,0,0.0,0.7155042,0.2162587,0.06823703,2.784465
32,0,0,5.960464477539063e-08,0.5905084,0.2500979,0.15939383,1.790842
32,0,2,0.0,0.27065495,0.3169421,0.412403,0.79722
32,0,2,0.0,0.23761968,0.28206822,0.4803122,0.138772
32,0,2,0.0,0.17395486,0.2823921,0.5436531,0.286089
32,0,2,0.0,0.19055027,0.28079525,0.52865463,0.575033
32,0,1,0.0,0.40063438,0.41710407,0.1822617,1.430027
32,0,0,0.0,0.4747816,0.40112332,0.12409515,1.755248
32,0,0,0.0,0.52734154,0.33037174,0.14228679,1.907972
32,0,0,0.0,0.4884114,0.35039726,0.16119142,1.903603
32,0,1,0.0,0.36198023,0.40858507,0.22943486,0.909981
32,0,2,0.0,0.21447462,0.27874064,0.50678474,0.062625
32,0,2,0.0,0.2500251,0.34751436,0.40246063,0.614255
32,0,2,0.0,0.24580315,0.32007995,0.43411693,0.766979
32,0,2,0.0,0.25627196,0.3186462,0.4250818,0.919704
32,0,2,1.1920928955078125e-07,0.24522144,0.36575496,0.38902375,1.072428
32,0,0,0.0,0.41757223,0.36851713,0.2139107,1.022741
32,0,2,0.0,0.15404005,0.2156172,0.6303429,0.029119
32,0,2,0.0,0.2828707,0.30626655,0.4108627,0.084159
32,0,2,0.0,0.18445618,0.24571256,0.5698314,0.236884
32,0,2,0.0,0.36878318,0.16513346,0.46608353,0.141879
75,0,1,0.0,0.1576525,0.84072393,0.0016237748,0.405562
75,0,0,0.0,0.7006697,0.22601035,0.07331999,0.790076
75,0,0,0.0,0.82202244,0.17471275,0.0032649692,0.825931
75,0,1,5.21540641784668e-08,0.010690364,0.9883806,0.000929034,0.142046
75,0,1,0.0,0.02497957,0.9738163,0.0012042434,0.249608
75,0,0,0.0,0.8121199,0.1611356,0.026744554,1.237372
75,0,0,0.0,0.7098112,0.2861031,0.004085659,1.252074
75,0,1,0.0,0.00359669,0.9958849,0.0005184338,0.258928
75,0,1,0.0,0.02116192,0.9776964,0.0011418315,0.093654
75,0,0,0.0,0.7835456,0.21264939,0.0038050525,1.081418
75,0,0,0.0,0.651765,0.34321326,0.005021956,1.368956
75,0,1,0.0,0.0458373,0.95349604,0.00066661986,0.37581
75,0,1,0.0,0.24882032,0.7482019,0.0029778944,0.925464
75,0,1,1.4901161193847656e-08,0.054815285,0.9422142,0.0029706217,1.485838
75,0,1,0.0,0.012829366,0.9861645,0.0010061811,0.492693
75,0,0,0.0,0.635457,0.35201323,0.012529819,0.769509
75,0,1,0.0,0.034561332,0.9631883,0.002250459,0.914924
75,0,1,0.0,0.010214669,0.9892398,0.0005457136,0.609575
75,0,0,5.960464477539063e-08,0.80994475,0.17323923,0.01681604,0.237421
124,0,0,0.0,0.889207,0.07974136,0.031051721,0.102892
124,0,0,0.0,0.7855089,0.14852762,0.06596355,0.469704
124,0,0,5.960464477539063e-08,0.75398743,0.17631064,0.0697021,0.186146
124,0,0,0.0,0.71127033,0.18164425,0.10708551,0.836515
124,0,0,0.0,0.8745939,0.08374725,0.041658945,0.337014
124,0,0,0.0,0.7042882,0.20921654,0.08649536,0.39708
124,0,0,0.0,0.78739494,0.1477549,0.06485034,1.201745
124,0,0,0.0,0.88272285,0.07668176,0.04059533,0.703825
124,0,0,0.0,0.87428045,0.069537856,0.056181915,0.204324
124,0,0,0.0,0.7673704,0.17969938,0.052930348,0.608015
124,0,0,8.940696716308594e-08,0.8840763,0.095336094,0.020587578,1.412679
124,0,0,2.9802322387695312e-08,0.8810611,0.095183834,0.023755088,1.070637
124,0,0,0.0,0.95169264,0.03924384,0.009063466,0.571135
124,0,0,5.960464477539063e-08,0.9267952,0.060742542,0.012462238,0.071634
124,0,0,0.0,0.8560754,0.12637137,0.01755324,0.014285
124,0,0,0.0,0.89231884,0.094024144,0.013657075,0.818949
124,0,0,0.0,0.8936805,0.09194142,0.014378269,1.623613
124,0,0,0.0,0.9041319,0.084243566,0.011624544,1.437448
124,0,0,0.0,0.9428162,0.049241114,0.007942748,0.937947
124,0,0,0.0,0.92939705,0.058414526,0.01218838,0.438445
124,0,0,2.9802322387695312e-08,0.89944,0.08907379,0.011486249,0.225219
124,0,0,0.0,0.89101464,0.09635128,0.012634157,1.031704
124,0,0,0.0,0.940371,0.052652817,0.006976313,1.839056
124,0,0,0.0,0.94808,0.045069717,0.006850326,1.80426
124,0,0,2.9802322387695312e-08,0.86733454,0.10482401,0.027841462,1.304759
124,0,0,0.0,0.9030086,0.069658086,0.027333448,0.805257
124,0,0,0.0,0.9184686,0.060005937,0.02152566,0.305756
124,0,0,0.0,0.88093305,0.104738005,0.014329018,0.441634
124,0,0,0.0,0.9203701,0.069525674,0.010104348,1.248985
124,0,0,0.0,0.8914931,0.087883174,0.0206238,2.056336
124,0,0,0.0,0.8741662,0.09949604,0.026337974,2.171072
124,0,0,0.0,0.93122,0.051436342,0.017343909,1.67157
124,0,0,0.0,0.8313865,0.11725036,0.05136334,1.172069
124,0,0,0.0,0.85443604,0.096394956,0.049169023,0.672567
124,0,0,0.0,0.85586566,0.09294924,0.05118513,0.173066
124,0,0,0.0,0.913578,0.07500224,0.01141989,0.658914
124,0,0,0.0,0.8384276,0.12612906,0.035443526,1.446126
124,0,0,0.0,0.9088787,0.06742003,0.023701385,1.978629
124,0,0,0.0,0.83115524,0.12404874,0.0447961,1.419424
124,0,0,0.0,0.65027267,0.17921269,0.17051479,0.860219
124,0,0,0.0,0.7993352,0.11620141,0.08446342,0.301014
124,0,0,0.0,0.9176456,0.071750276,0.010604373,0.033342
124,0,0,0.0,0.9132385,0.07634521,0.010416512,0.707952
124,0,0,0.0,0.8849014,0.094221264,0.020877387,1.1496
124,0,0,0.0,0.8350434,0.11815979,0.04679688,0.590395
124,0,0,0.0,0.42106435,0.33516982,0.24376598,0.03119
124,0,0,0.0,0.62584656,0.19187623,0.18227744,0.320571
106,0,0,0.0,0.5623332,0.39656383,0.041103028,0.123193
106,0,0,5.960464477539063e-08,0.7734343,0.2002975,0.026268257,0.396551
106,0,0,0.0,0.70646286,0.25547245,0.03806478,0.674939
106,0,0,0.0,0.7108475,0.25004688,0.03910574,1.306739
106,0,0,0.0,0.8519644,0.12184657,0.026189134,0.894944
106,0,0,0.0,0.88472116,0.08898761,0.026291221,0.627731
106,0,0,0.0,0.76194394,0.21057153,0.027484577,0.363888
106,0,0,0.0,0.7122704,0.2551606,0.03256904,0.100045
106,0,0,0.0,0.6837569,0.2600952,0.056148008,0.392673
106,0,0,0.0,0.8367805,0.13895993,0.0242597,1.226685
106,0,0,0.0,0.82898855,0.14626169,0.0247498,2.060697
106,0,0,2.9802322387695312e-08,0.89995825,0.06549065,0.03455101,1.85614
106,0,0,0.0,0.91562957,0.029567681,0.054802857,1.592297
106,0,0,0.0,0.88286495,0.08235071,0.034784496,1.328454
106,0,0,0.0,0.8413063,0.1311204,0.027573371,1.064611
106,0,0,0.0,0.8469088,0.1288602,0.024231026,0.800768
106,0,0,0.0,0.734852,0.22942577,0.035722416,0.536925
106,0,0,0.0,0.7058081,0.26502076,0.029171243,0.273082
106,0,0,0.0,0.70003796,0.27111822,0.028843895,0.009239
106,0,0,0.0,0.56896806,0.34462532,0.08640667,0.110406
106,0,0,0.0,0.675198,0.25717902,0.067622975,0.944418
106,0,0,0.0,0.71607924,0.17532068,0.10860018,1.778431
106,0,0,0.0,0.67339945,0.19790749,0.12869316,2.612443
106,0,0,0.0,0.8408727,0.07525085,0.08387659,2.820705
106,0,0,0.0,0.8293628,0.0897264,0.08091094,2.556863
106,0,0,0.0,0.9092498,0.045893084,0.044857245,2.29302
106,0,0,0.0,0.908215,0.043567736,0.04821732,2.029177
106,0,0,2.9802322387695312e-08,0.8817431,0.07516001,0.043096982,1.765334
106,0,0,0.0,0.87898505,0.09267676,0.028338268,1.501491
106,0,0,0.0,0.8852858,0.08670313,0.028011125,1.237648
106,0,0,0.0,0.81672424,0.14906731,0.03420849,0.973805
106,0,0,0.0,0.75228417,0.20998871,0.03772718,0.709962
106,0,0,0.0,0.6847003,0.27455547,0.040744226,0.446119
106,0,0,0.0,0.6332868,0.31823793,0.048475493,0.182276
106,0,1,0.0,0.32957962,0.41982487,0.25059545,0.50522
106,0,2,0.0,0.1729527,0.12620312,0.7008442,1.275794
106,0,2,0.0,0.17604822,0.13359572,0.69035614,2.046369
106,0,0,2.9802322387695312e-08,0.87421674,0.06819988,0.05758342,2.816944
106,0,0,0.0,0.8042202,0.096293405,0.09948643,3.521428
106,0,0,0.0,0.8574814,0.0433843,0.099134326,3.257585
106,0,0,0.0,0.88228244,0.076528214,0.041189384,2.993742
106,0,0,0.0,0.91617745,0.04560467,0.03821782,2.7299
106,0,0,0.0,0.89809006,0.071790606,0.030119376,2.466057
106,0,0,0.0,0.8944059,0.07572579,0.029868431,2.202214
106,0,0,0.0,0.9070206,0.047526672,0.045452703,1.938371
106,0,0,0.0,0.76856536,0.19199495,0.039439783,1.674528
106,0,0,0.0,0.7101283,0.2371265,0.052745365,1.410685
106,0,0,0.0,0.64819187,0.3016926,0.050115682,1.146842
106,0,0,0.0,0.8931805,0.080458514,0.026361123,0.882999
106,0,0,0.0,0.5862663,0.37362814,0.040105667,0.475872
106,0,2,0.0,0.2630663,0.08808638,0.6488474,0.638445
106,0,2,0.0,0.22116031,0.08742766,0.69141215,1.40902
106,0,2,0.0,0.16066699,0.03487921,0.80445385,2.179595
106,0,0,0.0,0.9323551,0.029956622,0.037688356,2.950169
106,0,0,0.0,0.8453999,0.060111757,0.094488405,3.720744
106,0,0,0.0,0.9415942,0.030055605,0.028350353,3.950841
106,0,0,0.0,0.8971228,0.0640473,0.038829926,3.640954
106,0,0,0.0,0.90559953,0.032486834,0.06191377,3.331068
106,0,0,0.0,0.89777434,0.030331578,0.07189403,3.021181
106,0,0,0.0,0.8664908,0.096849814,0.036659427,2.711294
106,0,0,5.960464477539063e-08,0.7791301,0.1815723,0.03929777,2.401408
106,0,0,0.0,0.73708457,0.2198924,0.043023072,2.091521
106,0,0,0.0,0.87039864,0.09716874,0.03243272,1.781634
106,0,0,0.0,0.806807,0.16123778,0.03195525,1.260599
106,0,0,0.0,0.5080531,0.45576525,0.036181763,0.279974
106,0,0,0.0,0.40937048,0.21244542,0.3781841,0.001095
106,0,2,1.1920928955078125e-07,0.335036,0.2573907,0.40757328,0.77167
106,0,2,0.0,0.14254785,0.041950192,0.8155021,1.542245
106,0,2,0.0,0.14185905,0.026994793,0.8311463,2.31282
106,0,2,0.0,0.27173334,0.0440649,0.68420184,3.083395
106,0,0,0.0,0.90713257,0.028411964,0.064455636,3.000067
106,0,0,2.9802322387695312e-08,0.8806321,0.048130877,0.07123697,2.690181
106,0,0,0.0,0.8776193,0.036623385,0.08575733,2.380294
106,0,0,0.0,0.85548073,0.048029695,0.09648967,2.070407
106,0,0,0.0,0.9342958,0.035681363,0.03002299,1.760521
106,0,0,0.0,0.7884876,0.18035379,0.03115879,1.450634
106,0,0,0.0,0.7666915,0.19544087,0.037867706,1.140748
106,0,0,0.0,0.86475754,0.110530145,0.024712559,0.830861
106,0,0,0.0,0.50776637,0.41602302,0.076210774,0.520974
106,0,1,0.0,0.21856576,0.7282772,0.053157292,0.084077
106,0,0,0.0,0.73741686,0.1598257,0.102757476,0.134321
106,0,2,0.0,0.09918714,0.07636232,0.8244506,0.904895
106,0,2,0.0,0.21354324,0.031877346,0.75457954,1.67547
106,0,2,0.0,0.22693697,0.020927422,0.75213575,2.35918
106,0,0,8.940696716308594e-08,0.84090674,0.0149850575,0.1441082,2.049294
106,0,0,0.0,0.8831467,0.009641981,0.107211284,1.739407
106,0,0,0.0,0.88773495,0.031583782,0.080681406,1.429521
106,0,0,2.9802322387695312e-08,0.8880689,0.030188099,0.08174296,1.119634
106,0,2,5.960464477539063e-08,0.43007383,0.12649563,0.44343063,0.809747
106,0,0,0.0,0.6239806,0.33001605,0.046003506,0.499861
106,0,0,0.0,0.69022083,0.24215561,0.06762356,0.189974
106,0,0,0.0,0.7474643,0.15240109,0.1001348,0.267546
106,0,0,0.0,0.83994293,0.10204776,0.058009546,1.038121
106,0,2,0.0,0.35275584,0.02360315,0.62364113,1.408407
106,0,0,0.0,0.9319915,0.009667486,0.05834122,1.09852
106,0,0,0.0,0.8307324,0.10149494,0.06777278,0.788634
106,0,0,0.0,0.75736535,0.16386561,0.078769155,0.478747
106,0,0,0.0,0.7262909,0.19630195,0.07740721,0.16886
106,0,0,0.0,0.40846345,0.23344682,0.35808995,0.400771
106,0,0,0.0,0.80124664,0.1584943,0.040259242,0.457633
106,0,0,0.0,0.7626325,0.17230299,0.06506468,0.147747
378,0,0,0.0,0.8492203,0.10564809,0.04513179,0.032419
378,0,0,0.0,0.90071595,0.07021912,0.029065143,0.248845
378,0,0,0.0,0.9162994,0.06658937,0.01711127,0.496491
378,0,0,0.0,0.9283449,0.055046108,0.016608935,0.873662
378,0,0,0.0,0.90636927,0.0751319,0.018498829,0.074764
378,0,0,0.0,0.93164307,0.056161594,0.012195297,0.960562
378,0,0,0.0,0.9291907,0.057488482,0.013320941,0.422253
378,0,0,0.0,0.87498015,0.09739405,0.02762579,0.538836
378,0,0,5.960464477539063e-08,0.91609305,0.06776388,0.016142966,0.86316
378,0,0,0.0,0.8743405,0.09870554,0.026954116,0.117109
378,0,0,2.9802322387695312e-08,0.8824339,0.095160306,0.022405876,1.002907
378,0,0,0.0,0.8831234,0.09551467,0.021362077,0.41175
378,0,0,0.0,0.86089516,0.10671295,0.032391958,0.581181
378,0,0,0.0,0.85847396,0.109254986,0.03227107,0.852657
378,0,0,0.0,0.5969072,0.22783294,0.17525989,0.004758
378,0,0,0.0,0.62261826,0.24696745,0.13041435,0.313012
35,0,0,0.0,0.70843655,0.13716912,0.15439422,0.245873
35,0,0,0.0,0.68601704,0.17119008,0.14279304,0.263033
35,0,0,0.0,0.58662635,0.07372404,0.33964968,0.22284
35,0,0,0.0,0.5111406,0.114913195,0.37394634,0.182648
35,0,0,0.0,0.93458,0.045646865,0.019773157,0.266676
35,0,0,2.9802322387695312e-08,0.9264112,0.05325122,0.020337556,1.262225
35,0,0,0.0,0.9894292,0.0073194564,0.0032515642,1.222032
35,0,0,0.0,0.98281485,0.012741211,0.0044439565,0.650526
35,0,0,0.0,0.9278156,0.039480492,0.03270399,0.287478
35,0,0,0.0,0.9154722,0.06383099,0.020696959,1.287262
35,0,0,0.0,0.9883561,0.008885329,0.0027586154,1.709397
35,0,0,0.0,0.9728508,0.016967896,0.010181359,0.715349
35,0,0,0.0,0.7998379,0.027104331,0.17305793,0.308281
35,0,0,0.0,0.90718484,0.042378675,0.0504366,1.308064
35,0,0,0.0,0.98760384,0.0073571284,0.0050390377,1.820452
35,0,0,0.0,0.97287756,0.013803592,0.013318882,0.826668
35,0,2,0.0,0.11438455,0.030315718,0.8553,0.329083
35,0,0,0.0,0.7448239,0.034931,0.22024524,1.328867
35,0,0,0.0,0.9687841,0.008063094,0.023152918,1.414988
35,0,0,0.0,0.9830684,0.004853212,0.012078383,0.937987
35,0,2,0.0,0.00414806,0.036319867,0.9595322,0.349886
35,0,2,1.4901161193847656e-08,0.011465674,0.01886591,0.9696685,0.393138
35,0,0,0.0,0.75771904,0.036180418,0.20610063,0.499535
35,0,0,0.0,0.9385835,0.008139601,0.05327685,1.049305
35,0,0,0.0,0.72473735,0.059218746,0.21604398,0.055521
35,0,2,5.960464477539063e-08,0.21592261,0.08743202,0.6966454,0.264743
35,0,0,0.0,0.9458457,0.008215833,0.045938477,1.160624
35,0,0,5.960464477539063e-08,0.7484485,0.03725872,0.21429284,0.16684
35,0,2,0.0,0.14932568,0.03702966,0.81364465,0.165132
35,0,0,0.0,0.94312257,0.005941677,0.050935883,1.160159
35,0,2,5.960464477539063e-08,0.44922656,0.07588353,0.47488996,0.278159
35,0,2,5.960464477539063e-08,0.15023933,0.14615236,0.70360833,0.065522
35,0,2,0.0,0.4000704,0.00780573,0.5921239,0.592726
35,0,2,0.0,0.009838768,0.004581227,0.98558015,0.389477
129,0,0,5.960464477539063e-08,0.9432531,0.041443087,0.015303698,0.406779
129,0,0,0.0,0.94309616,0.043290865,0.0136131765,0.549552
129,0,0,0.0,0.978264,0.012521757,0.009214377,0.560984
129,0,0,5.960464477539063e-08,0.9676863,0.015872821,0.016440878,0.572417
129,0,0,0.0,0.96264505,0.031953767,0.00540128,0.400596
129,0,0,0.0,0.9152729,0.060888056,0.023839023,0.118521
129,0,0,0.0,0.96286386,0.029623518,0.0075128996,0.954912
129,0,0,0.0,0.9605175,0.032332692,0.0071498947,1.549486
129,0,0,5.960464477539063e-08,0.9801489,0.014554764,0.0052963193,1.560919
129,0,0,0.0,0.9743008,0.017641203,0.008058128,1.494767
129,0,0,7.450580596923828e-08,0.94818234,0.043146174,0.008671479,0.499688
129,0,0,0.0,0.90420645,0.046873905,0.048919864,0.042565
129,0,0,0.0,0.96295977,0.026713384,0.010327027,0.666654
129,0,0,1.4901161193847656e-08,0.9674792,0.025966402,0.006554396,1.503045
129,0,0,2.9802322387695312e-08,0.9659754,0.027722314,0.0063022217,2.339436
129,0,0,0.0,0.9589038,0.03338764,0.0077086054,2.560854
129,0,0,0.0,0.9636736,0.027010482,0.009316065,1.59386
129,0,0,0.0,0.9781375,0.01782537,0.004037172,0.598781
129,0,0,0.0,0.90121186,0.05515512,0.043633122,0.043209
129,0,0,5.960464477539063e-08,0.969308,0.018952597,0.01173922,1.00304
129,0,0,0.0,0.96755356,0.025404865,0.007041769,1.310177
129,0,0,0.0,0.9703351,0.023875559,0.0057891756,2.051178
129,0,0,4.470348358154297e-08,0.9661413,0.027568784,0.006289934,2.887569
129,0,0,0.0,0.963707,0.029872147,0.006421039,2.688031
129,0,0,5.960464477539063e-08,0.95937026,0.03291477,0.00771507,1.692952
129,0,0,0.0,0.89113814,0.09626761,0.01259429,0.697874
129,0,0,0.0,0.9628811,0.026265046,0.010854022,0.722462
129,0,0,0.0,0.97895,0.016902348,0.00414773,1.682293
129,0,0,0.0,0.97246945,0.023314098,0.0042164996,2.642125
129,0,0,0.0,0.9608079,0.031763524,0.0074286154,3.443452
129,0,0,0.0,0.95331377,0.038446423,0.008239955,2.787123
129,0,0,0.0,0.9547319,0.03593183,0.009336437,1.792045
129,0,0,0.0,0.8887343,0.099659994,0.011605774,0.796967
129,0,0,0.0,0.9020216,0.07164164,0.026336705,0.441884
129,0,0,0.0,0.95592827,0.03482961,0.009242266,1.401716
129,0,0,0.0,0.9449588,0.045819733,0.009221538,2.361547
129,0,0,0.0,0.959876,0.03199858,0.00812547,3.321378
129,0,0,0.0,0.9594852,0.032056138,0.008458846,2.886216
129,0,0,0.0,0.9713444,0.022302475,0.0063531166,1.891138
129,0,0,0.0,0.93540287,0.05682464,0.0077725626,0.89606
129,0,0,0.0,0.8991147,0.080330916,0.02055439,0.161306
129,0,0,0.0,0.9567146,0.034561496,0.008724089,1.121138
129,0,0,0.0,0.9570399,0.034900565,0.008059811,2.080969
129,0,0,0.0,0.9596777,0.031971604,0.008350811,2.953531
129,0,0,0.0,0.9613991,0.03039108,0.008210073,2.81965
129,0,0,0.0,0.9796808,0.015063563,0.0052557797,1.990231
129,0,0,0.0,0.9626302,0.031266112,0.006103778,0.995153
129,0,0,0.0,0.9125552,0.06750525,0.019939585,7.4e-05
129,0,0,0.0,0.9148058,0.06633633,0.01885804,0.84056
129,0,0,0.0,0.9126988,0.07028354,0.017017793,1.800391
129,0,0,0.0,0.9722949,0.022364048,0.0053411154,1.962534
129,0,0,7.450580596923828e-08,0.95714444,0.03268207,0.010173584,1.828653
129,0,0,4.470348358154297e-08,0.96125245,0.030865291,0.007882204,1.694772
129,0,0,2.9802322387695312e-08,0.9016182,0.08515638,0.013225567,1.094245
129,0,1,0.0,0.31145027,0.38979998,0.2987498,0.099167
129,0,0,0.0,0.8475939,0.09869441,0.05371185,0.559982
129,0,0,0.0,0.8589825,0.10183978,0.039177876,1.105417
129,0,0,0.0,0.88296527,0.080599226,0.03643548,0.971536
129,0,0,0.0,0.92530406,0.050959997,0.023736099,0.837655
129,0,0,0.0,0.8914457,0.08138828,0.027166076,0.703774
129,0,0,0.0,0.86872125,0.11039835,0.02088056,0.569893
129,0,0,0.0,0.6732582,0.2225256,0.104216374,0.19826
129,0,2,0.0,0.32210514,0.13809808,0.5397968,0.248301
129,0,0,0.0,0.4646078,0.17873207,0.35666013,0.11442
51,0,0,0.0,0.89171076,0.05371651,0.054572783,0.011413
51,0,0,0.0,0.83737475,0.1078153,0.054810125,0.324277
51,0,0,0.0,0.826218,0.11068645,0.06309559,0.315145
51,0,0,0.0,0.91903585,0.056824073,0.024140304,0.022622
51,0,0,0.0,0.9692602,0.021670094,0.009069848,0.335485
51,0,0,7.450580596923828e-08,0.9527327,0.031291865,0.015975466,0.648348
51,0,0,0.0,0.88404983,0.055243865,0.06070646,0.961212
51,0,0,0.0,0.8636114,0.10753568,0.028852891,1.274075
51,0,0,0.0,0.8299424,0.14472814,0.025329497,0.451316
51,0,0,0.0,0.6670151,0.23105086,0.10193408,0.415004
51,0,0,0.0,0.5607921,0.26858917,0.17061889,0.97242
51,0,0,0.0,0.75657624,0.19937246,0.044051368,1.065155
51,0,0,0.0,0.7974334,0.1598394,0.042727273,0.961918
51,0,0,5.960464477539063e-08,0.7870594,0.16881144,0.044129178,0.674591
51,0,0,0.0,0.5783734,0.35166174,0.06996491,0.472035
51,0,0,0.0,0.6600028,0.20783833,0.13215896,0.368944
51,0,0,0.0,0.7940083,0.10096114,0.105030626,0.173735
51,0,0,0.0,0.8779894,0.051447183,0.0705634,0.070498
374,0,0,0.0,0.9021555,0.07366437,0.024180219,0.217254
374,0,0,0.0,0.92257446,0.05947027,0.017955363,0.675589
374,0,0,0.0,0.8879714,0.08464398,0.027384808,0.808743
374,0,0,0.0,0.8854372,0.08636648,0.028196285,0.030696
374,0,0,0.0,0.9005508,0.07548806,0.02396128,0.210678
374,0,0,0.0,0.92512625,0.056416355,0.01845738,1.110939
374,0,0,0.0,0.92068136,0.062651396,0.016667325,0.506888
374,0,0,0.0,0.88021284,0.093552195,0.026235053,0.646029
374,0,0,0.0,0.8942568,0.08248356,0.023259727,0.98308
374,0,0,0.0,0.9453849,0.041630246,0.012985082,0.079168
374,0,0,0.0,0.87083244,0.10332632,0.025841393,0.181118
374,0,0,0.0,0.8817524,0.094426654,0.023821093,1.081379
374,0,0,0.0,0.88979185,0.08397471,0.026233539,0.55536
374,0,0,0.0,0.79723644,0.15298443,0.04977934,0.616469
374,0,0,0.0,0.8424353,0.119324476,0.0382403,1.031552
374,0,0,2.9802322387695312e-08,0.8833575,0.09281687,0.023825537,0.127641
374,0,0,0.0,0.7340755,0.19661452,0.06931012,0.257799
374,0,0,0.0,0.83527154,0.13033934,0.034389246,0.603833
347,0,2,0.0,0.009817099,0.012561406,0.9776215,0.475752
347,0,2,5.21540641784668e-08,0.0063811247,0.012199718,0.98141915,0.169147
347,0,2,0.0,0.011198972,0.017215947,0.9715853,0.683902
347,0,2,4.470348358154297e-08,0.004616645,0.013128152,0.98225516,0.196569
347,0,2,0.0,0.03617992,0.025546592,0.9382736,0.839673
347,0,2,0.0,0.028106023,0.022789638,0.94910437,0.29539
347,0,2,0.0,0.09534973,0.0777602,0.8268901,0.007651
347,0,2,0.0,0.3446644,0.05061309,0.6047226,0.995444
347,0,2,5.960464477539063e-08,0.27192995,0.028497837,0.6995722,0.83998
347,0,2,0.0,0.012527413,0.014705932,0.97276676,0.001277
347,0,2,0.0,0.10879895,0.103388615,0.7878125,0.163422
347,0,2,0.0,0.089409135,0.059458613,0.8511324,0.488055
347,0,2,0.0,0.027355067,0.01206981,0.9605752,0.553047
347,0,2,0.0,0.011532855,0.006992122,0.981475,0.545867
12,0,0,0.0,0.95876086,0.03591904,0.005320163,0.372757
12,0,0,0.0,0.9811377,0.0148459785,0.0040164366,0.703335
12,0,0,0.0,0.97899354,0.017638713,0.0033678524,0.268209
12,0,0,0.0,0.9641391,0.029686356,0.006174455,0.756753
12,0,0,0.0,0.94785494,0.045485526,0.0066596535,1.245296
12,0,0,0.0,0.950859,0.04296658,0.006174608,0.576256
12,0,0,0.0,0.9715552,0.0271956,0.0012493624,0.163662
12,0,0,0.0,0.96480954,0.029476127,0.0057144742,0.652205
12,0,0,0.0,0.9636859,0.031888116,0.0044261646,1.140749
12,0,0,0.0,0.94032824,0.052229244,0.0074424646,1.629292
12,0,0,0.0,0.93850243,0.055586226,0.0059114555,1.441071
12,0,0,0.0,0.927608,0.06521164,0.007180518,0.449178
12,0,0,0.0,0.9899332,0.008598501,0.0014682886,0.059114
12,0,0,0.0,0.9791083,0.018657625,0.0022341376,0.547658
12,0,0,0.0,0.9738208,0.02203172,0.004147603,1.036201
12,0,0,0.0,0.9752116,0.021648673,0.0031398511,1.524745
12,0,0,0.0,0.963812,0.032083135,0.004105003,2.013288
12,0,0,0.0,0.9457112,0.048678394,0.005610607,2.305885
12,0,0,5.960464477539063e-08,0.93579113,0.057944935,0.0062637688,1.313992
12,0,0,0.0,0.94208664,0.05154768,0.0063656676,0.322099
12,0,0,0.0,0.98556715,0.010903535,0.0035292301,0.44311
12,0,0,0.0,0.97496223,0.021034246,0.004003564,0.931653
12,0,0,0.0,0.96386766,0.03189477,0.004237676,1.420197
12,0,0,1.4901161193847656e-08,0.9609342,0.034766298,0.004299492,1.908741
12,0,0,0.0,0.9682657,0.027839145,0.0038952068,2.397284
12,0,0,0.0,0.95201546,0.042783696,0.005200883,2.885828
12,0,0,4.470348358154297e-08,0.9389445,0.05511382,0.0059417365,2.178806
12,0,0,0.0,0.92631525,0.06585715,0.007827714,1.186914
12,0,0,5.960464477539063e-08,0.92909735,0.062165886,0.008736802,0.195021
12,0,0,5.587935447692871e-08,0.9900214,0.008049572,0.0019289847,0.338562
12,0,0,0.0,0.96072257,0.033348538,0.0059289606,0.827106
12,0,0,5.21540641784668e-08,0.97671616,0.020095939,0.003187711,1.315649
12,0,0,0.0,0.9628812,0.033107057,0.0040118066,1.804193
12,0,0,0.0,0.9665929,0.029401002,0.004006249,2.292737
12,0,0,1.4901161193847656e-08,0.95823544,0.036909033,0.0048555546,2.78128
12,0,0,0.0,0.9698816,0.026571626,0.0035468633,3.0995
12,0,0,0.0,0.9707708,0.026070306,0.0031590408,3.04362
12,0,0,7.450580596923828e-08,0.9530879,0.041910604,0.005001457,2.051728
12,0,0,0.0,0.9000187,0.08869125,0.011290165,1.059835
12,0,0,0.0,0.93584913,0.052776348,0.011374684,0.067942
12,0,0,0.0,0.9902494,0.0077217873,0.002028868,0.035575
12,0,0,0.0,0.972351,0.023649668,0.0039994367,0.999773
12,0,0,0.0,0.93619263,0.056542546,0.0072649275,1.265559
12,0,0,0.0,0.9594776,0.03534987,0.0051726582,1.435248
12,0,0,0.0,0.95658255,0.038314037,0.0051035024,1.604936
12,0,0,0.0,0.97720206,0.019540183,0.0032577985,1.774625
12,0,0,0.0,0.97140974,0.024060965,0.004529605,1.944314
12,0,0,0.0,0.97756773,0.018855577,0.003576603,2.114002
12,0,0,0.0,0.96507424,0.030715104,0.0042108013,2.283691
12,0,0,0.0,0.967177,0.029025486,0.0037976264,1.924649
12,0,0,0.0,0.87287426,0.11485405,0.012271908,0.932757
12,0,0,0.0,0.93746084,0.05507721,0.0074621267,0.110373
12,0,0,0.0,0.9294736,0.06365046,0.0068759276,0.280062
12,0,0,0.0,0.9143727,0.07618778,0.009439693,0.44975
12,0,0,0.0,0.9257905,0.066152625,0.00805709,0.619439
12,0,0,0.0,0.9518561,0.042101573,0.0060423193,0.789127
12,0,0,0.0,0.9633436,0.031659376,0.0049972828,0.958816
12,0,0,0.0,0.95056677,0.04317217,0.006261075,1.128504
12,0,0,0.0,0.959511,0.03512582,0.0053632883,1.298193
12,0,0,0.0,0.96545994,0.029007697,0.005532379,1.467882
12,0,0,0.0,0.8620077,0.11891015,0.019082336,0.805678
12,0,0,0.0,0.9081661,0.08188601,0.009947889,0.143007
12,0,0,0.0,0.9361944,0.058018,0.0057877097,0.312695
12,0,0,2.9802322387695312e-08,0.9206521,0.06797976,0.011368145,0.482384
12,0,0,0.0,0.89854634,0.08285697,0.018596768,0.652072
98,0,1,0.0,0.38162357,0.56196964,0.056406874,0.20628
98,0,0,0.0,0.6108759,0.33123398,0.057890203,0.045632
98,0,0,0.0,0.8010418,0.16247363,0.036484823,0.782257
98,0,0,0.0,0.8008375,0.17091683,0.028245758,0.482147
98,0,0,0.0,0.8113358,0.15860777,0.030056493,0.457384
98,0,0,0.0,0.9198171,0.06996523,0.010217826,0.919516
98,0,0,0.0,0.9132089,0.0775631,0.009228101,0.02839
98,0,0,0.0,0.90342385,0.056515437,0.040060796,0.064378
98,0,0,0.0,0.88761276,0.098499656,0.013887644,0.940135
98,0,0,0.0,0.9490646,0.043884084,0.0070513617,0.465759
98,0,0,8.940696716308594e-08,0.9198175,0.06504258,0.015139822,0.547129
98,0,0,0.0,0.8568012,0.113503166,0.029695744,0.903127
98,0,0,2.9802322387695312e-08,0.9619152,0.033392083,0.0046927533,0.012001
98,0,0,2.9802322387695312e-08,0.8580772,0.12105907,0.020863783,0.154122
98,0,0,5.960464477539063e-08,0.93771195,0.053103343,0.009184692,0.935263
98,0,0,0.0,0.94972324,0.040139984,0.010136937,0.44937
98,0,0,0.0,0.88652843,0.09641429,0.017057382,0.023215
120,0,0,0.0,0.40723845,0.37631282,0.21644881,0.033263
120,0,0,0.0,0.5329132,0.31022474,0.15686223,0.116811
120,0,0,0.0,0.82590246,0.1311476,0.042949896,0.20036
120,0,0,0.0,0.8273425,0.12740059,0.045257073,0.283909
120,0,0,0.0,0.8211574,0.14065976,0.03818302,0.367458
120,0,0,0.0,0.7227773,0.21513283,0.062089946,0.451006
120,0,0,0.0,0.947343,0.0432447,0.00941246,0.534555
120,0,0,0.0,0.98192465,0.015130866,0.002944477,0.175555
120,0,0,0.0,0.6593272,0.24100345,0.09966945,0.42463
120,0,0,0.0,0.69736093,0.23472053,0.067918636,1.113315
120,0,0,0.0,0.90812725,0.075945556,0.015927197,1.196864
120,0,0,0.0,0.9451592,0.045135267,0.009705563,1.280413
120,0,0,0.0,0.9776211,0.018087778,0.0042912485,1.363961
120,0,0,0.0,0.7172991,0.24102812,0.041672744,1.44751
120,0,0,1.4901161193847656e-08,0.9651352,0.030422311,0.0044424376,1.266275
120,0,0,0.0,0.9837293,0.013786607,0.0024842613,0.270823
120,0,0,0.0,0.7004979,0.21265553,0.08684664,0.323191
120,0,0,0.0,0.7485181,0.20275514,0.048726786,1.318032
120,0,0,0.0,0.9290027,0.059397947,0.011599384,2.193368
120,0,0,0.0,0.95441437,0.03692161,0.008664139,2.276916
120,0,0,1.4901161193847656e-08,0.9482176,0.041973714,0.009808719,2.360465
120,0,0,0.0,0.81639993,0.15522785,0.028372165,2.356995
120,0,0,1.4901161193847656e-08,0.9673387,0.02876751,0.003893844,1.361543
120,0,0,0.0,0.98297364,0.014545571,0.0024808145,0.366092
120,0,0,8.940696716308594e-08,0.8973681,0.08261168,0.020020233,0.221751
120,0,0,0.0,0.88523716,0.09819506,0.016567865,1.216593
120,0,0,0.0,0.94737333,0.044528212,0.008098621,2.211435
120,0,0,0.0,0.98509973,0.012168484,0.0027319111,3.206276
120,0,0,0.0,0.9593107,0.032915365,0.007774034,3.356969
120,0,0,0.0,0.8794736,0.10218659,0.018339941,2.452264
120,0,0,0.0,0.96810454,0.02786196,0.0040336545,1.456812
120,0,0,0.0,0.9860462,0.011573511,0.0023804249,0.46136
120,0,0,0.0,0.8528806,0.11888818,0.028231153,0.120312
120,0,0,0.0,0.85494614,0.12457152,0.020482512,1.115154
120,0,0,0.0,0.98395675,0.013500013,0.0025433912,2.109995
120,0,0,0.0,0.9850284,0.012249953,0.0027217316,3.104837
120,0,0,0.0,0.98129374,0.01598875,0.0027175818,3.542984
120,0,0,0.0,0.87211335,0.10782916,0.020057574,2.547532
120,0,0,1.4901161193847656e-08,0.9543204,0.040287357,0.005392255,1.55208
120,0,0,0.0,0.9817592,0.015617536,0.0026235015,0.556629
120,0,0,0.0,0.90621704,0.08344377,0.010339261,0.018873
120,0,0,0.0,0.90408623,0.08608521,0.009828626,1.013714
120,0,0,0.0,0.9823503,0.015115743,0.002534199,2.008556
120,0,0,0.0,0.9840535,0.013371273,0.0025754306,3.003398
120,0,0,5.21540641784668e-08,0.97665656,0.02048739,0.0028561119,3.638252
120,0,0,0.0,0.92650425,0.0657074,0.0077884714,2.6428
120,0,0,0.0,0.96394724,0.031340748,0.004712239,1.647349
120,0,0,1.4901161193847656e-08,0.9835387,0.01382924,0.0026320245,0.651897
120,0,0,0.0,0.934349,0.057874456,0.0077768257,0.912275
120,0,0,5.21540641784668e-08,0.9779798,0.01933203,0.0026880759,1.907117
120,0,0,0.0,0.97805065,0.019125655,0.0028237489,2.901958
120,0,0,0.0,0.9814647,0.01586766,0.002667731,3.521667
120,0,0,0.0,0.9387365,0.054152753,0.0071108765,2.738069
120,0,0,0.0,0.96917766,0.026444927,0.0043775155,1.742617
120,0,0,0.0,0.97179997,0.024167037,0.004033043,0.747166
120,0,0,0.0,0.84696966,0.1372356,0.015794843,0.810836
120,0,0,0.0,0.97545063,0.021460641,0.0030887413,1.805677
120,0,0,0.0,0.9782962,0.018825417,0.0028785362,2.564592
120,0,0,4.470348358154297e-08,0.9788939,0.018189048,0.0029170413,2.522551
120,0,0,5.960464477539063e-08,0.9598667,0.035198446,0.0049348343,2.480511
120,0,0,0.0,0.96894175,0.026578778,0.004479518,1.837886
120,0,0,0.0,0.9808393,0.01613227,0.003028461,0.842434
120,0,0,0.0,0.8602015,0.12744577,0.012352733,0.709396
120,0,0,0.0,0.96535313,0.029743461,0.0049034106,1.607517
120,0,0,0.0,0.9764289,0.02013803,0.0034331966,1.565476
120,0,0,0.0,0.9694162,0.026455088,0.0041287425,1.523435
120,0,0,0.0,0.95890963,0.03583571,0.00525481,1.481395
120,0,0,0.0,0.9437091,0.048558466,0.0077326237,1.439354
120,0,0,0.0,0.9590475,0.03526165,0.0056908983,0.937703
120,0,0,0.0,0.6692933,0.3111143,0.019592525,0.607957
120,0,0,0.0,0.85644406,0.13045488,0.013101205,0.608401
120,0,0,0.0,0.93892634,0.053410962,0.0076628136,0.56636
120,0,0,0.0,0.95399326,0.04009067,0.0059161084,0.524319
120,0,0,0.0,0.89867747,0.089306176,0.012016433,0.482279
120,0,0,0.0,0.90786546,0.081509694,0.010624979,0.440238
120,0,0,0.0,0.92446566,0.066139504,0.009394986,0.398197
120,0,0,8.940696716308594e-08,0.9270979,0.06325851,0.009643493,0.037519
123,0,0,0.0,0.48802328,0.28123194,0.23074475,0.09257
123,0,0,0.0,0.6249626,0.24822837,0.12680915,0.696803
123,0,0,5.960464477539063e-08,0.6361785,0.22234166,0.14147998,0.390339
123,0,0,0.0,0.7486581,0.18344475,0.0678973,0.020494
123,0,0,0.0,0.73985624,0.18179446,0.07834942,0.757112
123,0,0,0.0,0.76188195,0.17794104,0.060177073,0.688107
123,0,0,0.0,0.6546121,0.22643916,0.118948735,0.145737
123,0,0,0.0,0.7113124,0.22113423,0.06755347,0.080803
123,0,0,0.0,0.7415747,0.20743541,0.050989904,0.817421
123,0,0,0.0,0.8347383,0.13159439,0.03366735,0.985876
123,0,0,0.0,0.73551035,0.18738836,0.077101424,0.443505
123,0,0,0.0,0.83691275,0.12474718,0.03834015,0.141112
123,0,0,0.0,0.80266386,0.16120587,0.036130413,0.87773
123,0,0,0.0,0.918456,0.06305526,0.01848888,1.283645
123,0,0,0.0,0.7065488,0.20669496,0.08675631,0.741274
123,0,0,0.0,0.39596248,0.3819016,0.22213604,0.198903
123,0,0,0.0,0.6660312,0.2652181,0.06875079,0.201421
123,0,0,0.0,0.8617977,0.09766636,0.040536,0.938039
123,0,0,0.0,0.6504984,0.17132558,0.17817622,0.548021
123,0,0,0.0,0.4778421,0.1762486,0.3459094,0.26173
39,0,0,0.0,0.87203074,0.09892863,0.029040754,0.482665
39,0,0,0.0,0.92157024,0.062004335,0.016425557,0.791157
39,0,0,0.0,0.75747395,0.1685906,0.0739356,0.646003
39,0,0,0.0,0.45346618,0.39538842,0.15114555,0.197811
39,0,0,0.0,0.9135437,0.074605845,0.011850624,0.742074
39,0,0,0.0,0.9460205,0.047548275,0.0064312583,1.707842
39,0,0,0.0,0.79295075,0.14478348,0.062265787,1.067741
39,0,0,0.0,0.602232,0.31496733,0.0828007,0.075277
39,0,0,0.0,0.8754139,0.10974279,0.01484355,0.035715
39,0,0,0.0,0.91170233,0.075853646,0.012444049,1.001483
39,0,0,0.0,0.9476944,0.04502652,0.007279037,1.937672
39,0,0,5.960464477539063e-08,0.7427669,0.19284798,0.06438533,0.945207
39,0,0,0.0,0.79816824,0.16723004,0.034601837,0.295124
39,0,0,0.0,0.6822735,0.25105,0.066676535,1.260892
39,0,0,0.0,0.5473499,0.27603766,0.17661248,1.815138
39,0,0,0.0,0.4802632,0.30351353,0.21622336,0.822673
39,0,0,0.0,0.907146,0.05703342,0.03582074,0.554533
39,0,0,0.0,0.785988,0.16190435,0.052107792,1.5203
39,0,0,0.0,0.83436126,0.13288015,0.032758627,1.692604
39,0,0,0.0,0.5505813,0.21435584,0.23506294,0.700139
39,0,0,0.0,0.9696602,0.019571219,0.010768651,0.813941
39,0,0,0.0,0.94571877,0.04460682,0.009674675,1.779709
39,0,0,2.9802322387695312e-08,0.90545857,0.07830273,0.016238779,1.570069
39,0,0,0.0,0.6698031,0.21178986,0.118407145,0.577605
39,0,0,0.0,0.8207359,0.15565121,0.023613034,0.107583
39,0,0,0.0,0.8927288,0.09425339,0.013017934,1.012989
39,0,0,0.0,0.8959316,0.09001889,0.014049558,1.089764
39,0,0,0.0,0.8707858,0.10870691,0.020507501,1.166538
39,0,0,0.0,0.64351046,0.23957755,0.11691206,0.455071
39,0,0,0.0,0.8965994,0.08967597,0.013724559,0.01594
39,0,0,0.0,0.8870363,0.09434629,0.01861758,0.092715
39,0,0,0.0,0.84139884,0.121192664,0.03740853,0.16949
39,0,0,0.0,0.46151933,0.34468576,0.19379488,0.246265
130,0,0,0.0,0.89521766,0.075006865,0.0297756,0.017259
130,0,0,5.960464477539063e-08,0.9197527,0.06235973,0.017887527,0.194658
130,0,0,0.0,0.9265532,0.056442574,0.017004393,0.395228
130,0,0,0.0,0.96011007,0.031650495,0.008239597,0.595798
130,0,0,1.4901161193847656e-08,0.96108305,0.031493004,0.007424068,0.796368
130,0,0,0.0,0.9354753,0.052424915,0.012099989,0.37309
130,0,0,0.0,0.8604869,0.1279439,0.011569344,0.161153
130,0,0,0.0,0.96318,0.028993946,0.007826288,0.973767
130,0,0,0.0,0.9663684,0.027400712,0.0062310267,1.174337
130,0,0,8.940696716308594e-08,0.96605223,0.028141923,0.005805815,1.374907
130,0,0,0.0,0.9726705,0.022310773,0.0050189015,1.575478
130,0,0,0.0,0.9676457,0.02687989,0.0054745283,1.464647
130,0,0,5.960464477539063e-08,0.94604367,0.04556617,0.00839021,0.469285
130,0,0,0.0,0.96984,0.026461452,0.0036987015,0.059115
130,0,0,0.0,0.9620056,0.030766856,0.0072277416,1.053896
130,0,0,2.9802322387695312e-08,0.96794814,0.026754783,0.0052970643,2.048676
130,0,0,4.470348358154297e-08,0.9663812,0.028420458,0.0051982547,2.354587
130,0,0,0.0,0.96865463,0.026394656,0.0049508596,2.555157
130,0,0,8.940696716308594e-08,0.9628622,0.031519957,0.005617755,1.560842
130,0,0,0.0,0.9337264,0.055637024,0.010636831,0.56548
130,0,0,5.960464477539063e-08,0.9724375,0.022096239,0.0054663164,0.951858
130,0,0,0.0,0.96566206,0.028619157,0.0057189586,1.946639
130,0,0,0.0,0.96968246,0.025597751,0.004719878,2.941419
130,0,0,5.960464477539063e-08,0.9566481,0.037203267,0.006148618,2.6524
130,0,0,0.0,0.9636651,0.030924093,0.0054109152,1.657037
130,0,0,5.960464477539063e-08,0.95304406,0.039755568,0.0072002946,0.661675
130,0,0,1.4901161193847656e-08,0.94273424,0.046473928,0.010791928,0.849821
130,0,0,0.0,0.9674182,0.026572278,0.0060096206,1.844601
130,0,0,0.0,0.9709916,0.024208887,0.00479951,2.839382
130,0,0,0.0,0.97169703,0.023748174,0.004554749,2.748595
130,0,0,7.450580596923828e-08,0.9597904,0.034220845,0.0059888037,1.753232
130,0,0,0.0,0.95532894,0.037644643,0.0070266514,0.757869
130,0,0,2.9802322387695312e-08,0.93821734,0.05430205,0.0074806022,0.747783
130,0,0,0.0,0.97754836,0.01782509,0.004626604,1.742564
130,0,0,0.0,0.97638744,0.019217419,0.0043951916,2.737344
130,0,0,0.0,0.9702635,0.02475981,0.0049767294,2.844789
130,0,0,0.0,0.9610037,0.032254037,0.0067423726,1.849427
130,0,0,0.0,0.9692827,0.02396972,0.006747638,0.854064
130,0,0,2.9802322387695312e-08,0.9590189,0.032081515,0.008899512,0.645746
130,0,0,0.0,0.96577185,0.026352093,0.0078762565,1.640526
130,0,0,0.0,0.96621174,0.027572256,0.0062160697,2.635307
130,0,0,0.0,0.9667864,0.027594049,0.0056196973,2.940984
130,0,0,0.0,0.9745608,0.0199453,0.005493874,1.945622
130,0,0,0.0,0.98484343,0.010245576,0.004910989,0.950259
130,0,0,0.0,0.9702369,0.022971163,0.0067919362,0.543708
130,0,0,0.0,0.97995937,0.014643501,0.005397266,1.538489
130,0,0,0.0,0.97824997,0.016891487,0.004858737,2.533269
130,0,0,0.0,0.97306216,0.021458622,0.005479255,3.037179
130,0,0,0.0,0.9737512,0.020795701,0.0054531973,2.041817
130,0,0,7.450580596923828e-09,0.9773326,0.015519626,0.007147829,1.046454
130,0,0,0.0,0.945898,0.03354097,0.020561071,0.051092
130,0,0,5.960464477539063e-08,0.9506904,0.042906918,0.006402542,0.44167
130,0,0,7.450580596923828e-09,0.9838859,0.012336986,0.0037771484,1.436451
130,0,0,0.0,0.9844107,0.012000257,0.0035891002,2.431232
130,0,0,6.705522537231445e-08,0.98533934,0.010596367,0.0040643527,2.782749
130,0,0,0.0,0.9764595,0.01837968,0.005160835,2.138012
130,0,0,0.0,0.9728497,0.01993042,0.0072200466,1.142649
130,0,0,0.0,0.9532184,0.02771147,0.019070292,0.147287
130,0,0,0.0,0.9578924,0.03646163,0.0056461324,0.339633
130,0,0,2.9802322387695312e-08,0.957975,0.035922844,0.0061022323,1.334414
130,0,0,0.0,0.9779645,0.017054422,0.00498106,2.047747
130,0,0,0.0,0.963481,0.028841969,0.007677161,1.811143
130,0,0,0.0,0.97189724,0.023721464,0.0043813367,1.574538
130,0,0,0.0,0.97168106,0.023402352,0.004916657,1.238844
130,0,0,0.0,0.97257894,0.018542781,0.008878222,0.243482
130,0,0,4.470348358154297e-08,0.9728972,0.023787461,0.003315414,0.237595
130,0,0,0.0,0.9706226,0.025895111,0.0034823648,1.232376
130,0,0,0.0,0.9534174,0.036440145,0.010142497,1.076141
130,0,0,1.4901161193847656e-08,0.97290957,0.018912796,0.008177593,0.839536
130,0,0,0.0,0.9572904,0.02614149,0.01656826,0.602932
130,0,0,0.0,0.92194754,0.025798123,0.052254282,0.366328
130,0,2,0.0,0.27702042,0.042606108,0.6803736,0.129723
130,0,0,0.0,0.94954735,0.048104987,0.002347621,0.135558
130,0,0,5.960464477539063e-08,0.9150472,0.082038924,0.0029137689,0.341139
130,0,0,0.0,0.9721007,0.021076469,0.006822998,0.104535
422,0,0,0.0,0.8901444,0.09026685,0.019588994,0.022512
422,0,0,0.0,0.90659285,0.082912475,0.010494771,0.080311
422,0,0,0.0,0.9107217,0.07951764,0.00976083,0.13811
422,0,0,5.960464477539063e-08,0.91937685,0.07245197,0.008171162,0.195909
422,0,0,0.0,0.87097365,0.10117479,0.027851665,0.253708
422,0,0,0.0,0.8070173,0.13307263,0.059910145,0.311507
422,0,0,0.0,0.86642617,0.101486005,0.032087993,0.369305
422,0,0,0.0,0.7573513,0.18504243,0.05760623,0.427104
422,0,0,0.0,0.66183096,0.2565236,0.08164556,0.484903
422,0,0,0.0,0.860716,0.07768294,0.061601207,0.368791
422,0,0,0.0,0.7805795,0.17689417,0.042526532,0.731846
422,0,0,0.0,0.95618075,0.036556404,0.0072629564,0.789645
422,0,0,0.0,0.9473962,0.044083286,0.008520651,0.847444
422,0,0,0.0,0.96075934,0.033096544,0.0061442717,0.905242
422,0,0,0.0,0.9514233,0.041206762,0.0073698955,0.963041
422,0,0,0.0,0.9383488,0.05134566,0.010305529,1.02084
422,0,0,0.0,0.93702984,0.05539702,0.0075732428,1.078639
422,0,0,0.0,0.9365011,0.055889945,0.0076090707,1.136438
422,0,0,0.0,0.90859216,0.07370221,0.017705789,1.194237
422,0,0,0.0,0.92287827,0.05860444,0.018517418,1.252036
422,0,0,0.0,0.89649314,0.073532574,0.029974224,1.309835
422,0,0,0.0,0.77686596,0.15213978,0.070994355,1.367634
422,0,0,0.0,0.7452078,0.17277542,0.0820169,1.417704
422,0,0,0.0,0.65361637,0.18503003,0.16135366,1.042321
422,0,0,0.0,0.62531716,0.16580646,0.2088764,0.049871
422,0,0,0.0,0.59854865,0.3441217,0.05732971,0.303793
422,0,0,0.0,0.90174246,0.083991475,0.014266343,1.301679
422,0,0,0.0,0.9390661,0.051545046,0.009388949,1.787973
422,0,0,0.0,0.95493567,0.038896777,0.0061676516,1.845772
422,0,0,0.0,0.957705,0.036670625,0.0056245117,1.903571
422,0,0,2.9802322387695312e-08,0.91744155,0.071696356,0.010862093,1.96137
422,0,0,0.0,0.92944354,0.06020201,0.0103544565,1.868501
422,0,0,0.0,0.88628167,0.095310524,0.01840787,1.021079
422,0,0,0.0,0.8828096,0.095756195,0.021434322,0.70288
422,0,0,0.0,0.89128107,0.08685971,0.02185947,0.646166
422,0,0,0.0,0.84590256,0.10932691,0.0447707,0.589453
422,0,0,0.0,0.72519493,0.21066098,0.06414429,0.53274
422,0,0,0.0,0.5416395,0.33421618,0.12414445,0.476027
422,0,0,0.0,0.6105548,0.25143862,0.13800675,0.419314
422,0,0,0.0,0.41326663,0.2989263,0.28780705,0.362601
422,0,0,0.0,0.3867482,0.2817861,0.33146578,0.305888
422,0,0,0.0,0.68110144,0.279156,0.039742537,0.238796
422,0,0,0.0,0.9124357,0.07540244,0.012162021,1.236682
422,0,0,0.0,0.9151813,0.071533345,0.013285462,2.234567
422,0,0,0.0,0.94236577,0.048143916,0.00949036,2.8441
422,0,0,5.960464477539063e-08,0.9544226,0.039180737,0.0063967807,2.901899
422,0,0,0.0,0.9546239,0.03859979,0.006776315,2.72681
422,0,0,0.0,0.9179169,0.067844406,0.014238771,1.726852
422,0,0,0.0,0.90137243,0.07792105,0.020706544,0.726894
422,0,0,2.9802322387695312e-08,0.843421,0.13878934,0.017789708,0.173799
422,0,0,0.0,0.79251534,0.17170449,0.03578019,1.171684
422,0,0,0.0,0.93893164,0.0503845,0.010684136,2.16957
422,0,0,0.0,0.89329,0.09008796,0.016622173,2.171469
422,0,0,2.9802322387695312e-08,0.9225809,0.06741635,0.010002704,2.127016
422,0,0,0.0,0.94024223,0.051529787,0.008228081,2.082564
422,0,0,0.0,0.89463186,0.085630596,0.019737493,1.736053
422,0,0,0.0,0.8994484,0.08215911,0.018392691,0.736095
422,0,0,0.0,0.7595957,0.2079386,0.032465864,0.108802
422,0,0,0.0,0.6614895,0.23274331,0.10576731,1.106687
422,0,0,0.0,0.89907855,0.08153275,0.019388685,1.216909
422,0,0,2.9802322387695312e-08,0.874289,0.10345724,0.022253837,1.172457
422,0,0,0.0,0.9032957,0.0822909,0.014413621,1.128005
422,0,0,0.0,0.92023516,0.065444104,0.014320758,1.083553
422,0,0,0.0,0.9098432,0.07097068,0.019186256,1.0391
422,0,0,0.0,0.9035868,0.07267209,0.023741193,0.745296
422,0,1,0.0,0.42052707,0.49232638,0.08714659,0.043804
422,0,0,0.0,0.83920443,0.1342427,0.026552932,0.26235
422,0,0,2.9802322387695312e-08,0.9362728,0.047601894,0.016125334,0.217898
422,0,0,5.960464477539063e-08,0.92272687,0.0600545,0.017218616,0.173446
422,0,0,0.0,0.9283919,0.056310583,0.015297468,0.128993
422,0,0,0.0,0.8836728,0.09115134,0.025175948,0.084541
422,0,0,0.0,0.90627766,0.06822257,0.025499986,0.040089
432,0,0,0.0,0.8220629,0.14119586,0.03674145,0.120957
432,0,0,0.0,0.81300473,0.15187354,0.03512187,0.925201
432,0,0,0.0,0.8971258,0.08176513,0.021109026,0.925201
432,0,0,0.0,0.9242085,0.0654635,0.01032812,0.925201
432,0,0,0.0,0.89988905,0.08611987,0.013991221,0.925201
432,0,0,0.0,0.90320396,0.0828654,0.013930742,0.925201
432,0,0,0.0,0.8870397,0.09768275,0.0152775,0.925201
432,0,0,0.0,0.8722226,0.11172772,0.016049705,0.925201
432,0,0,0.0,0.87412447,0.11034849,0.015527168,0.925201
432,0,0,0.0,0.9012067,0.08572981,0.0130636515,0.925201
432,0,0,0.0,0.9240142,0.06473607,0.011249818,0.925201
432,0,0,0.0,0.9152588,0.06034131,0.024399929,0.925201
432,0,0,0.0,0.487084,0.43988952,0.07302648,0.117446
432,0,0,0.0,0.81652886,0.116612636,0.0668585,0.184473
432,0,0,0.0,0.8553691,0.106714964,0.03791605,1.182454
432,0,0,0.0,0.9139916,0.06795831,0.018050127,1.925201
432,0,0,0.0,0.9106342,0.07712956,0.012236474,1.925201
432,0,0,0.0,0.9001872,0.08676202,0.013050764,1.925201
432,0,0,0.0,0.9131666,0.072338074,0.014495407,1.925201
432,0,0,0.0,0.90009785,0.08463656,0.015265704,1.925201
432,0,0,0.0,0.91372585,0.07446792,0.0118062645,1.925201
432,0,0,0.0,0.92539614,0.06468946,0.009914475,1.925201
432,0,0,0.0,0.87928236,0.1051534,0.015564269,1.925201
432,0,0,0.0,0.9162523,0.071397744,0.0123499185,1.925201
432,0,0,0.0,0.8822474,0.08522022,0.032532595,1.313637
432,0,0,0.0,0.5884907,0.3185207,0.09298862,0.338339
432,0,0,0.0,0.9389124,0.046569847,0.014517812,0.247989
432,0,0,0.0,0.93517697,0.052015327,0.012807795,1.24597
432,0,0,0.0,0.94256085,0.04935663,0.008082614,2.243951
432,0,0,0.0,0.933959,0.05644657,0.009594393,2.925201
432,0,0,0.0,0.9223332,0.068564616,0.00910226,2.925201
432,0,0,0.0,0.892704,0.09275532,0.014540876,2.925201
432,0,0,0.0,0.95756483,0.0363775,0.0060576843,2.925201
432,0,0,0.0,0.9513178,0.041431744,0.0072505656,2.925201
432,0,0,0.0,0.9499346,0.043022547,0.00704288,2.925201
432,0,0,0.0,0.9562759,0.03777435,0.005949987,2.925201
432,0,0,0.0,0.93517584,0.054984134,0.009840318,2.509829
432,0,0,0.0,0.9204736,0.061735705,0.017790683,1.534531
432,0,0,0.0,0.7665598,0.2015933,0.03184701,0.559233
432,0,0,0.0,0.91186374,0.068753,0.019383466,0.311505
432,0,0,0.0,0.900026,0.08074377,0.019230159,1.309486
432,0,0,1.4901161193847656e-08,0.95640814,0.038350735,0.0052411645,2.307467
432,0,0,0.0,0.9468686,0.047051568,0.006079796,3.305447
432,0,0,0.0,0.91009325,0.0785542,0.011352755,3.789204
432,0,0,2.9802322387695312e-08,0.9468223,0.04688737,0.0062903627,3.835729
432,0,0,5.960464477539063e-08,0.9585386,0.035683412,0.0057778633,3.882255
432,0,0,0.0,0.9367918,0.053961173,0.009247051,3.925201
432,0,0,0.0,0.9403167,0.051311154,0.008372202,3.925201
432,0,0,0.0,0.9639331,0.030867383,0.005199601,3.70602
432,0,0,0.0,0.95218754,0.04128363,0.006529126,2.730722
432,0,0,0.0,0.95872843,0.0337888,0.0074829315,1.755424
432,0,0,0.0,0.776527,0.18624532,0.037227906,0.780126
432,0,0,0.0,0.94278526,0.04020992,0.017005058,0.375021
432,0,0,0.0,0.94717205,0.041059658,0.011768303,1.373002
432,0,0,0.0,0.9774589,0.018988598,0.0035526555,2.370983
432,0,0,0.0,0.9834497,0.013825844,0.0027245842,2.743761
432,0,0,0.0,0.9647276,0.03049853,0.0047740713,2.790287
432,0,0,0.0,0.9597263,0.034881,0.005392877,2.836812
432,0,0,0.0,0.95844644,0.0354419,0.006111778,2.883338
432,0,0,0.0,0.9659619,0.028886033,0.0051521114,2.929863
432,0,0,0.0,0.96628094,0.028751245,0.004967874,2.976389
432,0,0,0.0,0.97258544,0.02316949,0.0042452095,3.022915
432,0,0,0.0,0.9660907,0.028453333,0.005456025,2.951616
432,0,0,0.0,0.9523975,0.039413914,0.008188609,1.976318
432,0,0,0.0,0.8584294,0.10572341,0.035847154,1.00102
432,0,0,0.0,0.63795906,0.33562854,0.026412388,0.025722
432,0,0,0.0,0.7907571,0.13810015,0.071142934,0.438537
432,0,0,0.0,0.9605087,0.0310225,0.008468917,1.436518
432,0,0,0.0,0.96324587,0.029922117,0.006832163,1.698318
432,0,0,0.0,0.97343534,0.021642305,0.004922559,1.744844
432,0,0,0.0,0.9556584,0.037614465,0.0067273397,1.791369
432,0,0,0.0,0.9546891,0.038988207,0.006322828,1.837895
432,0,0,1.4901161193847656e-08,0.96528167,0.029746437,0.0049719764,1.884421
432,0,0,0.0,0.97108215,0.024546817,0.0043712016,1.930946
432,0,0,0.0,0.9716759,0.024249608,0.0040747034,1.977472
432,0,0,7.450580596923828e-08,0.9679915,0.027003178,0.0050052837,2.023998
432,0,0,0.0,0.96250767,0.031638205,0.005854225,2.070523
432,0,0,0.0,0.96500725,0.028225595,0.006767283,2.117049
432,0,0,2.9802322387695312e-08,0.8859059,0.07703406,0.037059914,1.221914
432,0,0,0.0,0.6650994,0.30471456,0.030186068,0.246616
432,0,0,0.0,0.83793664,0.14399333,0.018070044,0.502053
432,0,0,0.0,0.9200583,0.06576094,0.014180703,0.652875
432,0,0,0.0,0.9273983,0.06287949,0.009722243,0.699401
432,0,0,0.0,0.93445534,0.05621983,0.009324985,0.745927
432,0,0,0.0,0.9229985,0.06719777,0.009803945,0.792452
432,0,0,0.0,0.9379436,0.053173225,0.008883231,0.838978
432,0,0,0.0,0.943832,0.047274545,0.008893688,0.885504
432,0,0,0.0,0.9461717,0.04546716,0.008361342,0.932029
432,0,0,0.0,0.9328199,0.057559237,0.009620987,0.978555
432,0,0,0.0,0.9323498,0.05795943,0.00969083,1.025081
432,0,0,0.0,0.93599516,0.05390336,0.010101577,1.071606
432,0,0,0.0,0.9525677,0.038522452,0.008909881,1.118132
432,0,0,0.0,0.8577286,0.10036674,0.04190482,1.164657
432,0,0,0.0,0.70346564,0.25393713,0.04259731,0.467509
432,0,0,0.0,0.9037525,0.08428607,0.011961512,0.026163
432,0,0,0.0,0.88879216,0.09645623,0.014751738,0.072689
432,0,0,0.0,0.9314723,0.054646045,0.013881724,0.119215
432,0,0,5.960464477539063e-08,0.9333845,0.046084218,0.020531207,0.16574
432,0,0,5.960464477539063e-08,0.81751865,0.17326438,0.009216952,0.212266
118,0,2,8.940696716308594e-08,0.0026570326,0.06866613,0.9286768,0.132568
118,0,0,0.0,0.73967165,0.13440688,0.12592153,0.718548
118,0,0,0.0,0.62199557,0.12305703,0.2549474,0.401405
118,0,0,0.0,0.408877,0.22049917,0.3706239,0.084261
118,0,0,0.0,0.9081136,0.073059745,0.018826777,0.595785
118,0,0,0.0,0.747414,0.090722926,0.16186306,1.48203
118,0,0,0.0,0.97621745,0.019950004,0.0038325891,1.150965
118,0,0,0.0,0.68849146,0.10062066,0.21088803,0.15185
118,0,0,0.0,0.81933415,0.118209355,0.062456504,0.172759
118,0,0,0.0,0.8601818,0.10542765,0.034390625,1.059003
118,0,0,0.0,0.9833337,0.014943344,0.001723077,1.945248
118,0,0,2.9802322387695312e-08,0.9655888,0.03164955,0.002761711,1.108906
118,0,0,0.0,0.9755869,0.012507572,0.0119055705,0.109791
118,0,0,0.0,0.70970786,0.14275654,0.1475357,0.635976
118,0,0,0.0,0.74885285,0.13114333,0.120003834,1.522221
118,0,0,0.0,0.89472395,0.08421579,0.02106029,2.065961
118,0,0,0.0,0.9627205,0.033272423,0.004007168,1.066846
118,0,0,0.0,0.97351116,0.016503802,0.00998509,0.067731
118,0,0,0.0,0.7309452,0.16905144,0.10000343,0.212949
118,0,0,0.0,0.90142494,0.07043344,0.028141573,0.769173
118,0,0,2.9802322387695312e-08,0.8996555,0.06845946,0.03188494,1.133098
118,0,0,4.470348358154297e-08,0.96261275,0.03253742,0.0048499596,1.497023
118,0,0,5.960464477539063e-08,0.95968455,0.029048344,0.011267013,1.024786
118,0,0,1.1920928955078125e-07,0.8546278,0.13407074,0.011301546,0.025671
118,0,0,1.4901161193847656e-08,0.9538342,0.030010128,0.016155688,0.20167
118,0,0,0.0,0.96323454,0.018597173,0.018168487,0.565595
118,0,0,0.0,0.7512579,0.12151975,0.1272225,0.929519
421,0,0,5.960464477539063e-08,0.86805016,0.12169963,0.010250135,0.329677
421,0,0,0.0,0.8898431,0.100114524,0.010042476,0.336173
421,0,0,0.0,0.96241754,0.03300658,0.0045760614,0.342669
421,0,0,0.0,0.96881443,0.026977511,0.004208176,0.349165
421,0,0,0.0,0.95522213,0.039145775,0.005632198,0.355661
421,0,0,0.0,0.96247023,0.032772213,0.0047576316,0.362157
421,0,0,0.0,0.9710334,0.024707181,0.004259525,0.368653
421,0,0,1.4901161193847656e-08,0.9730216,0.022866363,0.004112109,0.375149
421,0,0,2.9802322387695312e-08,0.9560209,0.03792878,0.0060502305,0.416607
421,0,0,0.0,0.94966316,0.04331468,0.00702227,0.477133
421,0,0,0.0,0.96824515,0.027544916,0.004210129,0.537658
421,0,0,5.960464477539063e-08,0.9562098,0.038922764,0.0048674652,0.598184
421,0,0,0.0,0.95245475,0.042351596,0.005193659,0.658709
421,0,0,0.0,0.9699055,0.026411513,0.0036830313,0.719235
421,0,0,0.0,0.9718931,0.024426743,0.0036802103,0.77976
421,0,0,0.0,0.9261837,0.06495272,0.008863789,0.444614
421,0,0,0.0,0.79833174,0.18097927,0.02068908,0.378651
421,0,0,0.0,0.9132032,0.07537986,0.0114172,1.084513
421,0,0,5.960464477539063e-08,0.9753496,0.021068094,0.0035821688,1.045075
421,0,0,0.0,0.98061657,0.016227793,0.0031556608,1.005638
421,0,0,0.0,0.9783849,0.017762778,0.0038525427,0.9662
421,0,0,0.0,0.9798164,0.016821679,0.0033620887,0.926762
421,0,0,5.960464477539063e-08,0.9805299,0.015957536,0.003512463,0.887324
421,0,0,5.21540641784668e-08,0.9823347,0.014035289,0.003629974,0.847886
421,0,0,0.0,0.9768089,0.020140706,0.0030504398,0.941777
421,0,0,0.0,0.97434705,0.022260677,0.0033925711,1.475299
421,0,0,0.0,0.9795309,0.017478546,0.0029907543,1.535825
421,0,0,0.0,0.9766693,0.01969478,0.0036361152,1.59635
421,0,0,0.0,0.9794456,0.017722895,0.0028316122,1.656876
421,0,0,7.450580596923828e-08,0.9699213,0.026192911,0.0038858312,1.717402
421,0,0,0.0,0.9716954,0.024396107,0.0039085005,1.526469
421,0,0,2.9802322387695312e-08,0.9396063,0.052347567,0.0080460915,0.530132
421,0,0,0.0,0.7984502,0.18237649,0.019173324,0.124729
421,0,0,5.960464477539063e-08,0.9182688,0.06367181,0.018059459,0.085291
421,0,0,2.9802322387695312e-08,0.8790104,0.10732302,0.013666698,0.045853
421,0,0,0.0,0.6831113,0.2975829,0.01930576,0.006416
421,0,0,0.0,0.9722437,0.024527874,0.003228332,0.446815
421,0,0,0.0,0.9768115,0.02010687,0.0030816195,1.446564
421,0,0,7.450580596923828e-09,0.9819967,0.015232466,0.0027707585,2.346146
421,0,0,0.0,0.975368,0.021135135,0.0034968313,2.286721
421,0,0,4.470348358154297e-08,0.97063315,0.025552908,0.0038139333,2.227296
421,0,0,0.0,0.96985525,0.026422106,0.0037228402,2.167871
421,0,0,0.0,0.9776975,0.018969689,0.0033329483,1.611987
421,0,0,0.0,0.9065677,0.08004963,0.013382736,0.61565
421,0,0,0.0,0.96814924,0.029005041,0.002845764,0.424396
421,0,0,0.0,0.9787676,0.018183986,0.003048606,1.407338
421,0,0,4.470348358154297e-08,0.9711119,0.025008304,0.0038797953,1.347913
421,0,0,0.0,0.96597105,0.029364059,0.0046651256,1.288488
421,0,0,0.0,0.9647293,0.030044006,0.005226811,1.229063
421,0,0,1.4901161193847656e-08,0.9695525,0.025567858,0.00487964,1.169638
421,0,0,0.0,0.96841335,0.026447779,0.0051389653,1.110213
421,0,0,0.0,0.9547014,0.035780918,0.009517882,0.701168
421,0,0,0.0,0.85874367,0.12888718,0.012369302,0.401977
421,0,0,0.0,0.8800439,0.10734257,0.012613679,0.409105
421,0,0,0.0,0.88680786,0.102240294,0.010951928,0.34968
421,0,0,0.0,0.7940769,0.1863975,0.01952571,0.290255
421,0,0,0.0,0.73825705,0.18908717,0.07265586,0.23083
421,0,0,0.0,0.7392874,0.1761468,0.08456586,0.171405
421,0,0,0.0,0.64800465,0.16260625,0.18938911,0.11198
421,0,0,0.0,0.40971997,0.20123172,0.38904843,0.052555
60,0,0,0.0,0.8028704,0.16778372,0.029345965,0.33232
60,0,0,0.0,0.7058325,0.25123626,0.042931292,0.139811
60,0,0,0.0,0.9025799,0.074364096,0.02305606,0.96748
60,0,0,0.0,0.9178609,0.06644355,0.015695643,1.121106
60,0,0,0.0,0.8677692,0.109735064,0.022495935,0.928598
60,0,0,0.0,0.8562376,0.11853396,0.025228513,0.736089
60,0,0,0.0,0.73449516,0.22150749,0.04399743,0.54358
60,0,0,0.0,0.75403047,0.2247192,0.021250378,0.351072
60,0,0,0.0,0.90125567,0.07086432,0.027880067,0.202599
60,0,0,0.0,0.93486637,0.05015801,0.014975743,1.1798
60,0,0,0.0,0.9451875,0.043570273,0.011242354,2.102402
60,0,0,0.0,0.9421875,0.04677661,0.011035972,1.909893
60,0,0,0.0,0.9219647,0.06307553,0.0149598345,1.717384
60,0,0,0.0,0.91123915,0.073655866,0.0151049355,1.524876
60,0,0,0.0,0.63819075,0.31218028,0.049628958,0.801314
60,0,0,0.0,0.881525,0.089018635,0.029456433,0.414919
60,0,0,7.450580596923828e-08,0.9626867,0.029080816,0.008232399,1.392119
60,0,0,0.0,0.95048994,0.039406408,0.010103707,2.369319
60,0,0,0.0,0.969404,0.026927479,0.0036686007,2.891188
60,0,0,0.0,0.938646,0.049766704,0.011587481,2.628041
60,0,0,0.0,0.9146237,0.07299576,0.0123806195,1.63943
60,0,0,0.0,0.8258862,0.15738687,0.016726999,0.65082
60,0,0,0.0,0.8782627,0.09530362,0.02643379,0.627239
60,0,0,0.0,0.93305933,0.059604086,0.0073365574,1.604439
60,0,0,0.0,0.94825375,0.044619817,0.007126433,2.581639
60,0,0,7.450580596923828e-08,0.95015585,0.042738125,0.007106104,3.466157
60,0,0,0.0,0.93458694,0.05316051,0.012252647,2.477547
60,0,0,0.0,0.94557035,0.045785017,0.008644689,1.488936
60,0,0,0.0,0.96896285,0.026175419,0.004861761,0.500325
60,0,0,0.0,0.90073436,0.07972993,0.019535752,0.839558
60,0,0,0.0,0.9192462,0.06682033,0.013933585,1.816759
60,0,0,0.0,0.94245756,0.04750516,0.0100373,2.350135
60,0,0,0.0,0.9833045,0.012997236,0.0036983227,2.572452
60,0,0,0.0,0.9573967,0.03355848,0.00904498,2.327052
60,0,0,0.0,0.91156906,0.07560537,0.012825678,1.338441
60,0,0,0.0,0.9749103,0.021475993,0.0036138503,0.34983
60,0,0,0.0,0.8825655,0.093423985,0.024010599,0.074678
60,0,0,0.0,0.86755526,0.10410571,0.028339071,0.930526
60,0,0,0.0,0.89906234,0.07901544,0.021922283,1.152843
60,0,0,0.0,0.9324063,0.051130693,0.016463079,1.375161
60,0,0,0.0,0.9454222,0.041696925,0.01288093,1.597478
60,0,0,0.0,0.95600027,0.03304768,0.010952277,1.819795
60,0,0,0.0,0.89416695,0.09117005,0.014663282,1.187946
60,0,0,0.0,0.9776673,0.019850973,0.0024817218,0.199336
60,0,0,0.0,0.854393,0.11179204,0.033815082,0.177869
60,0,0,5.960464477539063e-08,0.83971614,0.100722335,0.05956151,0.400186
60,0,0,0.0,0.85853106,0.0929899,0.04847918,0.622503
60,0,0,0.0,0.83901113,0.11825491,0.04273415,0.84482
60,0,0,5.960464477539063e-08,0.79410994,0.1791654,0.026724653,1.037452
60,0,0,0.0,0.9713501,0.022842163,0.00580777,0.048841
60,0,0,0.0,0.8244435,0.14074732,0.034809213,0.092163
405,0,1,0.0,0.4083204,0.5341315,0.057548217,0.139261
405,0,0,0.0,0.85665935,0.13018577,0.013154903,0.212449
405,0,0,0.0,0.87999976,0.10900791,0.010992375,1.106686
405,0,0,0.0,0.7252011,0.2509514,0.023847556,0.853528
405,0,0,0.0,0.65158594,0.3186426,0.029771576,0.60037
405,0,0,0.0,0.60102963,0.34107095,0.05789956,0.347212
405,0,0,0.0,0.59588546,0.3514266,0.052688014,0.094054
405,0,0,2.9802322387695312e-08,0.9004807,0.092480175,0.007039207,0.525782
405,0,0,0.0,0.9503111,0.044274695,0.005414289,1.475425
405,0,0,0.0,0.9561319,0.039102204,0.004766167,1.820953
405,0,0,0.0,0.8909046,0.10003739,0.009057915,1.567795
405,0,0,0.0,0.8141175,0.17118253,0.014700162,1.314637
405,0,0,0.0,0.7984537,0.18570144,0.01584506,1.061479
405,0,0,0.0,0.56641275,0.39893252,0.03465477,0.632509
405,0,0,0.0,0.91288275,0.080441445,0.006675987,0.839115
405,0,0,0.0,0.95678294,0.038905155,0.004311928,1.788759
405,0,0,0.0,0.94281095,0.052511055,0.0046781795,2.738402
405,0,0,0.0,0.952345,0.043071494,0.0045833727,2.53522
405,0,0,2.9802322387695312e-08,0.92955357,0.06460652,0.0058398414,2.194596
405,0,0,0.0,0.9255204,0.068588965,0.0058907284,1.249769
405,0,0,0.0,0.8562762,0.13216315,0.011560736,0.304941
405,0,0,0.0,0.81997633,0.1639157,0.016107997,0.064454
405,0,0,0.0,0.82944447,0.15924653,0.011309087,0.205391
405,0,0,0.0,0.9312862,0.063529804,0.005183957,1.152449
405,0,0,2.9802322387695312e-08,0.890061,0.10241532,0.007523766,2.102092
405,0,0,0.0,0.8915563,0.10039455,0.008049177,2.759071
405,0,0,0.0,0.9096271,0.083560415,0.0068126307,2.811856
405,0,0,0.0,0.8346888,0.15200652,0.013304664,1.867028
405,0,0,0.0,0.8268086,0.16011238,0.013079209,0.922201
405,0,0,0.0,0.8762922,0.11211707,0.011590664,0.258155
405,0,0,0.0,0.87075293,0.11858066,0.010666447,0.66575
405,0,0,0.0,0.9258609,0.06785392,0.0062852716,1.011251
405,0,0,0.0,0.96646357,0.029864885,0.0036717386,1.272061
405,0,0,0.0,0.89533615,0.097385824,0.0072781174,1.532871
405,0,0,0.0,0.9310058,0.063730836,0.005263404,1.793681
405,0,0,0.0,0.8968326,0.09446162,0.008705833,2.054491
405,0,0,0.0,0.823585,0.16014837,0.016266786,1.539461
405,0,0,0.0,0.82797813,0.15649872,0.015523393,0.594633
405,0,0,0.0,0.7571281,0.2144983,0.028373655,0.045861
405,0,0,0.0,0.80020773,0.18239152,0.017400652,0.306671
405,0,0,0.0,0.8641457,0.124117166,0.011737166,0.567481
405,0,0,0.0,0.89032936,0.09970727,0.009963564,0.828291
405,0,0,0.0,0.90696067,0.08350457,0.009534748,1.089101
405,0,0,0.0,0.80346817,0.17878257,0.01774929,1.211893
405,0,0,0.0,0.8099562,0.17277603,0.01726789,0.267065
405,0,0,0.0,0.77172893,0.20042102,0.027850045,0.123711
405,0,0,0.0,0.6632248,0.30452037,0.032254882,0.384521
119,0,0,4.470348358154297e-08,0.9626223,0.031520188,0.0058574555,0.22439
119,0,0,0.0,0.96133196,0.032454293,0.0062138354,0.271559
119,0,0,0.0,0.92913145,0.0582681,0.0126006575,0.318729
119,0,0,0.0,0.9515086,0.0387519,0.009739615,0.365898
119,0,0,0.0,0.95421654,0.03485587,0.010927634,0.413068
119,0,0,0.0,0.98064196,0.015798053,0.0035599677,0.460238
119,0,0,0.0,0.98291725,0.014495103,0.0025876504,0.507407
119,0,0,0.0,0.962584,0.03277215,0.0046439525,0.554577
119,0,0,0.0,0.95614296,0.03890647,0.004950649,0.601746
119,0,0,0.0,0.95914084,0.035812672,0.005046545,0.648916
119,0,0,0.0,0.9464684,0.04235918,0.0111724315,0.696085
119,0,0,5.960464477539063e-08,0.91022927,0.066068545,0.023702124,0.743255
119,0,0,0.0,0.8174015,0.12855189,0.05404664,0.790424
119,0,0,0.0,0.8280263,0.12527947,0.0466943,0.837594
119,0,1,0.0,0.21473682,0.46398285,0.32128045,0.754533
119,0,0,0.0,0.8945057,0.08839066,0.017103855,0.499758
119,0,0,0.0,0.8940985,0.09008811,0.01581348,1.270446
119,0,0,0.0,0.95213336,0.040385373,0.0074813976,1.317616
119,0,0,0.0,0.97798723,0.018125853,0.003887132,1.364785
119,0,0,0.0,0.97196406,0.022057889,0.005978013,1.411955
119,0,0,0.0,0.94982284,0.044380285,0.0057969047,1.459124
119,0,0,0.0,0.9668132,0.029662812,0.0035240455,1.506294
119,0,0,0.0,0.9734544,0.022990135,0.0035556585,1.553464
119,0,0,0.0,0.9691049,0.027123647,0.0037714473,1.600633
119,0,0,0.0,0.96094424,0.03367774,0.00537817,1.647803
119,0,0,0.0,0.94410443,0.045076508,0.010819194,1.694972
119,0,0,4.470348358154297e-08,0.9626791,0.029622741,0.007698085,1.742142
119,0,0,0.0,0.9632721,0.02943272,0.0072953235,1.789311
119,0,0,0.0,0.9607649,0.031058861,0.008176436,1.833368
119,0,0,5.960464477539063e-08,0.5628566,0.34815374,0.08898969,0.836754
119,0,0,5.960464477539063e-08,0.81513417,0.15659277,0.028272985,0.485831
119,0,0,0.0,0.81247956,0.16227414,0.0252464,1.485734
119,0,0,0.0,0.9531178,0.039370544,0.0075116926,2.316503
119,0,0,0.0,0.9717072,0.023929013,0.0043638395,2.363672
119,0,0,0.0,0.9471063,0.046167154,0.0067265504,2.410842
119,0,0,0.0,0.949954,0.04330797,0.0067381943,2.458011
119,0,0,0.0,0.9593599,0.03616731,0.0044727838,2.505181
119,0,0,0.0,0.95085806,0.043566596,0.0055755414,2.55235
119,0,0,0.0,0.95095265,0.043445703,0.0056017023,2.59952
119,0,0,0.0,0.9246387,0.06539401,0.009967342,2.64669
119,0,0,0.0,0.9529821,0.039693303,0.0073245545,2.693859
119,0,0,0.0,0.9612879,0.032138817,0.006573366,2.741029
119,0,0,0.0,0.946167,0.0453112,0.008521935,2.788198
119,0,0,0.0,0.93685186,0.048598748,0.014549455,1.915588
119,0,0,0.0,0.50076145,0.36543474,0.13380387,0.918974
119,0,0,0.0,0.91321033,0.07230217,0.014487606,0.471904
119,0,0,0.0,0.91429245,0.073436685,0.012271035,1.471807
119,0,0,5.960464477539063e-08,0.96102965,0.032336663,0.006633678,2.47171
119,0,0,1.4901161193847656e-08,0.94690365,0.04659505,0.006501305,3.006357
119,0,0,0.0,0.9332514,0.05826785,0.008481019,2.942594
119,0,0,0.0,0.94087654,0.051506143,0.007617359,2.878831
119,0,0,0.0,0.97125095,0.024241129,0.0045079933,2.815068
119,0,0,0.0,0.9636456,0.03145268,0.004901753,2.751305
119,0,0,0.0,0.9572774,0.037173495,0.005549127,2.687541
119,0,0,0.0,0.93865776,0.05224369,0.009098662,2.623778
119,0,0,0.0,0.9264956,0.05979694,0.013707613,2.560015
119,0,0,5.960464477539063e-08,0.9216753,0.06524582,0.013078909,2.496252
119,0,0,2.9802322387695312e-08,0.9089552,0.075054936,0.015989909,2.432489
119,0,0,0.0,0.92213345,0.059049506,0.018817171,1.997808
119,0,0,0.0,0.68364906,0.21206023,0.104290865,1.001194
119,0,0,0.0,0.61558676,0.18500118,0.1994122,0.004579
119,0,0,0.0,0.9589063,0.03261683,0.00847698,0.457976
119,0,0,0.0,0.9602323,0.032515217,0.0072526606,1.457879
119,0,0,0.0,0.9636307,0.029677229,0.0066922833,2.072156
119,0,0,0.0,0.94114846,0.050641105,0.008210446,2.008392
119,0,0,0.0,0.9173941,0.07066388,0.011942067,1.944629
119,0,0,0.0,0.9469076,0.041411605,0.011680842,1.880866
119,0,0,0.0,0.88600963,0.09320504,0.020785326,1.817103
119,0,0,2.9802322387695312e-08,0.9372198,0.052532416,0.010247746,1.75334
119,0,0,0.0,0.93936694,0.05014849,0.0104847485,1.689576
119,0,0,0.0,0.894253,0.085281625,0.020465432,1.625813
119,0,0,2.9802322387695312e-08,0.91094655,0.06868173,0.020371791,1.56205
119,0,0,0.0,0.8925243,0.08486442,0.022611395,1.498287
119,0,0,5.960464477539063e-08,0.81871146,0.14068057,0.040608037,1.434524
119,0,0,0.0,0.8307218,0.114112265,0.055166125,1.37076
119,0,1,0.0,0.23440233,0.44415352,0.32144427,1.083414
119,0,2,0.0,0.18112601,0.30445865,0.5144154,0.0868
119,0,0,0.0,0.8175798,0.15195672,0.030463532,0.444049
119,0,0,0.0,0.7997618,0.16812429,0.032113962,1.137954
119,0,0,0.0,0.832926,0.14116511,0.025908908,1.07419
119,0,0,0.0,0.7662258,0.19770183,0.03607245,1.010427
119,0,0,5.960464477539063e-08,0.7597381,0.20061867,0.03964332,0.946664
119,0,0,0.0,0.8259298,0.13972783,0.03434235,0.882901
119,0,0,0.0,0.7426314,0.19867848,0.058690406,0.819138
119,0,0,0.0,0.8606283,0.123594165,0.015777592,0.755374
119,0,0,0.0,0.8635469,0.12145676,0.014996367,0.691611
119,0,0,0.0,0.8241994,0.15683141,0.018969245,0.627848
119,0,0,0.0,0.75877726,0.1928152,0.04840765,0.564085
119,0,0,0.0,0.77341366,0.1700107,0.056575637,0.500322
119,0,0,0.0,0.742312,0.20144533,0.056242745,0.436559
119,0,0,0.0,0.7713834,0.1769343,0.051682346,0.372795
119,0,0,0.0,0.56357396,0.35241175,0.08401446,0.309032
119,0,0,0.0,0.57169557,0.26643276,0.16187175,0.16902
119,0,0,0.0,0.63035864,0.31037146,0.05927001,0.203752
119,0,0,0.0,0.59009886,0.34122488,0.0686763,0.139989
119,0,0,8.940696716308594e-08,0.89106804,0.0905587,0.018373208,0.076225
119,0,0,0.0,0.8078189,0.16003396,0.032147255,0.012462
426,0,0,0.0,0.945827,0.045250494,0.008922491,0.312884
426,0,0,2.9802322387695312e-08,0.90056056,0.07269675,0.026742583,0.302804
426,0,0,0.0,0.8644223,0.10024209,0.03533568,0.292724
426,0,0,0.0,0.84907526,0.11123325,0.039691735,0.282644
426,0,0,0.0,0.724679,0.18519378,0.09012736,0.197976
426,0,0,0.0,0.94046587,0.044672433,0.014861872,0.157428
426,0,0,0.0,0.9762647,0.01864869,0.005086586,1.133949
426,0,0,0.0,0.97625023,0.015264685,0.00848502,1.302754
426,0,0,0.0,0.9806742,0.015249829,0.0040760655,1.292674
426,0,0,0.0,0.9407811,0.04641424,0.012804755,1.111401
426,0,0,0.0,0.8778652,0.0879932,0.034141663,0.114861
426,0,0,0.0,0.9510813,0.038176164,0.010742654,0.37285
426,0,0,0.0,0.97306216,0.021350697,0.0055871503,1.349371
426,0,0,0.0,0.98281914,0.013402366,0.0037785736,2.302703
426,0,0,0.0,0.98932093,0.008459621,0.0022195661,2.024827
426,0,0,2.9802322387695312e-08,0.93509597,0.05267607,0.012227964,1.028287
426,0,0,0.0,0.8963779,0.083209746,0.020412425,0.031747
426,0,0,0.0,0.948976,0.04263721,0.008386887,0.588272
426,0,0,0.0,0.9775115,0.018440275,0.0040482464,1.564793
426,0,0,0.0,0.97953564,0.0166868,0.0037776404,2.541314
426,0,0,0.0,0.98445934,0.012301101,0.0032396275,1.941712
426,0,0,0.0,0.94496644,0.043856975,0.011176715,0.945172
426,0,0,0.0,0.944057,0.04770601,0.008237221,0.803694
426,0,0,0.0,0.9678711,0.026942922,0.005185965,1.780215
426,0,0,0.0,0.9652586,0.028709264,0.0060322294,2.756736
426,0,0,0.0,0.97655106,0.018933455,0.0045154653,1.858597
426,0,0,2.9802322387695312e-08,0.9527363,0.0379961,0.009267602,0.862057
426,0,0,0.0,0.94422626,0.046492856,0.009281127,0.042595
426,0,0,0.0,0.9636798,0.031174922,0.0051454655,1.019116
426,0,0,0.0,0.9758434,0.020541582,0.003615036,1.867446
426,0,0,0.0,0.98161936,0.01551253,0.0028680686,1.873766
426,0,0,0.0,0.97059745,0.023791324,0.005611217,1.775482
426,0,0,0.0,0.9179451,0.06581403,0.016240891,0.778942
426,0,0,2.9802322387695312e-08,0.9324886,0.05623753,0.011273876,0.258017
426,0,0,0.0,0.9468612,0.04659277,0.0065462,0.861145
426,0,0,0.0,0.9694001,0.026307248,0.004292824,0.867466
426,0,0,0.0,0.96600074,0.029224712,0.0047745993,0.873786
426,0,0,0.0,0.93612385,0.05150892,0.012367397,0.880107
426,0,0,0.0,0.9131632,0.06893796,0.017899055,0.695828
61,0,0,7.450580596923828e-08,0.95093554,0.039289948,0.009774496,0.007424
61,0,0,0.0,0.9190178,0.06411566,0.016866641,0.264208
61,0,0,0.0,0.9241478,0.059302457,0.016549729,0.118272
61,0,0,5.960464477539063e-08,0.94072396,0.045001607,0.014274509,0.105222
61,0,0,0.0,0.9283886,0.05500422,0.016607193,1.100429
61,0,0,0.0,0.9625331,0.03061443,0.0068526063,1.107566
61,0,0,0.0,0.9677833,0.029021133,0.0031956278,0.961631
61,0,0,0.0,0.971971,0.025231285,0.0027977317,0.711036
61,0,0,0.0,0.90912354,0.0737427,0.017133763,0.203021
61,0,0,0.0,0.9643113,0.028871203,0.006817645,1.198227
61,0,0,0.0,0.9624525,0.031711373,0.005836267,2.09686
61,0,0,0.0,0.97413886,0.022368422,0.0034928967,1.697746
61,0,0,4.470348358154297e-08,0.97882134,0.018650712,0.002527921,0.697834
61,0,0,0.0,0.9193355,0.06366302,0.017001603,0.30082
61,0,0,0.0,0.9487863,0.039812583,0.011401189,1.296026
61,0,0,1.4901161193847656e-08,0.96641374,0.027386364,0.006200011,2.291232
61,0,0,0.0,0.9704017,0.024567438,0.005031088,1.684544
61,0,0,0.0,0.9632912,0.031551708,0.005157143,0.684631
61,0,0,0.0,0.88553774,0.065335564,0.049126755,0.398618
61,0,0,0.0,0.947267,0.042918786,0.009814305,1.393825
61,0,0,0.0,0.96169895,0.031488962,0.006812072,2.389031
61,0,0,0.0,0.94932693,0.04299183,0.0076811602,1.671342
61,0,0,0.0,0.95446676,0.039003275,0.0065300097,0.671429
61,0,0,0.0,0.9012677,0.08237488,0.016357426,0.496417
61,0,0,0.0,0.8928315,0.08634188,0.020826727,1.491623
61,0,0,0.0,0.9344954,0.0547154,0.010789411,1.652574
61,0,0,0.0,0.9501304,0.043246765,0.006622979,1.65814
61,0,0,0.0,0.95534366,0.038315028,0.0063413195,0.658227
61,0,0,0.0,0.79078394,0.17111899,0.038097225,0.365026
61,0,0,1.1920928955078125e-07,0.51506007,0.27547166,0.20946838,0.51441
61,0,0,8.940696716308594e-08,0.8521963,0.11777869,0.030025043,0.663794
61,0,0,0.0,0.9023557,0.0848609,0.012783474,0.813178
61,0,0,0.0,0.9329223,0.060927436,0.0061505125,0.645024
2,0,1,0.0,0.046934452,0.8576652,0.09540039,0.034179
2,0,2,0.0,0.1746242,0.37701055,0.4483653,0.117858
2,0,1,0.0,0.061163835,0.8424603,0.09637595,0.201536
2,0,1,0.0,0.02880087,0.91064566,0.060553566,0.239719
2,0,1,0.0,0.0047326046,0.99322027,0.0020472312,0.736058
2,0,1,0.0,0.013600291,0.9840645,0.0023351668,0.946994
2,0,0,0.0,0.6348593,0.27153498,0.09360567,1.030672
2,0,0,0.0,0.94457436,0.037760384,0.017665522,1.114351
2,0,0,0.0,0.82546425,0.090970725,0.08356508,1.198029
2,0,1,0.0,0.0953001,0.4839736,0.4207264,0.377196
2,0,1,3.725290298461914e-09,0.007840251,0.9900241,0.0021356994,0.542635
2,0,1,0.0,0.010734404,0.98722625,0.0020394102,1.523751
2,0,0,0.0,0.8740121,0.11886802,0.007119922,2.027165
2,0,0,0.0,0.96327347,0.030066708,0.006659962,2.110844
2,0,0,0.0,0.9351549,0.03921262,0.025632598,1.505177
2,0,0,5.960464477539063e-08,0.6135342,0.29293734,0.093528554,0.514672
2,0,1,5.587935447692871e-08,0.0014833447,0.9967834,0.0017331523,0.349212
2,0,1,0.0,0.0059141624,0.99270624,0.0013795992,1.330328
2,0,0,0.0,0.94044924,0.05319942,0.006351521,1.963063
2,0,0,0.0,0.96414846,0.01957755,0.01627418,1.879707
2,0,0,0.0,0.9641153,0.026841836,0.009042932,1.642654
2,0,0,0.0,0.86249495,0.09855742,0.038947716,0.652149
2,0,1,5.21540641784668e-08,0.007699304,0.9891245,0.0031761467,0.155789
2,0,1,0.0,0.29604492,0.6988956,0.0050596595,1.049899
2,0,0,0.0,0.9344911,0.025416037,0.040093087,0.966543
2,0,0,0.0,0.7579827,0.022899162,0.21911834,0.883187
2,0,2,0.0,0.4083967,0.025204862,0.56639856,0.799831
2,0,2,0.0,0.12372652,0.1096277,0.76664585,0.716475
2,0,2,0.0,0.039866015,0.024471594,0.93566245,0.053379
102,0,1,1.1920928955078125e-07,0.20124148,0.42337817,0.37538052,0.05639
102,0,0,0.0,0.7020302,0.21316524,0.08480475,0.303812
102,0,0,0.0,0.9116909,0.06708135,0.021227749,0.878427
102,0,0,0.0,0.8723163,0.106218845,0.021464992,0.767871
102,0,0,0.0,0.91464007,0.071726054,0.013634022,0.43047
102,0,0,0.0,0.8791723,0.09477006,0.026057757,0.346125
102,0,0,0.0,0.8790084,0.09643944,0.024552237,0.876568
102,0,0,0.0,0.90934217,0.070631705,0.020026203,0.810184
102,0,0,0.0,0.9063131,0.07531532,0.018371474,0.428611
102,0,0,0.0,0.8276282,0.14421201,0.028159872,0.388438
102,0,0,0.0,0.9029934,0.07480643,0.022200461,0.874708
102,0,0,0.0,0.8329879,0.12109998,0.04591219,0.322956
387,0,0,0.0,0.8841266,0.035825133,0.080048405,0.05977
387,0,0,0.0,0.93804264,0.043630052,0.018327376,0.728331
387,0,0,0.0,0.95610815,0.033918794,0.00997327,0.815378
387,0,0,0.0,0.929625,0.058299035,0.012076068,0.314674
387,0,0,0.0,0.9543676,0.027640505,0.017991822,0.653234
387,0,0,7.450580596923828e-08,0.95152336,0.03736806,0.011108462,1.396892
387,0,0,0.0,0.95273054,0.03878515,0.008484401,1.680997
387,0,0,1.4901161193847656e-08,0.95307934,0.038764328,0.008156268,1.180293
387,0,0,0.0,0.9572405,0.034600925,0.008158711,0.679589
387,0,0,0.0,0.9514714,0.038994823,0.009533734,0.178886
387,0,0,0.0,0.9188286,0.06080593,0.020365518,0.578137
387,0,0,0.0,0.96882224,0.023740284,0.0074375225,1.321795
387,0,0,0.0,0.96332663,0.029562037,0.007111459,2.065452
387,0,0,0.0,0.9596586,0.034909427,0.005432202,2.546615
387,0,0,0.0,0.9564176,0.03710977,0.006472542,2.045912
387,0,0,0.0,0.9671751,0.026803166,0.00602176,1.545208
387,0,0,0.0,0.9375721,0.052007828,0.010420094,1.044505
387,0,0,0.0,0.88848126,0.09066385,0.020854875,0.482571
387,0,0,0.0,0.95290893,0.035768684,0.011322469,0.503041
387,0,0,0.0,0.93687546,0.052645836,0.01047873,1.246698
387,0,0,0.0,0.960507,0.03294183,0.0065512303,1.990356
387,0,0,0.0,0.9671355,0.028022433,0.0048420914,2.734013
387,0,0,0.0,0.9664551,0.028446577,0.0050983387,2.817266
387,0,0,0.0,0.9570958,0.034880176,0.008024225,2.068019
387,0,0,0.0,0.9653885,0.026927363,0.007684336,1.318773
387,0,0,5.960464477539063e-08,0.90729576,0.07592834,0.016775891,0.569526
387,0,0,0.0,0.7663461,0.13057789,0.10307614,0.038943
387,0,0,0.0,0.9252648,0.053031642,0.021703614,0.588027
387,0,0,0.0,0.941169,0.04932703,0.009503995,1.13711
387,0,0,0.0,0.9470912,0.04507165,0.007837054,1.686194
387,0,0,0.0,0.9509954,0.040883552,0.008121259,2.235278
387,0,0,0.0,0.960009,0.033382647,0.006608518,2.154974
387,0,0,0.0,0.9404069,0.050146185,0.009447051,1.405728
387,0,0,0.0,0.94291896,0.047381118,0.009699947,0.656481
387,0,0,2.9802322387695312e-08,0.9185669,0.06577615,0.015657047,0.301343
387,0,0,2.9802322387695312e-08,0.93446845,0.05555995,0.009971573,0.850427
387,0,0,0.0,0.9471065,0.043882348,0.009011151,1.399511
387,0,0,0.0,0.9538133,0.039335527,0.0068513127,1.492683
387,0,0,0.0,0.8682323,0.111927286,0.019840557,0.743437
387,0,0,0.0,0.9199983,0.06555159,0.01445006,0.014659
387,0,0,0.0,0.93778396,0.05256607,0.009650021,0.563743
387,0,0,0.0,0.78282493,0.1941494,0.023025677,0.830392
387,0,0,0.0,0.8300612,0.14993748,0.020001391,0.081145
387,0,0,0.0,0.66196585,0.3019446,0.036089674,0.1681
340,0,0,5.960464477539063e-08,0.49714348,0.15008684,0.35276988,0.155117
340,0,0,0.0,0.62162405,0.079595216,0.2987809,0.679607
340,0,2,0.0,0.14334191,0.10838811,0.7482701,0.278846
340,0,0,0.0,0.825348,0.0637105,0.11094156,0.482042
340,0,0,0.0,0.9632269,0.017414015,0.019359179,1.006533
340,0,0,0.0,0.95445836,0.021523722,0.02401784,1.531024
340,0,0,0.0,0.76003677,0.0962394,0.14372388,1.032052
340,0,0,0.0,0.77708876,0.073955216,0.14895627,0.374267
340,0,2,0.0,0.40253353,0.15251252,0.44495395,0.284477
340,0,0,5.960464477539063e-08,0.68727505,0.07956144,0.2331636,0.808967
340,0,0,0.0,0.96423155,0.01254083,0.02322785,1.333458
340,0,0,0.0,0.9714128,0.014200123,0.014387096,1.857949
340,0,0,0.0,0.9689577,0.016174443,0.014867996,2.38244
340,0,0,0.0,0.9073626,0.060151223,0.032486245,1.785258
340,0,0,0.0,0.9283461,0.04762572,0.02402815,1.127473
340,0,0,0.0,0.51502126,0.24684632,0.23813254,0.469689
340,0,2,0.0,0.26632118,0.22088781,0.512791,0.086911
340,0,2,0.0,0.33131412,0.2529836,0.41570234,0.611402
340,0,0,0.0,0.9243604,0.0481076,0.027532112,1.135893
340,0,0,0.0,0.96548486,0.017615221,0.01689994,1.660384
340,0,0,0.0,0.958127,0.021818597,0.020054605,2.184874
340,0,0,0.0,0.96258926,0.022293618,0.015117163,2.709365
340,0,0,0.0,0.976514,0.013174187,0.010311959,3.196249
340,0,0,2.9802322387695312e-08,0.909698,0.06083054,0.029471586,2.538464
340,0,0,0.0,0.8791391,0.09701032,0.02385073,1.880679
340,0,0,0.0,0.76264614,0.1875934,0.049760535,1.222895
340,0,0,0.0,0.8466465,0.11894672,0.03440697,0.56511
340,0,2,0.0,0.17589462,0.30160594,0.5224996,0.289558
340,0,0,0.0,0.7341858,0.1660096,0.09980464,0.927929
340,0,0,2.9802322387695312e-08,0.95165,0.031444713,0.016905226,1.566301
340,0,0,2.9802322387695312e-08,0.9634806,0.024470018,0.012049281,2.204672
340,0,0,0.0,0.9721418,0.017880663,0.009977665,2.843044
340,0,0,0.0,0.9480372,0.026519304,0.025443537,3.481415
340,0,0,0.0,0.9107341,0.040671155,0.048594784,3.29167
340,0,0,0.0,0.91568536,0.047843788,0.03647087,2.633885
340,0,0,0.0,0.8016596,0.14943703,0.04890355,1.976101
340,0,0,0.0,0.84193224,0.1166319,0.04143609,1.318316
340,0,0,5.960464477539063e-08,0.8041851,0.11784646,0.07796834,0.660531
340,0,1,0.0,0.0044588083,0.9677977,0.027743487,0.002746
340,0,2,0.0,0.22819084,0.24694617,0.52486306,0.158201
340,0,0,0.0,0.4654882,0.2344823,0.30002964,0.796572
340,0,0,5.960464477539063e-08,0.96473426,0.015951656,0.01931399,1.434944
340,0,0,4.470348358154297e-08,0.97261477,0.016396314,0.010988786,2.073315
340,0,0,0.0,0.94109017,0.036956977,0.021952922,2.711687
340,0,0,0.0,0.94279045,0.033983693,0.023226084,3.350059
340,0,0,0.0,0.9561305,0.026579585,0.017289914,3.387091
340,0,0,0.0,0.92265075,0.042717263,0.03463197,2.729307
340,0,0,0.0,0.7285429,0.13605246,0.13540463,2.071522
340,0,0,0.0,0.8583336,0.04512681,0.09653974,1.413737
340,0,2,0.0,0.3949709,0.17671658,0.42831257,0.755952
340,0,1,5.960464477539063e-08,0.029307427,0.51280624,0.4578863,0.098168
340,0,2,0.0,0.21251848,0.19638042,0.5911012,0.026844
340,0,0,0.0,0.7206822,0.14906606,0.1302519,0.665216
340,0,0,0.0,0.96576065,0.012260934,0.021978473,1.303587
340,0,0,0.0,0.96921116,0.012818317,0.017970618,1.941959
340,0,0,0.0,0.94284725,0.039550595,0.017602157,2.58033
340,0,0,0.0,0.9285126,0.052165527,0.01932203,3.218702
340,0,0,0.0,0.9704315,0.012347734,0.017220816,2.635462
340,0,0,0.0,0.90886974,0.010733233,0.08039698,1.983683
340,0,0,0.0,0.4859186,0.029087447,0.4849939,1.331905
340,0,2,0.0,0.3358419,0.08520147,0.5789567,0.680127
340,0,2,0.0,0.04175129,0.049924135,0.9083247,0.028348
340,0,0,0.0,0.67880976,0.1444398,0.17675054,0.533859
340,0,0,0.0,0.88755125,0.01156233,0.100886695,1.17223
340,0,0,0.0,0.8751168,0.010572958,0.11431039,1.810602
340,0,0,0.0,0.8031473,0.016202224,0.18065074,2.448973
340,0,0,2.9802322387695312e-08,0.9362646,0.014456297,0.049279142,1.877052
340,0,0,0.0,0.7380151,0.010095429,0.25188962,1.225274
340,0,0,0.0,0.6765103,0.027667725,0.2958221,0.573495
340,0,0,0.0,0.5679076,0.14262599,0.28946662,0.402502
340,0,0,0.0,0.95145005,0.019040175,0.029509688,1.040873
340,0,0,0.0,0.9731088,0.014542783,0.012348357,1.679245
340,0,0,0.0,0.93980134,0.010633575,0.049565095,1.118642
340,0,0,5.960464477539063e-08,0.6718628,0.031699076,0.29643822,0.466864
340,0,0,0.0,0.35730743,0.2873348,0.35535774,0.271145
340,0,0,0.0,0.46740535,0.26225078,0.27034405,0.909517
340,0,0,0.0,0.8464047,0.061688554,0.09190687,0.360233
340,0,2,0.0,0.2848601,0.3053973,0.40974256,0.139788
87,0,0,2.9802322387695312e-08,0.83296883,0.15273125,0.014299872,0.079249
87,0,0,0.0,0.7405717,0.17859842,0.080829926,0.478474
87,0,0,0.0,0.79220486,0.1841519,0.023643248,0.93625
87,0,0,0.0,0.97457665,0.020882152,0.004541178,0.420935
87,0,0,0.0,0.394996,0.29436472,0.3106394,0.454725
87,0,0,0.0,0.8444892,0.084759906,0.07075089,0.820191
87,0,0,0.0,0.5790766,0.17361799,0.24730551,0.476747
249,0,2,0.0,0.004755035,0.024122309,0.97112274,0.51151
249,0,2,0.0,0.01007769,0.029390253,0.9605322,0.595646
249,0,2,0.0,0.009191046,0.00484039,0.9859686,0.679783
249,0,2,5.960464477539063e-08,0.0010953954,0.003512525,0.995392,0.128541
249,0,0,0.0,0.9077359,0.028809454,0.063454844,0.473759
249,0,0,0.0,0.8568573,0.04062146,0.10252145,1.471421
249,0,0,0.0,0.6976239,0.032325447,0.27005064,1.204714
249,0,2,0.0,0.0015360189,0.029774172,0.9686899,0.207865
249,0,0,0.0,0.9921312,0.0052055647,0.0026633078,0.405411
249,0,0,0.0,0.99010557,0.0033678026,0.0065268036,1.403073
249,0,0,0.0,0.5530055,0.027633445,0.4193611,1.284037
249,0,2,0.0,0.0012736977,0.02461412,0.97411245,0.287188
249,0,0,0.0,0.9806647,0.005832317,0.0135030905,0.337063
249,0,0,0.0,0.9808229,0.0055005713,0.013676594,1.334724
249,0,0,0.0,0.7758757,0.018606473,0.20551778,1.363361
249,0,2,7.450580596923828e-09,0.0011585332,0.012081224,0.9867603,0.366512
249,0,0,0.0,0.9910254,0.0026715666,0.006303069,0.268715
249,0,0,6.705522537231445e-08,0.9886157,0.0047923177,0.0065919636,1.266376
249,0,0,0.0,0.87315476,0.021790508,0.105054684,1.442685
249,0,2,0.0,0.0028906541,0.05804181,0.9390678,0.445836
249,0,0,0.0,0.99286026,0.0038887374,0.0032510448,0.200366
249,0,0,0.0,0.9823829,0.0114002265,0.006216864,1.198028
249,0,0,0.0,0.87094206,0.046067365,0.08299071,1.522008
249,0,2,0.0,0.0028172515,0.022271512,0.9749113,0.525159
249,0,0,5.960464477539063e-08,0.82305205,0.009256089,0.16769183,0.132018
249,0,0,0.0,0.94403136,0.007828494,0.04814031,1.129679
249,0,0,0.0,0.7801051,0.094439216,0.12545587,1.435258
249,0,2,2.9802322387695312e-08,0.0021400484,0.034300677,0.9635593,0.604483
249,0,2,0.0,0.25591624,0.023945598,0.7201382,0.06367
249,0,0,0.0,0.4845407,0.10455337,0.41090602,0.408387
249,0,2,0.0,0.06015478,0.03362708,0.9062182,0.435629
249,0,2,0.0,0.0011346325,0.054514926,0.9443504,0.462871
433,0,0,0.0,0.79662704,0.16422068,0.03915239,0.70817
433,0,0,0.0,0.8485982,0.108164355,0.04323743,0.698101
433,0,0,0.0,0.968557,0.02435423,0.007088867,0.688031
433,0,0,0.0,0.9806203,0.0136750415,0.0057048094,0.677962
433,0,0,5.960464477539063e-08,0.97657603,0.014507895,0.008916022,0.667893
433,0,0,0.0,0.9773772,0.016347717,0.0062750927,0.657824
433,0,0,0.0,0.93824774,0.04033578,0.021416552,0.647755
433,0,0,1.4901161193847656e-08,0.95987076,0.025960203,0.0141691035,0.637686
433,0,0,0.0,0.97680104,0.017269053,0.0059299306,0.627617
433,0,0,0.0,0.936933,0.042071257,0.020995911,0.58641
433,0,0,0.0,0.9149847,0.06669593,0.018319508,0.829889
433,0,0,1.4901161193847656e-08,0.94597733,0.04134892,0.012673661,1.69805
433,0,0,0.0,0.97456944,0.020118201,0.005312464,1.687981
433,0,0,0.0,0.9717008,0.020184595,0.008114609,1.677912
433,0,0,5.960464477539063e-08,0.97760063,0.017067095,0.005332252,1.667843
433,0,0,0.0,0.9731249,0.01943107,0.0074440367,1.657774
433,0,0,0.0,0.9666549,0.025104627,0.008240552,1.647705
433,0,0,0.0,0.9765749,0.017676383,0.0057487604,1.637636
433,0,0,0.0,0.9780846,0.015868999,0.006046542,1.627567
433,0,0,0.0,0.94599247,0.0389249,0.01508284,0.835527
433,0,0,0.0,0.70399487,0.2627113,0.03329393,0.886511
433,0,0,0.0,0.92943686,0.058188483,0.012374782,1.884907
433,0,0,0.0,0.9640692,0.029805737,0.0061251665,2.68793
433,0,0,0.0,0.9491906,0.042483006,0.00832633,2.677861
433,0,0,0.0,0.928944,0.053615343,0.01744069,2.667792
433,0,0,0.0,0.94476414,0.046284057,0.008952015,2.657723
433,0,0,0.0,0.9600695,0.03331362,0.006616991,2.647654
433,0,0,1.4901161193847656e-08,0.9675917,0.026877949,0.0055303746,2.637585
433,0,0,5.21540641784668e-08,0.978274,0.016697936,0.005027997,2.053118
433,0,0,0.0,0.943381,0.0413975,0.0152216265,1.084644
433,0,0,0.0,0.72879744,0.19157459,0.07962807,0.116171
433,0,0,0.0,0.70013165,0.2451438,0.054724492,0.943133
433,0,0,0.0,0.9087309,0.07579931,0.015469738,1.941529
433,0,0,5.960464477539063e-08,0.8965552,0.08796197,0.015482837,2.074799
433,0,0,8.940696716308594e-08,0.93600667,0.05260689,0.011386352,2.074799
433,0,0,0.0,0.9479365,0.04144447,0.010619108,2.074799
433,0,0,0.0,0.9511261,0.039527424,0.009346665,2.074799
433,0,0,0.0,0.95597076,0.036450345,0.0075790877,2.074799
433,0,0,0.0,0.9537346,0.039101366,0.007164102,2.074799
433,0,0,1.4901161193847656e-08,0.9641805,0.0287326,0.007086802,2.074799
433,0,0,0.0,0.96539634,0.026509456,0.008094289,1.333761
433,0,0,5.960464477539063e-08,0.81569713,0.1377048,0.046598025,0.365288
433,0,0,0.0,0.80472094,0.16770427,0.027574982,0.00136
433,0,0,0.0,0.7975807,0.1690409,0.033378527,0.999756
433,0,0,0.0,0.89222735,0.08661266,0.021160174,1.074799
433,0,0,0.0,0.89802647,0.086729534,0.015244107,1.074799
433,0,0,2.9802322387695312e-08,0.9384815,0.05187496,0.009643484,1.074799
433,0,0,0.0,0.9228477,0.06334024,0.013812277,1.074799
433,0,0,0.0,0.8829794,0.085052535,0.031968083,1.074799
433,0,0,0.0,0.94386864,0.048218478,0.007913027,1.074799
433,0,0,0.0,0.95395774,0.03938699,0.0066554383,1.074799
433,0,0,2.9802322387695312e-08,0.9554713,0.036979135,0.0075495476,1.074799
433,0,0,1.4901161193847656e-08,0.9464556,0.043418445,0.010125893,1.074799
433,0,0,0.0,0.8067631,0.13158809,0.061648883,0.614405
433,0,0,0.0,0.6876846,0.26881194,0.04350357,0.057982
433,0,0,0.0,0.6355713,0.31673905,0.047689725,0.074799
433,0,0,0.0,0.90191936,0.075886086,0.022194847,0.074799
433,0,0,5.960464477539063e-08,0.885964,0.09408345,0.01995246,0.074799
433,0,0,0.0,0.9023759,0.081537336,0.016086897,0.074799
433,0,0,0.0,0.9254489,0.061864574,0.012686655,0.074799
433,0,0,0.0,0.9220492,0.06359596,0.014354984,0.074799
433,0,0,0.0,0.92614555,0.062825814,0.011028739,0.074799
433,0,0,0.0,0.93628776,0.05430556,0.00940682,0.074799
433,0,0,0.0,0.9267669,0.06232064,0.01091244,0.074799
433,0,0,0.0,0.912698,0.0730265,0.014275598,0.074799
433,0,0,0.0,0.8696291,0.08861368,0.041757274,0.074799
403,0,0,0.0,0.9336429,0.05790795,0.008449104,0.799979
403,0,0,2.9802322387695312e-08,0.9487115,0.043643743,0.007644602,0.666455
403,0,0,0.0,0.8592224,0.11966723,0.02111052,0.351701
403,0,0,0.0,0.9030795,0.08185829,0.015062378,1.196623
403,0,0,4.470348358154297e-08,0.96944445,0.024499848,0.006055694,0.308421
403,0,0,0.0,0.8592145,0.12048354,0.02030212,0.798204
403,0,0,0.0,0.8995114,0.08253984,0.017948987,0.737168
403,0,0,0.0,0.88922876,0.093417235,0.017354159,0.349926
403,0,0,0.0,0.8904978,0.092178516,0.01732378,1.165915
403,0,0,0.0,0.9261446,0.061362784,0.012492695,0.277714
403,0,0,0.0,0.7965336,0.17695197,0.02651454,0.679008
403,0,0,0.0,0.73264486,0.23581131,0.031543884,0.706461
403,0,0,0.0,0.91225255,0.082835905,0.0049116076,0.013689
77,0,0,0.0,0.8538933,0.12234975,0.02375715,0.006186
77,0,0,8.940696716308594e-08,0.86270964,0.11263263,0.024657736,0.349689
77,0,0,0.0,0.84993285,0.13138525,0.018681902,0.086725
77,0,0,0.0,0.88766766,0.098569356,0.013763152,0.949948
77,0,0,0.0,0.9930724,0.005364373,0.0015634345,0.063526
77,0,0,0.0,0.9120731,0.08044714,0.007479978,0.445127
77,0,0,0.0,0.9142975,0.07854174,0.0071608983,0.491576
77,0,0,0.0,0.862265,0.12487683,0.012858347,0.625349
77,0,0,1.1920928955078125e-07,0.91670245,0.057898562,0.025398955,0.01587
380,0,0,0.0,0.91202974,0.06475965,0.023210673,0.018655
380,0,0,0.0,0.8957283,0.076528616,0.02774321,0.440376
380,0,0,0.0,0.86493117,0.1003861,0.034682848,0.073402
380,0,0,0.0,0.91367257,0.06702642,0.019301137,0.470064
380,0,0,0.0,0.91153616,0.06974645,0.018717507,1.168871
380,0,0,0.0,0.9098236,0.07247367,0.01770287,0.289356
380,0,0,5.960464477539063e-08,0.9219228,0.06386598,0.014211185,0.029157
380,0,0,0.0,0.90997183,0.070035554,0.019992629,0.921474
380,0,0,0.0,0.90398693,0.07631189,0.019701358,0.692999
380,0,0,0.0,0.88651603,0.09151045,0.021973664,0.480567
380,0,0,0.0,0.8834304,0.09317139,0.02339825,1.096642
380,0,0,0.0,0.9258868,0.05911319,0.015000064,0.217128
380,0,0,0.0,0.8788385,0.09590508,0.025256684,0.039659
380,0,0,0.0,0.89595884,0.08331074,0.020730495,0.931976
380,0,0,5.960464477539063e-08,0.90497327,0.07443803,0.020588703,0.620771
380,0,0,0.0,0.7712874,0.15191475,0.07679803,0.491069
380,0,0,0.0,0.8299027,0.12164809,0.048449412,1.024414
380,0,0,8.940696716308594e-08,0.8657822,0.096751824,0.037466034,0.144899
380,0,0,0.0,0.39406273,0.35990703,0.24603029,0.144188
439,0,0,0.0,0.7259868,0.20279686,0.071216434,0.371957
439,0,0,0.0,0.73819506,0.1986413,0.0631637,0.190518
439,0,0,0.0,0.6530529,0.2587936,0.0881535,0.009079
439,0,0,0.0,0.8168954,0.15286346,0.030241117,0.018395
439,0,0,2.9802322387695312e-08,0.85218585,0.121200345,0.026613876,1.007829
439,0,0,5.960464477539063e-08,0.85292864,0.11860108,0.028470196,1.061291
439,0,0,0.0,0.81334686,0.14917524,0.037478164,0.117142
439,0,0,0.0,0.8195953,0.13772292,0.042681895,0.000229
439,0,0,0.0,0.839591,0.14674568,0.013663544,0.163377
439,0,0,0.0,0.8298604,0.14349927,0.026640514,1.152811
439,0,0,2.9802322387695312e-08,0.8653261,0.11256066,0.022113267,1.527017
439,0,0,0.0,0.839139,0.13130283,0.029558273,1.102355
439,0,0,0.0,0.8421468,0.13070972,0.027143624,0.994383
439,0,0,0.0,0.84544027,0.12871978,0.025840055,0.886411
439,0,0,0.0,0.89031124,0.09217449,0.017514387,0.778439
439,0,0,0.0,0.86853415,0.10644467,0.0250213,0.670467
439,0,0,0.0,0.8402876,0.12868221,0.031030262,0.562494
439,0,0,0.0,0.8554463,0.112363905,0.032189883,0.454522
439,0,0,5.960464477539063e-08,0.73650384,0.18660872,0.07688753,0.31065
439,0,0,0.0,0.7816892,0.18610637,0.03220454,0.30836
439,0,0,0.0,0.8501192,0.12618186,0.023699034,1.297794
439,0,0,0.0,0.91333395,0.07783476,0.008831384,2.287228
439,0,0,0.0,0.829197,0.14131509,0.029488038,2.096509
439,0,0,0.0,0.835668,0.1410512,0.02328092,1.988537
439,0,0,5.960464477539063e-08,0.83830565,0.13941683,0.02227752,1.880565
439,0,0,0.0,0.8276807,0.14772658,0.024592932,1.772593
439,0,0,0.0,0.82245165,0.1507988,0.026749618,1.66462
439,0,0,5.960464477539063e-08,0.8174488,0.15417714,0.028374,1.556648
439,0,0,0.0,0.83995193,0.1312782,0.028769994,1.116341
439,0,0,0.0,0.791206,0.1751975,0.033596672,0.132363
439,0,0,0.0,0.78571326,0.18196519,0.032321725,0.453342
439,0,0,0.0,0.7910368,0.17442313,0.034540202,1.442776
439,0,0,0.0,0.8442516,0.13015793,0.025590759,2.43221
439,0,0,0.0,0.8143028,0.15726912,0.02842813,3.090663
439,0,0,5.960464477539063e-08,0.78453416,0.18638207,0.029083874,2.982691
439,0,0,0.0,0.82105255,0.15372093,0.025226768,2.874719
439,0,0,5.960464477539063e-08,0.8076517,0.16741097,0.024937326,2.766746
439,0,0,0.0,0.86811066,0.112611204,0.019278513,2.658774
439,0,0,0.0,0.80105543,0.17091101,0.028033566,1.922033
439,0,0,0.0,0.8417035,0.13573451,0.02256214,0.938054
439,0,0,0.0,0.75758946,0.20615713,0.036253408,0.598324
439,0,0,0.0,0.8904256,0.09910363,0.010470859,1.587759
439,0,0,0.0,0.8370707,0.13918294,0.023746442,2.577193
439,0,0,0.0,0.8261014,0.1482935,0.025605252,3.566627
439,0,0,0.0,0.7367642,0.22732548,0.03591041,3.976845
439,0,0,0.0,0.7585853,0.20704964,0.034365233,3.868872
439,0,0,0.0,0.79845154,0.17266198,0.028886445,3.711703
439,0,0,5.960464477539063e-08,0.8141401,0.15996872,0.025891291,2.727724
439,0,0,5.960464477539063e-08,0.79379904,0.17572086,0.03048008,1.743746
439,0,0,0.0,0.8277837,0.14670819,0.025508262,0.759767
439,0,0,5.960464477539063e-08,0.72672796,0.2280338,0.045238357,0.743307
439,0,0,0.0,0.7767356,0.18987522,0.033389244,1.732741
439,0,0,0.0,0.7894169,0.1799648,0.030618263,2.722175
439,0,0,0.0,0.74777275,0.21197392,0.04025336,3.711609
439,0,0,0.0,0.7360602,0.22684814,0.037091743,4.701044
439,0,0,5.960464477539063e-08,0.74170744,0.22260013,0.03569243,4.517394
439,0,0,0.0,0.7765995,0.19081093,0.032589685,3.533416
439,0,0,0.0,0.7703924,0.191551,0.03805668,2.549437
439,0,0,0.0,0.7670711,0.19573155,0.03719735,1.565459
439,0,0,0.0,0.70474386,0.24369727,0.051558875,0.58148
439,0,0,0.0,0.77176964,0.19294177,0.035288658,0.888289
439,0,0,0.0,0.8293371,0.1465815,0.02408151,1.877723
439,0,0,0.0,0.79597676,0.1748567,0.029166603,2.867158
439,0,0,0.0,0.7473289,0.21524344,0.03742774,3.856592
439,0,0,0.0,0.70114625,0.2598379,0.03901596,4.846026
439,0,0,1.1920928955078125e-07,0.706033,0.25478232,0.039184697,4.339107
439,0,0,0.0,0.7202778,0.23197533,0.047746975,3.355129
439,0,0,0.0,0.61766446,0.30180055,0.08053501,2.37115
439,0,0,0.0,0.6594248,0.2783246,0.062250648,1.387172
439,0,0,0.0,0.73380464,0.22220904,0.043986417,0.403193
439,0,0,0.0,0.63341755,0.29878247,0.067800045,0.043837
439,0,0,0.0,0.74970436,0.21346201,0.03683373,1.033272
439,0,0,0.0,0.8546352,0.1333271,0.012037939,2.022706
439,0,0,0.0,0.8171293,0.15843,0.024440667,3.01214
439,0,0,0.0,0.79789025,0.17401138,0.028098447,4.001574
439,0,0,0.0,0.7069299,0.25584474,0.037225306,4.991008
439,0,0,0.0,0.6901187,0.26779667,0.042084772,4.16082
439,0,0,0.0,0.75566864,0.20566165,0.03866992,3.176842
439,0,0,0.0,0.69448525,0.25139138,0.054123506,2.192863
439,0,0,0.0,0.7111031,0.24189803,0.046998903,1.208885
439,0,0,0.0,0.78152746,0.18378347,0.034689065,0.224906
439,0,0,0.0,0.6805701,0.26314098,0.056288972,0.18882
439,0,0,0.0,0.76999044,0.19857074,0.03143884,1.178254
439,0,0,0.0,0.8563762,0.12644675,0.017177219,2.167688
439,0,0,0.0,0.7900058,0.18372755,0.02626666,3.157122
439,0,0,0.0,0.7842417,0.18742539,0.028333059,4.146557
439,0,0,0.0,0.7244411,0.2379996,0.0375595,4.966512
439,0,0,0.0,0.7034632,0.25155416,0.044982698,3.982533
439,0,0,0.0,0.7307844,0.22704607,0.042169653,2.998555
439,0,0,0.0,0.70444363,0.24539785,0.050158583,2.014576
439,0,0,0.0,0.726367,0.22996499,0.043668017,1.030598
439,0,0,0.0,0.75921166,0.20210594,0.03868242,0.046619
439,0,0,0.0,0.63946086,0.2952179,0.065321326,0.333802
439,0,0,0.0,0.72582495,0.23258986,0.041585375,1.323236
439,0,0,0.0,0.8324911,0.14513162,0.022377374,2.312671
439,0,0,0.0,0.8034245,0.16954854,0.027027003,3.302105
439,0,0,0.0,0.7557289,0.21258579,0.031685375,4.291539
439,0,0,0.0,0.74183506,0.22363688,0.03452818,4.788225
439,0,0,0.0,0.73688805,0.22618759,0.036924426,3.804247
439,0,0,0.0,0.6985714,0.2604935,0.040935207,2.820268
439,0,0,0.0,0.681657,0.26591575,0.052427378,1.836289
439,0,0,0.0,0.72485363,0.23303224,0.04211416,0.852311
439,0,0,0.0,0.5727694,0.34255427,0.084676415,0.478784
439,0,0,0.0,0.7513239,0.21275285,0.035923358,1.468219
439,0,0,0.0,0.71526814,0.24131745,0.043414503,2.457653
439,0,0,0.0,0.7740376,0.19112115,0.034841254,3.447087
439,0,0,0.0,0.76724184,0.19908431,0.03367393,3.694055
439,0,0,5.960464477539063e-08,0.78396267,0.18557319,0.030464215,3.809022
439,0,0,0.0,0.7451302,0.22005728,0.034812614,3.62596
439,0,0,0.0,0.6630466,0.2932993,0.043654166,2.641981
439,0,0,0.0,0.65170574,0.29817003,0.05012432,1.658002
439,0,0,0.0,0.72298276,0.23888876,0.038128663,0.674024
439,0,0,0.0,0.49541476,0.4162154,0.0883698,0.623767
439,0,0,0.0,0.72488654,0.23028232,0.044831283,1.613201
439,0,0,0.0,0.72819424,0.2185685,0.05323736,2.470752
439,0,0,0.0,0.8643752,0.12369549,0.011929585,2.585719
439,0,0,0.0,0.6169875,0.31299424,0.07001821,2.700686
439,0,0,0.0,0.79333746,0.1894962,0.017166344,2.815653
439,0,0,0.0,0.7897214,0.19323026,0.017048446,2.93062
439,0,0,0.0,0.571108,0.35663608,0.07225611,2.463694
439,0,0,0.0,0.57216173,0.35282138,0.07501693,1.479715
439,0,0,0.0,0.6626206,0.28265452,0.054724913,0.495737
439,0,0,0.0,0.48994714,0.41430002,0.09575289,0.768749
439,0,0,0.0,0.4605136,0.4300934,0.10939297,1.362416
439,0,0,0.0,0.48721322,0.40806183,0.10472494,1.477383
439,0,0,5.960464477539063e-08,0.53158206,0.36078405,0.10763402,1.59235
439,0,0,5.960464477539063e-08,0.5080557,0.38441023,0.107534215,1.707317
439,0,0,5.960464477539063e-08,0.4756427,0.39719748,0.12715995,1.822284
439,0,0,0.0,0.54649425,0.34710667,0.10639913,1.937251
439,0,0,0.0,0.49015304,0.4131069,0.09674015,2.052218
439,0,0,5.960464477539063e-08,0.5021932,0.39388868,0.10391821,1.301428
439,0,0,5.960464477539063e-08,0.56173426,0.34966537,0.088600434,0.31745
439,0,0,0.0,0.5406314,0.35682723,0.10254144,0.254079
439,0,0,0.0,0.5438213,0.3320497,0.124129064,0.369046
439,0,0,0.0,0.4129548,0.39858505,0.18846026,0.484013
439,0,0,0.0,0.49220034,0.36152682,0.14627281,0.59898
439,0,0,0.0,0.45450547,0.3477013,0.19779325,0.713947
439,0,0,0.0,0.42703485,0.36798674,0.20497853,0.828914
439,0,0,0.0,0.44748855,0.34644845,0.20606308,0.943881
439,0,0,0.0,0.47572467,0.3998206,0.1244548,1.058848
439,0,0,0.0,0.5147318,0.36528462,0.119983636,1.123141
439,0,0,0.0,0.5851432,0.3181774,0.096679345,0.139163
439,0,0,0.0,0.48409617,0.376708,0.13919581,0.065479
439,0,0,0.0,0.522727,0.33487704,0.14239599,0.180446
391,0,0,5.960464477539063e-08,0.87219924,0.108962595,0.018838124,0.352102
391,0,0,0.0,0.83897555,0.12505282,0.035971712,0.372894
391,0,0,5.960464477539063e-08,0.8029806,0.12623627,0.0707831,0.393686
391,0,0,0.0,0.6493134,0.22297092,0.12771575,0.414477
391,0,0,0.0,0.8880739,0.09505681,0.016869538,0.644024
391,0,0,0.0,0.94920343,0.041619495,0.009177295,1.372678
391,0,0,1.4901161193847656e-08,0.9511409,0.03972095,0.009138159,1.39347
391,0,0,2.9802322387695312e-08,0.9197965,0.05818944,0.022013966,0.833942
391,0,0,0.0,0.77454585,0.11950808,0.10594612,0.20739
391,0,0,0.0,0.9415745,0.05015837,0.0082671065,0.631159
391,0,0,0.0,0.977005,0.017626245,0.0053688944,1.631077
391,0,0,3.725290298461914e-08,0.977347,0.017921047,0.004731869,2.217769
391,0,0,0.0,0.96939653,0.024263596,0.0063400464,1.217824
391,0,0,0.0,0.9715673,0.022378482,0.0060542133,0.217879
391,0,0,1.4901161193847656e-08,0.95885676,0.034151774,0.0069916183,0.618295
391,0,0,0.0,0.95999205,0.032706242,0.007301863,1.618212
391,0,0,0.0,0.9585642,0.034430202,0.007005755,2.228258
391,0,0,0.0,0.9718032,0.023383701,0.0048131095,1.228313
391,0,0,0.0,0.9729982,0.021966556,0.0050353673,0.228368
391,0,0,0.0,0.9368145,0.05320335,0.009982168,0.605431
391,0,0,0.0,0.93713343,0.053839035,0.009027543,1.605348
391,0,0,1.4901161193847656e-08,0.94260424,0.04982725,0.0075685573,2.238746
391,0,0,0.0,0.9539976,0.039085876,0.0069165328,1.238801
391,0,0,1.4901161193847656e-08,0.952403,0.03975264,0.007844263,0.238856
391,0,0,0.0,0.9600411,0.0333483,0.0066106864,0.592566
391,0,0,2.9802322387695312e-08,0.94660205,0.0441914,0.009206472,1.584629
391,0,0,4.470348358154297e-08,0.94674736,0.04468613,0.008566498,1.563461
391,0,0,0.0,0.9292264,0.059079137,0.011694535,1.24929
391,0,0,0.0,0.95583534,0.034776073,0.009388716,0.249345
391,0,0,0.0,0.87353337,0.104422264,0.02204455,0.579702
391,0,0,0.0,0.8988914,0.07926378,0.021844935,0.584853
391,0,0,0.0,0.93689257,0.047926456,0.015180947,0.563685
391,0,0,0.0,0.95087427,0.036111057,0.013014781,0.542517
391,0,0,0.0,0.9591762,0.030425208,0.01039871,0.259834
366,0,0,0.0,0.93465096,0.054901153,0.010447906,0.182623
366,0,0,0.0,0.9370012,0.053165607,0.009833211,0.252809
366,0,0,0.0,0.9266001,0.059926976,0.013472952,0.322996
366,0,0,1.4901161193847656e-08,0.9585687,0.031026237,0.010405154,0.393182
366,0,0,0.0,0.8708077,0.10376496,0.025427455,0.419216
366,0,0,5.960464477539063e-08,0.9097334,0.07479464,0.015471886,0.616562
90,0,2,0.0,0.016951302,0.0077534807,0.97529525,0.185112
90,0,2,0.0,0.2479594,0.13163735,0.6204034,0.573986
90,0,0,0.0,0.6611097,0.09004159,0.24884872,0.565972
90,0,2,0.0,0.03583235,0.03188316,0.9322845,0.227589
90,0,2,0.0,0.23123963,0.26447633,0.50428426,1.226687
90,0,0,0.0,0.95787394,0.019831467,0.022294547,0.799089
90,0,2,0.0,0.06399733,0.15172464,0.7842781,0.270067
90,0,0,0.0,0.6126987,0.17046914,0.21683231,0.922903
90,0,0,0.0,0.8573608,0.07578924,0.06685016,0.654965
86,0,1,0.0,0.22715384,0.67418116,0.098665066,0.000155
86,0,1,0.0,0.4213941,0.57091016,0.0076957326,0.113239
86,0,1,0.0,0.45003253,0.53717303,0.012794556,0.514646
86,0,1,0.0,0.2403602,0.7461399,0.013500019,0.86129
86,0,1,0.0,0.115451574,0.8756487,0.0088998005,0.226323
86,0,1,0.0,0.12819585,0.8657061,0.0060980697,0.627731
86,0,1,0.0,0.3172547,0.64759296,0.03515238,1.029138
86,0,1,0.0,0.30505395,0.6658137,0.029132467,1.087466
86,0,0,0.0,0.54733384,0.4273847,0.025281439,0.709158
86,0,0,0.0,0.60694855,0.36249116,0.030560473,0.33085
86,0,1,0.0,0.37299848,0.5732488,0.05375277,0.449365
86,0,1,0.0,0.332069,0.6138521,0.054078978,0.918402
86,0,0,0.0,0.52136785,0.42182857,0.056803618,0.540094
86,0,0,0.0,0.49420217,0.4487462,0.05705178,0.161786
38,0,0,5.960464477539063e-08,0.63283885,0.22460085,0.14256044,0.438626
38,0,0,5.960464477539063e-08,0.60009503,0.22460842,0.17529665,0.321274
38,0,0,0.0,0.6092855,0.187325,0.20338959,0.203922
38,0,2,0.0,0.35581216,0.13583222,0.50835574,0.086571
38,0,0,0.0,0.5451593,0.37494594,0.079894796,0.206309
38,0,0,0.0,0.8679844,0.10445657,0.02755908,1.143626
38,0,0,0.0,0.9288483,0.06233991,0.008811819,1.314365
38,0,0,0.0,0.933303,0.05778184,0.00891521,1.150989
38,0,0,0.0,0.9185571,0.07127262,0.010170533,0.184519
38,0,0,0.0,0.71139526,0.2298441,0.058760777,0.554787
38,0,0,0.0,0.888427,0.08754092,0.024032215,1.492104
38,0,0,0.0,0.9152508,0.070564575,0.01418474,1.860678
38,0,0,2.9802322387695312e-08,0.92548484,0.062983826,0.011531277,0.894208
38,0,0,0.0,0.89904845,0.083844796,0.017106717,0.903266
38,0,0,0.0,0.9525847,0.03725982,0.01015551,1.840582
38,0,0,0.0,0.9586225,0.03544629,0.005931277,1.603897
38,0,0,0.0,0.95183384,0.04138159,0.0067846114,0.637428
38,0,0,0.0,0.6553715,0.2842485,0.060380057,0.314427
38,0,0,5.960464477539063e-08,0.92755145,0.054774895,0.017673636,1.251744
38,0,0,5.960464477539063e-08,0.94677085,0.04599016,0.007238996,2.189061
38,0,0,0.0,0.9283241,0.062002074,0.009673936,1.347117
38,0,0,0.0,0.92419046,0.06605484,0.009754833,0.380647
38,0,0,0.0,0.86116695,0.12413557,0.014697541,0.662906
38,0,0,0.0,0.95446944,0.039018605,0.0065120747,1.600222
38,0,0,0.0,0.9628978,0.03190109,0.0052013667,2.056806
38,0,0,0.0,0.9369506,0.053238247,0.009811156,1.090336
38,0,0,0.0,0.9362928,0.05390192,0.009805221,0.123866
38,0,2,0.0,0.1800126,0.3355026,0.4844849,0.074067
38,0,0,0.0,0.86907125,0.11393565,0.016993199,1.011384
38,0,0,0.0,0.9723808,0.023064176,0.0045549725,1.552737
38,0,0,0.0,0.96222395,0.032136817,0.0056394218,1.66642
38,0,0,0.0,0.9248124,0.06427729,0.010910557,0.833555
38,0,0,0.0,0.5196773,0.31133214,0.16899063,0.331853
38,0,0,0.0,0.9372283,0.053171564,0.009600187,0.445536
38,0,0,0.0,0.9568991,0.03733319,0.0057679396,0.55922
38,0,0,0.0,0.87787575,0.1084705,0.013653885,0.672903
38,0,0,0.0,0.7957241,0.18199794,0.022277934,0.576775
8,0,0,0.0,0.9810606,0.014302648,0.0046369336,0.027893
8,0,0,0.0,0.75590056,0.079897486,0.164202,0.11238
8,0,0,0.0,0.7387935,0.08781179,0.1733948,0.334986
8,0,0,0.0,0.93945026,0.014286902,0.046262864,0.557591
8,0,0,0.0,0.98235935,0.011278343,0.006362399,0.780196
8,0,0,0.0,0.9612746,0.03087958,0.007846014,0.95566
8,0,0,0.0,0.9106169,0.037530467,0.051852714,0.080429
8,0,0,0.0,0.9188732,0.06515961,0.015967272,1.067479
8,0,0,0.0,0.9792631,0.012788067,0.007948852,1.309894
8,0,0,0.0,0.8960318,0.032093916,0.07187435,1.5325
8,0,0,0.0,0.95820105,0.026467485,0.015331533,1.755105
8,0,0,0.0,0.9889946,0.009115976,0.0018895922,1.208489
8,0,0,0.0,0.8752293,0.10985122,0.014919649,0.240978
8,0,0,0.0,0.9449787,0.039841924,0.015179514,0.240844
8,0,0,0.0,0.9331438,0.020604648,0.04625159,1.227894
8,0,0,0.0,0.97224766,0.012497055,0.015255407,2.214943
8,0,0,0.0,0.82493305,0.035975963,0.13909101,2.507408
8,0,0,0.0,0.9834434,0.0070984503,0.009458176,2.428829
8,0,0,0.0,0.97840667,0.019346245,0.0022471393,1.461319
8,0,0,0.0,0.97619164,0.020603577,0.0032047944,0.493808
8,0,0,0.0,0.95106614,0.0322102,0.016723746,0.401259
8,0,0,0.0,0.9450829,0.034731917,0.020185292,1.388309
8,0,0,0.0,0.9359331,0.031641252,0.03242571,2.375358
8,0,0,0.0,0.96235865,0.010885893,0.02675558,3.362408
8,0,0,5.587935447692871e-08,0.9936643,0.0035491134,0.0027864657,2.681659
8,0,0,0.0,0.9934784,0.0033612489,0.0031604136,1.714148
8,0,0,0.0,0.9534445,0.039269455,0.0072862846,0.746637
8,0,0,0.0,0.9614539,0.019853882,0.018692398,0.561674
8,0,0,0.0,0.93938756,0.046284188,0.014328342,1.548724
8,0,0,0.0,0.9604092,0.028913284,0.010677673,2.535773
8,0,0,0.0,0.9729919,0.012671661,0.014336693,3.522823
8,0,0,0.0,0.9877167,0.004617492,0.007665865,2.934488
8,0,0,0.0,0.9811649,0.0059857825,0.012849576,1.966977
8,0,0,0.0,0.9947041,0.004293895,0.0010020743,0.999466
8,0,0,0.0,0.99364007,0.0055185836,0.00084145134,0.031955
8,0,0,0.0,0.95278364,0.019175332,0.028041191,0.722089
8,0,0,0.0,0.88233674,0.044250146,0.07341319,1.709139
8,0,0,0.0,0.9442363,0.032411743,0.02335222,2.696188
8,0,0,0.0,0.9376454,0.029732838,0.032621875,3.683238
8,0,0,0.0,0.9492632,0.03919261,0.01154426,3.187317
8,0,0,0.0,0.93604654,0.0325407,0.03141296,2.219806
8,0,0,0.0,0.9930441,0.0043627974,0.0025931199,1.252295
8,0,0,0.0,0.99180067,0.0059849154,0.0022144113,0.284784
8,0,0,2.9802322387695312e-08,0.96467644,0.012044628,0.023278907,0.882504
8,0,0,0.0,0.9174184,0.06729339,0.015288491,1.869554
8,0,0,0.0,0.8854975,0.087111026,0.02739169,2.820802
8,0,0,5.960464477539063e-08,0.8454811,0.08497658,0.06954223,2.792765
8,0,0,0.0,0.81223905,0.07634525,0.111415796,2.764729
8,0,0,0.0,0.9754096,0.019741045,0.0048493673,2.472635
8,0,0,0.0,0.98859495,0.0077647907,0.0036405427,1.505124
8,0,0,0.0,0.9875089,0.008125686,0.0043653734,0.537613
8,0,0,0.0,0.93532866,0.053921506,0.010749818,0.055869
8,0,0,0.0,0.9251132,0.063910566,0.010976296,1.042919
8,0,0,0.0,0.9730219,0.019973842,0.007004208,1.849231
8,0,0,0.0,0.83466375,0.09348014,0.07185613,1.821195
8,0,0,0.0,0.92279065,0.045866348,0.031342994,1.793158
8,0,0,0.0,0.9649534,0.018694453,0.016352363,1.765122
8,0,0,0.0,0.98199505,0.014472968,0.0035320732,1.737085
8,0,0,0.0,0.9456607,0.049083542,0.005255725,1.709049
8,0,0,0.0,0.9476866,0.046797212,0.0055162576,0.768496
8,0,0,0.0,0.89611065,0.022405827,0.08148356,0.216284
8,0,0,0.0,0.9051819,0.021621339,0.07319689,0.877661
8,0,0,0.0,0.97819275,0.01236041,0.009446862,0.849624
8,0,0,0.0,0.9635479,0.013575087,0.022877121,0.821588
8,0,0,0.0,0.89510775,0.011401956,0.093490385,0.793551
8,0,0,0.0,0.99249,0.0051976005,0.0023124681,0.765515
8,0,0,0.0,0.9953576,0.0028856068,0.0017569166,0.737478
8,0,0,0.0,0.9717847,0.026268883,0.0019464021,0.709442
8,0,0,0.0,0.9791167,0.01918793,0.0016954907,0.681405
9,0,0,0.0,0.81999594,0.1160886,0.06391552,0.279537
9,0,0,0.0,0.6501956,0.19593884,0.15386571,0.209008
9,0,0,0.0,0.6794649,0.16998397,0.15055114,0.138478
9,0,0,0.0,0.68658984,0.14209375,0.17131655,0.067948
9,0,0,0.0,0.9644839,0.03213873,0.0033774115,0.560426
9,0,0,0.0,0.9682495,0.028110674,0.0036398936,1.206517
9,0,0,0.0,0.94707644,0.048278667,0.004644973,1.135988
9,0,0,1.4901161193847656e-08,0.95335144,0.041518494,0.005130117,1.065458
9,0,0,0.0,0.96197844,0.0336652,0.00435644,0.994928
9,0,0,0.0,0.9160153,0.07328801,0.010696636,0.924398
9,0,0,2.9802322387695312e-08,0.9261009,0.0641855,0.009713582,0.853868
9,0,0,0.0,0.9373581,0.05617495,0.0064669023,0.054098
9,0,0,1.4901161193847656e-08,0.9696316,0.027139384,0.0032289831,0.588456
9,0,0,0.0,0.9530744,0.043454994,0.0034707638,1.588063
9,0,0,0.0,0.93975407,0.050119314,0.010126772,2.133497
9,0,0,0.0,0.9556226,0.03475817,0.009619323,2.062967
9,0,0,0.0,0.97652483,0.02033036,0.0031448558,1.992438
9,0,0,0.0,0.9341254,0.058095578,0.0077791666,1.921908
9,0,0,0.0,0.90694803,0.08177976,0.011272338,1.006939
9,0,0,0.0,0.9643326,0.031614985,0.00405249,0.008002
9,0,0,0.0,0.9625744,0.030485379,0.0069403294,0.616486
9,0,0,0.0,0.957076,0.03797029,0.0049539083,1.616093
9,0,0,0.0,0.936372,0.052055288,0.011572733,2.6157
9,0,0,0.0,0.9605908,0.031755216,0.007654024,3.060477
9,0,0,0.0,0.98298836,0.014829726,0.002181897,2.958717
9,0,0,4.470348358154297e-08,0.966675,0.029068852,0.0042561647,1.95978
9,0,0,0.0,0.94251966,0.050855264,0.006625256,0.960843
9,0,0,0.0,0.9489347,0.046648733,0.004416587,0.644516
9,0,0,1.4901161193847656e-08,0.94529593,0.05001813,0.0046859086,1.644123
9,0,0,0.0,0.9516677,0.04166881,0.006663612,2.64373
9,0,0,0.0,0.9633779,0.031540547,0.005081684,3.643337
9,0,0,0.0,0.9689017,0.025679668,0.0054187053,2.912621
9,0,0,0.0,0.96521205,0.030962478,0.003825629,1.913684
9,0,0,0.0,0.9562277,0.03509115,0.00868109,0.914747
9,0,0,0.0,0.94985104,0.045287795,0.00486124,0.672546
9,0,0,0.0,0.9341642,0.059544045,0.0062917517,1.672153
9,0,0,0.0,0.9229909,0.07055625,0.0064528408,2.67176
9,0,0,0.0,0.92790526,0.06595965,0.006135,3.671368
9,0,0,0.0,0.95056117,0.041931745,0.0075071086,2.866526
9,0,0,0.0,0.9468736,0.047973182,0.0051532467,1.867589
9,0,0,0.0,0.93990177,0.054327242,0.0057710293,0.868651
9,0,0,0.0,0.9440801,0.049369927,0.006550009,0.700576
9,0,0,0.0,0.9211197,0.070436046,0.008444338,1.700184
9,0,0,0.0,0.9573107,0.037808247,0.0048811855,2.699791
9,0,0,0.0,0.9590528,0.036348652,0.004598598,3.699398
9,0,0,0.0,0.9681883,0.027822463,0.003989392,2.82043
9,0,0,0.0,0.9366363,0.057405468,0.005958289,1.821493
9,0,0,2.9802322387695312e-08,0.9345313,0.05870153,0.006767329,0.822556
9,0,0,0.0,0.91070133,0.07860185,0.010696884,0.728607
9,0,0,1.4901161193847656e-08,0.9416043,0.051863536,0.0065322774,1.728214
9,0,0,0.0,0.98118895,0.015777614,0.0030333821,2.727821
9,0,0,7.450580596923828e-09,0.9819323,0.015119491,0.002948339,3.727428
9,0,0,0.0,0.958179,0.036833644,0.004987439,2.774334
9,0,0,0.0,0.9406621,0.05280439,0.0065335887,1.775397
9,0,0,0.0,0.95009655,0.043879766,0.0060237413,0.77646
9,0,0,0.0,0.9592707,0.034907747,0.005821666,0.756637
9,0,0,0.0,0.9631491,0.03289288,0.0039580986,1.756244
9,0,0,0.0,0.9711208,0.025744643,0.0031347096,2.755851
9,0,0,0.0,0.96916187,0.027439784,0.0033983965,3.727175
9,0,0,0.0,0.9728212,0.024146078,0.0030327428,2.728238
9,0,0,0.0,0.96729845,0.029027082,0.003674669,1.729301
9,0,0,0.0,0.9592105,0.03468838,0.0061011557,0.730364
9,0,0,0.0,0.9573428,0.03743272,0.005224638,0.784667
9,0,0,0.0,0.9723758,0.02455921,0.0030652292,1.784274
9,0,0,0.0,0.973226,0.023989066,0.0027849954,2.783881
9,0,0,1.4901161193847656e-08,0.97134155,0.025716582,0.0029418243,3.681079
9,0,0,0.0,0.9800686,0.017722735,0.0022087009,2.682142
9,0,0,5.21540641784668e-08,0.97723883,0.020050986,0.0027102146,1.683205
9,0,0,0.0,0.94536406,0.049628288,0.005007888,0.684268
9,0,0,0.0,0.9689102,0.026365679,0.004724163,0.812697
9,0,0,0.0,0.9965205,0.0026049528,0.0008747273,1.812304
9,0,0,4.470348358154297e-08,0.9667351,0.030005379,0.0032596195,2.811911
9,0,0,0.0,0.9700974,0.026806304,0.0030964436,3.634983
9,0,0,0.0,0.96924925,0.02782154,0.0029293033,2.636046
9,0,0,0.0,0.97088903,0.026067011,0.0030441291,1.637109
9,0,0,0.0,0.9665934,0.029315617,0.0040910216,0.638172
9,0,0,0.0,0.9642133,0.031417534,0.0043693553,0.840727
9,0,0,5.960464477539063e-08,0.97573966,0.021553053,0.0027072462,1.840334
9,0,0,0.0,0.96975416,0.027080232,0.003165703,2.652142
9,0,0,0.0,0.971137,0.025958175,0.002905032,2.686605
9,0,0,0.0,0.97967297,0.018142706,0.0021844078,2.58995
9,0,0,0.0,0.96731323,0.02951018,0.003176769,1.591013
9,0,0,8.940696716308594e-08,0.9541771,0.041448668,0.0043743127,0.592076
9,0,0,0.0,0.94394296,0.050164517,0.0058926814,0.868757
9,0,0,0.0,0.9730197,0.024072882,0.002907436,1.618274
9,0,0,0.0,0.9735274,0.023605295,0.0028674903,1.652736
9,0,0,1.4901161193847656e-08,0.9716551,0.025431983,0.0029130632,1.687199
9,0,0,0.0,0.97075504,0.02624258,0.003002357,1.721661
9,0,0,0.0,0.9667134,0.030064842,0.0032217512,1.544917
9,0,0,2.9802322387695312e-08,0.9440262,0.050746717,0.0052270954,0.54598
9,0,0,0.0,0.97249496,0.023752358,0.0037528172,0.584406
9,0,0,0.0,0.93049544,0.063145176,0.006359321,0.618868
9,0,0,0.0,0.904385,0.08757534,0.008039705,0.65333
9,0,0,0.0,0.9001946,0.09121473,0.008590685,0.687793
9,0,0,2.9802322387695312e-08,0.9208827,0.072105184,0.0070121246,0.722255
9,0,0,0.0,0.91765946,0.074592344,0.007748195,0.756717
9,0,0,0.0,0.947936,0.044934217,0.007129856,0.499884
253,0,2,0.0,0.0847755,0.1485215,0.7667031,0.351172
253,0,0,0.0,0.42416582,0.24804021,0.32779396,0.519447
253,0,2,0.0,0.09080747,0.37407586,0.53511673,0.074776
253,0,1,0.0,0.24245575,0.42484045,0.33270395,0.629118
253,0,2,0.0,0.34870127,0.13261831,0.5186804,1.18346
253,0,0,0.0,0.94816405,0.035691872,0.016144145,1.294895
253,0,0,0.0,0.8578949,0.09071394,0.05139128,0.663484
253,0,0,0.0,0.7491278,0.18506067,0.06581146,0.032072
253,0,2,0.0,0.25808778,0.3250447,0.41686755,0.398874
253,0,2,0.0,0.27157277,0.28413388,0.44429353,0.152882
253,0,0,0.0,0.59837,0.24846378,0.15316626,0.027283
253,0,0,0.0,0.47056344,0.13334668,0.39608988,0.549975
253,0,0,0.0,0.74188435,0.20355345,0.054562293,1.302672
253,0,0,2.9802322387695312e-08,0.92062896,0.06425411,0.015116954,2.055368
253,0,0,0.0,0.94782823,0.037246346,0.014925633,1.438932
253,0,0,0.0,0.93565774,0.05021323,0.014129083,1.004602
253,0,0,0.0,0.68885016,0.2281635,0.08298636,1.109402
253,0,0,0.0,0.4808508,0.30677268,0.21237671,0.405734
253,0,2,0.0,0.21387798,0.24463682,0.5414853,0.155634
253,0,0,0.0,0.55619556,0.16497879,0.27882573,0.601747
253,0,0,0.0,0.8433695,0.10000216,0.056628533,1.047859
253,0,0,0.0,0.71534485,0.18265146,0.10200371,0.688372
253,0,0,0.0,0.9417014,0.016965833,0.041333,0.644304
253,0,0,0.0,0.9016981,0.079748206,0.018553793,1.397
253,0,0,0.0,0.9528681,0.038894378,0.008237586,2.149696
253,0,0,0.0,0.97504175,0.017922234,0.007036039,2.004066
253,0,0,5.960464477539063e-08,0.89617366,0.083684646,0.020141631,1.819931
253,0,0,0.0,0.84240925,0.12680706,0.030783724,1.116263
253,0,0,0.0,0.84222084,0.12609948,0.031679723,0.413475
253,0,0,0.0,0.8338294,0.11773784,0.048432738,0.604499
253,0,0,0.0,0.8770429,0.07658297,0.04637423,1.050611
253,0,0,0.0,0.89593947,0.08103713,0.023023404,1.496723
253,0,0,2.9802322387695312e-08,0.9418913,0.041202784,0.016905984,1.942836
253,0,0,0.0,0.80223334,0.15266615,0.045100685,1.349462
253,0,0,0.0,0.6944562,0.23657541,0.068968564,0.599155
253,0,0,0.0,0.7877184,0.08499462,0.1272871,0.738632
253,0,0,5.960464477539063e-08,0.9322636,0.04587785,0.021858526,1.491329
253,0,0,0.0,0.9758826,0.019134033,0.004983286,2.244025
253,0,0,5.960464477539063e-08,0.90913916,0.07575484,0.01510603,2.53046
253,0,0,0.0,0.88454145,0.096825086,0.018633664,1.826902
253,0,0,0.0,0.90345097,0.080203235,0.016345918,1.339865
253,0,0,8.940696716308594e-08,0.8652331,0.09505368,0.03971326,1.499475
253,0,0,0.0,0.90264463,0.07516987,0.022185603,1.945588
253,0,0,0.0,0.87761414,0.09523012,0.027155785,2.3917
253,0,0,0.0,0.91292477,0.060248822,0.026826525,2.760858
253,0,0,0.0,0.89676535,0.079550385,0.023684336,2.010551
253,0,0,0.0,0.8575564,0.11062379,0.031819955,1.260244
253,0,0,5.960464477539063e-08,0.84439623,0.11753702,0.03806678,0.509937
253,0,2,0.0,0.0024735748,0.023499686,0.9740268,0.080264
253,0,0,0.0,0.6032655,0.2276365,0.16909805,0.832961
253,0,0,0.0,0.93163157,0.037463915,0.030904526,1.585657
253,0,0,0.0,0.9557663,0.034827664,0.009406044,2.338353
253,0,0,0.0,0.9727222,0.017974516,0.009303378,2.638531
253,0,0,0.0,0.96768373,0.023235677,0.00908074,2.327985
253,0,0,0.0,0.9382058,0.046661593,0.015132721,2.42429
253,0,0,2.9802322387695312e-08,0.8714154,0.09939797,0.029186778,2.840565
253,0,0,0.0,0.91176337,0.066596955,0.021639833,3.018458
253,0,0,0.0,0.93743366,0.045519516,0.017046763,2.510484
253,0,0,0.0,0.9582865,0.029755823,0.011957731,2.00251
253,0,0,0.0,0.946309,0.037498415,0.01619274,1.494536
253,0,0,0.0,0.93976843,0.0428716,0.017360002,0.986562
253,0,0,0.0,0.73779863,0.1935225,0.068679065,0.420719
253,0,0,0.0,0.77891415,0.02241537,0.19867054,0.174593
253,0,0,0.0,0.969713,0.01849545,0.011791692,0.927289
253,0,0,0.0,0.9910859,0.0067420476,0.0021721919,1.679985
253,0,0,7.450580596923828e-09,0.97653806,0.018840184,0.004621713,2.432682
253,0,0,2.9802322387695312e-08,0.95580494,0.037945658,0.006249493,3.185378
253,0,0,0.0,0.9503427,0.04175566,0.007901772,3.173033
253,0,0,0.0,0.9581825,0.0337601,0.008057425,2.665059
253,0,0,0.0,0.93250763,0.050819714,0.016672684,2.157085
253,0,0,0.0,0.96658844,0.02261789,0.010793801,1.649112
253,0,0,5.960464477539063e-08,0.9339262,0.048441987,0.017631808,1.141138
253,0,0,0.0,0.81707716,0.1339666,0.048956316,0.633164
253,0,0,0.0,0.8061637,0.14307272,0.050763644,0.12519
253,0,0,0.0,0.7393414,0.03111134,0.22954726,0.268921
253,0,0,0.0,0.8936362,0.07570124,0.030662743,1.021618
253,0,0,0.0,0.85996825,0.11543996,0.02459181,1.774314
253,0,0,0.0,0.9352342,0.05600507,0.0087608155,2.52701
253,0,0,0.0,0.9607716,0.03351514,0.0057133357,2.311661
253,0,0,7.450580596923828e-08,0.97393245,0.02199896,0.004068531,1.803687
253,0,0,0.0,0.88411665,0.0926122,0.023271177,1.295713
253,0,0,0.0,0.818145,0.13818577,0.043669216,0.787739
253,0,0,0.0,0.5974686,0.30307445,0.099457026,0.279765
253,0,0,0.0,0.6787744,0.14356342,0.17766225,0.36325
253,0,0,0.0,0.6568291,0.30037805,0.042792946,1.115946
253,0,0,2.9802322387695312e-08,0.85032624,0.12938756,0.020286223,1.868642
253,0,0,5.21540641784668e-08,0.97729033,0.018963901,0.0037457466,1.450288
253,0,0,0.0,0.95460224,0.039784875,0.0056130793,0.942314
253,0,0,0.0,0.75596434,0.20776166,0.036274135,0.434341
253,0,0,0.0,0.7616274,0.1235744,0.11479832,0.457578
253,0,0,0.0,0.753964,0.18028148,0.06575464,1.09689
253,0,0,0.0,0.93132395,0.05610711,0.012569033,0.588916
253,0,0,0.0,0.8553401,0.12187025,0.022789665,0.080942
253,0,0,0.0,0.9420871,0.00888028,0.049032792,0.235517
388,0,0,0.0,0.8492743,0.12047368,0.030252064,0.127447
388,0,0,0.0,0.891448,0.081048794,0.02750325,0.15641
388,0,0,0.0,0.89715713,0.075318135,0.027524944,0.950685
388,0,0,0.0,0.8335971,0.12069883,0.045704078,0.492393
388,0,0,0.0,0.928595,0.051133778,0.02027119,0.76397
388,0,0,0.0,0.9511943,0.034994435,0.013811283,1.558244
388,0,0,0.0,0.93250227,0.051335562,0.016162178,1.358022
388,0,0,0.0,0.6630622,0.2151032,0.12183463,0.794197
388,0,0,0.0,0.5252085,0.24368739,0.2311042,0.02786
388,0,0,0.0,0.88440704,0.086825155,0.02876788,0.577254
388,0,0,0.0,0.8911478,0.0728402,0.03601207,1.371529
388,0,0,2.9802322387695312e-08,0.92492735,0.052361023,0.022711618,1.259589
388,0,0,0.0,0.55685556,0.25517625,0.18796827,0.918093
388,0,2,0.0,0.2262085,0.21961218,0.55417925,0.151757
388,0,0,0.0,0.7496746,0.20390758,0.046417873,0.390539
388,0,0,0.0,0.88660854,0.082284294,0.031107306,1.184814
388,0,0,0.0,0.67722857,0.124770164,0.19800134,1.009522
388,0,0,0.0,0.6865596,0.15340371,0.16003671,0.299267
388,0,2,0.0,0.22256663,0.24085858,0.53657484,0.275654
388,0,0,0.0,0.8669369,0.10248046,0.030582588,0.536451
388,0,0,0.0,0.86917883,0.095143855,0.035677474,1.028858
388,0,0,0.0,0.602522,0.20991284,0.18756521,0.312149
388,0,0,0.0,0.8078333,0.12895204,0.063214704,0.317518
37,0,0,1.1920928955078125e-07,0.67825943,0.21163277,0.11010779,0.247483
37,0,0,0.0,0.7249594,0.19340055,0.08164027,0.625513
37,0,0,5.960464477539063e-08,0.69964236,0.22404122,0.07631639,0.475762
37,0,0,0.0,0.71381605,0.20625581,0.07992822,0.326011
37,0,0,0.0,0.6951389,0.21558625,0.089274965,0.17626
37,0,0,0.0,0.6824359,0.21255493,0.10500934,0.026509
37,0,0,0.0,0.6718654,0.21720463,0.11093016,0.493853
37,0,0,0.0,0.8000379,0.1560706,0.043891642,1.463029
37,0,0,0.0,0.82328004,0.14326075,0.03345923,1.464486
37,0,0,0.0,0.79835856,0.16385369,0.03778776,1.314735
37,0,0,0.0,0.7931523,0.16558434,0.041263495,1.164984
37,0,0,0.0,0.8195014,0.13869944,0.04179918,1.015233
37,0,0,0.0,0.8197326,0.14034125,0.039926365,0.865481
37,0,0,0.0,0.7272721,0.18236184,0.09036617,0.71573
37,0,0,0.0,0.7430935,0.19970481,0.057201847,0.565979
37,0,0,0.0,0.8251209,0.13389833,0.040980887,0.043683
37,0,0,0.0,0.5957703,0.17049232,0.23373751,0.041118
37,0,0,0.0,0.63675123,0.22977886,0.13347006,0.148911
37,0,0,5.960464477539063e-08,0.60852903,0.22778374,0.16368732,0.094591
37,0,0,1.1920928955078125e-07,0.6504556,0.21139649,0.13814798,0.040271
37,0,0,0.0,0.8221488,0.12889597,0.04895537,0.740223
37,0,0,0.0,0.84938425,0.11911859,0.031497374,1.709399
37,0,0,0.0,0.8976225,0.08228139,0.02009624,2.45321
37,0,0,0.0,0.8763509,0.10004438,0.023604969,2.303459
37,0,0,0.0,0.87534523,0.10219531,0.022459729,2.153707
37,0,0,0.0,0.77568215,0.15855509,0.0657628,2.003956
37,0,0,5.960464477539063e-08,0.8249722,0.14383356,0.031194355,1.854205
37,0,0,0.0,0.7035788,0.21793333,0.07848792,1.704454
37,0,0,0.0,0.59492546,0.31241238,0.092662245,0.944858
37,0,0,0.0,0.834643,0.08578898,0.07956816,0.191952
37,0,0,0.0,0.80551535,0.11251068,0.08197409,1.147434
37,0,0,0.0,0.79745644,0.12911692,0.073426686,1.093114
37,0,0,0.0,0.82001966,0.1320135,0.047966983,1.038794
37,0,0,0.0,0.82397693,0.13556482,0.040458295,0.984474
37,0,0,0.0,0.86415726,0.107287094,0.028555764,1.241488
37,0,0,0.0,0.8429608,0.1261984,0.03084095,2.020476
37,0,0,0.0,0.82094115,0.14595081,0.033108257,2.936555
37,0,0,0.0,0.8540405,0.120841786,0.025117721,3.292182
37,0,0,0.0,0.862092,0.114563175,0.023344975,3.142431
37,0,0,0.0,0.8710274,0.1066215,0.022351233,2.99268
37,0,0,0.0,0.7599086,0.18244737,0.057644147,2.841572
37,0,0,0.0,0.7475039,0.19880927,0.05368695,1.846034
37,0,0,0.0,0.550241,0.3157117,0.1340474,0.850496
37,0,0,0.0,0.84063524,0.05983731,0.099527545,0.342785
37,0,0,0.0,0.91520536,0.048452843,0.0363419,1.331345
37,0,0,0.0,0.8759947,0.086236015,0.03776954,2.091638
37,0,0,0.0,0.830326,0.12615605,0.04351807,2.037318
37,0,0,0.0,0.8638341,0.10655947,0.029606486,1.982998
37,0,0,5.960464477539063e-08,0.81539285,0.1454358,0.039171357,2.118533
37,0,0,0.0,0.8436481,0.12767737,0.02867467,2.651267
37,0,0,0.0,0.8020837,0.16305043,0.0348659,3.401507
37,0,0,0.0,0.70206344,0.23271984,0.0652168,4.255735
37,0,0,0.0,0.7162907,0.21879834,0.06491105,4.131155
37,0,0,0.0,0.6839371,0.24138243,0.07468053,3.742748
37,0,0,0.0,0.7366081,0.20357203,0.05981997,2.74721
37,0,0,0.0,0.610824,0.2719279,0.11724831,1.751672
37,0,0,0.0,0.6031567,0.30756176,0.089281514,0.756134
37,0,0,0.0,0.65869296,0.030834297,0.31047276,0.493619
37,0,0,0.0,0.83554983,0.053526778,0.11092331,1.472804
37,0,0,0.0,0.84977007,0.07659365,0.07363643,1.715419
37,0,0,0.0,0.7844572,0.14192402,0.07361881,1.958033
37,0,0,0.0,0.8257494,0.13424496,0.04000574,2.200648
37,0,0,0.0,0.7733874,0.18028775,0.046325024,2.511936
37,0,0,0.0,0.831982,0.13686089,0.03115708,3.102772
37,0,0,0.0,0.79980034,0.16165619,0.03854367,3.865821
37,0,0,0.0,0.80281025,0.16125643,0.035933517,4.718257
37,0,0,0.0,0.80457777,0.16069739,0.034725077,4.643923
37,0,0,0.0,0.6990652,0.22674046,0.07419444,3.648386
37,0,0,0.0,0.84276915,0.13284,0.02439093,2.652848
37,0,0,0.0,0.6802881,0.23432927,0.085382655,1.65731
37,0,0,0.0,0.677937,0.2575116,0.06455147,0.661772
37,0,2,0.0,0.020252071,0.016514026,0.96323407,0.260067
37,0,2,5.960464477539063e-08,0.09568595,0.05302503,0.851289,0.502682
37,0,2,0.0,0.20278327,0.10316835,0.69404835,0.745296
37,0,0,0.0,0.6422012,0.16915415,0.18864465,0.987911
37,0,0,0.0,0.8547802,0.10781975,0.03740011,1.230525
37,0,0,0.0,0.89816004,0.08631926,0.015520855,1.68889
37,0,0,0.0,0.80532163,0.1331962,0.061482325,2.483893
37,0,0,0.0,0.79867953,0.14050801,0.06081246,3.389262
37,0,0,0.0,0.76466155,0.16642475,0.068913735,4.336412
37,0,0,5.960464477539063e-08,0.6808675,0.21759203,0.10154058,4.549561
37,0,0,5.960464477539063e-08,0.64678967,0.2510947,0.10211581,3.554023
37,0,0,0.0,0.69918656,0.2304911,0.07032241,2.558485
37,0,0,0.0,0.66092044,0.25345197,0.08562769,1.562948
37,0,0,5.960464477539063e-08,0.61918646,0.29827935,0.08253431,0.56741
37,0,2,0.0,0.22073926,0.21972974,0.55953103,0.017788
37,0,0,0.0,0.5997359,0.23029424,0.16996992,0.278392
37,0,0,0.0,0.8433928,0.11591084,0.040696375,1.181049
37,0,0,0.0,0.8194123,0.11779323,0.06279463,2.170772
37,0,0,1.1920928955078125e-07,0.84052676,0.10699842,0.05247481,3.166958
37,0,0,0.0,0.8163673,0.13159567,0.052037038,4.164973
37,0,0,0.0,0.7740841,0.16160347,0.06431257,4.455199
37,0,0,0.0,0.6640783,0.2490548,0.08686688,3.459661
37,0,0,0.0,0.7256473,0.20499873,0.0693542,2.464123
37,0,0,0.0,0.69096386,0.23427129,0.07476491,1.468585
37,0,0,5.960464477539063e-08,0.5998687,0.30758467,0.09254673,0.473047
37,0,0,0.0,0.5275911,0.32529593,0.147113,0.381078
37,0,0,0.0,0.6559697,0.2206492,0.12338121,1.335746
37,0,0,0.0,0.7860937,0.14779748,0.06610888,2.290413
37,0,0,0.0,0.74822104,0.1778277,0.073951215,3.251484
37,0,0,0.0,0.7844748,0.15400879,0.06151662,4.229601
37,0,0,0.0,0.79519176,0.15247758,0.052330744,4.360837
37,0,0,0.0,0.7954139,0.15515849,0.049427766,3.365299
37,0,0,5.960464477539063e-08,0.7496056,0.17542376,0.074970715,2.369761
37,0,0,0.0,0.6467582,0.24524419,0.10799768,1.374223
37,0,0,0.0,0.62037104,0.29872108,0.08090799,0.378685
37,0,0,0.0,0.44663072,0.40455344,0.14881606,0.678751
37,0,0,0.0,0.6606957,0.26402628,0.0752781,1.633419
37,0,0,0.0,0.6721163,0.23149621,0.09638768,2.588086
37,0,0,0.0,0.71647274,0.20916393,0.07436337,3.542754
37,0,0,5.960464477539063e-08,0.8365761,0.12671712,0.036706727,4.497422
37,0,0,5.960464477539063e-08,0.8361437,0.13158119,0.03227526,4.266475
37,0,0,0.0,0.7794681,0.1564159,0.064116225,3.270937
37,0,0,0.0,0.7476592,0.17732528,0.07501552,2.275399
37,0,0,0.0,0.65919876,0.24093047,0.09987088,1.279861
37,0,0,0.0,0.66803706,0.2654287,0.06653422,0.284323
37,0,0,0.0,0.42174673,0.3911093,0.18714392,0.021756
37,0,0,1.1920928955078125e-07,0.54765564,0.34128585,0.11105843,0.976424
37,0,0,5.960464477539063e-08,0.57564646,0.3079967,0.11635696,1.931092
37,0,0,0.0,0.75135654,0.20234089,0.046302598,2.885759
37,0,0,0.0,0.6878732,0.2315014,0.08062547,3.840427
37,0,0,0.0,0.6542494,0.26043844,0.08531221,4.795095
37,0,0,5.960464477539063e-08,0.5926472,0.2942037,0.113149114,4.172113
37,0,0,5.960464477539063e-08,0.6826397,0.23523955,0.0821208,3.176575
37,0,0,5.960464477539063e-08,0.67349106,0.23143339,0.095075645,2.181037
37,0,0,0.0,0.74272406,0.19953911,0.05773683,1.185499
37,0,0,5.960464477539063e-08,0.73621887,0.20676616,0.057014972,0.189961
37,0,1,0.0,0.3764889,0.38436288,0.23914826,0.32179
37,0,0,0.0,0.70684665,0.23483208,0.058321305,1.274097
37,0,0,0.0,0.6078196,0.29148138,0.10069909,2.228765
37,0,0,0.0,0.6395921,0.2626394,0.09776844,3.183432
37,0,0,1.1920928955078125e-07,0.70245916,0.22544336,0.072097585,3.979041
37,0,0,0.0,0.89675325,0.091529064,0.011717783,4.102295
37,0,0,0.0,0.8980295,0.09073049,0.011240118,4.07775
37,0,0,0.0,0.88930476,0.0992973,0.0113978945,3.082212
37,0,0,0.0,0.7889018,0.16387333,0.04722502,2.086675
37,0,0,0.0,0.8014365,0.15581326,0.042750344,1.091137
37,0,0,0.0,0.85877526,0.12258438,0.01864036,0.095599
37,0,0,0.0,0.38731003,0.30732885,0.30536118,0.482346
37,0,0,0.0,0.4495809,0.3176811,0.23273806,1.081997
37,0,0,5.960464477539063e-08,0.66412234,0.25152698,0.08435077,1.718936
37,0,0,0.0,0.6039139,0.27565193,0.12043417,2.55763
37,0,0,0.0,0.66674125,0.23491347,0.09834541,2.863412
37,0,0,0.0,0.79929066,0.16310191,0.037607584,2.986666
37,0,0,0.0,0.7580409,0.18415858,0.057800695,3.10992
37,0,0,0.0,0.75921834,0.18288049,0.05790127,3.233173
37,0,0,0.0,0.78543437,0.16327825,0.05128746,2.98785
37,0,0,0.0,0.81209946,0.14823636,0.039664365,1.992312
37,0,0,0.0,0.84704435,0.11383838,0.039117366,0.996774
37,0,0,0.0,0.73459303,0.18502347,0.08038349,0.001236
37,0,2,7.450580596923828e-08,0.012855533,0.024862977,0.9622814,0.099929
37,0,2,0.0,0.042277407,0.045448884,0.9122738,0.420216
37,0,2,0.0,0.17196888,0.14970553,0.67832565,0.740502
37,0,0,0.0,0.44982034,0.22949886,0.32068086,1.282607
37,0,0,0.0,0.55277663,0.2649716,0.18225183,1.501275
37,0,0,5.960464477539063e-08,0.55145055,0.25082067,0.19772875,1.624529
37,0,0,0.0,0.65594447,0.22081286,0.12324269,1.747783
37,0,0,0.0,0.77706057,0.16333093,0.05960868,1.871037
37,0,0,0.0,0.8182068,0.1461872,0.035606146,1.994291
37,0,0,0.0,0.78962874,0.1698841,0.040487166,2.117544
37,0,0,0.0,0.7938833,0.16661982,0.039496966,2.240798
37,0,0,0.0,0.8045115,0.15611577,0.03937288,2.364052
37,0,0,5.960464477539063e-08,0.8300554,0.13881165,0.031133007,1.89795
37,0,0,0.0,0.721266,0.1914683,0.087265745,0.902412
37,0,2,2.9802322387695312e-08,0.020328693,0.02227507,0.9573962,0.015885
37,0,2,0.0,0.028514052,0.024021294,0.9474648,0.139139
37,0,2,0.0,0.043664895,0.040282976,0.9160523,0.262393
37,0,2,0.0,0.062723085,0.06795058,0.86932653,0.385646
37,0,2,0.0,0.085855015,0.0946627,0.8194824,0.5089
37,0,2,0.0,0.18400128,0.101397455,0.7146013,0.632154
37,0,2,0.0,0.3498951,0.12096945,0.5291355,0.755408
37,0,0,0.0,0.5837514,0.15389445,0.2623542,0.878662
37,0,0,1.1920928955078125e-07,0.7124606,0.1808715,0.106668,1.001915
37,0,0,0.0,0.7378446,0.1702003,0.091955215,1.125169
37,0,0,0.0,0.6512327,0.21710089,0.13166651,1.248423
37,0,0,0.0,0.69456583,0.19643171,0.10900253,1.371677
37,0,0,0.0,0.89825165,0.078992635,0.02275564,1.494931
37,0,0,0.0,0.6889008,0.20763269,0.10346657,0.80805
37,0,2,0.0,0.08451609,0.10238326,0.81310076,0.00954
37,0,2,0.0,0.1163279,0.1342441,0.74942815,0.132794
37,0,2,0.0,0.17061238,0.1285392,0.7008486,0.256048
37,0,2,0.0,0.30192167,0.14026166,0.5578167,0.379302
37,0,2,0.0,0.35320637,0.14171009,0.5050837,0.502555
37,0,0,0.0,0.61768115,0.1579901,0.2243289,0.625809
376,0,0,0.0,0.91149133,0.0670017,0.021507204,0.149328
376,0,0,0.0,0.7591788,0.16561382,0.07520728,0.638043
376,0,0,1.1920928955078125e-07,0.71490407,0.19667555,0.08842051,0.373515
376,0,0,0.0,0.93428516,0.05280229,0.012912632,0.576036
376,0,0,8.940696716308594e-08,0.9218856,0.059883665,0.018230675,1.097041
376,0,0,0.0,0.9448285,0.04374607,0.011425532,0.192575
376,0,0,0.0,0.9209399,0.06239209,0.01666793,0.098353
376,0,0,0.0,0.9327774,0.053883467,0.013339247,1.002743
376,0,0,0.0,0.92696947,0.060293987,0.012736692,0.670497
376,0,0,0.0,0.9224647,0.0613911,0.01614413,0.525061
376,0,0,0.0,0.9301104,0.056255553,0.013634211,1.148419
376,0,0,0.0,0.9175277,0.068657905,0.013814423,0.243952
376,0,0,0.0,0.89402175,0.080150604,0.025827719,0.047379
376,0,0,0.0,0.93275076,0.051055923,0.01619328,0.951768
376,0,0,0.0,0.926011,0.060846,0.013143028,0.721874
376,0,0,0.0,0.76818377,0.16062073,0.071195655,0.474086
376,0,0,0.0,0.8391885,0.11960887,0.041202683,0.856829
376,0,0,0.0,0.8392086,0.12674262,0.034048848,0.29533
438,0,0,0.0,0.8876711,0.08442473,0.027904214,0.249552
438,0,0,0.0,0.8658154,0.10331657,0.030868119,0.082582
438,0,0,0.0,0.8343357,0.13802473,0.027639687,0.05068
438,0,0,0.0,0.9123435,0.06887198,0.018784583,1.046218
438,0,0,0.0,0.91779435,0.06544452,0.016761253,1.068544
438,0,0,0.0,0.9686775,0.0231279,0.008194706,0.901574
438,0,0,0.0,0.8596606,0.099723384,0.040616028,0.734604
438,0,0,0.0,0.9470962,0.042218853,0.010684976,0.567634
438,0,0,0.0,0.95841503,0.030865166,0.010720042,0.400664
438,0,0,0.0,0.91682947,0.067804426,0.015366202,0.233694
438,0,0,0.0,0.854015,0.12435484,0.021630224,0.066724
438,0,0,0.0,0.64677966,0.272825,0.08039548,0.145042
438,0,0,0.0,0.76976305,0.18428035,0.0459566,1.14058
438,0,0,0.0,0.8345594,0.13257608,0.032864697,2.054506
438,0,0,0.0,0.91375893,0.067190446,0.01905076,1.887536
438,0,0,0.0,0.86701447,0.10876767,0.024217881,1.720566
438,0,0,0.0,0.9152175,0.07444202,0.010340529,1.553596
438,0,0,0.0,0.90723526,0.0729854,0.019779475,1.386626
438,0,0,0.0,0.89055413,0.08872995,0.020716108,1.219656
438,0,0,0.0,0.835946,0.13009265,0.03396145,1.052686
438,0,0,0.0,0.867004,0.105467595,0.02752847,0.885716
438,0,0,0.0,0.7995864,0.15576419,0.0446494,0.718746
438,0,0,0.0,0.74707747,0.18800832,0.06491427,0.117698
438,0,0,0.0,0.65843177,0.27359378,0.06797445,0.239404
438,0,0,5.960464477539063e-08,0.73326826,0.2173164,0.049415376,1.234942
438,0,0,0.0,0.71389633,0.22826937,0.05783452,2.23048
438,0,0,0.0,0.75705475,0.19568104,0.047264375,2.873498
438,0,0,0.0,0.8180718,0.15306243,0.028865874,2.706528
438,0,0,0.0,0.83247036,0.14241204,0.025117733,2.539558
438,0,0,5.960464477539063e-08,0.8332173,0.13660538,0.030177455,2.372588
438,0,0,0.0,0.7882659,0.16987045,0.041863706,2.205618
438,0,0,0.0,0.8454247,0.12512496,0.02945031,2.038648
438,0,0,0.0,0.866312,0.108886145,0.024801888,1.871678
438,0,0,0.0,0.83645487,0.13474552,0.028799813,0.943708
438,0,0,5.960464477539063e-08,0.5879306,0.32719263,0.08487674,0.333766
438,0,0,0.0,0.8613973,0.12610026,0.012502558,1.329304
438,0,0,0.0,0.8693258,0.11886015,0.0118140755,2.324842
438,0,0,0.0,0.67526436,0.26898623,0.055749554,3.32038
438,0,0,0.0,0.9142252,0.078056425,0.0077183414,3.69249
438,0,0,0.0,0.7700038,0.19879748,0.031198828,3.52552
438,0,0,0.0,0.9277286,0.06490064,0.0073708547,3.35855
438,0,0,0.0,0.9003906,0.090798445,0.008811013,3.19158
438,0,0,0.0,0.8086989,0.16083491,0.030466314,2.756679
438,0,0,0.0,0.81375474,0.15550323,0.030742029,1.769717
438,0,0,2.9802322387695312e-08,0.8649122,0.123236254,0.011851613,0.782755
438,0,0,0.0,0.573574,0.3267558,0.09967014,0.428128
438,0,0,0.0,0.8682358,0.1194997,0.012264519,1.423666
438,0,0,0.0,0.8697831,0.11812993,0.012087037,2.419204
438,0,0,8.940696716308594e-08,0.8939344,0.09569837,0.010367104,3.414742
438,0,0,2.9802322387695312e-08,0.9018139,0.0895445,0.00864175,4.41028
438,0,0,0.0,0.7319495,0.22931731,0.038733214,4.511482
438,0,0,2.9802322387695312e-08,0.90222985,0.087944835,0.0098252855,4.344512
438,0,0,2.9802322387695312e-08,0.89973503,0.09087198,0.009392912,3.582689
438,0,0,0.0,0.86659855,0.12021637,0.013185147,2.595727
438,0,0,0.0,0.8910217,0.097188786,0.011789702,1.608765
438,0,0,0.0,0.7840168,0.17954257,0.036440685,0.621803
438,0,0,0.0,0.8001267,0.17874299,0.021130405,0.522491
438,0,0,0.0,0.80255026,0.17906192,0.018388048,1.518028
438,0,0,0.0,0.8100529,0.17186706,0.018080138,2.513566
438,0,0,0.0,0.7348904,0.2219606,0.043149207,3.509104
438,0,0,0.0,0.72129965,0.23539034,0.04331014,4.504642
438,0,0,0.0,0.7553902,0.20643167,0.038178142,5.395661
438,0,0,0.0,0.9248783,0.06705828,0.008063478,4.408699
438,0,0,0.0,0.7636585,0.1820568,0.054284763,3.421737
438,0,0,0.0,0.7278981,0.21071969,0.061382364,2.434775
438,0,0,0.0,0.7616912,0.1903445,0.047964487,1.447812
438,0,0,0.0,0.73634315,0.22318077,0.04047622,0.46085
438,0,0,0.0,0.63804823,0.28408304,0.07786882,0.616853
438,0,0,0.0,0.6150966,0.3140028,0.07090081,1.612391
438,0,0,0.0,0.6112234,0.30988184,0.07889484,2.607929
438,0,0,0.0,0.724916,0.22610795,0.048976105,3.603467
438,0,0,0.0,0.7140371,0.24236333,0.043599647,4.599004
438,0,0,0.0,0.77732563,0.18008198,0.042592537,5.234709
438,0,0,0.0,0.91662365,0.07316885,0.010207516,4.247746
438,0,0,0.0,0.74293303,0.19194901,0.065118,3.260784
438,0,0,0.0,0.6987245,0.23256889,0.068706624,2.273822
438,0,0,0.0,0.7345729,0.21054006,0.054887347,1.28686
438,0,0,0.0,0.6867387,0.25967127,0.053589962,0.299898
438,0,0,0.0,0.76067084,0.19040702,0.048922166,0.711215
438,0,0,0.0,0.7577839,0.20212078,0.04009546,1.706753
438,0,0,0.0,0.7389232,0.2164274,0.044649478,2.702291
438,0,0,0.0,0.90533924,0.0857764,0.008884443,3.697829
438,0,0,0.0,0.73606205,0.21606362,0.047874417,4.693367
438,0,0,0.0,0.79461956,0.16197619,0.043404236,5.073756
438,0,0,0.0,0.7772491,0.16666497,0.05608598,4.086794
438,0,0,0.0,0.8998262,0.08756441,0.012609433,3.099832
438,0,0,0.0,0.9059772,0.08396178,0.010061303,2.11287
438,0,0,0.0,0.894794,0.09415663,0.011049431,1.125907
438,0,0,0.0,0.6707418,0.26798347,0.061274715,0.138945
438,0,0,0.0,0.75620365,0.19406472,0.049731772,0.805577
438,0,0,0.0,0.75521946,0.20487027,0.0399104,1.801115
438,0,0,0.0,0.76278573,0.20129539,0.03591898,2.796653
438,0,0,8.940696716308594e-08,0.89833283,0.09170921,0.009957968,3.792191
438,0,0,0.0,0.7448353,0.20546903,0.04969574,4.787729
438,0,0,0.0,0.80115354,0.15606256,0.04278401,4.912804
438,0,0,0.0,0.9368221,0.05583538,0.0073424545,3.925842
438,0,0,5.960464477539063e-08,0.74542487,0.18329044,0.071284726,2.938879
438,0,0,0.0,0.73995817,0.1979195,0.062122386,1.951917
438,0,0,0.0,0.7186675,0.2132873,0.06804529,0.964955
438,0,0,0.0,0.9014703,0.08719545,0.011334381,0.899939
438,0,0,0.0,0.7882122,0.18413164,0.027656322,1.895477
438,0,0,0.0,0.78806585,0.1842274,0.027706932,2.891015
438,0,0,0.0,0.91986084,0.071899235,0.008239974,3.886553
438,0,0,0.0,0.7052303,0.241861,0.05290888,4.882091
438,0,0,5.960464477539063e-08,0.74446297,0.19734055,0.05819657,4.751851
438,0,0,0.0,0.8129183,0.13817762,0.0489041,3.764889
438,0,0,0.0,0.76454365,0.1673837,0.06807276,2.777927
438,0,0,0.0,0.74402887,0.19436035,0.06161088,1.790965
438,0,0,0.0,0.7314768,0.19703844,0.071484804,0.804003
438,0,0,0.0,0.896327,0.092873886,0.010799057,0.994301
438,0,0,0.0,0.70727444,0.24094394,0.05178179,1.989839
438,0,0,0.0,0.692102,0.248483,0.05941511,2.985377
438,0,0,0.0,0.74922234,0.20679104,0.043986678,3.980915
438,0,0,0.0,0.7620015,0.20394112,0.034057606,4.368304
438,0,0,0.0,0.88944733,0.09891066,0.011642162,4.496854
438,0,0,0.0,0.82762283,0.13054451,0.041832726,3.603937
438,0,0,0.0,0.7579962,0.17705159,0.06495223,2.616974
438,0,0,0.0,0.673622,0.24550971,0.080868386,1.630012
438,0,0,0.0,0.69517714,0.22662318,0.07819973,0.64305
438,0,0,5.960464477539063e-08,0.68427145,0.21940899,0.09631949,0.093126
438,0,0,0.0,0.72963995,0.21189858,0.05846162,1.088664
438,0,0,0.0,0.7687235,0.18770252,0.043574166,2.084202
438,0,0,0.0,0.7673528,0.19117643,0.041470867,3.07974
438,0,0,0.0,0.7793825,0.17300151,0.04761606,3.24805
438,0,0,0.0,0.77008283,0.19363976,0.036277454,3.376601
438,0,0,0.0,0.7741699,0.1713912,0.054439086,3.505151
438,0,0,0.0,0.8158693,0.13961622,0.044514447,3.442984
438,0,0,0.0,0.82293427,0.13620146,0.040864404,2.456022
438,0,0,0.0,0.6891435,0.23767772,0.07317885,1.46906
438,0,0,0.0,0.6914464,0.24144888,0.06710483,0.482098
438,0,0,0.0,0.73847824,0.16748042,0.094041385,0.187488
438,0,0,0.0,0.78218555,0.16943608,0.04837846,1.183026
438,0,0,0.0,0.78416646,0.17063989,0.045193836,1.999246
438,0,0,0.0,0.7708007,0.18362395,0.045575462,2.127796
438,0,0,2.9802322387695312e-08,0.9201723,0.071149975,0.008677725,2.256347
438,0,0,5.960464477539063e-08,0.885365,0.10435362,0.010281268,2.384898
438,0,0,0.0,0.8451397,0.11929335,0.035567135,2.513448
438,0,0,0.0,0.82627296,0.13507327,0.03865392,2.641999
438,0,0,5.960464477539063e-08,0.83197254,0.13221872,0.03580885,2.29507
438,0,0,0.0,0.7236429,0.21269932,0.063657895,1.308107
438,0,0,0.0,0.7255727,0.21529926,0.05912806,0.321145
438,0,0,0.0,0.6086846,0.19750777,0.1938077,0.28185
438,0,0,0.0,0.8057446,0.14208984,0.052165654,0.878992
438,0,0,0.0,0.77836263,0.16162243,0.060015053,1.007543
438,0,0,0.0,0.75602645,0.18316059,0.060812976,1.136094
438,0,0,5.960464477539063e-08,0.7159001,0.21228534,0.07181465,1.264644
438,0,0,0.0,0.78003836,0.170231,0.04973068,1.393195
438,0,0,0.0,0.74365866,0.18774742,0.06859392,1.521746
438,0,0,0.0,0.7697407,0.17725818,0.053001244,1.650296
438,0,0,0.0,0.8347222,0.12615944,0.039118383,1.778847
438,0,0,5.960464477539063e-08,0.6274764,0.2891673,0.08335633,1.147155
438,0,0,0.0,0.63394135,0.28257275,0.083485976,0.160193
438,0,0,0.0,0.6593632,0.23492754,0.1057094,0.01584
438,0,0,0.0,0.71931237,0.20985328,0.07083439,0.144391
438,0,0,5.960464477539063e-08,0.6547573,0.26190612,0.083336584,0.272941
438,0,0,0.0,0.60873103,0.28191665,0.10935235,0.401492
438,0,0,1.7881393432617188e-07,0.55027586,0.29146257,0.15826167,0.530043
438,0,0,0.0,0.6506815,0.22634748,0.12297107,0.658593
438,0,0,0.0,0.62884516,0.25335816,0.11779668,0.787144
438,0,0,0.0,0.5236744,0.35395414,0.12237136,0.915695
413,0,0,5.960464477539063e-08,0.8324915,0.10524798,0.06226052,0.037542
413,0,0,0.0,0.83052266,0.10743559,0.062041715,0.079802
413,0,0,0.0,0.66214097,0.22881071,0.10904839,0.122061
413,0,0,0.0,0.7067605,0.20710865,0.08613093,0.16432
413,0,0,0.0,0.47910145,0.24702199,0.27387658,0.206579
413,0,0,0.0,0.7152782,0.098625176,0.18609671,0.656316
413,0,0,0.0,0.78219265,0.13256037,0.08524698,0.698576
413,0,0,0.0,0.79511374,0.13125397,0.07363243,0.740835
413,0,0,0.0,0.8593952,0.08603261,0.054572184,0.783094
413,0,0,0.0,0.87569374,0.08883094,0.035475474,0.825353
413,0,0,0.0,0.8767912,0.09179183,0.031417027,0.867612
413,0,0,0.0,0.8266823,0.13191651,0.04140122,0.909872
413,0,0,0.0,0.8710026,0.09851346,0.030484073,0.952131
413,0,0,0.0,0.86231524,0.10321343,0.034471534,0.99439
413,0,0,0.0,0.88551426,0.08436068,0.030125186,1.036649
413,0,0,0.0,0.8601894,0.10956467,0.03024605,1.078908
413,0,0,0.0,0.8168499,0.14526823,0.03788193,1.121168
413,0,0,0.0,0.8172335,0.1450719,0.03769473,1.163427
413,0,0,0.0,0.74322414,0.18624622,0.070529774,0.486093
413,0,0,0.0,0.48082736,0.07064349,0.44852924,0.076355
413,0,0,0.0,0.55877924,0.110451356,0.33076942,0.236214
413,0,0,0.0,0.76266646,0.103638306,0.13369535,0.868478
413,0,0,0.0,0.8111424,0.110014185,0.07884343,1.697682
413,0,0,0.0,0.7900382,0.12704594,0.082915835,1.739942
413,0,0,0.0,0.7951969,0.111490205,0.09331293,1.782201
413,0,0,0.0,0.85092634,0.099931575,0.049142163,1.82446
413,0,0,0.0,0.8577437,0.10109213,0.041164275,1.866719
413,0,0,0.0,0.7921254,0.1451208,0.06275386,1.908978
413,0,0,5.960464477539063e-08,0.76474494,0.17911594,0.056139212,1.951237
413,0,0,0.0,0.87336916,0.09564588,0.030985216,1.993497
413,0,0,0.0,0.85061836,0.115870535,0.033511292,2.035756
413,0,0,0.0,0.83039284,0.1337396,0.03586767,2.078015
413,0,0,0.0,0.81673187,0.14214864,0.041119564,2.120274
413,0,0,0.0,0.80147284,0.14962487,0.048902467,1.219517
413,0,0,0.0,0.6369966,0.22156659,0.14143689,0.24822
413,0,0,0.0,0.8930236,0.033645853,0.07333053,0.46331
413,0,0,0.0,0.92020893,0.037129886,0.042661384,1.062381
413,0,0,0.0,0.8828115,0.055537965,0.06165053,1.223354
413,0,0,0.0,0.955019,0.027270788,0.017710418,1.512978
413,0,0,0.0,0.9106713,0.056851298,0.032477517,2.222985
413,0,0,0.0,0.9192671,0.051988695,0.028744247,2.507255
413,0,0,2.9802322387695312e-08,0.89875317,0.066294916,0.034952026,2.443861
413,0,0,0.0,0.87606776,0.08434469,0.039587624,2.380467
413,0,0,0.0,0.9012956,0.071081474,0.027623089,2.317073
413,0,0,0.0,0.9434724,0.041202057,0.015325708,2.253679
413,0,0,0.0,0.90571547,0.06676931,0.027515374,2.190284
413,0,0,5.960464477539063e-08,0.8424904,0.11730052,0.040209185,2.12689
413,0,0,0.0,0.8628683,0.10450084,0.032630876,2.063496
413,0,0,0.0,0.8207597,0.14145675,0.03778362,2.000102
413,0,0,5.960464477539063e-08,0.87990963,0.08211426,0.037976082,1.936708
413,0,0,0.0,0.85891217,0.08979469,0.05129312,0.981644
413,0,0,0.0,0.45386073,0.36896056,0.17717884,0.010348
413,0,0,0.0,0.93674195,0.028203424,0.035054684,0.722295
413,0,0,0.0,0.94464254,0.034746677,0.020610873,1.688176
413,0,0,0.0,0.9127719,0.05579536,0.0314329,1.699449
413,0,0,0.0,0.9470874,0.033100296,0.019812418,1.636055
413,0,0,0.0,0.95636004,0.025270417,0.018369451,1.572661
413,0,0,0.0,0.947588,0.03513325,0.017278746,1.509267
413,0,0,0.0,0.9499911,0.034750886,0.01525807,1.445872
413,0,0,0.0,0.92278296,0.05282803,0.024389116,1.382478
413,0,0,0.0,0.9385237,0.04229781,0.01917859,1.319084
413,0,0,0.0,0.88220686,0.084920324,0.032873016,1.25569
413,0,0,2.9802322387695312e-08,0.91017073,0.061403427,0.028425826,1.192296
413,0,0,0.0,0.88127244,0.08831133,0.030416409,1.128902
413,0,0,0.0,0.8737421,0.09320829,0.033049762,1.065508
413,0,0,0.0,0.8377172,0.13031591,0.03196704,1.002113
413,0,0,0.0,0.76156336,0.18992956,0.048507333,0.938719
413,0,0,0.0,0.77560484,0.17346597,0.050929286,0.847225
413,0,0,0.0,0.80395126,0.07313324,0.12291555,0.015398
413,0,0,0.0,0.9030037,0.04887702,0.04811953,0.828249
413,0,0,0.0,0.8987352,0.058501635,0.04276316,0.764855
413,0,0,0.0,0.8849515,0.06589816,0.049150504,0.70146
413,0,0,5.960464477539063e-08,0.87300724,0.07750524,0.0494876,0.638066
413,0,0,0.0,0.9314909,0.042822525,0.025686784,0.574672
413,0,0,0.0,0.90945476,0.062566034,0.0279793,0.511278
413,0,0,2.9802322387695312e-08,0.8936619,0.069902636,0.03643543,0.447884
413,0,0,0.0,0.8255686,0.12911502,0.045316525,0.38449
413,0,0,0.0,0.8294368,0.12506576,0.045497533,0.321096
413,0,0,0.0,0.8127317,0.13486354,0.052405033,0.257701
413,0,0,0.0,0.82677454,0.128637,0.04458866,0.194307
413,0,0,0.0,0.8300396,0.1360639,0.033896565,0.130913
413,0,0,0.0,0.8096921,0.1524802,0.037827883,0.067519
413,0,0,0.0,0.73633623,0.21515515,0.04850878,0.004125
41,0,0,0.0,0.9526106,0.040689822,0.0066997255,0.065197
41,0,0,2.9802322387695312e-08,0.91260254,0.07442112,0.012976331,0.345925
41,0,0,0.0,0.911195,0.07151097,0.01729421,0.320098
41,0,0,0.0,0.9579981,0.035156745,0.0068452847,0.29427
41,0,0,0.0,0.9064824,0.07484834,0.018669296,0.268443
41,0,0,0.0,0.8756146,0.10090471,0.023480803,0.242615
41,0,0,0.0,0.9353525,0.052089207,0.012558334,0.216788
41,0,0,2.9802322387695312e-08,0.9486534,0.039756205,0.011590449,0.190961
41,0,0,0.0,0.88530743,0.089022815,0.025669891,0.165133
41,0,0,0.0,0.9763881,0.020509617,0.0031023684,0.219797
41,0,0,0.0,0.9214984,0.06645967,0.012041907,1.207774
41,0,0,0.0,0.9532532,0.040595863,0.0061510406,1.319764
41,0,0,2.9802322387695312e-08,0.92066115,0.065357454,0.013981297,1.293937
41,0,0,0.0,0.94230956,0.046333242,0.0113572,1.268109
41,0,0,0.0,0.9721518,0.023013279,0.004834884,1.242282
41,0,0,1.4901161193847656e-08,0.95717907,0.031999145,0.010821826,1.216454
41,0,0,1.4901161193847656e-08,0.9627906,0.027631456,0.009577929,1.190627
41,0,0,0.0,0.91264623,0.069814675,0.017539168,0.715774
41,0,0,0.0,0.97317606,0.023585893,0.0032379578,0.374398
41,0,0,5.960464477539063e-08,0.95877,0.036445644,0.0047843563,1.362375
41,0,0,0.0,0.9198059,0.067444116,0.012750059,2.319431
41,0,0,0.0,0.9374199,0.05173348,0.010846722,2.293603
41,0,0,0.0,0.95629555,0.034541734,0.009162795,2.267776
41,0,0,0.0,0.9416856,0.0430925,0.015222054,2.241948
41,0,0,0.0,0.98188925,0.014589743,0.003521039,2.216121
41,0,0,0.0,0.9798855,0.01628688,0.003827519,1.534258
41,0,0,0.0,0.84828866,0.13080105,0.02091045,0.54837
41,0,0,7.450580596923828e-08,0.96140695,0.034045957,0.0045471145,0.528999
41,0,0,0.0,0.9302193,0.056707397,0.013073354,1.516976
41,0,0,0.0,0.9751127,0.021406904,0.0034805485,2.504953
41,0,0,0.0,0.9760562,0.0201892,0.0037545355,3.29327
41,0,0,4.470348358154297e-08,0.97599465,0.020209322,0.0037960259,3.267442
41,0,0,0.0,0.9680847,0.026462713,0.0054526827,3.241615
41,0,0,0.0,0.9739436,0.02150527,0.0045510954,2.352742
41,0,0,0.0,0.9730467,0.021872524,0.005080845,1.366853
41,0,0,0.0,0.75693643,0.21191029,0.03115324,0.380965
41,0,0,0.0,0.94619507,0.046172593,0.0076322514,0.6836
41,0,0,0.0,0.93206215,0.052173726,0.015764212,1.671577
41,0,0,0.0,0.97622406,0.01977459,0.004001291,2.659554
41,0,0,0.0,0.97609174,0.020083155,0.0038251781,3.207329
41,0,0,0.0,0.9506809,0.03551481,0.013804343,3.289064
41,0,0,0.0,0.94683325,0.0390678,0.014099006,3.171225
41,0,0,0.0,0.93311447,0.05117688,0.015708745,2.185337
41,0,0,0.0,0.9177476,0.060152628,0.02209979,1.199449
41,0,0,0.0,0.64868194,0.31146488,0.039853144,0.21356
41,0,0,0.0,0.9662814,0.02799257,0.0057259495,0.838201
41,0,0,0.0,0.93063164,0.052913025,0.016455662,1.826178
41,0,0,0.0,0.96533835,0.028827662,0.0058340635,2.128939
41,0,0,0.0,0.9656191,0.027962247,0.0064187706,2.210675
41,0,0,0.0,0.9470215,0.04315143,0.009827179,2.29241
41,0,0,0.0,0.9006472,0.072002985,0.027349994,2.374146
41,0,0,0.0,0.85048765,0.11064874,0.03886379,2.017932
41,0,0,0.0,0.8637735,0.1026817,0.03354485,1.032044
41,0,0,2.9802322387695312e-08,0.8899351,0.095253535,0.014811395,0.046156
41,0,0,0.0,0.95425606,0.0377937,0.007950398,0.004825
41,0,0,0.0,0.9136921,0.06783311,0.018474774,0.968814
41,0,0,0.0,0.9504222,0.04021009,0.009367756,1.05055
41,0,0,0.0,0.9594879,0.03240112,0.008111266,1.132285
41,0,0,1.4901161193847656e-08,0.95065457,0.039292607,0.010052767,1.214021
41,0,0,0.0,0.9292499,0.05477403,0.015976198,1.295756
41,0,0,0.0,0.91687256,0.05863653,0.02449096,1.377492
41,0,0,0.0,0.78702897,0.1477901,0.06518093,1.459228
41,0,0,0.0,0.8007192,0.14281926,0.05646174,0.86464
41,0,0,0.0,0.9597651,0.03161798,0.008616959,0.053896
41,0,0,0.0,0.9526839,0.037824098,0.009491971,0.135631
41,0,0,8.940696716308594e-08,0.9511692,0.039130885,0.009699883,0.217367
41,0,0,0.0,0.92327315,0.06143476,0.01529207,0.299102
41,0,0,8.940696716308594e-08,0.88599414,0.08905619,0.024949696,0.380838
41,0,0,0.0,0.88088423,0.090796836,0.028318925,0.462573
41,0,0,0.0,0.78494275,0.1649112,0.050146062,0.544309
429,0,0,0.0,0.95500904,0.0396767,0.00531443,0.268135
429,0,0,0.0,0.9549335,0.03960715,0.0054593817,0.759785
429,0,0,0.0,0.9799103,0.016555658,0.003534139,0.666649
429,0,0,0.0,0.98295397,0.014276164,0.0027700174,0.573512
429,0,0,0.0,0.96346873,0.03165377,0.004877651,0.480376
429,0,0,7.450580596923828e-08,0.969628,0.026052559,0.0043194126,0.38724
429,0,0,0.0,0.96149695,0.032658685,0.0058443043,0.294104
429,0,0,0.0,0.9519085,0.039725922,0.008365653,0.200967
429,0,0,0.0,0.96828246,0.026270742,0.005446849,0.482648
429,0,0,0.0,0.9755384,0.019940639,0.0045210714,1.459369
429,0,0,0.0,0.9777881,0.018166278,0.004045693,1.662302
429,0,0,0.0,0.97548246,0.020831812,0.0036858495,1.569166
429,0,0,0.0,0.9715538,0.024822593,0.0036237482,1.476029
429,0,0,0.0,0.9779859,0.01890293,0.0031111904,1.382893
429,0,0,4.470348358154297e-08,0.9738871,0.021805106,0.004307814,1.289757
429,0,0,0.0,0.9610294,0.033025123,0.005945466,0.682563
429,0,0,0.0,0.9670904,0.027998298,0.00491142,0.69716
429,0,0,0.0,0.97171026,0.023975521,0.004314293,1.673881
429,0,0,0.0,0.97722244,0.019223403,0.0035542888,2.650603
429,0,0,0.0,0.97327805,0.022131544,0.0045904918,2.564819
429,0,0,0.0,0.97285414,0.023036115,0.004109925,2.471683
429,0,0,3.725290298461914e-08,0.97781014,0.01904567,0.0031441855,2.378547
429,0,0,0.0,0.9751486,0.021240557,0.0036110405,1.523866
429,0,0,1.4901161193847656e-08,0.96460927,0.029833827,0.0055569094,0.534837
429,0,0,0.0,0.98011154,0.016288107,0.0036004565,0.911672
429,0,0,7.450580596923828e-09,0.98271954,0.014413086,0.0028673643,1.888394
429,0,0,0.0,0.96778977,0.028076695,0.004133589,2.865115
429,0,0,0.0,0.9791357,0.01763139,0.0032329455,3.560472
429,0,0,0.0,0.98090965,0.016228838,0.0028615403,3.354196
429,0,0,0.0,0.9816915,0.015565679,0.0027429399,2.365168
429,0,0,7.450580596923828e-08,0.97072333,0.025173763,0.0041028196,1.37614
429,0,0,0.0,0.96718895,0.02812272,0.004688392,0.387111
429,0,0,0.0,0.9200917,0.07265458,0.00725374,0.149463
429,0,0,0.0,0.98102564,0.015633317,0.0033411097,1.126185
429,0,0,7.450580596923828e-09,0.9810601,0.015727438,0.003212492,2.102906
429,0,0,0.0,0.97723335,0.019339373,0.0034273786,3.079627
429,0,0,0.0,0.97468704,0.021639664,0.003673306,3.795901
429,0,0,0.0,0.97777075,0.019177608,0.0030516647,3.20647
429,0,0,0.0,0.97725546,0.019705651,0.0030389414,2.217442
429,0,0,0.0,0.97164476,0.024225129,0.0041302983,1.228414
429,0,0,0.0,0.95510596,0.0385612,0.006332858,0.239385
429,0,0,0.0,0.93257153,0.059479106,0.007949458,0.363976
429,0,0,0.0,0.9773058,0.018882804,0.0038113974,1.340697
429,0,0,6.705522537231445e-08,0.9780962,0.018144384,0.003759394,2.317418
429,0,0,0.0,0.9823561,0.014481141,0.003162901,2.749346
429,0,0,6.705522537231445e-08,0.97611105,0.020595334,0.0032936267,2.797039
429,0,0,0.0,0.9758143,0.020930855,0.0032550436,2.844732
429,0,0,0.0,0.97259235,0.023110308,0.004297504,2.069716
429,0,0,0.0,0.97525764,0.0205394,0.004203002,1.080688
429,0,0,0.0,0.95187294,0.04044202,0.007685061,0.091659
429,0,0,2.9802322387695312e-08,0.85992277,0.122970745,0.017106498,0.578488
429,0,0,0.0,0.9579199,0.035862744,0.0062174215,1.555209
429,0,0,0.0,0.9665198,0.02811136,0.0053689536,1.702791
429,0,0,0.0,0.95657593,0.036197994,0.0072262012,1.750484
429,0,0,0.0,0.9281029,0.061892822,0.010004311,1.798177
429,0,0,0.0,0.9678087,0.028173132,0.0040182583,1.84587
429,0,0,0.0,0.9812803,0.01566489,0.003054859,1.893563
429,0,0,0.0,0.9612565,0.033026982,0.0057165595,0.932962
429,0,0,0.0,0.77291834,0.20882618,0.018255511,0.608542
429,0,0,0.0,0.8241911,0.16131432,0.014494758,0.656236
429,0,0,0.0,0.77841634,0.20490508,0.01667855,0.703929
429,0,0,0.0,0.82875264,0.15996523,0.011282174,0.751622
429,0,0,0.0,0.83668387,0.15343437,0.009881814,0.799315
429,0,0,0.0,0.8100714,0.17640999,0.013518746,0.847008
429,0,0,0.0,0.8447696,0.1413941,0.013836305,0.894701
429,0,0,0.0,0.90918875,0.082482144,0.008329193,0.785236
55,0,0,5.960464477539063e-08,0.739329,0.098159365,0.1625116,0.011047
55,0,0,0.0,0.68497604,0.12806709,0.18695703,0.227286
55,0,0,0.0,0.73073685,0.10010696,0.16915636,0.082177
55,0,0,0.0,0.73893744,0.16077556,0.100287035,0.424548
55,0,0,5.960464477539063e-08,0.8521425,0.10094042,0.04691703,1.004759
55,0,0,0.0,0.9192167,0.03609981,0.044683546,1.071592
55,0,0,1.4901161193847656e-08,0.9580575,0.027678506,0.014263921,0.926483
55,0,0,0.0,0.97656786,0.012869976,0.010562155,0.781373
55,0,0,7.450580596923828e-08,0.9597517,0.026072538,0.014175856,0.636264
55,0,0,0.0,0.94724274,0.032891016,0.019866347,0.491155
55,0,0,0.0,0.9491402,0.030729724,0.020129982,0.346045
55,0,0,0.0,0.9796945,0.010550039,0.0097556235,0.200936
55,0,0,1.4901161193847656e-08,0.9577271,0.01928432,0.022988541,0.055827
55,0,0,0.0,0.90560865,0.059221245,0.03517036,0.031806
55,0,0,0.0,0.9386244,0.030855669,0.030520156,0.262812
55,0,0,0.0,0.9472685,0.029240333,0.023491168,0.493819
55,0,0,5.960464477539063e-08,0.97134453,0.016429685,0.012225689,0.724825
55,0,0,1.4901161193847656e-08,0.97467244,0.013768042,0.011559497,0.955831
55,0,0,0.0,0.97718334,0.011820521,0.01099624,1.186837
55,0,0,0.0,0.97744703,0.015389089,0.0071639004,1.335461
55,0,0,0.0,0.9748211,0.016623203,0.008555758,1.190352
55,0,0,0.0,0.98131573,0.012236911,0.006447477,1.045242
55,0,0,0.0,0.98058075,0.013186084,0.006233327,0.900133
55,0,0,0.0,0.940447,0.032800533,0.026752718,0.755024
55,0,0,4.470348358154297e-08,0.97418654,0.011485642,0.014327843,0.609914
55,0,0,5.21540641784668e-08,0.9815942,0.008446537,0.009959118,0.464805
55,0,0,1.4901161193847656e-08,0.9454361,0.027347108,0.027216792,0.063458
55,0,0,0.0,0.9470924,0.022734003,0.030173726,0.213884
55,0,0,0.0,0.9684936,0.014208393,0.01729802,0.44489
55,0,0,0.0,0.97989094,0.014028323,0.0060806368,0.675896
55,0,0,0.0,0.9731811,0.020778598,0.006040306,0.906902
55,0,0,0.0,0.9670769,0.023785178,0.009137889,1.137908
55,0,0,0.0,0.95967686,0.027914694,0.012408556,1.368914
55,0,0,0.0,0.97474396,0.0147560155,0.010500048,1.59933
55,0,0,0.0,0.9848799,0.0075131287,0.0076070647,0.859539
55,0,0,0.0,0.8842393,0.06211132,0.053649317,0.164956
55,0,0,0.0,0.93198675,0.048481815,0.019531487,0.395962
55,0,0,0.0,0.9466523,0.035559155,0.017788604,0.626968
55,0,0,0.0,0.95896286,0.023308242,0.017729023,0.673144
88,0,2,0.0,0.006575018,0.018489648,0.9749355,0.102115
88,0,2,0.0,0.0007660293,0.007841144,0.991393,0.021808
88,0,0,0.0,0.689126,0.24736716,0.06350695,0.767927
88,0,0,5.960464477539063e-08,0.9707119,0.024509566,0.0047785924,0.713343
88,0,0,0.0,0.9850017,0.012443883,0.002554644,0.207852
88,0,0,0.0,0.91920227,0.07115452,0.009643222,0.305686
88,0,0,4.470348358154297e-08,0.9734178,0.023170931,0.0034111673,0.818727
88,0,0,0.0,0.96187353,0.032635108,0.005491342,0.306293
93,0,2,0.0,0.11817982,0.017183969,0.8646364,0.139594
93,0,0,0.0,0.86410254,0.040509183,0.09538848,0.632052
93,0,0,0.0,0.9705007,0.01489997,0.0145993605,0.263214
93,0,0,0.0,0.7484058,0.043520138,0.20807412,0.151677
93,0,0,0.0,0.62148166,0.18044889,0.19806953,1.151604
93,0,0,0.0,0.96520805,0.020826843,0.013965206,0.159821
93,0,2,0.0,0.18156429,0.13045384,0.687982,0.16376
93,0,0,5.960464477539063e-08,0.6977133,0.121908985,0.1803777,1.051068
93,0,0,2.9802322387695312e-08,0.9488946,0.02665668,0.024448657,0.056427
93,0,2,0.0,0.0077236025,0.019374577,0.97290176,0.019791
93,0,2,0.0,0.12132487,0.08282487,0.7958503,0.33823
101,0,0,0.0,0.80489635,0.14194693,0.053156782,0.016399
101,0,0,0.0,0.7145215,0.21237731,0.073101334,0.415358
101,0,0,0.0,0.8192897,0.12377198,0.056938425,0.853378
101,0,0,0.0,0.861942,0.10601517,0.032042895,0.868492
101,0,0,0.0,0.89295775,0.08149388,0.025548588,0.389307
101,0,0,0.0,0.78406715,0.17852056,0.037412383,0.430183
101,0,0,0.0,0.8842778,0.092074364,0.023647768,0.811034
101,0,0,0.0,0.8633857,0.10216666,0.034447696,0.883317
101,0,0,0.0,0.8407728,0.121298455,0.037928794,0.346962
101,0,0,0.0,0.6358529,0.2991068,0.06504028,0.445008
101,0,0,0.0,0.8473716,0.11807367,0.034554962,0.768689
101,0,0,0.0,0.5963691,0.27741748,0.12621354,0.219146
101,0,0,5.960464477539063e-08,0.7383728,0.19188617,0.06974106,0.304617
430,0,0,0.0,0.95322335,0.03922848,0.007548158,0.109576
430,0,0,0.0,0.94731426,0.041701857,0.010983909,0.02784
430,0,0,0.0,0.96051365,0.033602938,0.005883483,0.306465
430,0,0,0.0,0.9489147,0.038621522,0.012463996,1.024494
430,0,0,0.0,0.9694027,0.024441909,0.006155547,0.942758
430,0,0,0.0,0.9677295,0.026206715,0.006063866,0.861023
430,0,0,0.0,0.96358794,0.030004034,0.00640822,0.779287
430,0,0,0.0,0.9456903,0.04463231,0.009677545,0.697552
430,0,0,0.0,0.92296696,0.06317169,0.013861418,0.615816
430,0,0,0.0,0.9250055,0.060935665,0.014058894,0.534081
430,0,0,0.0,0.848324,0.12377524,0.027900934,0.452345
430,0,0,0.0,0.9680129,0.027072994,0.004914166,0.454191
430,0,0,0.0,0.9523149,0.039891683,0.007793487,1.443219
430,0,0,0.0,0.96241516,0.031034915,0.0065499656,1.939413
430,0,0,1.4901161193847656e-08,0.9628462,0.030457104,0.006696711,1.857677
430,0,0,0.0,0.9292032,0.053346403,0.017450374,1.775941
430,0,0,0.0,0.95821667,0.034628373,0.007155191,1.694206
430,0,0,2.9802322387695312e-08,0.8717906,0.09088018,0.037329186,1.61247
430,0,0,0.0,0.86242497,0.09493031,0.0426448,1.279174
430,0,0,0.0,0.8028269,0.17423329,0.022940004,0.301006
430,0,0,0.0,0.9641892,0.031202056,0.004608797,0.601917
430,0,0,0.0,0.95581335,0.038045384,0.006141413,1.590945
430,0,0,0.0,0.9597422,0.033108685,0.0071491785,2.579974
430,0,0,0.0,0.9609851,0.03220737,0.0068075974,2.854331
430,0,0,0.0,0.95696986,0.03679953,0.0062306672,2.772595
430,0,0,7.450580596923828e-08,0.9587122,0.034045283,0.007242356,2.69086
430,0,0,0.0,0.8937794,0.07329584,0.03292487,2.049529
430,0,0,5.960464477539063e-08,0.9042784,0.06579996,0.029921567,1.07136
430,0,0,0.0,0.74278164,0.23305468,0.024163937,0.093192
430,0,0,0.0,0.9587279,0.035351112,0.0059210924,0.749643
430,0,0,0.0,0.9527874,0.039286584,0.007926112,1.738671
430,0,0,0.0,0.97137487,0.022998096,0.005626996,2.7277
430,0,0,0.0,0.970339,0.02438321,0.0052777897,3.716728
430,0,0,7.450580596923828e-08,0.9551537,0.035302088,0.009544255,3.769249
430,0,0,0.0,0.88927186,0.08733112,0.023397129,2.819883
430,0,0,5.960464477539063e-08,0.92519206,0.055703945,0.019104045,1.841715
430,0,0,0.0,0.93951315,0.042181477,0.01830551,0.863546
430,0,0,0.0,0.9509216,0.04149069,0.0075877625,0.897369
430,0,0,0.0,0.94179577,0.04345248,0.014751801,1.886397
430,0,0,0.0,0.97013694,0.022212321,0.007650842,2.875426
430,0,0,0.0,0.96720994,0.027809996,0.004980219,3.082422
430,0,0,0.0,0.9350496,0.05415003,0.010800447,3.107453
430,0,0,0.0,0.8964721,0.08252908,0.020998914,2.612069
430,0,0,0.0,0.9158269,0.068021424,0.016151637,1.633901
430,0,0,0.0,0.9141713,0.06497288,0.020855946,0.655733
430,0,0,0.0,0.88692284,0.08756323,0.025514051,0.056067
430,0,0,0.0,0.88553107,0.09167875,0.022790324,1.045095
430,0,0,0.0,0.9263164,0.05720009,0.016483642,2.032673
430,0,0,0.0,0.9690383,0.025930166,0.0050315056,2.057704
430,0,0,0.0,0.88858455,0.09321877,0.018196804,2.082735
430,0,0,0.0,0.8872005,0.095872596,0.016926965,2.107767
430,0,0,5.960464477539063e-08,0.9261462,0.057715397,0.016138412,2.132798
430,0,0,0.0,0.8390275,0.13863406,0.02233833,1.426087
430,0,0,0.0,0.8004374,0.15648845,0.043074287,0.447919
430,0,0,0.0,0.90588766,0.08615434,0.007958163,0.203793
430,0,0,2.9802322387695312e-08,0.8901126,0.10052743,0.009360072,1.007955
430,0,0,0.0,0.8826136,0.108497694,0.008888824,1.032986
430,0,0,0.0,0.8671293,0.12149933,0.01137137,1.058017
430,0,0,0.0,0.92385435,0.06944155,0.006704197,1.083049
430,0,0,0.0,0.8390428,0.14626731,0.014690029,1.10808
430,0,0,0.0,0.72232306,0.24386184,0.03381516,1.133111
430,0,0,0.0,0.6607562,0.3107288,0.02851514,1.158143
430,0,0,0.0,0.65345776,0.31103817,0.035504125,0.240105
430,0,0,0.0,0.8739521,0.11723174,0.008816308,0.008268
430,0,0,0.0,0.8972918,0.096892014,0.0058162836,0.033299
430,0,0,0.0,0.93309027,0.061635625,0.0052742423,0.058331
430,0,0,0.0,0.89003325,0.103705235,0.0062614726,0.083362
430,0,0,0.0,0.91513115,0.07548239,0.00938654,0.108393
430,0,0,0.0,0.9660259,0.030070987,0.0039033063,0.133425
430,0,0,0.0,0.85383415,0.1363718,0.009794175,0.158456
7,0,2,0.0,0.09098888,0.19852488,0.7104865,0.004669
7,0,0,0.0,0.7886567,0.13071294,0.08063058,0.597467
7,0,0,0.0,0.4993882,0.054735143,0.44587672,0.671917
7,0,0,1.1920928955078125e-07,0.48062134,0.05728317,0.46209574,0.708814
7,0,0,0.0,0.4863257,0.06414714,0.44952726,0.74571
7,0,2,0.0,0.3342891,0.08344373,0.5822673,0.782607
7,0,0,0.0,0.8841076,0.044270113,0.07162225,0.819504
7,0,0,2.9802322387695312e-08,0.93515223,0.020975456,0.043872315,0.856401
7,0,0,0.0,0.9696498,0.020598797,0.009751428,0.893298
7,0,0,0.0,0.8765616,0.059734415,0.06370408,0.930195
7,0,0,0.0,0.82818264,0.09246212,0.07935537,0.967091
7,0,0,0.0,0.5418811,0.23268348,0.22543566,0.531838
7,0,0,0.0,0.84812945,0.029108465,0.12276229,0.736672
7,0,0,0.0,0.7997423,0.10781715,0.09244068,1.671236
7,0,0,0.0,0.7919893,0.11687639,0.09113428,1.708133
7,0,0,0.0,0.83308566,0.10844632,0.05846803,1.745029
7,0,0,0.0,0.5527161,0.17713659,0.2701473,1.781926
7,0,0,0.0,0.90605307,0.043531448,0.05041544,1.818823
7,0,0,5.960464477539063e-08,0.96881163,0.022282107,0.008906189,1.85572
7,0,0,7.450580596923828e-09,0.99066305,0.0060641496,0.003272861,1.892617
7,0,0,5.960464477539063e-08,0.97208226,0.01818256,0.009735093,1.929514
7,0,0,0.0,0.95993197,0.029421085,0.010647041,1.473975
7,0,0,0.0,0.7936348,0.15251806,0.053847227,0.47556
7,0,2,0.0,0.23585989,0.07647696,0.6876632,0.875876
7,0,0,0.0,0.92264265,0.02338705,0.0539705,1.86614
7,0,0,0.0,0.9606607,0.019234058,0.02010535,2.707452
7,0,0,0.0,0.6744043,0.1344176,0.1911782,2.744349
7,0,0,0.0,0.90988106,0.061778836,0.028340276,2.781245
7,0,0,0.0,0.9416425,0.029194286,0.029163178,2.818142
7,0,0,0.0,0.98617643,0.009713773,0.004109978,2.855039
7,0,0,0.0,0.98821825,0.0085319895,0.0032499242,2.891936
7,0,0,5.960464477539063e-08,0.9647696,0.02894405,0.006286261,2.416113
7,0,0,0.0,0.95800203,0.03516538,0.006832749,1.417698
7,0,0,0.0,0.83906424,0.11663471,0.044301197,0.419283
7,0,0,0.0,0.42353544,0.2926542,0.28381038,0.024818
7,0,2,0.0,0.14693089,0.04660798,0.80646133,1.015081
7,0,0,0.0,0.931837,0.022982618,0.04518054,2.005345
7,0,0,5.960464477539063e-08,0.9598209,0.021759907,0.018419214,2.330757
7,0,0,0.0,0.9119188,0.021440318,0.06664092,2.330757
7,0,0,0.0,0.87865645,0.04311587,0.07822777,2.330757
7,0,0,0.0,0.9470669,0.018566541,0.034366626,2.330757
7,0,0,1.4901161193847656e-08,0.980384,0.014786661,0.0048293676,2.330757
7,0,0,0.0,0.9783292,0.015201064,0.006469789,2.330757
7,0,0,0.0,0.947442,0.02590143,0.026656754,2.330757
7,0,0,0.0,0.9382459,0.027659245,0.03409481,1.36142
7,0,0,0.0,0.95561236,0.025381647,0.019006168,0.363005
7,0,2,0.0,0.09411607,0.15628709,0.749597,0.164022
7,0,0,5.960464477539063e-08,0.6672159,0.13446833,0.19831596,1.154286
7,0,0,0.0,0.9404927,0.027678594,0.031828854,1.330757
7,0,0,0.0,0.94228,0.038424402,0.019295683,1.330757
7,0,0,0.0,0.76036954,0.077153206,0.16247723,1.330757
7,0,0,0.0,0.7083837,0.071313925,0.22030249,1.330757
7,0,0,0.0,0.94247836,0.029358555,0.028163102,1.330757
7,0,0,0.0,0.96184635,0.030952744,0.0072010914,1.330757
7,0,0,0.0,0.9187307,0.04780386,0.03346552,1.330757
7,0,0,0.0,0.86989444,0.070081644,0.06002392,1.330757
7,0,0,5.960464477539063e-08,0.87357306,0.05335754,0.07306951,1.305143
7,0,0,0.0,0.8488781,0.12335349,0.027768593,0.306727
7,0,2,0.0,0.074622385,0.061861195,0.86351645,0.303227
7,0,2,0.0,0.33163357,0.0905129,0.5778537,0.330757
7,0,0,0.0,0.468689,0.1029523,0.4283588,0.330757
7,0,0,0.0,0.68960714,0.06725849,0.24313457,0.330757
7,0,0,1.1920928955078125e-07,0.55614525,0.093181945,0.35067272,0.330757
7,0,0,0.0,0.7624278,0.0646132,0.17295916,0.330757
7,0,0,0.0,0.9398943,0.027235078,0.03287078,0.330757
7,0,0,0.0,0.9050808,0.056580532,0.03833877,0.330757
7,0,0,0.0,0.95971984,0.032868195,0.007412134,0.330757
7,0,0,0.0,0.92089504,0.047454152,0.031650953,0.330757
7,0,0,0.0,0.9317376,0.0331846,0.03507785,0.330757
7,0,0,0.0,0.7848178,0.15499087,0.06019139,0.25045
44,0,0,0.0,0.7406149,0.11398626,0.14539899,0.170581
44,0,0,0.0,0.7159934,0.12197955,0.16202714,0.121921
44,0,2,1.1920928955078125e-07,0.28902733,0.13629833,0.5746744,0.012069
44,0,0,0.0,0.8937623,0.07241106,0.033826757,0.17609
44,0,0,0.0,0.84505653,0.093404725,0.06153874,0.880437
44,0,0,0.0,0.8052906,0.10948774,0.085221805,1.115869
44,0,0,0.0,0.55005956,0.17988099,0.2700595,0.847794
44,0,0,0.0,0.5294119,0.18178941,0.2887987,0.124638
44,0,0,0.0,0.79837936,0.11141001,0.09021085,0.181599
44,0,0,0.0,0.8620815,0.08183868,0.056079987,0.885946
44,0,0,0.0,0.8195202,0.10444911,0.07603086,1.590293
44,0,0,0.0,0.82772225,0.09693832,0.07533951,0.880266
44,0,0,0.0,0.77498066,0.11845921,0.1065602,0.15711
44,0,0,0.0,0.78230757,0.10286194,0.11483067,0.187108
44,0,0,0.0,0.76632416,0.092318706,0.14135726,0.891455
44,0,0,0.0,0.7887007,0.10291524,0.10838408,1.595802
44,0,0,0.0,0.75481075,0.11400654,0.13118275,0.912738
44,0,0,0.0,0.75379854,0.10770554,0.13849615,0.189582
44,0,2,5.960464477539063e-08,0.049115524,0.012872862,0.9380117,0.192617
44,0,2,0.0,0.32767493,0.105467,0.56685823,0.760512
44,0,2,0.0,0.42843413,0.13286087,0.4387051,1.228762
44,0,0,0.0,0.7673914,0.08680953,0.14579925,0.94521
44,0,0,0.0,0.83185613,0.06901137,0.09913255,0.222054
44,0,2,0.0,0.09253792,0.07803003,0.82943213,0.345166
44,0,0,0.0,0.4646897,0.07549477,0.4598157,0.254526
400,0,0,0.0,0.7309739,0.24105014,0.02797602,0.125432
400,0,0,0.0,0.77197456,0.20707522,0.020950353,0.139374
400,0,0,0.0,0.8394584,0.14115949,0.019382354,0.153316
400,0,0,2.9802322387695312e-08,0.85839313,0.13022612,0.011380809,0.437206
400,0,0,0.0,0.862141,0.12656714,0.011291974,1.125335
400,0,0,2.9802322387695312e-08,0.8710696,0.11816969,0.010760839,1.026023
400,0,0,0.0,0.91337603,0.077100046,0.009524051,0.137751
400,0,0,0.0,0.90994215,0.080248296,0.009809566,0.009668
400,0,0,0.0,0.8960997,0.09426811,0.009632201,0.897457
400,0,0,0.0,0.9078729,0.08347121,0.0086559625,1.454976
400,0,0,0.0,0.8864278,0.10271791,0.0108544715,0.566704
400,0,0,0.0,0.9132006,0.076698236,0.010101357,0.174511
400,0,0,0.0,0.85785973,0.12816444,0.013975811,0.449561
400,0,0,2.9802322387695312e-08,0.87729686,0.11030319,0.012399969,0.724611
400,0,0,0.0,0.86207384,0.12214499,0.015781391,0.107386
269,1,1,0.0,0.0023776714,0.99569285,0.0019295358,0.357089
269,1,1,0.0,0.030874286,0.9638292,0.005296549,0.849666
269,1,1,8.940696716308594e-08,0.12149288,0.873132,0.005375145,0.639628
269,1,1,0.0,0.064129435,0.9250898,0.010781039,0.040217
269,1,1,0.0,0.002174785,0.99307305,0.0047521763,0.178292
269,1,1,0.0,0.015032221,0.98043436,0.004533616,0.992301
269,1,1,0.0,0.38777858,0.58998483,0.02223667,0.718598
269,1,1,5.960464477539063e-08,0.1704592,0.81650215,0.013038696,0.009249
269,1,2,0.0,0.060773768,0.22494817,0.7142782,0.011902
269,1,1,0.0,0.08653789,0.5664592,0.34700313,0.356203
269,1,1,5.960464477539063e-08,0.23317295,0.6943823,0.07244466,0.013741
324,1,2,0.0,0.0018773492,0.004852791,0.9932699,0.033393
324,1,2,0.0,0.0009719767,0.014183544,0.9848446,0.126959
324,1,1,0.0,0.003857318,0.9880972,0.008045577,0.785734
324,1,1,0.0,0.0043304707,0.9662874,0.02938221,0.723332
324,1,1,0.0,0.27556434,0.71098435,0.013451434,0.270679
324,1,1,1.862645149230957e-09,0.0005699124,0.99823135,0.0011987389,0.337545
324,1,1,0.0,0.008529427,0.9474368,0.044033907,0.203678
186,1,0,0.0,0.7449164,0.21324758,0.041836157,0.340338
186,1,2,5.960464477539063e-08,0.20241146,0.13603786,0.6615508,0.589738
186,1,2,5.960464477539063e-08,0.27144313,0.17533663,0.55322033,0.349794
186,1,2,0.0,0.2591066,0.20946598,0.53142744,0.10985
186,1,0,0.0,0.5565248,0.2689777,0.17449751,0.643334
186,1,0,0.0,0.8328566,0.13752504,0.029618453,1.560525
186,1,0,0.0,0.8286548,0.14223899,0.029106349,1.000913
186,1,0,0.0,0.6483841,0.23788716,0.113728896,0.064348
186,1,0,5.960464477539063e-08,0.7412399,0.18951236,0.06924783,0.94633
186,1,0,0.0,0.8199616,0.15598352,0.024055056,1.586986
186,1,0,0.0,0.8163086,0.1604875,0.023203995,0.65042
186,1,1,0.0,0.37316716,0.43108687,0.1957461,0.171781
186,1,0,0.0,0.6320843,0.2876455,0.08027024,0.488215
186,1,0,0.0,0.7166726,0.25059968,0.032727834,0.804649
186,1,0,0.0,0.7222017,0.24550474,0.032293733,0.299928
18,1,2,0.0,0.018109553,0.024165798,0.95772463,0.127331
18,1,0,0.0,0.6596756,0.29737252,0.042951994,0.156899
18,1,0,0.0,0.6909229,0.27540085,0.033676293,0.381161
18,1,0,0.0,0.6760969,0.27677375,0.047129378,0.621314
18,1,0,0.0,0.7437059,0.16185966,0.09443446,0.83672
18,1,2,2.9802322387695312e-08,0.04609383,0.035561662,0.9183446,0.713383
18,1,0,0.0,0.74502563,0.20389792,0.051076584,0.001022
18,1,0,0.0,0.742003,0.22626354,0.031733558,0.257295
18,1,0,0.0,0.8137623,0.1636714,0.022566343,0.476136
18,1,0,2.9802322387695312e-08,0.876846,0.107083805,0.016070152,0.694977
18,1,0,0.0,0.7678048,0.20792441,0.024270842,0.913818
18,1,0,0.0,0.7731762,0.20236374,0.024460115,1.132659
18,1,0,0.0,0.8145643,0.15852794,0.026907783,1.351896
18,1,0,0.0,0.8708567,0.10543697,0.02370637,1.592049
18,1,2,5.960464477539063e-08,0.14051001,0.06434389,0.7951461,1.499956
18,1,2,0.0,0.02663238,0.029495437,0.94387215,0.587365
18,1,0,0.0,0.5719218,0.28972116,0.1383571,0.188877
18,1,0,0.0,0.8954598,0.085318066,0.019222226,0.442906
18,1,0,0.0,0.8436226,0.13471426,0.021663202,0.696936
18,1,0,5.960464477539063e-08,0.8608657,0.119887605,0.01924671,0.964235
18,1,0,0.0,0.90328026,0.08507424,0.011645482,1.232974
18,1,0,0.0,0.88209,0.1033177,0.014592422,1.451897
18,1,0,5.960464477539063e-08,0.8126288,0.16959883,0.017772539,1.670738
18,1,0,0.0,0.8522584,0.13507594,0.012665752,1.889579
18,1,0,0.0,0.89036715,0.09682506,0.012807801,2.10842
18,1,0,0.0,0.9390508,0.05120472,0.009744535,2.327261
18,1,0,0.0,0.925087,0.058074877,0.01683829,1.961117
18,1,0,1.1920928955078125e-07,0.48489457,0.18195944,0.33314598,1.091083
18,1,2,2.9802322387695312e-08,0.015455177,0.029899083,0.9546458,0.178492
18,1,0,0.0,0.8990292,0.063666835,0.037304047,0.866869
18,1,0,0.0,0.8450283,0.13095562,0.024016192,1.14938
18,1,0,0.0,0.9342333,0.05626611,0.009500556,1.410103
18,1,0,0.0,0.93053,0.06059191,0.008878265,1.664132
18,1,0,2.9802322387695312e-08,0.9243313,0.06671252,0.008956213,1.927447
18,1,0,0.0,0.72387046,0.24837315,0.027756512,2.196187
18,1,0,0.0,0.8409061,0.13884802,0.020246118,2.427658
18,1,0,0.0,0.8923847,0.08735288,0.020262647,2.646498
18,1,0,0.0,0.8832101,0.10390843,0.012881624,2.865339
18,1,0,0.0,0.91907835,0.07024096,0.01068081,3.08418
18,1,0,2.9802322387695312e-08,0.9197478,0.06897389,0.0112782195,2.326954
18,1,0,0.0,0.92135155,0.057877216,0.020771217,1.460998
18,1,0,0.0,0.60613406,0.15073557,0.24313046,0.595041
18,1,0,0.0,0.9231311,0.06281398,0.014054979,0.663003
18,1,0,0.0,0.95683664,0.036544673,0.0066188364,1.624715
18,1,0,0.0,0.913125,0.07712242,0.009752767,2.377299
18,1,0,2.9802322387695312e-08,0.9155154,0.074340485,0.01014402,2.631329
18,1,0,0.0,0.94171816,0.05143569,0.0068462575,2.89066
18,1,0,0.0,0.78105927,0.19923855,0.019702377,2.927385
18,1,0,0.0,0.88465804,0.099816896,0.01552514,2.453135
18,1,0,0.0,0.89317846,0.09231765,0.014504057,2.337982
18,1,0,0.0,0.82511276,0.15047234,0.024415031,2.624645
18,1,0,0.0,0.90438765,0.08098401,0.014628378,2.692792
18,1,0,0.0,0.9124374,0.07589399,0.011668723,1.826835
18,1,0,0.0,0.7553179,0.13942885,0.10525328,0.960879
18,1,0,0.0,0.5430558,0.2881931,0.16875117,0.094922
18,1,0,0.0,0.9247169,0.06614155,0.009141703,0.388941
18,1,0,0.0,0.94299555,0.050012242,0.0069923857,1.350653
18,1,0,0.0,0.8923756,0.098214775,0.00940965,2.312365
18,1,0,0.0,0.8933169,0.09677651,0.009906649,3.274078
18,1,0,0.0,0.849374,0.13705145,0.013574731,2.899158
18,1,0,0.0,0.897449,0.087070286,0.01548069,2.193532
18,1,0,0.0,0.7667095,0.1805792,0.05271135,1.53735
18,1,0,0.0,0.7089084,0.10801681,0.18307489,1.346007
18,1,0,0.0,0.83998126,0.13228947,0.027729312,1.712888
18,1,0,1.1920928955078125e-07,0.8052551,0.16967969,0.025065186,2.123618
18,1,0,0.0,0.81067175,0.16952908,0.0197994,1.329904
18,1,0,5.960464477539063e-08,0.5675019,0.27847025,0.15402786,0.46076
18,1,0,0.0,0.8862743,0.1034544,0.010271507,0.11488
18,1,0,0.0,0.880424,0.109420806,0.010155244,1.076592
18,1,0,0.0,0.9181529,0.071048535,0.010798563,2.038304
18,1,0,0.0,0.88953155,0.097532,0.012936469,2.896199
18,1,0,0.0,0.87599325,0.10564069,0.018366236,2.190573
18,1,0,0.0,0.8693103,0.08587104,0.044818897,1.484947
18,1,2,0.0,0.32868266,0.14597005,0.52534735,0.779321
18,1,2,0.0,0.1850096,0.12615336,0.6888371,0.390401
18,1,0,0.0,0.6825781,0.1952454,0.122176595,0.801131
18,1,0,0.0,0.4636565,0.36766577,0.1686777,1.211861
18,1,0,0.0,0.50895655,0.33342895,0.1576145,0.931385
18,1,0,0.0,0.5174768,0.31098765,0.17153561,0.013612
18,1,0,0.0,0.8356801,0.14913958,0.015180347,0.80253
18,1,0,0.0,0.91538155,0.07263222,0.011986343,1.764242
18,1,0,0.0,0.9082167,0.07779124,0.013992116,2.153478
18,1,0,0.0,0.91623986,0.062677875,0.021082353,1.481988
18,1,0,0.0,0.55091745,0.25457588,0.19450676,0.776363
18,1,2,2.9802322387695312e-08,0.056986228,0.07963847,0.8633753,0.070737
18,1,0,0.0,0.69174147,0.19671632,0.11154226,0.300104
18,1,0,0.0,0.71261436,0.19901474,0.08837099,0.523806
18,1,0,0.0,0.8120241,0.17044672,0.01752941,0.528469
18,1,0,0.0,0.84978026,0.13367264,0.01654714,1.490181
18,1,0,0.0,0.8723793,0.10776056,0.01986028,1.329154
18,1,0,5.960464477539063e-08,0.79762,0.15021785,0.05216231,0.763036
18,1,2,0.0,0.066562794,0.33335176,0.60008556,0.067778
18,1,0,0.0,0.7847807,0.19474089,0.020478414,0.254407
18,1,0,0.0,0.80450535,0.17741747,0.018077241,1.070946
18,1,0,0.0,0.87760085,0.10731074,0.015088313,0.504829
18,1,0,0.0,0.87599325,0.10660953,0.017397342,0.246622
338,1,0,0.0,0.523547,0.40387914,0.07257392,0.373052
338,1,1,0.0,0.4035507,0.5046199,0.091829486,0.3492
338,1,0,0.0,0.4322511,0.39840126,0.16934781,0.093779
338,1,0,0.0,0.7526005,0.16577454,0.081625015,0.492553
338,1,0,0.0,0.73469925,0.16141197,0.103889,0.891327
338,1,0,0.0,0.73936,0.14432487,0.116315275,1.290101
338,1,0,5.960464477539063e-08,0.7010519,0.19727546,0.10167266,1.073869
338,1,0,0.0,0.8472029,0.11187035,0.04092673,0.384772
338,1,0,0.0,0.56832117,0.36087486,0.070803985,0.21328
338,1,0,0.0,0.73074377,0.19536887,0.07388733,0.612054
338,1,0,0.0,0.84014714,0.10606422,0.053788755,1.010828
338,1,0,0.0,0.9334229,0.04383686,0.022740388,1.409602
338,1,0,0.0,0.94619703,0.036024444,0.017778683,1.808376
338,1,0,0.0,0.950943,0.03271417,0.016342986,2.20715
338,1,0,0.0,0.89832634,0.06581883,0.035855006,1.798538
338,1,0,0.0,0.8248631,0.105672605,0.069464445,1.109441
338,1,0,0.0,0.94657177,0.028957622,0.024470683,0.420344
338,1,0,0.0,0.59409004,0.36766,0.038250025,0.332781
338,1,0,5.960464477539063e-08,0.7573472,0.19576125,0.04689159,0.731555
338,1,0,0.0,0.8338193,0.094818644,0.07136222,1.130329
338,1,0,0.0,0.89934874,0.05871435,0.041937012,1.529103
338,1,0,0.0,0.94650835,0.033862073,0.019629773,1.927877
338,1,0,0.0,0.92925775,0.049974576,0.020767713,2.326651
338,1,0,0.0,0.9471725,0.03806607,0.014761392,2.725425
338,1,0,0.0,0.9457809,0.037492618,0.016726593,3.124199
338,1,0,0.0,0.8023087,0.12428856,0.07340282,2.523207
338,1,0,0.0,0.55989736,0.26608086,0.17402183,1.83411
338,1,0,0.0,0.7955364,0.13700233,0.06746132,1.145013
338,1,0,0.0,0.8265459,0.116861396,0.056592688,0.455916
338,1,0,0.0,0.7148114,0.15945587,0.12573302,0.551604
338,1,0,0.0,0.6906572,0.20414236,0.10520049,1.23236
338,1,0,0.0,0.8691334,0.09245031,0.03841627,1.648605
338,1,0,0.0,0.9039361,0.064813435,0.03125062,2.047379
338,1,0,0.0,0.9027648,0.063014545,0.034220926,2.446153
338,1,0,0.0,0.9379555,0.03072029,0.031324215,2.844927
338,1,0,0.0,0.9456377,0.03422563,0.020136725,3.243701
338,1,0,0.0,0.7824049,0.14592318,0.07167208,3.642475
338,1,0,0.0,0.8220882,0.12112804,0.05678392,3.936973
338,1,0,0.0,0.8793231,0.091222756,0.029454228,3.247876
338,1,0,0.0,0.78612167,0.16421661,0.049661856,2.558779
338,1,0,0.0,0.7965236,0.14766845,0.05580815,1.869682
338,1,0,0.0,0.81875604,0.12866059,0.052583553,1.180585
338,1,0,0.0,0.8722088,0.07958463,0.0482067,0.491488
338,1,0,0.0,0.7683941,0.18439691,0.04720898,0.499849
338,1,0,0.0,0.8822841,0.08835899,0.029357044,1.180604
338,1,0,0.0,0.8924622,0.07823285,0.029305091,1.861359
338,1,0,0.0,0.84644073,0.11236774,0.041191723,2.542115
338,1,0,0.0,0.9074053,0.06339425,0.029200574,3.22287
338,1,0,0.0,0.8666687,0.103366755,0.029964715,3.903625
338,1,0,5.960464477539063e-08,0.8207785,0.12896205,0.050259426,4.559524
338,1,0,0.0,0.8526825,0.10655141,0.040766068,4.661642
338,1,0,0.0,0.8923683,0.077725254,0.029906403,3.972545
338,1,0,0.0,0.91231406,0.06925016,0.018435905,3.283448
338,1,0,0.0,0.8616429,0.10146917,0.03688806,2.594351
338,1,0,0.0,0.8693163,0.08919442,0.04148925,1.905254
338,1,0,0.0,0.8411136,0.10719526,0.051691364,1.216157
338,1,0,0.0,0.75296134,0.15930642,0.08773234,0.52706
338,1,0,5.960464477539063e-08,0.81157213,0.13419496,0.054233078,0.448093
338,1,0,0.0,0.8757739,0.09470548,0.029520776,1.128848
338,1,0,0.0,0.7654647,0.18417814,0.050357327,1.809604
338,1,0,0.0,0.78754294,0.17216994,0.04028726,2.490359
338,1,0,0.0,0.73473746,0.20753126,0.057731375,3.171114
338,1,0,0.0,0.74348396,0.19447124,0.0620449,3.85187
338,1,0,0.0,0.77412224,0.16965292,0.056224886,4.532625
338,1,0,2.9802322387695312e-08,0.8648093,0.105521694,0.029669126,4.697214
338,1,0,0.0,0.9357768,0.050828718,0.013394514,4.008117
338,1,0,2.9802322387695312e-08,0.88272345,0.092916526,0.024359949,3.31902
338,1,0,0.0,0.80593103,0.139537,0.054532163,2.629923
338,1,0,5.960464477539063e-08,0.6721012,0.21759598,0.11030283,1.940826
338,1,0,0.0,0.78446937,0.14881034,0.0667203,1.251729
338,1,0,0.0,0.7962671,0.1479644,0.055768646,0.562632
338,1,0,0.0,0.6587077,0.23595172,0.10534067,0.396338
338,1,0,0.0,0.62278074,0.18175912,0.19546022,1.077093
338,1,0,0.0,0.76847416,0.15724897,0.07427702,1.757848
338,1,0,0.0,0.83471876,0.1337272,0.031554077,2.438604
338,1,0,0.0,0.7909238,0.15405762,0.055018675,3.119359
338,1,0,0.0,0.8008071,0.15510446,0.04408853,3.800114
338,1,0,0.0,0.8388859,0.13294049,0.028173639,4.480869
338,1,0,0.0,0.80656356,0.14901482,0.04442167,4.732786
338,1,0,0.0,0.794693,0.16180219,0.043505073,4.043689
338,1,0,0.0,0.818552,0.14071289,0.040735222,3.354592
338,1,0,5.960464477539063e-08,0.7913286,0.15852511,0.050146367,2.665495
338,1,0,0.0,0.81087273,0.14888304,0.040244337,1.976398
338,1,0,0.0,0.8114673,0.1438342,0.04469859,1.287301
338,1,0,0.0,0.873878,0.1025421,0.023580056,0.598204
338,1,0,0.0,0.73164725,0.19890215,0.06945069,0.344582
338,1,0,0.0,0.81707615,0.12629773,0.056626156,1.025337
338,1,0,0.0,0.86630833,0.10638555,0.027306274,1.706093
338,1,0,0.0,0.8905701,0.09096075,0.018469283,2.386848
338,1,0,0.0,0.8942243,0.086912,0.018863756,3.067603
338,1,0,0.0,0.8281951,0.1396091,0.032196116,3.748359
338,1,0,0.0,0.72593415,0.20661514,0.06745093,4.429114
338,1,0,0.0,0.681101,0.2257498,0.093149155,4.768358
338,1,0,0.0,0.7700411,0.17148364,0.058475297,4.079261
338,1,0,0.0,0.8930692,0.08209903,0.024831904,3.390164
338,1,0,0.0,0.814156,0.14503649,0.040807538,2.701067
338,1,0,0.0,0.8327098,0.12690052,0.04038991,2.01197
338,1,0,0.0,0.855055,0.122033656,0.022911455,1.322873
338,1,0,0.0,0.9073858,0.07743221,0.015181924,0.633776
338,1,0,0.0,0.6150949,0.2546293,0.13027585,0.292826
338,1,0,0.0,0.809175,0.14332321,0.04750199,0.973582
338,1,0,0.0,0.89022887,0.08465188,0.025119314,1.654337
338,1,0,0.0,0.90474814,0.074095,0.02115689,2.335092
338,1,0,0.0,0.76588875,0.17657101,0.05754033,3.015848
338,1,0,5.960464477539063e-08,0.65917015,0.2565916,0.08423834,3.696603
338,1,0,5.960464477539063e-08,0.7423139,0.18603998,0.07164613,4.377358
338,1,0,0.0,0.81088734,0.14981057,0.039302286,4.80393
338,1,0,0.0,0.8008839,0.1686001,0.030516097,4.114833
338,1,0,0.0,0.8271374,0.13393202,0.03893068,3.425736
338,1,0,0.0,0.87275976,0.0997954,0.027445002,2.736639
338,1,0,5.960464477539063e-08,0.8332392,0.121132284,0.045628462,2.047542
338,1,0,0.0,0.8628063,0.10811279,0.029080948,1.358445
338,1,0,0.0,0.86599493,0.10550459,0.028500684,0.669348
338,1,0,0.0,0.68930274,0.22404172,0.08665568,0.241071
338,1,0,0.0,0.6822172,0.24314904,0.07463384,0.921826
338,1,0,0.0,0.89551824,0.082008414,0.022473527,1.602581
338,1,0,0.0,0.7873026,0.15180765,0.06088992,2.283337
338,1,0,0.0,0.80437416,0.13547952,0.060146477,2.964092
338,1,0,0.0,0.8354687,0.13597707,0.028554374,3.644847
338,1,0,0.0,0.80973285,0.14936773,0.04089953,4.325603
338,1,0,0.0,0.8558633,0.11856969,0.025567072,3.978408
338,1,0,2.9802322387695312e-08,0.9179761,0.067478396,0.014545661,3.452371
338,1,0,0.0,0.92228454,0.062574714,0.015140782,2.926335
338,1,0,5.960464477539063e-08,0.8617384,0.10409683,0.034164876,2.400298
338,1,0,0.0,0.83707917,0.11168391,0.05123702,1.874261
338,1,0,0.0,0.854505,0.08106223,0.06443294,1.348225
338,1,0,0.0,0.68835026,0.07414358,0.23750632,0.70492
338,1,2,0.0,0.36484358,0.079702355,0.5554541,0.015823
338,1,0,0.0,0.6631569,0.24736556,0.08947767,0.189315
338,1,0,0.0,0.8184168,0.13795383,0.043629367,0.870071
338,1,0,5.960464477539063e-08,0.76087797,0.1708056,0.06831651,1.550826
338,1,0,0.0,0.71283025,0.2227451,0.06442462,2.231581
338,1,0,0.0,0.8333602,0.13869393,0.027946033,2.912336
338,1,0,0.0,0.79901916,0.16078576,0.040195223,3.593092
338,1,0,8.940696716308594e-08,0.9079405,0.07613354,0.0159259,3.127946
338,1,0,0.0,0.92631257,0.057328835,0.016358634,2.601909
338,1,0,8.940696716308594e-08,0.9242808,0.05786786,0.017851433,2.075873
338,1,0,0.0,0.89779305,0.07524388,0.026963081,1.549836
338,1,0,0.0,0.7733183,0.10801336,0.11866845,1.0238
338,1,0,0.0,0.4605825,0.09008214,0.4493354,0.497763
338,1,0,5.960464477539063e-08,0.5360966,0.28790838,0.17599502,0.13756
338,1,0,0.0,0.8200726,0.14633496,0.03359259,0.818315
338,1,0,0.0,0.87219536,0.10300448,0.024800228,1.49907
338,1,0,0.0,0.89530414,0.08858429,0.016111623,2.179826
338,1,0,0.0,0.83643264,0.13524027,0.028327055,2.80352
338,1,0,0.0,0.8655429,0.10786372,0.026593605,2.277484
338,1,0,0.0,0.86696744,0.101410635,0.031622034,1.751447
338,1,0,5.960464477539063e-08,0.93768746,0.04705925,0.015253233,1.225411
338,1,0,0.0,0.8721336,0.07467366,0.053192776,0.699374
338,1,2,0.0,0.2067485,0.12435481,0.6688968,0.173338
338,1,0,0.0,0.82189095,0.14057003,0.037539136,0.085804
338,1,0,0.0,0.8899812,0.08955602,0.020463018,0.766559
338,1,0,0.0,0.9197044,0.056392513,0.023903212,1.447315
338,1,0,0.0,0.8006839,0.13526186,0.064054444,1.953058
338,1,0,0.0,0.71790355,0.19676816,0.08532847,1.427022
338,1,0,0.0,0.68786526,0.17780794,0.13432689,0.900985
338,1,0,0.0,0.56162685,0.15188973,0.2864836,0.374949
338,1,0,0.0,0.7509846,0.17498076,0.07403488,0.034048
338,1,0,0.0,0.6991376,0.15258989,0.14827242,0.714804
338,1,0,0.0,0.79884505,0.10469738,0.096457556,1.102596
338,1,0,0.0,0.48465398,0.18968165,0.3256644,0.57656
338,1,0,0.0,0.42548132,0.182581,0.3919378,0.050523
338,1,2,0.0,0.15201272,0.11931311,0.72867423,0.252134
331,1,2,0.0,0.0077844206,0.38271424,0.6095014,0.056965
331,1,1,0.0,0.14781518,0.8226063,0.029578624,0.644386
331,1,1,0.0,0.0011120862,0.9955122,0.0033757337,0.708204
331,1,2,0.0,0.0011466827,0.07256632,0.92628706,0.039176
331,1,1,0.0,0.03531552,0.7743646,0.19032001,0.645663
331,1,1,0.0,0.010037741,0.9775719,0.012390429,0.633994
331,1,1,0.0,0.014544336,0.92985207,0.0556036,0.559785
22,1,1,0.0,0.0003830709,0.9962384,0.0033786083,0.199886
22,1,1,0.0,0.008870829,0.98616844,0.0049608005,0.667456
22,1,1,0.0,0.06890966,0.89420694,0.036883608,0.584668
22,1,1,5.587935447692871e-08,0.004903261,0.9901306,0.0049660406,0.501881
22,1,1,0.0,0.0012186368,0.9963093,0.002472083,0.783179
22,1,1,0.0,0.0071269698,0.9848395,0.008033593,1.595441
22,1,1,0.0,0.04454673,0.94928557,0.006167787,1.581235
22,1,1,0.0,0.07633863,0.91010773,0.013553742,0.755192
22,1,1,0.0,0.00041651088,0.99849,0.0010936417,0.498436
22,1,1,0.0,0.0039673913,0.9924268,0.0036058289,1.355688
22,1,1,0.0,0.011704649,0.9832935,0.005002096,1.678197
22,1,1,1.4901161193847656e-08,0.009414161,0.98628277,0.0043030838,1.593274
22,1,1,7.450580596923828e-09,0.009335655,0.9797176,0.010946753,0.604668
22,1,1,0.0,0.0010804619,0.9974114,0.0015082695,0.359432
22,1,1,0.0,0.009632395,0.9850454,0.005322396,0.525781
22,1,1,0.0,0.033270773,0.96205366,0.004675671,0.69213
22,1,1,0.0,0.03577029,0.9605075,0.003722327,0.858479
22,1,1,0.0,0.018921813,0.973292,0.0077861655,0.454143
22,1,1,0.0,0.008145895,0.98289216,0.008961937,0.038761
304,1,1,0.0,0.005256474,0.9901521,0.00459149,0.105351
304,1,1,0.0,0.0072064633,0.9893991,0.0033946633,0.72981
304,1,1,0.0,0.0033290824,0.994207,0.0024638935,0.595045
304,1,1,3.725290298461914e-09,0.0011730345,0.99497133,0.003855654,0.176529
304,1,1,5.960464477539063e-08,0.0017641111,0.99365443,0.004581421,0.086767
304,1,1,0.0,0.000646532,0.99452114,0.0048324936,1.038069
304,1,1,0.0,0.00048620973,0.9913579,0.008155864,1.210844
304,1,1,0.0,0.00059091,0.9947376,0.0046715923,0.252202
304,1,1,0.0,0.0016990816,0.9944242,0.0038768232,0.395026
304,1,1,3.725290298461914e-09,0.00064066245,0.9958639,0.0034954776,1.346329
304,1,1,5.960464477539063e-08,0.00037561666,0.9939352,0.005689135,0.92623
304,1,1,0.0,0.00089269044,0.9952397,0.0038677168,0.703285
304,1,1,0.0,0.00065598293,0.99618626,0.003157815,1.600259
304,1,1,5.960464477539063e-08,0.00050125463,0.9954073,0.0040915096,0.641617
304,1,1,0.0,0.001909723,0.9887306,0.009359692,0.060242
304,1,1,0.0,0.0011970977,0.9950291,0.0037739314,1.011545
304,1,1,0.0,0.00041128165,0.99345386,0.0061349585,1.315645
304,1,1,0.0,0.0007210403,0.9928934,0.006385541,0.357003
304,1,1,0.0,0.022445917,0.9557983,0.021755764,0.182913
304,1,1,0.0,0.004840021,0.94067097,0.054489274,0.320364
304,1,1,0.0,0.008728154,0.66385794,0.3274139,0.457815
304,1,1,0.0,0.0029608582,0.91387576,0.083163515,0.072389
29,1,1,5.960464477539063e-08,0.4490695,0.50582725,0.045103353,0.211775
29,1,1,0.0,0.0067987572,0.9813465,0.011854886,0.023215
29,1,2,0.0,0.2470987,0.2942931,0.4586084,0.356863
29,1,1,0.0,0.03338946,0.88150513,0.0851056,1.005277
29,1,1,8.940696716308594e-08,0.14168449,0.83924025,0.019075261,0.012287
29,1,1,5.960464477539063e-08,0.09358403,0.7465026,0.15991347,0.500951
29,1,1,0.0,0.02058138,0.96445745,0.014961376,0.912001
29,1,1,0.0,0.13789022,0.67834955,0.18376033,0.645038
29,1,1,0.0,0.023413345,0.87910753,0.097479165,0.816304
29,1,1,0.0,0.0010764755,0.98257256,0.016351085,0.789126
29,1,1,0.0,0.15100038,0.65566105,0.19333865,0.720608
29,1,2,0.0,0.0057302597,0.015725788,0.978544,0.128481
29,1,2,0.0,0.015052764,0.09343047,0.89151686,0.437535
1,1,1,0.0,0.0013335748,0.9961772,0.0024892916,0.015024
1,1,1,0.0,0.0012123131,0.9950238,0.0037639663,0.351241
1,1,1,5.587935447692871e-08,0.0012609271,0.99520415,0.0035349496,0.408873
1,1,1,1.862645149230957e-09,0.000622846,0.9968292,0.0025479821,0.381937
1,1,1,5.587935447692871e-08,0.002716922,0.99221915,0.0050639026,0.355
1,1,1,0.0,0.001676735,0.9964769,0.0018464457,0.328064
1,1,1,0.0,0.0014998211,0.9967108,0.0017896732,0.301128
1,1,1,0.0,0.002319275,0.9948069,0.0028739034,0.274192
1,1,1,0.0,0.0028809502,0.9945406,0.0025785505,0.247255
1,1,1,0.0,0.0019420615,0.99285644,0.0052015083,0.509346
1,1,1,0.0,0.0012985404,0.991869,0.0068325736,0.865941
1,1,1,0.0,0.0014813768,0.99512583,0.0033929397,1.014638
1,1,1,5.587935447692871e-08,0.0016725443,0.9964831,0.0018443699,1.219127
1,1,1,0.0,0.0051398887,0.9922651,0.0025950568,1.40851
1,1,1,0.0,0.00070828124,0.99729574,0.001996023,1.381574
1,1,1,0.0,0.003031508,0.99459875,0.002369753,1.354638
1,1,1,0.0,0.0034425638,0.9949836,0.0015738674,1.327701
1,1,1,1.862645149230957e-09,0.001958116,0.9963963,0.0016457207,1.300765
1,1,1,5.587935447692871e-08,0.0037236533,0.9947416,0.0015347179,1.273829
1,1,1,0.0,0.004155999,0.99351597,0.0023281435,0.988605
1,1,1,0.0,0.0044877217,0.9947743,0.0007380724,0.309466
1,1,1,5.960464477539063e-08,0.0015865217,0.97738665,0.021026755,0.224734
1,1,1,0.0,0.0007053235,0.98959774,0.009696955,1.067177
1,1,1,3.725290298461914e-09,0.0020274492,0.9951355,0.0028371385,1.90962
1,1,1,0.0,0.002486141,0.9952464,0.0022675712,2.130628
1,1,1,0.0,0.0036453977,0.99463415,0.0017206271,2.408147
1,1,1,5.960464477539063e-08,0.0038621125,0.99321383,0.0029240407,2.381211
1,1,1,3.725290298461914e-09,0.0056075817,0.9911833,0.0032091865,2.354275
1,1,1,0.0,0.0023209269,0.9960088,0.0016704027,2.327338
1,1,1,0.0,0.0018359823,0.9963759,0.0017881932,2.300402
1,1,1,0.0,0.0022277676,0.9958934,0.00187893,2.273466
1,1,1,0.0,0.002261286,0.99663746,0.0011012963,1.699301
1,1,1,0.0,0.0030437142,0.99529046,0.0016659442,1.135112
1,1,1,6.705522537231445e-08,0.01860959,0.9786427,0.002747743,0.252529
1,1,1,0.0,0.0015299472,0.9827848,0.015685234,0.528391
1,1,1,0.0,0.0011995474,0.9955083,0.0032921399,1.370834
1,1,1,6.332993507385254e-08,0.001862513,0.9959895,0.0021479835,2.213277
1,1,1,0.0,0.0034261923,0.99478734,0.0017865082,3.05572
1,1,1,5.960464477539063e-08,0.00098858,0.9970515,0.0019599784,3.380848
1,1,1,0.0,0.0008810756,0.9970741,0.002045033,3.353912
1,1,1,0.0,0.0011271252,0.99699783,0.0018751546,3.326976
1,1,1,5.960464477539063e-08,0.0011046659,0.99698895,0.0019063767,3.300039
1,1,1,5.960464477539063e-08,0.0016543543,0.9971548,0.0011908209,3.032279
1,1,1,0.0,0.0025352663,0.9968033,0.00066169276,2.04759
1,1,1,0.0,0.0009054365,0.9986059,0.00048872636,1.0629
1,1,1,3.725290298461914e-09,0.0014745689,0.9977047,0.0008207697,0.078211
1,1,1,0.0,0.0012228902,0.99582785,0.0029492094,0.832049
1,1,1,3.725290298461914e-09,0.0020902609,0.9955793,0.0023304548,1.674492
1,1,1,0.0,0.0016975527,0.99504423,0.0032583761,2.516935
1,1,1,0.0,0.0006896516,0.9968096,0.0025007487,3.384656
1,1,1,0.0,0.0010800343,0.99519104,0.0037289946,4.284646
1,1,1,0.0,0.0005972696,0.99756956,0.0018332966,4.326613
1,1,1,0.0,0.00068099797,0.9976627,0.001656401,3.84265
1,1,1,0.0,0.0033787873,0.9949565,0.0016647499,2.85796
1,1,1,0.0,0.001842879,0.997364,0.00079331605,1.873271
1,1,1,3.725290298461914e-09,0.0016388841,0.99712986,0.001231339,0.888582
1,1,1,0.0,0.00095677126,0.98970413,0.00933914,0.293264
1,1,1,5.774199962615967e-08,0.0005497066,0.9966113,0.002838974,1.148766
1,1,1,0.0,0.0017427605,0.99505347,0.003203896,2.048755
1,1,1,0.0,0.0008021543,0.9950508,0.0041470514,2.948745
1,1,1,3.725290298461914e-09,0.0011003625,0.9958717,0.0030278964,3.848735
1,1,1,0.0,0.0028726195,0.9955181,0.0016093449,4.653021
1,1,1,0.0,0.0035639422,0.9947023,0.0017338989,3.668331
1,1,1,0.0,0.0068774098,0.99127483,0.0018478154,2.683642
1,1,1,7.450580596923828e-09,0.019673115,0.9773766,0.002950343,1.698953
1,1,1,0.0,0.002538156,0.9955778,0.001884069,0.714263
1,1,1,0.0,0.00059436914,0.99760956,0.0017961407,0.712855
1,1,1,0.0,0.0031505264,0.9944216,0.002427921,1.612845
1,1,1,0.0,0.0006986573,0.995235,0.0040664948,2.512834
1,1,1,0.0,0.0025488157,0.9954706,0.0019807355,3.412824
1,1,1,0.0,0.002616418,0.9956195,0.0017642701,4.312814
1,1,1,0.0,0.0026949076,0.99540275,0.001902353,3.494013
1,1,1,0.0,0.005006537,0.99291956,0.0020739608,2.509324
1,1,1,0.0,0.015449659,0.98191047,0.0026399796,1.524634
1,1,1,0.0,0.004129952,0.99384296,0.0020272355,0.539945
1,1,1,0.0,0.0011534779,0.9757046,0.02314199,0.276944
1,1,1,0.0,0.0009118876,0.99696255,0.0021256555,1.176934
1,1,1,3.725290298461914e-09,0.0023177017,0.995059,0.0026232814,2.076924
1,1,1,0.0,0.0021297624,0.9967426,0.0011277591,2.989482
1,1,1,0.0,0.004599315,0.99379164,0.0016090432,3.941336
1,1,1,0.0,0.005858316,0.99272454,0.0014172103,3.319695
1,1,1,0.0,0.016756313,0.98131,0.001933805,2.335005
1,1,1,5.960464477539063e-08,0.0066071316,0.9912302,0.002162667,1.350316
1,1,1,0.0,0.013363656,0.9851707,0.0014656766,0.365627
1,1,1,0.0,0.00089808024,0.99696183,0.0021401157,0.800204
1,1,1,0.0,0.0013781296,0.9959427,0.002679217,1.799293
1,1,1,0.0,0.007011801,0.9916398,0.0013484758,2.799032
1,1,1,0.0,0.019278284,0.9790973,0.001624567,3.798909
1,1,1,0.0,0.025274713,0.97300327,0.0017220608,3.145376
1,1,1,0.0,0.02700893,0.9699984,0.002992596,2.160687
1,1,1,0.0,0.0037681719,0.99495304,0.0012789413,1.175997
1,1,1,7.450580596923828e-09,0.0073770825,0.9908234,0.0017995837,0.191308
1,1,1,0.0,0.011228483,0.9860587,0.0027130551,0.936627
1,1,1,0.0,0.00808305,0.99045044,0.0014664966,1.924417
1,1,1,0.0,0.013096583,0.98551846,0.0013850364,2.912207
1,1,1,0.0,0.0030353526,0.992364,0.0046006795,3.899997
1,1,1,6.705522537231445e-08,0.0036341911,0.99042565,0.005940025,2.971058
1,1,1,0.0,0.023801832,0.97426426,0.0019339432,1.986368
1,1,1,5.21540641784668e-08,0.015791342,0.9819995,0.0022090706,1.001679
1,1,1,0.0,0.0047413213,0.99235624,0.0029027,0.01699
1,1,1,1.4901161193847656e-08,0.015027483,0.9740244,0.010948184,0.104631
1,1,1,3.725290298461914e-09,0.0065445765,0.99265623,0.00079925754,1.09242
1,1,1,0.0,0.010635705,0.9880495,0.0013149503,2.08021
1,1,1,0.0,0.011023003,0.98754615,0.0014308364,3.068
1,1,1,0.0,0.016846588,0.9811765,0.0019770686,3.781429
1,1,1,0.0,0.013916334,0.98406273,0.0020210284,2.796739
1,1,1,0.0,0.015480454,0.9815334,0.0029862681,1.81205
1,1,1,0.0,0.046571333,0.9485699,0.004858834,0.827361
1,1,1,0.0,0.017964577,0.97515213,0.0068833907,0.052934
1,1,1,4.470348358154297e-08,0.028174503,0.9696775,0.002147909,0.518493
1,1,1,0.0,0.003494486,0.9951649,0.0013407855,1.283011
1,1,1,0.0,0.016823243,0.9812799,0.0018969533,2.240444
1,1,1,0.0,0.013812033,0.98436254,0.0018256581,3.223793
1,1,1,0.0,0.017887527,0.98033524,0.0017772758,3.60711
1,1,1,7.450580596923828e-09,0.017318588,0.98053324,0.002148201,2.622421
1,1,1,0.0,0.0050888928,0.9918796,0.0030314315,1.637732
1,1,1,0.0,0.23787454,0.75347745,0.008648136,0.653042
1,1,2,0.0,0.066044755,0.27611044,0.657845,0.006834
1,1,1,0.0,0.023049558,0.7714354,0.20551513,0.472393
1,1,1,0.0,0.013891915,0.9845109,0.0015972091,0.937951
1,1,1,0.0,0.006545329,0.99221176,0.0012430083,1.40351
1,1,1,0.0,0.0024456521,0.9964577,0.0010967543,1.90299
1,1,1,0.0,0.020708324,0.97770786,0.0015838889,2.644776
1,1,1,0.0,0.04658024,0.9501834,0.0032365022,3.516861
1,1,1,4.470348358154297e-08,0.043718763,0.9521486,0.00413255,3.432792
1,1,1,0.0,0.010016302,0.9871664,0.0028173185,2.448103
1,1,1,0.0,0.022536404,0.9738388,0.0036249252,1.463413
1,1,1,0.0,0.030205945,0.96547616,0.0043179444,0.478724
1,1,1,0.0,0.021813909,0.94625425,0.031932034,0.426292
1,1,1,0.0,0.008661086,0.9539447,0.03739437,0.891851
1,1,1,0.0,0.0039948304,0.9918451,0.004160119,1.35741
1,1,1,0.0,0.011415687,0.9864497,0.0021348116,1.822968
1,1,1,6.332993507385254e-08,0.0042444747,0.9937498,0.0020057682,2.288527
1,1,1,1.862645149230957e-09,0.0015723245,0.9971432,0.0012844533,2.754086
1,1,1,0.0,0.023638004,0.9742336,0.002128464,3.312113
1,1,1,0.0,0.015818013,0.98066145,0.0035205653,4.042717
1,1,1,0.0,0.00843948,0.9879156,0.0036450224,3.258473
1,1,1,0.0,0.011498075,0.98562163,0.0028803707,2.273784
1,1,1,0.0,0.007101785,0.9887733,0.0041250414,1.289095
1,1,1,0.0,0.0066045485,0.9909487,0.002446869,0.304405
1,1,1,0.0,0.009780627,0.97966766,0.010551835,0.126322
1,1,1,0.0,0.007840262,0.99031353,0.0018462529,0.994439
1,1,1,5.21540641784668e-08,0.0062229442,0.99192154,0.0018554421,1.776868
1,1,1,0.0,0.0029064077,0.9950472,0.0020464319,2.242427
1,1,1,0.0,0.0016886333,0.99604744,0.0022641083,2.707985
1,1,1,0.0,0.0031422176,0.99457693,0.0022808684,3.173544
1,1,1,0.0,0.0031556038,0.9944902,0.0023542934,3.639103
1,1,1,0.0,0.013839868,0.984759,0.0014012285,3.674982
1,1,1,0.0,0.021876277,0.9754286,0.0026951134,3.649733
1,1,1,5.21540641784668e-08,0.019355778,0.9774672,0.0031770356,3.084155
1,1,1,0.0,0.025550522,0.97163576,0.0028138012,2.099466
1,1,1,5.960464477539063e-08,0.02102945,0.97494334,0.0040271278,1.114776
1,1,1,0.0,0.019311262,0.9781918,0.0024969073,0.130087
1,1,1,0.0,0.109594226,0.7179129,0.17249289,0.059955
1,1,1,7.450580596923828e-09,0.009699826,0.98586994,0.004430314,0.765006
1,1,1,0.0,0.0056947777,0.9917904,0.0025148545,1.495913
1,1,1,0.0,0.0051521533,0.9921131,0.0027348737,2.358916
1,1,1,3.725290298461914e-09,0.0030046913,0.9942471,0.0027482696,2.776298
1,1,1,3.725290298461914e-09,0.0012483131,0.99583167,0.002920099,2.751049
1,1,1,5.587935447692871e-08,0.0033471247,0.99373114,0.0029217147,2.7258
1,1,1,0.0,0.0014160181,0.99636436,0.0022197566,2.70055
1,1,1,0.0,0.0013720671,0.9971697,0.0014582418,2.675301
1,1,1,0.0,0.0071512247,0.9902492,0.002599581,2.650052
1,1,1,0.0,0.009378214,0.9876484,0.0029734857,2.624803
1,1,1,0.0,0.030936418,0.9657747,0.0032889608,1.925147
1,1,1,0.0,0.027569428,0.96902233,0.0034082944,0.940458
1,1,1,8.940696716308594e-08,0.05528433,0.87910956,0.06560614,0.17076
1,1,1,0.0,0.006736177,0.9897861,0.0034778707,1.137345
1,1,1,5.587935447692871e-08,0.004532356,0.9927946,0.0026729526,1.827115
1,1,1,0.0,0.004723863,0.9923926,0.002883435,1.801866
1,1,1,0.0,0.0030825615,0.99373406,0.003183394,1.776617
1,1,1,0.0,0.0035762961,0.9925058,0.0039180266,1.751368
1,1,1,0.0,0.0013229533,0.99560684,0.0030703768,1.726118
1,1,1,0.0,0.0014491627,0.9964071,0.002143719,1.700869
1,1,1,0.0,0.0032148089,0.98939115,0.0073942505,1.67562
1,1,1,5.960464477539063e-08,0.002891928,0.9842878,0.012820248,1.650371
1,1,1,0.0,0.0041625104,0.9816938,0.014143696,1.625122
1,1,1,0.0,0.017152319,0.9444775,0.038370326,1.599873
1,1,1,5.960464477539063e-08,0.0030294692,0.9951979,0.0017726225,0.76614
1,1,1,0.0,0.005526523,0.9701037,0.024369895,0.852683
1,1,1,0.0,0.0043854234,0.989119,0.0064956318,0.827434
1,1,1,0.0,0.0045948694,0.9880763,0.0073289666,0.802185
1,1,1,0.0,0.004483326,0.98978376,0.005732927,0.776936
1,1,1,0.0,0.0018155435,0.99330145,0.004883143,0.751686
1,1,1,0.0,0.007822535,0.9741465,0.01803108,0.726437
1,1,1,0.0,0.005520502,0.98940575,0.0050737592,0.701188
1,1,1,0.0,0.0053993044,0.98403496,0.010565883,0.675939
1,1,2,7.450580596923828e-08,0.0052919243,0.042168003,0.95254004,0.65069
1,1,2,0.0,0.0057725813,0.038947493,0.95528,0.625441
1,1,2,4.470348358154297e-08,0.0056291213,0.030327646,0.9640432,0.600191
1,1,2,0.0,0.020607285,0.09946172,0.8799311,0.574942
339,1,0,0.0,0.6052301,0.31930572,0.075464286,0.163113
339,1,0,0.0,0.5655303,0.42561254,0.00885726,0.227005
339,1,0,5.960464477539063e-08,0.70199233,0.24201134,0.05599649,0.648479
339,1,0,0.0,0.81793684,0.10893639,0.07312693,1.069953
339,1,0,0.0,0.42505506,0.28774455,0.28720048,0.760184
339,1,0,0.0,0.42459163,0.4226852,0.15272325,0.113245
339,1,0,0.0,0.66458714,0.30737355,0.028039394,0.024056
339,1,0,0.0,0.7708115,0.18187714,0.047311403,0.716331
339,1,0,0.0,0.8926694,0.06689396,0.040436782,1.408606
339,1,0,0.0,0.88904876,0.07221366,0.038737554,1.522726
339,1,0,0.0,0.5130774,0.31778795,0.16913466,0.875786
339,1,0,1.1920928955078125e-07,0.42683628,0.3529474,0.2202162,0.228847
339,1,0,0.0,0.81272054,0.10867793,0.078601666,0.686973
339,1,0,0.0,0.8958116,0.0705008,0.033687696,1.379248
339,1,0,0.0,0.8484626,0.093133695,0.058403764,1.638328
339,1,0,0.0,0.7974826,0.14034869,0.06216891,0.991388
339,1,0,0.0,0.5132168,0.31123355,0.17554975,0.344449
339,1,0,0.0,0.88896227,0.06900291,0.042034954,0.657614
339,1,0,0.0,0.9160786,0.060971208,0.022950293,1.34989
339,1,0,0.0,0.87147325,0.106469385,0.0220575,1.75393
339,1,0,0.0,0.7391726,0.20849037,0.052337132,1.10699
339,1,0,0.0,0.6163198,0.3117383,0.071941964,0.460051
339,1,0,8.940696716308594e-08,0.9187061,0.057548642,0.023745181,0.628256
339,1,0,0.0,0.90250605,0.07970173,0.017792193,1.320531
339,1,0,2.9802322387695312e-08,0.9017937,0.07810569,0.02010054,1.869532
339,1,0,0.0,0.8505349,0.1278913,0.021573957,1.222593
339,1,0,0.0,0.6119052,0.28816324,0.09993161,0.575653
339,1,0,0.0,0.81552315,0.12384849,0.06062844,0.598898
339,1,0,0.0,0.7202088,0.23742406,0.04236714,1.291173
339,1,0,0.0,0.83536863,0.14465971,0.019971699,1.983448
339,1,0,0.0,0.8393751,0.13802826,0.02259674,1.338195
339,1,0,0.0,0.7535815,0.20747375,0.03894493,0.691255
339,1,0,0.0,0.4621573,0.44446942,0.093373306,0.044316
339,1,0,0.0,0.69981045,0.22177148,0.07841816,0.569539
339,1,0,0.0,0.8878933,0.08634423,0.025762469,1.261814
339,1,0,0.0,0.73478836,0.23070592,0.034505717,1.95409
339,1,0,0.0,0.68629557,0.27080908,0.04289548,1.453797
339,1,0,0.0,0.68537104,0.27009943,0.04452958,0.806857
339,1,1,0.0,0.44502768,0.45177385,0.10319862,0.159918
339,1,0,8.940696716308594e-08,0.9242231,0.06725563,0.008521228,0.540181
339,1,0,0.0,0.86789626,0.11664836,0.01545542,1.232456
339,1,0,0.0,0.9301883,0.06402899,0.005782712,1.924731
339,1,0,0.0,0.7654372,0.17780295,0.056759946,1.569399
339,1,0,0.0,0.6516539,0.23293236,0.115413874,0.922459
339,1,0,0.0,0.57348025,0.27660403,0.14991577,0.27552
339,1,0,8.940696716308594e-08,0.85547936,0.11410547,0.03041524,0.510822
339,1,0,0.0,0.83070755,0.12851194,0.040780623,1.203098
339,1,0,0.0,0.8590975,0.09810532,0.042797424,1.895373
339,1,0,0.0,0.9007434,0.082034245,0.017222466,1.685001
339,1,0,0.0,0.8817992,0.09743044,0.020770421,1.038061
339,1,0,0.0,0.37993175,0.35281825,0.26725,0.391122
339,1,0,0.0,0.8632202,0.09084051,0.045939367,0.481464
339,1,0,0.0,0.9169885,0.05048016,0.03253144,1.173739
339,1,0,0.0,0.8641338,0.09984833,0.036018107,1.692401
339,1,0,0.0,0.8012043,0.15300111,0.04579469,1.142731
339,1,0,0.0,0.44828522,0.36478978,0.18692504,0.593061
339,1,2,5.960464477539063e-08,0.13024081,0.24585536,0.62390393,0.043391
339,1,0,2.9802322387695312e-08,0.8958689,0.04052264,0.06360842,0.452106
339,1,0,0.0,0.73819107,0.13695589,0.124853045,0.857019
339,1,0,0.0,0.73279583,0.1507636,0.1164406,0.307349
339,1,2,0.0,0.19070259,0.1260104,0.6832871,0.021637
452,1,1,0.0,0.0004341559,0.99689007,0.0026758844,0.175695
452,1,1,0.0,0.00064595765,0.9966984,0.0026558535,0.221048
452,1,1,0.0,0.00030506318,0.99657834,0.0031166307,0.458372
452,1,1,0.0,0.00027034522,0.99320984,0.0065199104,1.19248
452,1,1,0.0,0.0008048159,0.99582875,0.0033665341,0.524081
452,1,1,0.0,0.000565415,0.9942383,0.005196285,0.741049
452,1,1,0.0,0.0006413104,0.99708295,0.0022758613,1.180573
452,1,1,0.0,0.0011104182,0.9974251,0.0014646838,0.226024
452,1,1,0.0,0.0010457711,0.99579674,0.003157541,0.064511
452,1,1,0.0,0.00064759376,0.9915209,0.007831638,1.023726
452,1,1,0.0,0.0013037515,0.9960322,0.0026641868,0.882516
452,1,1,0.0,0.0050075683,0.96730703,0.027685432,0.347187
452,1,1,0.0,0.0015345275,0.92248154,0.075984046,0.539565
452,1,1,0.0,0.001169295,0.9914304,0.0074003986,0.584459
452,1,2,0.0,0.012960507,0.12509851,0.861941,0.027001
452,1,1,0.0,0.0052799946,0.6566015,0.3381186,0.074654
140,1,2,0.0,0.12961018,0.016476555,0.8539134,0.292761
140,1,2,0.0,0.021703659,0.004698234,0.9735981,0.615396
140,1,2,0.0,0.008936627,0.0050204764,0.986043,0.655589
140,1,2,0.0,0.0095764445,0.008568785,0.98185486,0.695781
140,1,2,0.0,0.0046149567,0.006100728,0.98928446,0.331489
140,1,2,0.0,0.1553917,0.17751624,0.6670922,0.113656
140,1,2,0.0,0.054720685,0.020377934,0.9249015,0.570745
140,1,2,0.0,0.026415417,0.010167086,0.9634175,0.51299
140,1,2,4.470348358154297e-08,0.01960852,0.0147006875,0.96569085,0.455235
140,1,2,0.0,0.0120832445,0.01689363,0.97102314,0.39748
140,1,2,0.0,0.0061838897,0.013815907,0.98000044,0.339725
278,1,1,0.0,0.00052878127,0.9984447,0.0010265978,0.101513
278,1,1,0.0,0.0027435115,0.9619772,0.03527932,0.54797
278,1,1,0.0,0.0006410063,0.9950839,0.00427512,0.963477
278,1,1,0.0,0.00086616346,0.9917737,0.0073602446,0.456507
278,1,1,0.0,0.0022357171,0.76771307,0.23005134,0.430089
278,1,1,0.0,0.0015819068,0.7957005,0.2027177,1.118314
278,1,1,5.960464477539063e-08,0.000717194,0.9908372,0.008445482,0.868904
278,1,1,0.0,0.00040995574,0.97212636,0.027463729,0.136891
278,1,1,0.0,0.02712291,0.7154562,0.25742105,0.181818
278,1,1,0.0,0.000829343,0.99042124,0.00874966,0.187613
299,1,1,0.0,0.00021293512,0.99524784,0.004539348,0.072518
299,1,1,0.0,0.00031503313,0.9981947,0.0014903366,0.176405
299,1,1,0.0,0.00049897365,0.99159765,0.0079033775,0.249617
299,1,1,0.0,0.00080003735,0.99006027,0.00913971,0.862608
299,1,1,0.0,0.00077985943,0.99736655,0.0018537148,1.046101
299,1,1,0.0,0.00031773656,0.99821806,0.0014642166,0.625666
299,1,1,0.0,0.00031725274,0.99552244,0.004160427,0.51466
299,1,1,5.960464477539063e-08,0.00074174907,0.99679816,0.002460044,1.331056
299,1,1,0.0,0.00023447783,0.9831463,0.016619282,1.391675
299,1,1,0.0,0.0003313391,0.97517645,0.024492221,0.756111
299,1,1,0.0,0.0021411425,0.952931,0.044928014,0.126911
299,1,1,0.0,0.00050576834,0.99801207,0.001482313,0.753564
299,1,1,0.0,0.00045517503,0.9916717,0.007873046,1.331224
299,1,1,0.0,0.0004348458,0.99413264,0.005432588,0.671569
299,1,1,0.0,0.012521655,0.9790637,0.008414783,0.011914
299,1,1,0.0,0.00040272085,0.9861946,0.013402846,0.328839
299,1,1,5.774199962615967e-08,0.00058950897,0.9976847,0.0017257263,0.503507
15,1,1,0.0,0.0016330264,0.9510746,0.047292434,0.149542
15,1,1,4.470348358154297e-08,0.0015104761,0.96388835,0.034601163,0.533588
15,1,1,0.0,0.0034052627,0.9860798,0.010515019,0.917634
15,1,1,0.0,0.0027155038,0.9850309,0.01225374,0.633706
15,1,1,0.0,0.0023783746,0.9714885,0.026133208,0.327277
15,1,1,0.0,0.0015832335,0.9735014,0.02491538,0.018618
15,1,1,0.0,0.004062303,0.9711448,0.024792925,0.590199
15,1,1,1.4901161193847656e-08,0.0077352272,0.9794075,0.0128573775,1.072856
15,1,1,0.0,0.017783372,0.9698427,0.012374015,1.456902
15,1,1,0.0,0.11422027,0.8648424,0.020937422,1.840948
15,1,1,0.0,0.06118721,0.9168791,0.021933658,1.315331
15,1,1,0.0,0.018722933,0.959052,0.022225194,0.389798
15,1,1,0.0,0.0032847559,0.9880815,0.00863376,0.707614
15,1,1,4.470348358154297e-08,0.0155293755,0.9689057,0.015564997,1.410745
15,1,1,0.0,0.017961597,0.96998584,0.012052769,1.982326
15,1,1,4.470348358154297e-08,0.032575067,0.9540163,0.013408605,2.380216
15,1,1,0.0,0.059722435,0.9278404,0.01243718,1.862197
15,1,1,0.0,0.06734504,0.9177556,0.014899509,0.936664
15,1,1,0.0,0.011820115,0.98092645,0.007253629,0.011131
15,1,1,0.0,0.010010161,0.9695225,0.020467477,0.154952
15,1,1,0.0,0.0015641393,0.99136776,0.0070681428,1.08216
15,1,1,0.0,0.0031350625,0.99003327,0.00683169,2.009368
15,1,1,0.0,0.00858786,0.98183864,0.009573563,2.424414
15,1,1,0.0,0.008507448,0.98164076,0.009851928,2.409063
15,1,1,0.0,0.04640966,0.9426695,0.010920909,1.48353
15,1,1,0.0,0.03399665,0.9559084,0.010095039,0.557997
15,1,1,0.0,0.009566719,0.96301305,0.027420264,0.529498
15,1,1,0.0,0.00534147,0.983162,0.011496457,0.938694
15,1,1,0.0,0.0056452276,0.9854077,0.00894715,1.198758
15,1,1,0.0,0.008667274,0.9811969,0.010135864,1.458822
15,1,1,0.0,0.0076102978,0.982647,0.0097427545,1.718886
15,1,1,0.0,0.019327346,0.9721905,0.008482176,1.104863
15,1,1,0.0,0.02931884,0.9605204,0.010160732,0.17933
15,1,1,0.0,0.013308065,0.9738674,0.012824595,0.233167
15,1,1,0.0,0.0047558895,0.9843899,0.010854311,0.493231
15,1,1,5.21540641784668e-08,0.0037138492,0.98892325,0.00736286,0.753295
15,1,1,0.0,0.0039106407,0.99086964,0.0052198125,0.726196
15,1,1,0.0,0.003970151,0.98925745,0.0067724776,0.047768
198,1,1,0.0,0.009385028,0.98974967,0.00086533744,0.188505
198,1,1,0.0,0.010676934,0.9887578,0.00056535087,0.272801
198,1,1,0.0,0.05748988,0.941454,0.0010562456,0.557262
198,1,0,5.960464477539063e-08,0.9529387,0.04448236,0.002578939,1.218694
198,1,0,0.0,0.9665737,0.030392805,0.0030338117,0.894217
198,1,0,0.0,0.8302292,0.14598663,0.023784189,0.38737
198,1,1,0.0,0.15152092,0.8469677,0.0015115677,0.926018
198,1,0,0.0,0.9734634,0.024815148,0.0017214828,1.316994
198,1,0,0.0,0.9814653,0.017010475,0.0015244033,0.838708
198,1,1,0.0,0.07154902,0.9269281,0.0015230179,0.365249
198,1,0,0.0,0.6621478,0.3362628,0.0015893877,1.294775
198,1,0,0.0,0.9114347,0.054045416,0.034519844,0.780423
198,1,0,0.0,0.6740879,0.31770563,0.008206637,0.573665
198,1,0,0.0,0.83391917,0.0847562,0.08132462,0.826216
198,1,0,2.9802322387695312e-08,0.95750344,0.026196089,0.016300438,0.324735
28,1,1,1.4901161193847656e-08,0.014045605,0.94366217,0.042292308,0.419476
28,1,1,0.0,0.026644867,0.88705355,0.08630159,0.564864
28,1,1,5.960464477539063e-08,0.0064977445,0.94328904,0.0502133,0.492856
28,1,1,0.0,0.053977642,0.91527176,0.030750614,0.593423
28,1,1,0.0,0.21302904,0.7392468,0.047724288,1.562268
28,1,1,0.0,0.19715136,0.76353496,0.039313745,0.723851
28,1,1,0.0,0.14280383,0.81677765,0.040418576,0.76737
28,1,1,0.0,0.07455746,0.9036674,0.021775294,1.608447
28,1,1,0.0,0.020207731,0.9623627,0.017429559,0.614449
28,1,1,2.9802322387695312e-08,0.10128086,0.8622901,0.0364291,0.941318
28,1,1,0.0,0.16966617,0.8047623,0.02557157,1.499045
28,1,1,0.0,0.04447038,0.93699276,0.018536951,0.505047
28,1,1,0.0,0.24954227,0.7228329,0.027624916,0.13051
28,1,1,0.0,0.11406969,0.8644234,0.021506947,1.115265
28,1,1,0.0,0.11916549,0.8571849,0.023649774,1.389643
28,1,1,0.0,0.09382245,0.89104986,0.015127778,0.395645
28,1,1,0.0,0.0024944034,0.9396677,0.057838038,0.304457
28,1,1,0.0,0.0012878977,0.9914169,0.0072953827,0.778333
28,1,1,0.0,0.012149514,0.97703457,0.010816074,0.913019
28,1,1,0.0,0.019386495,0.96842396,0.0121896,0.286244
28,1,1,0.0,0.00059867674,0.8719293,0.12747225,0.056817
138,1,2,0.0,0.013972367,0.056360293,0.92966753,0.197202
138,1,1,0.0,0.11589015,0.5779653,0.30614462,0.873031
138,1,2,0.0,0.07430462,0.21953489,0.70616055,0.877678
138,1,2,0.0,0.014370482,0.051502213,0.93412733,0.356549
138,1,0,0.0,0.67479706,0.23582482,0.089378275,0.343545
138,1,0,0.0,0.8112442,0.10968652,0.07906921,0.602942
138,1,0,5.960464477539063e-08,0.7313886,0.13766082,0.13095054,0.029846
145,1,0,5.960464477539063e-08,0.8663657,0.1327057,0.00092872395,0.000544
145,1,0,0.0,0.7907617,0.20758441,0.0016538905,0.161082
145,1,1,0.0,0.41706255,0.5809519,0.0019856738,0.321621
145,1,1,0.0,0.20935634,0.7878375,0.0028062868,0.48216
145,1,0,0.0,0.882454,0.11659562,0.0009504307,0.024341
145,1,0,0.0,0.5940613,0.40428635,0.0016523895,0.18488
145,1,0,0.0,0.7947938,0.20402232,0.0011840039,0.345418
145,1,0,0.0,0.7855549,0.21359281,0.00085242797,0.505957
145,1,0,0.0,0.926386,0.0729455,0.00066861714,0.666496
145,1,0,0.0,0.53524584,0.4638024,0.00095190207,0.827035
145,1,1,0.0,0.48211414,0.5168875,0.00099843,0.987573
145,1,0,0.0,0.7316107,0.26687232,0.0015170845,1.148112
145,1,0,5.960464477539063e-08,0.6401908,0.35753304,0.0022761305,1.308651
145,1,1,0.0,0.033858895,0.9650479,0.0010932299,0.975446
145,1,0,0.0,0.5876367,0.4114252,0.00093824236,0.690293
145,1,0,0.0,0.5307432,0.46786478,0.0013921411,0.850832
145,1,1,0.0,0.38609,0.6125277,0.0013824354,1.011371
145,1,1,0.0,0.09125086,0.90790766,0.00084155647,1.171909
145,1,1,0.0,0.04199097,0.9572868,0.0007223786,1.332448
145,1,0,0.0,0.5487822,0.45007023,0.0011474736,1.492987
145,1,1,0.0,0.12638047,0.8728834,0.00073621084,1.653525
145,1,0,0.0,0.722492,0.27634788,0.0011602237,1.814064
145,1,1,0.0,0.14205948,0.8571715,0.0007691085,1.974603
145,1,1,0.0,0.19188339,0.80717194,0.00094485696,2.135141
145,1,1,0.0,0.131655,0.86726,0.001085249,2.161032
145,1,1,0.0,0.022120781,0.97575724,0.0021220583,1.182757
145,1,1,0.0,0.03469899,0.9618198,0.0034814614,0.204482
145,1,1,0.0,0.3829542,0.61371636,0.0033295632,0.662318
145,1,1,0.0,0.43514374,0.5623412,0.0025152166,0.712981
145,1,1,0.0,0.34394276,0.65399504,0.0020623582,1.543757
145,1,1,0.0,0.0795401,0.9195842,0.0008758367,2.158939
145,1,1,0.0,0.055776533,0.94359934,0.00062419137,2.319478
145,1,1,2.9802322387695312e-08,0.13398851,0.8650337,0.0009778943,2.480016
145,1,1,0.0,0.034646153,0.96475524,0.00059874245,2.640555
145,1,1,0.0,0.21234146,0.7866117,0.0010468492,2.801094
145,1,1,0.0,0.1289738,0.87011856,0.0009077766,2.961632
145,1,1,0.0,0.31254885,0.68598336,0.0014678377,3.122171
145,1,1,0.0,0.0942793,0.9044305,0.001290255,2.368344
145,1,1,0.0,0.09682525,0.8992514,0.0039234185,1.390069
145,1,1,0.0,0.027218284,0.96593726,0.0068445373,0.411794
145,1,0,5.960464477539063e-08,0.82720435,0.17074166,0.0020540848,0.203412
145,1,0,0.0,0.5612685,0.43614745,0.0025840485,1.099125
145,1,1,0.0,0.019199824,0.9804125,0.00038801818,1.994839
145,1,1,0.0,0.083207734,0.9159989,0.0007934277,2.890553
145,1,1,0.0,0.05880864,0.9396855,0.0015060251,3.467046
145,1,1,0.0,0.05333681,0.9458491,0.0008142617,3.627585
145,1,1,0.0,0.16722095,0.8317007,0.0010782899,3.788123
145,1,1,0.0,0.3045549,0.69427156,0.0011733836,3.691974
145,1,1,0.0,0.33766076,0.6605594,0.0017799109,3.291093
145,1,1,0.0,0.2127261,0.7832283,0.004045692,2.575656
145,1,1,0.0,0.017442629,0.9781861,0.0043712705,1.597381
145,1,1,0.0,0.013168641,0.9781474,0.008684099,0.619106
145,1,0,0.0,0.86713,0.1302655,0.0026047316,0.654494
145,1,1,0.0,0.27080485,0.72791195,0.0012833496,1.550208
145,1,1,0.0,0.048774723,0.9505357,0.00068960094,2.437069
145,1,1,0.0,0.12135047,0.8771963,0.0014533639,3.199903
145,1,1,2.9802322387695312e-08,0.07281402,0.92617536,0.0010106761,3.577605
145,1,1,5.960464477539063e-08,0.21124482,0.7872023,0.0015528996,3.176724
145,1,1,0.0,0.27416575,0.7243186,0.0015156153,2.775844
145,1,1,0.0,0.15197659,0.84523815,0.0027853127,2.374963
145,1,1,0.0,0.11939844,0.87625116,0.004350642,1.974082
145,1,1,0.0,0.049220596,0.94757414,0.0032053846,1.573202
145,1,1,6.705522537231445e-08,0.010369344,0.9873535,0.0022771258,0.826417
145,1,0,0.0,0.92544025,0.06419741,0.010362394,0.209863
145,1,0,0.0,0.7598525,0.23892397,0.0012235913,1.027641
145,1,1,0.0,0.16158524,0.8374979,0.0009168096,1.790475
145,1,1,0.0,0.11487044,0.8842603,0.00086929277,2.567066
145,1,1,0.0,0.07592568,0.92312014,0.0009541761,2.661475
145,1,1,0.0,0.22301207,0.7751552,0.0018327747,2.260594
145,1,1,0.0,0.2190761,0.77895695,0.0019670727,1.859713
145,1,1,0.0,0.3644627,0.63293564,0.00260175,1.458833
145,1,1,0.0,0.29952374,0.6959506,0.0045257583,1.057952
145,1,1,0.0,0.06033002,0.93829316,0.0013768718,0.657071
145,1,1,0.0,0.0014015092,0.99814945,0.00044929906,0.256191
145,1,0,0.0,0.7103731,0.2847809,0.0048460294,0.381047
145,1,1,0.0,0.15142775,0.8475094,0.001062996,1.205868
145,1,1,0.0,0.31358343,0.68507993,0.0013365828,2.013695
145,1,1,0.0,0.034549847,0.9647177,0.00073256926,1.745344
145,1,1,0.0,0.051495977,0.9472109,0.0012932657,1.344464
145,1,1,0.0,0.040830813,0.9583292,0.00084017956,0.943583
145,1,1,0.0,0.23339966,0.7655551,0.0010454125,0.542702
145,1,1,0.0,0.06421186,0.93498385,0.00080422626,0.141822
145,1,0,0.0,0.88839763,0.108681686,0.0029208022,0.08707
145,1,1,0.0,0.08729917,0.911841,0.0008599469,1.085376
145,1,1,2.9802322387695312e-08,0.09738571,0.90174735,0.0008668841,1.036719
145,1,1,0.0,0.0029783575,0.99664176,0.00037992056,0.823369
145,1,1,0.0,0.00162088,0.998136,0.00024324702,0.428333
145,1,1,0.0,0.0021921848,0.99689484,0.0009131495,0.027453
145,1,0,0.0,0.8069479,0.19113651,0.0019156147,0.028885
145,1,1,0.0,0.024551839,0.9726915,0.0027567917,0.273092
145,1,1,0.0,0.041287687,0.94962496,0.009087501,0.059743
49,1,1,0.0,0.32256395,0.6264691,0.050967008,0.263544
49,1,2,0.0,0.3833513,0.11246994,0.50417894,0.691779
49,1,0,0.0,0.50680566,0.12027873,0.37291574,0.427548
49,1,2,2.9802322387695312e-08,0.07132248,0.067225255,0.8614523,0.163317
49,1,1,2.9802322387695312e-08,0.008175921,0.92863286,0.06319114,0.011252
49,1,0,0.0,0.4894746,0.270116,0.24040942,0.264847
49,1,0,0.0,0.7203831,0.17143278,0.10818434,0.518442
49,1,0,0.0,0.67383903,0.10865573,0.2175054,0.772037
49,1,0,0.0,0.6694824,0.13589168,0.19462594,0.863546
49,1,2,0.0,0.30171105,0.15835313,0.5399359,0.599315
49,1,2,0.0,0.109210745,0.13585223,0.7549371,0.335085
49,1,2,0.0,0.1667221,0.19120723,0.6420707,0.070854
49,1,0,0.0,0.8319808,0.104125075,0.063894235,0.058322
49,1,0,5.960464477539063e-08,0.85842097,0.10142514,0.040153958,0.311917
49,1,0,0.0,0.74146146,0.15184073,0.106697865,0.565512
49,1,0,0.0,0.63359696,0.25855422,0.10784877,0.01328
260,1,1,0.0,0.38271824,0.40539896,0.21188284,0.060473
260,1,1,0.0,0.1633121,0.81515783,0.021530215,0.565442
260,1,1,0.0,0.0092227375,0.9130383,0.07773913,0.499955
260,1,1,0.0,0.22785546,0.74879736,0.023347316,0.418643
260,1,1,0.0,0.035600357,0.9629432,0.0014564649,0.923611
260,1,1,1.4901161193847656e-08,0.034004845,0.96497655,0.0010187575,1.22678
260,1,1,5.587935447692871e-08,0.006716103,0.99198973,0.0012941596,0.961752
260,1,1,0.0,0.03304863,0.9624329,0.0045185625,0.253682
260,1,0,0.0,0.4759456,0.12715477,0.39689973,0.238765
260,1,1,0.0,0.015945336,0.97021383,0.013840971,0.792595
260,1,0,0.0,0.5766368,0.41163498,0.0117284665,0.527567
260,1,0,5.960464477539063e-08,0.6683481,0.22889617,0.10275576,0.262539
270,1,1,0.0,0.00043341125,0.9951763,0.0043904684,0.27246
270,1,1,0.0,0.00063643354,0.9974713,0.0018924379,0.330951
270,1,1,0.0,0.0013793446,0.9674296,0.031191256,0.063512
270,1,1,0.0,0.00060008577,0.96595955,0.033440474,0.854825
270,1,1,0.0,0.00060301414,0.99326897,0.00612805,0.347123
270,1,1,0.0,0.00074956665,0.9894766,0.009773913,0.653783
270,1,1,0.0,0.0016849277,0.9679202,0.030395044,0.054379
259,1,0,0.0,0.7293398,0.14829652,0.122363746,0.141794
259,1,0,0.0,0.42524788,0.18467034,0.39008188,0.612663
259,1,2,0.0,0.3158497,0.20235363,0.48179674,0.954683
259,1,2,0.0,0.3684483,0.21005788,0.42149383,0.661064
259,1,2,0.0,0.21308565,0.28706196,0.4998524,0.297696
259,1,0,0.0,0.67939186,0.21645696,0.104151316,0.684646
259,1,0,0.0,0.4483819,0.17394094,0.3776774,0.949463
259,1,2,0.0,0.1571562,0.167797,0.6750469,0.444495
259,1,0,0.0,0.6899543,0.22685587,0.08318983,0.087738
259,1,0,0.0,0.5312687,0.2226093,0.24612206,0.086326
205,1,1,0.0,0.042079072,0.95583135,0.0020897277,0.429234
205,1,1,0.0,0.010747152,0.9873775,0.0018754327,0.099924
205,1,1,0.0,0.0035010325,0.99529165,0.0012075002,0.688778
205,1,1,0.0,0.0036791486,0.9949149,0.0014060764,1.044146
205,1,1,0.0,0.005368984,0.99332994,0.0013011746,0.714836
205,1,1,0.0,0.009147571,0.98939323,0.0014592984,0.385527
205,1,1,5.960464477539063e-08,0.026375286,0.9717724,0.0018523056,0.056217
205,1,1,0.0,0.0066228244,0.9888043,0.0045729177,0.44953
205,1,1,0.0,0.0025413532,0.99553406,0.0019245774,1.420488
205,1,1,0.0,0.0036729083,0.994485,0.001842155,1.659058
205,1,1,0.0,0.005264117,0.99280155,0.0019344746,1.329749
205,1,1,0.0,0.012870891,0.98588187,0.0012473142,1.000439
205,1,1,0.0,0.008492772,0.99052656,0.0009806573,0.671129
205,1,1,0.0,0.008303541,0.990489,0.0012075301,0.34182
205,1,1,0.0,0.07209535,0.9247083,0.003196463,0.01251
205,1,1,0.0,0.0032003291,0.94032806,0.056471717,0.210282
205,1,1,0.0,0.008273492,0.9891481,0.0025786157,1.18124
205,1,1,5.587935447692871e-08,0.004992955,0.99338263,0.0016243462,2.152199
205,1,1,5.960464477539063e-08,0.004484656,0.99390143,0.0016138942,2.273971
205,1,1,0.0,0.004727983,0.9940431,0.0012290382,1.944661
205,1,1,0.0,0.005642964,0.99349225,0.00086491,1.615351
205,1,1,0.0,0.00430947,0.9949504,0.0007402788,1.286041
205,1,1,5.587935447692871e-09,0.0022979914,0.996547,0.0011551165,0.956732
205,1,1,0.0,0.0017365938,0.99790424,0.00035922765,0.49618
205,1,1,0.0,0.015734151,0.97702515,0.007240829,0.822837
205,1,1,0.0,0.004932637,0.9929255,0.002141941,1.627737
205,1,1,0.0,0.003036026,0.99514526,0.0018187824,2.432637
205,1,1,0.0,0.0027641773,0.9957752,0.0014607708,2.888883
205,1,1,0.0,0.005525332,0.99354935,0.00092537014,2.559573
205,1,1,0.0,0.0025352398,0.99646133,0.0010035448,1.866405
205,1,1,0.0,0.0011307303,0.998076,0.00079329335,0.964904
205,1,1,6.146728992462158e-08,0.0016686331,0.9968763,0.0014550405,0.063403
205,1,2,0.0,0.004341524,0.18632342,0.80933523,0.229427
205,1,1,0.0,0.02219724,0.97487396,0.0029289415,1.034327
205,1,1,0.0,0.0050790575,0.99242586,0.0024953373,1.839227
205,1,1,0.0,0.005231938,0.9924418,0.0023263083,2.644127
205,1,1,5.960464477539063e-08,0.0034101766,0.9952776,0.0013121481,2.335128
205,1,1,0.0,0.0018028972,0.9974647,0.0007324795,1.433627
205,1,1,0.0,0.0011161253,0.9980288,0.0008551467,0.532127
205,1,1,0.0,0.005046588,0.99099916,0.0039545107,0.440916
205,1,1,0.0,0.0016072604,0.9932499,0.005142936,1.245816
205,1,1,3.725290298461914e-09,0.0024208773,0.99546194,0.0021172643,2.050716
205,1,1,0.0,0.0046330104,0.9932388,0.002128195,1.902351
205,1,1,0.0,0.0011161929,0.9973034,0.0015804712,1.00085
205,1,1,1.862645149230957e-09,0.001364163,0.9965825,0.0020532787,0.099349
205,1,2,0.0,0.0022511268,0.05735861,0.9403902,0.652406
205,1,1,0.0,0.0013079102,0.9965701,0.0021219926,1.435274
205,1,1,0.0,0.0043710596,0.9933004,0.0023285898,1.469574
205,1,1,6.146728992462158e-08,0.00082938926,0.9977613,0.0014092162,0.568073
205,1,2,2.9802322387695312e-08,0.031760667,0.049783662,0.9184557,0.027139
205,1,1,0.0,0.0017663037,0.993761,0.004472878,0.796692
205,1,1,5.960464477539063e-08,0.0011569499,0.99718016,0.0016628221,1.036797
205,1,1,0.0,0.001717567,0.99714273,0.0011398557,0.135296
205,1,2,0.0,0.014565171,0.10544532,0.8799896,0.15811
205,1,1,0.0,0.0013586392,0.99338114,0.0052602426,0.604019
205,1,2,0.0,0.001500294,0.015007297,0.98349243,0.171242
311,1,1,0.0,0.0010884061,0.99732125,0.0015904383,0.273638
311,1,1,0.0,0.0012334492,0.9845137,0.01425299,0.226628
311,1,1,0.0,0.0015061436,0.984945,0.013548889,0.675843
311,1,1,0.0,0.0009588836,0.99280155,0.0062397025,1.134347
311,1,1,0.0,0.0008689927,0.99447024,0.00466077,0.71477
311,1,1,0.0,0.0010992952,0.9909444,0.007956368,0.295193
311,1,1,0.0,0.009998036,0.61705923,0.3729428,0.162497
311,1,1,0.0,0.0005050776,0.9964964,0.0029985725,1.078047
311,1,1,0.0,0.0005181385,0.99616396,0.0033179808,1.822875
311,1,1,0.0,0.0004948562,0.99690264,0.002602466,1.62249
311,1,1,5.774199962615967e-08,0.00047061132,0.9966284,0.0029009553,0.86314
311,1,2,0.0,0.023687927,0.09629476,0.8800174,0.098574
311,1,1,0.0,0.004105931,0.97632575,0.01956839,0.503564
311,1,1,5.21540641784668e-08,0.0023451888,0.9864431,0.011211689,0.908554
311,1,1,0.0,0.00016920207,0.99618053,0.0036504336,1.313544
311,1,1,0.0,0.00022813752,0.9950499,0.004722019,0.662623
311,1,1,0.0,0.00033742466,0.99813837,0.0015243997,0.140456
311,1,2,0.0,0.26348755,0.05215748,0.68435496,0.217557
311,1,2,0.0,0.22350687,0.22431733,0.5521758,0.075771
311,1,2,0.0,0.0013133136,0.30025232,0.69843435,0.399223
311,1,1,0.0,0.00034366018,0.9885183,0.011138016,0.804213
311,1,1,0.0,0.005407526,0.9739594,0.020633072,0.329865
311,1,2,0.0,0.32061964,0.09170457,0.58767575,0.406487
311,1,2,0.0,0.0036015003,0.07098829,0.9254103,0.294881
311,1,2,0.0,0.030736357,0.025762418,0.9435015,0.699871
314,1,1,5.8673322200775146e-08,0.00040336695,0.998654,0.0009426577,0.055388
314,1,1,0.0,0.00036364948,0.99831927,0.0013170952,0.433515
314,1,1,9.313225746154785e-10,0.0003308901,0.9982825,0.0013867407,0.570293
314,1,1,0.0,0.00238656,0.99687237,0.0007411,0.224886
314,1,1,0.0,0.0034200633,0.9957638,0.00081622787,0.603014
314,1,1,0.0,0.00051889184,0.9983959,0.0010853675,0.720638
314,1,1,0.0,0.00038134298,0.99817765,0.0014411305,0.286151
314,1,1,5.960464477539063e-08,0.0016912232,0.99777853,0.0005302596,0.561794
314,1,1,0.0,0.0008296337,0.9972688,0.0019016021,0.254446
229,1,1,0.0,0.0011851522,0.9969554,0.0018596147,0.19984
229,1,1,0.0,0.00453607,0.7035179,0.29194617,0.308674
229,1,1,0.0,0.0107055195,0.9878798,0.0014147292,1.081022
229,1,1,5.960464477539063e-08,0.013023609,0.9843126,0.0026636876,0.608246
229,1,1,0.0,0.3837102,0.6097652,0.0065247063,0.135469
229,1,1,0.0,0.042587087,0.86455876,0.09285431,0.218066
229,1,1,0.0,0.075250104,0.9206821,0.0040678116,0.864802
229,1,1,0.0,0.02960367,0.9452304,0.025166048,0.213996
229,1,1,2.9802322387695312e-08,0.13097095,0.86752623,0.0015028837,0.366393
229,1,1,0.0,0.13910188,0.85922873,0.0016693947,0.732107
229,1,1,0.0,0.12767348,0.8260341,0.04629262,0.394905
229,1,1,0.0,0.088826686,0.90981627,0.0013571641,0.244428
229,1,2,0.0,0.04177965,0.38440755,0.573813,0.057703
229,1,1,4.470348358154297e-08,0.010455098,0.9854895,0.004055457,0.703891
229,1,1,5.960464477539063e-08,0.004220654,0.9951941,0.00058517157,0.95926
229,1,1,0.0,0.02562506,0.97296005,0.0014150111,0.612005
229,1,1,0.0,0.13911602,0.8582339,0.0026501783,0.26475
229,1,1,0.0,0.08366711,0.90890807,0.007424798,0.346002
229,1,1,0.0,0.0016179302,0.99722785,0.001154279,0.851147
229,1,1,5.21540641784668e-08,0.0063995477,0.99269927,0.00090119586,0.622665
229,1,0,0.0,0.77264327,0.22060946,0.0067473766,0.070731
168,1,1,0.0,0.0056147287,0.9892946,0.0050908397,0.309013
168,1,1,5.960464477539063e-08,0.32956916,0.62182313,0.048607685,0.057316
168,1,1,0.0,0.008074024,0.98330873,0.008617333,0.271774
168,1,1,0.0,0.014620845,0.98180634,0.0035727816,0.599152
168,1,1,5.960464477539063e-08,0.007259131,0.9893696,0.0033712054,0.926529
168,1,1,8.940696716308594e-08,0.04357689,0.92641276,0.030010292,0.725523
168,1,2,0.0,0.34371734,0.30347514,0.35280767,0.336244
168,1,1,0.0,0.10550047,0.8880567,0.006443008,0.093233
168,1,1,0.0,0.028807385,0.9689279,0.002264832,0.972242
168,1,1,0.0,0.02971841,0.9648453,0.005436392,0.582963
168,1,1,0.0,0.16991341,0.82755274,0.0025340384,0.193683
168,1,0,0.0,0.6116968,0.34915295,0.039150342,0.29283
168,1,1,0.0,0.107935876,0.88408035,0.007983766,0.051123
327,1,1,0.0,0.00086396653,0.9777965,0.021339705,0.09952
327,1,1,0.0,0.0076225074,0.9701281,0.02224944,0.272318
327,1,1,0.0,0.043839995,0.9379327,0.018227363,0.689406
327,1,1,0.0,0.092414826,0.8740234,0.033561967,0.310066
327,1,1,0.0,0.009489504,0.9431157,0.04739489,0.117544
327,1,1,0.0,0.0141141405,0.9304429,0.055443,0.56146
327,1,1,0.0,0.06268337,0.81024075,0.12707603,0.855984
327,1,1,0.0,0.023829069,0.9477787,0.02839244,0.434832
327,1,1,0.0,0.028431844,0.9383344,0.03323388,0.109307
134,1,1,0.0,0.36202255,0.46744445,0.17053308,0.00544
134,1,1,0.0,0.25522405,0.74191236,0.0028635904,0.944102
134,1,1,0.0,0.40310463,0.5933418,0.0035537193,0.014729
134,1,1,0.0,0.06306258,0.9343714,0.0025661814,0.98034
134,1,1,0.0,0.04492043,0.9525167,0.002563009,0.709106
134,1,1,0.0,0.054315638,0.94372344,0.0019610142,0.627945
134,1,1,0.0,0.018918272,0.9799633,0.0011185639,0.55017
134,1,1,1.4901161193847656e-08,0.015860382,0.9746849,0.009454784,0.472394
134,1,1,0.0,0.29038993,0.6574645,0.052145623,0.042311
134,1,1,0.0,0.034109455,0.9634099,0.0024807716,0.955547
134,1,1,0.0,0.013280666,0.9845423,0.0021771474,1.702691
134,1,1,0.0,0.025934525,0.9708253,0.0032402424,1.624916
134,1,1,0.0,0.00711798,0.9904175,0.0024646043,1.547141
134,1,1,0.0,0.035192452,0.9571943,0.007613379,0.982434
134,1,1,0.0,0.045211595,0.9498931,0.004895306,0.930754
134,1,1,1.4901161193847656e-08,0.015252316,0.98122257,0.0035251935,1.219862
134,1,1,0.0,0.007103265,0.98412895,0.008767757,1.344025
134,1,1,0.0,0.0053650686,0.9908866,0.0037485214,1.468188
134,1,1,0.0,0.03183666,0.8933324,0.074831046,0.92425
134,1,0,0.0,0.61595196,0.37511346,0.0089346375,0.103437
134,1,1,0.0,0.2986377,0.6914651,0.0098973,0.2276
134,1,1,2.9802322387695312e-08,0.118477605,0.8641149,0.01740755,0.351763
134,1,1,0.0,0.07726498,0.8755645,0.04717068,0.475926
134,1,1,0.0,0.059419032,0.82928246,0.111298606,0.600089
322,1,2,0.0,0.0017260045,0.0927873,0.90548664,0.151595
322,1,1,0.0,0.003363245,0.9945002,0.0021365734,0.398487
322,1,1,0.0,0.0038727955,0.99491036,0.0012168414,0.645379
322,1,1,0.0,0.0027577884,0.9968038,0.00043844763,0.665065
322,1,2,0.0,0.00054660504,0.019565217,0.9798884,0.011762
322,1,1,0.0,0.0006230147,0.99894524,0.00043190355,0.982081
322,1,1,5.774199962615967e-08,0.0012934816,0.99786776,0.0008387486,1.614422
322,1,1,0.0,0.00051765615,0.998063,0.0014194178,1.001979
322,1,1,5.587935447692871e-08,0.0013257022,0.99520934,0.0034649002,0.060444
322,1,1,0.0,0.00067358906,0.9984732,0.00085329416,0.528037
322,1,1,0.0,0.0018301783,0.9972753,0.00089465996,1.042961
322,1,1,0.0,0.001967341,0.9674597,0.030573247,0.404103
322,1,1,0.0,0.0035292753,0.9956169,0.0008539206,0.273637
329,1,2,0.0,0.045040414,0.36711532,0.5878444,0.418008
329,1,1,0.0,0.0120993545,0.79036236,0.19753832,0.827177
329,1,1,0.0,0.004180717,0.9698602,0.025959153,0.592541
329,1,2,2.9802322387695312e-08,0.009489716,0.021100234,0.96941006,0.161967
329,1,2,0.0,0.013676731,0.043232165,0.9430914,0.549095
329,1,2,0.0,0.0073317634,0.2659718,0.72669655,0.12611
334,1,1,0.0,0.0006272705,0.99773985,0.0016329314,0.046838
334,1,1,0.0,0.0045583467,0.9948071,0.00063460803,0.659286
334,1,1,0.0,0.06653119,0.93162405,0.0018448159,0.285928
334,1,1,0.0,0.002133627,0.9972725,0.0005939269,0.784149
334,1,1,0.0,0.024821918,0.9731606,0.0020174985,1.388326
334,1,1,0.0,0.011166977,0.9876672,0.0011658105,1.213615
334,1,1,0.0,0.016797993,0.9820289,0.0011733203,0.840257
334,1,1,0.0,0.049151268,0.94951004,0.0013387176,0.466899
334,1,1,0.0,0.23435761,0.75809425,0.007548302,0.093541
334,1,1,0.0,0.011161084,0.9831783,0.0056606815,0.123006
334,1,1,0.0,0.005047972,0.9915919,0.003360244,0.439848
334,1,1,0.0,0.0054498445,0.9934177,0.0011326994,0.75669
334,1,1,0.0,0.009523448,0.9892963,0.0011803567,1.073532
334,1,1,0.0,0.023049459,0.9754438,0.0015069497,1.314176
334,1,1,0.0,0.007598194,0.9909546,0.0014472029,0.45694
334,1,1,0.0,0.020873962,0.974277,0.004849046,0.125054
334,1,1,0.0,0.033774946,0.95324194,0.012983139,0.441896
276,1,1,0.0,0.12813687,0.8298044,0.04205881,0.809824
276,1,1,0.0,0.42527887,0.56411797,0.010603195,0.691131
276,1,1,0.0,0.48980474,0.50175,0.008445329,0.479039
276,1,1,0.0,0.4468275,0.53068286,0.02248971,0.181137
276,1,1,0.0,0.07980041,0.91639143,0.0038082364,0.136566
276,1,1,0.0,0.07440045,0.91247076,0.013128916,0.325898
276,1,1,2.9802322387695312e-08,0.05130978,0.8706209,0.07806933,0.59751
276,1,1,2.9802322387695312e-08,0.051623084,0.9298683,0.0185087,0.184856
136,1,0,0.0,0.92680943,0.0712171,0.0019736213,0.033248
136,1,0,4.470348358154297e-08,0.9602133,0.036004417,0.0037823664,0.124395
136,1,0,2.9802322387695312e-08,0.9448248,0.05279689,0.0023781909,0.215543
136,1,0,0.0,0.86456776,0.121565275,0.013867197,0.30669
136,1,0,0.0,0.97022814,0.017037237,0.012734735,0.397837
136,1,0,0.0,0.9519924,0.024139298,0.023868395,0.488984
136,1,1,0.0,0.2711351,0.43345246,0.29541257,0.199898
136,1,1,0.0,0.33994102,0.35572964,0.30432945,0.846791
136,1,1,0.0,0.2587813,0.6744672,0.066751495,0.937938
136,1,0,0.0,0.654564,0.31198907,0.03344707,1.029086
136,1,0,0.0,0.50987047,0.4669292,0.02320055,1.120233
136,1,0,0.0,0.7341806,0.261513,0.004306516,1.21138
136,1,0,0.0,0.7309101,0.26282898,0.0062610186,1.302527
136,1,0,0.0,0.71276057,0.22121625,0.06602321,1.393674
136,1,0,5.960464477539063e-08,0.6179014,0.30164796,0.08045063,0.783144
136,1,1,0.0,0.20821033,0.70269245,0.08909735,0.147932
136,1,1,0.0,0.3573832,0.4807117,0.16190524,1.146581
136,1,1,0.0,0.30421835,0.54413277,0.151649,1.933776
136,1,1,0.0,0.36261156,0.56207955,0.075309016,2.024923
136,1,1,0.0,0.36507294,0.60166657,0.03326056,2.11607
136,1,0,0.0,0.53089213,0.4559667,0.013141223,2.207217
136,1,1,0.0,0.47411686,0.5164163,0.009466956,2.298365
136,1,0,0.0,0.7585192,0.220616,0.020865036,1.823862
136,1,0,0.0,0.66781425,0.3106973,0.021488674,0.824727
136,1,1,5.960464477539063e-08,0.113163434,0.8003769,0.08645975,0.095966
136,1,1,5.960464477539063e-08,0.15268531,0.7190123,0.12830265,1.094615
136,1,1,0.0,0.35858652,0.5754138,0.06599975,2.093264
136,1,1,0.0,0.13464744,0.80558884,0.059763957,3.02076
136,1,0,0.0,0.5366571,0.443646,0.019696997,3.111908
136,1,0,0.0,0.5319199,0.4314666,0.036613554,3.203055
136,1,0,5.960464477539063e-08,0.65186226,0.1957689,0.15236881,2.86458
136,1,0,0.0,0.68393487,0.2373866,0.07867863,1.865445
136,1,0,0.0,0.8063945,0.1417886,0.05181709,0.86631
136,1,1,0.0,0.1746345,0.8112415,0.01412403,0.044
136,1,1,0.0,0.20909959,0.77242017,0.018480321,1.042649
136,1,1,0.0,0.28766406,0.6604504,0.051885612,2.041298
136,1,1,0.0,0.09662375,0.83870566,0.064670615,3.039946
136,1,1,0.0,0.20533268,0.6138798,0.1807876,4.038595
136,1,1,5.960464477539063e-08,0.36851332,0.5821215,0.049365304,3.905298
136,1,0,5.960464477539063e-08,0.68808997,0.19524616,0.11666378,2.906163
136,1,0,0.0,0.8300325,0.09638599,0.073581554,1.907028
136,1,0,0.0,0.9217738,0.048224296,0.030002039,0.907893
136,1,1,0.0,0.4701627,0.50990987,0.019927513,0.990683
136,1,1,1.1920928955078125e-07,0.15049262,0.83413047,0.015376926,1.989331
136,1,1,0.0,0.38749096,0.5982136,0.014295522,2.98798
136,1,0,0.0,0.51215553,0.39060804,0.09723641,3.986629
136,1,1,0.0,0.39932948,0.47091895,0.12975149,3.946881
136,1,0,5.960464477539063e-08,0.60552436,0.22545534,0.16902043,2.947746
136,1,0,0.0,0.8909569,0.06092317,0.048120037,1.948611
136,1,0,0.0,0.9107103,0.05721677,0.03207324,0.949476
136,1,1,0.0,0.20275126,0.77820414,0.019044615,0.938717
136,1,1,5.960464477539063e-08,0.2516564,0.69227463,0.056069028,1.937365
136,1,0,0.0,0.6705475,0.32150736,0.007945253,2.936014
136,1,1,0.0,0.43515423,0.55227906,0.012566696,3.934663
136,1,1,0.0,0.3604155,0.42895794,0.21062666,3.988464
136,1,0,0.0,0.38414654,0.2740564,0.34179708,2.989329
136,1,0,0.0,0.89715904,0.07812655,0.024714537,1.990194
136,1,0,0.0,0.90012014,0.08568017,0.014199818,0.991059
136,1,1,0.0,0.3637267,0.6155266,0.020746728,0.886751
136,1,1,0.0,0.26096168,0.6879507,0.051087752,1.885399
136,1,1,0.0,0.46811244,0.51171714,0.020170562,2.884048
136,1,1,0.0,0.34356648,0.6165731,0.039860412,3.882697
136,1,1,0.0,0.14491278,0.7902376,0.064849675,4.030047
136,1,1,0.0,0.25780904,0.4170433,0.32514766,3.030912
136,1,0,0.0,0.82516897,0.14648862,0.028342573,2.031777
136,1,0,0.0,0.8049492,0.18190221,0.013148613,1.032642
136,1,0,0.0,0.98041916,0.016066175,0.0035147902,0.033507
136,1,0,0.0,0.5450592,0.34845358,0.10648724,0.834785
136,1,1,0.0,0.41914755,0.50440085,0.07645166,1.833433
136,1,1,0.0,0.3523471,0.59873533,0.04891758,2.832082
136,1,1,0.0,0.22172683,0.6436735,0.13459967,3.387894
136,1,1,0.0,0.13057972,0.7404404,0.12897989,3.295537
136,1,2,0.0,0.22182338,0.2981966,0.47998008,3.072495
136,1,0,0.0,0.8963432,0.09196098,0.011696124,2.07336
136,1,0,0.0,0.93113625,0.061830703,0.0070331143,1.074225
136,1,0,0.0,0.95082283,0.040054392,0.009122799,0.07509
136,1,1,0.0,0.21991545,0.4750038,0.3050808,0.782818
136,1,1,0.0,0.1774445,0.6323738,0.19018176,1.781467
136,1,1,0.0,0.06458691,0.7507307,0.1846824,2.484525
136,1,1,0.0,0.21492042,0.68190354,0.10317606,2.392168
136,1,1,0.0,0.1466912,0.764056,0.08925283,2.299811
136,1,1,0.0,0.15389085,0.6425405,0.2035687,2.207453
136,1,0,2.9802322387695312e-08,0.87803,0.10930017,0.012669855,2.114943
136,1,0,0.0,0.87086916,0.11993009,0.009200854,1.115808
136,1,0,0.0,0.9546894,0.036254905,0.009055833,0.116673
136,1,1,5.960464477539063e-08,0.25850865,0.6822998,0.059191603,0.730852
136,1,1,0.0,0.1394845,0.7394982,0.121017575,1.581157
136,1,0,0.0,0.37471536,0.27960518,0.34567955,1.488799
136,1,0,0.0,0.41619682,0.41583583,0.16796748,1.396442
136,1,0,0.0,0.6380416,0.3279209,0.034037597,1.304085
136,1,0,0.0,0.8126765,0.12351187,0.06381191,1.211727
136,1,0,0.0,0.9266815,0.030702021,0.042616807,1.11937
136,1,0,0.0,0.9058757,0.03707789,0.05704672,1.027013
136,1,0,0.0,0.64570546,0.21163656,0.14265808,0.158256
136,1,0,5.960464477539063e-08,0.8435156,0.12845649,0.028027859,0.677788
136,1,1,0.0,0.34475303,0.44936162,0.20588541,0.585431
136,1,2,0.0,0.38727623,0.21551871,0.3972052,0.493073
136,1,0,0.0,0.6289724,0.1552832,0.21574451,0.400716
136,1,0,0.0,0.61899865,0.14221434,0.238787,0.308359
136,1,0,0.0,0.648262,0.16181807,0.18992004,0.216001
136,1,0,0.0,0.5580997,0.20721227,0.23468807,0.123644
136,1,0,0.0,0.55248415,0.23673561,0.2107802,0.031287
84,2,1,0.0,0.0011415059,0.9860403,0.012818341,0.099908
84,2,1,0.0,0.0014886732,0.97892517,0.019586286,0.259385
84,2,1,0.0,0.020087844,0.7507053,0.22920708,0.987185
84,2,1,0.0,0.054279156,0.729108,0.21661295,0.525948
84,2,2,0.0,0.11283478,0.2080199,0.67914534,0.06471
84,2,2,0.0,0.000351932,0.0075526796,0.9920954,0.196639
84,2,0,0.0,0.51206696,0.38587996,0.10205311,0.65308
84,2,0,0.0,0.55210125,0.41450244,0.033396266,0.476671
290,2,1,7.450580596923828e-08,0.049925547,0.9488131,0.0012612909,0.275745
290,2,1,0.0,0.17032786,0.82797617,0.0016960729,0.516804
290,2,1,0.0,0.07637722,0.9216246,0.0019981686,1.093033
290,2,1,0.0,0.2505,0.7466632,0.0028368763,0.474214
290,2,1,0.0,0.3829191,0.61077476,0.0063062105,0.686275
290,2,1,0.0,0.030210366,0.9689526,0.000837219,1.588328
290,2,1,0.0,0.3312361,0.660707,0.00805701,1.100804
290,2,2,0.0,0.005403152,0.07280487,0.92179215,0.321455
290,2,1,0.0,0.12819362,0.8566227,0.015183785,0.25465
290,2,1,0.0,0.30710027,0.6867289,0.006171044,0.675058
290,2,1,0.0,0.045618784,0.57972336,0.3746581,0.41402
212,2,0,5.960464477539063e-08,0.78439003,0.19343059,0.022179326,0.443746
212,2,1,0.0,0.18277209,0.80711216,0.010115816,0.373719
212,2,0,0.0,0.5053515,0.44861728,0.04603131,0.848724
212,2,0,0.0,0.65923667,0.31422034,0.026542943,1.215098
212,2,0,0.0,0.7996897,0.18090557,0.019404912,0.47931
212,2,2,0.0,0.0018515241,0.014990854,0.98315763,0.490024
212,2,0,0.0,0.7166905,0.2777574,0.005552237,1.244515
212,2,0,0.0,0.7579305,0.23076391,0.011305588,1.89231
212,2,0,0.0,0.7273068,0.25320524,0.01948808,1.156521
212,2,0,0.0,0.68407357,0.2957525,0.020173958,0.654799
212,2,0,0.0,0.69624275,0.27844888,0.02530841,0.497546
212,2,1,0.0,0.11161786,0.8726947,0.015687553,0.588205
212,2,0,0.0,0.8068897,0.184013,0.00909737,1.342697
212,2,0,0.0,0.6490724,0.33385,0.017077573,1.917429
212,2,0,5.960464477539063e-08,0.7564341,0.22153641,0.022029513,1.654377
212,2,0,0.0,0.6898989,0.28184137,0.028259883,1.171356
212,2,0,0.0,0.6307824,0.3399941,0.02922355,0.432451
212,2,1,0.0,0.1752438,0.77709925,0.04765692,0.686387
212,2,0,0.0,0.7297174,0.25891057,0.01137206,1.440878
212,2,0,0.0,0.70823705,0.2703621,0.021400882,1.267894
212,2,0,0.0,0.5135534,0.45258328,0.033863503,0.702807
212,2,0,0.0,0.5628047,0.40617704,0.031018374,0.13772
212,2,1,0.0,0.2256997,0.70772886,0.066571556,0.030077
212,2,0,0.0,0.564578,0.4075585,0.027863555,0.784568
212,2,1,0.0,0.19975168,0.7714357,0.028812828,0.442863
212,2,2,0.0,0.0016381778,0.02196908,0.97639275,0.128258
184,2,0,0.0,0.7666668,0.2097835,0.023549836,0.542295
184,2,0,5.960464477539063e-08,0.64860415,0.3194362,0.03195963,0.586987
184,2,0,0.0,0.8738301,0.11137256,0.014797516,0.616543
184,2,0,0.0,0.6227611,0.3537036,0.02353537,0.590297
184,2,0,0.0,0.58794725,0.38161376,0.030439116,1.58655
184,2,0,0.0,0.70111763,0.26764438,0.031238118,0.731672
184,2,0,0.0,0.74628234,0.24978033,0.003937377,0.638299
184,2,0,0.0,0.65011406,0.34452718,0.005358866,1.597525
184,2,1,0.0,0.31771863,0.60195637,0.080325134,0.605515
184,2,0,0.0,0.7266385,0.257022,0.01633956,0.686301
184,2,0,0.0,0.6674958,0.31339768,0.019106759,1.471368
184,2,0,0.0,0.610749,0.28569642,0.10355459,0.479358
184,2,0,0.0,0.75661665,0.22180668,0.021576801,0.558982
184,2,0,0.0,0.7282385,0.24865341,0.02310807,0.744434
184,2,0,0.0,0.6815461,0.18880594,0.12964809,0.353201
242,2,2,0.0,0.010779116,0.013611229,0.9756098,0.081102
242,2,2,0.0,0.057617657,0.07528473,0.8670978,0.164967
242,2,2,0.0,0.10250537,0.053062048,0.8444328,0.745759
242,2,2,0.0,0.25014752,0.083480865,0.6663718,0.603886
242,2,2,0.0,0.014088032,0.0022313122,0.9836808,0.529941
242,2,0,0.0,0.46443102,0.13548443,0.40008456,1.511266
242,2,2,0.0,0.28978774,0.1891708,0.5210415,1.12667
242,2,2,0.0,0.2737558,0.1821777,0.54406655,0.368762
242,2,2,0.0,0.027270561,0.016317198,0.9564123,0.337581
242,2,2,0.0,0.07903327,0.04128751,0.8796793,0.952881
242,2,2,0.0,0.1396265,0.042538315,0.8178353,0.891714
242,2,2,0.0,0.26861578,0.075973466,0.6554108,0.830548
242,2,2,0.0,0.063207634,0.091263846,0.8455286,0.702155
242,2,2,0.0,0.012463165,0.022636557,0.96490026,0.246125
242,2,2,0.0,0.0018193568,0.0019385449,0.99624217,0.01592
293,2,2,0.0,0.005469748,0.08134658,0.9131836,0.272858
293,2,2,0.0,0.016796887,0.26847073,0.7147325,0.393066
293,2,1,0.0,0.0032976826,0.9540779,0.042624395,1.03751
293,2,1,0.0,0.0062757093,0.9789338,0.014790504,0.419125
293,2,2,0.0,0.022388231,0.36242324,0.61518866,0.331687
293,2,1,0.0,0.006806435,0.93576425,0.057429466,1.145152
293,2,1,0.0,0.0024436063,0.96040547,0.03715107,1.771177
293,2,1,0.0,0.001975071,0.9897181,0.008306907,0.887814
293,2,1,0.0,0.014326373,0.9838489,0.0018246564,0.004451
293,2,1,0.0,0.17630213,0.7874333,0.036264602,0.56354
293,2,1,0.0,0.0035945312,0.9839279,0.012477603,1.377006
293,2,1,0.0,0.0005069872,0.99088514,0.008608001,1.356504
293,2,1,0.0,0.0014047468,0.98849773,0.010097581,0.473141
293,2,1,0.0,0.112465374,0.8066064,0.08092825,0.795393
293,2,1,5.587935447692871e-08,0.0009070228,0.99623173,0.002861296,0.706817
293,2,1,5.960464477539063e-08,0.0003614953,0.99468094,0.0049574263,0.373013
293,2,1,0.0,0.002619525,0.9024381,0.09494263,0.039209
293,2,1,0.0,0.1310555,0.76339203,0.10555258,0.097978
151,2,1,0.0,0.14978814,0.79247487,0.057737075,0.453177
151,2,0,0.0,0.6175969,0.29582533,0.08657779,0.510833
151,2,0,0.0,0.5430378,0.29045263,0.16650972,0.445597
151,2,0,0.0,0.81532633,0.12684064,0.057833117,0.148344
151,2,0,0.0,0.78655666,0.18312263,0.030320806,1.137228
151,2,0,0.0,0.61148447,0.29132825,0.097187296,1.236546
151,2,0,0.0,0.54375666,0.2775455,0.17869796,0.254897
151,2,0,0.0,0.7015272,0.26298156,0.035491318,0.297032
151,2,0,0.0,0.7911038,0.19051139,0.018384857,0.47193
151,2,1,0.0,0.34249288,0.4597964,0.19771071,0.627424
151,2,1,0.0,0.2648958,0.5927106,0.14239359,0.064197
200,2,2,0.0,0.2630457,0.042803403,0.6941509,0.028889
200,2,0,0.0,0.92267704,0.072695814,0.0046272986,0.51821
200,2,0,0.0,0.87175864,0.12358852,0.0046528312,0.396616
200,2,0,0.0,0.8618986,0.124726765,0.01337464,0.15527
200,2,0,0.0,0.86924416,0.12048977,0.01026616,0.040117
297,2,1,0.0,0.2849863,0.4006101,0.31440368,0.129816
297,2,0,0.0,0.5619456,0.37150824,0.06654615,0.047029
297,2,1,0.0,0.27676198,0.43409973,0.28913844,0.246518
297,2,1,0.0,0.3190004,0.44381863,0.23718101,1.045725
297,2,1,0.0,0.3204246,0.5359772,0.14359824,0.994683
297,2,1,0.0,0.29061723,0.5504258,0.1589571,0.375712
297,2,0,0.0,0.7191393,0.25988677,0.020974036,0.077811
297,2,0,0.0,0.70448494,0.21249346,0.083021685,0.481576
297,2,1,0.0,0.447785,0.49350834,0.05870685,0.816841
297,2,0,0.0,0.46801078,0.43714908,0.09484031,0.23314
174,2,0,7.450580596923828e-08,0.95705473,0.031254366,0.01169091,0.042908
174,2,0,0.0,0.88535786,0.006740007,0.107902296,0.102679
174,2,0,0.0,0.9488902,0.030512137,0.020597776,0.468496
174,2,2,0.0,0.21500053,0.061265487,0.723734,0.275713
174,2,0,4.470348358154297e-08,0.9688861,0.019123212,0.011990762,0.826695
298,2,0,0.0,0.6626652,0.32875466,0.008580241,0.38181
298,2,1,0.0,0.38258326,0.5912068,0.02620996,0.051025
298,2,0,0.0,0.75083756,0.24340583,0.005756765,0.074527
298,2,0,0.0,0.58741087,0.40582466,0.006764651,0.729706
298,2,0,0.0,0.6486509,0.33506832,0.0162808,1.245729
298,2,0,0.0,0.6519837,0.33755258,0.010463815,0.805715
298,2,0,0.0,0.5326534,0.30764538,0.15970136,0.149634
298,2,1,0.0,0.13602914,0.83736527,0.02660572,0.518344
298,2,1,0.0,0.2850612,0.69613487,0.018804021,1.152836
298,2,1,0.0,0.32907704,0.65952045,0.011402619,1.670582
298,2,0,0.0,0.5093428,0.480505,0.0101522375,1.016893
298,2,1,0.0,0.20108761,0.6962014,0.10271111,0.363203
298,2,1,0.0,0.25572816,0.69103134,0.05324055,0.379907
298,2,1,0.0,0.3541621,0.61514467,0.030693341,0.913819
298,2,0,0.0,0.5154209,0.43752772,0.047051463,0.26013
298,2,1,0.0,0.24053094,0.4702812,0.28918782,0.157056
271,2,0,0.0,0.5047118,0.07540929,0.419879,0.434379
271,2,2,5.960464477539063e-08,0.28024405,0.13229588,0.58746004,0.756167
271,2,0,0.0,0.6253881,0.24784541,0.12676653,0.740524
271,2,0,0.0,0.52700615,0.3332715,0.13972242,0.609999
245,2,0,0.0,0.7421933,0.08790702,0.16989982,0.168403
245,2,0,0.0,0.6824848,0.25711745,0.060397778,0.40474
245,2,2,5.960464477539063e-08,0.14897838,0.1807121,0.6703096,0.125121
245,2,0,0.0,0.89418745,0.040430643,0.06538205,0.40164
245,2,0,0.0,0.88673985,0.08803147,0.025228849,1.364851
245,2,1,0.0,0.4718134,0.47448847,0.053698257,1.085232
245,2,1,0.0,0.44285256,0.5022869,0.054860573,0.169186
245,2,2,0.0,0.37076148,0.008765203,0.6204734,0.634877
245,2,0,0.0,0.8536195,0.073324256,0.07305624,1.247993
245,2,0,0.0,0.75091565,0.1893581,0.059726197,0.921938
245,2,2,0.0,0.12012263,0.022614283,0.8572632,0.011478
245,2,2,0.0,0.14821258,0.037285157,0.8145023,0.286577
245,2,2,0.0,0.3911517,0.109500825,0.49934766,0.18748
169,2,0,0.0,0.57246333,0.24369304,0.1838437,0.372224
169,2,0,0.0,0.77801085,0.15184173,0.07014759,0.012589
169,2,1,0.0,0.013782342,0.5784793,0.4077385,0.169488
169,2,0,0.0,0.81371844,0.15623775,0.030043885,1.062089
169,2,0,0.0,0.9321691,0.056272265,0.011558692,0.945683
169,2,0,2.9802322387695312e-08,0.92441624,0.051949732,0.023634082,0.69158
169,2,1,1.1920928955078125e-07,0.26982749,0.43737438,0.2927982,0.380005
169,2,1,0.0,0.19067746,0.60715157,0.20217109,0.14821
169,2,0,0.0,0.48960808,0.4869953,0.023396656,0.396572
169,2,0,0.0,0.57374907,0.408525,0.017726116,0.439742
169,2,2,0.0,0.024807643,0.112335645,0.8628569,0.241484
178,2,0,0.0,0.5014786,0.4118297,0.08669174,0.18951
178,2,0,0.0,0.815529,0.15224901,0.032221984,0.919109
178,2,0,0.0,0.47777703,0.3839052,0.13831788,0.918747
178,2,0,0.0,0.4557667,0.38934094,0.15489244,0.677517
178,2,1,0.0,0.37747288,0.49032423,0.1322029,0.436286
178,2,1,0.0,0.23208894,0.6409345,0.12697662,0.195056
178,2,0,0.0,0.5541475,0.37660477,0.0692478,0.127005
178,2,0,0.0,0.70256585,0.23123123,0.0662031,1.108841
178,2,0,0.0,0.83601147,0.13363375,0.030354839,1.889215
178,2,0,0.0,0.8489309,0.11490358,0.03616558,1.647985
178,2,0,0.0,0.74945676,0.19281684,0.057726547,1.406754
178,2,1,0.0,0.39329582,0.47649002,0.1302143,1.165524
178,2,1,0.0,0.27839732,0.47889876,0.24270408,0.624602
178,2,0,0.0,0.7924814,0.16826823,0.03925052,0.316736
178,2,0,2.9802322387695312e-08,0.8678747,0.113570705,0.018554607,1.298572
178,2,0,0.0,0.8839384,0.09472445,0.021337193,2.065362
178,2,0,0.0,0.8676577,0.10287476,0.029467715,2.260954
178,2,0,5.960464477539063e-08,0.8186871,0.15514216,0.026170738,2.377222
178,2,0,0.0,0.5722489,0.29836768,0.12938347,1.504883
178,2,0,0.0,0.5499246,0.28747332,0.16260207,0.51132
178,2,0,0.0,0.85780287,0.1079675,0.03422971,0.506467
178,2,0,2.9802322387695312e-08,0.8799488,0.099439405,0.020611817,0.889085
178,2,0,0.0,0.86047137,0.09840027,0.041128445,1.084677
178,2,0,0.0,0.83898115,0.12313724,0.037881605,1.280269
178,2,0,0.0,0.8696714,0.10960653,0.020722115,1.47586
178,2,0,0.0,0.72951615,0.17881627,0.09166765,1.391601
178,2,0,0.0,0.6782006,0.18370713,0.13809235,0.398038
178,2,0,0.0,0.57441044,0.26805377,0.15753594,0.103991
178,2,0,0.0,0.5990559,0.27941024,0.12153384,0.299583
178,2,0,0.0,0.8228127,0.13551106,0.041676313,0.495175
178,2,0,0.0,0.7991258,0.131797,0.069077276,0.690767
178,2,0,0.0,0.8327509,0.113045,0.05420402,0.284756
411,2,0,5.960464477539063e-08,0.6381268,0.27749565,0.08437758,0.183233
411,2,1,0.0,0.08324846,0.8867704,0.029981237,0.211262
411,2,2,0.0,0.0013854756,0.057866715,0.9407479,0.209174
222,2,2,0.0,0.30792114,0.24890114,0.4431778,0.639753
222,2,1,0.0,0.2546629,0.4490726,0.29626465,0.487046
222,2,0,0.0,0.53863615,0.19631934,0.26504463,0.712978
222,2,0,0.0,0.64219296,0.30673206,0.05107506,0.285302
326,2,2,0.0,0.005224145,0.056956213,0.9378196,0.114544
326,2,2,0.0,0.0018218161,0.3537611,0.64441717,0.031341
326,2,2,0.0,0.009799173,0.083727315,0.9064735,0.548115
326,2,2,0.0,0.061971318,0.20493232,0.73309654,0.777725
326,2,1,0.0,0.04057873,0.5177658,0.44165546,0.485147
326,2,2,0.0,0.053635176,0.11900575,0.82735926,0.528463
326,2,2,0.0,0.0192859,0.029801965,0.9509122,0.488174
332,2,0,0.0,0.9549557,0.04186749,0.003176884,0.44726
332,2,0,0.0,0.94960946,0.044742666,0.0056478744,0.602743
332,2,0,2.9802322387695312e-08,0.9158041,0.05957439,0.024621526,0.110869
332,2,0,0.0,0.9201045,0.07609638,0.003799142,0.361084
332,2,0,0.0,0.94247144,0.055462144,0.0020666416,1.127123
332,2,0,0.0,0.9197923,0.07664164,0.0035660535,1.473409
332,2,0,0.0,0.86478037,0.13249466,0.0027251197,0.981535
332,2,0,0.0,0.8884918,0.102247536,0.009260566,0.489661
332,2,1,0.0,0.25648978,0.740956,0.0025541373,0.03357
332,2,0,0.0,0.95808595,0.029635709,0.0122786155,0.409264
332,2,0,0.0,0.9384184,0.058663934,0.0029178245,0.784957
332,2,0,2.9802322387695312e-08,0.9219,0.07512006,0.002979876,1.160651
332,2,0,0.0,0.8849164,0.11248412,0.0025995488,1.536345
332,2,0,0.0,0.9221496,0.075239666,0.0026108583,1.29338
332,2,0,0.0,0.8618627,0.1088524,0.029284872,0.561838
332,2,0,0.0,0.8902666,0.09788133,0.011852223,0.233907
332,2,0,0.0,0.8836166,0.11180774,0.0045755263,0.609601
332,2,0,0.0,0.9370588,0.05693765,0.006003623,0.611583
244,2,2,4.470348358154297e-08,0.0006626286,0.023075994,0.97626126,0.849054
244,2,2,0.0,0.00035982905,0.0032951836,0.99634516,0.699684
244,2,2,0.0,0.00390731,0.0011196617,0.9949732,0.468464
244,2,2,0.0,0.006719815,0.0011966389,0.99208355,0.237243
244,2,2,3.725290298461914e-09,0.0005207516,0.0063274885,0.9931518,0.213702
244,2,2,0.0,0.0004927766,0.0041736397,0.9953337,1.163108
244,2,2,0.0,0.0004746741,0.0031432458,0.9963822,1.672586
244,2,2,0.0,0.06254245,0.03177432,0.9056832,1.117771
244,2,0,0.0,0.77013946,0.06843681,0.16142368,0.133726
244,2,2,0.0,0.002061219,0.006964417,0.9909745,0.527756
244,2,2,0.0,0.0006485987,0.0046643605,0.9946872,1.477161
244,2,2,0.0,0.000519602,0.003342257,0.9961382,1.923897
244,2,2,0.0,0.0021243726,0.004475361,0.9934005,0.939852
244,2,2,5.960464477539063e-08,0.0012378222,0.0062740995,0.9924881,0.84181
244,2,2,1.862645149230957e-09,0.0006090627,0.0038445194,0.99554646,1.791215
244,2,2,0.0,0.00052807323,0.00369017,0.995782,1.818329
244,2,2,0.0,0.0006208788,0.0036673483,0.99571186,0.830287
244,2,2,0.0,0.008012483,0.003215928,0.9887716,0.076083
244,2,0,0.0,0.7586188,0.16226588,0.07911549,0.206459
244,2,2,0.0,0.00067995803,0.003231626,0.99608856,1.155864
244,2,2,5.960464477539063e-08,0.00059747644,0.0033142224,0.99608827,2.105269
244,2,2,1.862645149230957e-09,0.0005289301,0.0032331168,0.9962379,2.164364
244,2,2,0.0,0.0012192297,0.012115507,0.98666525,1.437889
244,2,2,0.0,0.021941436,0.02434413,0.9537145,0.532061
244,2,0,0.0,0.60485566,0.31756073,0.077583574,0.520513
244,2,2,1.862645149230957e-09,0.00063937064,0.003527051,0.9958335,1.469918
244,2,2,0.0,0.0006106377,0.0045286855,0.99486065,2.419323
244,2,2,0.0,0.00065239036,0.003710769,0.9956369,2.563568
244,2,2,0.0,0.00061463105,0.003969288,0.9954161,1.62516
244,2,2,0.0,0.0005448607,0.005027009,0.99442816,0.842856
244,2,2,0.0,0.00037687307,0.0035947284,0.9960284,0.509837
244,2,2,0.0,0.00039210953,0.0027164065,0.99689156,0.209649
244,2,0,0.0,0.9717012,0.017996062,0.010302754,0.834566
244,2,2,0.0,0.00041092394,0.006701234,0.99288785,1.783972
244,2,2,3.725290298461914e-09,0.00074408494,0.004275686,0.9949803,2.733377
244,2,2,0.0,0.00058019516,0.0050901673,0.9943296,2.996223
244,2,2,0.0,0.00079051824,0.0049951957,0.99421424,2.246468
244,2,2,0.0,0.00041530668,0.004957098,0.99462765,1.763905
244,2,2,0.0,0.00031935365,0.0048927576,0.99478805,1.463717
244,2,2,0.0,0.00034556517,0.003170711,0.9964838,1.163529
244,2,2,0.0,0.0005062241,0.0031083906,0.9963855,0.808703
244,2,2,0.0,0.06041738,0.0021861114,0.9373966,0.199215
244,2,2,0.0,0.17472972,0.0062426846,0.81902784,1.14862
244,2,2,5.960464477539063e-08,0.00055078993,0.00848952,0.9909597,2.098025
244,2,2,0.0,0.00073254906,0.008441749,0.9908258,3.047431
244,2,2,0.0,0.00067437487,0.004847814,0.99447787,3.658255
244,2,2,0.0,0.00093646476,0.0042686826,0.9947948,3.074425
244,2,2,0.0,0.0007516838,0.0039031983,0.99534523,2.717785
244,2,2,3.725290298461914e-09,0.00043692222,0.0038403475,0.9957228,2.417597
244,2,2,6.146728992462158e-08,0.0004592261,0.002876116,0.99666464,1.510908
244,2,2,5.960464477539063e-08,0.0003745393,0.0015182606,0.99810714,0.511027
244,2,2,0.0,0.000294325,0.005262596,0.9944431,0.513269
244,2,2,0.0,0.00032242178,0.005951221,0.9937264,1.462674
244,2,2,0.0,0.00048351235,0.0056351316,0.99388134,2.412079
244,2,2,0.0,0.014939874,0.010719592,0.9743406,3.361484
244,2,2,5.21540641784668e-08,0.0009990853,0.00740789,0.99159294,4.269972
244,2,2,0.0,0.0007965816,0.0041739186,0.9950296,3.982156
244,2,2,1.862645149230957e-09,0.0007232789,0.0031580452,0.9961187,3.646792
244,2,2,5.587935447692871e-08,0.0007528302,0.0026415826,0.99660546,2.697665
244,2,2,0.0,0.00076645234,0.0025165507,0.9967169,1.804357
244,2,2,0.0,0.00036856244,0.0021779956,0.9974535,1.110859
244,2,2,0.0,0.0012121119,0.0022700648,0.9965181,0.670255
244,2,1,0.0,0.021465637,0.52546793,0.4530664,0.122754
244,2,2,7.450580596923828e-09,0.020158783,0.0030245602,0.9768166,0.827323
244,2,2,0.0,0.040619038,0.004655353,0.9547257,1.776728
244,2,2,0.0,0.00058418297,0.0072174203,0.99219847,2.726133
244,2,2,0.0,0.0019378193,0.009232651,0.9888296,3.056392
244,2,2,0.0,0.0008297599,0.013536665,0.9856336,3.300131
244,2,2,0.0,0.0017070376,0.008200558,0.9900924,3.54387
244,2,2,0.0,0.012410232,0.0017944071,0.98579544,3.787609
244,2,2,5.587935447692871e-08,0.00064925436,0.0028629897,0.99648786,3.201602
244,2,2,0.0,0.0006508281,0.0029648168,0.9963846,2.495709
244,2,2,0.0,0.00069218344,0.002698638,0.9966093,1.716829
244,2,2,5.774199962615967e-08,0.0007199447,0.003236669,0.9960434,0.76558
244,2,0,0.0,0.9928584,0.0023543898,0.0047873957,0.191971
244,2,2,5.960464477539063e-08,0.07083174,0.0016640887,0.9275042,1.141377
244,2,2,0.0,0.11518013,0.003227082,0.8815928,1.599074
244,2,2,0.0,0.00052401994,0.008726706,0.9907494,1.842813
244,2,2,0.0,0.0024883896,0.010719019,0.9867927,2.086552
244,2,2,0.0,0.0005655892,0.0065698316,0.99286455,2.33029
244,2,2,0.0,0.015221858,0.0015520595,0.9832262,2.574029
244,2,2,0.0,0.00856052,0.0013149679,0.99012464,2.817768
244,2,2,0.0,0.0006618729,0.002809523,0.99652874,3.061507
244,2,2,0.0,0.00064866926,0.0030598491,0.99629164,2.359655
244,2,2,0.0,0.0007003441,0.0030064757,0.9962932,1.408405
244,2,2,0.0,0.0007562763,0.0031491641,0.99609464,0.457156
244,2,0,0.0,0.95299,0.032556336,0.014453829,0.141756
244,2,2,0.0,0.020963592,0.0038779236,0.9751586,0.385494
244,2,2,0.0,0.020418385,0.0060327356,0.973549,0.629233
244,2,2,5.960464477539063e-08,0.009341336,0.0048634354,0.9857952,0.872972
244,2,2,0.0,0.00061261567,0.0061552944,0.99323225,1.116711
244,2,2,6.332993507385254e-08,0.00065141305,0.0052106013,0.99413794,1.360449
244,2,2,0.0,0.0011364231,0.004908592,0.9939551,1.604188
244,2,2,0.0,0.0006203556,0.0032525724,0.99612707,1.847927
244,2,2,5.960464477539063e-08,0.0006735878,0.0031634741,0.996163,2.091666
244,2,2,0.0,0.0006637895,0.0033381302,0.995998,2.051231
244,2,2,0.0,0.00074714795,0.0029512492,0.9963017,1.099982
244,2,2,0.0,0.00064088765,0.00339411,0.9959651,0.148733
244,2,2,0.0,0.00033612215,0.0056120306,0.99405193,0.14687
244,2,2,0.0,0.0004445368,0.0068095033,0.99274594,0.390608
244,2,2,0.0,0.00070971844,0.0028961755,0.99639416,0.634347
244,2,2,0.0,0.00067527394,0.0030159191,0.99630874,0.878086
244,2,2,0.0,0.0018704796,0.0066428636,0.99148667,1.121825
244,2,2,0.0,0.0017911929,0.0056552584,0.9925536,1.365563
244,2,2,0.0,0.0108963,0.002130503,0.9869732,0.791559
244,2,2,1.4901161193847656e-08,0.005869414,0.005527466,0.9886031,0.151984
244,2,2,0.0,0.008171447,0.0067812474,0.9850475,0.395723
244,2,2,0.0,0.00052518613,0.004648547,0.9948263,0.483135
206,2,0,0.0,0.98992634,0.008241413,0.0018324138,0.005504
206,2,0,0.0,0.8741183,0.023203624,0.102678075,0.426669
206,2,0,0.0,0.6709599,0.27492136,0.054118834,0.053502
206,2,0,0.0,0.5918434,0.3339166,0.07423995,0.448619
206,2,0,0.0,0.61344826,0.3138313,0.07272056,0.589852
206,2,1,0.0,0.14506973,0.8199717,0.03495872,0.406215
206,2,0,0.0,0.5919776,0.3685938,0.03942867,1.126203
206,2,0,0.0,0.6589512,0.2945246,0.046524238,0.203748
206,2,0,0.0,0.7273402,0.12300028,0.14965963,0.363812
206,2,2,0.0,0.105239704,0.38029486,0.51446545,1.091803
206,2,1,0.0,0.37932593,0.5408498,0.079824366,0.740099
206,2,0,0.0,0.75749934,0.20301987,0.039480887,0.321409
206,2,1,0.0,0.26173803,0.68269134,0.055570632,1.049399
206,2,2,0.0,0.020719502,0.03777472,0.9415059,1.27645
206,2,1,0.0,0.37790748,0.56878144,0.053311154,0.353995
206,2,0,0.0,0.95528466,0.02760725,0.01710813,0.279006
206,2,0,0.0,0.6352923,0.35785553,0.0068523353,1.006996
206,2,1,0.0,0.21069288,0.7371592,0.05214812,1.492373
206,2,1,0.0,0.46428284,0.5089616,0.02675558,0.890346
206,2,0,0.0,0.8277754,0.15000752,0.022217033,0.20687
206,2,0,0.0,0.7885794,0.20123306,0.010187531,0.554884
206,2,0,0.0,0.50214857,0.40740463,0.09044686,0.504241
85,2,0,0.0,0.8921046,0.05830555,0.049590033,0.058167
85,2,0,0.0,0.93898875,0.05162344,0.009388004,0.234157
85,2,0,0.0,0.9006576,0.08601542,0.013327135,0.609588
85,2,0,0.0,0.9178938,0.06402087,0.01808526,0.704785
85,2,0,0.0,0.8584128,0.08189083,0.059696484,0.379596
85,2,0,0.0,0.9058452,0.07493437,0.01922053,1.161008
85,2,0,0.0,0.8920786,0.09186662,0.01605485,1.327041
85,2,0,2.9802322387695312e-08,0.9116322,0.074057244,0.014310588,0.884421
85,2,0,0.0,0.6885018,0.2595976,0.05190062,0.538171
85,2,1,0.0,0.37129992,0.54092336,0.087776855,0.430332
239,2,1,0.0,0.41652232,0.5584987,0.024979081,0.068701
239,2,0,0.0,0.49250755,0.48411295,0.02337958,0.332998
239,2,0,0.0,0.5915276,0.38954806,0.018924417,0.231621
239,2,0,0.0,0.47733146,0.33397055,0.18869807,0.240251
239,2,0,0.0,0.46917972,0.46269807,0.06812223,0.504548
239,2,1,0.0,0.43044373,0.5328376,0.036718737,0.768845
239,2,1,0.0,0.17929524,0.78220993,0.038494963,1.033143
239,2,1,0.0,0.4771305,0.4811413,0.041728135,0.841641
239,2,2,2.9802322387695312e-08,0.042157993,0.05813256,0.8997094,0.047216
239,2,2,0.0,0.32035056,0.12258224,0.5570673,0.392398
239,2,2,8.940696716308594e-08,0.048842087,0.041475367,0.90968245,0.73758
239,2,0,0.0,0.6242675,0.25816232,0.11757023,1.082762
239,2,0,0.0,0.5314442,0.4015287,0.06702722,1.427944
239,2,2,0.0,0.002268617,0.16469274,0.8330386,1.173743
239,2,2,0.0,0.0015397213,0.06526046,0.9331998,0.249898
239,2,2,0.0,0.2717407,0.18083827,0.54742104,0.144226
239,2,0,0.0,0.55184186,0.23927402,0.20888413,0.489408
239,2,0,0.0,0.6842495,0.26260993,0.05314068,0.790978
71,2,0,0.0,0.77404404,0.18997134,0.035984717,0.672381
71,2,0,0.0,0.6226965,0.31392276,0.063380726,0.604477
71,2,0,0.0,0.5303635,0.4481554,0.021481236,0.365273
71,2,0,0.0,0.8020659,0.18695642,0.010977814,0.668537
71,2,0,0.0,0.69871485,0.28698796,0.014297193,1.584644
71,2,0,0.0,0.796474,0.18021518,0.023310853,1.331967
71,2,0,0.0,0.5883873,0.37832308,0.033289738,0.75616
71,2,0,0.0,0.49238116,0.46312258,0.044496387,0.220599
71,2,0,0.0,0.8283627,0.16139312,0.010244296,0.664692
71,2,0,5.960464477539063e-08,0.6351624,0.32299396,0.04184373,0.75734
71,2,0,0.0,0.73636574,0.23231879,0.03131563,0.659409
71,2,0,0.0,0.7361498,0.23475021,0.029100187,0.561478
71,2,0,5.960464477539063e-08,0.55651546,0.37943462,0.064049944,0.463547
71,2,1,0.0,0.3095063,0.38938296,0.3011108,0.365617
235,2,2,0.0,0.005739363,0.18382597,0.8104347,0.177651
235,2,2,0.0,0.0026804155,0.0125016095,0.9848179,0.564308
235,2,2,0.0,0.13065745,0.35278565,0.51655686,0.086671
235,2,2,0.0,0.0015751077,0.024556762,0.97386837,0.837803
235,2,2,0.0,0.0007418594,0.012327725,0.9869305,1.330622
235,2,2,5.960464477539063e-08,0.0010241619,0.004454456,0.99452126,0.688157
235,2,2,0.0,0.0005801733,0.010473075,0.9889469,0.045691
235,2,2,0.0,0.006597388,0.24423304,0.74916977,0.233858
235,2,2,0.0,0.00045024164,0.0055179386,0.9940319,0.593664
235,2,2,0.0,0.0004945069,0.0050313952,0.9944742,0.95347
235,2,2,0.0,0.0006320233,0.0040677222,0.9953003,1.313276
235,2,2,0.0,0.00069376756,0.003261986,0.9960443,0.892172
235,2,2,0.0,0.0007590336,0.003623788,0.99561733,0.532747
235,2,2,0.0,0.0007876204,0.002674207,0.9965382,0.173323
235,2,2,0.0,0.000874395,0.008817801,0.9903078,0.020443
235,2,2,0.0,0.0006330059,0.0062260455,0.9931411,0.380248
235,2,2,0.0,0.0007047392,0.0038312788,0.9954641,0.740054
235,2,2,0.0,0.0005596947,0.003576717,0.9958638,1.09986
235,2,2,5.587935447692871e-08,0.0005729636,0.0029220616,0.99650496,1.106497
235,2,2,0.0,0.00033855977,0.0028006134,0.9968609,0.747073
235,2,2,0.0,0.00027685132,0.0015067894,0.99821657,0.387649
235,2,2,0.0,0.0009540801,0.0038260175,0.99521995,0.166833
235,2,2,5.960464477539063e-08,0.0008415585,0.004465958,0.9946925,0.526638
235,2,2,0.0,0.00019779125,0.012273962,0.98752826,0.886444
235,2,1,0.0,0.014668387,0.7408062,0.24452548,0.090649
233,2,0,0.0,0.7192207,0.14632377,0.13445574,0.211038
233,2,1,0.0,0.23320712,0.69079834,0.07599453,0.651045
233,2,0,0.0,0.73676723,0.19544177,0.06779093,0.173351
233,2,1,0.0,0.05122036,0.92636687,0.02241288,0.006993
233,2,1,0.0,0.27239752,0.66764694,0.059955582,0.808723
233,2,1,0.0,0.44535142,0.47336215,0.08128651,1.529571
233,2,0,0.0,0.53228915,0.3482261,0.11948466,1.051877
233,2,0,0.0,0.55461836,0.18106805,0.26431373,0.574182
233,2,0,0.0,0.45046523,0.10050335,0.4490314,0.080031
233,2,1,0.0,0.14856592,0.7752666,0.07616765,0.604678
233,2,1,0.0,0.378262,0.56223476,0.05950336,1.406409
233,2,1,0.0,0.3606064,0.55412275,0.085270844,2.208139
233,2,1,0.0,0.25488055,0.6479602,0.09715936,1.930402
233,2,0,0.0,0.4141257,0.36596876,0.21990554,1.122247
233,2,0,1.1920928955078125e-07,0.4263075,0.30756786,0.26612476,0.123178
233,2,1,0.0,0.077960886,0.91599286,0.0060463687,0.400633
233,2,1,0.0,0.35519725,0.5553825,0.08942029,1.202364
233,2,1,5.960464477539063e-08,0.37790284,0.5522481,0.06984909,2.004095
233,2,1,0.0,0.3479912,0.5760697,0.07593917,2.805825
233,2,1,0.0,0.15162726,0.74477595,0.103596896,2.243666
233,2,1,0.0,0.27612284,0.4963734,0.22750379,1.3267
233,2,1,0.0,0.23109771,0.5246087,0.24429372,0.607979
233,2,0,0.0,0.39916924,0.2328868,0.36794406,0.196589
233,2,2,0.0,0.09600437,0.1988232,0.70517254,0.998319
233,2,1,0.0,0.25076488,0.5974972,0.15173808,1.80005
233,2,1,0.0,0.4019783,0.53590864,0.062113088,2.60178
233,2,1,0.0,0.33355713,0.60189337,0.06454961,3.403511
233,2,1,0.0,0.27663353,0.6259213,0.097445235,2.720565
233,2,1,0.0,0.23168063,0.6463522,0.12196728,2.018111
233,2,1,0.0,0.18304075,0.5427947,0.27416462,1.366727
233,2,1,5.960464477539063e-08,0.110209875,0.50133574,0.38845447,0.71867
233,2,2,0.0,0.00743509,0.02743675,0.9651281,0.097566
233,2,2,0.0,0.06374491,0.012409468,0.9238457,0.00838
233,2,2,0.0,0.05676011,0.1867426,0.7564975,0.949733
233,2,1,0.0,0.19514725,0.6791329,0.12571992,1.716596
233,2,1,5.960464477539063e-08,0.36290404,0.5870325,0.050063483,2.229755
233,2,1,0.0,0.33817217,0.6205122,0.041315787,2.742914
233,2,1,0.0,0.31722775,0.6216422,0.061130144,3.256073
233,2,1,0.0,0.25014192,0.67618287,0.07367534,2.776859
233,2,1,0.0,0.30760026,0.6122247,0.080175094,2.125474
233,2,1,0.0,0.18040197,0.73358274,0.08601542,1.502398
233,2,1,0.0,0.19851701,0.49897534,0.30250764,0.881293
233,2,2,0.0,0.15802483,0.14285314,0.6991221,0.221915
233,2,1,0.0,0.047268976,0.9186021,0.034128986,0.345144
233,2,2,0.0,0.07741272,0.108982936,0.8136045,0.858303
233,2,1,0.0,0.32035136,0.606086,0.073562644,1.371462
233,2,1,0.0,0.40686277,0.54080343,0.05233386,1.884621
233,2,1,0.0,0.3988958,0.548576,0.052528225,2.39778
233,2,1,0.0,0.38611352,0.5508223,0.06306411,2.910939
233,2,1,0.0,0.3675944,0.5809531,0.051452592,2.16551
233,2,1,0.0,0.46396285,0.48486423,0.05117299,1.412408
233,2,1,0.0,0.3230343,0.61926305,0.057702865,0.659307
233,2,2,0.0,0.010936094,0.044618085,0.9444458,9e-06
233,2,1,0.0,0.3114766,0.52482206,0.16370142,0.513168
233,2,1,5.960464477539063e-08,0.34559587,0.55754995,0.09685418,1.026327
233,2,1,0.0,0.26915184,0.6931166,0.037731715,1.539486
233,2,1,0.0,0.2113884,0.7366424,0.05196922,2.052645
233,2,1,0.0,0.23262978,0.7176549,0.049715295,1.507605
233,2,1,0.0,0.46945643,0.49874896,0.03179477,0.754504
233,2,0,0.0,0.5989333,0.36956692,0.03149992,0.001402
233,2,1,0.0,0.27070168,0.3807041,0.34859425,0.168034
233,2,1,0.0,0.2582951,0.6777717,0.06393324,0.681193
233,2,1,0.0,0.15828714,0.7740934,0.06761947,1.194352
233,2,1,0.0,0.09404255,0.8435078,0.0624497,0.849701
233,2,1,0.0,0.109895594,0.8448772,0.045227394,0.096599
233,2,1,0.0,0.18200065,0.7713066,0.046692885,0.336058
233,2,1,0.0,0.13818587,0.81209517,0.049719006,0.191796
176,2,0,0.0,0.59548974,0.3842445,0.02026588,0.853114
176,2,1,0.0,0.26079646,0.7329418,0.0062618786,0.516481
176,2,1,0.0,0.2855842,0.70279133,0.011624494,0.179848
176,2,1,0.0,0.47262114,0.4861023,0.04127661,0.105232
176,2,0,0.0,0.7064833,0.2719751,0.021541776,1.082002
176,2,0,0.0,0.55238813,0.4174652,0.030146865,1.458117
176,2,0,0.0,0.5275799,0.43047976,0.041940432,1.121484
176,2,0,0.0,0.5109883,0.46539363,0.023618128,0.784851
176,2,1,0.0,0.4463013,0.53423685,0.019461975,0.448219
176,2,1,0.0,0.45550737,0.53382295,0.010669637,0.111586
176,2,0,0.0,0.608927,0.33998185,0.051091235,0.319521
176,2,0,0.0,0.6555816,0.28594118,0.05847733,1.296291
176,2,0,0.0,0.8050346,0.17702785,0.017937837,1.659314
176,2,0,0.0,0.7948351,0.18863338,0.01653158,1.835778
176,2,1,0.0,0.4719553,0.51124203,0.016802697,1.726487
176,2,1,0.0,0.45131138,0.53551906,0.013169558,1.389854
176,2,1,0.0,0.42545912,0.56539804,0.009142927,1.053222
176,2,0,0.0,0.547101,0.43653604,0.016362917,0.728881
176,2,0,0.0,0.80531853,0.17229702,0.022384517,0.322079
176,2,0,0.0,0.61533827,0.30968598,0.074975826,0.498543
176,2,0,0.0,0.6166138,0.32850158,0.05488465,0.675007
176,2,0,0.0,0.58749324,0.35246408,0.060042743,0.851471
176,2,0,5.960464477539063e-08,0.49369293,0.473382,0.03292519,1.027935
176,2,0,1.1920928955078125e-07,0.5517718,0.41622669,0.032001533,1.204399
176,2,1,5.960464477539063e-08,0.4375418,0.5479507,0.014507542,1.380864
176,2,0,0.0,0.6347546,0.31110847,0.054136902,0.743962
176,2,0,0.0,0.57161456,0.3584081,0.06997747,0.043628
176,2,0,1.1920928955078125e-07,0.72803706,0.237443,0.03451996,0.220092
176,2,0,0.0,0.49494693,0.44928333,0.05576979,0.396556
176,2,1,5.960464477539063e-08,0.33462006,0.58643717,0.07894278,0.534999
231,2,1,5.960464477539063e-08,0.16044706,0.5555482,0.28400493,0.717743
231,2,1,5.960464477539063e-08,0.29344657,0.5563457,0.15020776,0.5392
231,2,1,1.1920928955078125e-07,0.15559992,0.522461,0.3219391,0.037263
231,2,1,0.0,0.09776822,0.6957575,0.20647433,0.663806
231,2,1,0.0,0.2552017,0.6437884,0.10100997,0.254542
308,2,2,0.0,0.0045973263,0.0066886498,0.9887142,0.130331
308,2,2,0.0,0.0023959794,0.0043782024,0.99322593,0.388826
308,2,2,7.450580596923828e-08,0.00091639307,0.035507992,0.9635756,1.059828
308,2,2,0.0,0.0027636962,0.02377658,0.9734597,0.691
308,2,2,2.9802322387695312e-08,0.008967896,0.09188344,0.89914864,0.322172
308,2,2,0.0,0.0017644475,0.021804279,0.9764314,0.869366
308,2,2,0.0,0.0014483882,0.025042025,0.9735098,1.618048
308,2,2,2.9802322387695312e-08,0.002704449,0.032195922,0.9650995,1.620498
308,2,1,5.960464477539063e-08,0.28145644,0.6555463,0.06299729,1.25167
308,2,0,0.0,0.5794785,0.135267,0.28525463,0.882842
308,2,2,0.0,0.046309575,0.11133242,0.84235805,0.514013
308,2,2,5.960464477539063e-08,0.026132772,0.01820143,0.9556658,0.294098
308,2,2,5.960464477539063e-08,0.007566042,0.06440915,0.9280248,0.7075
308,2,1,0.0,0.17655337,0.4572027,0.366244,1.120902
308,2,0,0.0,0.6081589,0.34294757,0.04889349,1.534304
308,2,0,0.0,0.49854907,0.1288923,0.37255862,1.053456
308,2,2,1.4901161193847656e-08,0.0059510306,0.05096552,0.9430834,0.201042
308,2,2,0.0,0.04319032,0.031831294,0.92497844,0.210353
308,2,0,0.0,0.5259028,0.1993338,0.27476344,0.623755
308,2,1,5.960464477539063e-08,0.1077161,0.5669275,0.32535636,0.530588
308,2,2,5.960464477539063e-08,0.062121525,0.13773647,0.800142,0.007721
321,2,1,0.0,0.071282595,0.5231534,0.40556392,0.421103
321,2,1,0.0,0.1378726,0.745618,0.116509445,0.510381
321,2,1,0.0,0.39640063,0.5623893,0.04121022,0.405632
321,2,0,0.0,0.5505116,0.4257515,0.023736956,0.054673
150,2,0,0.0,0.58222497,0.28872123,0.12905397,0.024934
150,2,0,0.0,0.40581593,0.28615108,0.30803293,0.026026
150,2,2,0.0,0.08948128,0.08327319,0.8272457,0.602857
150,2,0,0.0,0.71792877,0.19887173,0.08319964,0.911612
150,2,0,0.0,0.4860307,0.40202138,0.11194802,0.854604
150,2,1,0.0,0.06417698,0.85966825,0.0761548,0.169713
150,2,1,5.960464477539063e-08,0.34787852,0.56907785,0.083043635,0.140156
150,2,0,0.0,0.6448313,0.2836633,0.07150543,0.1106
202,2,1,0.0,0.43472672,0.5061506,0.05912273,0.56821
202,2,1,0.0,0.30647427,0.6453821,0.04814381,0.084511
202,2,1,0.0,0.032248944,0.9190241,0.04872688,0.129857
202,2,1,0.0,0.27387792,0.5606746,0.1654475,1.057314
202,2,1,0.0,0.31600693,0.39443097,0.2895621,0.959745
202,2,0,0.0,0.47210562,0.39573234,0.13216224,0.239041
202,2,2,0.0,0.064130954,0.22275771,0.7131116,0.503786
202,2,2,0.0,0.066440284,0.19634663,0.73721325,1.431243
202,2,1,0.0,0.33957076,0.55820763,0.102221675,1.222876
202,2,1,0.0,0.45490202,0.47770938,0.067388624,0.599804
202,2,0,5.960464477539063e-08,0.5737567,0.38766414,0.03857928,0.12376
202,2,2,0.0,0.002813243,0.043464288,0.9537226,0.877716
202,2,2,0.0,0.0009942582,0.0055331625,0.9934727,0.720779
202,2,1,0.0,0.0028180105,0.94232565,0.05485643,0.275082
202,2,1,0.0,0.0030130572,0.9529376,0.044049405,0.754662
202,2,1,0.0,0.20064539,0.7777243,0.021630466,1.003181
202,2,1,0.0,0.37121445,0.5732692,0.055516493,0.527137
202,2,1,0.0,0.3358762,0.613231,0.05089285,0.051093
202,2,2,5.960464477539063e-08,0.038327027,0.03709651,0.9245764,0.356744
202,2,1,0.0,0.27905336,0.46230313,0.25864354,0.827044
202,2,1,0.0,0.15457973,0.5425075,0.30291292,0.635052
202,2,2,0.0,0.20056605,0.38902718,0.4104068,0.061447
214,2,1,0.0,0.011596762,0.8026057,0.18579778,0.175319
214,2,1,5.960464477539063e-08,0.4317958,0.5054942,0.06271001,0.364319
214,2,1,0.0,0.3834821,0.53061247,0.085905544,1.093048
214,2,1,5.960464477539063e-08,0.22867133,0.6407179,0.13061096,0.695841
214,2,0,0.0,0.5897294,0.33912903,0.07114159,0.298634
214,2,1,0.0,0.34501076,0.57654256,0.078446746,0.077035
214,2,0,0.0,0.49119422,0.4416878,0.06711802,0.913041
214,2,0,0.0,0.46188805,0.4607246,0.07738734,1.749046
214,2,0,0.0,0.70826304,0.24197328,0.049763784,1.61357
214,2,0,0.0,0.835302,0.14501837,0.019679785,1.216363
214,2,0,0.0,0.68685997,0.29791048,0.015229511,0.819156
214,2,0,0.0,0.7285693,0.24935713,0.022073707,0.421949
214,2,0,5.960464477539063e-08,0.76192325,0.19684999,0.041226875,0.024742
214,2,1,0.0,0.3965261,0.51424164,0.08923245,0.625756
214,2,0,0.0,0.5205822,0.41568372,0.06373422,1.461762
214,2,0,5.960464477539063e-08,0.48683438,0.43963605,0.07352971,2.297767
214,2,0,0.0,0.5888404,0.3706396,0.040519994,2.531299
214,2,0,0.0,0.6604529,0.31710878,0.022438422,2.134092
214,2,1,5.960464477539063e-08,0.4099794,0.580783,0.009237584,1.698046
214,2,1,0.0,0.3417191,0.64052004,0.017760899,0.991772
214,2,0,0.0,0.685178,0.30185127,0.012970775,0.285497
214,2,0,0.0,0.5852464,0.3853812,0.029372502,0.338472
214,2,0,0.0,0.6630641,0.29898426,0.03795177,1.174477
214,2,1,0.0,0.47917366,0.5054335,0.015393014,2.010483
214,2,0,0.0,0.5828054,0.4011345,0.016060194,2.846488
214,2,1,0.0,0.38741812,0.60937846,0.0032035264,2.402656
214,2,1,0.0,0.36917493,0.60549414,0.025330944,1.696382
214,2,1,0.0,0.38081893,0.61406285,0.005118359,0.990108
214,2,1,0.0,0.4519279,0.49433613,0.053736046,0.283833
214,2,0,0.0,0.564297,0.418385,0.017318124,0.051188
214,2,0,0.0,0.6154114,0.36336136,0.021227269,0.887193
214,2,0,0.0,0.70898545,0.27198723,0.01902735,1.635695
214,2,1,0.0,0.49067733,0.5014905,0.007832321,2.037755
214,2,1,0.0,0.4568321,0.53804755,0.005120319,2.400992
214,2,1,0.0,0.3132172,0.6834979,0.0032850362,1.694718
214,2,1,0.0,0.2633144,0.7271196,0.009566093,0.988444
214,2,0,0.0,0.56607395,0.41404492,0.019881058,0.282169
214,2,0,0.0,0.79808867,0.18944433,0.012467034,0.318021
214,2,0,0.0,0.7104861,0.27315116,0.016362894,0.720082
214,2,0,0.0,0.6623112,0.32661465,0.011074159,1.122142
214,2,0,0.0,0.6498405,0.33810285,0.01205681,1.524202
214,2,1,0.0,0.47056258,0.5104275,0.019010019,0.98678
214,2,1,0.0,0.47558123,0.50566256,0.018756187,0.280505
214,2,1,0.0,0.2581224,0.71181196,0.030065795,0.206529
214,2,1,0.0,0.19721663,0.7888186,0.013964887,0.608589
214,2,1,0.0,0.18537013,0.80888885,0.005741181,0.278842
361,2,2,0.0,0.0010704793,0.024725838,0.97420365,0.181543
361,2,2,0.0,0.0008070964,0.020738218,0.97845477,0.763489
361,2,2,0.0,0.005730962,0.180162,0.8141071,0.19584
361,2,1,0.0,0.037959363,0.8477169,0.1143238,0.425962
361,2,1,0.0,0.015392075,0.93760467,0.047003318,0.921159
361,2,2,5.960464477539063e-08,0.40091753,0.10768123,0.4914014,1.019111
361,2,2,0.0,0.28232044,0.051562663,0.66611695,0.451463
361,2,1,0.0,0.0021796965,0.9817102,0.01611017,0.052377
361,2,0,0.0,0.92847866,0.04099025,0.030531108,0.547574
361,2,2,0.0,0.31734163,0.053725287,0.6289332,0.571988
152,2,1,0.0,0.21691401,0.75305116,0.03003499,0.220433
152,2,0,0.0,0.7108629,0.26745296,0.021684129,0.101369
152,2,1,0.0,0.04939384,0.8150826,0.13552369,0.154719
152,2,1,0.0,0.24950536,0.6135169,0.13697785,0.43827
152,2,0,0.0,0.9025585,0.08452601,0.012915655,0.31756
194,2,1,0.0,0.42011365,0.56041694,0.019469494,0.129359
194,2,1,0.0,0.24473643,0.7198649,0.035398927,0.247439
194,2,1,0.0,0.38478738,0.5976092,0.017603423,0.128605
194,2,1,0.0,0.47511005,0.50170714,0.023182882,0.009771
194,2,1,0.0,0.29268083,0.69249105,0.014828312,0.359809
194,2,1,0.0,0.055116735,0.92532074,0.019562606,1.240353
194,2,1,0.0,0.34247118,0.6109827,0.046546116,1.121519
194,2,1,5.960464477539063e-08,0.19462334,0.7903592,0.01501752,0.826023
194,2,0,0.0,0.6100752,0.34759858,0.042326394,0.202058
194,2,0,0.0,0.5625545,0.41332918,0.024116322,0.586906
194,2,0,0.0,0.49140102,0.4796929,0.028906101,0.751339
194,2,1,0.0,0.28647807,0.66668355,0.04683837,0.846675
160,2,1,0.0,0.18826471,0.75966394,0.052071426,0.04813
160,2,1,0.0,0.35698485,0.56482774,0.0781875,0.126207
160,2,0,0.0,0.52631164,0.45276338,0.020925008,0.588499
160,2,0,0.0,0.65599453,0.31182045,0.032185093,1.013101
160,2,0,0.0,0.8067388,0.17325296,0.020008393,0.551129
160,2,0,0.0,0.72375154,0.2441479,0.032100778,0.089156
160,2,0,0.0,0.8129408,0.034577042,0.15248232,0.20292
160,2,0,0.0,0.54034835,0.4009932,0.05865851,0.827385
160,2,0,0.0,0.71977895,0.24501514,0.035206065,1.45185
160,2,0,0.0,0.859161,0.12995428,0.010884782,0.768253
160,2,0,0.0,0.9542076,0.025679246,0.02011317,0.046332
160,2,0,0.0,0.6517215,0.31706965,0.031208958,0.670797
160,2,0,0.0,0.84970766,0.13150074,0.018791813,0.138045
362,2,2,5.960464477539063e-08,0.00059233175,0.051368486,0.9480393,0.366118
362,2,2,0.0,0.026127141,0.09087749,0.88299555,0.176827
362,2,2,0.0,0.0013459466,0.018554868,0.98009914,0.99749
362,2,2,0.0,0.00034990863,0.001644344,0.99800587,0.773079
362,2,2,0.0,0.0011116388,0.008752472,0.9901361,0.299363
362,2,2,0.0,0.037249908,0.08297267,0.8797774,0.4013
362,2,2,0.0,0.0016546951,0.017083013,0.9812623,0.866971
362,2,2,5.960464477539063e-08,0.0030221092,0.015579566,0.9813982,1.18004
362,2,0,0.0,0.6465408,0.06194786,0.29151136,0.688255
362,2,2,8.940696716308594e-08,0.022476276,0.03859676,0.9389269,0.447684
362,2,2,0.0,0.028653681,0.042078633,0.9292678,0.055495
149,2,0,0.0,0.38184237,0.2905428,0.32761484,0.254265
149,2,1,0.0,0.38649133,0.55055517,0.062953606,0.458634
149,2,0,0.0,0.44447958,0.33075988,0.22476064,0.456306
149,2,1,0.0,0.31837603,0.46552512,0.21609895,0.442366
149,2,0,1.1920928955078125e-07,0.5114455,0.3195268,0.1690278,0.658347
149,2,1,0.0,0.27458978,0.38536415,0.34004614,0.426097
149,2,0,0.0,0.61517626,0.20066571,0.18415813,0.860387
149,2,2,0.0,0.23318174,0.36118162,0.40563682,0.409829
149,2,0,0.0,0.51946765,0.34130505,0.13922736,0.083051
149,2,0,0.0,0.6077205,0.33033168,0.061947845,1.039511
149,2,0,0.0,0.41786578,0.16575566,0.41637856,0.393561
149,2,1,0.0,0.2619791,0.7086619,0.029359136,0.078363
149,2,0,0.0,0.52588683,0.2286631,0.24545014,0.040238
149,2,1,0.0,0.0677963,0.92514145,0.0070624226,0.002114
187,2,0,0.0,0.707764,0.26056147,0.031674605,0.573698
187,2,0,0.0,0.9276763,0.06588374,0.0064399396,0.288514
187,2,0,0.0,0.5672647,0.37802032,0.054715034,0.053021
187,2,0,0.0,0.5742393,0.38601476,0.039745964,0.970797
187,2,0,0.0,0.97049236,0.022610314,0.0068973643,0.858012
187,2,0,0.0,0.79471314,0.12534063,0.0799463,0.001843
187,2,0,0.0,0.7875221,0.1905574,0.02192048,0.450119
187,2,1,0.0,0.08572703,0.8407955,0.07347757,1.197485
187,2,0,2.9802322387695312e-08,0.9601084,0.030264365,0.009627132,0.341316
187,2,0,0.0,0.87330824,0.118671045,0.008020774,0.847218
187,2,2,5.960464477539063e-08,0.101612866,0.23426987,0.66411734,0.680789
187,2,1,0.0,0.39295012,0.51042753,0.096622415,0.255922
187,2,0,0.0,0.6882289,0.28400066,0.027770415,0.433631
187,2,0,0.0,0.8556127,0.11328674,0.031100832,0.164093
360,2,2,0.0,0.0009726973,0.39597085,0.6030565,0.443445
360,2,2,0.0,0.0003704272,0.0044067795,0.995223,0.020756
360,2,2,0.0,0.0007252388,0.04425012,0.9550247,0.387739
360,2,2,0.0,0.00036529964,0.012179485,0.98745537,1.12215
360,2,2,0.0,0.00064698077,0.0076530017,0.9917001,0.895789
360,2,2,0.0,0.00028012946,0.0052195187,0.9945002,0.411724
360,2,1,0.0,0.0060399226,0.50758666,0.48637342,0.306012
360,2,2,0.0,0.003923218,0.1611418,0.8349351,0.862746
360,2,2,0.0,0.003155271,0.0175978,0.9792471,1.291263
360,2,2,0.0,0.0018013444,0.012944393,0.9852544,0.614698
360,2,1,0.0,0.0019519017,0.98364824,0.01439993,0.032055
360,2,2,0.0,0.1344468,0.3082061,0.55734706,0.55488
