scheme,training_scheme,w_ring0,w_ring1,w_ring2,polygon_id,y_true,y_pred,correct,confidence,entropy,margin,effective_pixels,n_pixels,mean_distance_px,prob_class_0,prob_class_1,prob_class_2
A0_standard,T0_standard,1.0,1.0,1.0,1,1,1,1,0.9757047465391742,0.12929748366664104,0.9588686534606324,191.0,191,1.7893955968586386,0.016836093078541673,0.9757047465391742,0.007459160382284285
A0_standard,T0_standard,1.0,1.0,1.0,2,0,1,0,0.4693027915202488,1.020623635016862,0.10413633169594694,29.0,29,0.9194155862068966,0.36516645982430185,0.4693027915202488,0.1655307486554493
A0_standard,T0_standard,1.0,1.0,1.0,7,0,0,1,0.6520383855797584,0.8728940909564727,0.42823351436609713,70.0,70,1.2559205428571434,0.6520383855797584,0.12415674320658034,0.22380487121366122
A0_standard,T0_standard,1.0,1.0,1.0,8,0,0,1,0.8949767886657269,0.4086878727082843,0.8402840708190864,69.0,69,1.4160222753623186,0.8949767886657269,0.05469271784664054,0.0503304934876326
A0_standard,T0_standard,1.0,1.0,1.0,9,0,0,1,0.809389831844421,0.6180761417898991,0.7036205074975893,97.0,97,1.6381157731958764,0.809389831844421,0.08484084380874725,0.10576932434683177
A0_standard,T0_standard,1.0,1.0,1.0,12,0,0,1,0.9133538396706302,0.35428040651270437,0.8654420394419221,65.0,65,1.1779163384615385,0.9133538396706302,0.038734360100661794,0.0479118002287081
A0_standard,T0_standard,1.0,1.0,1.0,15,1,1,1,0.9905245035856163,0.060112163931412624,0.9853916625238511,38.0,38,1.0010864210526318,0.004342655352618628,0.9905245035856163,0.005132841061765174
A0_standard,T0_standard,1.0,1.0,1.0,18,1,0,0,0.9178673770527082,0.3259772968227204,0.852845279135273,96.0,96,1.3256457604166665,0.9178673770527082,0.06502209791743513,0.01711052502985658
A0_standard,T0_standard,1.0,1.0,1.0,22,1,1,1,0.9876437900053362,0.07438927400020492,0.9793447237976984,19.0,19,0.8067329999999999,0.004057143787026026,0.9876437900053362,0.00829906620763776
A0_standard,T0_standard,1.0,1.0,1.0,28,1,1,1,0.9348309047516624,0.2655576999881677,0.8778306937923261,21.0,21,0.7458260476190477,0.008168884289001128,0.9348309047516624,0.057000210959336314
A0_standard,T0_standard,1.0,1.0,1.0,29,1,1,1,0.8229894670969384,0.5117819912601651,0.6583910254581287,13.0,13,0.504573923076923,0.012412091264251865,0.8229894670969384,0.1645984416388097
A0_standard,T0_standard,1.0,1.0,1.0,32,0,2,0,0.5792410066776966,0.9034990191840219,0.2520515447079819,116.0,116,1.5386575431034482,0.3271894619697147,0.0935695313525887,0.5792410066776966
A0_standard,T0_standard,1.0,1.0,1.0,35,0,0,1,0.5068306902513472,1.0344491133056266,0.24978812000022488,34.0,34,0.681779294117647,0.5068306902513472,0.2570425702511223,0.23612673949753069
A0_standard,T0_standard,1.0,1.0,1.0,37,0,0,1,0.9095746626779596,0.3660586824177615,0.8618451176365489,184.0,184,1.7882877282608698,0.9095746626779596,0.0426957922806298,0.04772954504141072
A0_standard,T0_standard,1.0,1.0,1.0,38,0,0,1,0.8421197501801262,0.5396711457513794,0.741731871250565,37.0,37,0.9075333243243243,0.8421197501801262,0.057492370890312554,0.10038787892956123
A0_standard,T0_standard,1.0,1.0,1.0,39,0,0,1,0.8850388021858345,0.4323319785158032,0.8122676113517674,33.0,33,0.8299917878787879,0.8850388021858345,0.07277119083406712,0.0421900069800983
A0_standard,T0_standard,1.0,1.0,1.0,41,0,0,1,0.9021619755225089,0.3881205335711359,0.8529217434691585,70.0,70,1.2843535142857143,0.9021619755225089,0.049240232053350354,0.048597792424140744
A0_standard,T0_standard,1.0,1.0,1.0,44,0,0,1,0.9075980159994097,0.3689198161630899,0.8493300526857779,25.0,25,0.5948057999999999,0.9075980159994097,0.058267963313631765,0.034134020686958595
A0_standard,T0_standard,1.0,1.0,1.0,49,1,0,0,0.5621210429633114,0.9889105111998746,0.3414811743094077,16.0,16,0.37066231250000004,0.5621210429633114,0.21723908838278488,0.2206398686539037
A0_standard,T0_standard,1.0,1.0,1.0,51,0,0,1,0.5923812432996851,0.8618409579641575,0.2540785257421337,18.0,18,0.5287885,0.5923812432996851,0.06931603914276348,0.3383027175575514
A0_standard,T0_standard,1.0,1.0,1.0,55,0,0,1,0.8874982616373104,0.4112755872189786,0.7999718974631131,39.0,39,0.6499513846153847,0.8874982616373104,0.08752636417419728,0.024975374188492307
A0_standard,T0_standard,1.0,1.0,1.0,60,0,0,1,0.9386259621346793,0.2696466461493313,0.8974953723280816,51.0,51,1.224436588235294,0.9386259621346793,0.04113058980659771,0.02024344805872298
A0_standard,T0_standard,1.0,1.0,1.0,61,0,0,1,0.8621526408446102,0.48568364117195983,0.7661857404558421,33.0,33,0.9699814242424242,0.8621526408446102,0.04188045876662161,0.09596690038876815
A0_standard,T0_standard,1.0,1.0,1.0,71,2,2,1,0.9447742790984069,0.24080600939321817,0.9002714195688838,14.0,14,0.6911514999999999,0.04450285952952313,0.010722861372069884,0.9447742790984069
A0_standard,T0_standard,1.0,1.0,1.0,75,0,1,0,0.7568889944099727,0.6843504938253004,0.5685532385403087,19.0,19,0.7114136315789473,0.05477524972036339,0.7568889944099727,0.188335755869664
A0_standard,T0_standard,1.0,1.0,1.0,77,0,0,1,0.6815528385223063,0.7866618491721588,0.4279710498214454,9.0,9,0.3371106666666667,0.6815528385223063,0.06486537277683288,0.2535817887008609
A0_standard,T0_standard,1.0,1.0,1.0,84,2,2,1,0.6317167375098419,0.693099056949734,0.27053247815594744,8.0,8,0.40794074999999996,0.007099003136263551,0.3611842593538945,0.6317167375098419
A0_standard,T0_standard,1.0,1.0,1.0,85,2,2,1,0.46001082366777396,0.9620952772030666,0.02942560257189858,10.0,10,0.6327266,0.4305852210958754,0.1094039552363506,0.46001082366777396
A0_standard,T0_standard,1.0,1.0,1.0,86,0,2,0,0.9453327079065544,0.23575552612584355,0.8992236909975327,14.0,14,0.5406887857142857,0.008558275184423743,0.046109016909021715,0.9453327079065544
A0_standard,T0_standard,1.0,1.0,1.0,87,0,2,0,0.6205472048469999,0.7881023047707669,0.27947469947940856,7.0,7,0.5237958571428571,0.3410725053675913,0.03838028978540884,0.6205472048469999
A0_standard,T0_standard,1.0,1.0,1.0,88,0,0,1,0.5109852971858718,0.8346052519705685,0.06332118626744077,8.0,8,0.40546887499999995,0.5109852971858718,0.04135059189569711,0.44766411091843106
A0_standard,T0_standard,1.0,1.0,1.0,89,0,2,0,0.5566062808681627,0.8195904823774648,0.15256753075835938,7.0,7,0.3756504285714285,0.4040387501098033,0.039354969022034045,0.5566062808681627
A0_standard,T0_standard,1.0,1.0,1.0,90,0,0,1,0.5520689299069659,0.9813840515756905,0.26712635259405154,9.0,9,0.6029300000000001,0.5520689299069659,0.16298849278011984,0.28494257731291434
A0_standard,T0_standard,1.0,1.0,1.0,93,0,0,1,0.6302148599233084,0.8741016090077132,0.35985058832247513,11.0,11,0.3752034545454545,0.6302148599233084,0.09942086847585836,0.27036427160083326
A0_standard,T0_standard,1.0,1.0,1.0,98,0,0,1,0.762874381713542,0.6677562915694243,0.5741598437034399,17.0,17,0.4362414705882353,0.762874381713542,0.0484110802763558,0.18871453801010216
A0_standard,T0_standard,1.0,1.0,1.0,101,0,0,1,0.8511719266061805,0.5166190866076072,0.753781505011543,13.0,13,0.519376153846154,0.8511719266061805,0.05143765179918223,0.09739042159463747
A0_standard,T0_standard,1.0,1.0,1.0,102,0,0,1,0.9337698448274871,0.2895398946219542,0.8984728805037477,12.0,12,0.54038,0.9337698448274871,0.03093319084877359,0.03529696432373938
A0_standard,T0_standard,1.0,1.0,1.0,106,0,0,1,0.7526889953277435,0.7200785335963531,0.5929136238397392,101.0,101,1.456544306930693,0.7526889953277435,0.08753563318425224,0.15977537148800425
A0_standard,T0_standard,1.0,1.0,1.0,118,0,0,1,0.7879753436111125,0.640688645474716,0.6335979424031759,27.0,27,0.771531037037037,0.7879753436111125,0.0576472551809508,0.1543774012079367
A0_standard,T0_standard,1.0,1.0,1.0,119,0,0,1,0.9195943490430207,0.3329648954786567,0.8693652727329213,97.0,97,1.3621651546391753,0.9195943490430207,0.03017657464687986,0.05022907631009946
A0_standard,T0_standard,1.0,1.0,1.0,120,0,0,1,0.9171485603497802,0.3328481451688212,0.8555453017836405,77.0,77,1.3922861558441562,0.9171485603497802,0.021248181084079984,0.06160325856613969
A0_standard,T0_standard,1.0,1.0,1.0,123,0,0,1,0.8917384927877002,0.41756276473754267,0.8332980516858051,20.0,20,0.5155320999999999,0.8917384927877002,0.049821066110404696,0.05844044110189515
A0_standard,T0_standard,1.0,1.0,1.0,124,0,0,1,0.9273142286042902,0.31077896702206903,0.8887618198726385,47.0,47,0.8481854893617022,0.9273142286042902,0.034133362664057955,0.03855240873165175
A0_standard,T0_standard,1.0,1.0,1.0,129,0,0,1,0.8321770301647654,0.5640189613612641,0.7284488318575805,64.0,64,1.315091625,0.8321770301647654,0.06409477152804967,0.1037281983071849
A0_standard,T0_standard,1.0,1.0,1.0,130,0,0,1,0.8270829826936489,0.578339538756811,0.7275036811612701,75.0,75,1.3049385733333334,0.8270829826936489,0.07333771577397236,0.09957930153237884
A0_standard,T0_standard,1.0,1.0,1.0,134,1,1,1,0.9808834790774077,0.10775237286479838,0.9704581923337506,24.0,24,0.7835483333333334,0.008691234178935175,0.9808834790774077,0.010425286743657034
A0_standard,T0_standard,1.0,1.0,1.0,136,1,1,1,0.956529114288196,0.19723765525739345,0.9196019501536675,102.0,102,1.6543439509803923,0.006543721577275504,0.956529114288196,0.03692716413452846
A0_standard,T0_standard,1.0,1.0,1.0,138,1,1,1,0.653689727006904,0.6842407878486502,0.3156634097580571,7.0,7,0.46868471428571423,0.008283955744249104,0.653689727006904,0.33802631724884685
A0_standard,T0_standard,1.0,1.0,1.0,140,1,0,0,0.6353361793436552,0.8752771065756322,0.3760236657329903,11.0,11,0.4528042727272727,0.6353361793436552,0.2593125136106649,0.10535130704567999
A0_standard,T0_standard,1.0,1.0,1.0,145,1,1,1,0.9483060477939274,0.22649483274531634,0.9050614748773791,91.0,91,1.4519752857142858,0.008449379289524417,0.9483060477939274,0.04324457291654821
A0_standard,T0_standard,1.0,1.0,1.0,149,2,2,1,0.8558198264785065,0.5077018069289577,0.7653924910928664,14.0,14,0.40021921428571433,0.05375283813585338,0.09042733538564006,0.8558198264785065
A0_standard,T0_standard,1.0,1.0,1.0,150,2,2,1,0.9115381451073074,0.34490170968918943,0.8420124897530425,8.0,8,0.35506275,0.018936199538427803,0.06952565535426486,0.9115381451073074
A0_standard,T0_standard,1.0,1.0,1.0,151,2,2,1,0.9586660525409052,0.20071254973072067,0.9365725975859831,11.0,11,0.5133822727272727,0.022093454954922067,0.01924049250417279,0.9586660525409052
A0_standard,T0_standard,1.0,1.0,1.0,152,2,2,1,0.9234689132886003,0.3224438831111885,0.879619787406153,5.0,5,0.2464702,0.04384912588244722,0.03268196082895245,0.9234689132886003
A0_standard,T0_standard,1.0,1.0,1.0,160,2,2,1,0.9841176145605616,0.09045969471207546,0.9721871222436768,13.0,13,0.5016772307692308,0.003951893122553573,0.011930492316884861,0.9841176145605616
A0_standard,T0_standard,1.0,1.0,1.0,168,1,1,1,0.9337980561647844,0.28311722925828003,0.8863039787531778,13.0,13,0.4162788461538462,0.018707866423608843,0.9337980561647844,0.04749407741160664
A0_standard,T0_standard,1.0,1.0,1.0,169,2,2,1,0.957315443235269,0.2059404046733045,0.9351704712486012,11.0,11,0.44178781818181817,0.02053958477806335,0.022144971986667737,0.957315443235269
A0_standard,T0_standard,1.0,1.0,1.0,174,2,2,1,0.7576377232158555,0.6826771250150596,0.5695413821396585,5.0,5,0.3432982,0.188096341076197,0.054265935707947514,0.7576377232158555
A0_standard,T0_standard,1.0,1.0,1.0,176,2,2,1,0.7073884799953819,0.6243266937535995,0.41847829647493523,30.0,30,0.8189938999999999,0.0037013364841713414,0.2889101835204467,0.7073884799953819
A0_standard,T0_standard,1.0,1.0,1.0,178,2,2,1,0.9312598071862459,0.2608908872917165,0.8649539278401102,32.0,32,0.95442090625,0.0024343134676183165,0.0663058793461358,0.9312598071862459
A0_standard,T0_standard,1.0,1.0,1.0,184,2,2,1,0.8945741428290853,0.38921627633315703,0.8099588830893636,15.0,15,0.7859551333333333,0.08461525973972173,0.020810597431192835,0.8945741428290853
A0_standard,T0_standard,1.0,1.0,1.0,186,1,0,0,0.8132391925208062,0.589039979908087,0.6755400993095713,15.0,15,0.6404765999999998,0.8132391925208062,0.04906171426795863,0.13769909321123502
A0_standard,T0_standard,1.0,1.0,1.0,187,2,2,1,0.637081523207626,0.7809762374844662,0.31415131032279564,14.0,14,0.5083184285714285,0.32293021288483037,0.03998826390754353,0.637081523207626
A0_standard,T0_standard,1.0,1.0,1.0,194,2,2,1,0.9448810876769368,0.22584943164525506,0.8930762174905219,12.0,12,0.537488,0.0033140421366484327,0.051804870186414866,0.9448810876769368
A0_standard,T0_standard,1.0,1.0,1.0,198,1,1,1,0.6119505927939586,0.8116074238259423,0.2711499501664453,15.0,15,0.7177088000000001,0.3408006426275133,0.6119505927939586,0.047248764578528175
A0_standard,T0_standard,1.0,1.0,1.0,200,2,2,1,0.9481936847253621,0.23522730771005657,0.9116741143289115,5.0,5,0.2278204,0.03651957039645063,0.015286744878187184,0.9481936847253621
A0_standard,T0_standard,1.0,1.0,1.0,202,2,2,1,0.8665676227512775,0.43566560977780583,0.7462199748017663,22.0,22,0.5913674545454545,0.01308472929921134,0.12034764794951126,0.8665676227512775
A0_standard,T0_standard,1.0,1.0,1.0,205,1,1,1,0.8363350157972931,0.4605017203109343,0.675628445664831,56.0,56,1.062304125,0.0029584140702448485,0.8363350157972931,0.160706570132462
A0_standard,T0_standard,1.0,1.0,1.0,206,2,2,1,0.8863889578992337,0.3918934096187664,0.784580808215321,22.0,22,0.6087270454545455,0.011802892416853521,0.10180814968391273,0.8863889578992337
A0_standard,T0_standard,1.0,1.0,1.0,212,2,2,1,0.948027414922994,0.24027035156525342,0.9210575002691306,26.0,26,0.8470876538461538,0.026969914653863492,0.025002670423142574,0.948027414922994
A0_standard,T0_standard,1.0,1.0,1.0,214,2,2,1,0.9392988664334617,0.2618178219990461,0.8927178377534276,46.0,46,1.0707565,0.014120104886504238,0.046581028680034144,0.9392988664334617
A0_standard,T0_standard,1.0,1.0,1.0,222,2,2,1,0.9430191169382025,0.2554707864032014,0.9059823487515536,4.0,4,0.5312697500000001,0.01994411487514857,0.037036768186648875,0.9430191169382025
A0_standard,T0_standard,1.0,1.0,1.0,229,1,1,1,0.7981765817211821,0.5168995751395915,0.5989719976277411,21.0,21,0.46933819047619046,0.0026188341853768185,0.7981765817211821,0.19920458409344097
A0_standard,T0_standard,1.0,1.0,1.0,231,2,2,1,0.9653976719252988,0.16259749127399886,0.9347047563039196,5.0,5,0.4425108,0.003909412453322029,0.03069291562137922,0.9653976719252988
A0_standard,T0_standard,1.0,1.0,1.0,233,2,2,1,0.585831208425812,0.7387847739823261,0.1854431706493242,67.0,67,1.22872771641791,0.013780753797699963,0.40038803777648785,0.585831208425812
A0_standard,T0_standard,1.0,1.0,1.0,235,2,2,1,0.9440834581704068,0.24284111087009844,0.8988411850741719,25.0,25,0.58303204,0.010674268733358114,0.04524227309623501,0.9440834581704068
A0_standard,T0_standard,1.0,1.0,1.0,239,2,2,1,0.8400008566169925,0.549640750908259,0.7513810653488859,18.0,18,0.5865500555555556,0.0886197912681066,0.07137935211490087,0.8400008566169925
A0_standard,T0_standard,1.0,1.0,1.0,242,2,2,1,0.7079699676204482,0.6895851063388052,0.441057542088162,15.0,15,0.6072851333333332,0.26691242553228617,0.025117606847265612,0.7079699676204482
A0_standard,T0_standard,1.0,1.0,1.0,244,2,2,1,0.9488016670090447,0.23436161216158424,0.9143090832028904,108.0,108,1.5329172870370373,0.016705749184801142,0.034492583806154255,0.9488016670090447
A0_standard,T0_standard,1.0,1.0,1.0,245,2,2,1,0.964815776068709,0.1764485919319082,0.9450702329836393,13.0,13,0.5391935384615386,0.01974554308506965,0.015438680846221308,0.964815776068709
A0_standard,T0_standard,1.0,1.0,1.0,249,0,0,1,0.5837576273466689,0.9469462983673933,0.31067240591927603,32.0,32,0.737368,0.5837576273466689,0.14315715122593825,0.2730852214273929
A0_standard,T0_standard,1.0,1.0,1.0,253,0,0,1,0.7846351270542147,0.6337670409046772,0.6161093336813478,94.0,94,1.2869785319148936,0.7846351270542147,0.046839079572918316,0.1685257933728669
A0_standard,T0_standard,1.0,1.0,1.0,259,1,0,0,0.5276859047769199,0.9916963522062365,0.2120183042194475,10.0,10,0.49205679999999996,0.5276859047769199,0.15664649466560773,0.3156676005574724
A0_standard,T0_standard,1.0,1.0,1.0,260,1,1,1,0.7921974481574976,0.5323960542611815,0.588808052568089,12.0,12,0.5609836666666668,0.0044131562530937704,0.7921974481574976,0.2033893955894086
A0_standard,T0_standard,1.0,1.0,1.0,269,1,1,1,0.9576289442187066,0.1869193792528945,0.9185257223284864,11.0,11,0.3788078181818182,0.003267833891073213,0.9576289442187066,0.03910322189022017
A0_standard,T0_standard,1.0,1.0,1.0,270,1,1,1,0.9916737348871163,0.05236599648735484,0.9850410847535078,7.0,7,0.36814757142857146,0.0016936149792751503,0.9916737348871163,0.006632650133608465
A0_standard,T0_standard,1.0,1.0,1.0,271,2,2,1,0.4711547055272147,1.0036488059216135,0.08890001743747727,4.0,4,0.6352672500000001,0.38225468808973745,0.14659060638304783,0.4711547055272147
A0_standard,T0_standard,1.0,1.0,1.0,276,1,2,0,0.6568103096235202,0.6897890619044605,0.32403688146447346,8.0,8,0.425745125,0.010416262217433182,0.3327734281590467,0.6568103096235202
A0_standard,T0_standard,1.0,1.0,1.0,278,1,1,1,0.953448554290443,0.1976473050364294,0.9092836864340413,10.0,10,0.49930959999999996,0.0023865778531554217,0.953448554290443,0.04416486785640166
A0_standard,T0_standard,1.0,1.0,1.0,290,2,2,1,0.9263882553905064,0.2945734158066678,0.8641527598230312,11.0,11,0.6727623636363637,0.011376249042018498,0.062235495567475166,0.9263882553905064
A0_standard,T0_standard,1.0,1.0,1.0,293,2,2,1,0.959234483309121,0.18745860376823323,0.9245018621821481,18.0,18,0.6691911666666666,0.006032895563906095,0.034732621126972854,0.959234483309121
A0_standard,T0_standard,1.0,1.0,1.0,297,2,2,1,0.7316660970372023,0.7652050003827213,0.5796392022749669,10.0,10,0.4448850999999999,0.15202689476223538,0.11630700820056229,0.7316660970372023
A0_standard,T0_standard,1.0,1.0,1.0,298,2,2,1,0.8450428461251864,0.529694501313605,0.7415223765696023,16.0,16,0.6169322500000001,0.051436684319229424,0.10352046955558417,0.8450428461251864
A0_standard,T0_standard,1.0,1.0,1.0,299,1,1,1,0.8363713679203415,0.45902207825230634,0.6753512522952679,17.0,17,0.6325850000000001,0.002608516454584969,0.8363713679203415,0.1610201156250736
A0_standard,T0_standard,1.0,1.0,1.0,304,1,1,1,0.9918891464288327,0.052742227659064146,0.9876560464617509,22.0,22,0.6175126818181818,0.004233099967081838,0.9918891464288327,0.003877753604085306
A0_standard,T0_standard,1.0,1.0,1.0,308,2,2,1,0.8847035030438184,0.4111636976721011,0.789745645476648,21.0,21,0.744395857142857,0.020338639389011353,0.09495785756717036,0.8847035030438184
A0_standard,T0_standard,1.0,1.0,1.0,311,1,1,1,0.6522598891906849,0.6780733745612493,0.31095178184633593,25.0,25,0.62898604,0.006432003464966152,0.6522598891906849,0.34130810734434897
A0_standard,T0_standard,1.0,1.0,1.0,314,1,1,1,0.9612665677434289,0.17256481688675657,0.9248121581941775,9.0,9,0.4122361111111112,0.0022790227073197227,0.9612665677434289,0.03645440954925137
A0_standard,T0_standard,1.0,1.0,1.0,321,2,2,1,0.9667629991011023,0.16086901405698276,0.9391113003080894,4.0,4,0.34794725,0.005585302105884775,0.02765169879301293,0.9667629991011023
A0_standard,T0_standard,1.0,1.0,1.0,322,1,1,1,0.7978651456319346,0.5226628178508528,0.5996445253914927,13.0,13,0.5984578461538462,0.003914234127623643,0.7978651456319346,0.19822062024044185
A0_standard,T0_standard,1.0,1.0,1.0,324,1,2,0,0.7567246945405968,0.5793249587647566,0.5184822665018793,7.0,7,0.3544742857142857,0.005032877420685849,0.23824242803871737,0.7567246945405968
A0_standard,T0_standard,1.0,1.0,1.0,326,2,2,1,0.9652967494105684,0.171861824867151,0.9409269819824249,7.0,7,0.42478699999999997,0.010333483161287887,0.024369767428143566,0.9652967494105684
A0_standard,T0_standard,1.0,1.0,1.0,327,1,1,1,0.9106648615664137,0.3087951065090878,0.8228742366299743,9.0,9,0.38338188888888886,0.0015445134971468722,0.9106648615664137,0.08779062493643937
A0_standard,T0_standard,1.0,1.0,1.0,329,1,1,1,0.9182677592432268,0.31428270517907614,0.847015387224702,6.0,6,0.44581633333333337,0.07125237201852473,0.9182677592432268,0.010479868738248495
A0_standard,T0_standard,1.0,1.0,1.0,331,1,1,1,0.6205933794131476,0.6858334449911255,0.2451586982447711,7.0,7,0.4697390000000001,0.003971939418475793,0.6205933794131476,0.3754346811683765
A0_standard,T0_standard,1.0,1.0,1.0,332,2,2,1,0.6862978454336507,0.8374445600724888,0.5116305369376596,18.0,18,0.71271,0.13903484607035807,0.17466730849599113,0.6862978454336507
A0_standard,T0_standard,1.0,1.0,1.0,334,1,1,1,0.9081675116144176,0.31992910163355476,0.819322466606589,17.0,17,0.6182341764705882,0.0029874433777539637,0.9081675116144176,0.08884504500782854
A0_standard,T0_standard,1.0,1.0,1.0,338,1,0,0,0.8695407062869146,0.4771283108601313,0.7982819866538325,163.0,163,1.9818752024539878,0.8695407062869146,0.0712587196330821,0.0592005740800033
A0_standard,T0_standard,1.0,1.0,1.0,339,1,0,0,0.756076696907371,0.7235073192786585,0.6223968641066326,61.0,61,0.9155766885245903,0.756076696907371,0.11024347029189067,0.1336798328007384
A0_standard,T0_standard,1.0,1.0,1.0,340,0,0,1,0.8089045660754297,0.596625422433439,0.6668392839360229,78.0,78,1.3844180128205126,0.8089045660754297,0.14206528213940683,0.049030151785163435
A0_standard,T0_standard,1.0,1.0,1.0,347,0,0,1,0.777691118487664,0.6577167184252151,0.6136692716740805,14.0,14,0.44679828571428576,0.777691118487664,0.0582870346987524,0.16402184681358353
A0_standard,T0_standard,1.0,1.0,1.0,360,2,2,1,0.8622377552874221,0.4194414830862846,0.7286079976672362,12.0,12,0.5786047499999999,0.004132487092391975,0.13362975762018595,0.8622377552874221
A0_standard,T0_standard,1.0,1.0,1.0,361,2,2,1,0.783692807577667,0.6511866449416925,0.6287344907107254,10.0,10,0.5130506,0.061348875555391306,0.1549583168669416,0.783692807577667
A0_standard,T0_standard,1.0,1.0,1.0,362,2,2,1,0.7755915894723012,0.6422672089175989,0.5943222459925145,11.0,11,0.5684201818181817,0.04313906704791203,0.18126934347978674,0.7755915894723012
A0_standard,T0_standard,1.0,1.0,1.0,366,0,0,1,0.8407872725038157,0.4866684768779642,0.6959636175078094,6.0,6,0.3645646666666667,0.8407872725038157,0.014389072500178028,0.14482365499600625
A0_standard,T0_standard,1.0,1.0,1.0,374,0,0,1,0.9509009443571398,0.2293725949185918,0.9228048611901086,18.0,18,0.5402341666666667,0.9509009443571398,0.028096083167031202,0.02100297247582919
A0_standard,T0_standard,1.0,1.0,1.0,376,0,0,1,0.930120173300646,0.3011964610935244,0.8907293707931477,18.0,18,0.5590460555555555,0.930120173300646,0.039390802507498233,0.030489024191855674
A0_standard,T0_standard,1.0,1.0,1.0,378,0,0,1,0.9146619318556646,0.34942477505967745,0.8644398362645868,16.0,16,0.487147875,0.9146619318556646,0.03511597255325765,0.05022209559107778
A0_standard,T0_standard,1.0,1.0,1.0,380,0,0,1,0.9264604287914376,0.3127644951434703,0.8839206062080528,19.0,19,0.48924563157894735,0.9264604287914376,0.04253982258338483,0.030999748625177594
A0_standard,T0_standard,1.0,1.0,1.0,387,0,0,1,0.842899963625244,0.5213172360092486,0.7234284781113147,44.0,44,1.1116842272727274,0.842899963625244,0.037628550860826816,0.11947148551392928
A0_standard,T0_standard,1.0,1.0,1.0,388,0,0,1,0.7974726595217154,0.6374695654429641,0.670119938848901,23.0,23,0.6896618260869564,0.7974726595217154,0.07517461980547019,0.1273527206728144
A0_standard,T0_standard,1.0,1.0,1.0,389,0,0,1,0.9273026752422844,0.30972869027824423,0.8843077547219409,24.0,24,0.8380092500000001,0.9273026752422844,0.04299492052034345,0.029702404237372068
A0_standard,T0_standard,1.0,1.0,1.0,391,0,0,1,0.9326042903877606,0.2914415521245141,0.8904922989283025,34.0,34,0.927025911764706,0.9326042903877606,0.042111991459458084,0.025283718152781215
A0_standard,T0_standard,1.0,1.0,1.0,400,0,0,1,0.9528722907691806,0.22254687454853667,0.9278602586554521,15.0,15,0.5019540666666668,0.9528722907691806,0.025012032113728523,0.02211567711709083
A0_standard,T0_standard,1.0,1.0,1.0,403,0,0,1,0.9207053451190202,0.32769110279594493,0.8680983261031923,13.0,13,0.619328,0.9207053451190202,0.026687635865151802,0.05260701901582803
A0_standard,T0_standard,1.0,1.0,1.0,405,0,0,1,0.8473111455061897,0.5031780624325874,0.724749391394071,47.0,47,1.081583680851064,0.8473111455061897,0.030127100381691647,0.12256175411211863
A0_standard,T0_standard,1.0,1.0,1.0,411,2,2,1,0.9454040232959279,0.24587887299674818,0.9080465359762876,3.0,3,0.201223,0.017238489384431947,0.03735748731964023,0.9454040232959279
A0_standard,T0_standard,1.0,1.0,1.0,413,0,0,1,0.9198877076989422,0.3345076466215474,0.8782119332896573,83.0,83,1.1146613373493979,0.9198877076989422,0.04167577440928489,0.03843651789177275
A0_standard,T0_standard,1.0,1.0,1.0,421,0,0,1,0.8664298884278092,0.4834970176115576,0.787545529914353,60.0,60,0.8280121,0.8664298884278092,0.0546857530587346,0.07888435851345621
A0_standard,T0_standard,1.0,1.0,1.0,422,0,0,1,0.933937411831034,0.2865883238278101,0.8918133202971772,72.0,72,0.9631183333333332,0.933937411831034,0.02393849663510926,0.042124091533856795
A0_standard,T0_standard,1.0,1.0,1.0,426,0,0,1,0.9418028397788105,0.2576872783396472,0.9012540356503866,39.0,39,1.0525164615384617,0.9418028397788105,0.040548804128423925,0.01764835609276562
A0_standard,T0_standard,1.0,1.0,1.0,429,0,0,1,0.8905362540616226,0.4182693194139169,0.8230538771763033,66.0,66,1.4506720606060608,0.8905362540616226,0.041981369053058215,0.0674823768853193
A0_standard,T0_standard,1.0,1.0,1.0,430,0,0,1,0.8862469794943676,0.4303554578635225,0.8168412022997258,70.0,70,1.3141251428571425,0.8862469794943676,0.04434724331099052,0.06940577719464186
A0_standard,T0_standard,1.0,1.0,1.0,432,0,0,1,0.8462167111201175,0.5345712331131316,0.7595773982953374,99.0,99,1.6191042626262624,0.8462167111201175,0.06714397605510235,0.08663931282478006
A0_standard,T0_standard,1.0,1.0,1.0,433,0,0,1,0.8695739905841943,0.47745884490491053,0.801325905110013,66.0,66,1.1340002424242426,0.8695739905841943,0.06824808547418128,0.06217792394162442
A0_standard,T0_standard,1.0,1.0,1.0,438,0,0,1,0.9442791276503661,0.2536221502944654,0.9155373048880078,160.0,160,2.0565121187499997,0.9442791276503661,0.028741822762358406,0.02697904958727546
A0_standard,T0_standard,1.0,1.0,1.0,439,0,0,1,0.936804115415553,0.27944099897739294,0.9041534193111088,144.0,144,1.8719137986111112,0.936804115415553,0.030545188480002823,0.03265069610444414
A0_standard,T0_standard,1.0,1.0,1.0,452,1,1,1,0.9278321552014602,0.2726963029919381,0.8589911589138202,16.0,16,0.5164338125,0.0033268485108996953,0.9278321552014602,0.06884099628764004
A1_boundary_075,T0_standard,0.75,1.0,1.0,1,1,1,1,0.9773947476081373,0.12218362137026448,0.9620245276862508,187.98364397109168,191,1.7893955968586386,0.015370219921886452,0.9773947476081373,0.007235032469976337
A1_boundary_075,T0_standard,0.75,1.0,1.0,2,0,1,0,0.4518873833622594,1.0280957157738548,0.07400073333098794,28.408695652173915,29,0.9194155862068966,0.3778866500312715,0.4518873833622594,0.17022596660646913
A1_boundary_075,T0_standard,0.75,1.0,1.0,7,0,0,1,0.6587460504581233,0.8629271204500424,0.4371247117140483,68.64285714285714,70,1.2559205428571434,0.6587460504581233,0.11963261079780184,0.22162133874407497
A1_boundary_075,T0_standard,0.75,1.0,1.0,8,0,0,1,0.9042850209647684,0.3817777786803051,0.8539215918980388,67.69127516778524,69,1.4160222753623186,0.9042850209647684,0.05036342906672951,0.045351549968502165
A1_boundary_075,T0_standard,0.75,1.0,1.0,9,0,0,1,0.8162719421913548,0.6036437381508267,0.7163567100427969,95.25660964230171,97,1.6381157731958764,0.8162719421913548,0.08381282566008745,0.09991523214855787
A1_boundary_075,T0_standard,0.75,1.0,1.0,12,0,0,1,0.9181999752604673,0.33959446003190985,0.8741116669459312,63.71931956257594,65,1.1779163384615385,0.9181999752604673,0.03771171642499675,0.04408830831453599
A1_boundary_075,T0_standard,0.75,1.0,1.0,15,1,1,1,0.9904508286375375,0.06049504972253563,0.9852212044800965,37.22559652928417,38,1.0010864210526318,0.00431954720502148,0.9904508286375375,0.005229624157441002
A1_boundary_075,T0_standard,0.75,1.0,1.0,18,1,0,0,0.9251815540650505,0.3046745823993716,0.8662976564108283,94.19455564451562,96,1.3256457604166665,0.9251815540650505,0.05888389765422215,0.015934548280727382
A1_boundary_075,T0_standard,0.75,1.0,1.0,22,1,1,1,0.9879221609244987,0.07307882104489052,0.9799380598077099,18.660194174757283,19,0.8067329999999999,0.0040937379587126935,0.9879221609244987,0.007984101116788768
A1_boundary_075,T0_standard,0.75,1.0,1.0,28,1,1,1,0.9366723657159831,0.2608087570967826,0.8817428137915854,20.642857142857142,21,0.7458260476190477,0.008398082359619287,0.9366723657159831,0.0549295519243977
A1_boundary_075,T0_standard,0.75,1.0,1.0,29,1,1,1,0.8270075617662839,0.5049453817167247,0.6663061774292827,12.903225806451612,13,0.504573923076923,0.01229105389671484,0.8270075617662839,0.16070138433700118
A1_boundary_075,T0_standard,0.75,1.0,1.0,32,0,2,0,0.5656537682867707,0.9124249025857727,0.22612628509471522,113.98135048231511,116,1.5386575431034482,0.3395274831920555,0.0948187485211738,0.5656537682867707
A1_boundary_075,T0_standard,0.75,1.0,1.0,35,0,0,1,0.5171075615692665,1.0268943447402221,0.26604732716497415,33.33942558746736,34,0.681779294117647,0.5171075615692665,0.25106023440429237,0.23183220402644122
A1_boundary_075,T0_standard,0.75,1.0,1.0,37,0,0,1,0.9142907314936529,0.35180932902877454,0.8694039383955686,180.9544546544147,184,1.7882877282608698,0.9142907314936529,0.04082247540826283,0.044886793098084334
A1_boundary_075,T0_standard,0.75,1.0,1.0,38,0,0,1,0.8435096999026822,0.5361257122226641,0.7434747935188483,36.24494382022472,37,0.9075333243243243,0.8435096999026822,0.05645539371348379,0.10003490638383393
A1_boundary_075,T0_standard,0.75,1.0,1.0,39,0,0,1,0.8841726701498966,0.4339453350041516,0.8095871124079226,32.329896907216494,33,0.8299917878787879,0.8841726701498966,0.07458555774197403,0.041241772108129314
A1_boundary_075,T0_standard,0.75,1.0,1.0,41,0,0,1,0.9031067358638761,0.3853572656605381,0.8540911664207136,68.70338058887677,70,1.2843535142857143,0.9031067358638761,0.04901556944316257,0.04787769469296141
A1_boundary_075,T0_standard,0.75,1.0,1.0,44,0,0,1,0.9087971561246299,0.36546440142752545,0.8514409110424187,24.66798418972332,25,0.5948057999999999,0.9087971561246299,0.05735624508221111,0.0338465987931591
A1_boundary_075,T0_standard,0.75,1.0,1.0,49,1,0,0,0.5621210429633114,0.9889105111998746,0.3414811743094077,16.0,16,0.37066231250000004,0.5621210429633114,0.21723908838278488,0.2206398686539037
A1_boundary_075,T0_standard,0.75,1.0,1.0,51,0,0,1,0.5954123418736836,0.8590701833143051,0.2594761709438949,17.818181818181817,18,0.5287885,0.5954123418736836,0.06865148719652757,0.3359361709297887
A1_boundary_075,T0_standard,0.75,1.0,1.0,55,0,0,1,0.8890578111247026,0.40733504190274145,0.8028394608818318,38.34782608695652,39,0.6499513846153847,0.8890578111247026,0.08621835024287082,0.024723838632426547
A1_boundary_075,T0_standard,0.75,1.0,1.0,60,0,0,1,0.9390626941389476,0.26775404053498814,0.8976459143343813,50.0,51,1.224436588235294,0.9390626941389476,0.04141677980456624,0.019520526056486274
A1_boundary_075,T0_standard,0.75,1.0,1.0,61,0,0,1,0.8705530506658505,0.46568667610113973,0.7815011644382506,32.32658227848101,33,0.9699814242424242,0.8705530506658505,0.04039506310654967,0.08905188622759991
A1_boundary_075,T0_standard,0.75,1.0,1.0,71,2,2,1,0.946758914136825,0.2344579132022674,0.9040697097461663,13.82857142857143,14,0.6911514999999999,0.042689204390658715,0.010551881472516345,0.946758914136825
A1_boundary_075,T0_standard,0.75,1.0,1.0,75,0,1,0,0.748231549477679,0.6916928295857758,0.5478635785708109,18.660194174757283,19,0.7114136315789473,0.05140047961545286,0.748231549477679,0.20036797090686811
A1_boundary_075,T0_standard,0.75,1.0,1.0,77,0,0,1,0.6815528385223063,0.7866618491721588,0.4279710498214454,9.0,9,0.3371106666666667,0.6815528385223063,0.06486537277683288,0.2535817887008609
A1_boundary_075,T0_standard,0.75,1.0,1.0,84,2,2,1,0.6317167375098419,0.693099056949734,0.27053247815594744,8.0,8,0.40794074999999996,0.007099003136263551,0.3611842593538945,0.6317167375098419
A1_boundary_075,T0_standard,0.75,1.0,1.0,85,2,2,1,0.4506501021530735,0.9608844393326605,0.009536506096223918,9.846153846153847,10,0.6327266,0.4411135960568496,0.10823630179007693,0.4506501021530735
A1_boundary_075,T0_standard,0.75,1.0,1.0,86,0,2,0,0.9445967468257733,0.23807736886501446,0.8978136794908134,13.82857142857143,14,0.5406887857142857,0.008620185839266662,0.04678306733495997,0.9445967468257733
A1_boundary_075,T0_standard,0.75,1.0,1.0,87,0,2,0,0.6205472048469999,0.7881023047707669,0.27947469947940856,7.0,7,0.5237958571428571,0.3410725053675913,0.03838028978540884,0.6205472048469999
A1_boundary_075,T0_standard,0.75,1.0,1.0,88,0,0,1,0.5109852971858718,0.8346052519705685,0.06332118626744077,8.0,8,0.40546887499999995,0.5109852971858718,0.04135059189569711,0.44766411091843106
A1_boundary_075,T0_standard,0.75,1.0,1.0,89,0,2,0,0.5566062808681627,0.8195904823774648,0.15256753075835938,7.0,7,0.3756504285714285,0.4040387501098033,0.039354969022034045,0.5566062808681627
A1_boundary_075,T0_standard,0.75,1.0,1.0,90,0,0,1,0.5494092449511057,0.9835945106277495,0.26264078095696586,8.909090909090908,9,0.6029300000000001,0.5494092449511057,0.16382229105475454,0.2867684639941398
A1_boundary_075,T0_standard,0.75,1.0,1.0,93,0,0,1,0.6416125512071505,0.8625851840147711,0.38107158925808937,10.84070796460177,11,0.3752034545454545,0.6416125512071505,0.09784648684378847,0.2605409619490612
A1_boundary_075,T0_standard,0.75,1.0,1.0,98,0,0,1,0.762874381713542,0.6677562915694243,0.5741598437034399,17.0,17,0.4362414705882353,0.762874381713542,0.0484110802763558,0.18871453801010216
A1_boundary_075,T0_standard,0.75,1.0,1.0,101,0,0,1,0.8511719266061805,0.5166190866076072,0.753781505011543,13.0,13,0.519376153846154,0.8511719266061805,0.05143765179918223,0.09739042159463747
A1_boundary_075,T0_standard,0.75,1.0,1.0,102,0,0,1,0.9337698448274871,0.2895398946219542,0.8984728805037477,12.0,12,0.54038,0.9337698448274871,0.03093319084877359,0.03529696432373938
A1_boundary_075,T0_standard,0.75,1.0,1.0,106,0,0,1,0.7581298546935175,0.7130307766823385,0.6065573193210685,99.17365269461078,101,1.456544306930693,0.7581298546935175,0.09029760993403363,0.15157253537244902
A1_boundary_075,T0_standard,0.75,1.0,1.0,118,0,0,1,0.8055506896555238,0.6083738767735309,0.6660417036684667,26.45,27,0.771531037037037,0.8055506896555238,0.05494032435741917,0.13950898598705713
A1_boundary_075,T0_standard,0.75,1.0,1.0,119,0,0,1,0.9235450498475748,0.32131066568129474,0.8772663924660122,95.20754716981132,97,1.3621651546391753,0.9235450498475748,0.030176292770862652,0.046278657381562505
A1_boundary_075,T0_standard,0.75,1.0,1.0,120,0,0,1,0.9210691197063821,0.32171125402535494,0.8629779307043556,75.57142857142857,77,1.3922861558441562,0.9210691197063821,0.020839691291591453,0.058091189002026485
A1_boundary_075,T0_standard,0.75,1.0,1.0,123,0,0,1,0.8920111662877827,0.41680501945827386,0.8337540627899682,19.898395721925134,20,0.5155320999999999,0.8920111662877827,0.04973173021440299,0.058257103497814405
A1_boundary_075,T0_standard,0.75,1.0,1.0,124,0,0,1,0.9305882218332585,0.30016345375092396,0.8943938312268425,46.049180327868854,47,0.8481854893617022,0.9305882218332585,0.033217387560325454,0.0361943906064161
A1_boundary_075,T0_standard,0.75,1.0,1.0,129,0,0,1,0.843094756345835,0.5393788537051077,0.7472634313049167,62.746928746928745,64,1.315091625,0.843094756345835,0.061073918613246715,0.09583132504091832
A1_boundary_075,T0_standard,0.75,1.0,1.0,130,0,0,1,0.8359348750168981,0.5583195991073606,0.741937363862831,73.56965944272446,75,1.3049385733333334,0.8359348750168981,0.07006761382903473,0.09399751115406711
A1_boundary_075,T0_standard,0.75,1.0,1.0,134,1,1,1,0.9817365638991095,0.1037585829451994,0.9716398163215901,23.58139534883721,24,0.7835483333333334,0.008166688523371154,0.9817365638991095,0.010096747577519282
A1_boundary_075,T0_standard,0.75,1.0,1.0,136,1,1,1,0.9596175473310018,0.18594070046067052,0.9251285037361199,100.27826086956522,102,1.6543439509803923,0.0058934090741163715,0.9596175473310018,0.03448904359488186
A1_boundary_075,T0_standard,0.75,1.0,1.0,138,1,1,1,0.653689727006904,0.6842407878486502,0.3156634097580571,7.0,7,0.46868471428571423,0.008283955744249104,0.653689727006904,0.33802631724884685
A1_boundary_075,T0_standard,0.75,1.0,1.0,140,1,0,0,0.6353361793436552,0.8752771065756322,0.3760236657329903,11.0,11,0.4528042727272727,0.6353361793436552,0.2593125136106649,0.10535130704567999
A1_boundary_075,T0_standard,0.75,1.0,1.0,145,1,1,1,0.9554332302496504,0.20292490197991883,0.9187061670909935,89.35548172757476,91,1.4519752857142858,0.007839706591692582,0.9554332302496504,0.03672706315865697
A1_boundary_075,T0_standard,0.75,1.0,1.0,149,2,2,1,0.858862466326921,0.5002274905093231,0.7703277099881878,13.902255639097744,14,0.40021921428571433,0.052602777334345936,0.08853475633873316,0.858862466326921
A1_boundary_075,T0_standard,0.75,1.0,1.0,150,2,2,1,0.9115381451073074,0.34490170968918943,0.8420124897530425,8.0,8,0.35506275,0.018936199538427803,0.06952565535426486,0.9115381451073074
A1_boundary_075,T0_standard,0.75,1.0,1.0,151,2,2,1,0.9598811269450339,0.19602149024426,0.9383467888117076,10.84070796460177,11,0.5133822727272727,0.021534338133326295,0.01858453492163976,0.9598811269450339
A1_boundary_075,T0_standard,0.75,1.0,1.0,152,2,2,1,0.9234689132886003,0.3224438831111885,0.879619787406153,5.0,5,0.2464702,0.04384912588244722,0.03268196082895245,0.9234689132886003
A1_boundary_075,T0_standard,0.75,1.0,1.0,160,2,2,1,0.9843511153050997,0.08937287342144205,0.972604617588235,12.83206106870229,13,0.5016772307692308,0.003902386978035701,0.01174649771686461,0.9843511153050997
A1_boundary_075,T0_standard,0.75,1.0,1.0,168,1,1,1,0.9337980561647844,0.28311722925828003,0.8863039787531778,13.0,13,0.4162788461538462,0.018707866423608843,0.9337980561647844,0.04749407741160664
A1_boundary_075,T0_standard,0.75,1.0,1.0,169,2,2,1,0.9575225740955218,0.2051684437695785,0.935742086491137,10.90566037735849,11,0.44178781818181817,0.020696938300093472,0.02178048760438482,0.9575225740955218
A1_boundary_075,T0_standard,0.75,1.0,1.0,174,2,2,1,0.7576377232158555,0.6826771250150596,0.5695413821396585,5.0,5,0.3432982,0.188096341076197,0.054265935707947514,0.7576377232158555
A1_boundary_075,T0_standard,0.75,1.0,1.0,176,2,2,1,0.7054642312790483,0.6256764233918322,0.4145465286775681,29.389830508474578,30,0.8189938999999999,0.003618066119471284,0.29091770260148025,0.7054642312790483
A1_boundary_075,T0_standard,0.75,1.0,1.0,178,2,2,1,0.9352170446481375,0.25028301524035895,0.8728613393108849,31.34715025906736,32,0.95442090625,0.0024272500146099514,0.062355705337252584,0.9352170446481375
A1_boundary_075,T0_standard,0.75,1.0,1.0,184,2,2,1,0.9003075805577962,0.3742092466633393,0.8204933465995731,14.76923076923077,15,0.7859551333333333,0.07981423395822317,0.019878185483980564,0.9003075805577962
A1_boundary_075,T0_standard,0.75,1.0,1.0,186,1,0,0,0.8155632045412754,0.5837507314570684,0.6790828456937358,14.76923076923077,15,0.6404765999999998,0.8155632045412754,0.04795643661118509,0.13648035884753962
A1_boundary_075,T0_standard,0.75,1.0,1.0,187,2,2,1,0.6411921453522669,0.7838014052008864,0.325149014201058,13.902255639097744,14,0.5083184285714285,0.31604313115120886,0.04276472349652423,0.6411921453522669
A1_boundary_075,T0_standard,0.75,1.0,1.0,194,2,2,1,0.9446630417670966,0.226539281216008,0.8926609316774569,11.836065573770492,12,0.537488,0.0033348481432635786,0.05200211008963976,0.9446630417670966
A1_boundary_075,T0_standard,0.75,1.0,1.0,198,1,1,1,0.616506981456815,0.8153955576388199,0.28364535980682765,14.76923076923077,15,0.7177088000000001,0.3328616216499874,0.616506981456815,0.050631396893197775
A1_boundary_075,T0_standard,0.75,1.0,1.0,200,2,2,1,0.9481936847253621,0.23522730771005657,0.9116741143289115,5.0,5,0.2278204,0.03651957039645063,0.015286744878187184,0.9481936847253621
A1_boundary_075,T0_standard,0.75,1.0,1.0,202,2,2,1,0.8603491992461302,0.4463975909905772,0.733188794433179,21.68141592920354,22,0.5913674545454545,0.012490395940918612,0.1271604048129512,0.8603491992461302
A1_boundary_075,T0_standard,0.75,1.0,1.0,205,1,1,1,0.8559703916058986,0.4264018565325526,0.71483933212675,54.88,56,1.062304125,0.0028985489149528443,0.8559703916058986,0.14113105947914864
A1_boundary_075,T0_standard,0.75,1.0,1.0,206,2,2,1,0.8906263593658428,0.3814334710328737,0.7924991084587446,21.6,22,0.6087270454545455,0.011246389727059186,0.09812725090709817,0.8906263593658428
A1_boundary_075,T0_standard,0.75,1.0,1.0,212,2,2,1,0.9512279413883525,0.22866689261811335,0.926093532561126,25.473684210526315,26,0.8470876538461538,0.025134408827226545,0.023637649784420883,0.9512279413883525
A1_boundary_075,T0_standard,0.75,1.0,1.0,214,2,2,1,0.9424763292558592,0.25099203014405325,0.898077736560685,45.061371841155236,46,1.0707565,0.01312507804896661,0.0443985926951742,0.9424763292558592
A1_boundary_075,T0_standard,0.75,1.0,1.0,222,2,2,1,0.9430191169382025,0.2554707864032014,0.9059823487515536,4.0,4,0.5312697500000001,0.01994411487514857,0.037036768186648875,0.9430191169382025
A1_boundary_075,T0_standard,0.75,1.0,1.0,229,1,1,1,0.801218084897949,0.5126573694216047,0.6050569778590404,20.897959183673468,21,0.46933819047619046,0.0026208080631425035,0.801218084897949,0.1961611070389085
A1_boundary_075,T0_standard,0.75,1.0,1.0,231,2,2,1,0.9653976719252988,0.16259749127399886,0.9347047563039196,5.0,5,0.4425108,0.003909412453322029,0.03069291562137922,0.9653976719252988
A1_boundary_075,T0_standard,0.75,1.0,1.0,233,2,2,1,0.5896878974367551,0.7323552716140257,0.19171306910983488,65.67924528301887,67,1.22872771641791,0.012337274236324603,0.3979748283269202,0.5896878974367551
A1_boundary_075,T0_standard,0.75,1.0,1.0,235,2,2,1,0.9435284255232412,0.2444340609017348,0.8976696198470945,24.66798418972332,25,0.58303204,0.010612768800612127,0.04585880567614672,0.9435284255232412
A1_boundary_075,T0_standard,0.75,1.0,1.0,239,2,2,1,0.8501089334106633,0.5255944072788554,0.7673205012271237,17.705263157894738,18,0.5865500555555556,0.08278843218353955,0.06710263440579721,0.8501089334106633
A1_boundary_075,T0_standard,0.75,1.0,1.0,242,2,2,1,0.7075258512775251,0.6893744489850736,0.43989795074366345,14.825503355704697,15,0.6072851333333332,0.26762790053386165,0.024846248188613272,0.7075258512775251
A1_boundary_075,T0_standard,0.75,1.0,1.0,244,2,2,1,0.9497526867569254,0.23134631841667758,0.9164301577404729,106.09368494101318,108,1.5329172870370373,0.016924784226622188,0.03332252901645254,0.9497526867569254
A1_boundary_075,T0_standard,0.75,1.0,1.0,245,2,2,1,0.9648815637573919,0.17611336413270107,0.9448973302514619,12.782608695652174,13,0.5391935384615386,0.01998423350592996,0.01513420273667815,0.9648815637573919
A1_boundary_075,T0_standard,0.75,1.0,1.0,249,0,0,1,0.6168711332781198,0.9139575044003301,0.36836806107649217,31.35483870967742,32,0.737368,0.6168711332781198,0.13462579452025242,0.24850307220162765
A1_boundary_075,T0_standard,0.75,1.0,1.0,253,0,0,1,0.8059089274627537,0.5990598528530385,0.658398998850814,92.281098546042,94,1.2869785319148936,0.8059089274627537,0.04658114392530668,0.1475099286119397
A1_boundary_075,T0_standard,0.75,1.0,1.0,259,1,0,0,0.5276859047769199,0.9916963522062365,0.2120183042194475,10.0,10,0.49205679999999996,0.5276859047769199,0.15664649466560773,0.3156676005574724
A1_boundary_075,T0_standard,0.75,1.0,1.0,260,1,1,1,0.7975437075286823,0.5247949459713217,0.5994368208461891,11.904347826086957,12,0.5609836666666668,0.004349405788824352,0.7975437075286823,0.19810688668249327
A1_boundary_075,T0_standard,0.75,1.0,1.0,269,1,1,1,0.9576289442187066,0.1869193792528945,0.9185257223284864,11.0,11,0.3788078181818182,0.003267833891073213,0.9576289442187066,0.03910322189022017
A1_boundary_075,T0_standard,0.75,1.0,1.0,270,1,1,1,0.9916737348871163,0.05236599648735484,0.9850410847535078,7.0,7,0.36814757142857146,0.0016936149792751503,0.9916737348871163,0.006632650133608465
A1_boundary_075,T0_standard,0.75,1.0,1.0,271,2,2,1,0.4711547055272147,1.0036488059216135,0.08890001743747727,4.0,4,0.6352672500000001,0.38225468808973745,0.14659060638304783,0.4711547055272147
A1_boundary_075,T0_standard,0.75,1.0,1.0,276,1,2,0,0.6568103096235202,0.6897890619044605,0.32403688146447346,8.0,8,0.425745125,0.010416262217433182,0.3327734281590467,0.6568103096235202
A1_boundary_075,T0_standard,0.75,1.0,1.0,278,1,1,1,0.9537085219484029,0.19678997928171293,0.9097837824389505,9.907216494845361,10,0.49930959999999996,0.0023667385421448383,0.9537085219484029,0.04392473950945236
A1_boundary_075,T0_standard,0.75,1.0,1.0,290,2,2,1,0.9233266823184673,0.3019400520709827,0.8575658739622417,10.8,11,0.6727623636363637,0.010912509325307266,0.06576080835622554,0.9233266823184673
A1_boundary_075,T0_standard,0.75,1.0,1.0,293,2,2,1,0.9615507932590406,0.1797457338370301,0.9291675602175427,17.67005076142132,18,0.6691911666666666,0.006065973699461516,0.03238323304149795,0.9615507932590406
A1_boundary_075,T0_standard,0.75,1.0,1.0,297,2,2,1,0.729522874949218,0.7686424069280551,0.5756677055172088,9.907216494845361,10,0.4448850999999999,0.1538551694320091,0.11662195561877287,0.729522874949218
A1_boundary_075,T0_standard,0.75,1.0,1.0,298,2,2,1,0.8392509746072111,0.5458095077570722,0.7361353547667974,15.720930232558139,16,0.6169322500000001,0.057633405552375255,0.10311561984041376,0.8392509746072111
A1_boundary_075,T0_standard,0.75,1.0,1.0,299,1,1,1,0.8468448406627037,0.44095911029529733,0.6962015237789754,16.712707182320443,17,0.6325850000000001,0.002511842453567776,0.8468448406627037,0.1506433168837284
A1_boundary_075,T0_standard,0.75,1.0,1.0,304,1,1,1,0.99194751743782,0.052422677387879354,0.9877644512969652,21.6,22,0.6175126818181818,0.004183066140854707,0.99194751743782,0.0038694164213253727
A1_boundary_075,T0_standard,0.75,1.0,1.0,308,2,2,1,0.8884010802784054,0.40082980696889464,0.7958422677441388,20.58823529411765,21,0.744395857142857,0.019040107187327977,0.09255881253426657,0.8884010802784054
A1_boundary_075,T0_standard,0.75,1.0,1.0,311,1,1,1,0.6665744725171656,0.6674578447136594,0.33935691403369245,24.615384615384617,25,0.62898604,0.006207968999361401,0.6665744725171656,0.32721755848347317
A1_boundary_075,T0_standard,0.75,1.0,1.0,314,1,1,1,0.9612665677434289,0.17256481688675657,0.9248121581941775,9.0,9,0.4122361111111112,0.0022790227073197227,0.9612665677434289,0.03645440954925137
A1_boundary_075,T0_standard,0.75,1.0,1.0,321,2,2,1,0.9667629991011023,0.16086901405698276,0.9391113003080894,4.0,4,0.34794725,0.005585302105884775,0.02765169879301293,0.9667629991011023
A1_boundary_075,T0_standard,0.75,1.0,1.0,322,1,1,1,0.8116620544377874,0.5023502029186137,0.6271118871344107,12.782608695652174,13,0.5984578461538462,0.0037877782588358936,0.8116620544377874,0.1845501673033767
A1_boundary_075,T0_standard,0.75,1.0,1.0,324,1,2,0,0.7567246945405968,0.5793249587647566,0.5184822665018793,7.0,7,0.3544742857142857,0.005032877420685849,0.23824242803871737,0.7567246945405968
A1_boundary_075,T0_standard,0.75,1.0,1.0,326,2,2,1,0.9652967494105684,0.171861824867151,0.9409269819824249,7.0,7,0.42478699999999997,0.010333483161287887,0.024369767428143566,0.9652967494105684
A1_boundary_075,T0_standard,0.75,1.0,1.0,327,1,1,1,0.9106648615664137,0.3087951065090878,0.8228742366299743,9.0,9,0.38338188888888886,0.0015445134971468722,0.9106648615664137,0.08779062493643937
A1_boundary_075,T0_standard,0.75,1.0,1.0,329,1,1,1,0.9182677592432268,0.31428270517907614,0.847015387224702,6.0,6,0.44581633333333337,0.07125237201852473,0.9182677592432268,0.010479868738248495
A1_boundary_075,T0_standard,0.75,1.0,1.0,331,1,1,1,0.6205933794131476,0.6858334449911255,0.2451586982447711,7.0,7,0.4697390000000001,0.003971939418475793,0.6205933794131476,0.3754346811683765
A1_boundary_075,T0_standard,0.75,1.0,1.0,332,2,2,1,0.6907462794445363,0.8318398904446314,0.5235633667166514,17.67005076142132,18,0.71271,0.14207080782757883,0.1671829127278849,0.6907462794445363
A1_boundary_075,T0_standard,0.75,1.0,1.0,334,1,1,1,0.9137049052554614,0.306752429377884,0.8303637515955179,16.712707182320443,17,0.6182341764705882,0.002953941084595053,0.9137049052554614,0.0833411536599435
A1_boundary_075,T0_standard,0.75,1.0,1.0,338,1,0,0,0.87582263881563,0.46062835984981093,0.8075792334342625,160.68425643262103,163,1.9818752024539878,0.87582263881563,0.0682434053813675,0.0559339558030024
A1_boundary_075,T0_standard,0.75,1.0,1.0,339,1,0,0,0.7644532148008489,0.7082564393554358,0.6363661129912537,59.75609756097561,61,0.9155766885245903,0.7644532148008489,0.10745968338955587,0.1280871018095952
A1_boundary_075,T0_standard,0.75,1.0,1.0,340,0,0,1,0.8294026191990487,0.5537083326516867,0.7023238768184826,76.58680892337536,78,1.3844180128205126,0.8294026191990487,0.12707874238056602,0.043518638420385336
A1_boundary_075,T0_standard,0.75,1.0,1.0,347,0,0,1,0.777691118487664,0.6577167184252151,0.6136692716740805,14.0,14,0.44679828571428576,0.777691118487664,0.0582870346987524,0.16402184681358353
A1_boundary_075,T0_standard,0.75,1.0,1.0,360,2,2,1,0.866557377138581,0.41141472812149693,0.7372787532503734,11.836065573770492,12,0.5786047499999999,0.004163998973211246,0.12927862388820768,0.866557377138581
A1_boundary_075,T0_standard,0.75,1.0,1.0,361,2,2,1,0.7870528582300924,0.645671685482949,0.6354270810998279,9.907216494845361,10,0.5130506,0.06132136463964303,0.1516257771302645,0.7870528582300924
A1_boundary_075,T0_standard,0.75,1.0,1.0,362,2,2,1,0.7815724085495354,0.6319920782364711,0.6052546451114682,10.90566037735849,11,0.5684201818181817,0.042109828012397356,0.17631776343806715,0.7815724085495354
A1_boundary_075,T0_standard,0.75,1.0,1.0,366,0,0,1,0.8407872725038157,0.4866684768779642,0.6959636175078094,6.0,6,0.3645646666666667,0.8407872725038157,0.014389072500178028,0.14482365499600625
A1_boundary_075,T0_standard,0.75,1.0,1.0,374,0,0,1,0.9508613557966653,0.2295127536438943,0.9227283023670314,17.75409836065574,18,0.5402341666666667,0.9508613557966653,0.028133053429633875,0.02100559077370078
A1_boundary_075,T0_standard,0.75,1.0,1.0,376,0,0,1,0.9309754759457113,0.2984174227894067,0.8921714509838248,17.75409836065574,18,0.5590460555555555,0.9309754759457113,0.03880402496188649,0.03022049909240221
A1_boundary_075,T0_standard,0.75,1.0,1.0,378,0,0,1,0.9149477259236337,0.3486884003372132,0.865283162481426,15.900662251655628,16,0.487147875,0.9149477259236337,0.03538771063415859,0.0496645634422077
A1_boundary_075,T0_standard,0.75,1.0,1.0,380,0,0,1,0.9265164642872483,0.31260804682283866,0.8840844201718758,18.75,19,0.48924563157894735,0.9265164642872483,0.04243204411537245,0.031051491597379174
A1_boundary_075,T0_standard,0.75,1.0,1.0,387,0,0,1,0.8473523292733529,0.5099056258464869,0.7300728338448461,43.12,44,1.1116842272727274,0.8473523292733529,0.035368175298140195,0.11727949542850682
A1_boundary_075,T0_standard,0.75,1.0,1.0,388,0,0,1,0.8079829686835646,0.6168638661033103,0.6893817526588701,22.5625,23,0.6896618260869564,0.8079829686835646,0.07341581529174109,0.11860121602469442
A1_boundary_075,T0_standard,0.75,1.0,1.0,389,0,0,1,0.9298509478132216,0.3015108486561924,0.8884782333790079,23.529411764705884,24,0.8380092500000001,0.9298509478132216,0.041372714434213725,0.028776337752564597
A1_boundary_075,T0_standard,0.75,1.0,1.0,391,0,0,1,0.9348272586856373,0.28416587892312106,0.8942536601979503,33.306930693069305,34,0.927025911764706,0.9348272586856373,0.040573598487687074,0.024599142826675535
A1_boundary_075,T0_standard,0.75,1.0,1.0,400,0,0,1,0.9523447547993553,0.22451281748354018,0.9272095933163572,14.76923076923077,15,0.5019540666666668,0.9523447547993553,0.025135161482998068,0.022520083717646692
A1_boundary_075,T0_standard,0.75,1.0,1.0,403,0,0,1,0.9222394734363828,0.3231855631688581,0.8710279154048982,12.83206106870229,13,0.619328,0.9222394734363828,0.02654896853213274,0.051211558031484576
A1_boundary_075,T0_standard,0.75,1.0,1.0,405,0,0,1,0.8548834105215429,0.48810115182876773,0.7397719627850942,46.065989847715734,47,1.081583680851064,0.8548834105215429,0.030005141742008228,0.11511144773644878
A1_boundary_075,T0_standard,0.75,1.0,1.0,411,2,2,1,0.9454040232959279,0.24587887299674818,0.9080465359762876,3.0,3,0.201223,0.017238489384431947,0.03735748731964023,0.9454040232959279
A1_boundary_075,T0_standard,0.75,1.0,1.0,413,0,0,1,0.9227741278159793,0.32541053935283865,0.8826456154857059,81.3587786259542,83,1.1146613373493979,0.9227741278159793,0.04012851233027348,0.03709735985374727
A1_boundary_075,T0_standard,0.75,1.0,1.0,421,0,0,1,0.8761131103135364,0.4586340117040033,0.803530866890225,58.80786026200873,60,0.8280121,0.8761131103135364,0.0513046462631522,0.07258224342331142
A1_boundary_075,T0_standard,0.75,1.0,1.0,422,0,0,1,0.9380647856854446,0.27332524435470607,0.8995370597473711,70.54176072234763,72,0.9631183333333332,0.9380647856854446,0.023407488376481853,0.03852772593807356
A1_boundary_075,T0_standard,0.75,1.0,1.0,426,0,0,1,0.9436461777767273,0.25105041768089736,0.9039780001755617,38.20754716981132,39,1.0525164615384617,0.9436461777767273,0.03966817760116559,0.016685644622107105
A1_boundary_075,T0_standard,0.75,1.0,1.0,429,0,0,1,0.8946094777700638,0.4074537724996988,0.8307912249183635,64.76279069767442,66,1.4506720606060608,0.8946094777700638,0.04157226937823593,0.06381825285170034
A1_boundary_075,T0_standard,0.75,1.0,1.0,430,0,0,1,0.8908615272742854,0.41844348732737974,0.8260975387843477,68.70338058887677,70,1.3141251428571425,0.8908615272742854,0.04437448423577702,0.06476398848993767
A1_boundary_075,T0_standard,0.75,1.0,1.0,432,0,0,1,0.859881257230101,0.5017584781069948,0.7836556962311063,97.2412746585736,99,1.6191042626262624,0.859881257230101,0.06389318177090433,0.07622556099899472
A1_boundary_075,T0_standard,0.75,1.0,1.0,433,0,0,1,0.8772008634244912,0.4572864751742067,0.8115353977766543,64.70679380214541,66,1.1340002424242426,0.8772008634244912,0.06566546564783696,0.057133670927671916
A1_boundary_075,T0_standard,0.75,1.0,1.0,438,0,0,1,0.9450624589506954,0.2508548426419401,0.9166936654326702,157.656836461126,160,2.0565121187499997,0.9450624589506954,0.028368793518025247,0.026568747531279316
A1_boundary_075,T0_standard,0.75,1.0,1.0,439,0,0,1,0.9373797805606167,0.2774872021690153,0.905024103155747,141.7255297679112,144,1.8719137986111112,0.9373797805606167,0.03026454203451367,0.03235567740486969
A1_boundary_075,T0_standard,0.75,1.0,1.0,452,1,1,1,0.9315565442234542,0.26285531298402676,0.8664252944955572,15.763636363636364,16,0.5164338125,0.003312206048648636,0.9315565442234542,0.06513124972789712
A2_boundary_050,T0_standard,0.5,1.0,1.0,1,1,1,1,0.979405901531733,0.11352140495335354,0.9657801163351508,177.35111876075732,191,1.7893955968586386,0.013625785196582155,0.979405901531733,0.006968313271684951
A2_boundary_050,T0_standard,0.5,1.0,1.0,2,0,1,0,0.42725095236489635,1.0365646107227866,0.03136988695935328,25.861538461538462,29,0.9194155862068966,0.3958810654055431,0.42725095236489635,0.17686798222956052
A2_boundary_050,T0_standard,0.5,1.0,1.0,7,0,0,1,0.6674411715698271,0.8496176934808989,0.44865033787015723,63.391304347826086,70,1.2559205428571434,0.6674411715698271,0.11376799473050306,0.21879083369966984
A2_boundary_050,T0_standard,0.5,1.0,1.0,8,0,0,1,0.9161788733348233,0.3459007365173797,0.8713473132590406,62.70967741935484,69,1.4160222753623186,0.9161788733348233,0.04483156007578272,0.03898956658939404
A2_boundary_050,T0_standard,0.5,1.0,1.0,9,0,0,1,0.8248304640399194,0.585116112376052,0.7321953209130034,88.81751824817518,97,1.6381157731958764,0.8248304640399194,0.08253439283316451,0.09263514312691606
A2_boundary_050,T0_standard,0.5,1.0,1.0,12,0,0,1,0.9245635876411126,0.3197197478192326,0.8854960262766512,58.68862275449102,65,1.1779163384615385,0.9245635876411126,0.03636885099442603,0.039067561364461316
A2_boundary_050,T0_standard,0.5,1.0,1.0,15,1,1,1,0.9903490232550685,0.061020974835696754,0.984985662456764,33.98876404494382,38,1.0010864210526318,0.004287615946627229,0.9903490232550685,0.0053633607983045
A2_boundary_050,T0_standard,0.5,1.0,1.0,18,1,0,0,0.9344816997054023,0.27644279984419357,0.8834026659916069,87.36015325670498,96,1.3256457604166665,0.9344816997054023,0.051079033713795456,0.014439266580802136
A2_boundary_050,T0_standard,0.5,1.0,1.0,22,1,1,1,0.9883629148820448,0.07097748999980139,0.9808775084949293,16.941176470588236,19,0.8067329999999999,0.004151678730839882,0.9883629148820448,0.007485406387115435
A2_boundary_050,T0_standard,0.5,1.0,1.0,28,1,1,1,0.9396470334174373,0.2529503561848448,0.8880623922303842,18.77777777777778,21,0.7458260476190477,0.008768325395509586,0.9396470334174373,0.05158464118705309
A2_boundary_050,T0_standard,0.5,1.0,1.0,29,1,1,1,0.8344697376049921,0.4919413979533568,0.6810057454234011,12.25,13,0.504573923076923,0.01206627021341682,0.8344697376049921,0.15346399218159099
A2_boundary_050,T0_standard,0.5,1.0,1.0,32,0,2,0,0.5489752534330975,0.9223005543103472,0.19430268598615952,106.62985074626866,116,1.5386575431034482,0.354672567446938,0.09635217911996456,0.5489752534330975
A2_boundary_050,T0_standard,0.5,1.0,1.0,35,0,0,1,0.5326370560461174,1.0146689891952343,0.29061679583416733,30.223880597014926,34,0.681779294117647,0.5326370560461174,0.24202026021195008,0.22534268374193245
A2_boundary_050,T0_standard,0.5,1.0,1.0,37,0,0,1,0.9199809391239344,0.3342285417309661,0.8785240893602404,170.06398537477148,184,1.7882877282608698,0.9199809391239344,0.03856221111237158,0.04145684976369398
A2_boundary_050,T0_standard,0.5,1.0,1.0,38,0,0,1,0.8454503844158463,0.531137626146015,0.7459083076228593,33.04705882352941,37,0.9075333243243243,0.8454503844158463,0.055007538791166634,0.09954207679298702
A2_boundary_050,T0_standard,0.5,1.0,1.0,39,0,0,1,0.882929958956302,0.4361436221698327,0.8057411791047772,29.38888888888889,33,0.8299917878787879,0.882929958956302,0.07718877985152486,0.039881261192173265
A2_boundary_050,T0_standard,0.5,1.0,1.0,41,0,0,1,0.904298325482528,0.38185371904758714,0.8555661142861898,63.83937823834197,70,1.2843535142857143,0.904298325482528,0.048732211196338186,0.046969463321133935
A2_boundary_050,T0_standard,0.5,1.0,1.0,44,0,0,1,0.9108646391002999,0.3594631637522016,0.8550803220041732,22.72972972972973,25,0.5948057999999999,0.9108646391002999,0.05578431709612674,0.033351043803573344
A2_boundary_050,T0_standard,0.5,1.0,1.0,49,1,0,0,0.5621210429633114,0.9889105111998746,0.3414811743094077,16.0,16,0.37066231250000004,0.5621210429633114,0.21723908838278488,0.2206398686539037
A2_boundary_050,T0_standard,0.5,1.0,1.0,51,0,0,1,0.6008683193462327,0.8539856109750823,0.2691919323771409,16.666666666666668,18,0.5287885,0.6008683193462327,0.06745529368467534,0.33167638696909185
A2_boundary_050,T0_standard,0.5,1.0,1.0,55,0,0,1,0.8915920790320737,0.4008778931998893,0.8074992514195221,34.90909090909091,39,0.6499513846153847,0.8915920790320737,0.08409282761255164,0.02431509335537471
A2_boundary_050,T0_standard,0.5,1.0,1.0,60,0,0,1,0.9396338052218853,0.2652352432680372,0.8978427769581533,46.09090909090909,51,1.224436588235294,0.9396338052218853,0.04179102826373205,0.018575166514382725
A2_boundary_050,T0_standard,0.5,1.0,1.0,61,0,0,1,0.8823493708287202,0.4364590635377877,0.803007930009351,29.453333333333333,33,0.9699814242424242,0.8823493708287202,0.03830918835191076,0.07934144081936918
A2_boundary_050,T0_standard,0.5,1.0,1.0,71,2,2,1,0.9502320254562224,0.2231445327718203,0.9107167175605558,12.8,14,0.6911514999999999,0.039515307895666554,0.010252666648111036,0.9502320254562224
A2_boundary_050,T0_standard,0.5,1.0,1.0,75,0,1,0,0.7345239283473951,0.7011911764248416,0.5151049503156796,16.941176470588236,19,0.7114136315789473,0.0460570936208894,0.7345239283473951,0.2194189780317155
A2_boundary_050,T0_standard,0.5,1.0,1.0,77,0,0,1,0.6815528385223063,0.7866618491721588,0.4279710498214454,9.0,9,0.3371106666666667,0.6815528385223063,0.06486537277683288,0.2535817887008609
A2_boundary_050,T0_standard,0.5,1.0,1.0,84,2,2,1,0.6317167375098419,0.693099056949734,0.27053247815594744,8.0,8,0.40794074999999996,0.007099003136263551,0.3611842593538945,0.6317167375098419
A2_boundary_050,T0_standard,0.5,1.0,1.0,85,2,0,0,0.4586608876391348,0.9578486051947338,0.02361198799336861,9.0,10,0.6327266,0.4586608876391348,0.10629021271509884,0.4350488996457662
A2_boundary_050,T0_standard,0.5,1.0,1.0,86,0,2,0,0.9433088149378762,0.2421148590914832,0.8953461593607023,12.8,14,0.5406887857142857,0.008728529484949876,0.04796265557717389,0.9433088149378762
A2_boundary_050,T0_standard,0.5,1.0,1.0,87,0,2,0,0.6205472048469999,0.7881023047707669,0.27947469947940856,7.0,7,0.5237958571428571,0.3410725053675913,0.03838028978540884,0.6205472048469999
A2_boundary_050,T0_standard,0.5,1.0,1.0,88,0,0,1,0.5109852971858718,0.8346052519705685,0.06332118626744077,8.0,8,0.40546887499999995,0.5109852971858718,0.04135059189569711,0.44766411091843106
A2_boundary_050,T0_standard,0.5,1.0,1.0,89,0,2,0,0.5566062808681627,0.8195904823774648,0.15256753075835938,7.0,7,0.3756504285714285,0.4040387501098033,0.039354969022034045,0.5566062808681627
A2_boundary_050,T0_standard,0.5,1.0,1.0,90,0,0,1,0.5446218120433388,0.9875009212935881,0.2545667520317677,8.333333333333334,9,0.6029300000000001,0.5446218120433388,0.16532312794509005,0.2900550600115711
A2_boundary_050,T0_standard,0.5,1.0,1.0,93,0,0,1,0.6609009518518968,0.8417269723279581,0.4169840523995446,9.941176470588236,11,0.3752034545454545,0.6609009518518968,0.09518214869575106,0.24391689945235218
A2_boundary_050,T0_standard,0.5,1.0,1.0,98,0,0,1,0.762874381713542,0.6677562915694243,0.5741598437034399,17.0,17,0.4362414705882353,0.762874381713542,0.0484110802763558,0.18871453801010216
A2_boundary_050,T0_standard,0.5,1.0,1.0,101,0,0,1,0.8511719266061805,0.5166190866076072,0.753781505011543,13.0,13,0.519376153846154,0.8511719266061805,0.05143765179918223,0.09739042159463747
A2_boundary_050,T0_standard,0.5,1.0,1.0,102,0,0,1,0.9337698448274871,0.2895398946219542,0.8984728805037477,12.0,12,0.54038,0.9337698448274871,0.03093319084877359,0.03529696432373938
A2_boundary_050,T0_standard,0.5,1.0,1.0,106,0,0,1,0.7649141361262642,0.7034450474038509,0.6235698285048756,92.40845070422536,101,1.456544306930693,0.7649141361262642,0.09374155625234736,0.14134430762138858
A2_boundary_050,T0_standard,0.5,1.0,1.0,118,0,0,1,0.8305261814461233,0.5587886065633673,0.7121459960727184,24.066666666666666,27,0.771531037037037,0.8305261814461233,0.05109363318047167,0.11838018537340489
A2_boundary_050,T0_standard,0.5,1.0,1.0,119,0,0,1,0.9285219067042043,0.3061210019758955,0.8872197510887042,88.49253731343283,97,1.3621651546391753,0.9285219067042043,0.030175937680295587,0.041302155615500054
A2_boundary_050,T0_standard,0.5,1.0,1.0,120,0,0,1,0.926018022491899,0.30731290837607106,0.8723601016202228,70.20754716981132,77,1.3922861558441562,0.926018022491899,0.020324056636424795,0.05365792087167618
A2_boundary_050,T0_standard,0.5,1.0,1.0,123,0,0,1,0.8925305443835992,0.4153594226733557,0.8346226553700316,19.17391304347826,20,0.5155320999999999,0.8925305443835992,0.04956156660283306,0.05790788901356769
A2_boundary_050,T0_standard,0.5,1.0,1.0,124,0,0,1,0.9353229197203781,0.28447187722324535,0.9025385860855403,41.83168316831683,47,0.8481854893617022,0.9353229197203781,0.031892746644784135,0.03278433363483781
A2_boundary_050,T0_standard,0.5,1.0,1.0,129,0,0,1,0.8573546436186653,0.5057670342183075,0.7718376020390819,57.855421686746986,64,1.315091625,0.8573546436186653,0.05712831480175134,0.08551704157958342
A2_boundary_050,T0_standard,0.5,1.0,1.0,130,0,0,1,0.8472834549054555,0.5318036932954929,0.760442085253819,68.1044776119403,75,1.3049385733333334,0.8472834549054555,0.06587517544290798,0.08684136965163655
A2_boundary_050,T0_standard,0.5,1.0,1.0,134,1,1,1,0.9831014996148493,0.0972735115368035,0.9735304147035421,21.428571428571427,24,0.7835483333333334,0.007327415473843415,0.9831014996148493,0.009571084911307226
A2_boundary_050,T0_standard,0.5,1.0,1.0,136,1,1,1,0.963367787466922,0.17187898881121225,0.931839318822918,94.08,102,1.6543439509803923,0.005103743889074002,0.963367787466922,0.031528468644003965
A2_boundary_050,T0_standard,0.5,1.0,1.0,138,1,1,1,0.653689727006904,0.6842407878486502,0.3156634097580571,7.0,7,0.46868471428571423,0.008283955744249104,0.653689727006904,0.33802631724884685
A2_boundary_050,T0_standard,0.5,1.0,1.0,140,1,0,0,0.6353361793436552,0.8752771065756322,0.3760236657329903,11.0,11,0.4528042727272727,0.6353361793436552,0.2593125136106649,0.10535130704567999
A2_boundary_050,T0_standard,0.5,1.0,1.0,145,1,1,1,0.9643178001484031,0.1717468625002079,0.9357153039374169,83.265625,91,1.4519752857142858,0.007079703640610774,0.9643178001484031,0.02860249621098619
A2_boundary_050,T0_standard,0.5,1.0,1.0,149,2,2,1,0.864542060708685,0.4860699740807376,0.7795401185896363,13.235294117647058,14,0.40021921428571433,0.05045599717226631,0.08500194211904863,0.864542060708685
A2_boundary_050,T0_standard,0.5,1.0,1.0,150,2,2,1,0.9115381451073074,0.34490170968918943,0.8420124897530425,8.0,8,0.35506275,0.018936199538427803,0.06952565535426486,0.9115381451073074
A2_boundary_050,T0_standard,0.5,1.0,1.0,151,2,2,1,0.9619374066929439,0.18799279573475888,0.9413492662517561,9.941176470588236,11,0.5133822727272727,0.020588140441187803,0.0174744528658682,0.9619374066929439
A2_boundary_050,T0_standard,0.5,1.0,1.0,152,2,2,1,0.9234689132886003,0.3224438831111885,0.879619787406153,5.0,5,0.2464702,0.04384912588244722,0.03268196082895245,0.9234689132886003
A2_boundary_050,T0_standard,0.5,1.0,1.0,160,2,2,1,0.9847558499274083,0.087480572147472,0.9733282761826848,11.842105263157896,13,0.5016772307692308,0.0038165763278682797,0.011427573744723482,0.9847558499274083
A2_boundary_050,T0_standard,0.5,1.0,1.0,168,1,1,1,0.9337980561647844,0.28311722925828003,0.8863039787531778,13.0,13,0.4162788461538462,0.018707866423608843,0.9337980561647844,0.04749407741160664
A2_boundary_050,T0_standard,0.5,1.0,1.0,169,2,2,1,0.9579023140073636,0.20373404797647957,0.9367900477729231,10.285714285714286,11,0.44178781818181817,0.02098541975819589,0.021112266234440475,0.9579023140073636
A2_boundary_050,T0_standard,0.5,1.0,1.0,174,2,2,1,0.7576377232158555,0.6826771250150596,0.5695413821396585,5.0,5,0.3432982,0.188096341076197,0.054265935707947514,0.7576377232158555
A2_boundary_050,T0_standard,0.5,1.0,1.0,176,2,2,1,0.7027153045543577,0.6275681566726963,0.40892971756488905,26.727272727272727,30,0.8189938999999999,0.0034991084561735385,0.29378558698946866,0.7027153045543577
A2_boundary_050,T0_standard,0.5,1.0,1.0,178,2,2,1,0.9407227663425424,0.23507620216579544,0.8838629552867987,28.594594594594593,32,0.95442090625,0.002417422601713942,0.056859811055743656,0.9407227663425424
A2_boundary_050,T0_standard,0.5,1.0,1.0,184,2,2,1,0.909863310141295,0.348367025834221,0.8380507858487528,13.5,15,0.7859551333333333,0.07181252429254216,0.018324165566162905,0.909863310141295
A2_boundary_050,T0_standard,0.5,1.0,1.0,186,1,0,0,0.8194365579019899,0.574839467598113,0.6849874229904114,13.5,15,0.6404765999999998,0.8194365579019899,0.04611430718643165,0.13444913491157845
A2_boundary_050,T0_standard,0.5,1.0,1.0,187,2,2,1,0.6488653066690225,0.7881264239056907,0.3456780613872205,13.235294117647058,14,0.5083184285714285,0.303187245281802,0.04794744804917547,0.6488653066690225
A2_boundary_050,T0_standard,0.5,1.0,1.0,194,2,2,1,0.9442892487825671,0.22771972286090508,0.89194901314795,10.88888888888889,12,0.537488,0.0033705155828157437,0.052340235634617135,0.9442892487825671
A2_boundary_050,T0_standard,0.5,1.0,1.0,198,1,1,1,0.624100962577302,0.8207158055686679,0.3044710425839261,13.5,15,0.7177088000000001,0.31962991999337587,0.624100962577302,0.05626911742932225
A2_boundary_050,T0_standard,0.5,1.0,1.0,200,2,2,1,0.9481936847253621,0.23522730771005657,0.9116741143289115,5.0,5,0.2278204,0.03651957039645063,0.015286744878187184,0.9481936847253621
A2_boundary_050,T0_standard,0.5,1.0,1.0,202,2,2,1,0.8498257133619841,0.46356959195821,0.7111360277554064,19.88235294117647,22,0.5913674545454545,0.01148460103143817,0.13868968560657768,0.8498257133619841
A2_boundary_050,T0_standard,0.5,1.0,1.0,205,1,1,1,0.8821508926185111,0.37592486613472803,0.7671205139451188,50.4,56,1.062304125,0.002818728708096623,0.8821508926185111,0.11503037867339232
A2_boundary_050,T0_standard,0.5,1.0,1.0,206,2,2,1,0.8972851330808835,0.3646184328565219,0.804942151664397,19.6,22,0.6087270454545455,0.010371885502629966,0.09234298141648652,0.8972851330808835
A2_boundary_050,T0_standard,0.5,1.0,1.0,212,2,2,1,0.9558509240807352,0.21150729117055841,0.9333678014591235,23.142857142857142,26,0.8470876538461538,0.022483122621611788,0.021665953297652876,0.9558509240807352
A2_boundary_050,T0_standard,0.5,1.0,1.0,214,2,2,1,0.9469055198679377,0.235576092840606,0.9055491106744764,41.094339622641506,46,1.0707565,0.011738070938601,0.04135640919346129,0.9469055198679377
A2_boundary_050,T0_standard,0.5,1.0,1.0,222,2,2,1,0.9430191169382025,0.2554707864032014,0.9059823487515536,4.0,4,0.5312697500000001,0.01994411487514857,0.037036768186648875,0.9430191169382025
A2_boundary_050,T0_standard,0.5,1.0,1.0,229,1,1,1,0.8070245909510376,0.5043948296650983,0.6166737582773083,20.166666666666668,21,0.46933819047619046,0.00262457637523307,0.8070245909510376,0.19035083267372926
A2_boundary_050,T0_standard,0.5,1.0,1.0,231,2,2,1,0.9653976719252988,0.16259749127399886,0.9347047563039196,5.0,5,0.4425108,0.003909412453322029,0.03069291562137922,0.9653976719252988
A2_boundary_050,T0_standard,0.5,1.0,1.0,233,2,2,1,0.5947545281077813,0.7235874198503807,0.19994999455394147,60.48837209302326,67,1.22872771641791,0.010440938338378909,0.3948045335538398,0.5947545281077813
A2_boundary_050,T0_standard,0.5,1.0,1.0,235,2,2,1,0.9425714726816111,0.24715951809688463,0.895649679796844,22.72972972972973,25,0.58303204,0.010506734433621547,0.0469217928847672,0.9425714726816111
A2_boundary_050,T0_standard,0.5,1.0,1.0,239,2,2,1,0.8666494228309218,0.4844896962416351,0.7934032146740542,16.133333333333333,18,0.5865500555555556,0.07324620815686761,0.06010436901221061,0.8666494228309218
A2_boundary_050,T0_standard,0.5,1.0,1.0,242,2,2,1,0.7067421165567147,0.6889901075495298,0.43785161308211046,13.761904761904763,15,0.6072851333333332,0.26889050347460425,0.024367379968681095,0.7067421165567147
A2_boundary_050,T0_standard,0.5,1.0,1.0,244,2,2,1,0.950926516844002,0.22756254622327088,0.9190481697372739,99.11003236245955,108,1.5329172870370373,0.01719513604927004,0.03187834710672805,0.950926516844002
A2_boundary_050,T0_standard,0.5,1.0,1.0,245,2,2,1,0.9649884687503891,0.1755494223605313,0.9446163633145973,11.636363636363637,13,0.5391935384615386,0.020372105435791873,0.01463942581381903,0.9649884687503891
A2_boundary_050,T0_standard,0.5,1.0,1.0,249,0,0,1,0.6650362328233141,0.8574301803645468,0.45228901404731964,28.470588235294116,32,0.737368,0.6650362328233141,0.1222165484006915,0.2127472187759945
A2_boundary_050,T0_standard,0.5,1.0,1.0,253,0,0,1,0.8325720906064161,0.550468078783991,0.7114020457935571,85.87786259541984,94,1.2869785319148936,0.8325720906064161,0.04625786458072492,0.12117004481285897
A2_boundary_050,T0_standard,0.5,1.0,1.0,259,1,0,0,0.5276859047769199,0.9916963522062365,0.2120183042194475,10.0,10,0.49205679999999996,0.5276859047769199,0.15664649466560773,0.3156676005574724
A2_boundary_050,T0_standard,0.5,1.0,1.0,260,1,1,1,0.8074137248057762,0.51029272442309,0.6190591622358526,11.266666666666667,12,0.5609836666666668,0.004231712624300149,0.8074137248057762,0.1883545625699237
A2_boundary_050,T0_standard,0.5,1.0,1.0,269,1,1,1,0.9576289442187066,0.1869193792528945,0.9185257223284864,11.0,11,0.3788078181818182,0.003267833891073213,0.9576289442187066,0.03910322189022017
A2_boundary_050,T0_standard,0.5,1.0,1.0,270,1,1,1,0.9916737348871163,0.05236599648735484,0.9850410847535078,7.0,7,0.36814757142857146,0.0016936149792751503,0.9916737348871163,0.006632650133608465
A2_boundary_050,T0_standard,0.5,1.0,1.0,271,2,2,1,0.4711547055272147,1.0036488059216135,0.08890001743747727,4.0,4,0.6352672500000001,0.38225468808973745,0.14659060638304783,0.4711547055272147
A2_boundary_050,T0_standard,0.5,1.0,1.0,276,1,2,0,0.6568103096235202,0.6897890619044605,0.32403688146447346,8.0,8,0.425745125,0.010416262217433182,0.3327734281590467,0.6568103096235202
A2_boundary_050,T0_standard,0.5,1.0,1.0,278,1,1,1,0.9541811904154109,0.19522722832996833,0.9106930478985553,9.307692307692308,10,0.49930959999999996,0.002330667067733529,0.9541811904154109,0.043488142516855635
A2_boundary_050,T0_standard,0.5,1.0,1.0,290,2,2,1,0.9185156389659551,0.31307724414045024,0.8472150534237005,9.8,11,0.6727623636363637,0.010183775491790295,0.07130058554225456,0.9185156389659551
A2_boundary_050,T0_standard,0.5,1.0,1.0,293,2,2,1,0.9651763218774743,0.16731440316562335,0.9364703919274698,16.03030303030303,18,0.6691911666666666,0.006117748172521466,0.028705929950004375,0.9651763218774743
A2_boundary_050,T0_standard,0.5,1.0,1.0,297,2,2,1,0.7256261075102508,0.7748184318314253,0.5684468023096694,9.307692307692308,10,0.4448850999999999,0.15717930520058138,0.11719458728916782,0.7256261075102508
A2_boundary_050,T0_standard,0.5,1.0,1.0,298,2,2,1,0.829983980222574,0.5701459995261358,0.7275161199233486,14.285714285714286,16,0.6169322500000001,0.06754815947820061,0.10246786029922533,0.829983980222574
A2_boundary_050,T0_standard,0.5,1.0,1.0,299,1,1,1,0.8638018917333935,0.4098928630639775,0.7299591061095165,15.206896551724139,17,0.6325850000000001,0.0023553226427293025,0.8638018917333935,0.133842785623877
A2_boundary_050,T0_standard,0.5,1.0,1.0,304,1,1,1,0.992039243309086,0.05191927177671234,0.9879348017523031,19.6,22,0.6175126818181818,0.004104441556782907,0.992039243309086,0.003856315134131093
A2_boundary_050,T0_standard,0.5,1.0,1.0,308,2,2,1,0.893947446125628,0.3850148473254241,0.8049872011376948,18.666666666666668,21,0.744395857142857,0.01709230888643878,0.08896024498793315,0.893947446125628
A2_boundary_050,T0_standard,0.5,1.0,1.0,311,1,1,1,0.6904321113523982,0.6477050337805501,0.3866988009288109,22.5,25,0.62898604,0.005834578224014491,0.6904321113523982,0.3037333104235873
A2_boundary_050,T0_standard,0.5,1.0,1.0,314,1,1,1,0.9612665677434289,0.17256481688675657,0.9248121581941775,9.0,9,0.4122361111111112,0.0022790227073197227,0.9612665677434289,0.03645440954925137
A2_boundary_050,T0_standard,0.5,1.0,1.0,321,2,2,1,0.9667629991011023,0.16086901405698276,0.9391113003080894,4.0,4,0.34794725,0.005585302105884775,0.02765169879301293,0.9667629991011023
A2_boundary_050,T0_standard,0.5,1.0,1.0,322,1,1,1,0.8340820310978366,0.4666373746975558,0.671746349669099,11.636363636363637,13,0.5984578461538462,0.003582287473425697,0.8340820310978366,0.16233568142873772
A2_boundary_050,T0_standard,0.5,1.0,1.0,324,1,2,0,0.7567246945405968,0.5793249587647566,0.5184822665018793,7.0,7,0.3544742857142857,0.005032877420685849,0.23824242803871737,0.7567246945405968
A2_boundary_050,T0_standard,0.5,1.0,1.0,326,2,2,1,0.9652967494105684,0.171861824867151,0.9409269819824249,7.0,7,0.42478699999999997,0.010333483161287887,0.024369767428143566,0.9652967494105684
A2_boundary_050,T0_standard,0.5,1.0,1.0,327,1,1,1,0.9106648615664137,0.3087951065090878,0.8228742366299743,9.0,9,0.38338188888888886,0.0015445134971468722,0.9106648615664137,0.08779062493643937
A2_boundary_050,T0_standard,0.5,1.0,1.0,329,1,1,1,0.9182677592432268,0.31428270517907614,0.847015387224702,6.0,6,0.44581633333333337,0.07125237201852473,0.9182677592432268,0.010479868738248495
A2_boundary_050,T0_standard,0.5,1.0,1.0,331,1,1,1,0.6205933794131476,0.6858334449911255,0.2451586982447711,7.0,7,0.4697390000000001,0.003971939418475793,0.6205933794131476,0.3754346811683765
A2_boundary_050,T0_standard,0.5,1.0,1.0,332,2,2,1,0.6977090457274407,0.8222014210830536,0.542240839427607,16.03030303030303,18,0.71271,0.14682274797272568,0.15546820629983366,0.6977090457274407
A2_boundary_050,T0_standard,0.5,1.0,1.0,334,1,1,1,0.9226702092929673,0.28456457846269756,0.8482401178622723,15.206896551724139,17,0.6182341764705882,0.0028996992763376467,0.9226702092929673,0.07443009143069507
A2_boundary_050,T0_standard,0.5,1.0,1.0,338,1,0,0,0.883110574775354,0.44102227181780534,0.8183653631527521,152.7292069632495,163,1.9818752024539878,0.883110574775354,0.06474521162260193,0.05214421360204404
A2_boundary_050,T0_standard,0.5,1.0,1.0,339,1,0,0,0.7760661146280452,0.6864354209272494,0.655732571706108,54.53521126760563,61,0.9155766885245903,0.7760661146280452,0.10360034245001751,0.12033354292193725
A2_boundary_050,T0_standard,0.5,1.0,1.0,340,0,0,1,0.8549841895012512,0.4959343446171194,0.746608648742589,71.34703196347031,78,1.3844180128205126,0.8549841895012512,0.10837554075866215,0.03664026974008658
A2_boundary_050,T0_standard,0.5,1.0,1.0,347,0,0,1,0.777691118487664,0.6577167184252151,0.6136692716740805,14.0,14,0.44679828571428576,0.777691118487664,0.0582870346987524,0.16402184681358353
A2_boundary_050,T0_standard,0.5,1.0,1.0,360,2,2,1,0.8739624431067321,0.3972603972257027,0.752142905553339,10.88888888888889,12,0.5786047499999999,0.004218019339874734,0.12181953755339317,0.8739624431067321
A2_boundary_050,T0_standard,0.5,1.0,1.0,361,2,2,1,0.793162041196886,0.6354189313898716,0.647595427186908,9.307692307692308,10,0.5130506,0.061271344793135986,0.14556661400997803,0.793162041196886
A2_boundary_050,T0_standard,0.5,1.0,1.0,362,2,2,1,0.7925372435454494,0.6126058229059415,0.6252973768679081,10.285714285714286,11,0.5684201818181817,0.040222889777009226,0.16723986667754132,0.7925372435454494
A2_boundary_050,T0_standard,0.5,1.0,1.0,366,0,0,1,0.8407872725038157,0.4866684768779642,0.6959636175078094,6.0,6,0.3645646666666667,0.8407872725038157,0.014389072500178028,0.14482365499600625
A2_boundary_050,T0_standard,0.5,1.0,1.0,374,0,0,1,0.950793489692812,0.22975290815550029,0.922597058669974,16.333333333333332,18,0.5402341666666667,0.950793489692812,0.028196431022838024,0.021010079284349913
A2_boundary_050,T0_standard,0.5,1.0,1.0,376,0,0,1,0.9324417090579317,0.29362524699374754,0.8946435884643378,16.333333333333332,18,0.5590460555555555,0.9324417090579317,0.03779812059359393,0.029760170348474512
A2_boundary_050,T0_standard,0.5,1.0,1.0,378,0,0,1,0.9154856912272837,0.3472793570514925,0.8668706000638144,15.210526315789474,16,0.487147875,0.9154856912272837,0.03589921760924704,0.048615091163469334
A2_boundary_050,T0_standard,0.5,1.0,1.0,380,0,0,1,0.9266132528702133,0.312336961715706,0.8843673715618638,17.285714285714285,19,0.48924563157894735,0.9266132528702133,0.04224588130834955,0.031140865821437054
A2_boundary_050,T0_standard,0.5,1.0,1.0,387,0,0,1,0.8532888167891703,0.49436336889564503,0.7389319748005112,39.6,44,1.1116842272727274,0.8532888167891703,0.03235434122217056,0.1143568419886591
A2_boundary_050,T0_standard,0.5,1.0,1.0,388,0,0,1,0.824098776086514,0.5836484769749766,0.7189165338734622,20.454545454545453,23,0.6896618260869564,0.824098776086514,0.07071898170043404,0.10518224221305185
A2_boundary_050,T0_standard,0.5,1.0,1.0,389,0,0,1,0.933673356665808,0.2889947065566909,0.8947339513583574,21.333333333333332,24,0.8380092500000001,0.933673356665808,0.038939405307450575,0.027387238026741416
A2_boundary_050,T0_standard,0.5,1.0,1.0,391,0,0,1,0.9379764637794791,0.2737164706161299,0.8995822553387212,30.31578947368421,34,0.927025911764706,0.9379764637794791,0.03839420844075797,0.023629327779763044
A2_boundary_050,T0_standard,0.5,1.0,1.0,400,0,0,1,0.9514655281851724,0.22777132507488135,0.9261251510872369,13.5,15,0.5019540666666668,0.9514655281851724,0.02534037709793551,0.023194094716892225
A2_boundary_050,T0_standard,0.5,1.0,1.0,403,0,0,1,0.9248986291818294,0.3152774978166896,0.8761058701856453,11.842105263157896,13,0.619328,0.9248986291818294,0.02630861182198651,0.048792758996184044
A2_boundary_050,T0_standard,0.5,1.0,1.0,405,0,0,1,0.8649086627831807,0.4672885640028671,0.7596610009405347,42.36134453781513,47,1.081583680851064,0.8649086627831807,0.029843675374173328,0.105247661842646
A2_boundary_050,T0_standard,0.5,1.0,1.0,411,2,2,1,0.9454040232959279,0.24587887299674818,0.9080465359762876,3.0,3,0.201223,0.017238489384431947,0.03735748731964023,0.9454040232959279
A2_boundary_050,T0_standard,0.5,1.0,1.0,413,0,0,1,0.9265768717778211,0.31324610269010394,0.8884868158363521,74.88679245283019,83,1.1146613373493979,0.9265768717778211,0.038090055941469005,0.035333072280709824
A2_boundary_050,T0_standard,0.5,1.0,1.0,421,0,0,1,0.8904586241798199,0.4201669931084133,0.8272128475316678,53.34146341463415,60,0.8280121,0.8904586241798199,0.04629559917202789,0.06324577664815215
A2_boundary_050,T0_standard,0.5,1.0,1.0,422,0,0,1,0.943671784130397,0.2547140418219368,0.9100296869272848,64.57471264367815,72,0.9631183333333332,0.943671784130397,0.022686118666490823,0.033642097203112196
A2_boundary_050,T0_standard,0.5,1.0,1.0,426,0,0,1,0.9461686403089061,0.241840067012979,0.9077055305913095,34.935483870967744,39,1.0525164615384617,0.9461686403089061,0.038463109717596616,0.01536824997349723
A2_boundary_050,T0_standard,0.5,1.0,1.0,429,0,0,1,0.899779338639341,0.3933890997065804,0.8406117047610911,60.08888888888889,66,1.4506720606060608,0.899779338639341,0.04105302748240912,0.05916763387824988
A2_boundary_050,T0_standard,0.5,1.0,1.0,430,0,0,1,0.8966816776223566,0.40290735123690524,0.8377721974036149,63.83937823834197,70,1.3141251428571425,0.8966816776223566,0.04440884215890178,0.05890948021874172
A2_boundary_050,T0_standard,0.5,1.0,1.0,432,0,0,1,0.8767911330493988,0.458623109592564,0.8134525899410576,90.78014184397163,99,1.6191042626262624,0.8767911330493988,0.05987032384226007,0.06333854310834114
A2_boundary_050,T0_standard,0.5,1.0,1.0,433,0,0,1,0.8871686576267361,0.42999021616071953,0.8248784970968269,59.654970760233915,66,1.1340002424242426,0.8871686576267361,0.062290160529909204,0.05054118184335463
A2_boundary_050,T0_standard,0.5,1.0,1.0,438,0,0,1,0.9459772984252142,0.24760788585228632,0.9180441594989592,149.55378486055776,160,2.0565121187499997,0.9459772984252142,0.02793313892625492,0.02608956264853088
A2_boundary_050,T0_standard,0.5,1.0,1.0,439,0,0,1,0.938064869658497,0.27515466060688065,0.9060602888876383,133.70776255707761,144,1.8719137986111112,0.938064869658497,0.02993054957064434,0.03200458077085869
A2_boundary_050,T0_standard,0.5,1.0,1.0,452,1,1,1,0.9378291994002653,0.2457628355499388,0.8789459438601962,14.44,16,0.5164338125,0.0032875450596654846,0.9378291994002653,0.058883255540069165
A6_boundary_0625,T0_standard,0.625,1.0,1.0,1,1,1,1,0.9783547184767665,0.11807688247310677,0.9638171581036447,183.75063484002033,191,1.7893955968586386,0.01453756037312179,0.9783547184767665,0.007107721150111709
A6_boundary_0625,T0_standard,0.625,1.0,1.0,2,0,1,0,0.44072612732226196,1.0322386973688438,0.0546873112039542,27.461022632020118,29,0.9194155862068966,0.38603881611830776,0.44072612732226196,0.1732350565594303
A6_boundary_0625,T0_standard,0.625,1.0,1.0,7,0,0,1,0.6627937792552834,0.8567867123962962,0.44249008941242085,66.61386138613861,70,1.2559205428571434,0.6627937792552834,0.11690253090185414,0.22030368984286253
A6_boundary_0625,T0_standard,0.625,1.0,1.0,8,0,0,1,0.9098457831134904,0.3652228020058943,0.8620686824069475,65.75600739371534,69,1.4160222753623186,0.9098457831134904,0.047777100706542903,0.04237711617996679
A6_boundary_0625,T0_standard,0.625,1.0,1.0,9,0,0,1,0.8203055657806666,0.5949938083700965,0.723821432988934,92.73042742276766,97,1.6381157731958764,0.8203055657806666,0.08321030142760075,0.09648413279173262
A6_boundary_0625,T0_standard,0.625,1.0,1.0,12,0,0,1,0.9211507838130986,0.33046538934956493,0.8793905970362506,61.785496441884106,65,1.1779163384615385,0.9211507838130986,0.03708902941005332,0.04176018677684802
A6_boundary_0625,T0_standard,0.625,1.0,1.0,15,1,1,1,0.9904043614504707,0.060735548281606766,0.9851136956726562,36.008059516429014,38,1.0010864210526318,0.004304972771714582,0.9904043614504707,0.005290665777814611
A6_boundary_0625,T0_standard,0.625,1.0,1.0,18,1,0,0,0.9295360408560845,0.2916237200471951,0.8743065136008533,91.53465346534654,96,1.3256457604166665,0.9295360408560845,0.055229527255231274,0.015234431888684187
A6_boundary_0625,T0_standard,0.625,1.0,1.0,22,1,1,1,0.9881144899238224,0.07216595025964041,0.9803480010523331,18.059701492537314,19,0.8067329999999999,0.004119021204688118,0.9881144899238224,0.0077664888714893505
A6_boundary_0625,T0_standard,0.625,1.0,1.0,28,1,1,1,0.9379613883881511,0.2574323328958623,0.8844812977849987,20.0,21,0.7458260476190477,0.008558521008696503,0.9379613883881511,0.05348009060315234
A6_boundary_0625,T0_standard,0.625,1.0,1.0,29,1,1,1,0.8300802224019405,0.49963975495835106,0.6723589407134702,12.703296703296703,13,0.504573923076923,0.012198495909589293,0.8300802224019405,0.15772128168847016
A6_boundary_0625,T0_standard,0.625,1.0,1.0,32,0,2,0,0.5577633069422009,0.9172446540952457,0.2110708151794281,111.08421785279276,116,1.5386575431034482,0.3466924917627728,0.09554420129502642,0.5577633069422009
A6_boundary_0625,T0_standard,0.625,1.0,1.0,35,0,0,1,0.5239925591145079,1.0215945655690097,0.2769401950382615,32.21970289288507,34,0.681779294117647,0.5239925591145079,0.24705236407624645,0.22895507680924554
A6_boundary_0625,T0_standard,0.625,1.0,1.0,37,0,0,1,0.9169961302876637,0.34350499089667197,0.8737400974646532,176.63794398540617,184,1.7882877282608698,0.9169961302876637,0.03974783688932579,0.043256032823010486
A6_boundary_0625,T0_standard,0.625,1.0,1.0,38,0,0,1,0.8443925864201408,0.5338619707708897,0.7445818857731032,35.04777275661717,37,0.9075333243243243,0.8443925864201408,0.055796712932821756,0.09981070064703755
A6_boundary_0625,T0_standard,0.625,1.0,1.0,39,0,0,1,0.8836122317701637,0.4349536444198432,0.8078526719038974,31.243243243243242,33,0.8299917878787879,0.8836122317701637,0.0757595598662662,0.04062820836357021
A6_boundary_0625,T0_standard,0.625,1.0,1.0,41,0,0,1,0.9036660020275387,0.3837154608614714,0.8547834252499407,66.80471782621679,70,1.2843535142857143,0.9036660020275387,0.048882576777597976,0.047451421194863494
A6_boundary_0625,T0_standard,0.625,1.0,1.0,44,0,0,1,0.9096724408878741,0.3629305248275369,0.8529816835660596,24.03201024327785,25,0.5948057999999999,0.9096724408878741,0.05669075732181445,0.03363680179031147
A6_boundary_0625,T0_standard,0.625,1.0,1.0,49,1,0,0,0.5621210429633114,0.9889105111998746,0.3414811743094077,16.0,16,0.37066231250000004,0.5621210429633114,0.21723908838278488,0.2206398686539037
A6_boundary_0625,T0_standard,0.625,1.0,1.0,51,0,0,1,0.5976856658144305,0.8569668191280078,0.2635244048634648,17.454545454545453,18,0.5287885,0.5976856658144305,0.0681530732346039,0.3341612609509657
A6_boundary_0625,T0_standard,0.625,1.0,1.0,55,0,0,1,0.8901537107617874,0.40455098971428244,0.8048545054413643,37.16742081447964,39,0.6499513846153847,0.8901537107617874,0.08529920532042311,0.024547083917789488
A6_boundary_0625,T0_standard,0.625,1.0,1.0,60,0,0,1,0.9393278528559647,0.26659089294619415,0.8977373148382543,48.49484536082474,51,1.224436588235294,0.9393278528559647,0.04159053801771035,0.01908160912632498
A6_boundary_0625,T0_standard,0.625,1.0,1.0,61,0,0,1,0.8759098337366648,0.45258625315950884,0.791267521753803,31.25382932166302,33,0.9699814242424242,0.8759098337366648,0.03944785428047366,0.0846423119828617
A6_boundary_0625,T0_standard,0.625,1.0,1.0,71,2,2,1,0.9482212767972878,0.2297268020218884,0.9068684498778977,13.495327102803738,14,0.6911514999999999,0.04135282691939012,0.010425896283322002,0.9482212767972878
A6_boundary_0625,T0_standard,0.625,1.0,1.0,75,0,1,0,0.7422500420734869,0.6961537711999344,0.5335689044186089,18.059701492537314,19,0.7114136315789473,0.04906882027163527,0.7422500420734869,0.2086811376548779
A6_boundary_0625,T0_standard,0.625,1.0,1.0,77,0,0,1,0.6815528385223063,0.7866618491721588,0.4279710498214454,9.0,9,0.3371106666666667,0.6815528385223063,0.06486537277683288,0.2535817887008609
A6_boundary_0625,T0_standard,0.625,1.0,1.0,84,2,2,1,0.6317167375098419,0.693099056949734,0.27053247815594744,8.0,8,0.40794074999999996,0.007099003136263551,0.3611842593538945,0.6317167375098419
A6_boundary_0625,T0_standard,0.625,1.0,1.0,85,2,0,0,0.44863386388078896,0.9597388248984948,0.004669991376335836,9.560975609756097,10,0.6327266,0.44863386388078896,0.10740226361475808,0.4439638725044531
A6_boundary_0625,T0_standard,0.625,1.0,1.0,86,0,2,0,0.9440544597145416,0.23978132630482782,0.8967747236455249,13.495327102803738,14,0.5406887857142857,0.008665804216441718,0.04727973606901671,0.9440544597145416
A6_boundary_0625,T0_standard,0.625,1.0,1.0,87,0,2,0,0.6205472048469999,0.7881023047707669,0.27947469947940856,7.0,7,0.5237958571428571,0.3410725053675913,0.03838028978540884,0.6205472048469999
A6_boundary_0625,T0_standard,0.625,1.0,1.0,88,0,0,1,0.5109852971858718,0.8346052519705685,0.06332118626744077,8.0,8,0.40546887499999995,0.5109852971858718,0.04135059189569711,0.44766411091843106
A6_boundary_0625,T0_standard,0.625,1.0,1.0,89,0,2,0,0.5566062808681627,0.8195904823774648,0.15256753075835938,7.0,7,0.3756504285714285,0.4040387501098033,0.039354969022034045,0.5566062808681627
A6_boundary_0625,T0_standard,0.625,1.0,1.0,90,0,0,1,0.547414481237539,0.9852334891905653,0.2592766022347651,8.727272727272727,9,0.6029300000000001,0.547414481237539,0.16444763975968707,0.2881378790027739
A6_boundary_0625,T0_standard,0.625,1.0,1.0,93,0,0,1,0.6498338367262398,0.8539074790470357,0.39637854075798457,10.541076487252125,11,0.3752034545454545,0.6498338367262398,0.09671086730550475,0.2534552959682553
A6_boundary_0625,T0_standard,0.625,1.0,1.0,98,0,0,1,0.762874381713542,0.6677562915694243,0.5741598437034399,17.0,17,0.4362414705882353,0.762874381713542,0.0484110802763558,0.18871453801010216
A6_boundary_0625,T0_standard,0.625,1.0,1.0,101,0,0,1,0.8511719266061805,0.5166190866076072,0.753781505011543,13.0,13,0.519376153846154,0.8511719266061805,0.05143765179918223,0.09739042159463747
A6_boundary_0625,T0_standard,0.625,1.0,1.0,102,0,0,1,0.9337698448274871,0.2895398946219542,0.8984728805037477,12.0,12,0.54038,0.9337698448274871,0.03093319084877359,0.03529696432373938
A6_boundary_0625,T0_standard,0.625,1.0,1.0,106,0,0,1,0.761324777926194,0.7086291059480863,0.6145690242269282,96.52202283849918,101,1.456544306930693,0.761324777926194,0.09191946837454011,0.14675575369926583
A6_boundary_0625,T0_standard,0.625,1.0,1.0,118,0,0,1,0.8168491264116449,0.586499696374345,0.6868984073635351,25.565217391304348,27,0.771531037037037,0.8168491264116449,0.05320015454024551,0.1299507190481097
A6_boundary_0625,T0_standard,0.625,1.0,1.0,119,0,0,1,0.9258817448352853,0.3142526518371205,0.8819396157220816,92.58519793459553,97,1.3621651546391753,0.9258817448352853,0.030176126051511033,0.0439421291132037
A6_boundary_0625,T0_standard,0.625,1.0,1.0,120,0,0,1,0.9233912971685128,0.3150037961287159,0.8673803339826025,73.47826086956522,77,1.3922861558441562,0.9233912971685128,0.02059773964557696,0.056010963185910284
A6_boundary_0625,T0_standard,0.625,1.0,1.0,123,0,0,1,0.8922229515306703,0.4162159132040662,0.8341082461720184,19.682745825602968,20,0.5155320999999999,0.8922229515306703,0.0496623431106779,0.058114705358651896
A6_boundary_0625,T0_standard,0.625,1.0,1.0,124,0,0,1,0.9327180167325151,0.29315626704848063,0.8980575617894492,44.49706979222163,47,0.8481854893617022,0.9327180167325151,0.03262152832441911,0.034660454943065876
A6_boundary_0625,T0_standard,0.625,1.0,1.0,129,0,0,1,0.8497178319489822,0.5239759664222515,0.7586770271870613,60.86261107313739,64,1.315091625,0.8497178319489822,0.05924136328909703,0.09104080476192085
A6_boundary_0625,T0_standard,0.625,1.0,1.0,130,0,0,1,0.8412354093379287,0.5460565852026221,0.7505802876292609,71.44918872758326,75,1.3049385733333334,0.8412354093379287,0.06810946895340345,0.09065512170866787
A6_boundary_0625,T0_standard,0.625,1.0,1.0,134,1,1,1,0.982330014210147,0.1009538198498571,0.972461815617878,22.834532374100718,24,0.7835483333333334,0.007801787197584093,0.982330014210147,0.009868198592268923
A6_boundary_0625,T0_standard,0.625,1.0,1.0,136,1,1,1,0.9613973223090494,0.1793163957318641,0.9283132973335724,97.82669789227167,102,1.6543439509803923,0.005518652715473509,0.9613973223090494,0.03308402497547705
A6_boundary_0625,T0_standard,0.625,1.0,1.0,138,1,1,1,0.653689727006904,0.6842407878486502,0.3156634097580571,7.0,7,0.46868471428571423,0.008283955744249104,0.653689727006904,0.33802631724884685
A6_boundary_0625,T0_standard,0.625,1.0,1.0,140,1,0,0,0.6353361793436552,0.8752771065756322,0.3760236657329903,11.0,11,0.4528042727272727,0.6353361793436552,0.2593125136106649,0.10535130704567999
A6_boundary_0625,T0_standard,0.625,1.0,1.0,145,1,1,1,0.9596175760745662,0.18851273081886694,0.9267169218669501,86.96832579185521,91,1.4519752857142858,0.007481769717817654,0.9596175760745662,0.03290065420761617
A6_boundary_0625,T0_standard,0.625,1.0,1.0,149,2,2,1,0.861196546210144,0.4944420675341388,0.7741136313317456,13.699228791773779,14,0.40021921428571433,0.051720538911457746,0.08708291487839837,0.861196546210144
A6_boundary_0625,T0_standard,0.625,1.0,1.0,150,2,2,1,0.9115381451073074,0.34490170968918943,0.8420124897530425,8.0,8,0.35506275,0.018936199538427803,0.06952565535426486,0.9115381451073074
A6_boundary_0625,T0_standard,0.625,1.0,1.0,151,2,2,1,0.9607575740526871,0.19261350069373195,0.939626533297252,10.541076487252125,11,0.5133822727272727,0.021131040755435097,0.018111385191877778,0.9607575740526871
A6_boundary_0625,T0_standard,0.625,1.0,1.0,152,2,2,1,0.9234689132886003,0.3224438831111885,0.879619787406153,5.0,5,0.2464702,0.04384912588244722,0.03268196082895245,0.9234689132886003
A6_boundary_0625,T0_standard,0.625,1.0,1.0,160,2,2,1,0.9845221299344851,0.08857463263515543,0.9729103888257573,12.508684863523573,13,0.5016772307692308,0.0038661289567871035,0.011611741108727753,0.9845221299344851
A6_boundary_0625,T0_standard,0.625,1.0,1.0,168,1,1,1,0.9337980561647844,0.28311722925828003,0.8863039787531778,13.0,13,0.4162788461538462,0.018707866423608843,0.9337980561647844,0.04749407741160664
A6_boundary_0625,T0_standard,0.625,1.0,1.0,169,2,2,1,0.9576797078519296,0.20457792646186146,0.9361757256416238,10.713375796178344,11,0.44178781818181817,0.020816309937764586,0.021503982210305816,0.9576797078519296
A6_boundary_0625,T0_standard,0.625,1.0,1.0,174,2,2,1,0.7576377232158555,0.6826771250150596,0.5695413821396585,5.0,5,0.3432982,0.188096341076197,0.054265935707947514,0.7576377232158555
A6_boundary_0625,T0_standard,0.625,1.0,1.0,176,2,2,1,0.7042227804982725,0.6265360599017736,0.4120099043002518,28.40394088669951,30,0.8189938999999999,0.003564343303706926,0.29221287619802067,0.7042227804982725
A6_boundary_0625,T0_standard,0.625,1.0,1.0,178,2,2,1,0.9377246010622139,0.24342392717141267,0.877871976287622,30.315007429420504,32,0.95442090625,0.002422774163194103,0.05985262477459184,0.9377246010622139
A6_boundary_0625,T0_standard,0.625,1.0,1.0,184,2,2,1,0.9044028932309823,0.36326502350215095,0.828017963410625,14.341463414634147,15,0.7859551333333333,0.07638492982035736,0.019212176948660325,0.9044028932309823
A6_boundary_0625,T0_standard,0.625,1.0,1.0,186,1,0,0,0.8172232131254693,0.5799464205908749,0.6816133788224535,14.341463414634147,15,0.6404765999999998,0.8172232131254693,0.047166952571514854,0.13560983430301574
A6_boundary_0625,T0_standard,0.625,1.0,1.0,187,2,2,1,0.6443454993211948,0.7857263597635238,0.3335856089434927,13.699228791773779,14,0.5083184285714285,0.3107598903777021,0.04489461030110312,0.6443454993211948
A6_boundary_0625,T0_standard,0.625,1.0,1.0,194,2,2,1,0.9445044629245938,0.22704040674798825,0.8923589056335287,11.523809523809524,12,0.537488,0.0033499797843411713,0.05214555729106503,0.9445044629245938
A6_boundary_0625,T0_standard,0.625,1.0,1.0,198,1,1,1,0.6197615447917594,0.8178257349124984,0.29257065241898284,14.341463414634147,15,0.7177088000000001,0.32719089237277654,0.6197615447917594,0.053047562835464114
A6_boundary_0625,T0_standard,0.625,1.0,1.0,200,2,2,1,0.9481936847253621,0.23522730771005657,0.9116741143289115,5.0,5,0.2278204,0.03651957039645063,0.015286744878187184,0.9481936847253621
A6_boundary_0625,T0_standard,0.625,1.0,1.0,202,2,2,1,0.8558637790258918,0.4538655157108127,0.7237892545223878,21.08215297450425,22,0.5913674545454545,0.012061696470604039,0.13207452450350404,0.8558637790258918
A6_boundary_0625,T0_standard,0.625,1.0,1.0,205,1,1,1,0.8680536997748716,0.4038634537477267,0.7389691083691955,53.168539325842694,56,1.062304125,0.0028617088194523707,0.8680536997748716,0.12908459140567605
A6_boundary_0625,T0_standard,0.625,1.0,1.0,206,2,2,1,0.8935395728689104,0.3741348697771876,0.7979429398663327,20.897959183673468,22,0.6087270454545455,0.0108637941285119,0.0955966330025777,0.8935395728689104
A6_boundary_0625,T0_standard,0.625,1.0,1.0,212,2,2,1,0.9533082835969708,0.2210055475009391,0.9293669535605769,24.615384615384617,26,0.8470876538461538,0.02394133003639401,0.022750386366635143,0.9533082835969708
A6_boundary_0625,T0_standard,0.625,1.0,1.0,214,2,2,1,0.9444923746362971,0.24402360316547905,0.9014784999476922,43.575129533678755,46,1.0707565,0.012493750675097972,0.043013874688604896,0.9444923746362971
A6_boundary_0625,T0_standard,0.625,1.0,1.0,222,2,2,1,0.9430191169382025,0.2554707864032014,0.9059823487515536,4.0,4,0.5312697500000001,0.01994411487514857,0.037036768186648875,0.9430191169382025
A6_boundary_0625,T0_standard,0.625,1.0,1.0,229,1,1,1,0.8035836984769789,0.50931728091276,0.6097897402553604,20.680851063829788,21,0.46933819047619046,0.002622343301402821,0.8035836984769789,0.19379395822161846
A6_boundary_0625,T0_standard,0.625,1.0,1.0,231,2,2,1,0.9653976719252988,0.16259749127399886,0.9347047563039196,5.0,5,0.4425108,0.003909412453322029,0.03069291562137922,0.9653976719252988
A6_boundary_0625,T0_standard,0.625,1.0,1.0,233,2,2,1,0.592036971655604,0.7283379454364363,0.19553200726808273,63.68421052631579,67,1.22872771641791,0.011458063956874842,0.39650496438752125,0.592036971655604
A6_boundary_0625,T0_standard,0.625,1.0,1.0,235,2,2,1,0.943123292203688,0.24559112748191483,0.8968144627460795,24.03201024327785,25,0.58303204,0.010567878338703424,0.04630882945760856,0.943123292203688
A6_boundary_0625,T0_standard,0.625,1.0,1.0,239,2,2,1,0.8572440464754101,0.5081391500555775,0.7785718677828983,17.168316831683168,18,0.5865500555555556,0.07867217869251175,0.06408377483207824,0.8572440464754101
A6_boundary_0625,T0_standard,0.625,1.0,1.0,242,2,2,1,0.7071968762092206,0.6892150843639303,0.43903899419355985,14.483443708609272,15,0.6072851333333332,0.2681578820156607,0.024645241775118898,0.7071968762092206
A6_boundary_0625,T0_standard,0.625,1.0,1.0,244,2,2,1,0.9503071274190762,0.22956779621564274,0.917666735607241,103.3466967814794,108,1.5329172870370373,0.017052480769088503,0.032640391811835145,0.9503071274190762
A6_boundary_0625,T0_standard,0.625,1.0,1.0,245,2,2,1,0.9649277929437218,0.1758724308327439,0.9447758310350761,12.389140271493213,13,0.5391935384615386,0.020151961908645637,0.0149202451476325,0.9649277929437218
A6_boundary_0625,T0_standard,0.625,1.0,1.0,249,0,0,1,0.638496280011445,0.8898590375476549,0.40604685628570303,30.29652996845426,32,0.737368,0.638496280011445,0.12905429626281287,0.23244942372574198
A6_boundary_0625,T0_standard,0.625,1.0,1.0,253,0,0,1,0.8184464649959766,0.576962510662045,0.6833220616862065,89.77591530657256,94,1.2869785319148936,0.8184464649959766,0.04642913169425326,0.13512440330977013
A6_boundary_0625,T0_standard,0.625,1.0,1.0,259,1,0,0,0.5276859047769199,0.9916963522062365,0.2120183042194475,10.0,10,0.49205679999999996,0.5276859047769199,0.15664649466560773,0.3156676005574724
A6_boundary_0625,T0_standard,0.625,1.0,1.0,260,1,1,1,0.8016170479959482,0.518884578300676,0.607534929998492,11.70796460176991,12,0.5609836666666668,0.0043008340065956024,0.8016170479959482,0.19408211799745625
A6_boundary_0625,T0_standard,0.625,1.0,1.0,269,1,1,1,0.9576289442187066,0.1869193792528945,0.9185257223284864,11.0,11,0.3788078181818182,0.003267833891073213,0.9576289442187066,0.03910322189022017
A6_boundary_0625,T0_standard,0.625,1.0,1.0,270,1,1,1,0.9916737348871163,0.05236599648735484,0.9850410847535078,7.0,7,0.36814757142857146,0.0016936149792751503,0.9916737348871163,0.006632650133608465
A6_boundary_0625,T0_standard,0.625,1.0,1.0,271,2,2,1,0.4711547055272147,1.0036488059216135,0.08890001743747727,4.0,4,0.6352672500000001,0.38225468808973745,0.14659060638304783,0.4711547055272147
A6_boundary_0625,T0_standard,0.625,1.0,1.0,276,1,2,0,0.6568103096235202,0.6897890619044605,0.32403688146447346,8.0,8,0.425745125,0.010416262217433182,0.3327734281590467,0.6568103096235202
A6_boundary_0625,T0_standard,0.625,1.0,1.0,278,1,1,1,0.9539047239538906,0.19614191515573226,0.9101612133850522,9.719723183391004,10,0.49930959999999996,0.002351765477270834,0.9539047239538906,0.04374351056883837
A6_boundary_0625,T0_standard,0.625,1.0,1.0,290,2,2,1,0.921221850844764,0.30687706354152455,0.8530373899616146,10.448979591836734,11,0.6727623636363637,0.010593688272086458,0.06818446088314947,0.921221850844764
A6_boundary_0625,T0_standard,0.625,1.0,1.0,293,2,2,1,0.9631391200821787,0.174355749852112,0.932366896013919,17.093023255813954,18,0.6691911666666666,0.006088655849561463,0.030772224068259704,0.9631391200821787
A6_boundary_0625,T0_standard,0.625,1.0,1.0,297,2,2,1,0.7279053488434588,0.7712175444761905,0.5726703494706158,9.719723183391004,10,0.4448850999999999,0.15523499937284302,0.11685965178369817,0.7279053488434588
A6_boundary_0625,T0_standard,0.625,1.0,1.0,298,2,2,1,0.8352218466072179,0.5565975836393916,0.7323878613503959,15.223021582733812,16,0.6169322500000001,0.061944168135960265,0.10283398525682194,0.8352218466072179
A6_boundary_0625,T0_standard,0.625,1.0,1.0,299,1,1,1,0.8541870689668155,0.4277933538861509,0.7108182089226616,16.19449225473322,17,0.6325850000000001,0.0024440709890305935,0.8541870689668155,0.1433688600441539
A6_boundary_0625,T0_standard,0.625,1.0,1.0,304,1,1,1,0.9919876475064987,0.05220262744044529,0.9878389796211753,20.897959183673468,22,0.6175126818181818,0.004148667885323384,0.9919876475064987,0.00386368460817789
A6_boundary_0625,T0_standard,0.625,1.0,1.0,308,2,2,1,0.8908661317667501,0.39384868823241503,0.7999066825868573,19.894736842105264,21,0.744395857142857,0.018174419053357097,0.09095944917989286,0.8908661317667501
A6_boundary_0625,T0_standard,0.625,1.0,1.0,311,1,1,1,0.6767991748815868,0.6593117325480312,0.3596462941444281,23.902439024390244,25,0.62898604,0.006047944381254406,0.6767991748815868,0.3171528807371587
A6_boundary_0625,T0_standard,0.625,1.0,1.0,314,1,1,1,0.9612665677434289,0.17256481688675657,0.9248121581941775,9.0,9,0.4122361111111112,0.0022790227073197227,0.9612665677434289,0.03645440954925137
A6_boundary_0625,T0_standard,0.625,1.0,1.0,321,2,2,1,0.9667629991011023,0.16086901405698276,0.9391113003080894,4.0,4,0.34794725,0.005585302105884775,0.02765169879301293,0.9667629991011023
A6_boundary_0625,T0_standard,0.625,1.0,1.0,322,1,1,1,0.8213571795026794,0.4873316259242143,0.6464132763838092,12.389140271493213,13,0.5984578461538462,0.0036989173784503756,0.8213571795026794,0.17494390311887023
A6_boundary_0625,T0_standard,0.625,1.0,1.0,324,1,2,0,0.7567246945405968,0.5793249587647566,0.5184822665018793,7.0,7,0.3544742857142857,0.005032877420685849,0.23824242803871737,0.7567246945405968
A6_boundary_0625,T0_standard,0.625,1.0,1.0,326,2,2,1,0.9652967494105684,0.171861824867151,0.9409269819824249,7.0,7,0.42478699999999997,0.010333483161287887,0.024369767428143566,0.9652967494105684
A6_boundary_0625,T0_standard,0.625,1.0,1.0,327,1,1,1,0.9106648615664137,0.3087951065090878,0.8228742366299743,9.0,9,0.38338188888888886,0.0015445134971468722,0.9106648615664137,0.08779062493643937
A6_boundary_0625,T0_standard,0.625,1.0,1.0,329,1,1,1,0.9182677592432268,0.31428270517907614,0.847015387224702,6.0,6,0.44581633333333337,0.07125237201852473,0.9182677592432268,0.010479868738248495
A6_boundary_0625,T0_standard,0.625,1.0,1.0,331,1,1,1,0.6205933794131476,0.6858334449911255,0.2451586982447711,7.0,7,0.4697390000000001,0.003971939418475793,0.6205933794131476,0.3754346811683765
A6_boundary_0625,T0_standard,0.625,1.0,1.0,332,2,2,1,0.6937966341962963,0.827749745195766,0.5317458785689616,17.093023255813954,18,0.71271,0.14415261017636904,0.1620507556273347,0.6937966341962963
A6_boundary_0625,T0_standard,0.625,1.0,1.0,334,1,1,1,0.9175867894707164,0.29727951124131335,0.8381040338822897,16.19449225473322,17,0.6182341764705882,0.0029304549408568767,0.9175867894707164,0.07948275558842668
A6_boundary_0625,T0_standard,0.625,1.0,1.0,338,1,0,0,0.8793263342896983,0.45126634658546516,0.8127646952833011,157.49233606085053,163,1.9818752024539878,0.8793263342896983,0.06656163900639722,0.054112026703904505
A6_boundary_0625,T0_standard,0.625,1.0,1.0,339,1,0,0,0.7697482157553973,0.6984061625486886,0.6451964154055762,57.795190069821565,61,0.9155766885245903,0.7697482157553973,0.10569998389478141,0.12455180034982119
A6_boundary_0625,T0_standard,0.625,1.0,1.0,340,0,0,1,0.8414466730131018,0.5271215662323667,0.7231735811132611,74.53370340999207,78,1.3844180128205126,0.8414466730131018,0.11827309189984068,0.04028023508705735
A6_boundary_0625,T0_standard,0.625,1.0,1.0,347,0,0,1,0.777691118487664,0.6577167184252151,0.6136692716740805,14.0,14,0.44679828571428576,0.777691118487664,0.0582870346987524,0.16402184681358353
A6_boundary_0625,T0_standard,0.625,1.0,1.0,360,2,2,1,0.869698920286212,0.40547169249820925,0.7435847572770173,11.523809523809524,12,0.5786047499999999,0.004186916704593263,0.12611416300919462,0.869698920286212
A6_boundary_0625,T0_standard,0.625,1.0,1.0,361,2,2,1,0.7895887455052196,0.6414515263823442,0.6404780926948802,9.719723183391004,10,0.5130506,0.06130060168444092,0.1491106528103394,0.7895887455052196
A6_boundary_0625,T0_standard,0.625,1.0,1.0,362,2,2,1,0.7861095816479994,0.6240572939439627,0.6135481892805263,10.713375796178344,11,0.5684201818181817,0.041329025984527694,0.17256139236747298,0.7861095816479994
A6_boundary_0625,T0_standard,0.625,1.0,1.0,366,0,0,1,0.8407872725038157,0.4866684768779642,0.6959636175078094,6.0,6,0.3645646666666667,0.8407872725038157,0.014389072500178028,0.14482365499600625
A6_boundary_0625,T0_standard,0.625,1.0,1.0,374,0,0,1,0.9508325641162709,0.22961465550335408,0.9226726232228799,17.285714285714285,18,0.5402341666666667,0.9508325641162709,0.028159940893391074,0.021007494990337938
A6_boundary_0625,T0_standard,0.625,1.0,1.0,376,0,0,1,0.9315975142347577,0.29638874735722576,0.893220236579955,17.285714285714285,18,0.5590460555555555,0.9315975142347577,0.03837727765480274,0.03002520811043954
A6_boundary_0625,T0_standard,0.625,1.0,1.0,378,0,0,1,0.9151680972529601,0.34811483658352116,0.8659334381179404,15.69248291571754,16,0.487147875,0.9151680972529601,0.03559724361202018,0.049234659135019676
A6_boundary_0625,T0_standard,0.625,1.0,1.0,380,0,0,1,0.9265574133032277,0.3124934894407368,0.8842041303756525,18.27027027027027,19,0.48924563157894735,0.9265574133032277,0.04235328292757528,0.031089303769197066
A6_boundary_0625,T0_standard,0.625,1.0,1.0,387,0,0,1,0.850092246590475,0.5027798943285783,0.734161668135254,41.7752808988764,44,1.1116842272727274,0.850092246590475,0.033977174954303906,0.11593057845522103
A6_boundary_0625,T0_standard,0.625,1.0,1.0,388,0,0,1,0.8150928837110771,0.6024597319731478,0.7024118031888542,21.81132075471698,23,0.6896618260869564,0.8150928837110771,0.07222603576670002,0.11268108052222288
A6_boundary_0625,T0_standard,0.625,1.0,1.0,389,0,0,1,0.9315497961927147,0.2959767171752829,0.891258552481867,22.736842105263158,24,0.8380092500000001,0.9315497961927147,0.04029124371084766,0.02815896009643755
A6_boundary_0625,T0_standard,0.625,1.0,1.0,391,0,0,1,0.9362533138217186,0.27945510498583304,0.8966666089396671,32.19484240687679,34,0.927025911764706,0.9362533138217186,0.039586704882051474,0.024159981296230013
A6_boundary_0625,T0_standard,0.625,1.0,1.0,400,0,0,1,0.9519679433929411,0.2259120600486443,0.9267448323606058,14.341463414634147,15,0.5019540666666668,0.9519679433929411,0.025223111032335297,0.02280894557472348
A6_boundary_0625,T0_standard,0.625,1.0,1.0,403,0,0,1,0.9233630603717977,0.3198595862221816,0.873173530102362,12.508684863523573,13,0.619328,0.9233630603717977,0.0264474093587665,0.05018953026943576
A6_boundary_0625,T0_standard,0.625,1.0,1.0,405,0,0,1,0.85952049788859,0.4785987972345814,0.7489714527496732,44.646612979630504,47,1.081583680851064,0.85952049788859,0.02993045697249322,0.11054904513891675
A6_boundary_0625,T0_standard,0.625,1.0,1.0,411,2,2,1,0.9454040232959279,0.24587887299674818,0.9080465359762876,3.0,3,0.201223,0.017238489384431947,0.03735748731964023,0.9454040232959279
A6_boundary_0625,T0_standard,0.625,1.0,1.0,413,0,0,1,0.924535693033862,0.3198013700597366,0.8853514656485443,78.87420042643923,83,1.1146613373493979,0.924535693033862,0.03918422738531769,0.036280079580820294
A6_boundary_0625,T0_standard,0.625,1.0,1.0,421,0,0,1,0.8825152404744169,0.441717471331621,0.8140996847065258,56.82147477360932,60,0.8280121,0.8825152404744169,0.04906920375769209,0.06841555576789102
A6_boundary_0625,T0_standard,0.625,1.0,1.0,422,0,0,1,0.940637694062607,0.26487402590507214,0.9043518583663978,68.28023032629558,72,0.9631183333333332,0.940637694062607,0.02307647024118383,0.036285835696209294
A6_boundary_0625,T0_standard,0.625,1.0,1.0,426,0,0,1,0.9448010401396076,0.2468525061832212,0.9056845803640573,36.971377459749554,39,1.0525164615384617,0.9448010401396076,0.03911645977555031,0.016082500084842005
A6_boundary_0625,T0_standard,0.625,1.0,1.0,429,0,0,1,0.8970313945724966,0.40091320410755676,0.8353918100676461,62.94252873563219,66,1.4506720606060608,0.8970313945724966,0.041329020922653066,0.06163958450485048
A6_boundary_0625,T0_standard,0.625,1.0,1.0,430,0,0,1,0.8935931834637123,0.4112253934058564,0.8315769768691965,66.80471782621679,70,1.3141251428571425,0.8935931834637123,0.044390609941772005,0.06201620659451582
A6_boundary_0625,T0_standard,0.625,1.0,1.0,432,0,0,1,0.8678623195625634,0.48176968289933,0.7977191268886803,94.70210135970333,99,1.6191042626262624,0.8678623195625634,0.06199448776355328,0.07014319267388318
A6_boundary_0625,T0_standard,0.625,1.0,1.0,433,0,0,1,0.8818295862501287,0.4447474266451441,0.8177315036687806,62.76119402985075,66,1.1340002424242426,0.8818295862501287,0.0640980825813482,0.054072331168523065
A6_boundary_0625,T0_standard,0.625,1.0,1.0,438,0,0,1,0.9455014537248506,0.2492987983178489,0.9173417133734746,154.41202936301207,160,2.0565121187499997,0.9455014537248506,0.02815974035137602,0.02633880592377341
A6_boundary_0625,T0_standard,0.625,1.0,1.0,439,0,0,1,0.9377067856133048,0.27637484167221105,0.9055186927951095,138.53354890864995,144,1.8719137986111112,0.9377067856133048,0.03010512156849983,0.03218809281819523
A6_boundary_0625,T0_standard,0.625,1.0,1.0,452,1,1,1,0.9342347565489202,0.25563943482122076,0.8717711897354516,15.321083172147002,16,0.5164338125,0.0033016766376111817,0.9342347565489202,0.062463566813468534
A3_boundary_025,T0_standard,0.25,1.0,1.0,1,1,1,1,0.9818393631690141,0.10271872323639374,0.9703243139697939,157.66510976179356,191,1.7893955968586386,0.011515049199220214,0.9818393631690141,0.006645587631765727
A3_boundary_025,T0_standard,0.25,1.0,1.0,2,0,0,1,0.42328794411525344,1.0446671729162347,0.033560171144686735,20.215311004784688,29,0.9194155862068966,0.42328794411525344,0.3897277729705667,0.18698428291417982
A3_boundary_025,T0_standard,0.25,1.0,1.0,7,0,0,1,0.6791606825853435,0.8309603988064374,0.46418487740813197,52.9,70,1.2559205428571434,0.6791606825853435,0.10586351223744506,0.21497580517721146
A3_boundary_025,T0_standard,0.25,1.0,1.0,8,0,0,1,0.9319094522550928,0.29551403994920883,0.8943942350286437,52.89908256880734,69,1.4160222753623186,0.9319094522550928,0.03751521722644915,0.03057533051845807
A3_boundary_025,T0_standard,0.25,1.0,1.0,9,0,0,1,0.8357628824706885,0.56045211974956,0.7524271231399573,76.4521384928717,97,1.6381157731958764,0.8357628824706885,0.08090135819858023,0.08333575933073127
A3_boundary_025,T0_standard,0.25,1.0,1.0,12,0,0,1,0.9332897387313509,0.29124387910161,0.8987623020060682,48.50260869565217,65,1.1779163384615385,0.9332897387313509,0.034527436725282634,0.032182824543366434
A3_boundary_025,T0_standard,0.25,1.0,1.0,15,1,1,1,0.9901991748838166,0.06178859326857282,0.9846389657723482,27.034129692832764,38,1.0010864210526318,0.004240616004715102,0.9901991748838166,0.005560209111468354
A3_boundary_025,T0_standard,0.25,1.0,1.0,18,1,0,0,0.9467037302429698,0.23710886455829921,0.9058816633671523,73.9641693811075,96,1.3256457604166665,0.9467037302429698,0.040822066875817624,0.012474202881212535
A3_boundary_025,T0_standard,0.25,1.0,1.0,22,1,1,1,0.9891666426939426,0.06705580656715222,0.9825906208217544,12.297872340425531,19,0.8067329999999999,0.004257335433869229,0.9891666426939426,0.006576021872188173
A3_boundary_025,T0_standard,0.25,1.0,1.0,28,1,1,1,0.9452658501526744,0.23743456054854276,0.8999993736532863,13.5,21,0.7458260476190477,0.009467673347937466,0.9452658501526744,0.04526647649938804
A3_boundary_025,T0_standard,0.25,1.0,1.0,29,1,1,1,0.8531251773394535,0.457590998783726,0.7177546656799311,9.142857142857142,13,0.504573923076923,0.011504311001024095,0.8531251773394535,0.1353705116595224
A3_boundary_025,T0_standard,0.25,1.0,1.0,32,0,2,0,0.5280150899847528,0.9330422611935303,0.15430944649919043,92.67134599504541,116,1.5386575431034482,0.37370564348556234,0.09827926652968488,0.5280150899847528
A3_boundary_025,T0_standard,0.25,1.0,1.0,35,0,0,1,0.5588285916185517,0.9918326193987019,0.33205485510932486,22.55778894472362,34,0.681779294117647,0.5588285916185517,0.22677373650922683,0.2143976718722215
A3_boundary_025,T0_standard,0.25,1.0,1.0,37,0,0,1,0.9269818710131776,0.3119746589829596,0.8897450429478557,149.67933966983492,184,1.7882877282608698,0.9269818710131776,0.03578130092150041,0.03723682806532189
A3_boundary_025,T0_standard,0.25,1.0,1.0,38,0,0,1,0.8483499953832173,0.5236006624856091,0.7495442639760833,26.08303249097473,37,0.9075333243243243,0.8483499953832173,0.05284427320964851,0.09880573140713403
A3_boundary_025,T0_standard,0.25,1.0,1.0,39,0,0,1,0.8809968526279877,0.43929335748716225,0.7997586161046971,22.736842105263158,33,0.8299917878787879,0.8809968526279877,0.08123823652329056,0.037764910848721786
A3_boundary_025,T0_standard,0.25,1.0,1.0,41,0,0,1,0.905848009388903,0.37726615347864156,0.8574843107307483,54.378102189781025,70,1.2843535142857143,0.905848009388903,0.04836369865815475,0.045788291952942206
A3_boundary_025,T0_standard,0.25,1.0,1.0,44,0,0,1,0.9152789946478304,0.3464593271170332,0.8628509562284075,16.105882352941176,25,0.5948057999999999,0.9152789946478304,0.0524280384194229,0.032292966932746796
A3_boundary_025,T0_standard,0.25,1.0,1.0,49,1,0,0,0.5621210429633114,0.9889105111998746,0.3414811743094077,16.0,16,0.37066231250000004,0.5621210429633114,0.21723908838278488,0.2206398686539037
A3_boundary_025,T0_standard,0.25,1.0,1.0,51,0,0,1,0.6135989336456056,0.8416325580460151,0.2918620427384265,12.0,18,0.5287885,0.6135989336456056,0.06466417544721526,0.3217368909071791
A3_boundary_025,T0_standard,0.25,1.0,1.0,55,0,0,1,0.8964302268220894,0.38836107114024154,0.8163952151123461,25.03448275862069,39,0.6499513846153847,0.8964302268220894,0.0800350117097432,0.023534761468167416
A3_boundary_025,T0_standard,0.25,1.0,1.0,60,0,0,1,0.9404125930630461,0.2617164981325363,0.8981112259908423,38.21052631578947,51,1.224436588235294,0.9404125930630461,0.042301367072203916,0.017286039864749955
A3_boundary_025,T0_standard,0.25,1.0,1.0,61,0,0,1,0.9001224931817722,0.3896077291336385,0.8354114567563384,23.14814814814815,33,0.9699814242424242,0.9001224931817722,0.03516647039279413,0.06471103642543373
A3_boundary_025,T0_standard,0.25,1.0,1.0,71,2,2,1,0.9578728703686006,0.1972492969437488,0.9253401347707846,9.090909090909092,14,0.6911514999999999,0.03253273559781605,0.009594394033583364,0.9578728703686006
A3_boundary_025,T0_standard,0.25,1.0,1.0,75,0,1,0,0.7095276780904863,0.7120235886697357,0.4553686282977581,12.297872340425531,19,0.7114136315789473,0.036313272116785505,0.7095276780904863,0.25415904979272824
A3_boundary_025,T0_standard,0.25,1.0,1.0,77,0,0,1,0.6815528385223063,0.7866618491721588,0.4279710498214454,9.0,9,0.3371106666666667,0.6815528385223063,0.06486537277683288,0.2535817887008609
A3_boundary_025,T0_standard,0.25,1.0,1.0,84,2,2,1,0.6317167375098419,0.693099056949734,0.27053247815594744,8.0,8,0.40794074999999996,0.007099003136263551,0.3611842593538945,0.6317167375098419
A3_boundary_025,T0_standard,0.25,1.0,1.0,85,2,0,0,0.4937554707311871,0.9479800819380091,0.08990897603555953,6.4,10,0.6327266,0.4937554707311871,0.10239803457318537,0.40384649469562756
A3_boundary_025,T0_standard,0.25,1.0,1.0,86,0,2,0,0.9404753648000479,0.2508852842743199,0.8899176151042409,9.090909090909092,14,0.5406887857142857,0.00896688550414524,0.05055774969580696,0.9404753648000479
A3_boundary_025,T0_standard,0.25,1.0,1.0,87,0,2,0,0.6205472048469999,0.7881023047707669,0.27947469947940856,7.0,7,0.5237958571428571,0.3410725053675913,0.03838028978540884,0.6205472048469999
A3_boundary_025,T0_standard,0.25,1.0,1.0,88,0,0,1,0.5109852971858718,0.8346052519705685,0.06332118626744077,8.0,8,0.40546887499999995,0.5109852971858718,0.04135059189569711,0.44766411091843106
A3_boundary_025,T0_standard,0.25,1.0,1.0,89,0,2,0,0.5566062808681627,0.8195904823774648,0.15256753075835938,7.0,7,0.3756504285714285,0.4040387501098033,0.039354969022034045,0.5566062808681627
A3_boundary_025,T0_standard,0.25,1.0,1.0,90,0,0,1,0.5334511353224568,0.9962546926167088,0.2357273513140853,6.0,9,0.6029300000000001,0.5334511353224568,0.16882508066917168,0.2977237840083715
A3_boundary_025,T0_standard,0.25,1.0,1.0,93,0,0,1,0.7006123649857919,0.7931283690801141,0.4909214765920764,7.048780487804878,11,0.3752034545454545,0.7006123649857919,0.08969674662049247,0.20969088839371555
A3_boundary_025,T0_standard,0.25,1.0,1.0,98,0,0,1,0.762874381713542,0.6677562915694243,0.5741598437034399,17.0,17,0.4362414705882353,0.762874381713542,0.0484110802763558,0.18871453801010216
A3_boundary_025,T0_standard,0.25,1.0,1.0,101,0,0,1,0.8511719266061805,0.5166190866076072,0.753781505011543,13.0,13,0.519376153846154,0.8511719266061805,0.05143765179918223,0.09739042159463747
A3_boundary_025,T0_standard,0.25,1.0,1.0,102,0,0,1,0.9337698448274871,0.2895398946219542,0.8984728805037477,12.0,12,0.54038,0.9337698448274871,0.03093319084877359,0.03529696432373938
A3_boundary_025,T0_standard,0.25,1.0,1.0,106,0,0,1,0.7736094827535241,0.6897958392653594,0.6453745938022899,79.38582677165354,101,1.456544306930693,0.7736094827535241,0.0981556282952416,0.12823488895123428
A3_boundary_025,T0_standard,0.25,1.0,1.0,118,0,0,1,0.868821935623718,0.47309838263239556,0.7828392446080572,18.75,27,0.771531037037037,0.868821935623718,0.04519537336062105,0.08598269101566085
A3_boundary_025,T0_standard,0.25,1.0,1.0,119,0,0,1,0.9349843924715043,0.2854486161536547,0.900144261535553,75.4453781512605,97,1.3621651546391753,0.9349843924715043,0.03017547659254446,0.0348401309359513
A3_boundary_025,T0_standard,0.25,1.0,1.0,120,0,0,1,0.9324609336506448,0.28795433210403865,0.8845746259919693,59.765957446808514,77,1.3922861558441562,0.9324609336506448,0.019652758690679787,0.047886307658675395
A3_boundary_025,T0_standard,0.25,1.0,1.0,123,0,0,1,0.8939080254230076,0.4115109169006642,0.8369263139564161,15.114285714285714,20,0.5155320999999999,0.8939080254230076,0.04911026311040089,0.05698171146659147
A3_boundary_025,T0_standard,0.25,1.0,1.0,124,0,0,1,0.9427765529961164,0.25887267161037575,0.9129691321401947,32.17981072555205,47,0.8481854893617022,0.9427765529961164,0.02980742085592168,0.027416026147962038
A3_boundary_025,T0_standard,0.25,1.0,1.0,129,0,0,1,0.8767687070431992,0.4571471410967587,0.8052940032090553,48.00696864111498,64,1.315091625,0.8767687070431992,0.0517565891226569,0.07147470383414387
A3_boundary_025,T0_standard,0.25,1.0,1.0,130,0,0,1,0.8623584341377393,0.49500873947411606,0.7850229837810091,57.306382978723406,75,1.3049385733333334,0.8623584341377393,0.060306115505530736,0.07733545035673013
A3_boundary_025,T0_standard,0.25,1.0,1.0,134,1,1,1,0.9856363802331154,0.08488187755628364,0.9770415259889094,15.473684210526315,24,0.7835483333333334,0.005768765522678654,0.9856363802331154,0.008594854244205986
A3_boundary_025,T0_standard,0.25,1.0,1.0,136,1,1,1,0.9680180852545235,0.15385973526304597,0.940160729564655,82.41758241758242,102,1.6543439509803923,0.0041245590556080606,0.9680180852545235,0.02785735568986851
A3_boundary_025,T0_standard,0.25,1.0,1.0,138,1,1,1,0.653689727006904,0.6842407878486502,0.3156634097580571,7.0,7,0.46868471428571423,0.008283955744249104,0.653689727006904,0.33802631724884685
A3_boundary_025,T0_standard,0.25,1.0,1.0,140,1,0,0,0.6353361793436552,0.8752771065756322,0.3760236657329903,11.0,11,0.4528042727272727,0.6353361793436552,0.2593125136106649,0.10535130704567999
A3_boundary_025,T0_standard,0.25,1.0,1.0,145,1,1,1,0.9757011553120319,0.1280262523464047,0.9575082604852391,71.54585152838428,91,1.4519752857142858,0.00610594986117515,0.9757011553120319,0.018192894826792875
A3_boundary_025,T0_standard,0.25,1.0,1.0,149,2,2,1,0.8789080935453838,0.44900633551735547,0.802842093269101,9.96551724137931,14,0.40021921428571433,0.045025906178333394,0.0760660002762827,0.8789080935453838
A3_boundary_025,T0_standard,0.25,1.0,1.0,150,2,2,1,0.9115381451073074,0.34490170968918943,0.8420124897530425,8.0,8,0.35506275,0.018936199538427803,0.06952565535426486,0.9115381451073074
A3_boundary_025,T0_standard,0.25,1.0,1.0,151,2,2,1,0.9661709237698374,0.1710824527817482,0.9475308373771597,7.048780487804878,11,0.5133822727272727,0.018640086392677703,0.01518898983748481,0.9661709237698374
A3_boundary_025,T0_standard,0.25,1.0,1.0,152,2,2,1,0.9234689132886003,0.3224438831111885,0.879619787406153,5.0,5,0.2464702,0.04384912588244722,0.03268196082895245,0.9234689132886003
A3_boundary_025,T0_standard,0.25,1.0,1.0,160,2,2,1,0.985629224631975,0.08335931875385373,0.9748898552428841,8.395348837209303,13,0.5016772307692308,0.0036314059789340023,0.010739369389090956,0.985629224631975
A3_boundary_025,T0_standard,0.25,1.0,1.0,168,1,1,1,0.9337980561647844,0.28311722925828003,0.8863039787531778,13.0,13,0.4162788461538462,0.018707866423608843,0.9337980561647844,0.04749407741160664
A3_boundary_025,T0_standard,0.25,1.0,1.0,169,2,2,1,0.958824539514978,0.2001440364172565,0.9371385219243199,7.538461538461538,11,0.44178781818181817,0.02168601759065811,0.019489442894363856,0.958824539514978
A3_boundary_025,T0_standard,0.25,1.0,1.0,174,2,2,1,0.7576377232158555,0.6826771250150596,0.5695413821396585,5.0,5,0.3432982,0.188096341076197,0.054265935707947514,0.7576377232158555
A3_boundary_025,T0_standard,0.25,1.0,1.0,176,2,2,1,0.6984669632824808,0.6304076012965039,0.4002491913609697,20.742857142857144,30,0.8189938999999999,0.0033152647960080495,0.2982177719215111,0.6984669632824808
A3_boundary_025,T0_standard,0.25,1.0,1.0,178,2,2,1,0.9489069472574688,0.21141200916922412,0.9002167088001527,22.628099173553718,32,0.95442090625,0.002402814285215061,0.048690238457316126,0.9489069472574688
A3_boundary_025,T0_standard,0.25,1.0,1.0,184,2,2,1,0.9289747694419697,0.2931815064874056,0.8731656645927274,9.6,15,0.7859551333333333,0.0558091048492423,0.015216125708788018,0.9289747694419697
A3_boundary_025,T0_standard,0.25,1.0,1.0,186,1,0,0,0.8271832645981677,0.5566456776451014,0.6967965775452695,9.6,15,0.6404765999999998,0.8271832645981677,0.0424300483489341,0.13038668705289821
A3_boundary_025,T0_standard,0.25,1.0,1.0,187,2,2,1,0.6682738910603864,0.7937904348686362,0.39760447454849057,9.96551724137931,14,0.5083184285714285,0.2706694165118958,0.06105669242771766,0.6682738910603864
A3_boundary_025,T0_standard,0.25,1.0,1.0,194,2,2,1,0.9435001302753003,0.23020288932535618,0.8904460740598686,7.714285714285714,12,0.537488,0.003445813509267883,0.053054056215431716,0.9435001302753003
A3_boundary_025,T0_standard,0.25,1.0,1.0,198,1,1,1,0.6392889248772498,0.8277670617330457,0.3461224082998525,9.6,15,0.7177088000000001,0.29316651657739723,0.6392889248772498,0.06754455854535303
A3_boundary_025,T0_standard,0.25,1.0,1.0,200,2,2,1,0.9481936847253621,0.23522730771005657,0.9116741143289115,5.0,5,0.2278204,0.03651957039645063,0.015286744878187184,0.9481936847253621
A3_boundary_025,T0_standard,0.25,1.0,1.0,202,2,2,1,0.82815971320086,0.4952848271264883,0.6657332732257819,14.097560975609756,22,0.5913674545454545,0.009413846824061822,0.1624264399750781,0.82815971320086
A3_boundary_025,T0_standard,0.25,1.0,1.0,205,1,1,1,0.918803593910355,0.2935496184609618,0.8403141682395915,41.1764705882353,56,1.062304125,0.0027069804188815,0.918803593910355,0.07848942567076352
A3_boundary_025,T0_standard,0.25,1.0,1.0,206,2,2,1,0.9092709257118958,0.33310667612321415,0.8273396293298116,14.285714285714286,22,0.6087270454545455,0.008797777906019955,0.08193129638208421,0.9092709257118958
A3_boundary_025,T0_standard,0.25,1.0,1.0,212,2,2,1,0.9631156112169934,0.18347835798428508,0.9445480381334023,17.818181818181817,26,0.8470876538461538,0.018316815699415456,0.018567573083591093,0.9631156112169934
A3_boundary_025,T0_standard,0.25,1.0,1.0,214,2,2,1,0.9535075209930854,0.211826725493162,0.916685687224408,32.47398843930636,46,1.0707565,0.009670645238237048,0.03682183376867738,0.9535075209930854
A3_boundary_025,T0_standard,0.25,1.0,1.0,222,2,2,1,0.9430191169382025,0.2554707864032014,0.9059823487515536,4.0,4,0.5312697500000001,0.01994411487514857,0.037036768186648875,0.9430191169382025
A3_boundary_025,T0_standard,0.25,1.0,1.0,229,1,1,1,0.8225086070178661,0.48127539430175215,0.6476518392431584,16.0,21,0.46933819047619046,0.0026346252074260744,0.8225086070178661,0.17485676777470774
A3_boundary_025,T0_standard,0.25,1.0,1.0,231,2,2,1,0.9653976719252988,0.16259749127399886,0.9347047563039196,5.0,5,0.4425108,0.003909412453322029,0.03069291562137922,0.9653976719252988
A3_boundary_025,T0_standard,0.25,1.0,1.0,233,2,2,1,0.6017064167206353,0.7108672142630328,0.21125182251769448,49.972972972972975,67,1.22872771641791,0.007838989076423972,0.3904545942029408,0.6017064167206353
A3_boundary_025,T0_standard,0.25,1.0,1.0,235,2,2,1,0.9405282490396241,0.2528919572563874,0.8913368348095833,16.105882352941176,25,0.58303204,0.010280336730335246,0.049191414230040836,0.9405282490396241
A3_boundary_025,T0_standard,0.25,1.0,1.0,239,2,2,1,0.8986277028045216,0.39801979974806234,0.8438297946793321,11.538461538461538,18,0.5865500555555556,0.05479790812518955,0.046574389070288845,0.8986277028045216
A3_boundary_025,T0_standard,0.25,1.0,1.0,242,2,2,1,0.704988043619368,0.6880709367377202,0.4332717145303505,9.8,15,0.6072851333333332,0.27171632908901744,0.02329562729161472,0.704988043619368
A3_boundary_025,T0_standard,0.25,1.0,1.0,244,2,2,1,0.9524118487637349,0.22267231363771003,0.9223609292481302,85.78706199460916,108,1.5329172870370373,0.01753723172066051,0.03005091951560465,0.9524118487637349
A3_boundary_025,T0_standard,0.25,1.0,1.0,245,2,2,1,0.9651925600968319,0.1744054458138281,0.9440799718997253,8.344827586206897,13,0.5391935384615386,0.021112588197106638,0.013694851706061405,0.9651925600968319
A3_boundary_025,T0_standard,0.25,1.0,1.0,249,0,0,1,0.7415337438864802,0.745034818648079,0.5855752335078139,21.81132075471698,32,0.737368,0.7415337438864802,0.10250774573485369,0.1559585103786662
A3_boundary_025,T0_standard,0.25,1.0,1.0,253,0,0,1,0.8669696063601269,0.47778292501314945,0.7797800222693537,73.49464668094218,94,1.2869785319148936,0.8669696063601269,0.04584080954910002,0.08718958409077318
A3_boundary_025,T0_standard,0.25,1.0,1.0,259,1,0,0,0.5276859047769199,0.9916963522062365,0.2120183042194475,10.0,10,0.49205679999999996,0.5276859047769199,0.15664649466560773,0.3156676005574724
A3_boundary_025,T0_standard,0.25,1.0,1.0,260,1,1,1,0.8317597672919562,0.4717752034239381,0.6674609374039441,8.333333333333334,12,0.5609836666666668,0.003941402820031711,0.8317597672919562,0.16429882988801214
A3_boundary_025,T0_standard,0.25,1.0,1.0,269,1,1,1,0.9576289442187066,0.1869193792528945,0.9185257223284864,11.0,11,0.3788078181818182,0.003267833891073213,0.9576289442187066,0.03910322189022017
A3_boundary_025,T0_standard,0.25,1.0,1.0,270,1,1,1,0.9916737348871163,0.05236599648735484,0.9850410847535078,7.0,7,0.36814757142857146,0.0016936149792751503,0.9916737348871163,0.006632650133608465
A3_boundary_025,T0_standard,0.25,1.0,1.0,271,2,2,1,0.4711547055272147,1.0036488059216135,0.08890001743747727,4.0,4,0.6352672500000001,0.38225468808973745,0.14659060638304783,0.4711547055272147
A3_boundary_025,T0_standard,0.25,1.0,1.0,276,1,2,0,0.6568103096235202,0.6897890619044605,0.32403688146447346,8.0,8,0.425745125,0.010416262217433182,0.3327734281590467,0.6568103096235202
A3_boundary_025,T0_standard,0.25,1.0,1.0,278,1,1,1,0.9553083229031947,0.19147968268120513,0.9128612962820947,6.76,10,0.49930959999999996,0.002244650475705268,0.9553083229031947,0.042447026621099955
A3_boundary_025,T0_standard,0.25,1.0,1.0,290,2,2,1,0.9098557610743656,0.331861697241034,0.828583576761841,7.142857142857143,11,0.6727623636363637,0.008872054613109838,0.08127218431252457,0.9098557610743656
A3_boundary_025,T0_standard,0.25,1.0,1.0,293,2,2,1,0.9716583275927724,0.14383147152285194,0.9495269698402544,11.709677419354838,18,0.6691911666666666,0.006210314654709693,0.02213135775251791,0.9716583275927724
A3_boundary_025,T0_standard,0.25,1.0,1.0,297,2,2,1,0.7163338158923804,0.7891689303053524,0.551227725369667,6.76,10,0.4448850999999999,0.1651060905227134,0.11856009358490623,0.7163338158923804
A3_boundary_025,T0_standard,0.25,1.0,1.0,298,2,2,1,0.8127738479380403,0.61132489903036,0.7115089696338082,10.31578947368421,16,0.6169322500000001,0.08596127375772777,0.10126487830423209,0.8127738479380403
A3_boundary_025,T0_standard,0.25,1.0,1.0,299,1,1,1,0.8959618160555782,0.3439791830998783,0.7939821068379064,10.922077922077921,17,0.6325850000000001,0.0020584747267500575,0.8959618160555782,0.10197970921767188
A3_boundary_025,T0_standard,0.25,1.0,1.0,304,1,1,1,0.992204349877367,0.05100919262478615,0.9882414325719152,14.285714285714286,22,0.6175126818181818,0.003962917305451836,0.992204349877367,0.0038327328171810842
A3_boundary_025,T0_standard,0.25,1.0,1.0,308,2,2,1,0.9031913891919108,0.35774541263524084,0.8202287567731406,14.0,21,0.744395857142857,0.013845978389319101,0.08296263241877017,0.9031913891919108
A3_boundary_025,T0_standard,0.25,1.0,1.0,311,1,1,1,0.7381473888644828,0.600074515709685,0.4813825744047651,16.0,25,0.62898604,0.0050877966757994575,0.7381473888644828,0.2567648144597177
A3_boundary_025,T0_standard,0.25,1.0,1.0,314,1,1,1,0.9612665677434289,0.17256481688675657,0.9248121581941775,9.0,9,0.4122361111111112,0.0022790227073197227,0.9612665677434289,0.03645440954925137
A3_boundary_025,T0_standard,0.25,1.0,1.0,321,2,2,1,0.9667629991011023,0.16086901405698276,0.9391113003080894,4.0,4,0.34794725,0.005585302105884775,0.02765169879301293,0.9667629991011023
A3_boundary_025,T0_standard,0.25,1.0,1.0,322,1,1,1,0.8768838042077147,0.38788983149255973,0.7569575953032364,8.344827586206897,13,0.5984578461538462,0.003189986887806862,0.8768838042077147,0.1199262089044784
A3_boundary_025,T0_standard,0.25,1.0,1.0,324,1,2,0,0.7567246945405968,0.5793249587647566,0.5184822665018793,7.0,7,0.3544742857142857,0.005032877420685849,0.23824242803871737,0.7567246945405968
A3_boundary_025,T0_standard,0.25,1.0,1.0,326,2,2,1,0.9652967494105684,0.171861824867151,0.9409269819824249,7.0,7,0.42478699999999997,0.010333483161287887,0.024369767428143566,0.9652967494105684
A3_boundary_025,T0_standard,0.25,1.0,1.0,327,1,1,1,0.9106648615664137,0.3087951065090878,0.8228742366299743,9.0,9,0.38338188888888886,0.0015445134971468722,0.9106648615664137,0.08779062493643937
A3_boundary_025,T0_standard,0.25,1.0,1.0,329,1,1,1,0.9182677592432268,0.31428270517907614,0.847015387224702,6.0,6,0.44581633333333337,0.07125237201852473,0.9182677592432268,0.010479868738248495
A3_boundary_025,T0_standard,0.25,1.0,1.0,331,1,1,1,0.6205933794131476,0.6858334449911255,0.2451586982447711,7.0,7,0.4697390000000001,0.003971939418475793,0.6205933794131476,0.3754346811683765
A3_boundary_025,T0_standard,0.25,1.0,1.0,332,2,2,1,0.7101576278847993,0.8021672950416556,0.5548389869149248,11.709677419354838,18,0.71271,0.1553186409698744,0.13452373114532634,0.7101576278847993
A3_boundary_025,T0_standard,0.25,1.0,1.0,334,1,1,1,0.939673372283159,0.2391861357314616,0.8821435714467138,10.922077922077921,17,0.6182341764705882,0.002796826880396016,0.939673372283159,0.05752980083644507
A3_boundary_025,T0_standard,0.25,1.0,1.0,338,1,0,0,0.8916672036503298,0.41733089399624923,0.831029155687224,138.27677185721677,163,1.9818752024539878,0.8916672036503298,0.06063804796310574,0.04769474838656441
A3_boundary_025,T0_standard,0.25,1.0,1.0,339,1,0,0,0.7932401214580398,0.6526556440334252,0.684373109314363,43.27038626609442,61,0.9155766885245903,0.7932401214580398,0.09789286639828346,0.10886701214367674
A3_boundary_025,T0_standard,0.25,1.0,1.0,340,0,0,1,0.8878080308542984,0.4139055621474648,0.8034306620443913,61.252873563218394,78,1.3844180128205126,0.8878080308542984,0.08437736880990708,0.02781460033579461
A3_boundary_025,T0_standard,0.25,1.0,1.0,347,0,0,1,0.777691118487664,0.6577167184252151,0.6136692716740805,14.0,14,0.44679828571428576,0.777691118487664,0.0582870346987524,0.16402184681358353
A3_boundary_025,T0_standard,0.25,1.0,1.0,360,2,2,1,0.8895953598917321,0.3656341244608411,0.7835227821177402,7.714285714285714,12,0.5786047499999999,0.004332062334275816,0.10607257777399196,0.8895953598917321
A3_boundary_025,T0_standard,0.25,1.0,1.0,361,2,2,1,0.8077300926910611,0.6097419811713162,0.6766122520813451,6.76,10,0.5130506,0.06115206669922287,0.13111784060971599,0.8077300926910611
A3_boundary_025,T0_standard,0.25,1.0,1.0,362,2,2,1,0.8191661286485854,0.5624106603775838,0.673972582768781,7.538461538461538,11,0.5684201818181817,0.035640325471610286,0.14519354587980432,0.8191661286485854
A3_boundary_025,T0_standard,0.25,1.0,1.0,366,0,0,1,0.8407872725038157,0.4866684768779642,0.6959636175078094,6.0,6,0.3645646666666667,0.8407872725038157,0.014389072500178028,0.14482365499600625
A3_boundary_025,T0_standard,0.25,1.0,1.0,374,0,0,1,0.95065021680614,0.23025941453214643,0.922319988641384,11.571428571428571,18,0.5402341666666667,0.95065021680614,0.02833022816475606,0.021019555029103864
A3_boundary_025,T0_standard,0.25,1.0,1.0,376,0,0,1,0.9355370900991429,0.2833885317150041,0.8998625454123633,11.571428571428571,18,0.5590460555555555,0.9355370900991429,0.0356745446867796,0.028788365214077627
A3_boundary_025,T0_standard,0.25,1.0,1.0,378,0,0,1,0.9168730754268368,0.3435048782067949,0.8709645180258835,11.64516129032258,16,0.487147875,0.9168730754268368,0.037218367172209874,0.045908557400953315
A3_boundary_025,T0_standard,0.25,1.0,1.0,380,0,0,1,0.9268206569735463,0.31175240114063807,0.8849736959601502,12.25,19,0.48924563157894735,0.9268206569735463,0.04184696101339614,0.03133238201305753
A3_boundary_025,T0_standard,0.25,1.0,1.0,387,0,0,1,0.8615998992825248,0.4719303305668402,0.7513347720954786,32.35294117647059,44,1.1116842272727274,0.8615998992825248,0.02813497353042911,0.11026512718704613
A3_boundary_025,T0_standard,0.25,1.0,1.0,388,0,0,1,0.8519351707527614,0.5211082936495727,0.7699311560834659,15.125,23,0.6896618260869564,0.8519351707527614,0.06606081457794315,0.08200401466929555
A3_boundary_025,T0_standard,0.25,1.0,1.0,389,0,0,1,0.9400440380766001,0.26759816230963324,0.9051601479739376,16.0,24,0.8380092500000001,0.9400440380766001,0.0348838901026625,0.025072071820737535
A3_boundary_025,T0_standard,0.25,1.0,1.0,391,0,0,1,0.9427831452502158,0.2574285426927784,0.9077153742576151,23.672131147540984,34,0.927025911764706,0.9427831452502158,0.03506777099260068,0.022149083757183496
A3_boundary_025,T0_standard,0.25,1.0,1.0,400,0,0,1,0.9497070749650288,0.23422271521935834,0.9239562666391375,9.6,15,0.5019540666666668,0.9497070749650288,0.025750808325891224,0.02454211670907991
A3_boundary_025,T0_standard,0.25,1.0,1.0,403,0,0,1,0.9306368073492859,0.2977622116896452,0.8870635620425846,8.395348837209303,13,0.619328,0.9306368073492859,0.02578994734401287,0.043573245306701314
A3_boundary_025,T0_standard,0.25,1.0,1.0,405,0,0,1,0.8788092226187356,0.4366857575873319,0.7872382386734206,34.793611793611795,47,1.081583680851064,0.8788092226187356,0.02961979343594944,0.09157098394531503
A3_boundary_025,T0_standard,0.25,1.0,1.0,411,2,2,1,0.9454040232959279,0.24587887299674818,0.9080465359762876,3.0,3,0.201223,0.017238489384431947,0.03735748731964023,0.9454040232959279
A3_boundary_025,T0_standard,0.25,1.0,1.0,413,0,0,1,0.9318146134576254,0.2961405961338848,0.8965322427290554,61.73626373626374,83,1.1146613373493979,0.9318146134576254,0.035282370728569996,0.032903015813804545
A3_boundary_025,T0_standard,0.25,1.0,1.0,421,0,0,1,0.9139012930818854,0.3525286179035101,0.865912669392165,40.344,60,0.8280121,0.9139012930818854,0.03811008322839431,0.04798862368972033
A3_boundary_025,T0_standard,0.25,1.0,1.0,422,0,0,1,0.9517278163813617,0.22659914918177326,0.9251053006961507,52.02061855670103,72,0.9631183333333332,0.9517278163813617,0.02164966793342733,0.026622515685210988
A3_boundary_025,T0_standard,0.25,1.0,1.0,426,0,0,1,0.9498302794864377,0.22818675762485294,0.9131164618664525,27.990291262135923,39,1.0525164615384617,0.9498302794864377,0.0367138176199853,0.013455902893577064
A3_boundary_025,T0_standard,0.25,1.0,1.0,429,0,0,1,0.9065576006824624,0.37433464804797634,0.8534874450269032,50.943396226415096,66,1.4506720606060608,0.9065576006824624,0.04037224366197851,0.053070155655559136
A3_boundary_025,T0_standard,0.25,1.0,1.0,430,0,0,1,0.9042508886884837,0.3817646920508474,0.852955302637915,54.378102189781025,70,1.3141251428571425,0.9042508886884837,0.044453525260947625,0.0512955860505687
A3_boundary_025,T0_standard,0.25,1.0,1.0,432,0,0,1,0.8982582803791522,0.3991170172364406,0.8434949889458657,78.42603550295858,99,1.6191042626262624,0.8982582803791522,0.05476329143328648,0.046978428187561386
A3_boundary_025,T0_standard,0.25,1.0,1.0,433,0,0,1,0.9007505058583303,0.39090833019277393,0.843059445281417,49.47715736040609,66,1.1340002424242426,0.9007505058583303,0.05769106057691331,0.04155843356475635
A3_boundary_025,T0_standard,0.25,1.0,1.0,438,0,0,1,0.9470597977233052,0.24374455924011917,0.9196421544691731,134.7614973262032,160,2.0565121187499997,0.9470597977233052,0.027417643254132113,0.025522559022562622
A3_boundary_025,T0_standard,0.25,1.0,1.0,439,0,0,1,0.9388938587489913,0.272321368171779,0.9073141209368148,118.86245353159852,144,1.8719137986111112,0.9388938587489913,0.029526403438832224,0.03157973781217649
A3_boundary_025,T0_standard,0.25,1.0,1.0,452,1,1,1,0.9506254158904276,0.20861887400130277,0.9044880684232725,10.245901639344263,16,0.5164338125,0.0032372366424171526,0.9506254158904276,0.046137347467155185
A4_gradual_050_075_100,T0_standard,0.5,0.75,1.0,1,1,1,1,0.9792152315018329,0.11428486998894175,0.9653261251111855,177.60204081632654,191,1.7893955968586386,0.013889106390647287,0.9792152315018329,0.006895662107519924
A4_gradual_050_075_100,T0_standard,0.5,0.75,1.0,2,0,1,0,0.4345977430669371,1.0338909258586437,0.04357732610695325,27.28421052631579,29,0.9194155862068966,0.39102041695998385,0.4345977430669371,0.1743818399730791
A4_gradual_050_075_100,T0_standard,0.5,0.75,1.0,7,0,0,1,0.6713942074947952,0.8446546148647411,0.4557662746498591,64.78086956521739,70,1.2559205428571434,0.6713942074947952,0.11297785966026878,0.21562793284493606
A4_gradual_050_075_100,T0_standard,0.5,0.75,1.0,8,0,0,1,0.9130792893179672,0.3554284205733416,0.866858866839594,63.78983050847457,69,1.4160222753623186,0.9130792893179672,0.04622042247837318,0.040700288203659646
A4_gradual_050_075_100,T0_standard,0.5,0.75,1.0,9,0,0,1,0.821734095042249,0.5918551875646381,0.7261791316793944,89.75620767494357,97,1.6381157731958764,0.821734095042249,0.08271094159489632,0.09555496336285464
A4_gradual_050_075_100,T0_standard,0.5,0.75,1.0,12,0,0,1,0.9216189660223398,0.3289859559370208,0.8800783152484631,60.264591439688715,65,1.1779163384615385,0.9216189660223398,0.0368403832037835,0.04154065077387674
A4_gradual_050_075_100,T0_standard,0.5,0.75,1.0,15,1,1,1,0.9904851045737989,0.06030970639314513,0.9852609536187246,35.50566037735849,38,1.0010864210526318,0.004290744471126674,0.9904851045737989,0.005224150955074344
A4_gradual_050_075_100,T0_standard,0.5,0.75,1.0,18,1,0,0,0.9316709362833596,0.28496832867752875,0.878115834228533,88.70983213429257,96,1.3256457604166665,0.9316709362833596,0.053555102054826595,0.014773961661813807
A4_gradual_050_075_100,T0_standard,0.5,0.75,1.0,22,1,1,1,0.9880451620286579,0.07249572460418366,0.9802002315337958,18.306930693069308,19,0.8067329999999999,0.004109907476479872,0.9880451620286579,0.0078449304948621
A4_gradual_050_075_100,T0_standard,0.5,0.75,1.0,28,1,1,1,0.9374951461452982,0.25865862741107815,0.8834907822985965,20.26605504587156,21,0.7458260476190477,0.008500490008000244,0.9374951461452982,0.05400436384670173
A4_gradual_050_075_100,T0_standard,0.5,0.75,1.0,29,1,1,1,0.8289421999436677,0.5016127212838758,0.6701171765329159,12.789473684210526,13,0.504573923076923,0.01223277664558046,0.8289421999436677,0.15882502341075175
A4_gradual_050_075_100,T0_standard,0.5,0.75,1.0,32,0,2,0,0.5540190247606478,0.9154446174836992,0.20088981039977055,107.38294010889292,116,1.5386575431034482,0.35312921436087724,0.09285176087847483,0.5540190247606478
A4_gradual_050_075_100,T0_standard,0.5,0.75,1.0,35,0,0,1,0.5215305188519658,1.0235117359394663,0.2730449606387778,32.675392670157066,34,0.681779294117647,0.5215305188519658,0.248485558213188,0.22998392293484618
A4_gradual_050_075_100,T0_standard,0.5,0.75,1.0,37,0,0,1,0.9185872107202601,0.33857374371988347,0.8762706496277882,170.54211663066954,184,1.7882877282608698,0.9185872107202601,0.039096228187268184,0.042316561092471804
A4_gradual_050_075_100,T0_standard,0.5,0.75,1.0,38,0,0,1,0.8459611493297279,0.5304810148656208,0.7476877640756484,34.97520661157025,37,0.9075333243243243,0.8459611493297279,0.05576546541619255,0.09827338525407947
A4_gradual_050_075_100,T0_standard,0.5,0.75,1.0,39,0,0,1,0.8838108681582352,0.43459945852187754,0.8084674103113716,31.68020304568528,33,0.8299917878787879,0.8838108681582352,0.07534345784686355,0.040845673994901355
A4_gradual_050_075_100,T0_standard,0.5,0.75,1.0,41,0,0,1,0.9055458875909941,0.3781463332553969,0.8568145857625487,64.6416,70,1.2843535142857143,0.9055458875909941,0.048731301828445484,0.045722810580560415
A4_gradual_050_075_100,T0_standard,0.5,0.75,1.0,44,0,0,1,0.9093523135901758,0.36385841709517075,0.8524181602818969,24.3,25,0.5948057999999999,0.9093523135901758,0.05693415330827888,0.03371353310154542
A4_gradual_050_075_100,T0_standard,0.5,0.75,1.0,49,1,0,0,0.5621210429633114,0.9889105111998746,0.3414811743094077,16.0,16,0.37066231250000004,0.5621210429633114,0.21723908838278488,0.2206398686539037
A4_gradual_050_075_100,T0_standard,0.5,0.75,1.0,51,0,0,1,0.596848125414186,0.8577442673506217,0.26203295025969814,17.609756097560975,18,0.5287885,0.596848125414186,0.06833669943132616,0.33481517515448783
A4_gradual_050_075_100,T0_standard,0.5,0.75,1.0,55,0,0,1,0.8897569195141352,0.4055604492779774,0.8041249203426972,37.656716417910445,39,0.6499513846153847,0.8897569195141352,0.08563199917143796,0.024611081314426846
A4_gradual_050_075_100,T0_standard,0.5,0.75,1.0,60,0,0,1,0.9402645172949573,0.26331864358735335,0.8991693644454449,47.23960880195599,51,1.224436588235294,0.9402645172949573,0.041095152849512345,0.018640329855530338
A4_gradual_050_075_100,T0_standard,0.5,0.75,1.0,61,0,0,1,0.8770134722232532,0.4498239960041634,0.7932424833991304,30.89237668161435,33,0.9699814242424242,0.8770134722232532,0.03921553895262401,0.08377098882412279
A4_gradual_050_075_100,T0_standard,0.5,0.75,1.0,71,2,2,1,0.9476850771550615,0.2314669225875894,0.905842245162821,13.636363636363637,14,0.6911514999999999,0.04184283199224046,0.01047209085269815,0.9476850771550615
A4_gradual_050_075_100,T0_standard,0.5,0.75,1.0,75,0,1,0,0.7444061668351264,0.6946026731388343,0.5387216357982492,18.306930693069308,19,0.7114136315789473,0.04990930212799642,0.7444061668351264,0.20568453103687717
A4_gradual_050_075_100,T0_standard,0.5,0.75,1.0,77,0,0,1,0.6815528385223063,0.7866618491721588,0.4279710498214454,9.0,9,0.3371106666666667,0.6815528385223063,0.06486537277683288,0.2535817887008609
A4_gradual_050_075_100,T0_standard,0.5,0.75,1.0,84,2,2,1,0.6317167375098419,0.693099056949734,0.27053247815594744,8.0,8,0.40794074999999996,0.007099003136263551,0.3611842593538945,0.6317167375098419
A4_gradual_050_075_100,T0_standard,0.5,0.75,1.0,85,2,2,1,0.4463952287398583,0.9601824279816848,0.0004960077036245125,9.68,10,0.6327266,0.4458992210362338,0.10770555022390796,0.4463952287398583
A4_gradual_050_075_100,T0_standard,0.5,0.75,1.0,86,0,2,0,0.9442532983219022,0.23915721474063129,0.8971556741219564,13.636363636363637,14,0.5406887857142857,0.008649077478151844,0.04709762419994583,0.9442532983219022
A4_gradual_050_075_100,T0_standard,0.5,0.75,1.0,87,0,2,0,0.6205472048469999,0.7881023047707669,0.27947469947940856,7.0,7,0.5237958571428571,0.3410725053675913,0.03838028978540884,0.6205472048469999
A4_gradual_050_075_100,T0_standard,0.5,0.75,1.0,88,0,0,1,0.5109852971858718,0.8346052519705685,0.06332118626744077,8.0,8,0.40546887499999995,0.5109852971858718,0.04135059189569711,0.44766411091843106
A4_gradual_050_075_100,T0_standard,0.5,0.75,1.0,89,0,2,0,0.5566062808681627,0.8195904823774648,0.15256753075835938,7.0,7,0.3756504285714285,0.4040387501098033,0.039354969022034045,0.5566062808681627
A4_gradual_050_075_100,T0_standard,0.5,0.75,1.0,90,0,0,1,0.5481493941843105,0.9846315352628123,0.26051603650027927,8.804878048780488,9,0.6029300000000001,0.5481493941843105,0.16421724813165808,0.28763335768403125
A4_gradual_050_075_100,T0_standard,0.5,0.75,1.0,93,0,0,1,0.646836493047126,0.8571075370100145,0.39079788135646126,10.666666666666666,11,0.3752034545454545,0.646836493047126,0.09712489526220926,0.2560386116906647
A4_gradual_050_075_100,T0_standard,0.5,0.75,1.0,98,0,0,1,0.762874381713542,0.6677562915694243,0.5741598437034399,17.0,17,0.4362414705882353,0.762874381713542,0.0484110802763558,0.18871453801010216
A4_gradual_050_075_100,T0_standard,0.5,0.75,1.0,101,0,0,1,0.8511719266061805,0.5166190866076072,0.753781505011543,13.0,13,0.519376153846154,0.8511719266061805,0.05143765179918223,0.09739042159463747
A4_gradual_050_075_100,T0_standard,0.5,0.75,1.0,102,0,0,1,0.9337698448274871,0.2895398946219542,0.8984728805037477,12.0,12,0.54038,0.9337698448274871,0.03093319084877359,0.03529696432373938
A4_gradual_050_075_100,T0_standard,0.5,0.75,1.0,106,0,0,1,0.7626040253347199,0.706956075784474,0.6181035412692826,93.27438370846731,101,1.456544306930693,0.7626040253347199,0.09289549059984273,0.14450048406543742
A4_gradual_050_075_100,T0_standard,0.5,0.75,1.0,118,0,0,1,0.815072355738279,0.589924271521525,0.6835355009289312,25.623529411764707,27,0.771531037037037,0.815072355738279,0.05339078945237327,0.1315368548093477
A4_gradual_050_075_100,T0_standard,0.5,0.75,1.0,119,0,0,1,0.9270125283419645,0.31086325874785387,0.8844119361781139,89.92271105826397,97,1.3621651546391753,0.9270125283419645,0.030386879494184817,0.04260059216385059
A4_gradual_050_075_100,T0_standard,0.5,0.75,1.0,120,0,0,1,0.9256244189642161,0.30863426070172006,0.8717806860876294,71.09315866084425,77,1.3922861558441562,0.9256244189642161,0.02053184815919707,0.05384373287658676
A4_gradual_050_075_100,T0_standard,0.5,0.75,1.0,123,0,0,1,0.8921441777512928,0.41643508989095496,0.8339765072311159,19.776470588235295,20,0.5155320999999999,0.8921441777512928,0.04968815172853039,0.058167670520176885
A4_gradual_050_075_100,T0_standard,0.5,0.75,1.0,124,0,0,1,0.9324780095024993,0.2939452638421327,0.8975721119349891,44.50684931506849,47,0.8481854893617022,0.9324780095024993,0.03261609292999059,0.034905897567510134
A4_gradual_050_075_100,T0_standard,0.5,0.75,1.0,129,0,0,1,0.8520822551844139,0.5182782273097792,0.7624875696773615,59.11450381679389,64,1.315091625,0.8520822551844139,0.05832305930853377,0.08959468550705242
A4_gradual_050_075_100,T0_standard,0.5,0.75,1.0,130,0,0,1,0.8458844034432766,0.5351753968076332,0.7583402353456175,69.33962264150944,75,1.3049385733333334,0.8458844034432766,0.0665714284590642,0.0875441680976592
A4_gradual_050_075_100,T0_standard,0.5,0.75,1.0,134,1,1,1,0.9821157127089117,0.1019692246238146,0.9721649825386253,23.142857142857142,24,0.7835483333333334,0.007933557120801758,0.9821157127089117,0.009950730170286507
A4_gradual_050_075_100,T0_standard,0.5,0.75,1.0,136,1,1,1,0.9621496340461181,0.17639518697938528,0.929607086108218,94.53259779338013,102,1.6543439509803923,0.005307818015981678,0.9621496340461181,0.03254254793790015
A4_gradual_050_075_100,T0_standard,0.5,0.75,1.0,138,1,1,1,0.653689727006904,0.6842407878486502,0.3156634097580571,7.0,7,0.46868471428571423,0.008283955744249104,0.653689727006904,0.33802631724884685
A4_gradual_050_075_100,T0_standard,0.5,0.75,1.0,140,1,0,0,0.6353361793436552,0.8752771065756322,0.3760236657329903,11.0,11,0.4528042727272727,0.6353361793436552,0.2593125136106649,0.10535130704567999
A4_gradual_050_075_100,T0_standard,0.5,0.75,1.0,145,1,1,1,0.9615368934806093,0.1817353935765441,0.9303852751638654,84.17391304347827,91,1.4519752857142858,0.007311488202646631,0.9615368934806093,0.03115161831674397
A4_gradual_050_075_100,T0_standard,0.5,0.75,1.0,149,2,2,1,0.8603313269431369,0.4965919464648768,0.772710229454473,13.78688524590164,14,0.40021921428571433,0.052047575568199174,0.08762109748866387,0.8603313269431369
A4_gradual_050_075_100,T0_standard,0.5,0.75,1.0,150,2,2,1,0.9115381451073074,0.34490170968918943,0.8420124897530425,8.0,8,0.35506275,0.018936199538427803,0.06952565535426486,0.9115381451073074
A4_gradual_050_075_100,T0_standard,0.5,0.75,1.0,151,2,2,1,0.9604380360450305,0.19385838843090034,0.9391599597873965,10.666666666666666,11,0.5133822727272727,0.02127807625763395,0.018283887697335608,0.9604380360450305
A4_gradual_050_075_100,T0_standard,0.5,0.75,1.0,152,2,2,1,0.9234689132886003,0.3224438831111885,0.879619787406153,5.0,5,0.2464702,0.04384912588244722,0.03268196082895245,0.9234689132886003
A4_gradual_050_075_100,T0_standard,0.5,0.75,1.0,160,2,2,1,0.9844595263648405,0.08886706902126701,0.9727984547120948,12.64516129032258,13,0.5016772307692308,0.003879401982414075,0.011661071652745606,0.9844595263648405
A4_gradual_050_075_100,T0_standard,0.5,0.75,1.0,168,1,1,1,0.9337980561647844,0.28311722925828003,0.8863039787531778,13.0,13,0.4162788461538462,0.018707866423608843,0.9337980561647844,0.04749407741160664
A4_gradual_050_075_100,T0_standard,0.5,0.75,1.0,169,2,2,1,0.9576216366810476,0.20479665584283271,0.9360154676946065,10.795918367346939,11,0.44178781818181817,0.020772194332511273,0.021606168986441104,0.9576216366810476
A4_gradual_050_075_100,T0_standard,0.5,0.75,1.0,174,2,2,1,0.7576377232158555,0.6826771250150596,0.5695413821396585,5.0,5,0.3432982,0.188096341076197,0.054265935707947514,0.7576377232158555
A4_gradual_050_075_100,T0_standard,0.5,0.75,1.0,176,2,2,1,0.7046624609827759,0.6262326052252905,0.4129082920998264,28.8,30,0.8189938999999999,0.003583370134274783,0.29175416888294947,0.7046624609827759
A4_gradual_050_075_100,T0_standard,0.5,0.75,1.0,178,2,2,1,0.9383972577765899,0.24148487011884612,0.8791910009972305,29.958904109589042,32,0.95442090625,0.0023964854440506715,0.059206256779359374,0.9383972577765899
A4_gradual_050_075_100,T0_standard,0.5,0.75,1.0,184,2,2,1,0.902913688621604,0.3672669796860475,0.8252817391139571,14.52,15,0.7859551333333333,0.07763194950764697,0.019454361870748955,0.902913688621604
A4_gradual_050_075_100,T0_standard,0.5,0.75,1.0,186,1,0,0,0.8166195736404867,0.5813323589666302,0.6806931849577378,14.52,15,0.6404765999999998,0.8166195736404867,0.04745403767676441,0.1359263886827488
A4_gradual_050_075_100,T0_standard,0.5,0.75,1.0,187,2,2,1,0.6431765836263271,0.7850370473297125,0.33045825054895667,13.78688524590164,14,0.5083184285714285,0.31271833307737046,0.04410508329630245,0.6431765836263271
A4_gradual_050_075_100,T0_standard,0.5,0.75,1.0,194,2,2,1,0.9445624051938705,0.22685736002385798,0.8924692613032363,11.655172413793103,12,0.537488,0.0033444509154953736,0.052093143890634096,0.9445624051938705
A4_gradual_050_075_100,T0_standard,0.5,0.75,1.0,198,1,1,1,0.6185780672149981,0.8169683024498398,0.2893250914679624,14.52,15,0.7177088000000001,0.32925297574703566,0.6185780672149981,0.0521689570379662
A4_gradual_050_075_100,T0_standard,0.5,0.75,1.0,200,2,2,1,0.9481936847253621,0.23522730771005657,0.9116741143289115,5.0,5,0.2278204,0.03651957039645063,0.015286744878187184,0.9481936847253621
A4_gradual_050_075_100,T0_standard,0.5,0.75,1.0,202,2,2,1,0.8574990884799267,0.45116883269460256,0.7272161701122226,21.333333333333332,22,0.5913674545454545,0.0122179931523691,0.13028291836770411,0.8574990884799267
A4_gradual_050_075_100,T0_standard,0.5,0.75,1.0,205,1,1,1,0.8707940322713792,0.3986770442671653,0.7444681896749721,52.15238095238095,56,1.062304125,0.002880125132213666,0.8707940322713792,0.1263258425964071
A4_gradual_050_075_100,T0_standard,0.5,0.75,1.0,206,2,2,1,0.8924908160082965,0.37677261587996724,0.7959831605605175,21.1864406779661,22,0.6087270454545455,0.0110015285439245,0.09650765544777895,0.8924908160082965
A4_gradual_050_075_100,T0_standard,0.5,0.75,1.0,212,2,2,1,0.9525700976514241,0.2237351583647315,0.9282054170760302,24.961038961038962,26,0.8470876538461538,0.02436468057539384,0.023065221773182192,0.9525700976514241
A4_gradual_050_075_100,T0_standard,0.5,0.75,1.0,214,2,2,1,0.9441001889798625,0.24486063722385604,0.9003985663514686,42.35294117647059,46,1.0707565,0.0121981883917438,0.04370162262839382,0.9441001889798625
A4_gradual_050_075_100,T0_standard,0.5,0.75,1.0,222,2,2,1,0.9430191169382025,0.2554707864032014,0.9059823487515536,4.0,4,0.5312697500000001,0.01994411487514857,0.037036768186648875,0.9430191169382025
A4_gradual_050_075_100,T0_standard,0.5,0.75,1.0,229,1,1,1,0.802703470168799,0.5105642782827728,0.6080287123875553,20.775280898876403,21,0.46933819047619046,0.002621772049957314,0.802703470168799,0.19467475778124368
A4_gradual_050_075_100,T0_standard,0.5,0.75,1.0,231,2,2,1,0.9653976719252988,0.16259749127399886,0.9347047563039196,5.0,5,0.4425108,0.003909412453322029,0.03069291562137922,0.9653976719252988
A4_gradual_050_075_100,T0_standard,0.5,0.75,1.0,233,2,2,1,0.5960519684330137,0.7248623525037601,0.20304698019886575,61.55871886120996,67,1.22872771641791,0.010943043332838407,0.3930049882341479,0.5960519684330137
A4_gradual_050_075_100,T0_standard,0.5,0.75,1.0,235,2,2,1,0.9432714659641245,0.24516849285022063,0.8971272285377481,24.3,25,0.58303204,0.010584296609499033,0.046144237426376376,0.9432714659641245
A4_gradual_050_075_100,T0_standard,0.5,0.75,1.0,239,2,2,1,0.8546575679861957,0.514513968704176,0.7744932474013152,17.391304347826086,18,0.5865500555555556,0.08016432058488059,0.06517811142892374,0.8546575679861957
A4_gradual_050_075_100,T0_standard,0.5,0.75,1.0,242,2,2,1,0.7073176717420614,0.6892739304008179,0.4393543923016648,14.628571428571428,15,0.6072851333333332,0.2679632794403966,0.024719048817542003,0.7073176717420614
A4_gradual_050_075_100,T0_standard,0.5,0.75,1.0,244,2,2,1,0.9511411051048182,0.22641571535402524,0.9188250737107186,99.98905472636815,108,1.5329172870370373,0.016542863501082222,0.032316031394099505,0.9511411051048182
A4_gradual_050_075_100,T0_standard,0.5,0.75,1.0,245,2,2,1,0.9649110547900805,0.1759601794418883,0.9448198221305861,12.552238805970148,13,0.5391935384615386,0.020091232659494432,0.014997712550425164,0.9649110547900805
A4_gradual_050_075_100,T0_standard,0.5,0.75,1.0,249,0,0,1,0.6308136620927933,0.8986557033863091,0.39266096851360266,30.72340425531915,32,0.737368,0.6308136620927933,0.1310336443280161,0.23815269357919067
A4_gradual_050_075_100,T0_standard,0.5,0.75,1.0,253,0,0,1,0.823102629592989,0.5684206168368715,0.6925756180804497,87.25703794369645,94,1.2869785319148936,0.823102629592989,0.04637035889447164,0.13052701151253931
A4_gradual_050_075_100,T0_standard,0.5,0.75,1.0,259,1,0,0,0.5276859047769199,0.9916963522062365,0.2120183042194475,10.0,10,0.49205679999999996,0.5276859047769199,0.15664649466560773,0.3156676005574724
A4_gradual_050_075_100,T0_standard,0.5,0.75,1.0,260,1,1,1,0.8001099120236664,0.5210835325233413,0.6045386296133458,11.79245283018868,12,0.5609836666666668,0.004318805566013007,0.8001099120236664,0.19557128241032062
A4_gradual_050_075_100,T0_standard,0.5,0.75,1.0,269,1,1,1,0.9576289442187066,0.1869193792528945,0.9185257223284864,11.0,11,0.3788078181818182,0.003267833891073213,0.9576289442187066,0.03910322189022017
A4_gradual_050_075_100,T0_standard,0.5,0.75,1.0,270,1,1,1,0.9916737348871163,0.05236599648735484,0.9850410847535078,7.0,7,0.36814757142857146,0.0016936149792751503,0.9916737348871163,0.006632650133608465
A4_gradual_050_075_100,T0_standard,0.5,0.75,1.0,271,2,2,1,0.4711547055272147,1.0036488059216135,0.08890001743747727,4.0,4,0.6352672500000001,0.38225468808973745,0.14659060638304783,0.4711547055272147
A4_gradual_050_075_100,T0_standard,0.5,0.75,1.0,276,1,2,0,0.6568103096235202,0.6897890619044605,0.32403688146447346,8.0,8,0.425745125,0.010416262217433182,0.3327734281590467,0.6568103096235202
A4_gradual_050_075_100,T0_standard,0.5,0.75,1.0,278,1,1,1,0.953832316070965,0.1963811846947784,0.9100219233931386,9.8,10,0.49930959999999996,0.0023572912512084604,0.953832316070965,0.04381039267782643
A4_gradual_050_075_100,T0_standard,0.5,0.75,1.0,290,2,2,1,0.9219795901740465,0.3051114709573216,0.8546676441991495,10.59322033898305,11,0.6727623636363637,0.010708463851056511,0.06731194597489695,0.9219795901740465
A4_gradual_050_075_100,T0_standard,0.5,0.75,1.0,293,2,2,1,0.9625677098226038,0.17630463016746645,0.9312159154529642,17.329896907216494,18,0.6691911666666666,0.006080495807756764,0.03135179436963957,0.9625677098226038
A4_gradual_050_075_100,T0_standard,0.5,0.75,1.0,297,2,2,1,0.7285022930016988,0.7702691042574785,0.5737765165833496,9.8,10,0.4448850999999999,0.1547257764183492,0.1167719305799519,0.7285022930016988
A4_gradual_050_075_100,T0_standard,0.5,0.75,1.0,298,2,2,1,0.8366768094949201,0.5527399572266573,0.7337411228607728,15.428571428571429,16,0.6169322500000001,0.06038750387093267,0.10293568663414732,0.8366768094949201
A4_gradual_050_075_100,T0_standard,0.5,0.75,1.0,299,1,1,1,0.8515303416208962,0.43260646827979854,0.705529276800219,16.40909090909091,17,0.6325850000000001,0.0024685935584266043,0.8515303416208962,0.14600106482067718
A4_gradual_050_075_100,T0_standard,0.5,0.75,1.0,304,1,1,1,0.9919732006817743,0.05228187932066193,0.9878121494244596,21.1864406779661,22,0.6175126818181818,0.004161051257314676,0.9919732006817743,0.0038657480609109863
A4_gradual_050_075_100,T0_standard,0.5,0.75,1.0,308,2,2,1,0.8899857562353252,0.39635056592450657,0.798455105857524,20.176470588235293,21,0.744395857142857,0.018483593386873613,0.09153065037780123,0.8899857562353252
A4_gradual_050_075_100,T0_standard,0.5,0.75,1.0,311,1,1,1,0.6730811012956465,0.6623288665362648,0.35226833774275057,24.2,25,0.62898604,0.006106135151457572,0.6730811012956465,0.3208127635528959
A4_gradual_050_075_100,T0_standard,0.5,0.75,1.0,314,1,1,1,0.9612665677434289,0.17256481688675657,0.9248121581941775,9.0,9,0.4122361111111112,0.0022790227073197227,0.9612665677434289,0.03645440954925137
A4_gradual_050_075_100,T0_standard,0.5,0.75,1.0,321,2,2,1,0.9667629991011023,0.16086901405698276,0.9391113003080894,4.0,4,0.34794725,0.005585302105884775,0.02765169879301293,0.9667629991011023
A4_gradual_050_075_100,T0_standard,0.5,0.75,1.0,322,1,1,1,0.8178468756038698,0.4928423614615992,0.6394248423531896,12.552238805970148,13,0.5984578461538462,0.003731091145449883,0.8178468756038698,0.17842203325068015
A4_gradual_050_075_100,T0_standard,0.5,0.75,1.0,324,1,2,0,0.7567246945405968,0.5793249587647566,0.5184822665018793,7.0,7,0.3544742857142857,0.005032877420685849,0.23824242803871737,0.7567246945405968
A4_gradual_050_075_100,T0_standard,0.5,0.75,1.0,326,2,2,1,0.9652967494105684,0.171861824867151,0.9409269819824249,7.0,7,0.42478699999999997,0.010333483161287887,0.024369767428143566,0.9652967494105684
A4_gradual_050_075_100,T0_standard,0.5,0.75,1.0,327,1,1,1,0.9106648615664137,0.3087951065090878,0.8228742366299743,9.0,9,0.38338188888888886,0.0015445134971468722,0.9106648615664137,0.08779062493643937
A4_gradual_050_075_100,T0_standard,0.5,0.75,1.0,329,1,1,1,0.9182677592432268,0.31428270517907614,0.847015387224702,6.0,6,0.44581633333333337,0.07125237201852473,0.9182677592432268,0.010479868738248495
A4_gradual_050_075_100,T0_standard,0.5,0.75,1.0,331,1,1,1,0.6205933794131476,0.6858334449911255,0.2451586982447711,7.0,7,0.4697390000000001,0.003971939418475793,0.6205933794131476,0.3754346811683765
A4_gradual_050_075_100,T0_standard,0.5,0.75,1.0,332,2,2,1,0.6926992504744918,0.82924468719183,0.5288021700363665,17.329896907216494,18,0.71271,0.143403669087383,0.16389708043812523,0.6926992504744918
A4_gradual_050_075_100,T0_standard,0.5,0.75,1.0,334,1,1,1,0.9161821603126165,0.30073029414794916,0.8353032738417921,16.40909090909091,17,0.6182341764705882,0.002938953216559261,0.9161821603126165,0.08087888647082435
A4_gradual_050_075_100,T0_standard,0.5,0.75,1.0,338,1,0,0,0.8839560662084484,0.4388233071135369,0.8201368105714483,152.49484536082474,163,1.9818752024539878,0.8839560662084484,0.06381925563700011,0.05222467815455155
A4_gradual_050_075_100,T0_standard,0.5,0.75,1.0,339,1,0,0,0.7678825274990397,0.7018956895240704,0.6420850672385214,58.577836411609496,61,0.9155766885245903,0.7678825274990397,0.10632001224044184,0.12579746026051836
A4_gradual_050_075_100,T0_standard,0.5,0.75,1.0,340,0,0,1,0.8471367348786831,0.5144921460335988,0.7333082069299239,72.38573508005823,78,1.3844180128205126,0.8471367348786831,0.11382852794875915,0.03903473717255761
A4_gradual_050_075_100,T0_standard,0.5,0.75,1.0,347,0,0,1,0.777691118487664,0.6577167184252151,0.6136692716740805,14.0,14,0.44679828571428576,0.777691118487664,0.0582870346987524,0.16402184681358353
A4_gradual_050_075_100,T0_standard,0.5,0.75,1.0,360,2,2,1,0.8685510487531456,0.40765362089898444,0.7412806404244301,11.655172413793103,12,0.5786047499999999,0.0041785429181387555,0.12727040832871553,0.8685510487531456
A4_gradual_050_075_100,T0_standard,0.5,0.75,1.0,361,2,2,1,0.7886528823451344,0.6430148180362558,0.6386140288938836,9.8,10,0.5130506,0.061308264203614675,0.15003885345125081,0.7886528823451344
A4_gradual_050_075_100,T0_standard,0.5,0.75,1.0,362,2,2,1,0.784432800284982,0.6270039087661562,0.610483183825754,10.795918367346939,11,0.5684201818181817,0.04161758325579013,0.173949616459228,0.784432800284982
A4_gradual_050_075_100,T0_standard,0.5,0.75,1.0,366,0,0,1,0.8407872725038157,0.4866684768779642,0.6959636175078094,6.0,6,0.3645646666666667,0.8407872725038157,0.014389072500178028,0.14482365499600625
A4_gradual_050_075_100,T0_standard,0.5,0.75,1.0,374,0,0,1,0.9508430841533431,0.2295774252304471,0.9226929675255601,17.482758620689655,18,0.5402341666666667,0.9508430841533431,0.02815011662778298,0.021006799218874047
A4_gradual_050_075_100,T0_standard,0.5,0.75,1.0,376,0,0,1,0.9313702310135914,0.2971307365575362,0.8928370264580078,17.482758620689655,18,0.5590460555555555,0.9313702310135914,0.038533204555583574,0.03009656443082497
A4_gradual_050_075_100,T0_standard,0.5,0.75,1.0,378,0,0,1,0.9150862927443661,0.3483283372800473,0.865692047919595,15.782608695652174,16,0.487147875,0.9150862927443661,0.03551946243086283,0.04939424482477112
A4_gradual_050_075_100,T0_standard,0.5,0.75,1.0,380,0,0,1,0.9265424319559368,0.31253542320180316,0.8841603339596911,18.47252747252747,19,0.48924563157894735,0.9265424319559368,0.04238209799624573,0.031075470047817473
A4_gradual_050_075_100,T0_standard,0.5,0.75,1.0,387,0,0,1,0.8532309922440816,0.4961594362133607,0.7401749915137563,40.71345029239766,44,1.1116842272727274,0.8532309922440816,0.03371300702559296,0.11305600073032529
A4_gradual_050_075_100,T0_standard,0.5,0.75,1.0,388,0,0,1,0.8125440462478029,0.6076678130423087,0.697740652997795,22.118110236220474,23,0.6896618260869564,0.8125440462478029,0.07265256050218935,0.11480339325000782
A4_gradual_050_075_100,T0_standard,0.5,0.75,1.0,389,0,0,1,0.930943064628714,0.2979583797140458,0.8902655813738732,23.058823529411764,24,0.8380092500000001,0.930943064628714,0.040677483254840816,0.028379452116445155
A4_gradual_050_075_100,T0_standard,0.5,0.75,1.0,391,0,0,1,0.9365232414174004,0.27851063142452975,0.89702468077075,31.82819383259912,34,0.927025911764706,0.9365232414174004,0.0394985606466504,0.023978197935949266
A4_gradual_050_075_100,T0_standard,0.5,0.75,1.0,400,0,0,1,0.9521049657224882,0.22540372308725665,0.9269138363444437,14.52,15,0.5019540666666668,0.9521049657224882,0.02519112937804445,0.022703904899467487
A4_gradual_050_075_100,T0_standard,0.5,0.75,1.0,403,0,0,1,0.9229517472973483,0.3210797279516997,0.8723880818651307,12.64516129032258,13,0.619328,0.9229517472973483,0.026484587270434175,0.05056366543221755
A4_gradual_050_075_100,T0_standard,0.5,0.75,1.0,405,0,0,1,0.8604088032605436,0.4770690985681282,0.7509770100425897,43.76750700280112,47,1.081583680851064,0.8604088032605436,0.030159403521502613,0.10943179321795392
A4_gradual_050_075_100,T0_standard,0.5,0.75,1.0,411,2,2,1,0.9454040232959279,0.24587887299674818,0.9080465359762876,3.0,3,0.201223,0.017238489384431947,0.03735748731964023,0.9454040232959279
A4_gradual_050_075_100,T0_standard,0.5,0.75,1.0,413,0,0,1,0.9250243741991739,0.31824384265980343,0.8861879747206383,77.24764890282131,83,1.1146613373493979,0.9250243741991739,0.03883639947853562,0.03613922632229037
A4_gradual_050_075_100,T0_standard,0.5,0.75,1.0,421,0,0,1,0.8826473328765684,0.44139018707990274,0.8143961146033595,56.36729222520107,60,0.8280121,0.8826473328765684,0.049101448850222766,0.06825121827320889
A4_gradual_050_075_100,T0_standard,0.5,0.75,1.0,422,0,0,1,0.9411305802669625,0.26321937098993387,0.9052320203820633,67.30739299610894,72,0.9631183333333332,0.9411305802669625,0.02297085984813815,0.035898559884899255
A4_gradual_050_075_100,T0_standard,0.5,0.75,1.0,426,0,0,1,0.9449055700776506,0.24653210483920732,0.9059078835568586,36.496350364963504,39,1.0525164615384617,0.9449055700776506,0.038997686520792045,0.016096743401557412
A4_gradual_050_075_100,T0_standard,0.5,0.75,1.0,429,0,0,1,0.8997562398527581,0.3933783320621066,0.8403665042091457,60.93793103448276,66,1.4506720606060608,0.8997562398527581,0.04085402450362952,0.05938973564361239
A4_gradual_050_075_100,T0_standard,0.5,0.75,1.0,430,0,0,1,0.8955346464676702,0.4059473545514727,0.8352457980252399,64.81342062193126,70,1.3141251428571425,0.8955346464676702,0.04417650508989942,0.06028884844243028
A4_gradual_050_075_100,T0_standard,0.5,0.75,1.0,432,0,0,1,0.8730415440138678,0.46836272237687504,0.8059836294769134,91.68057080131723,99,1.6191042626262624,0.8730415440138678,0.05990054144917785,0.06705791453695437
A4_gradual_050_075_100,T0_standard,0.5,0.75,1.0,433,0,0,1,0.884400340671333,0.43773507473711515,0.8214618370966065,61.0074487895717,66,1.1340002424242426,0.884400340671333,0.06293850357472655,0.05266115575394051
A4_gradual_050_075_100,T0_standard,0.5,0.75,1.0,438,0,0,1,0.945851898330549,0.24805304198967376,0.9178461173161586,149.34259259259258,160,2.0565121187499997,0.945851898330549,0.02800578101439033,0.026142320655060773
A4_gradual_050_075_100,T0_standard,0.5,0.75,1.0,439,0,0,1,0.938647659102369,0.2731638461136319,0.9069384912832026,133.89114266396214,144,1.8719137986111112,0.938647659102369,0.029643173078464525,0.03170916781916643
A4_gradual_050_075_100,T0_standard,0.5,0.75,1.0,452,1,1,1,0.9332591220594092,0.2582819119946357,0.8698237564704485,15.50632911392405,16,0.5164338125,0.003305512351630081,0.9332591220594092,0.0634353655889607
A5_hard_1px,T0_standard,0.0,1.0,1.0,1,1,1,1,0.9848437523520011,0.08880604663687158,0.9759346502946887,130.0,191,1.7893955968586386,0.008909102057312298,0.9848437523520011,0.006247145590686683
A5_hard_1px,T0_standard,0.0,1.0,1.0,2,0,0,1,0.4701080283232265,1.0446307994630497,0.14448235313626984,12.0,29,0.9194155862068966,0.4701080283232265,0.3256256751869567,0.20426629648981678
A5_hard_1px,T0_standard,0.0,1.0,1.0,7,0,0,1,0.6958147244597912,0.8029560862206517,0.4862602755730525,38.0,70,1.2559205428571434,0.6958147244597912,0.09463082665347007,0.20955444888673866
A5_hard_1px,T0_standard,0.0,1.0,1.0,8,0,0,1,0.9536902537979516,0.21882505479390302,0.9263053574216469,39.0,69,1.4160222753623186,0.9536902537979516,0.02738489637630475,0.01892484982574367
A5_hard_1px,T0_standard,0.0,1.0,1.0,9,0,0,1,0.8502159102456806,0.5259587610625611,0.7714734791939741,59.0,97,1.6381157731958764,0.8502159102456806,0.07874243105170645,0.07104165870261289
A5_hard_1px,T0_standard,0.0,1.0,1.0,12,0,0,1,0.9459939880743709,0.24670648799037392,0.9141474338798941,34.0,65,1.1779163384615385,0.9459939880743709,0.03184655419447679,0.022159457731152497
A5_hard_1px,T0_standard,0.0,1.0,1.0,15,1,1,1,0.9899567731085502,0.06301452209369328,0.9840781329045679,17.0,38,1.0010864210526318,0.0041645866874675955,0.9899567731085502,0.0058786402039823
A5_hard_1px,T0_standard,0.0,1.0,1.0,18,1,0,0,0.9634812450010042,0.1779346682890488,0.9367391963322997,55.0,96,1.3256457604166665,0.9634812450010042,0.026742048668704433,0.009776706330291292
A5_hard_1px,T0_standard,0.0,1.0,1.0,22,1,1,1,0.9910955894791812,0.057075520172009224,0.9865846779532191,5.0,19,0.8067329999999999,0.004510911525962022,0.9910955894791812,0.004393498994856807
A5_hard_1px,T0_standard,0.0,1.0,1.0,28,1,1,1,0.9598747734551308,0.1921822334123755,0.9310355249084785,5.0,21,0.7458260476190477,0.011285977998216764,0.9598747734551308,0.02883924854665231
A5_hard_1px,T0_standard,0.0,1.0,1.0,29,1,1,1,0.9837132609883144,0.09446125674547082,0.9749971183249969,1.0,13,0.504573923076923,0.007570596348368221,0.9837132609883144,0.008716142663317468
A5_hard_1px,T0_standard,0.0,1.0,1.0,32,0,2,0,0.5008817277036973,0.9442173272310379,0.10253737618746578,73.0,116,1.5386575431034482,0.39834435151623154,0.10077392078007108,0.5008817277036973
A5_hard_1px,T0_standard,0.0,1.0,1.0,35,0,0,1,0.6124021875435669,0.9363072424324017,0.4168145224982267,11.0,34,0.681779294117647,0.6124021875435669,0.19558766504534017,0.19201014741109287
A5_hard_1px,T0_standard,0.0,1.0,1.0,37,0,0,1,0.9358053595749365,0.28285186241133164,0.9035289248124871,121.0,184,1.7882877282608698,0.9358053595749365,0.0322764347624493,0.031918205662614135
A5_hard_1px,T0_standard,0.0,1.0,1.0,38,0,0,1,0.8531524760186162,0.5108870307233923,0.7555663166493581,16.0,37,0.9075333243243243,0.8531524760186162,0.04926136461212569,0.0975861593692581
A5_hard_1px,T0_standard,0.0,1.0,1.0,39,0,0,1,0.8775767413507212,0.44407185896732476,0.7891740813153596,13.0,33,0.8299917878787879,0.8775767413507212,0.08840266003536158,0.034020598613917215
A5_hard_1px,T0_standard,0.0,1.0,1.0,41,0,0,1,0.907945752234499,0.3709987615469239,0.8600808937187157,41.0,70,1.2843535142857143,0.907945752234499,0.04786485851578342,0.04418938924971746
A5_hard_1px,T0_standard,0.0,1.0,1.0,44,0,0,1,0.931281033563386,0.2969261333966186,0.8910195053894079,4.0,25,0.5948057999999999,0.931281033563386,0.04026152817397815,0.0284574382626359
A5_hard_1px,T0_standard,0.0,1.0,1.0,51,0,0,1,0.6772520092743931,0.7692720498957666,0.4052126019027993,2.0,18,0.5287885,0.6772520092743931,0.05070858335401304,0.2720394073715938
A5_hard_1px,T0_standard,0.0,1.0,1.0,55,0,0,1,0.9093319540494372,0.35368996680078235,0.840117784568794,9.0,39,0.6499513846153847,0.9093319540494372,0.06921416948064321,0.021453876469919482
A5_hard_1px,T0_standard,0.0,1.0,1.0,60,0,0,1,0.9415375088352237,0.25645000758516795,0.898498985705282,27.0,51,1.224436588235294,0.9415375088352237,0.04303852312994172,0.015423968034834645
A5_hard_1px,T0_standard,0.0,1.0,1.0,61,0,0,1,0.9299559484907326,0.30154932186378985,0.8898030908122954,14.0,33,0.9699814242424242,0.9299559484907326,0.0298911938308302,0.04015285767843724
A5_hard_1px,T0_standard,0.0,1.0,1.0,71,2,2,1,0.98843625015154,0.07084266346082521,0.9814749465875623,2.0,14,0.6911514999999999,0.004602446284482271,0.006961303563977731,0.98843625015154
A5_hard_1px,T0_standard,0.0,1.0,1.0,75,0,1,0,0.6495366776820245,0.7030804741159227,0.31200145595211237,5.0,19,0.7114136315789473,0.012928100588063422,0.6495366776820245,0.3375352217299121
A5_hard_1px,T0_standard,0.0,1.0,1.0,85,2,0,0,0.599039219427196,0.8878002400215721,0.2887999390661784,2.0,10,0.6327266,0.599039219427196,0.09072150021178646,0.31023928036101756
A5_hard_1px,T0_standard,0.0,1.0,1.0,86,0,2,0,0.9291415644624814,0.28454912682429034,0.8682034384879086,2.0,14,0.5406887857142857,0.009920309562945812,0.06093812597457279,0.9291415644624814
A5_hard_1px,T0_standard,0.0,1.0,1.0,90,0,0,1,0.47759775306009844,1.0324824471642031,0.1415303499890499,1.0,9,0.6029300000000001,0.47759775306009844,0.18633484386885305,0.33606740307104854
A5_hard_1px,T0_standard,0.0,1.0,1.0,93,0,0,1,0.8296744580592847,0.572379108004935,0.7312181059408305,2.0,11,0.3752034545454545,0.8296744580592847,0.07186918982226095,0.09845635211845427
A5_hard_1px,T0_standard,0.0,1.0,1.0,106,0,0,1,0.7851557627050004,0.6691153109236117,0.6743284624854424,61.0,101,1.456544306930693,0.7851557627050004,0.10401693707544167,0.11082730021955794
A5_hard_1px,T0_standard,0.0,1.0,1.0,118,0,0,1,0.9349691476663644,0.2854761205222658,0.8999616776742725,11.0,27,0.771531037037037,0.9349691476663644,0.03500746999209194,0.030023382341543725
A5_hard_1px,T0_standard,0.0,1.0,1.0,119,0,0,1,0.9437144171013724,0.25548975998837975,0.9135395633817547,57.0,97,1.3621651546391753,0.9437144171013724,0.03017485371961772,0.026110729179009938
A5_hard_1px,T0_standard,0.0,1.0,1.0,120,0,0,1,0.9411946576390124,0.26047421935876647,0.9011320923117114,45.0,77,1.3922861558441562,0.9411946576390124,0.018742777033686653,0.040062565327300965
A5_hard_1px,T0_standard,0.0,1.0,1.0,123,0,0,1,0.9083715765715628,0.3697558475463626,0.8611147295060719,1.0,20,0.5155320999999999,0.9083715765715628,0.04437157636294646,0.04725684706549083
A5_hard_1px,T0_standard,0.0,1.0,1.0,124,0,0,1,0.9562345018679759,0.2092722427893357,0.9301922525477978,18.0,47,0.8481854893617022,0.9562345018679759,0.026042249320178058,0.017723248811846153
A5_hard_1px,T0_standard,0.0,1.0,1.0,129,0,0,1,0.9047477985079546,0.3802736865484257,0.8535105814671285,34.0,64,1.315091625,0.9047477985079546,0.044014984451219284,0.051237217040826094
A5_hard_1px,T0_standard,0.0,1.0,1.0,130,0,0,1,0.8833557265967505,0.4404644745793377,0.8192606638021778,42.0,75,1.3049385733333334,0.8833557265967505,0.0525492106086767,0.06409506279457272
A5_hard_1px,T0_standard,0.0,1.0,1.0,134,1,1,1,0.9919735817976666,0.05108143669994093,0.9858193042284872,6.0,24,0.7835483333333334,0.0018721406331539006,0.9919735817976666,0.006154277569179394
A5_hard_1px,T0_standard,0.0,1.0,1.0,136,1,1,1,0.9739366461056271,0.12983469789246546,0.9507516160178429,66.0,102,1.6543439509803923,0.0028783238065886196,0.9739366461056271,0.023185030087784286
A5_hard_1px,T0_standard,0.0,1.0,1.0,145,1,1,1,0.9908099721323569,0.05860520604486699,0.9859964591028637,55.0,91,1.4519752857142858,0.004813513029493124,0.9908099721323569,0.004376514838150104
A5_hard_1px,T0_standard,0.0,1.0,1.0,149,2,2,1,0.9866533393046816,0.079256456255321,0.9776069025282167,1.0,14,0.40021921428571433,0.0043002239188535555,0.00904643677646487,0.9866533393046816
A5_hard_1px,T0_standard,0.0,1.0,1.0,151,2,2,1,0.9799298537941448,0.11170382082208703,0.967620942840279,2.0,11,0.5133822727272727,0.012308910953865776,0.007761235251989481,0.9799298537941448
A5_hard_1px,T0_standard,0.0,1.0,1.0,160,2,2,1,0.9889043796921766,0.06738983528379093,0.9807457765721529,2.0,13,0.5016772307692308,0.002937017187799746,0.008158603120023686,0.9889043796921766
A5_hard_1px,T0_standard,0.0,1.0,1.0,169,2,2,1,0.9643578927816138,0.17475396912513763,0.9384682880283312,1.0,11,0.44178781818181817,0.02588960475328257,0.009752502465103702,0.9643578927816138
A5_hard_1px,T0_standard,0.0,1.0,1.0,176,2,2,1,0.6910323661441118,0.6351315251317375,0.38505827068272475,12.0,30,0.8189938999999999,0.002993538394501285,0.30597409546138704,0.6910323661441118
A5_hard_1px,T0_standard,0.0,1.0,1.0,178,2,2,1,0.9623523873782922,0.16926620592834268,0.9270835896646115,14.0,32,0.95442090625,0.002378814908027111,0.03526879771368071,0.9623523873782922
A5_hard_1px,T0_standard,0.0,1.0,1.0,184,2,2,1,0.9863091484134131,0.08170107272944192,0.9785103027895732,3.0,15,0.7859551333333333,0.007798845623839961,0.005892005962746894,0.9863091484134131
A5_hard_1px,T0_standard,0.0,1.0,1.0,186,1,0,0,0.85042338448469,0.49880505195714947,0.732224040901896,3.0,15,0.6404765999999998,0.85042338448469,0.03137727193251598,0.11819934358279405
A5_hard_1px,T0_standard,0.0,1.0,1.0,187,2,2,1,0.8138382687084886,0.5572990295034249,0.6544622470128176,1.0,14,0.5083184285714285,0.026785709595840434,0.15937602169567097,0.8138382687084886
A5_hard_1px,T0_standard,0.0,1.0,1.0,194,2,2,1,0.9407382156669012,0.2388012326092373,0.8851857875697143,2.0,12,0.537488,0.0037093562359119,0.05555242809718688,0.9407382156669012
A5_hard_1px,T0_standard,0.0,1.0,1.0,198,1,1,1,0.6848528122488844,0.8211062459655354,0.47107650674146856,3.0,15,0.7177088000000001,0.21377630550741583,0.6848528122488844,0.10137088224369988
A5_hard_1px,T0_standard,0.0,1.0,1.0,202,2,2,1,0.7577452144304887,0.5684188727623318,0.5181743246786381,4.0,22,0.5913674545454545,0.0026838958176607333,0.2395708897518506,0.7577452144304887
A5_hard_1px,T0_standard,0.0,1.0,1.0,205,1,1,1,0.9737826455729036,0.1296771346654947,0.950104649131705,28.0,56,1.062304125,0.0025393579858979092,0.9737826455729036,0.02367799644119857
A5_hard_1px,T0_standard,0.0,1.0,1.0,206,2,2,1,0.9372377749039517,0.2522499330832878,0.8796004100253129,6.0,22,0.6087270454545455,0.005124860217409532,0.05763736487863883,0.9372377749039517
A5_hard_1px,T0_standard,0.0,1.0,1.0,212,2,2,1,0.9761920482108004,0.12891320337721285,0.9632015595758737,10.0,26,0.8470876538461538,0.010817463154272814,0.012990488634926715,0.9761920482108004
A5_hard_1px,T0_standard,0.0,1.0,1.0,214,2,2,1,0.9644008229127122,0.17025052644998012,0.9350610386382908,20.0,46,1.0707565,0.006259392812866473,0.029339784274421393,0.9644008229127122
A5_hard_1px,T0_standard,0.0,1.0,1.0,229,1,1,1,0.9928327765778239,0.04730486533264275,0.9884107155125403,1.0,21,0.46933819047619046,0.002745162356892589,0.9928327765778239,0.004422061065283519
A5_hard_1px,T0_standard,0.0,1.0,1.0,233,2,2,1,0.6118363115932169,0.6904163359285875,0.22772020046741276,35.0,67,1.22872771641791,0.0040475772809788505,0.3841161111258042,0.6118363115932169
A5_hard_1px,T0_standard,0.0,1.0,1.0,235,2,2,1,0.933121563255714,0.27274675943367477,0.8757027715582972,4.0,25,0.58303204,0.009459645046869058,0.05741879169741684,0.933121563255714
A5_hard_1px,T0_standard,0.0,1.0,1.0,239,2,2,1,0.986567975639398,0.07946993681086809,0.9772010326395447,4.0,18,0.5865500555555556,0.004065081360748735,0.00936694299985329,0.986567975639398
A5_hard_1px,T0_standard,0.0,1.0,1.0,242,2,2,1,0.6975332337779722,0.6832106222231793,0.4138071460569906,2.0,15,0.6072851333333332,0.28372608772098157,0.018740678501046222,0.6975332337779722
A5_hard_1px,T0_standard,0.0,1.0,1.0,244,2,2,1,0.9543516479080153,0.21610378144235268,0.9266872942706508,67.0,108,1.5329172870370373,0.017983998454620276,0.02766435363736448,0.9543516479080153
A5_hard_1px,T0_standard,0.0,1.0,1.0,245,2,2,1,0.9657368036628055,0.1708977480002395,0.9426495948578981,3.0,13,0.5391935384615386,0.023087208804907347,0.011175987532287183,0.9657368036628055
A5_hard_1px,T0_standard,0.0,1.0,1.0,249,0,0,1,0.8817791809019143,0.44441441741219834,0.8154042400715105,12.0,32,0.737368,0.8817791809019143,0.06637494083040382,0.05184587826768187
A5_hard_1px,T0_standard,0.0,1.0,1.0,253,0,0,1,0.9130377077143674,0.3556557999619502,0.8677554540099615,56.0,94,1.2869785319148936,0.9130377077143674,0.04528225370440593,0.04168003858122655
A5_hard_1px,T0_standard,0.0,1.0,1.0,260,1,1,1,0.9900090389201571,0.06103642097485852,0.9820724669866416,1.0,12,0.5609836666666668,0.0020543891463274703,0.9900090389201571,0.007936571933515458
A5_hard_1px,T0_standard,0.0,1.0,1.0,278,1,1,1,0.9615075513223945,0.1703071908463331,0.9247866618844562,1.0,10,0.49930959999999996,0.0017715592396672513,0.9615075513223945,0.03672088943793824
A5_hard_1px,T0_standard,0.0,1.0,1.0,290,2,2,1,0.8896493800419842,0.3700111429525168,0.7851101327550744,3.0,11,0.6727623636363637,0.005811372671105879,0.10453924728690991,0.8896493800419842
A5_hard_1px,T0_standard,0.0,1.0,1.0,293,2,2,1,0.9865669407552539,0.08053767873855384,0.9795570990744974,5.0,18,0.6691911666666666,0.006423217563989607,0.007009841680756515,0.9865669407552539
A5_hard_1px,T0_standard,0.0,1.0,1.0,297,2,2,1,0.6652262111719517,0.8592510357127592,0.45652280067618484,1.0,10,0.4448850999999999,0.20870341049576685,0.12607037833228144,0.6652262111719517
A5_hard_1px,T0_standard,0.0,1.0,1.0,298,2,2,1,0.7697485180461462,0.6966977171052757,0.63775445946632,4.0,16,0.6169322500000001,0.1319940585798262,0.09825742337402756,0.7697485180461462
A5_hard_1px,T0_standard,0.0,1.0,1.0,299,1,1,1,0.9803816166397779,0.10127939301748204,0.9620424822338896,4.0,17,0.6325850000000001,0.0012792489543337786,0.9803816166397779,0.01833913440588834
A5_hard_1px,T0_standard,0.0,1.0,1.0,304,1,1,1,0.9925895985367003,0.048865017013583534,0.9888118911257374,6.0,22,0.6175126818181818,0.003632694052336851,0.9925895985367003,0.0037777074109628717
A5_hard_1px,T0_standard,0.0,1.0,1.0,308,2,2,1,0.9216792752778947,0.29904095704961653,0.8507118679672279,7.0,21,0.744395857142857,0.007353317411438381,0.0709674073106669,0.9216792752778947
A5_hard_1px,T0_standard,0.0,1.0,1.0,311,1,1,1,0.8812932201336892,0.3777750777792622,0.765433892318363,5.0,25,0.62898604,0.0028474520509846435,0.8812932201336892,0.11585932781532621
A5_hard_1px,T0_standard,0.0,1.0,1.0,322,1,1,1,0.9910218625368391,0.056186410652276,0.9841875770967223,3.0,13,0.5984578461538462,0.002143852023044019,0.9910218625368391,0.006834285440116796
A5_hard_1px,T0_standard,0.0,1.0,1.0,332,2,2,1,0.7387893669206914,0.7400809934398223,0.5639301720068938,5.0,18,0.71271,0.17485919491379767,0.08635143816551076,0.7387893669206914
A5_hard_1px,T0_standard,0.0,1.0,1.0,334,1,1,1,0.9843066761320234,0.08769387407768349,0.9711401390990482,4.0,17,0.6182341764705882,0.0025267868350013953,0.9843066761320234,0.013166537032975241
A5_hard_1px,T0_standard,0.0,1.0,1.0,338,1,0,0,0.9018553931180803,0.3881047858349631,0.8461076544285697,118.0,163,1.9818752024539878,0.9018553931180803,0.055747738689510606,0.04239686819240915
A5_hard_1px,T0_standard,0.0,1.0,1.0,339,1,0,0,0.8212273919583497,0.593435888856336,0.73104657819389,27.0,61,0.9155766885245903,0.8212273919583497,0.08859179427719055,0.09018081376445972
A5_hard_1px,T0_standard,0.0,1.0,1.0,340,0,0,1,0.931456756068936,0.28719276453241704,0.8789918499649698,47.0,78,1.3844180128205126,0.931456756068936,0.052464906103966175,0.016078337827097892
A5_hard_1px,T0_standard,0.0,1.0,1.0,360,2,2,1,0.9443105658725132,0.23112790274301484,0.8933523445395226,2.0,12,0.5786047499999999,0.004731212794496233,0.050958221332990584,0.9443105658725132
A5_hard_1px,T0_standard,0.0,1.0,1.0,361,2,2,1,0.887854370975523,0.4283620562739686,0.8273583337524284,1.0,10,0.5130506,0.06049603722309456,0.051649591801382455,0.887854370975523
A5_hard_1px,T0_standard,0.0,1.0,1.0,362,2,2,1,0.9789394426309121,0.11619141824035,0.9660238243222143,1.0,11,0.5684201818181817,0.008144939060390063,0.012915618308697805,0.9789394426309121
A5_hard_1px,T0_standard,0.0,1.0,1.0,374,0,0,1,0.9501487616946708,0.23202702643546658,0.9213502435256212,3.0,18,0.5402341666666667,0.9501487616946708,0.02879851816904952,0.021052720136279547
A5_hard_1px,T0_standard,0.0,1.0,1.0,376,0,0,1,0.9463709240268572,0.24616208258572686,0.9181288952084049,3.0,18,0.5590460555555555,0.9463709240268572,0.02824202881845228,0.025387047154690555
A5_hard_1px,T0_standard,0.0,1.0,1.0,378,0,0,1,0.9286658408555738,0.30185078436430574,0.8802347026524905,1.0,16,0.487147875,0.9286658408555738,0.04843113820308335,0.022903020941342875
A5_hard_1px,T0_standard,0.0,1.0,1.0,380,0,0,1,0.9275811386505262,0.30956583732314413,0.8871968853175102,3.0,19,0.48924563157894735,0.9275811386505262,0.04038425333301598,0.03203460801645788
A5_hard_1px,T0_standard,0.0,1.0,1.0,387,0,0,1,0.8740665229595784,0.4366194264275141,0.7699389679439465,22.0,44,1.1116842272727274,0.8740665229595784,0.02180592202478953,0.10412755501563198
A5_hard_1px,T0_standard,0.0,1.0,1.0,388,0,0,1,0.9115845881555534,0.3569138168391966,0.8555055603123104,7.0,23,0.6896618260869564,0.9115845881555534,0.05607902784324303,0.03233638400120353
A5_hard_1px,T0_standard,0.0,1.0,1.0,389,0,0,1,0.9527854008599892,0.22253156158463233,0.9260125411425885,8.0,24,0.8380092500000001,0.9527854008599892,0.026772859717400718,0.020441739422610086
A5_hard_1px,T0_standard,0.0,1.0,1.0,391,0,0,1,0.9510231706615566,0.22846187717525418,0.9216578638885893,14.0,34,0.927025911764706,0.9510231706615566,0.029365306772967288,0.019611522565476127
A5_hard_1px,T0_standard,0.0,1.0,1.0,400,0,0,1,0.9444317153703792,0.2530890620504449,0.9158455327351631,3.0,15,0.5019540666666668,0.9444317153703792,0.02698210199440491,0.02858618263521601
A5_hard_1px,T0_standard,0.0,1.0,1.0,403,0,0,1,0.9521549752327548,0.2252838794202069,0.9281549060392207,2.0,13,0.619328,0.9521549752327548,0.023844955573711003,0.024000069193534142
A5_hard_1px,T0_standard,0.0,1.0,1.0,405,0,0,1,0.8993704673264521,0.38715294514603893,0.828029569389354,24.0,47,1.081583680851064,0.8993704673264521,0.0292886347364498,0.07134089793709805
A5_hard_1px,T0_standard,0.0,1.0,1.0,413,0,0,1,0.9394885140509717,0.2702883893498783,0.9083197286304118,43.0,83,1.1146613373493979,0.9394885140509717,0.031168785420559866,0.029342700528468407
A5_hard_1px,T0_standard,0.0,1.0,1.0,421,0,0,1,0.959112154189219,0.19892378079967565,0.9367884230167921,21.0,60,0.8280121,0.959112154189219,0.022323731172426888,0.018564114638354022
A5_hard_1px,T0_standard,0.0,1.0,1.0,422,0,0,1,0.9642857490136741,0.17856518237557228,0.9442517248707696,34.0,72,0.9631183333333332,0.9642857490136741,0.020034024142904547,0.015680226843421168
A5_hard_1px,T0_standard,0.0,1.0,1.0,426,0,0,1,0.9556278748942554,0.20579281242464245,0.9216837697828849,18.0,39,1.0525164615384617,0.9556278748942554,0.033944105111370464,0.01042801999437425
A5_hard_1px,T0_standard,0.0,1.0,1.0,429,0,0,1,0.9158331171892081,0.34700417666804095,0.8711068791255464,38.0,66,1.4506720606060608,0.9158331171892081,0.03944064474713018,0.04472623806366176
A5_hard_1px,T0_standard,0.0,1.0,1.0,430,0,0,1,0.9144970158484006,0.35120147477994146,0.8699830049250158,41.0,70,1.3141251428571425,0.9144970158484006,0.04451401092338477,0.040988973228214716
A5_hard_1px,T0_standard,0.0,1.0,1.0,432,0,0,1,0.926411916243591,0.3103211612722657,0.8783463722371762,61.0,99,1.6191042626262624,0.926411916243591,0.048065544006414836,0.025522539749994227
A5_hard_1px,T0_standard,0.0,1.0,1.0,433,0,0,1,0.9203471725744122,0.32992254225790496,0.8692919562092722,35.0,66,1.1340002424242426,0.9203471725744122,0.05105521636513994,0.028597611060447746
A5_hard_1px,T0_standard,0.0,1.0,1.0,438,0,0,1,0.9483606960019547,0.2390706215336506,0.9215625519324395,114.0,160,2.0565121187499997,0.9483606960019547,0.026798144069515185,0.024841159928530088
A5_hard_1px,T0_standard,0.0,1.0,1.0,439,0,0,1,0.9399174065027531,0.2688065760944204,0.9088622196901579,98.0,144,1.8719137986111112,0.9399174065027531,0.029027406684651532,0.031055186812595236
A5_hard_1px,T0_standard,0.0,1.0,1.0,452,1,1,1,0.9911467674847697,0.056381986348317134,0.9853714616264589,3.0,16,0.5164338125,0.0030779266569193496,0.9911467674847697,0.005775305858310791
