parcel_id,truth,pred,epistemic,prob_0,prob_1,prob_2
435,0,0,0.006222426891326904,0.79887515,0.19686551,0.0042593726
435,0,0,0.005660295486450195,0.87049603,0.12317004,0.0063340543
435,0,0,0.006461590528488159,0.9472712,0.04598528,0.0067435913
435,0,0,0.006094217300415039,0.96792907,0.02221705,0.009853873
435,0,0,0.0046190619468688965,0.9660982,0.020567713,0.013334114
435,0,0,0.006307542324066162,0.9544572,0.030280596,0.015262305
435,0,0,0.010103613138198853,0.9342122,0.058734853,0.007052892
435,0,0,0.0021591484546661377,0.9707794,0.016669337,0.012551245
435,0,0,0.002622351050376892,0.9711377,0.017535053,0.011327282
435,0,0,0.00551016628742218,0.96269023,0.021436265,0.015873639
435,0,0,0.004940703511238098,0.96434724,0.022063697,0.013589154
435,0,0,0.003173038363456726,0.95477796,0.023719594,0.021502497
435,0,0,0.0037245601415634155,0.96117324,0.024426278,0.014400589
435,0,0,0.0048450082540512085,0.949465,0.027786521,0.022748511
435,0,0,0.009887337684631348,0.8618399,0.10741379,0.030746367
435,0,0,0.015136778354644775,0.8021721,0.075979225,0.121848635
435,0,0,0.01273047924041748,0.81058353,0.17383993,0.015576653
435,0,0,0.0036118030548095703,0.9655081,0.018747438,0.015744539
435,0,0,0.005868732929229736,0.95948994,0.024040215,0.016469972
435,0,0,0.0034875571727752686,0.9718797,0.01514362,0.012976788
435,0,0,0.0041479021310806274,0.9754525,0.01119058,0.013356896
435,0,0,0.006003528833389282,0.96855587,0.011524444,0.019919775
435,0,0,0.005100235342979431,0.9674686,0.012819692,0.019711759
435,0,0,0.006111621856689453,0.9480813,0.022582743,0.02933597
435,0,0,0.005280718207359314,0.96098304,0.028682807,0.010334238
435,0,0,0.006444990634918213,0.9341015,0.058629315,0.0072691482
435,0,0,0.005370825529098511,0.84228027,0.14265336,0.015066444
435,0,0,0.00525018572807312,0.9680169,0.01956935,0.012413759
435,0,0,0.0024194270372390747,0.96454465,0.020349452,0.015105929
435,0,0,0.005671396851539612,0.9731371,0.013108335,0.013754657
435,0,0,0.0021846964955329895,0.9801117,0.0094578955,0.010430405
435,0,0,0.005930691957473755,0.9614043,0.010031252,0.028564526
435,0,0,0.010151982307434082,0.9682062,0.013576738,0.018217215
435,0,0,0.004230096936225891,0.96994174,0.012841846,0.017216455
435,0,0,0.0037193745374679565,0.96726704,0.022284195,0.010448823
435,0,0,0.008702993392944336,0.92502457,0.05496153,0.020013945
435,0,0,0.0055487751960754395,0.9178273,0.06131321,0.02085956
435,0,0,0.006747186183929443,0.96000886,0.024356432,0.015634838
435,0,0,0.0037411004304885864,0.9714748,0.014987145,0.013538092
435,0,0,0.004172518849372864,0.97400266,0.015508389,0.010489059
435,0,0,0.003145545721054077,0.978435,0.010118339,0.011446745
435,0,0,0.002958059310913086,0.9754389,0.010703436,0.01385779
435,0,0,0.0032302141189575195,0.9748891,0.011722445,0.013388525
435,0,0,0.0023528635501861572,0.9806239,0.012753197,0.00662296
435,0,0,0.0031936168670654297,0.97249115,0.022770151,0.0047387807
435,0,0,0.007400572299957275,0.7927822,0.19649088,0.0107270675
435,0,0,0.006888896226882935,0.9245722,0.06142912,0.013998848
435,0,0,0.0033279508352279663,0.954876,0.03401536,0.011108759
435,0,0,0.00483231246471405,0.96894723,0.01938178,0.011671099
435,0,0,0.004873692989349365,0.9750031,0.017542304,0.007454626
435,0,0,0.0025535598397254944,0.9792847,0.012154555,0.008560777
435,0,0,0.004200920462608337,0.9770977,0.013307443,0.009594933
435,0,0,0.007158458232879639,0.9691585,0.011000634,0.01984098
435,0,0,0.0033469945192337036,0.9674201,0.023175042,0.0094049135
435,0,0,0.008769303560256958,0.86606,0.1214797,0.012460324
435,0,0,0.008885592222213745,0.9118635,0.074040964,0.014095557
435,0,0,0.0018438249826431274,0.9717067,0.020238739,0.008054563
435,0,0,0.0025849193334579468,0.967779,0.020284317,0.011936778
435,0,0,0.004537701606750488,0.9724389,0.017726775,0.009834379
435,0,0,0.0019399970769882202,0.9825898,0.010684609,0.006725704
435,0,0,0.0025179237127304077,0.9777,0.0088387225,0.013461412
435,0,0,0.003952592611312866,0.9643878,0.014795928,0.020816391
435,0,0,0.007744014263153076,0.7990794,0.17350343,0.027417265
435,0,2,0.014325380325317383,0.1540893,0.12753767,0.7183731
435,0,0,0.005753308534622192,0.9339108,0.052702375,0.013386852
435,0,0,0.003568321466445923,0.9686406,0.026460532,0.0048988555
435,0,0,0.003292962908744812,0.9757667,0.01655575,0.0076775528
435,0,0,0.005227170884609222,0.9769037,0.012021947,0.0110744815
435,0,0,0.002729080617427826,0.97774386,0.015895393,0.006360828
435,0,0,0.002255663275718689,0.97390294,0.016921114,0.009176042
435,0,0,0.0075342655181884766,0.9242321,0.051203266,0.024564639
435,0,0,0.014007747173309326,0.5968407,0.3193702,0.08378907
435,0,2,0.013736426830291748,0.13791123,0.14214298,0.71994597
435,0,0,0.00681719183921814,0.9103703,0.08334223,0.0062875617
435,0,0,0.004914045333862305,0.92824507,0.06635602,0.005398988
435,0,0,0.0026214420795440674,0.9744176,0.017677208,0.007905176
435,0,0,0.003495827317237854,0.97183764,0.018553426,0.009609007
435,0,0,0.005445718765258789,0.9690023,0.019787451,0.01121031
435,0,0,0.0031614303588867188,0.9634344,0.022768416,0.013797347
435,0,0,0.008041739463806152,0.9102288,0.066114515,0.023656778
435,0,2,0.01907789707183838,0.3170287,0.113992326,0.568979
435,0,0,0.01625692844390869,0.77108955,0.21202157,0.016888976
435,0,0,0.008719176054000854,0.9031108,0.085215285,0.011673971
435,0,0,0.006169706583023071,0.9275978,0.06541794,0.0069843577
435,0,0,0.007371783256530762,0.9347662,0.05890409,0.006329803
435,0,0,0.005089908838272095,0.93776137,0.055690266,0.0065484038
435,0,0,0.0027934610843658447,0.95537835,0.03750304,0.0071186963
435,0,0,0.016865193843841553,0.70502883,0.27514377,0.01982744
435,0,2,0.01169121265411377,0.110721156,0.11611011,0.7731688
256,0,0,0.009221792221069336,0.5486139,0.39021906,0.061166998
256,0,1,0.015666544437408447,0.26881322,0.69639885,0.034788083
256,0,2,0.02124953269958496,0.11769627,0.27698094,0.6053229
256,0,0,0.014817655086517334,0.62019783,0.26521075,0.114591524
256,0,0,0.013224184513092041,0.742073,0.16079846,0.09712874
256,0,1,0.007809877395629883,0.2747727,0.7059978,0.01922952
256,0,0,0.0089244544506073,0.84774107,0.13409516,0.018163957
256,0,0,0.011346101760864258,0.47441766,0.41589606,0.109686315
256,0,0,0.014629840850830078,0.64538616,0.2548847,0.09972926
256,0,1,0.007562816143035889,0.4032416,0.57750016,0.019258365
256,0,1,0.010336458683013916,0.13375418,0.8507104,0.015535492
256,0,0,0.016577482223510742,0.824977,0.16118264,0.013840455
256,0,0,0.017522454261779785,0.6407637,0.26262194,0.09661439
256,0,0,0.007023900747299194,0.8819214,0.10298146,0.015097108
256,0,1,0.012898385524749756,0.3926009,0.5928853,0.014513901
256,0,1,0.015650391578674316,0.39768818,0.56726646,0.035045452
256,0,0,0.012504518032073975,0.659372,0.30096975,0.039658405
256,0,1,0.012678205966949463,0.3741637,0.61518747,0.010648853
256,0,0,0.014269351959228516,0.6013272,0.19733264,0.20134032
256,0,0,0.011921584606170654,0.7337262,0.12242383,0.14385007
256,0,0,0.016413211822509766,0.6160548,0.3157307,0.0682147
256,0,0,0.015479087829589844,0.50623894,0.4567432,0.037017923
256,0,1,0.01651918888092041,0.42401174,0.53664863,0.039339717
256,0,1,0.01208430528640747,0.39666757,0.5435857,0.059746776
256,0,0,0.01579982042312622,0.55242765,0.43008825,0.01748419
256,0,0,0.027679145336151123,0.6731031,0.0999457,0.22695132
256,0,0,0.009192049503326416,0.73641497,0.18046346,0.08312163
256,0,2,0.017323613166809082,0.36873162,0.13771415,0.49355435
256,0,0,0.013385474681854248,0.7251378,0.22690634,0.04795595
256,0,1,0.0097237229347229,0.39753765,0.5317206,0.070741855
256,0,1,0.010083675384521484,0.33431935,0.6290559,0.036624648
256,0,0,0.01657766103744507,0.81669086,0.097586155,0.085722946
256,0,1,0.006731465458869934,0.02981607,0.95383894,0.016345013
256,0,0,0.019983768463134766,0.7233291,0.17856461,0.0981063
256,0,2,0.0186120867729187,0.28790194,0.12962672,0.58247143
352,0,0,0.009927690029144287,0.6714714,0.31770554,0.010823038
352,0,0,0.004388034343719482,0.96429145,0.01837862,0.017330028
352,0,0,0.007001161575317383,0.912263,0.03798359,0.04975344
352,0,1,0.017165422439575195,0.3445559,0.3789704,0.2764738
352,0,0,0.0023665204644203186,0.9808844,0.00999773,0.009117998
352,0,0,0.005313068628311157,0.9610162,0.014126347,0.024857534
352,0,0,0.008743703365325928,0.8013118,0.036968276,0.16172007
352,0,1,0.014460921287536621,0.3455446,0.5988634,0.055591952
352,0,0,0.011147797107696533,0.5943311,0.36811304,0.037556037
352,0,1,0.021508216857910156,0.39790586,0.5956696,0.006424598
352,0,0,0.00797930359840393,0.9293994,0.06471673,0.005884011
352,0,0,0.004709780216217041,0.9291501,0.060763065,0.010086912
352,0,0,0.011000335216522217,0.9005397,0.024281466,0.07517897
352,0,0,0.009937047958374023,0.82354224,0.10807132,0.06838647
352,0,0,0.01275646686553955,0.770739,0.16039144,0.06886958
352,0,0,0.009894251823425293,0.86343104,0.10957959,0.026989432
352,0,0,0.004951566457748413,0.9339475,0.03305189,0.033000715
352,0,1,0.0072814226150512695,0.103545636,0.887727,0.008727463
352,0,0,0.007461369037628174,0.8792505,0.11619185,0.004557782
352,0,0,0.006063997745513916,0.96792084,0.022145648,0.009933564
352,0,0,0.0031565874814987183,0.97094226,0.013480676,0.01557727
352,0,0,0.008490949869155884,0.8416903,0.011550394,0.14675942
352,0,0,0.00750732421875,0.8442319,0.02439047,0.13137774
352,0,0,0.005736261606216431,0.9247598,0.06289298,0.012347445
352,0,0,0.00451330840587616,0.96703637,0.01783866,0.015125021
352,0,0,0.005949348211288452,0.9040989,0.012059898,0.08384119
352,0,0,0.005720898509025574,0.95395714,0.032270737,0.013772212
352,0,0,0.00485152006149292,0.88142127,0.08605745,0.03252142
352,0,1,0.011749863624572754,0.43346217,0.55746603,0.009071833
352,0,0,0.004399314522743225,0.9722365,0.019929152,0.00783438
352,0,0,0.004439137876033783,0.976441,0.011778318,0.011780643
352,0,0,0.0038593560457229614,0.9571327,0.0070603983,0.03580698
352,0,0,0.004627212882041931,0.94921535,0.008605929,0.042178724
352,0,0,0.0022059231996536255,0.97079825,0.010695406,0.018506402
352,0,0,0.005046024918556213,0.9646473,0.025435083,0.009917746
352,0,0,0.009548395872116089,0.9427077,0.010840429,0.04645191
352,0,0,0.011019974946975708,0.88978505,0.0095070815,0.10070799
352,0,0,0.004539594054222107,0.950322,0.013712561,0.03596558
352,0,0,0.003767356276512146,0.97556865,0.01600914,0.0084223375
352,0,0,0.0032307803630828857,0.96707135,0.019074725,0.013853997
352,0,0,0.0026200711727142334,0.9683203,0.023100618,0.008579141
352,0,0,0.003127969801425934,0.9780286,0.011638882,0.010332543
352,0,0,0.002462610602378845,0.97569895,0.01381725,0.010483843
352,0,0,0.002527758479118347,0.97533435,0.009429611,0.015236099
352,0,0,0.004297181963920593,0.964819,0.015124315,0.020056808
352,0,0,0.00396178662776947,0.94949526,0.02255388,0.027951023
352,0,0,0.008836925029754639,0.7935254,0.1947836,0.011691083
352,0,0,0.011444807052612305,0.6001334,0.3915387,0.008327998
352,0,0,0.00656580924987793,0.7628318,0.22889471,0.008273578
352,0,0,0.002915680408477783,0.9641608,0.029457878,0.006381435
352,0,0,0.015572607517242432,0.6225191,0.37143388,0.006047159
352,0,1,0.013173401355743408,0.407195,0.5315451,0.061259992
352,0,0,0.015179932117462158,0.6826668,0.30475202,0.012581301
66,0,0,0.0036206841468811035,0.95410734,0.026179157,0.019713564
66,0,0,0.005989640951156616,0.9307827,0.027114742,0.04210264
66,0,0,0.0185244083404541,0.71009207,0.25773755,0.03217048
66,0,0,0.012907326221466064,0.80228174,0.091051035,0.10666742
66,0,0,0.004361048340797424,0.9596301,0.024317566,0.016052552
66,0,0,0.005743980407714844,0.9620941,0.029058035,0.008848041
66,0,0,0.003943681716918945,0.9606474,0.017040107,0.022312654
66,0,0,0.0033824294805526733,0.96673137,0.023405436,0.009863327
66,0,0,0.0045824795961380005,0.94640493,0.025647186,0.027947959
66,0,0,0.006828472018241882,0.9551807,0.022471169,0.022348234
66,0,0,0.0029137879610061646,0.97439307,0.011272333,0.014334581
66,0,0,0.004195049405097961,0.9671772,0.023540847,0.009282118
66,0,0,0.005733713507652283,0.96151835,0.023071319,0.015410494
23,0,0,0.007906317710876465,0.9161307,0.06654644,0.017322907
23,0,0,0.01619809865951538,0.5770119,0.3962827,0.02670552
23,0,0,0.006810411810874939,0.95908684,0.019016294,0.021896988
23,0,0,0.00611366331577301,0.9603235,0.022915311,0.016761292
23,0,0,0.007848650217056274,0.9389152,0.036789555,0.024295337
23,0,0,0.004529178142547607,0.9150136,0.07350286,0.011483692
23,0,0,0.0025032460689544678,0.96855146,0.011219705,0.020228883
23,0,0,0.0030601918697357178,0.9751353,0.014187345,0.010677357
23,0,0,0.0035478025674819946,0.95950836,0.028815841,0.011675908
23,0,0,0.0069632381200790405,0.9586691,0.029820293,0.011510638
23,0,0,0.004102528095245361,0.9630682,0.022060275,0.014871599
23,0,0,0.004836559295654297,0.92353165,0.036215622,0.040252775
23,0,0,0.0030827373266220093,0.9606785,0.01549529,0.023826314
23,0,0,0.004681259393692017,0.90700835,0.039991427,0.053000312
23,0,0,0.00413668155670166,0.9504204,0.0325672,0.017012527
23,0,0,0.004035532474517822,0.9510971,0.04093804,0.007964958
23,0,0,0.004413887858390808,0.97141564,0.0205956,0.007988758
23,0,0,0.003282397985458374,0.93046397,0.042939004,0.026597068
23,0,0,0.004740387201309204,0.9396286,0.040018294,0.0203533
23,0,0,0.004266828298568726,0.9636318,0.017503493,0.018864907
23,0,0,0.005863949656486511,0.9593047,0.029120514,0.011574913
23,0,0,0.008233785629272461,0.80058205,0.19232076,0.0070972177
23,0,0,0.0062600672245025635,0.93024665,0.0455169,0.024236482
255,0,0,0.013985931873321533,0.571985,0.18989724,0.23811781
255,0,0,0.015156149864196777,0.6469109,0.19571409,0.15737502
255,0,0,0.01249539852142334,0.4908879,0.33190674,0.17720541
255,0,0,0.00996166467666626,0.7307389,0.19982865,0.06943261
255,0,1,0.010114729404449463,0.28820556,0.68451464,0.027279891
255,0,0,0.01431053876876831,0.52505636,0.37054154,0.10440219
255,0,2,0.020133137702941895,0.4269703,0.13246135,0.44056842
255,0,0,0.015978455543518066,0.5213887,0.4492993,0.029312115
255,0,0,0.015084266662597656,0.7570119,0.23374896,0.009239214
255,0,0,0.0142478346824646,0.5494485,0.4188105,0.03174107
255,0,0,0.010308146476745605,0.57238835,0.41342258,0.014189111
255,0,0,0.0109022855758667,0.6155487,0.3567192,0.027732244
255,0,0,0.014299571514129639,0.6487489,0.2787651,0.072486095
255,0,0,0.011612653732299805,0.7337882,0.2140362,0.052175727
255,0,0,0.00909850001335144,0.8346814,0.15755904,0.007759605
255,0,0,0.00467333197593689,0.92624027,0.06737684,0.0063829776
255,0,1,0.00837564468383789,0.1058715,0.8902801,0.0038484335
255,0,0,0.012583315372467041,0.60808337,0.36966148,0.022255275
255,0,1,0.019577980041503906,0.3139591,0.667026,0.019014975
255,0,0,0.0113145112991333,0.6625917,0.30868334,0.028725032
255,0,0,0.015406817197799683,0.83188796,0.14775345,0.020358684
255,0,0,0.009129256010055542,0.9378723,0.049663205,0.012464651
255,0,0,0.00390508770942688,0.9436488,0.047882494,0.00846873
255,0,0,0.013552069664001465,0.9049806,0.08848869,0.006530804
255,0,0,0.015003681182861328,0.6015798,0.3913669,0.0070534092
255,0,0,0.019546210765838623,0.6108941,0.27141964,0.11768637
255,0,0,0.007957905530929565,0.9317683,0.059298303,0.008933496
255,0,0,0.009901195764541626,0.8707038,0.0362384,0.09305783
255,0,0,0.01290750503540039,0.61670345,0.3079272,0.07536951
436,0,0,0.00710827112197876,0.84000516,0.14124002,0.018754868
436,0,0,0.009414613246917725,0.9019442,0.08411883,0.013937073
436,0,0,0.0084017813205719,0.9309359,0.054603703,0.014460378
436,0,0,0.007989555597305298,0.933937,0.05544702,0.010616025
436,0,0,0.0068070292472839355,0.93745506,0.0535607,0.008984366
436,0,0,0.013574063777923584,0.73373306,0.25021985,0.01604714
436,0,1,0.02381718158721924,0.37428376,0.5928756,0.032840833
436,0,2,0.01307457685470581,0.101146884,0.20689215,0.6919611
436,0,0,0.007964715361595154,0.94413424,0.040982775,0.014883034
436,0,0,0.0044505298137664795,0.95936525,0.020052576,0.020582216
436,0,0,0.0036104172468185425,0.96143496,0.027298039,0.011267013
436,0,0,0.006164148449897766,0.96413857,0.023088373,0.012773073
436,0,0,0.0060934871435165405,0.9704916,0.012546698,0.016961804
436,0,0,0.005727708339691162,0.93066216,0.05966663,0.009671303
436,0,1,0.011071383953094482,0.4420949,0.54266423,0.01524093
436,0,0,0.0025033950805664062,0.9608391,0.026417982,0.012743076
436,0,0,0.002939954400062561,0.9671042,0.021973722,0.0109220445
436,0,0,0.005470290780067444,0.96844727,0.023403086,0.008149679
436,0,0,0.0038013458251953125,0.9747718,0.014586509,0.010641716
436,0,0,0.002823278307914734,0.9776734,0.011329994,0.010996675
436,0,0,0.007817745208740234,0.9348525,0.052804653,0.012342977
436,0,0,0.021813809871673584,0.5912831,0.3867999,0.021917073
436,0,0,0.0032181590795516968,0.9725095,0.0140636,0.013426922
436,0,0,0.00739714503288269,0.96418893,0.021193925,0.014617214
436,0,0,0.003721475601196289,0.9645317,0.020014247,0.015454182
436,0,0,0.004192471504211426,0.96821696,0.012958875,0.018824328
436,0,0,0.0020111501216888428,0.9803278,0.013329137,0.0063431426
436,0,0,0.006994307041168213,0.9165205,0.06712973,0.016349752
436,0,0,0.006748318672180176,0.76124454,0.21555667,0.023198867
436,0,0,0.003378257155418396,0.96924824,0.014315543,0.016436309
436,0,0,0.0034929513931274414,0.9745397,0.012332399,0.013127939
436,0,0,0.004118219017982483,0.96888226,0.01709986,0.014017939
436,0,0,0.003676101565361023,0.97441137,0.012978175,0.0126105165
436,0,0,0.009943604469299316,0.9676429,0.015428294,0.016928885
436,0,0,0.004385262727737427,0.948174,0.035062183,0.016763913
436,0,0,0.0046128928661346436,0.8961137,0.08882079,0.015065696
436,0,0,0.006318390369415283,0.81016785,0.14271687,0.047115415
436,0,0,0.013835012912750244,0.70375264,0.07343896,0.22280855
436,0,0,0.018565714359283447,0.60553616,0.07328836,0.32117543
436,0,0,0.013956427574157715,0.5410453,0.070065185,0.3888896
436,0,2,0.015082359313964844,0.12314473,0.0907312,0.7861241
436,0,2,0.011888384819030762,0.07586103,0.16396245,0.7601766
436,0,0,0.002799585461616516,0.97194153,0.013218045,0.014840528
436,0,0,0.002848297357559204,0.9682641,0.01897362,0.012762298
436,0,0,0.0032722502946853638,0.9721857,0.015777132,0.012037222
436,0,0,0.004381224513053894,0.97420204,0.011546419,0.014251596
436,0,0,0.0018270760774612427,0.9731081,0.012949195,0.013942677
436,0,0,0.004349127411842346,0.9636613,0.02227601,0.014062782
436,0,0,0.003950253129005432,0.9613934,0.0251095,0.013497129
436,0,0,0.004080861806869507,0.94988424,0.027721718,0.022394137
436,0,0,0.01103121042251587,0.9044683,0.0408599,0.054671966
436,0,0,0.010391831398010254,0.84889925,0.053294864,0.09780601
436,0,0,0.007006645202636719,0.83761615,0.06900118,0.0933827
436,0,0,0.0062944889068603516,0.8393063,0.098846465,0.06184729
436,0,0,0.007567793130874634,0.8542119,0.10450089,0.041287214
436,0,0,0.017825961112976074,0.49277577,0.16873935,0.33848497
436,0,2,0.010633885860443115,0.14404906,0.0606023,0.79534876
436,0,0,0.0049018412828445435,0.97454315,0.013679947,0.011776892
436,0,0,0.0043899863958358765,0.97480375,0.0137764225,0.011420037
436,0,0,0.002613559365272522,0.97440284,0.015660752,0.00993643
436,0,0,0.0022001713514328003,0.975501,0.013671717,0.0108273635
436,0,0,0.004393637180328369,0.96766096,0.019365577,0.012973546
436,0,0,0.0022350847721099854,0.9679681,0.02186808,0.010163847
436,0,0,0.0031048059463500977,0.9746602,0.01652396,0.008815884
436,0,0,0.0035712867975234985,0.96619296,0.022098577,0.011708556
436,0,0,0.0038725286722183228,0.9617431,0.022033678,0.016223313
436,0,0,0.003300115466117859,0.9618783,0.025212476,0.012909337
436,0,0,0.005265027284622192,0.96149856,0.030741325,0.007760227
436,0,0,0.005058169364929199,0.9255862,0.05602631,0.018387483
436,0,0,0.002908363938331604,0.96291345,0.030940792,0.0061458335
436,0,0,0.009463191032409668,0.83778757,0.14187424,0.020338282
436,0,0,0.016993701457977295,0.7488436,0.19995005,0.051206402
436,0,0,0.008080482482910156,0.9058069,0.078364514,0.01582862
436,0,0,0.0030445903539657593,0.94108254,0.049808912,0.009108642
436,0,0,0.003834649920463562,0.97542,0.01245094,0.012129022
436,0,0,0.002419397234916687,0.9709877,0.017419605,0.011592815
436,0,0,0.0051736533641815186,0.96444845,0.018271377,0.017280238
436,0,0,0.005847424268722534,0.9498618,0.041859172,0.008279107
436,0,0,0.010800868272781372,0.8907506,0.10111744,0.008132032
436,0,0,0.003421291708946228,0.958861,0.033144373,0.007994737
436,0,0,0.008077487349510193,0.9508528,0.030997291,0.018149931
436,0,0,0.006933242082595825,0.9177117,0.041704323,0.04058406
436,0,0,0.006562024354934692,0.92270875,0.035801806,0.04148944
436,0,0,0.0064051151275634766,0.9330875,0.03219464,0.03471797
436,0,0,0.006017208099365234,0.9370222,0.037856918,0.025120918
436,0,0,0.007349580526351929,0.92368454,0.054354038,0.02196157
436,0,0,0.014202237129211426,0.6382832,0.2756741,0.086042866
437,0,0,0.013744831085205078,0.37845385,0.29289564,0.3286506
437,0,0,0.015086352825164795,0.60359895,0.26001707,0.13638407
437,0,0,0.01191413402557373,0.53494453,0.38634545,0.07871004
437,0,0,0.01280069351196289,0.56418157,0.35783762,0.07798089
437,0,0,0.01262819766998291,0.71766996,0.21503118,0.06729904
437,0,0,0.005693584680557251,0.8959774,0.07920353,0.024819149
437,0,0,0.00970834493637085,0.7216442,0.27135578,0.007000135
437,0,0,0.002429485321044922,0.9679846,0.02740712,0.004608329
437,0,0,0.015318810939788818,0.8489789,0.057084806,0.09393642
437,0,0,0.0029545575380325317,0.96557546,0.025780926,0.008643704
437,0,0,0.0086127370595932,0.96595347,0.02857811,0.0054684645
437,0,2,0.008954823017120361,0.15569209,0.045606166,0.79870194
437,0,0,0.008131802082061768,0.7582457,0.027576463,0.21417789
437,0,0,0.004115283489227295,0.96893954,0.013325622,0.017734943
437,0,0,0.004076853394508362,0.9699613,0.021394355,0.008644487
437,0,0,0.0020229071378707886,0.9811373,0.013537485,0.0053253
437,0,0,0.006771445274353027,0.9337332,0.023245651,0.043021247
437,0,0,0.005401194095611572,0.95219177,0.020761631,0.027046608
437,0,0,0.003884419798851013,0.95969397,0.021650072,0.01865597
437,0,0,0.007525056600570679,0.95785797,0.015688429,0.02645368
437,0,0,0.002655595541000366,0.9706639,0.011874953,0.017461177
437,0,0,0.00652545690536499,0.9412428,0.023009477,0.03574779
437,0,0,0.005193531513214111,0.9243867,0.052100174,0.02351327
437,0,0,0.0037200450897216797,0.96861327,0.017456774,0.013930117
437,0,0,0.0033889412879943848,0.96914905,0.011972748,0.018878175
437,0,0,0.0028690919280052185,0.9791901,0.010539279,0.010270693
437,0,0,0.008540689945220947,0.90711194,0.06046934,0.03241886
437,0,0,0.004211246967315674,0.9639285,0.021652995,0.014418557
437,0,0,0.0042562782764434814,0.9584416,0.012046672,0.029511811
437,0,0,0.005466833710670471,0.9652777,0.010226629,0.024495842
437,0,0,0.003268823027610779,0.9719973,0.0066011236,0.0214016
437,0,0,0.005562260746955872,0.9525613,0.009858949,0.03757981
437,0,0,0.00877128541469574,0.96577924,0.016087502,0.018133253
437,0,0,0.004660129547119141,0.9676175,0.014465592,0.017916894
437,0,0,0.0039015263319015503,0.97958773,0.012179531,0.008232897
437,0,0,0.0011894777417182922,0.9852594,0.009008145,0.005732533
437,0,0,0.0015615373849868774,0.97282964,0.016888862,0.010281626
437,0,0,0.007168382406234741,0.95140016,0.017116198,0.031483635
437,0,0,0.00420437753200531,0.96468085,0.01031733,0.025001954
437,0,0,0.0019061565399169922,0.97494495,0.010039066,0.0150160305
437,0,0,0.003490842878818512,0.9768636,0.008035187,0.015101299
437,0,0,0.004316926002502441,0.9655829,0.01016282,0.024254344
437,0,0,0.0035731643438339233,0.97815996,0.010032568,0.011807547
437,0,0,0.002528555691242218,0.9799125,0.009471792,0.010615761
437,0,0,0.0022868961095809937,0.9815187,0.011533564,0.0069478224
437,0,0,0.0036125928163528442,0.9601081,0.036149137,0.0037428576
437,0,0,0.0067891925573349,0.9621744,0.029769674,0.008056015
437,0,0,0.002580583095550537,0.9740984,0.017749714,0.008151906
437,0,0,0.002391226589679718,0.979442,0.011175415,0.009382531
437,0,0,0.002185918390750885,0.9792086,0.008457649,0.012333834
437,0,0,0.0038371682167053223,0.97282875,0.0076620644,0.019509288
437,0,0,0.0026496872305870056,0.9813999,0.0086442605,0.009955894
437,0,0,0.0036993101239204407,0.9797611,0.009966415,0.010272561
437,0,0,0.0021340250968933105,0.9839396,0.0077635096,0.0082968
437,0,0,0.0024670064449310303,0.9807016,0.011144232,0.008154199
437,0,0,0.0037674903869628906,0.9765342,0.010975353,0.012490478
437,0,2,0.012625336647033691,0.26457334,0.034054287,0.70137244
437,0,0,0.010233432054519653,0.92953503,0.057496406,0.012968617
437,0,0,0.01742452383041382,0.6915814,0.30217382,0.0062448666
437,0,0,0.004877097904682159,0.9782267,0.011427832,0.010345603
437,0,0,0.00393792986869812,0.9748439,0.009948405,0.015207754
437,0,0,0.00384676456451416,0.9801434,0.010023358,0.009833248
437,0,0,0.002828240394592285,0.97929174,0.008523422,0.012184898
437,0,0,0.0036943256855010986,0.9781727,0.00776515,0.014062179
437,0,0,0.0022794008255004883,0.9748787,0.008356655,0.016764633
437,0,0,0.00633569061756134,0.95952827,0.010738833,0.02973298
437,0,0,0.0032442808151245117,0.9712271,0.011059325,0.01771356
437,0,0,0.01196521520614624,0.81494063,0.16660862,0.018450899
437,0,0,0.022407710552215576,0.69331515,0.29187402,0.014810837
437,0,0,0.004038870334625244,0.9453651,0.027401652,0.027233414
437,0,0,0.0019479766488075256,0.9802485,0.01196421,0.007787324
437,0,0,0.005965888500213623,0.96823126,0.011213335,0.02055552
437,0,0,0.005136303603649139,0.9761968,0.010997933,0.012805273
437,0,0,0.0020329728722572327,0.978601,0.013410441,0.007988659
437,0,0,0.0033692121505737305,0.95229083,0.043164942,0.004544286
437,0,0,0.009599864482879639,0.8474065,0.13972877,0.012864872
437,0,0,0.030390262603759766,0.56760174,0.40632865,0.026069745
224,0,2,0.009744763374328613,0.13515288,0.04469357,0.82015365
224,0,0,0.0092601478099823,0.9016632,0.068730645,0.029606339
224,0,0,0.020544111728668213,0.5514141,0.01379098,0.43479508
224,0,0,0.0074866414070129395,0.9348265,0.022939555,0.042234026
224,0,0,0.003990113735198975,0.97011405,0.018982768,0.010903264
224,0,0,0.005036488175392151,0.96980333,0.01699123,0.013205603
224,0,0,0.004068821668624878,0.9645017,0.022218874,0.013279521
224,0,0,0.005085274577140808,0.953768,0.009978912,0.036253184
224,0,0,0.004606977105140686,0.96212494,0.015418468,0.022456713
224,0,0,0.002443760633468628,0.97236216,0.018089969,0.009547883
224,0,0,0.003859803080558777,0.9783409,0.012240728,0.009418516
224,0,0,0.004205361008644104,0.9736302,0.016143266,0.010226487
224,0,0,0.003959149122238159,0.9707349,0.013519681,0.015745401
224,0,0,0.005358666181564331,0.9672189,0.014471077,0.018310076
224,0,0,0.0070108771324157715,0.9689706,0.013644878,0.01738463
224,0,0,0.0029256269335746765,0.9786187,0.009687051,0.011694251
224,0,0,0.003571711480617523,0.9785352,0.009178313,0.012286505
224,0,0,0.004858627915382385,0.97495764,0.012452365,0.012590045
224,0,2,0.012307882308959961,0.20886797,0.0753918,0.7157403
224,0,0,0.003402233123779297,0.9632156,0.028199034,0.008585505
224,0,0,0.004209071397781372,0.9677608,0.0112637365,0.020975541
224,0,0,0.002655923366546631,0.971945,0.009909319,0.018145803
224,0,0,0.00722697377204895,0.9499578,0.011320235,0.03872205
224,0,0,0.007584035396575928,0.9310915,0.033944167,0.03496446
224,0,0,0.006798207759857178,0.9634706,0.021208003,0.01532161
434,0,0,0.010499686002731323,0.8778256,0.06857432,0.05360021
434,0,0,0.00694042444229126,0.9260408,0.044685952,0.029273346
434,0,0,0.006157979369163513,0.95783836,0.023837417,0.01832433
434,0,0,0.00583396852016449,0.9562494,0.022598922,0.021151781
434,0,0,0.005327403545379639,0.9672908,0.018217415,0.01449178
434,0,0,0.004302278161048889,0.96681005,0.012312844,0.020877209
434,0,0,0.004315212368965149,0.9678076,0.01014271,0.022049796
434,0,0,0.007432669401168823,0.9597059,0.0186083,0.02168591
434,0,0,0.006695494055747986,0.95612556,0.025077553,0.01879692
434,0,0,0.007263809442520142,0.89661425,0.08308103,0.02030476
434,0,0,0.010287046432495117,0.8747346,0.106350005,0.018915413
434,0,0,0.007094770669937134,0.86726904,0.12121835,0.011512646
434,0,0,0.011844366788864136,0.9300318,0.04101367,0.028954638
434,0,0,0.003927111625671387,0.95064074,0.033900775,0.015458523
434,0,0,0.006895348429679871,0.95885944,0.019366989,0.021773634
434,0,0,0.004620388150215149,0.97007066,0.018888056,0.011041389
434,0,0,0.004738122224807739,0.96826243,0.018514685,0.013222962
434,0,0,0.0034614354372024536,0.96662736,0.02055789,0.012814838
434,0,0,0.006256029009819031,0.9601164,0.014245393,0.025638297
434,0,0,0.0030098259449005127,0.967746,0.014650031,0.017604055
434,0,0,0.004007264971733093,0.9723463,0.016441355,0.011212357
434,0,0,0.006214961409568787,0.94270235,0.045298174,0.011999604
434,0,0,0.004671558737754822,0.9447761,0.044495728,0.010728213
434,0,0,0.0041901469230651855,0.9138248,0.075759165,0.0104161445
434,0,0,0.013243436813354492,0.8263503,0.12128924,0.05236065
434,0,0,0.00801098346710205,0.8809881,0.08357817,0.035433825
434,0,0,0.005704179406166077,0.95974,0.025612745,0.01464744
434,0,0,0.004764050245285034,0.9668615,0.016047157,0.017091429
434,0,0,0.004867345094680786,0.96759766,0.012194977,0.020207433
434,0,0,0.0037671327590942383,0.96347755,0.013136211,0.02338627
434,0,0,0.003841027617454529,0.9678116,0.012143311,0.020045158
434,0,0,0.005851462483406067,0.9605137,0.0105263265,0.028959997
434,0,0,0.005964145064353943,0.9675639,0.012194325,0.020241866
434,0,0,0.0037938132882118225,0.97673076,0.013356756,0.009912575
434,0,0,0.004228994250297546,0.96484905,0.023728818,0.01142228
434,0,0,0.0030521154403686523,0.97201234,0.016846836,0.011140927
434,0,1,0.02681255340576172,0.32092676,0.47920445,0.19986886
434,0,1,0.016856849193572998,0.42591769,0.5243251,0.049757283
434,0,0,0.009104594588279724,0.953837,0.030123916,0.016039269
434,0,0,0.006245136260986328,0.97088516,0.012160445,0.016954422
434,0,0,0.0037510693073272705,0.97315437,0.012057575,0.014788029
434,0,0,0.004006743431091309,0.9721139,0.016035546,0.011850545
434,0,0,0.003284260630607605,0.97249717,0.013984531,0.013518372
434,0,0,0.0033935457468032837,0.96861744,0.014804694,0.01657806
434,0,0,0.0040583014488220215,0.97047657,0.010367089,0.019156385
434,0,0,0.006370246410369873,0.9657061,0.015197909,0.019096121
434,0,0,0.003960102796554565,0.97338086,0.013251556,0.013367677
434,0,0,0.0019800961017608643,0.97809374,0.009450556,0.0124557745
434,0,1,0.020006656646728516,0.15988317,0.63881433,0.2013026
434,0,0,0.004244193434715271,0.9462735,0.034875337,0.018851193
434,0,0,0.010192140936851501,0.9642439,0.0142767485,0.021479443
434,0,0,0.004945576190948486,0.9703486,0.01115421,0.018497188
434,0,0,0.002791270613670349,0.9751279,0.013973046,0.010899075
434,0,0,0.003935694694519043,0.97704494,0.011885048,0.011070093
434,0,0,0.004990488290786743,0.97062296,0.017369805,0.012007314
434,0,0,0.003600478172302246,0.9666146,0.018020077,0.015365544
434,0,0,0.004581168293952942,0.96990186,0.013668771,0.016429475
434,0,0,0.00253315269947052,0.9768405,0.010034031,0.013125636
434,0,0,0.002544105052947998,0.9574257,0.030226057,0.012348328
434,0,2,0.0179213285446167,0.07681389,0.19203411,0.73115206
434,0,0,0.008541017770767212,0.8743077,0.08856354,0.037128907
434,0,0,0.004633307456970215,0.95797837,0.015268156,0.026753515
434,0,0,0.004830837249755859,0.9661624,0.011755117,0.022082672
434,0,0,0.004918545484542847,0.9667185,0.012257281,0.021024399
434,0,0,0.0022726207971572876,0.97757626,0.009698291,0.012725521
434,0,0,0.005804479122161865,0.9679078,0.016726814,0.015365398
434,0,0,0.0052162110805511475,0.96668273,0.012169941,0.021147419
434,0,0,0.004390552639961243,0.96559244,0.015095891,0.019311719
434,0,0,0.005716577172279358,0.9640782,0.024169533,0.01175232
434,0,0,0.0051298588514328,0.9597837,0.028504014,0.011712465
434,0,2,0.009262889623641968,0.020760583,0.14253889,0.8367007
434,0,1,0.015480399131774902,0.41212657,0.51633644,0.07153708
434,0,0,0.008320212364196777,0.8401318,0.1283431,0.03152517
434,0,0,0.006887257099151611,0.9416842,0.041172538,0.017143324
434,0,0,0.0038607269525527954,0.9662661,0.015598483,0.018135484
434,0,0,0.003707706928253174,0.9655822,0.019971538,0.0144463945
434,0,0,0.010009407997131348,0.9528911,0.01686012,0.03024887
434,0,0,0.003914535045623779,0.94605136,0.015636053,0.038312636
434,0,0,0.006185084581375122,0.9320621,0.018817224,0.049120843
434,0,0,0.0034711360931396484,0.96954435,0.019089196,0.011366573
434,0,0,0.006655707955360413,0.9647096,0.022765044,0.012525501
434,0,2,0.011740386486053467,0.041665293,0.41567552,0.5426592
434,0,1,0.022632122039794922,0.24326283,0.66031784,0.09641937
434,0,2,0.025231242179870605,0.07467489,0.2755668,0.6497584
434,0,0,0.029023289680480957,0.3403902,0.32412702,0.3354828
434,0,2,0.025153517723083496,0.30373415,0.23394132,0.46232462
434,0,2,0.02212214469909668,0.20738381,0.335248,0.45736834
434,0,0,0.016107141971588135,0.6012062,0.34772745,0.05106643
434,0,1,0.01449817419052124,0.46305266,0.52251875,0.014428646
25,0,1,0.01376187801361084,0.2149139,0.495351,0.2897352
25,0,0,0.014320909976959229,0.7549295,0.20430492,0.04076569
25,0,0,0.004008114337921143,0.9644679,0.01855317,0.016979024
25,0,0,0.002529338002204895,0.96540177,0.01719582,0.017402478
25,0,0,0.004729822278022766,0.96390676,0.025975551,0.01011777
25,0,0,0.006892740726470947,0.9413043,0.028568545,0.030127205
25,0,2,0.011668205261230469,0.22086838,0.08144621,0.6976854
25,0,0,0.013266265392303467,0.72926587,0.22625656,0.044477567
25,0,0,0.007344245910644531,0.8586575,0.11909425,0.022248346
25,0,0,0.005084589123725891,0.9650308,0.021759639,0.013209771
25,0,0,0.004593759775161743,0.9717657,0.011594998,0.016639357
25,0,0,0.0042424798011779785,0.9595579,0.011570233,0.028871903
25,0,0,0.0050668865442276,0.9601993,0.015377813,0.024422923
25,0,0,0.007071584463119507,0.8937416,0.05820509,0.04805337
25,0,0,0.007655799388885498,0.8930543,0.09147653,0.015469216
25,0,0,0.0035658180713653564,0.9391809,0.03448817,0.02633094
25,0,0,0.007341548800468445,0.9629247,0.012754931,0.024320448
25,0,0,0.005297467112541199,0.97049814,0.016994681,0.012507232
25,0,0,0.004241868853569031,0.9759308,0.015560671,0.008508511
25,0,0,0.002251848578453064,0.9683591,0.01829284,0.01334818
25,0,0,0.005242466926574707,0.94210684,0.043963466,0.013929845
25,0,0,0.007110610604286194,0.9489354,0.03739684,0.01366791
25,0,0,0.005395233631134033,0.9683564,0.021036852,0.010606897
25,0,0,0.0026183277368545532,0.9733789,0.01130423,0.015316986
25,0,0,0.003778323531150818,0.97630936,0.009673263,0.014017417
25,0,0,0.0033064931631088257,0.972276,0.010301649,0.017422428
25,0,0,0.0026616305112838745,0.9663183,0.015514942,0.018166909
25,0,0,0.005725443363189697,0.94468665,0.021626724,0.033686765
25,0,0,0.0035521239042282104,0.96360505,0.011546253,0.024848849
25,0,0,0.0023202449083328247,0.97519726,0.007835971,0.016966755
25,0,0,0.006364598870277405,0.9630085,0.008612271,0.028379269
25,0,0,0.0023883283138275146,0.9762278,0.009476273,0.014295987
25,0,0,0.0023376494646072388,0.97133064,0.008313779,0.020355664
25,0,0,0.004573389887809753,0.9670675,0.01024605,0.022686597
25,0,0,0.007329791784286499,0.9405444,0.015077577,0.04437803
25,0,0,0.006534874439239502,0.9546551,0.0116774775,0.03366748
25,0,0,0.0036015212535858154,0.9704267,0.010133399,0.019440027
25,0,0,0.004294544458389282,0.9740764,0.007722763,0.018200874
25,0,0,0.0026900917291641235,0.9742298,0.007906619,0.017863577
25,0,0,0.004277393221855164,0.9623206,0.009881922,0.027797455
25,0,0,0.00796094536781311,0.8629095,0.008313441,0.12877709
25,0,0,0.0038256794214248657,0.9542927,0.016736709,0.02897061
25,0,0,0.007498607039451599,0.95001566,0.011546496,0.038437817
25,0,0,0.003325343132019043,0.9666058,0.00843808,0.024956163
25,0,0,0.0029613152146339417,0.9820157,0.012071042,0.005913237
25,0,0,0.002952881157398224,0.9785453,0.012572575,0.008882143
25,0,0,0.00363294780254364,0.97566307,0.009777227,0.01455979
25,0,0,0.006203889846801758,0.9314566,0.012982458,0.055561
111,0,2,0.012463808059692383,0.28841364,0.023639409,0.687947
111,0,0,0.010043293237686157,0.8523515,0.13320826,0.014440314
111,0,0,0.005678266286849976,0.9263567,0.06249121,0.011152248
111,0,0,0.009227633476257324,0.89277095,0.10172547,0.0055038277
111,0,2,0.008302390575408936,0.19510986,0.124549925,0.68034023
111,0,0,0.0066735148429870605,0.9462183,0.014000578,0.03978118
111,0,0,0.004365354776382446,0.9458096,0.024837872,0.029352648
111,0,0,0.0034404993057250977,0.9655895,0.024983304,0.009427269
111,0,0,0.0061858296394348145,0.95573556,0.0350121,0.009252329
111,0,2,0.01264101266860962,0.3093957,0.13195644,0.5586479
111,0,0,0.0037949606776237488,0.9765783,0.011003798,0.012417956
111,0,0,0.00266478955745697,0.97307897,0.012626858,0.014294255
111,0,0,0.004785716533660889,0.9727499,0.014114268,0.0131358225
111,0,0,0.00592397153377533,0.9565577,0.023894448,0.019547928
111,0,2,0.01328587532043457,0.19077308,0.31039694,0.49883008
111,0,0,0.005615249276161194,0.9565682,0.01587494,0.027556911
111,0,0,0.003620460629463196,0.9710445,0.01323965,0.015715854
111,0,0,0.0032648444175720215,0.97421783,0.013880865,0.011901409
111,0,0,0.004998683929443359,0.95622474,0.02248882,0.021286462
111,0,2,0.006063997745513916,0.14735386,0.02875815,0.82388806
111,0,0,0.007450699806213379,0.86114466,0.071423985,0.06743143
111,0,0,0.008315324783325195,0.9603113,0.021082368,0.018606415
111,0,0,0.0025779753923416138,0.9736831,0.015231595,0.011085306
111,0,0,0.008999735116958618,0.91914004,0.045929004,0.034931
111,0,0,0.007175177335739136,0.9283498,0.051567886,0.020082332
34,0,0,0.007513090968132019,0.97015315,0.013865192,0.015981708
34,0,0,0.0030834972858428955,0.9678229,0.011289035,0.020888126
34,0,0,0.006827056407928467,0.9627143,0.01642187,0.020863958
34,0,0,0.004479959607124329,0.9676368,0.017885583,0.014477696
34,0,0,0.004068046808242798,0.95517635,0.036459647,0.008364074
34,0,0,0.012101531028747559,0.88196224,0.11386672,0.004171105
34,0,2,0.006393104791641235,0.096951626,0.02203971,0.8810086
34,0,0,0.003299504518508911,0.9747678,0.012496257,0.012735975
34,0,0,0.00229451060295105,0.97472155,0.013057125,0.01222136
34,0,0,0.004102423787117004,0.971651,0.010707143,0.017642
34,0,0,0.0021058395504951477,0.9779349,0.011224441,0.010840847
34,0,0,0.0047954171895980835,0.9745319,0.011252576,0.01421559
34,0,0,0.0030173808336257935,0.9745924,0.015390534,0.010017147
34,0,0,0.021353721618652344,0.68361276,0.03955501,0.27683228
34,0,0,0.0077950358390808105,0.9653522,0.015217098,0.019430755
34,0,0,0.00540509819984436,0.9722804,0.013390912,0.014328766
34,0,0,0.005120620131492615,0.96738505,0.011946173,0.020668881
34,0,0,0.007019713521003723,0.9457246,0.015084263,0.039191186
34,0,0,0.005654588341712952,0.953665,0.012905916,0.03342917
34,0,0,0.006990313529968262,0.9283707,0.014872088,0.05675724
34,0,0,0.004412293434143066,0.96634775,0.015654622,0.017997708
34,0,0,0.003145948052406311,0.97629654,0.010357193,0.0133463275
34,0,0,0.003087073564529419,0.9756223,0.010273741,0.014104096
34,0,0,0.003156989812850952,0.9750816,0.007837982,0.017080398
34,0,0,0.0038878321647644043,0.97575295,0.0077990633,0.016448068
34,0,0,0.005323082208633423,0.9684612,0.010262356,0.021276584
34,0,0,0.005305290222167969,0.9152281,0.009987138,0.074784905
34,0,0,0.005517646670341492,0.96479636,0.014617262,0.020586425
34,0,0,0.002765670418739319,0.9696161,0.014783559,0.015600491
34,0,0,0.0032387375831604004,0.9749658,0.008143681,0.01689053
34,0,0,0.002245604991912842,0.97316515,0.0075203907,0.019314531
34,0,0,0.004518419504165649,0.9696955,0.008911534,0.02139304
34,0,0,0.004003465175628662,0.9664679,0.009758727,0.023773508
34,0,0,0.008969098329544067,0.88749677,0.01705836,0.09544501
34,0,0,0.003842651844024658,0.9652319,0.010805702,0.023962464
34,0,0,0.00424504280090332,0.96668696,0.01071905,0.022594148
34,0,0,0.004428043961524963,0.9583033,0.009342775,0.032354034
34,0,0,0.003934875130653381,0.9720132,0.010221871,0.017764999
34,0,0,0.004138588905334473,0.97456485,0.008527333,0.016907927
34,0,0,0.004041716456413269,0.9614351,0.009464049,0.02910095
34,0,0,0.020952343940734863,0.8316438,0.024653073,0.1437031
34,0,0,0.003408193588256836,0.9701746,0.009636759,0.020188725
34,0,0,0.0037255436182022095,0.96941704,0.009659569,0.02092341
34,0,0,0.0033103078603744507,0.96922714,0.009249436,0.021523504
34,0,0,0.0028533637523651123,0.9746092,0.00782531,0.017565632
34,0,0,0.0027090460062026978,0.97640425,0.008859356,0.014736453
34,0,0,0.0035312026739120483,0.9735985,0.009468341,0.016933164
34,0,0,0.01634007692337036,0.7021752,0.022436796,0.27538806
34,0,0,0.0037934035062789917,0.97240186,0.007872479,0.019725703
34,0,0,0.004111394286155701,0.9593529,0.0100529725,0.030594163
34,0,0,0.005659878253936768,0.96782166,0.010182858,0.021995584
34,0,0,0.004048779606819153,0.9744114,0.011394683,0.014193935
34,0,0,0.0018451958894729614,0.97741795,0.012459564,0.010122513
34,0,0,0.002902202308177948,0.97832346,0.012761549,0.008914998
34,0,0,0.003050073981285095,0.97383505,0.008585939,0.017579123
34,0,0,0.003912284970283508,0.97370267,0.011423336,0.0148739815
34,0,0,0.006152436137199402,0.9616756,0.010063424,0.028261088
34,0,0,0.0028231143951416016,0.9759398,0.0104563935,0.013603902
34,0,0,0.003162592649459839,0.9740112,0.014275959,0.011712929
34,0,0,0.005163624882698059,0.9635494,0.022933736,0.013517024
34,0,0,0.002239242196083069,0.97862047,0.008320298,0.01305936
34,0,0,0.002172991633415222,0.98053056,0.0076683583,0.011801153
34,0,0,0.0026184916496276855,0.9753293,0.009049816,0.015621022
34,0,0,0.006327509880065918,0.9728977,0.008375787,0.018726528
34,0,0,0.0025150254368782043,0.98050207,0.0076645967,0.011833447
34,0,0,0.00653211772441864,0.9626117,0.018052785,0.019335648
34,0,0,0.004721716046333313,0.9654151,0.016995523,0.017589446
34,0,0,0.005454108119010925,0.97146714,0.009203268,0.019329665
34,0,0,0.0021237656474113464,0.9768358,0.008525865,0.014638355
34,0,0,0.003857150673866272,0.9784386,0.0074345227,0.014126919
34,0,0,0.0034490227699279785,0.97748375,0.007640069,0.0148762865
34,0,0,0.0034474581480026245,0.97834504,0.0073632705,0.014291747
34,0,0,0.003195062279701233,0.9762837,0.010699681,0.013016699
34,0,0,0.006283164024353027,0.9012933,0.022937877,0.07576892
34,0,0,0.006460368633270264,0.9479347,0.021886937,0.03017842
34,0,0,0.002913355827331543,0.97245944,0.011894153,0.01564642
34,0,0,0.0033957436680793762,0.9787694,0.008571062,0.012659535
34,0,0,0.0021332204341888428,0.9759192,0.010684615,0.013396163
34,0,0,0.005877181887626648,0.97209173,0.011636507,0.016271774
34,0,0,0.0024798959493637085,0.9802234,0.010598196,0.009178445
34,0,0,0.016604244709014893,0.68345416,0.02241389,0.29413205
34,0,0,0.008265420794487,0.957574,0.03111487,0.011311121
34,0,0,0.003321126103401184,0.96717125,0.025697196,0.0071316273
34,0,0,0.003993168473243713,0.9722111,0.021537418,0.006251556
34,0,0,0.002095237374305725,0.97387826,0.02089821,0.0052236216
34,0,0,0.003601476550102234,0.9571237,0.03512071,0.007755747
34,0,0,0.008467644453048706,0.9040549,0.066558674,0.029386587
34,0,1,0.005026668310165405,0.007923252,0.9322787,0.059798136
34,0,0,0.007177084684371948,0.9226559,0.0586505,0.018693656
34,0,0,0.006861597299575806,0.9452756,0.04365613,0.011068341
34,0,0,0.006826549768447876,0.8947488,0.09667727,0.008574009
34,0,0,0.008316457271575928,0.8742703,0.11695438,0.008775339
34,0,0,0.012809157371520996,0.75617605,0.16609228,0.077731706
34,0,0,0.014303088188171387,0.7132506,0.10092892,0.18582064
34,0,0,0.011519581079483032,0.88266546,0.08897429,0.028360358
34,0,0,0.016946613788604736,0.7602323,0.11912734,0.12064031
34,0,0,0.0171281099319458,0.5280423,0.098424576,0.37353313
96,0,0,0.008783042430877686,0.5214569,0.43728432,0.041258816
96,0,0,0.014690816402435303,0.58807987,0.38884056,0.023079665
96,0,0,0.014821171760559082,0.69242126,0.30071375,0.006865064
96,0,0,0.013644754886627197,0.61228794,0.33849555,0.04921657
96,0,0,0.012637436389923096,0.67068005,0.3106229,0.018697191
96,0,0,0.01609581708908081,0.63607955,0.3494596,0.014460882
96,0,1,0.012328028678894043,0.48383626,0.5026985,0.013465348
96,0,0,0.010194122791290283,0.8362082,0.15295608,0.010835809
96,0,0,0.014929056167602539,0.4806666,0.23120968,0.28812376
96,0,0,0.005802333354949951,0.9395271,0.03904307,0.021429913
96,0,0,0.005847960710525513,0.91982573,0.027976638,0.052197687
96,0,0,0.012219011783599854,0.8171214,0.16791311,0.014965592
96,0,0,0.003651946783065796,0.9536531,0.039259598,0.007087451
96,0,0,0.003510802984237671,0.92939013,0.040230334,0.030379606
96,0,2,0.016704320907592773,0.3758586,0.051507358,0.5726341
96,0,1,0.030116617679595947,0.36225688,0.6200406,0.017702667
96,0,0,0.006543457508087158,0.8006026,0.08132945,0.11806799
96,0,0,0.008530139923095703,0.84161735,0.07819483,0.0801879
96,0,0,0.005244821310043335,0.8700009,0.054754652,0.07524457
96,0,0,0.009749770164489746,0.7441254,0.032875694,0.22299896
96,0,2,0.014752447605133057,0.084835954,0.07050989,0.84465414
96,0,2,0.01691359281539917,0.37989584,0.07390652,0.54619765
96,0,0,0.015747785568237305,0.84970504,0.08911188,0.061183233
96,0,2,0.019702255725860596,0.21092604,0.028384743,0.7606893
96,0,2,0.00523868203163147,0.034261342,0.087173395,0.87856543
348,0,0,0.012480616569519043,0.79303896,0.13958861,0.0673725
348,0,0,0.011630713939666748,0.8479696,0.084427,0.06760348
348,0,0,0.005424082279205322,0.87996083,0.08603109,0.034008138
348,0,0,0.01024007797241211,0.8031112,0.14625831,0.050630506
348,0,0,0.008601069450378418,0.7338612,0.25168142,0.014457434
348,0,0,0.011426568031311035,0.78896207,0.18933001,0.021708034
348,0,0,0.008146405220031738,0.9193705,0.036679782,0.04394975
348,0,0,0.006823360919952393,0.95253474,0.021579105,0.025886297
348,0,0,0.003584951162338257,0.96318513,0.016186386,0.02062867
348,0,0,0.005578905344009399,0.9541304,0.01706747,0.028802132
348,0,0,0.006374448537826538,0.9394156,0.04350295,0.01708154
348,0,0,0.005280494689941406,0.9552984,0.036891937,0.0078096874
348,0,0,0.005571886897087097,0.9604727,0.029158399,0.010368997
348,0,0,0.0070925503969192505,0.9431171,0.037161477,0.019721495
348,0,0,0.004606395959854126,0.9642098,0.02282767,0.012962577
348,0,0,0.00345785915851593,0.9658834,0.014860171,0.01925656
348,0,0,0.006309390068054199,0.96442974,0.017993778,0.017576633
348,0,0,0.005830302834510803,0.9593553,0.028826652,0.011818199
348,0,0,0.0066314637660980225,0.9538872,0.040353853,0.0057590106
348,0,0,0.024689018726348877,0.47973508,0.46931252,0.050952483
348,0,0,0.0075421929359436035,0.9220228,0.029488292,0.04848897
348,0,0,0.004634365439414978,0.9616159,0.029311666,0.009072591
348,0,0,0.002975866198539734,0.9723264,0.020488188,0.0071854675
348,0,0,0.0058120787143707275,0.9703644,0.015376707,0.0142589165
348,0,0,0.002892807126045227,0.97396564,0.017058318,0.008976042
348,0,0,0.0075626373291015625,0.93902767,0.046198536,0.014773947
348,0,0,0.0008911490440368652,0.9833958,0.00891589,0.0076883202
348,0,0,0.0039506107568740845,0.9729597,0.019360822,0.0076795993
348,0,0,0.0016152262687683105,0.9791625,0.009156912,0.011680608
348,0,0,0.004388436675071716,0.96184665,0.008617448,0.029535934
348,0,0,0.004979819059371948,0.95773774,0.009418094,0.032844286
348,0,0,0.007490307092666626,0.9628495,0.015041786,0.022108896
348,0,0,0.004027754068374634,0.96611094,0.024654074,0.009235074
348,0,1,0.018117129802703857,0.48276064,0.5004878,0.016751671
348,0,0,0.004927486181259155,0.95089686,0.03493034,0.014172766
348,0,0,0.006350666284561157,0.96080136,0.022597732,0.016601017
348,0,0,0.0035664141178131104,0.97546035,0.015050654,0.009489052
348,0,0,0.0047731101512908936,0.9711152,0.011531057,0.017353779
348,0,0,0.0037839561700820923,0.9693361,0.0111503815,0.019513568
348,0,0,0.005829289555549622,0.9509339,0.012549636,0.03651652
348,0,0,0.004753619432449341,0.96558034,0.010405561,0.024014097
348,0,0,0.004099145531654358,0.971298,0.00983921,0.018862901
348,0,0,0.007629692554473877,0.9636649,0.012239124,0.024096068
348,0,0,0.004285216331481934,0.9638423,0.011600263,0.024557605
348,0,0,0.002595067024230957,0.97447866,0.0098501295,0.015671253
348,0,0,0.003428816795349121,0.97217023,0.012124407,0.015705358
348,0,0,0.005203604698181152,0.95981234,0.021589862,0.018597815
348,0,1,0.013951122760772705,0.34341022,0.6386063,0.017983604
348,0,0,0.005927950143814087,0.92394346,0.06549191,0.010564689
348,0,0,0.004481643438339233,0.95396733,0.023931388,0.022101339
348,0,0,0.006080374121665955,0.9661323,0.0145158665,0.019351942
348,0,0,0.002721339464187622,0.97632986,0.010595483,0.013074769
348,0,0,0.004340022802352905,0.9698858,0.013292051,0.01682212
348,0,0,0.003930479288101196,0.97097725,0.007913054,0.02110969
348,0,0,0.0033721625804901123,0.9613041,0.008714559,0.02998135
348,0,0,0.005633652210235596,0.95784944,0.009816539,0.03233407
348,0,0,0.0038003772497177124,0.9717587,0.010154251,0.018087113
348,0,0,0.0027935653924942017,0.9721546,0.01003242,0.017812949
348,0,0,0.004299044609069824,0.95936495,0.010147673,0.030487496
348,0,0,0.005807399749755859,0.972467,0.014646908,0.0128860045
348,0,0,0.0037522315979003906,0.9408553,0.047963884,0.011180937
348,0,0,0.008491158485412598,0.9100601,0.0771855,0.012754511
348,0,0,0.00488792359828949,0.94590753,0.03247534,0.021617236
348,0,0,0.006810888648033142,0.9563398,0.024852663,0.018807644
348,0,0,0.00436951220035553,0.9693165,0.017590366,0.013093311
348,0,0,0.0027555376291275024,0.9741944,0.015085351,0.010720399
348,0,0,0.0034468472003936768,0.9675225,0.012082848,0.020394696
348,0,0,0.004982203245162964,0.9679506,0.008479536,0.023569962
348,0,0,0.0024881213903427124,0.97266865,0.007411777,0.019919626
348,0,0,0.004147715866565704,0.9794788,0.008116934,0.01240438
348,0,0,0.002813175320625305,0.981396,0.008349967,0.010254046
348,0,0,0.00503183901309967,0.9693165,0.010283499,0.020400036
348,0,0,0.003430008888244629,0.96834856,0.01615314,0.015498541
348,0,0,0.005867660045623779,0.9224408,0.061261397,0.016297905
348,0,0,0.0049481987953186035,0.93207043,0.054923683,0.013005928
348,0,0,0.006614953279495239,0.9364214,0.054979455,0.008599341
348,0,0,0.007056817412376404,0.9494217,0.04185077,0.00872762
348,0,0,0.006112635135650635,0.96515524,0.017156238,0.017688593
348,0,0,0.003441154956817627,0.97512054,0.014037297,0.010842233
348,0,0,0.003849610686302185,0.9686478,0.0149054,0.016446993
348,0,0,0.005679488182067871,0.96980083,0.012446227,0.017753033
348,0,0,0.005191892385482788,0.96685296,0.011049168,0.022097982
348,0,0,0.0027519091963768005,0.9795356,0.009563261,0.010901238
348,0,0,0.004323884844779968,0.97620887,0.010810737,0.012980496
348,0,0,0.0027824044227600098,0.9760981,0.010589583,0.013312413
348,0,0,0.004070669412612915,0.9638527,0.016041175,0.020106291
348,0,0,0.004763245582580566,0.9325632,0.05192941,0.015507472
348,0,0,0.012491852045059204,0.8883579,0.078953624,0.0326886
348,0,0,0.0065971314907073975,0.9515006,0.027791867,0.02070761
348,0,0,0.004909545183181763,0.9526462,0.025026174,0.022327688
348,0,0,0.006347388029098511,0.95885307,0.02504866,0.01609846
348,0,0,0.002901032567024231,0.96876824,0.017584916,0.013646959
348,0,0,0.004130139946937561,0.95217025,0.016240506,0.031589296
348,0,0,0.0022140443325042725,0.96970886,0.013504449,0.016786791
348,0,0,0.0025308728218078613,0.97410226,0.013698119,0.0121997055
348,0,0,0.0035435855388641357,0.9745278,0.01054757,0.014924666
348,0,0,0.002718821167945862,0.9753323,0.0116050495,0.013062623
348,0,0,0.003825262188911438,0.9738928,0.011476209,0.014631049
348,0,0,0.004524543881416321,0.97647816,0.0130613595,0.010460648
348,0,0,0.003773823380470276,0.952675,0.03868665,0.00863845
348,0,0,0.009751319885253906,0.8004306,0.17942092,0.020148562
348,0,0,0.004966184496879578,0.9507294,0.021349523,0.027921004
348,0,0,0.005373820662498474,0.9452396,0.031107126,0.023653349
348,0,0,0.008041083812713623,0.93424344,0.030696655,0.035060048
348,0,0,0.0024978965520858765,0.9617343,0.021753035,0.016512781
348,0,0,0.004790261387825012,0.96160924,0.020647565,0.017743332
348,0,0,0.0056869834661483765,0.94783515,0.040215362,0.011949615
348,0,0,0.0027546435594558716,0.96992815,0.01915166,0.010920196
348,0,0,0.006794050335884094,0.97135997,0.014663617,0.013976478
348,0,0,0.0038835108280181885,0.9729118,0.012452965,0.014635354
348,0,0,0.0032508373260498047,0.9745092,0.012566828,0.012924095
348,0,0,0.002845481038093567,0.9731198,0.01820399,0.00867626
348,0,0,0.01080179214477539,0.9332716,0.05836003,0.008368502
348,0,0,0.01739823818206787,0.639105,0.26510203,0.09579312
348,0,0,0.006015509366989136,0.9443047,0.03439266,0.021302693
348,0,0,0.004555016756057739,0.94055194,0.032406773,0.02704143
348,0,0,0.005098596215248108,0.9483256,0.024454841,0.027219633
348,0,0,0.003429204225540161,0.9580205,0.021487085,0.020492613
348,0,0,0.0073431432247161865,0.95121896,0.026808375,0.021972615
348,0,0,0.003494367003440857,0.9702833,0.014547395,0.015169312
348,0,0,0.0020160526037216187,0.9695486,0.014593431,0.015858022
348,0,0,0.00275537371635437,0.97348934,0.014946986,0.011563725
348,0,0,0.002374902367591858,0.9786176,0.010124406,0.011258098
348,0,0,0.0024385154247283936,0.97162676,0.017010953,0.011362292
348,0,0,0.0026450753211975098,0.96989954,0.020206084,0.009894375
348,0,0,0.007454931735992432,0.9473075,0.044126894,0.008565668
348,0,0,0.013147562742233276,0.8638992,0.10185132,0.034249607
348,0,0,0.009190857410430908,0.87078357,0.08844855,0.040767867
348,0,0,0.007972389459609985,0.95505357,0.02170524,0.023241319
348,0,0,0.00617218017578125,0.94817525,0.023455126,0.028369771
348,0,0,0.0048678964376449585,0.9548234,0.024140956,0.021035794
348,0,0,0.007560864090919495,0.95169437,0.022546273,0.025759384
348,0,0,0.004792451858520508,0.9638236,0.015722519,0.02045394
348,0,0,0.004149138927459717,0.9718809,0.013030436,0.015088681
348,0,0,0.0025740116834640503,0.9729808,0.01263978,0.014379462
348,0,0,0.002658754587173462,0.9739679,0.01360463,0.0124276
348,0,0,0.0037320703268051147,0.9625233,0.020163259,0.01731369
348,0,0,0.005294442176818848,0.9372367,0.045388073,0.017375305
348,0,0,0.01483684778213501,0.7791227,0.18861738,0.032259982
348,0,0,0.01125749945640564,0.8490703,0.12121774,0.02971202
348,0,0,0.004326134920120239,0.9413318,0.041170385,0.017498001
348,0,0,0.007792949676513672,0.91009766,0.048459142,0.0414433
348,0,0,0.00952678918838501,0.89865786,0.08492326,0.016419003
348,0,0,0.0049660950899124146,0.9522747,0.025187343,0.022538017
348,0,0,0.0069921910762786865,0.9672856,0.015187355,0.017527187
348,0,0,0.0037932544946670532,0.96432054,0.015559907,0.02011965
348,0,0,0.005027085542678833,0.95962507,0.020115716,0.02025927
348,0,0,0.002274423837661743,0.9652923,0.022702549,0.01200534
348,0,0,0.00523647665977478,0.90999347,0.07279641,0.017210135
348,0,0,0.011239707469940186,0.84510946,0.13821407,0.016676603
257,0,0,0.006873726844787598,0.77287513,0.0868223,0.1403027
257,0,1,0.016096115112304688,0.35027498,0.6019038,0.047821276
257,0,0,0.017751753330230713,0.58511454,0.35240772,0.062477756
257,0,0,0.01043635606765747,0.6099134,0.2488971,0.14118953
257,0,0,0.01090770959854126,0.5112123,0.4007328,0.08805496
257,0,1,0.009052515029907227,0.19150037,0.75801724,0.05048244
257,0,0,0.013434767723083496,0.6718843,0.2831563,0.0449594
257,0,0,0.00959169864654541,0.7981897,0.1708116,0.030998835
257,0,0,0.011990249156951904,0.62089837,0.33022094,0.048880726
257,0,1,0.01160275936126709,0.16224083,0.7750702,0.062689096
257,0,0,0.016472816467285156,0.7669185,0.067785405,0.1652963
257,0,1,0.011201918125152588,0.37304452,0.6016391,0.025316447
257,0,0,0.009398549795150757,0.88449323,0.07523831,0.040268555
257,0,0,0.007434248924255371,0.86177075,0.108066164,0.030163242
257,0,1,0.012149721384048462,0.0604741,0.9126247,0.026901264
257,0,0,0.009369254112243652,0.5800658,0.33557642,0.08435789
257,0,0,0.007962167263031006,0.8189428,0.1464549,0.034602325
257,0,1,0.012273192405700684,0.4174703,0.56270045,0.019829266
257,0,1,0.01769733428955078,0.43915904,0.54593796,0.014903124
257,0,1,0.014270365238189697,0.021644592,0.75919646,0.21915904
257,0,2,0.01417076587677002,0.30288568,0.23628503,0.46082938
257,0,0,0.013839900493621826,0.7253877,0.12345911,0.15115327
257,0,0,0.0045844316482543945,0.6090354,0.35253718,0.03842749
257,0,2,0.013371944427490234,0.31628567,0.30961818,0.37409618
257,0,0,0.016740083694458008,0.5895039,0.11191912,0.29857707
139,0,0,0.005291193723678589,0.913601,0.07023178,0.016167257
139,0,0,0.008004724979400635,0.93609357,0.03985454,0.024051988
139,0,0,0.008157789707183838,0.92679626,0.007421757,0.06578201
139,0,0,0.003975957632064819,0.92668986,0.015278878,0.05803133
139,0,0,0.005701810121536255,0.95074844,0.017961469,0.031290125
139,0,0,0.00766327977180481,0.93805146,0.0081944205,0.053754218
139,0,0,0.007101893424987793,0.91927415,0.013883062,0.0668428
139,0,0,0.006152063608169556,0.93276906,0.007856032,0.059375033
139,0,0,0.0036616623401641846,0.96537745,0.008589055,0.026033603
139,0,0,0.003239080309867859,0.96215904,0.009034484,0.028806515
139,0,0,0.009831234812736511,0.9571948,0.010033342,0.032771915
139,0,0,0.006604403257369995,0.9469922,0.0101099815,0.042897835
139,0,0,0.004771918058395386,0.9529003,0.010959884,0.036139864
139,0,0,0.003512158989906311,0.9616585,0.005948265,0.03239337
139,0,0,0.004580676555633545,0.96362114,0.0096482765,0.026730709
139,0,0,0.003273308277130127,0.96776485,0.0070675802,0.02516766
139,0,0,0.0038720518350601196,0.9729655,0.009933289,0.017101318
139,0,0,0.0036360621452331543,0.96374786,0.010089596,0.026162628
139,0,0,0.00585000216960907,0.95007503,0.010384896,0.039540052
139,0,0,0.004915684461593628,0.9417679,0.008562111,0.0496702
139,0,0,0.003902345895767212,0.9456645,0.0074212616,0.046914358
139,0,0,0.0035347193479537964,0.9693144,0.013387573,0.017298184
139,0,0,0.0031848549842834473,0.97328776,0.008323993,0.018388206
139,0,0,0.0026463717222213745,0.96505594,0.009750498,0.025193619
139,0,0,0.004813969135284424,0.96963686,0.007917269,0.022445982
139,0,0,0.0054132044315338135,0.96888506,0.00887341,0.022241568
139,0,0,0.005974724888801575,0.9652757,0.013854684,0.020869743
139,0,0,0.010154396295547485,0.9371146,0.010596201,0.052289277
139,0,0,0.005740731954574585,0.9492522,0.008733829,0.042014074
139,0,0,0.0044116973876953125,0.96047556,0.008743846,0.030780656
139,0,0,0.00433078408241272,0.9613299,0.022381533,0.016288651
139,0,0,0.0056574344635009766,0.96832955,0.020183677,0.011486781
139,0,0,0.006432130932807922,0.9737712,0.01701781,0.009211061
139,0,0,0.007746830582618713,0.96223164,0.010671169,0.027097302
139,0,0,0.0041729360818862915,0.9604161,0.008986055,0.030597998
139,0,0,0.0023665130138397217,0.97993445,0.010026279,0.010039383
139,0,0,0.0023418664932250977,0.9810905,0.009516529,0.009393087
139,0,0,0.0035000741481781006,0.9724962,0.015242312,0.01226156
139,0,0,0.005468711256980896,0.9745748,0.011570282,0.013854896
139,0,0,0.003618791699409485,0.9730139,0.009794203,0.017191894
139,0,0,0.0038738250732421875,0.9693947,0.009397289,0.021208009
139,0,0,0.007123231887817383,0.8984265,0.011142468,0.09043106
139,0,0,0.0098935067653656,0.9323248,0.010319579,0.057355627
139,0,0,0.007133796811103821,0.9407245,0.011202642,0.04807292
139,0,0,0.007376164197921753,0.95272255,0.034100354,0.0131771965
139,0,0,0.005427002906799316,0.95407015,0.034077886,0.011852105
139,0,0,0.003754526376724243,0.97571033,0.015198381,0.009091263
139,0,0,0.00402340292930603,0.9711404,0.00908061,0.019779094
139,0,0,0.0035897493362426758,0.9720816,0.00899221,0.01892614
139,0,0,0.0037512779235839844,0.97456324,0.008384175,0.0170526
139,0,0,0.0045067667961120605,0.9754112,0.0117833745,0.012805518
139,0,0,0.004237905144691467,0.96959233,0.0138401585,0.016567534
139,0,0,0.0055197179317474365,0.9645295,0.009395838,0.02607478
139,0,0,0.00507807731628418,0.965447,0.008813282,0.025739731
139,0,0,0.004439234733581543,0.95622057,0.008564745,0.03521471
139,0,0,0.0030472278594970703,0.97088057,0.01216599,0.01695346
139,0,0,0.006019771099090576,0.97156125,0.013511444,0.014927449
139,0,0,0.00488552451133728,0.9740101,0.011812661,0.014177363
139,0,0,0.0022272318601608276,0.9697194,0.010582249,0.019698393
139,0,0,0.004632532596588135,0.9738241,0.008488889,0.01768699
139,0,0,0.0035039037466049194,0.97413063,0.010152929,0.0157165
139,0,2,0.013295292854309082,0.34421802,0.29440552,0.36137652
440,0,0,0.001621350646018982,0.97224087,0.024092961,0.0036662102
440,0,0,0.0040734559297561646,0.96054596,0.033699956,0.0057541574
440,0,0,0.00556240975856781,0.9518222,0.018811483,0.02936644
440,0,0,0.005005970597267151,0.96358895,0.016943106,0.019468054
440,0,0,0.005328506231307983,0.97484875,0.015659573,0.009491762
440,0,0,0.004278466105461121,0.96825826,0.014613185,0.01712861
440,0,0,0.023796379566192627,0.6061417,0.037105598,0.35675272
440,0,0,0.003059074282646179,0.97102314,0.022575015,0.0064017754
440,0,0,0.0038342922925949097,0.9760909,0.01632663,0.0075825294
440,0,0,0.006828516721725464,0.944069,0.015270342,0.04066084
440,0,0,0.004193350672721863,0.97308254,0.019079978,0.007837581
440,0,0,0.004579424858093262,0.9581627,0.037622597,0.004214721
440,0,0,0.005387842655181885,0.9573549,0.035610043,0.0070352238
440,0,0,0.006655022501945496,0.9467797,0.041366093,0.01185423
440,0,0,0.003086686134338379,0.96976113,0.024730582,0.005508312
440,0,0,0.004601225256919861,0.96613395,0.026658962,0.0072071506
440,0,0,0.004238486289978027,0.9668542,0.029249215,0.0038966786
440,0,0,0.005474299192428589,0.9475436,0.04881132,0.0036451076
440,0,0,0.0038034915924072266,0.9732713,0.020488871,0.0062399106
440,0,0,0.006441190838813782,0.9706727,0.0246326,0.004694622
440,0,0,0.012193650007247925,0.9296429,0.06583889,0.0045182435
440,0,0,0.0030435100197792053,0.9751301,0.020708961,0.004161068
440,0,0,0.003082066774368286,0.9762765,0.01854292,0.0051806387
440,0,0,0.0044574737548828125,0.9669682,0.025483752,0.007548162
440,0,0,0.003000795841217041,0.959023,0.024542386,0.01643467
440,0,0,0.0038537532091140747,0.974087,0.00990261,0.016010486
440,0,0,0.004222795367240906,0.96395814,0.031109974,0.0049319877
440,0,0,0.004655808210372925,0.92816025,0.068053626,0.003786199
440,0,0,0.006720051169395447,0.967842,0.026656043,0.005502054
440,0,0,0.0020724162459373474,0.98145705,0.011388312,0.00715469
440,0,0,0.003397837281227112,0.9758092,0.009617855,0.01457298
440,0,0,0.003604680299758911,0.97728896,0.013250261,0.009460846
440,0,0,0.003181353211402893,0.96761394,0.012960982,0.019425144
440,0,0,0.01248013973236084,0.61399376,0.20790835,0.17809804
440,0,0,0.009404301643371582,0.921681,0.022347495,0.055971593
440,0,0,0.0026813745498657227,0.9715139,0.02010121,0.0083849225
440,0,0,0.009496927261352539,0.9505383,0.043297563,0.0061642383
440,0,0,0.004812031984329224,0.9615995,0.031063009,0.0073375166
440,0,0,0.003115527331829071,0.9785733,0.012609199,0.008817531
440,0,0,0.0023760348558425903,0.97638315,0.011487197,0.012129821
440,0,0,0.003244757652282715,0.97123486,0.02278502,0.0059802253
440,0,0,0.004458069801330566,0.9651819,0.02091683,0.013901424
440,0,0,0.004209414124488831,0.9630239,0.024616787,0.012359397
440,0,0,0.003939837217330933,0.9596855,0.022265619,0.018048903
440,0,0,0.015379190444946289,0.7692497,0.108047485,0.1227029
440,0,0,0.0035585016012191772,0.96253306,0.024594303,0.012872721
440,0,0,0.0033483952283859253,0.9728464,0.018440846,0.008712818
440,0,0,0.0037889331579208374,0.9664055,0.026633713,0.006960795
440,0,0,0.0018025189638137817,0.96720076,0.027479611,0.0053196913
440,0,0,0.002032563090324402,0.9777297,0.018187203,0.0040832437
440,0,0,0.003978654742240906,0.9734937,0.015829533,0.010676823
440,0,0,0.0034189224243164062,0.96514064,0.025831858,0.009027581
440,0,0,0.004296734929084778,0.95654595,0.02855914,0.014894955
440,0,0,0.004055395722389221,0.97951514,0.01414586,0.0063391333
440,0,0,0.0033695846796035767,0.97420835,0.013260886,0.01253083
440,0,0,0.010415494441986084,0.93912935,0.03299567,0.027875016
440,0,0,0.005509808659553528,0.9709139,0.015930546,0.013155687
440,0,0,0.006057024002075195,0.96835244,0.023150332,0.008497365
440,0,0,0.003018319606781006,0.97279453,0.018204233,0.009001382
440,0,0,0.004675880074501038,0.9702847,0.012760716,0.016954688
440,0,0,0.006804019212722778,0.96878886,0.013470735,0.017740447
440,0,0,0.0038108080625534058,0.97158223,0.014679183,0.013738721
440,0,0,0.0034170150756835938,0.97328454,0.016076889,0.010638581
440,0,0,0.0033653080463409424,0.9727725,0.019945709,0.0072819046
440,0,0,0.003122374415397644,0.95963395,0.012484191,0.027881969
440,0,0,0.008564531803131104,0.936955,0.041769847,0.021275174
440,0,0,0.005171597003936768,0.9602498,0.020997614,0.018752748
440,0,0,0.0064164698123931885,0.95202285,0.038565226,0.009411935
440,0,0,0.002588599920272827,0.9769756,0.015636254,0.00738822
440,0,0,0.002306327223777771,0.97203094,0.0213872,0.0065819663
440,0,0,0.0059632062911987305,0.96999735,0.019954013,0.010048751
440,0,0,0.007311522960662842,0.961118,0.028981457,0.009900651
440,0,0,0.0026250705122947693,0.97631145,0.016326513,0.0073621753
440,0,0,0.0038972049951553345,0.9723978,0.02033543,0.007266871
440,0,0,0.0030755847692489624,0.9605384,0.032627065,0.0068345577
440,0,0,0.006743296980857849,0.9600432,0.014604604,0.025352309
440,0,0,0.007535889744758606,0.9451697,0.04384816,0.010982274
440,0,0,0.007853835821151733,0.9368431,0.042020243,0.021136738
440,0,0,0.00636860728263855,0.93212193,0.06190197,0.0059761317
440,0,0,0.006640762090682983,0.92974085,0.061529674,0.008729669
440,0,0,0.0025147944688796997,0.96793723,0.022075161,0.009987633
440,0,0,0.005584850907325745,0.95427257,0.027908897,0.017818639
440,0,0,0.01461935043334961,0.77094686,0.029018795,0.2000344
440,0,0,0.010258227586746216,0.93682104,0.054853957,0.0083251
440,0,0,0.015440762042999268,0.6750811,0.23165798,0.09326104
440,0,2,0.012085437774658203,0.2300043,0.043356888,0.72663885
36,0,0,0.01195460557937622,0.5172929,0.05521563,0.42749152
36,0,0,0.008875250816345215,0.64293,0.057843942,0.2992261
36,0,0,0.014125704765319824,0.74342996,0.13138528,0.12518476
36,0,0,0.008429467678070068,0.8567008,0.056674797,0.08662449
36,0,0,0.0075217485427856445,0.85361713,0.06332987,0.08305308
36,0,0,0.013189435005187988,0.6907189,0.116163045,0.19311816
36,0,0,0.006596595048904419,0.8658082,0.06517721,0.069014594
36,0,0,0.0038367509841918945,0.9456849,0.031925425,0.022389673
36,0,0,0.005030125379562378,0.9591211,0.028394328,0.012484732
36,0,0,0.004246637225151062,0.9652506,0.016525669,0.018223835
36,0,0,0.01121571660041809,0.8943383,0.035400428,0.07026141
36,0,0,0.004199013113975525,0.9605234,0.020556683,0.018919941
36,0,0,0.004542544484138489,0.9557594,0.023124814,0.021115845
36,0,0,0.0028398633003234863,0.972088,0.01708685,0.0108252885
36,0,0,0.0031483620405197144,0.9763526,0.016062444,0.0075850533
36,0,0,0.002126827836036682,0.98211294,0.0109724235,0.0069146366
36,0,0,0.0029133930802345276,0.9798686,0.011152993,0.008978504
36,0,0,0.0033319592475891113,0.9748729,0.01319182,0.011935366
36,0,0,0.003429785370826721,0.97664785,0.011889367,0.01146287
36,0,0,0.002836883068084717,0.9742947,0.012621555,0.013083831
36,0,0,0.003183141350746155,0.9751352,0.012973367,0.011891443
36,0,0,0.005302689969539642,0.9760488,0.016388983,0.0075623016
36,0,0,0.00461636483669281,0.97905046,0.011844076,0.009105524
36,0,0,0.002963550388813019,0.97752553,0.014350974,0.008123621
36,0,0,0.0033296048641204834,0.97808284,0.012955594,0.008961685
36,0,0,0.004001915454864502,0.9739385,0.014394959,0.011666609
36,0,0,0.00691300630569458,0.97502476,0.010833489,0.014141767
36,0,0,0.0050242990255355835,0.9723449,0.01431671,0.013338483
36,0,0,0.0036922022700309753,0.9782437,0.01363284,0.008123544
36,0,0,0.0022913366556167603,0.98018855,0.01146586,0.008345592
36,0,0,0.003499455749988556,0.9771681,0.013235781,0.009596204
36,0,0,0.005643635988235474,0.97230417,0.01365606,0.014039868
36,0,0,0.002427436411380768,0.981412,0.011389387,0.007198719
36,0,0,0.008246570825576782,0.97194624,0.011841858,0.016211877
36,0,0,0.004096582531929016,0.98010004,0.013685511,0.0062145703
36,0,0,0.002695128321647644,0.97453797,0.013934794,0.0115273455
36,0,0,0.005287691950798035,0.9671545,0.016771166,0.016074404
36,0,0,0.003076888620853424,0.9820204,0.010737246,0.0072423867
36,0,0,0.0029438063502311707,0.97969264,0.011234438,0.00907298
36,0,0,0.00549684464931488,0.97299486,0.0106364805,0.016368723
36,0,0,0.0036142319440841675,0.9781568,0.011552499,0.010290778
36,0,0,0.004688888788223267,0.97479576,0.015049994,0.010154242
36,0,0,0.0023832619190216064,0.97550714,0.0128216725,0.011671182
36,0,0,0.002506360411643982,0.98117554,0.01283911,0.005985378
36,0,0,0.0027680322527885437,0.9784979,0.00790398,0.013598177
36,0,0,0.005108289420604706,0.9770363,0.010745287,0.012218474
36,0,0,0.004335664212703705,0.9772348,0.012322382,0.010442911
36,0,0,0.0037605464458465576,0.97539634,0.014088992,0.010514793
36,0,0,0.004490315914154053,0.97996444,0.009029449,0.01100617
36,0,0,0.005824342370033264,0.9684383,0.009054171,0.022507597
36,0,0,0.005625702440738678,0.9788903,0.0116927,0.009417048
36,0,0,0.002296246588230133,0.9794254,0.008964891,0.011609831
36,0,0,0.0023023709654808044,0.98024184,0.008995795,0.010762415
36,0,0,0.0031148716807365417,0.97899836,0.010495733,0.010505912
36,0,0,0.002771623432636261,0.9778988,0.009076874,0.013024366
36,0,0,0.0032573267817497253,0.97793466,0.00893647,0.013129059
36,0,0,0.0024273544549942017,0.97699666,0.010603717,0.012399738
36,0,0,0.003932863473892212,0.97730374,0.012442727,0.010253566
36,0,0,0.008306160569190979,0.9774496,0.010047682,0.012502761
36,0,0,0.0037741810083389282,0.97355294,0.009763697,0.016683362
36,0,0,0.003118447959423065,0.9780686,0.009970645,0.01196077
36,0,0,0.0028521791100502014,0.97873724,0.011708249,0.009554573
36,0,0,0.004251554608345032,0.9764624,0.011714621,0.011823064
36,0,0,0.00483761727809906,0.97797877,0.015717564,0.0063037574
36,0,0,0.0030158013105392456,0.978881,0.0074851546,0.013633938
36,0,0,0.00330556184053421,0.97713083,0.009532507,0.013336696
36,0,0,0.004256248474121094,0.97360605,0.009886357,0.016507681
36,0,0,0.004253610968589783,0.9715932,0.013347836,0.015058917
36,0,0,0.005874544382095337,0.9681286,0.01816257,0.013708932
36,0,0,0.0025865063071250916,0.9804708,0.010397685,0.0091315815
36,0,0,0.002885982394218445,0.97546434,0.018216165,0.006319516
36,0,0,0.004698559641838074,0.960626,0.03391531,0.0054587005
36,0,0,0.003151416778564453,0.9760564,0.013619968,0.010323703
36,0,0,0.004059642553329468,0.97520345,0.013245099,0.011551424
36,0,0,0.0033078938722610474,0.9821794,0.012673275,0.005147377
36,0,0,0.004263363778591156,0.979962,0.013159765,0.0068782885
36,0,0,0.0024710893630981445,0.9810094,0.012894172,0.0060964795
36,0,0,0.0018363222479820251,0.9847141,0.008372973,0.0069130044
36,0,0,0.010176241397857666,0.74512964,0.24126415,0.013606349
36,0,0,0.005324631929397583,0.92945945,0.06093572,0.009604922
36,0,0,0.0035618990659713745,0.9678467,0.021995364,0.010157946
36,0,0,0.002240508794784546,0.9806594,0.012930062,0.0064106314
36,0,0,0.004548370838165283,0.9756484,0.016040456,0.008311174
36,0,0,0.003698885440826416,0.9820245,0.011038462,0.006937011
36,0,0,0.002107754349708557,0.9776241,0.0130622005,0.009313659
36,0,0,0.007393062114715576,0.93972003,0.0431333,0.017146783
36,0,0,0.004107549786567688,0.9514967,0.023891794,0.024611555
36,0,0,0.0040725767612457275,0.96440566,0.013197242,0.022397153
36,0,0,0.006465435028076172,0.9490666,0.03753849,0.013394973
350,0,0,0.0033981800079345703,0.9527193,0.008028829,0.03925197
350,0,0,0.00633201003074646,0.9014697,0.01395759,0.084572695
350,0,0,0.003746137022972107,0.95114887,0.011466423,0.037384797
350,0,0,0.0068102627992630005,0.95362246,0.010755391,0.035622228
350,0,0,0.008334159851074219,0.93612117,0.011204501,0.0526744
350,0,0,0.006881535053253174,0.93497694,0.020186437,0.044836756
350,0,0,0.004291132092475891,0.95746404,0.011610091,0.030925946
350,0,0,0.007619097828865051,0.9548434,0.00874192,0.036414783
350,0,0,0.007107675075531006,0.94570017,0.008961497,0.045338493
350,0,0,0.006745874881744385,0.929541,0.008532502,0.061926525
350,0,0,0.007550328969955444,0.90431195,0.01648921,0.079199
350,0,0,0.005900055170059204,0.9114487,0.015682468,0.07286893
350,0,0,0.003239259123802185,0.9464804,0.014907829,0.0386118
350,0,0,0.003124132752418518,0.97001415,0.012540597,0.017445298
350,0,0,0.0038495659828186035,0.96775436,0.007610479,0.024635313
350,0,0,0.006664961576461792,0.97103083,0.014906095,0.0140630575
350,0,0,0.011423975229263306,0.9156678,0.009483176,0.07484921
350,0,0,0.01268923282623291,0.80543834,0.03174826,0.1628135
350,0,0,0.004315495491027832,0.95844465,0.014871095,0.026684396
350,0,0,0.003817036747932434,0.97387457,0.019092333,0.0070331777
350,0,0,0.0034074634313583374,0.9710048,0.019591138,0.009404115
125,0,0,0.004497632384300232,0.96169823,0.0066717924,0.031630095
125,0,0,0.0038753747940063477,0.98090553,0.010661067,0.008433501
125,0,0,0.003243677318096161,0.9778434,0.014247301,0.007909375
125,0,0,0.009297877550125122,0.8900063,0.012175379,0.09781839
125,0,0,0.00973367691040039,0.92061806,0.019308334,0.060073715
125,0,2,0.005980074405670166,0.01731586,0.047324285,0.9353599
125,0,2,0.013273417949676514,0.13370128,0.15188432,0.7144145
125,0,0,0.011630475521087646,0.83565813,0.036369998,0.127972
125,0,0,0.0031148195266723633,0.97566444,0.012475234,0.011860375
125,0,0,0.0043917447328567505,0.97219294,0.009246279,0.018560851
125,0,0,0.006185606122016907,0.9581388,0.011532173,0.030329091
125,0,0,0.004152759909629822,0.9494274,0.010725436,0.03984714
125,0,0,0.006464704871177673,0.9577065,0.014271052,0.028022487
125,0,0,0.005073577165603638,0.9466473,0.023344211,0.03000849
125,0,2,0.01950669288635254,0.09401042,0.16390048,0.7420892
125,0,2,0.014286041259765625,0.38691694,0.085932955,0.52715015
125,0,0,0.005396366119384766,0.94828314,0.036119457,0.015597369
125,0,0,0.002387002110481262,0.97636026,0.0111804195,0.012459398
125,0,0,0.0028554946184158325,0.981266,0.008990242,0.009743847
125,0,0,0.00282306969165802,0.9777307,0.012641509,0.0096278805
125,0,0,0.00814715027809143,0.94023424,0.011766013,0.047999825
125,0,0,0.005760759115219116,0.9329286,0.015930813,0.05114063
125,0,0,0.006584465503692627,0.95954484,0.011884131,0.028571086
125,0,0,0.00594039261341095,0.9671768,0.011683711,0.021139527
125,0,0,0.017599642276763916,0.52723235,0.4294576,0.04331016
125,0,0,0.004269510507583618,0.9499999,0.017435228,0.032564964
125,0,0,0.010392457246780396,0.8801331,0.10598068,0.013886279
125,0,0,0.004270471632480621,0.97602093,0.01694239,0.00703671
125,0,0,0.004850327968597412,0.96843034,0.010032974,0.021536842
125,0,0,0.003532320261001587,0.9764498,0.012040057,0.011510275
125,0,0,0.0033906102180480957,0.9562412,0.007249335,0.03650956
125,0,0,0.0043534934520721436,0.95153224,0.009909834,0.038558047
125,0,0,0.0042081475257873535,0.9568553,0.009656732,0.033488
125,0,0,0.004332736134529114,0.96014076,0.0075051906,0.03235403
125,0,0,0.017813920974731445,0.6531033,0.11400928,0.23288745
125,0,0,0.0076231807470321655,0.9551516,0.033457123,0.011391321
125,0,0,0.00661042332649231,0.9533439,0.013755056,0.032901045
125,0,0,0.007171630859375,0.94607764,0.011066394,0.042856064
125,0,0,0.007533460855484009,0.93229014,0.010924351,0.05678549
125,0,0,0.006563752889633179,0.94747126,0.007973839,0.044554953
125,0,0,0.004208996891975403,0.96303606,0.0068317717,0.030132191
125,0,0,0.003039136528968811,0.9610769,0.0064276373,0.032495603
125,0,0,0.0032564103603363037,0.95979506,0.007918957,0.03228609
125,0,0,0.005399942398071289,0.958588,0.008173461,0.03323865
125,0,0,0.005086734890937805,0.95820147,0.0065764072,0.03522229
125,0,0,0.01241755485534668,0.53374034,0.4319608,0.034298923
125,0,0,0.010990142822265625,0.8119035,0.17682967,0.01126697
125,0,0,0.00737038254737854,0.9170383,0.019961365,0.06300038
125,0,0,0.007818609476089478,0.9453354,0.014106242,0.040558472
125,0,0,0.006218433380126953,0.9198989,0.012833538,0.06726763
125,0,0,0.004767313599586487,0.95880544,0.00759977,0.033594873
125,0,0,0.0060625821352005005,0.94876796,0.00984526,0.041386835
125,0,0,0.0051838308572769165,0.95660967,0.008756388,0.03463408
125,0,0,0.007329300045967102,0.95749724,0.008267398,0.03423552
125,0,0,0.003587290644645691,0.9754804,0.008479139,0.01604037
125,0,0,0.0049058496952056885,0.96451396,0.008325687,0.027160507
125,0,0,0.0018004924058914185,0.9823745,0.00905064,0.008574953
125,0,1,0.015539586544036865,0.45110995,0.5317408,0.0171494
125,0,0,0.012542366981506348,0.6522639,0.3407207,0.007015493
125,0,0,0.01921546459197998,0.6592619,0.33159336,0.009144837
125,0,0,0.004316538572311401,0.9623386,0.0092826225,0.028378924
125,0,0,0.004179894924163818,0.9494032,0.01000288,0.040593877
125,0,0,0.008230447769165039,0.9632858,0.009631825,0.027082503
125,0,0,0.0047075748443603516,0.9591775,0.008986671,0.03183587
125,0,0,0.004079028964042664,0.9712001,0.0102139525,0.018586028
125,0,0,0.008063971996307373,0.9622494,0.011058735,0.02669187
125,0,0,0.005984067916870117,0.9766401,0.0136257745,0.009734197
125,0,0,0.004028819501399994,0.97719836,0.010454589,0.012347179
125,0,0,0.002299793064594269,0.9817046,0.0076998617,0.010595639
125,0,0,0.005526229739189148,0.97891855,0.012179362,0.008902096
125,0,1,0.006889671087265015,0.090024725,0.9040586,0.0059167515
125,0,1,0.017532527446746826,0.44440433,0.5473025,0.008293249
125,0,0,0.011486351490020752,0.7541152,0.2397385,0.0061463667
125,0,0,0.00609278678894043,0.94095004,0.014280847,0.044769183
125,0,0,0.0077524334192276,0.9506145,0.010591643,0.038793895
125,0,0,0.006120994687080383,0.9601069,0.013847525,0.026045745
125,0,0,0.005411356687545776,0.96531725,0.010413662,0.024269221
125,0,0,0.004102244973182678,0.9698093,0.012038858,0.018151931
125,0,0,0.013174712657928467,0.7712846,0.2238482,0.0048673237
125,0,0,0.005960196256637573,0.95937026,0.013434152,0.02719569
125,0,0,0.011195123195648193,0.48972684,0.48643994,0.023833217
125,0,1,0.011961817741394043,0.46412063,0.5112041,0.024675326
441,0,0,0.00926351547241211,0.67350376,0.26999968,0.05649663
441,0,0,0.009385287761688232,0.6849352,0.25535697,0.059707914
441,0,0,0.009463250637054443,0.7267472,0.23874691,0.03450593
441,0,0,0.008828938007354736,0.48854738,0.4825205,0.028932288
441,0,0,0.007108777761459351,0.9174061,0.069900006,0.012694105
441,0,0,0.010560274124145508,0.7075075,0.26197574,0.030516881
441,0,0,0.010267496109008789,0.5784927,0.39208952,0.029417902
441,0,0,0.008517801761627197,0.67432845,0.3154606,0.010211016
441,0,0,0.0048309266567230225,0.9528601,0.030518243,0.016621666
441,0,0,0.009029090404510498,0.7409812,0.2518785,0.007140307
441,0,0,0.0062239766120910645,0.66308224,0.32689318,0.010024686
441,0,0,0.004772797226905823,0.957359,0.02653421,0.016106868
441,0,0,0.0027770400047302246,0.9745489,0.010326864,0.015124337
441,0,0,0.0024866610765457153,0.9710627,0.013398123,0.015539293
441,0,0,0.004432126879692078,0.9757312,0.016505146,0.0077636763
441,0,0,0.018395662307739258,0.5930436,0.22609872,0.18085775
441,0,0,0.01241081953048706,0.889219,0.0637763,0.047004774
441,0,0,0.01312875747680664,0.50495696,0.4762402,0.018803021
441,0,0,0.004302859306335449,0.9663919,0.013092681,0.020515462
441,0,0,0.0015930086374282837,0.97090065,0.013167888,0.015931526
441,0,0,0.0036706626415252686,0.9673432,0.016009577,0.01664723
441,0,0,0.003996402025222778,0.96701986,0.0137213,0.019258967
441,0,0,0.004865765571594238,0.9631068,0.013197714,0.023695553
441,0,0,0.004567891359329224,0.96691704,0.011258801,0.021824246
441,0,0,0.004169538617134094,0.9643595,0.014722209,0.020918442
441,0,0,0.005196265876293182,0.97666097,0.01753033,0.00580872
441,0,0,0.008643180131912231,0.8819771,0.07466652,0.043356523
441,0,0,0.011831164360046387,0.88265944,0.089215256,0.028125396
441,0,0,0.0036379247903823853,0.9458034,0.022569135,0.031627547
441,0,0,0.003172829747200012,0.967347,0.01660857,0.016044533
441,0,0,0.004278242588043213,0.96824205,0.014984737,0.01677334
441,0,0,0.0037398487329483032,0.9691529,0.010159167,0.020688029
441,0,0,0.004015937447547913,0.9667526,0.010575756,0.02267169
441,0,0,0.006487175822257996,0.96035707,0.010402981,0.02924002
441,0,0,0.0040503740310668945,0.97159386,0.011982229,0.016424
441,0,0,0.0034777075052261353,0.97808456,0.014276183,0.0076393695
441,0,0,0.0036451593041419983,0.97753143,0.011379356,0.011089335
441,0,0,0.006263434886932373,0.92927283,0.05282028,0.01790696
441,0,0,0.00860092043876648,0.8820837,0.10799155,0.009924834
441,0,0,0.0075948238372802734,0.917708,0.07188192,0.010410231
441,0,0,0.00813603401184082,0.80891573,0.18355614,0.0075282482
441,0,0,0.004576817154884338,0.9737769,0.018198939,0.008024218
441,0,0,0.0023045018315315247,0.98254615,0.009908898,0.0075449552
441,0,0,0.004309728741645813,0.9780908,0.012390926,0.009518254
441,0,0,0.004996195435523987,0.97682434,0.010709869,0.012465851
441,0,0,0.0022769495844841003,0.9792849,0.015381312,0.005333811
441,0,0,0.003081962466239929,0.9728418,0.018420145,0.00873816
441,0,0,0.011342823505401611,0.79631495,0.18864314,0.015041907
441,0,0,0.008716970682144165,0.8822625,0.103706,0.014031548
441,0,0,0.010192513465881348,0.8522774,0.13051006,0.017212557
441,0,0,0.003631487488746643,0.95717865,0.03316606,0.009655337
441,0,0,0.0022383928298950195,0.9816016,0.010516669,0.0078818165
441,0,0,0.003494054079055786,0.9805475,0.011540908,0.007911695
441,0,0,0.0018914639949798584,0.9820581,0.010707259,0.0072346376
441,0,0,0.0033059120178222656,0.9731339,0.019495428,0.0073708165
441,0,0,0.003376215696334839,0.9725921,0.02120708,0.0062008444
441,0,0,0.005023092031478882,0.96781766,0.018697498,0.013484849
441,0,0,0.004309237003326416,0.9667641,0.020602727,0.012633248
441,0,0,0.00545714795589447,0.9586798,0.031967077,0.009353209
441,0,0,0.010571539402008057,0.9137331,0.07723157,0.009035419
441,0,0,0.0052298009395599365,0.9180216,0.073542565,0.008435895
441,0,0,0.00603698194026947,0.9691377,0.024730382,0.0061319345
441,0,0,0.0025740116834640503,0.97997135,0.010799582,0.009229152
441,0,0,0.0028349831700325012,0.98102146,0.009965631,0.009012939
441,0,0,0.004475414752960205,0.97045076,0.013162947,0.016386302
441,0,0,0.004879996180534363,0.96594423,0.015771281,0.018284608
441,0,0,0.006528019905090332,0.9546773,0.024958538,0.020364227
441,0,0,0.0044119954109191895,0.9730855,0.013794952,0.013119622
441,0,0,0.005981042981147766,0.941731,0.045633316,0.012635784
441,0,0,0.005799621343612671,0.9283239,0.06502653,0.006649585
441,0,0,0.008499443531036377,0.89117503,0.097845845,0.010979206
441,0,0,0.006304234266281128,0.932761,0.04651268,0.020726463
441,0,0,0.005563884973526001,0.96081746,0.029527577,0.009655134
441,0,0,0.005399540066719055,0.9700601,0.018795209,0.011144842
441,0,0,0.004431694746017456,0.9661758,0.020407787,0.013416542
441,0,0,0.00432923436164856,0.9759244,0.0126894135,0.011386352
441,0,0,0.0034091323614120483,0.9730076,0.0139881,0.013004304
441,0,0,0.011794030666351318,0.74140984,0.06147199,0.1971182
441,0,0,0.004983946681022644,0.9621701,0.02590821,0.011921761
441,0,0,0.008420288562774658,0.91744995,0.062362775,0.020187344
441,0,0,0.003865286707878113,0.95519555,0.03675199,0.008052485
441,0,0,0.002914115786552429,0.9592013,0.030085078,0.010713695
441,0,0,0.003059893846511841,0.9563311,0.032237884,0.011431157
441,0,0,0.004086002707481384,0.97504747,0.013044704,0.011907852
441,0,0,0.00270940363407135,0.97625047,0.017896758,0.0058528404
441,0,0,0.006364911794662476,0.967998,0.02452508,0.007476943
441,0,0,0.002591922879219055,0.9774134,0.010572126,0.012014542
441,0,0,0.0049130916595458984,0.97341406,0.019653186,0.006932857
441,0,0,0.006160348653793335,0.92270184,0.05141898,0.025879195
441,0,0,0.004340499639511108,0.923619,0.069608785,0.0067723515
441,0,0,0.004804283380508423,0.91763306,0.07646517,0.005901868
441,0,0,0.008325934410095215,0.9314768,0.06082223,0.00770103
441,0,0,0.011762142181396484,0.8893602,0.09726222,0.013377663
441,0,0,0.004953518509864807,0.95292854,0.033813417,0.013258141
441,0,0,0.003878459334373474,0.9682027,0.016563617,0.015233826
441,0,0,0.004948407411575317,0.97105145,0.0171651,0.011783587
441,0,0,0.002130456268787384,0.97966224,0.013027429,0.0073104226
441,0,0,0.0035668835043907166,0.9768619,0.007911952,0.0152262645
441,0,1,0.020610511302947998,0.39409417,0.59627205,0.009633805
441,0,0,0.008346140384674072,0.88146764,0.11226566,0.0062667653
441,0,0,0.008004724979400635,0.7290227,0.26737553,0.0036018144
441,0,0,0.006818979978561401,0.88976884,0.10530714,0.0049241087
441,0,0,0.007622808218002319,0.94934,0.023287496,0.027372563
441,0,0,0.008143961429595947,0.955184,0.020835042,0.023981055
441,0,0,0.010023042559623718,0.9578603,0.015681392,0.026458407
441,0,0,0.0025797560811042786,0.97859985,0.009181593,0.012218655
441,0,0,0.002986118197441101,0.9713274,0.011854971,0.016817654
441,0,0,0.0031781643629074097,0.97549605,0.01011068,0.014393401
441,0,0,0.007366597652435303,0.9251262,0.043340508,0.03153334
441,0,0,0.008439779281616211,0.79162353,0.19848207,0.0098944735
441,0,0,0.004712730646133423,0.9595643,0.018428627,0.022007108
441,0,0,0.006562933325767517,0.9494876,0.023321157,0.027191265
441,0,0,0.004661113023757935,0.9713855,0.018696437,0.00991811
441,0,0,0.0027085989713668823,0.96725976,0.02285126,0.009889059
441,0,0,0.0029345303773880005,0.96866626,0.024846714,0.0064870636
441,0,0,0.003255322575569153,0.97226584,0.020342303,0.007391945
441,0,0,0.016395092010498047,0.8357602,0.12615192,0.038088016
441,0,0,0.003839835524559021,0.9653968,0.024727812,0.009875421
441,0,0,0.004078388214111328,0.9253515,0.06672566,0.007922905
441,0,0,0.004500880837440491,0.9523969,0.03739974,0.010203486
313,1,1,0.004840254783630371,0.021690547,0.93839544,0.039914098
313,1,1,0.002812132239341736,0.0076061,0.9746314,0.017762506
313,1,1,0.00727708637714386,0.010654186,0.9636004,0.025745464
313,1,1,0.008256986737251282,0.013813771,0.9444674,0.041718934
313,1,1,0.006226256489753723,0.01919075,0.95353884,0.027270464
313,1,1,0.005609422922134399,0.010485463,0.9589957,0.030519035
313,1,1,0.006858691573143005,0.017114656,0.95601505,0.026870381
313,1,1,0.005390956997871399,0.014681843,0.9459181,0.039400205
313,1,1,0.00412905216217041,0.014765834,0.9377053,0.047528964
301,1,1,0.004570171236991882,0.008590354,0.9736302,0.01777949
301,1,1,0.0037284716963768005,0.005601633,0.9769635,0.017434845
301,1,1,0.0029724016785621643,0.009031464,0.98018193,0.010786685
301,1,2,0.008614182472229004,0.011341804,0.1902564,0.79840183
301,1,1,0.009634166955947876,0.005185933,0.878094,0.11672003
301,1,1,0.007984921336174011,0.0090444535,0.9552406,0.035715047
301,1,1,0.0069869160652160645,0.008232246,0.9691804,0.0225874
301,1,1,0.030248403549194336,0.43301618,0.45724884,0.109735064
301,1,1,0.014087557792663574,0.036432892,0.76184493,0.20172223
112,1,2,0.00793379545211792,0.10427699,0.053026296,0.8426967
112,1,0,0.008473873138427734,0.5956893,0.11960636,0.28470445
112,1,0,0.006713956594467163,0.87089866,0.085623056,0.0434783
112,1,1,0.006312564015388489,0.011802459,0.95688576,0.031311926
112,1,1,0.009529292583465576,0.03800802,0.5326378,0.42935428
112,1,2,0.010577023029327393,0.1819153,0.09356239,0.72452235
112,1,0,0.009708642959594727,0.9294913,0.031333625,0.039175093
112,1,1,0.0033685117959976196,0.008141095,0.97366565,0.018193316
112,1,1,0.00992673635482788,0.026678154,0.8925138,0.08080813
112,1,1,0.008819818496704102,0.2653317,0.40735018,0.3273182
112,1,2,0.007870107889175415,0.025239969,0.05757079,0.9171893
112,1,0,0.013546288013458252,0.60565287,0.04391047,0.3504368
450,1,1,0.003590404987335205,0.008501718,0.9821701,0.009328237
450,1,1,0.0027362704277038574,0.0071951943,0.9844745,0.008330441
450,1,1,0.0039225369691848755,0.0107507715,0.97718304,0.012066323
450,1,1,0.003920562565326691,0.0089000175,0.98258966,0.008510337
450,1,1,0.004299163818359375,0.009565947,0.9805742,0.009859927
450,1,1,0.002301223576068878,0.006987399,0.983886,0.009126559
450,1,1,0.004554837942123413,0.008925495,0.9808905,0.010184053
450,1,1,0.0036067962646484375,0.010238709,0.9771465,0.012614767
450,1,1,0.003341302275657654,0.0055937245,0.9855209,0.008885384
450,1,1,0.004275791347026825,0.006213261,0.9787382,0.015048652
450,1,1,0.002578362822532654,0.0064338287,0.98435915,0.009207109
132,1,2,0.0076476335525512695,0.056585982,0.19700916,0.74640495
132,1,1,0.008797168731689453,0.050643507,0.5512936,0.39806297
132,1,1,0.003988966345787048,0.014856134,0.972563,0.012580876
132,1,1,0.007192045450210571,0.02083979,0.9362897,0.042870577
132,1,1,0.007438629865646362,0.019198744,0.9239043,0.05689714
132,1,1,0.003741830587387085,0.012029194,0.97786856,0.010102348
132,1,1,0.004140347242355347,0.014489091,0.9658311,0.019679917
132,1,1,0.005159005522727966,0.012296281,0.94934624,0.03835751
132,1,1,0.0027212724089622498,0.0075619123,0.9810391,0.011399074
132,1,1,0.005147531628608704,0.017864905,0.9713224,0.01081267
132,1,1,0.0024614334106445312,0.015112723,0.97098726,0.013900053
132,1,1,0.0037513673305511475,0.007045534,0.96379334,0.029161146
132,1,1,0.007142543792724609,0.034451537,0.9270228,0.038525812
132,1,1,0.0078468918800354,0.15065955,0.78514993,0.064190544
132,1,1,0.011038422584533691,0.13914938,0.7015294,0.15932126
132,1,0,0.012657761573791504,0.3971858,0.37895352,0.22386077
300,1,1,0.003925718367099762,0.0074652904,0.97897875,0.013556049
300,1,1,0.0034155622124671936,0.011789837,0.9801188,0.008091445
300,1,1,0.0047583431005477905,0.01647302,0.9700295,0.013497586
300,1,1,0.002840295433998108,0.0062812297,0.98028517,0.01343362
300,1,1,0.002120666205883026,0.0068564177,0.98313826,0.010005356
300,1,1,0.0016301274299621582,0.005186081,0.9845955,0.010218561
300,1,1,0.003310069441795349,0.00992783,0.96745646,0.022615787
300,1,1,0.0032938867807388306,0.004816955,0.98260915,0.012573876
300,1,1,0.003801412880420685,0.0055747917,0.97721183,0.01721346
300,1,1,0.0020409226417541504,0.005368185,0.98523414,0.009397799
300,1,1,0.007310926914215088,0.011788189,0.96699613,0.02121571
300,1,1,0.004106782376766205,0.0062532374,0.97798926,0.01575756
300,1,1,0.0024652406573295593,0.008591471,0.98192114,0.009487355
147,1,1,0.0033567771315574646,0.010272525,0.9807481,0.008979399
147,1,1,0.0029075294733047485,0.0051795393,0.9817212,0.013099232
147,1,1,0.004027247428894043,0.004259555,0.9801154,0.01562506
147,1,1,0.0035379156470298767,0.0048354464,0.98112243,0.01404211
147,1,1,0.00421847403049469,0.006710734,0.9734365,0.019852886
147,1,1,0.003974102437496185,0.0060587963,0.9771542,0.016787112
147,1,1,0.006447911262512207,0.008770496,0.9497774,0.041452184
147,1,1,0.01805979013442993,0.02231857,0.74865556,0.22902587
147,1,1,0.0029085874557495117,0.008802825,0.9814916,0.009705544
147,1,1,0.005557909607887268,0.0066995565,0.9756725,0.017628118
147,1,1,0.0032647550106048584,0.0038898282,0.97254336,0.023566859
147,1,1,0.007151603698730469,0.0041408013,0.95525134,0.04060788
147,1,1,0.005017518997192383,0.0045180754,0.9532444,0.042237673
147,1,1,0.002334222197532654,0.003481664,0.97683185,0.019686492
147,1,1,0.003580912947654724,0.0041559613,0.9782182,0.017625893
147,1,1,0.00613819807767868,0.0060964506,0.9793806,0.014522977
147,1,1,0.004337728023529053,0.0051440913,0.97081417,0.024041783
147,1,1,0.010578632354736328,0.0067390874,0.66013736,0.33312374
147,1,2,0.00823432207107544,0.007579605,0.1830388,0.80938166
147,1,1,0.00350971519947052,0.0102475695,0.97198474,0.017767658
147,1,1,0.005610331892967224,0.0099326875,0.97519964,0.014867812
147,1,1,0.002682887017726898,0.0062491894,0.98087674,0.012874206
147,1,1,0.0026695728302001953,0.009535571,0.97008544,0.020378996
147,1,1,0.009538799524307251,0.00679193,0.8630757,0.13013242
147,1,1,0.0070559680461883545,0.006187332,0.9293809,0.06443183
147,1,1,0.002267181873321533,0.004146268,0.9747479,0.021105906
147,1,1,0.003896370530128479,0.0038268222,0.974102,0.022071192
147,1,1,0.003890588879585266,0.004931285,0.9718115,0.023257298
147,1,1,0.007057890295982361,0.0046997154,0.9707565,0.024543867
147,1,1,0.005955159664154053,0.0060477587,0.9303445,0.06360791
147,1,1,0.01204746961593628,0.007833109,0.728903,0.26326406
147,1,1,0.006582856178283691,0.013401062,0.9658656,0.020733394
147,1,1,0.0056276023387908936,0.008580598,0.97144055,0.019978939
147,1,1,0.0035018175840377808,0.008621656,0.9701193,0.02125918
147,1,1,0.0017380490899085999,0.004988909,0.9834816,0.011529583
147,1,1,0.004075251519680023,0.005958462,0.9771177,0.016923882
147,1,1,0.008428409695625305,0.006044907,0.972683,0.02127208
147,1,1,0.0020614713430404663,0.0053400993,0.98257303,0.012086818
147,1,1,0.0026738643646240234,0.0050801476,0.9758739,0.019046105
147,1,1,0.0019457265734672546,0.0036770704,0.98492295,0.011400025
147,1,1,0.005474656820297241,0.004613663,0.9704054,0.02498101
147,1,2,0.015362739562988281,0.0066486658,0.32752,0.6658314
147,1,2,0.0054742395877838135,0.006466005,0.06665054,0.9268836
147,1,1,0.0026388615369796753,0.0073355082,0.9741895,0.018475132
147,1,1,0.006176084280014038,0.0064804167,0.96940815,0.024111465
147,1,1,0.00430065393447876,0.009567635,0.9629717,0.027460873
147,1,1,0.005418442189693451,0.0063128145,0.976122,0.01756518
147,1,1,0.0024605467915534973,0.007424334,0.9833054,0.009270224
147,1,1,0.0029411539435386658,0.0065886765,0.98258114,0.010830255
147,1,1,0.005372464656829834,0.005345982,0.9636968,0.030957364
147,1,1,0.006761476397514343,0.007713047,0.9726657,0.019621238
147,1,1,0.007652491331100464,0.006272024,0.95116985,0.042558208
147,1,1,0.00931277871131897,0.0050171404,0.9361559,0.058826964
147,1,1,0.02369511127471924,0.008677207,0.50466764,0.48665524
147,1,1,0.0023287013173103333,0.0048132543,0.97812957,0.017057234
147,1,1,0.004322566092014313,0.008438711,0.978,0.01356135
147,1,1,0.00624953955411911,0.008088097,0.9766612,0.01525076
147,1,1,0.002969518303871155,0.0056145787,0.97929674,0.01508871
147,1,1,0.0053013041615486145,0.0076925773,0.97816575,0.014141747
147,1,1,0.005325347185134888,0.008425623,0.97007895,0.021495452
147,1,1,0.0034444034099578857,0.005627774,0.96846783,0.025904462
147,1,1,0.0029890090227127075,0.005027944,0.96695256,0.028019581
147,1,1,0.002293504774570465,0.0064972704,0.97908187,0.01442097
147,1,1,0.009054183959960938,0.008152217,0.85208595,0.13976195
147,1,1,0.028575778007507324,0.011642202,0.5505384,0.43781945
147,1,1,0.00415802001953125,0.008317965,0.97586524,0.015816927
147,1,1,0.0038116201758384705,0.006458859,0.9795059,0.01403535
147,1,1,0.0028761401772499084,0.0074093603,0.9821382,0.010452441
147,1,1,0.003548845648765564,0.0072454438,0.9749027,0.017851816
147,1,1,0.008369475603103638,0.02133442,0.93039936,0.048266374
147,1,1,0.0068209171295166016,0.015521373,0.932663,0.05181562
147,1,1,0.005991935729980469,0.009488351,0.937652,0.05285968
147,1,1,0.005703747272491455,0.0068074646,0.9657622,0.027430471
147,1,1,0.01688361167907715,0.014489685,0.7003739,0.28513652
147,1,1,0.020923316478729248,0.009656202,0.6136144,0.37672952
147,1,1,0.0065795183181762695,0.005007795,0.92097604,0.07401627
147,1,1,0.004307568073272705,0.006599987,0.9753801,0.018019957
147,1,1,0.008412986993789673,0.00809295,0.9335327,0.058374487
147,1,1,0.0047113001346588135,0.0065272646,0.9726793,0.020793535
147,1,1,0.0031839758157730103,0.006109674,0.96927583,0.024614472
147,1,1,0.002894982695579529,0.0073317806,0.97254115,0.02012711
147,1,1,0.0048854053020477295,0.006699285,0.9699388,0.023361932
147,1,1,0.0059371888637542725,0.006566621,0.9748432,0.018590221
147,1,1,0.009383916854858398,0.0069644437,0.91880375,0.07423179
147,1,1,0.004596121609210968,0.005937873,0.9777782,0.01628404
147,1,1,0.0031961649656295776,0.0034937647,0.97261006,0.023896255
147,1,1,0.010587453842163086,0.0072415406,0.64420915,0.3485494
305,1,1,0.0044469088315963745,0.01723081,0.9630439,0.01972537
305,1,1,0.0050916969776153564,0.020005452,0.96086675,0.019127985
305,1,1,0.006853893399238586,0.018458199,0.969467,0.012074962
305,1,1,0.003102332353591919,0.014763278,0.97856045,0.006676372
305,1,1,0.004474133253097534,0.019374434,0.97274685,0.0078788595
305,1,1,0.00457879900932312,0.006913397,0.97548795,0.017598657
305,1,1,0.00706915557384491,0.020494753,0.9588632,0.02064208
305,1,1,0.0035378187894821167,0.017045764,0.9712447,0.011709629
305,1,1,0.008574515581130981,0.011985108,0.8882339,0.0997811
19,1,1,0.009229987859725952,0.048708055,0.8941115,0.05718059
19,1,1,0.003173060715198517,0.010802271,0.9796001,0.009597711
19,1,1,0.0027098432183265686,0.0061792587,0.97920924,0.014611541
19,1,1,0.0046194493770599365,0.009293012,0.9797585,0.010948456
19,1,1,0.0034918412566184998,0.007706977,0.9813114,0.010981678
19,1,1,0.002590954303741455,0.007375468,0.98157734,0.0110471975
19,1,1,0.0026871412992477417,0.011088014,0.978012,0.0109
19,1,1,0.003320261836051941,0.011505775,0.9741464,0.014347833
19,1,1,0.003187321126461029,0.011625891,0.97936434,0.009009846
19,1,1,0.0026330873370170593,0.0069978153,0.9815565,0.011445736
19,1,1,0.005509629845619202,0.004026404,0.9756103,0.0203633
19,1,1,0.003605760633945465,0.0067295027,0.9789741,0.014296504
19,1,1,0.003639601171016693,0.007509945,0.9797788,0.012711294
19,1,1,0.003173522651195526,0.008187598,0.9835569,0.0082555525
19,1,1,0.001991651952266693,0.005008827,0.9863465,0.00864473
19,1,1,0.0028315335512161255,0.008988763,0.9814746,0.009536736
19,1,1,0.003098331391811371,0.011992655,0.97998554,0.00802186
19,1,1,0.0027699247002601624,0.007782198,0.98061943,0.011598432
19,1,1,0.004012554883956909,0.005110126,0.96625733,0.028632663
19,1,1,0.0019713565707206726,0.006560368,0.9837508,0.009688843
19,1,1,0.002599947154521942,0.008010684,0.9823075,0.009681897
19,1,1,0.0023211389780044556,0.005508186,0.9863151,0.008176829
220,1,1,0.007149100303649902,0.011484355,0.9205338,0.067981936
220,1,1,0.01605093479156494,0.014735195,0.5554447,0.42982012
220,1,1,0.0028629451990127563,0.005988415,0.9828612,0.0111503815
220,1,1,0.0022211819887161255,0.005374138,0.9832313,0.011394619
220,1,1,0.005194962024688721,0.005931882,0.9544635,0.0396047
220,1,1,0.005893722176551819,0.006950878,0.972974,0.020075174
220,1,1,0.010652005672454834,0.028573666,0.7763799,0.19504659
220,1,1,0.009518265724182129,0.017539987,0.822093,0.16036707
220,1,1,0.007116824388504028,0.018808912,0.931148,0.050043207
220,1,1,0.003240242600440979,0.0104642,0.96839345,0.02114245
220,1,0,0.021681606769561768,0.50935906,0.18798979,0.3026512
303,1,1,0.0025137290358543396,0.007937958,0.980047,0.012015069
303,1,1,0.005819402635097504,0.008915108,0.9789869,0.012098055
303,1,1,0.0044193267822265625,0.009193026,0.9736157,0.017191246
65,1,1,0.00319112092256546,0.008743033,0.9772033,0.014053719
65,1,1,0.0032487809658050537,0.05981295,0.93209594,0.00809119
65,1,1,0.007193148136138916,0.017866045,0.965962,0.016171943
65,1,1,0.004115544259548187,0.009753157,0.9806197,0.009627164
65,1,1,0.005093559622764587,0.00744327,0.97548085,0.017076034
65,1,1,0.004049703478813171,0.006271629,0.9790372,0.0146912
65,1,1,0.005115225911140442,0.012942134,0.97753006,0.009527849
65,1,1,0.005280941724777222,0.010126434,0.9754296,0.01444395
65,1,1,0.0034159421920776367,0.012037882,0.98066556,0.0072966036
65,1,1,0.006618291139602661,0.04309211,0.93922526,0.017682765
65,1,1,0.003042265772819519,0.011803567,0.97453505,0.013661446
65,1,1,0.001935519278049469,0.0130547965,0.9774848,0.009460458
65,1,1,0.002911970019340515,0.009307345,0.9825824,0.008110327
65,1,2,0.00950533151626587,0.3567218,0.045119602,0.5981587
65,1,1,0.020674824714660645,0.19560833,0.76081437,0.043577358
65,1,1,0.002835303544998169,0.008895897,0.97616595,0.01493825
65,1,1,0.005094841122627258,0.009370525,0.96945053,0.021178985
65,1,0,0.008928120136260986,0.6649623,0.04304921,0.2919886
65,1,0,0.01465463638305664,0.5715293,0.09203624,0.3364345
65,1,1,0.005281135439872742,0.008982704,0.9520066,0.03901082
302,1,1,0.002468481659889221,0.007700538,0.9821034,0.010196104
302,1,1,0.00192154198884964,0.005592532,0.9855486,0.008858828
302,1,1,0.004902958869934082,0.013259862,0.95668596,0.03005425
302,1,1,0.0028379634022712708,0.0073659923,0.9833045,0.009329455
302,1,1,0.007120966911315918,0.0058443598,0.95753574,0.036619943
302,1,1,0.007009908556938171,0.0116472095,0.96071637,0.027636517
302,1,1,0.004670634865760803,0.008889769,0.96793574,0.023174543
302,1,1,0.01094043254852295,0.007337037,0.6159272,0.37673584
302,1,2,0.0057454705238342285,0.012380383,0.23148476,0.7561349
148,1,1,0.004027277231216431,0.005916314,0.96448773,0.029596034
148,1,1,0.002013362944126129,0.0037688385,0.9794188,0.016812425
148,1,1,0.0043122172355651855,0.0061818645,0.97530097,0.018517166
148,1,1,0.004769653081893921,0.00529232,0.9766272,0.01808056
148,1,1,0.0030410364270210266,0.008272438,0.9762066,0.015521053
148,1,1,0.015340268611907959,0.025832122,0.7706387,0.20352922
148,1,1,0.002243421971797943,0.0051954943,0.98014975,0.014654789
148,1,1,0.0030221790075302124,0.005754254,0.97518146,0.019064344
148,1,1,0.0026004761457443237,0.0044086836,0.9796624,0.015929021
148,1,1,0.0030044615268707275,0.0048404248,0.97445565,0.020704005
148,1,1,0.005134865641593933,0.005577786,0.97787684,0.01654542
148,1,1,0.005549445748329163,0.009889327,0.9702351,0.0198756
148,1,1,0.01373279094696045,0.008736082,0.76005155,0.23121244
148,1,1,0.005153730511665344,0.0049755434,0.9677945,0.02723013
148,1,1,0.004353553056716919,0.0051183198,0.97602105,0.018860724
148,1,1,0.0026276856660842896,0.0071184654,0.97533715,0.017544413
148,1,1,0.004932180047035217,0.0057642995,0.9745567,0.019679034
148,1,1,0.003053523600101471,0.007098013,0.9805006,0.0124013405
148,1,1,0.005876854062080383,0.0052124676,0.9436516,0.051136058
148,1,1,0.0026248395442962646,0.0048444658,0.97874475,0.016410878
148,1,1,0.00524197518825531,0.006187332,0.97064763,0.023165124
148,1,1,0.003985069692134857,0.005067079,0.98012507,0.014807843
148,1,1,0.005233451724052429,0.006149266,0.9744552,0.01939564
148,1,1,0.007779791951179504,0.010628916,0.96834147,0.021029627
148,1,2,0.014705836772918701,0.01526101,0.32059544,0.6641437
148,1,1,0.01224374771118164,0.007837701,0.9331932,0.058969118
148,1,1,0.006917685270309448,0.0071400246,0.93415743,0.058702663
148,1,1,0.0057328492403030396,0.0049463594,0.975,0.020053672
148,1,1,0.005804188549518585,0.004887434,0.98282987,0.012282685
148,1,1,0.0035487040877342224,0.0056625493,0.9817993,0.012538247
148,1,1,0.003851190209388733,0.007074232,0.9780147,0.014911137
148,1,1,0.015249073505401611,0.009956055,0.87462395,0.11542009
148,1,1,0.005643203854560852,0.004831756,0.96785885,0.027309364
148,1,1,0.0034877508878707886,0.0048034247,0.9740316,0.021165023
148,1,1,0.00269143283367157,0.0042176014,0.97375005,0.022032313
148,1,1,0.0035431981086730957,0.0049982667,0.9779497,0.01705216
148,1,1,0.0017858520150184631,0.0044455947,0.97576797,0.019786475
148,1,1,0.008437424898147583,0.006270128,0.85740787,0.1363221
148,1,1,0.006041735410690308,0.006327289,0.96145904,0.03221372
148,1,1,0.002922073006629944,0.0047239894,0.97655207,0.018724076
148,1,1,0.0022567659616470337,0.0051418305,0.9718442,0.023013998
148,1,1,0.00564219057559967,0.0056349705,0.9510084,0.0433567
148,1,1,0.004452303051948547,0.006466292,0.96410596,0.02942778
148,1,1,0.004241153597831726,0.0066551776,0.97400886,0.019335983
148,1,1,0.006381288170814514,0.006032005,0.9638491,0.030118981
203,1,2,0.02125459909439087,0.08474781,0.18897153,0.7262807
203,1,2,0.015046775341033936,0.033436824,0.3604349,0.60612833
203,1,2,0.004977971315383911,0.008589523,0.056537244,0.93487334
203,1,2,0.0229608416557312,0.018636316,0.47807738,0.5032864
203,1,1,0.02203422784805298,0.029766941,0.8001557,0.17007744
203,1,1,0.010202854871749878,0.027823564,0.9078711,0.064305395
203,1,2,0.006680905818939209,0.0127355615,0.44038463,0.5468799
203,1,2,0.005180418491363525,0.0057108104,0.0650626,0.9292267
203,1,2,0.006493091583251953,0.010092372,0.16240813,0.8274996
203,1,1,0.00602838397026062,0.0057669193,0.913366,0.08086708
333,1,2,0.006885170936584473,0.05414026,0.054714918,0.89114493
333,1,2,0.012128949165344238,0.05553352,0.21946141,0.72500515
333,1,2,0.0064084529876708984,0.045052484,0.06410563,0.89084196
333,1,2,0.006942272186279297,0.058478083,0.16198212,0.7795399
333,1,2,0.007343471050262451,0.06926198,0.15450372,0.77623445
258,1,1,0.006122812628746033,0.0065150433,0.96778476,0.02570026
258,1,2,0.005491495132446289,0.08437233,0.030756038,0.8848717
258,1,2,0.018234610557556152,0.016219571,0.48904246,0.49473798
258,1,1,0.0031556636095046997,0.009832165,0.9765254,0.013642528
258,1,1,0.0022408515214920044,0.007663672,0.98130655,0.011029865
258,1,1,0.017639756202697754,0.07651295,0.79582375,0.12766342
258,1,1,0.00859677791595459,0.04278342,0.8521217,0.10509495
258,1,2,0.012119829654693604,0.16950817,0.24762115,0.5828708
258,1,0,0.017208397388458252,0.47992134,0.12732399,0.39275473
258,1,2,0.011588692665100098,0.36951524,0.12996075,0.50052404
296,1,1,0.00308188796043396,0.004778506,0.96390563,0.031315904
296,1,1,0.010699152946472168,0.10549654,0.6333699,0.26113358
296,1,1,0.0038159117102622986,0.0052499864,0.97816664,0.016583428
296,1,1,0.004470571875572205,0.0040738466,0.9737801,0.022146164
296,1,1,0.0048646479845047,0.0044530695,0.95974433,0.03580267
296,1,2,0.012341499328613281,0.071297966,0.26263136,0.6660708
296,1,1,0.002930685877799988,0.008231834,0.98050165,0.011266567
296,1,1,0.0020248889923095703,0.0060813706,0.98237187,0.011546754
296,1,1,0.0020107626914978027,0.0042215814,0.9845227,0.011255731
296,1,1,0.006321221590042114,0.0047576977,0.96693784,0.028304568
296,1,1,0.0034114494919776917,0.0066757,0.97917444,0.0141499825
296,1,1,0.003093048930168152,0.0048983903,0.9798315,0.015270137
296,1,1,0.0032458603382110596,0.0035370435,0.95879775,0.037665237
296,1,1,0.0038752481341362,0.004163451,0.977783,0.018053578
296,1,1,0.0023429691791534424,0.0065393704,0.9817205,0.011740093
296,1,1,0.0051383376121521,0.005211036,0.97552127,0.019267729
296,1,1,0.004653356969356537,0.0050702523,0.9809495,0.01398023
296,1,1,0.0027566105127334595,0.004105759,0.9820038,0.013890492
296,1,1,0.0038845017552375793,0.006426991,0.97562015,0.01795289
296,1,1,0.003414943814277649,0.005589221,0.9800137,0.014397204
296,1,1,0.005528271198272705,0.004540816,0.9624351,0.033024147
296,1,1,0.0024978965520858765,0.0068978015,0.98459107,0.0085111605
296,1,1,0.002041630446910858,0.005333966,0.98454404,0.010122061
296,1,1,0.005487658083438873,0.006541772,0.97862047,0.014837903
296,1,1,0.0027741417288780212,0.009466708,0.9823315,0.008201837
296,1,1,0.005257397890090942,0.021139309,0.9696848,0.009176017
451,1,1,0.003092058002948761,0.013076746,0.97641456,0.010508838
451,1,1,0.004713326692581177,0.02914819,0.95787674,0.01297513
451,1,1,0.002683207392692566,0.009528249,0.98001075,0.010461112
451,1,1,0.0023990869522094727,0.009268593,0.9794352,0.011296202
451,1,1,0.002306051552295685,0.0075922688,0.98155993,0.0108478535
451,1,1,0.0020912587642669678,0.014978272,0.9758195,0.00920222
451,1,1,0.0033723115921020508,0.009214285,0.98208886,0.008696991
451,1,1,0.005573488771915436,0.00801814,0.9805035,0.01147836
451,1,1,0.0034603774547576904,0.010200261,0.98150015,0.008299634
451,1,1,0.0020477622747421265,0.007695241,0.98505026,0.007254532
451,1,1,0.0016558468341827393,0.006579195,0.98496914,0.008451747
451,1,1,0.0038445666432380676,0.008367385,0.98165065,0.0099819675
453,1,1,0.00389302521944046,0.009096511,0.98123735,0.009666227
453,1,1,0.002138093113899231,0.0073699234,0.98196226,0.010667886
453,1,1,0.004253678023815155,0.009903296,0.97985375,0.010242987
453,1,1,0.002693876624107361,0.011412475,0.9821793,0.006408272
453,1,1,0.0018402338027954102,0.0073125144,0.98390687,0.008780634
453,1,1,0.00545395165681839,0.0108138,0.98163366,0.00755255
453,1,1,0.0017556101083755493,0.012756226,0.9808629,0.0063808993
453,1,1,0.004904121160507202,0.014728149,0.9772481,0.008023868
453,1,1,0.0032781362533569336,0.012133141,0.98060924,0.007257577
453,1,1,0.00428888201713562,0.016550153,0.9752957,0.008154125
453,1,1,0.0023549720644950867,0.011663126,0.98297215,0.0053648306
453,1,1,0.0049209147691726685,0.014693561,0.9746016,0.010704937
453,1,1,0.007588505744934082,0.024024663,0.9067346,0.0692408
453,1,0,0.02097344398498535,0.428263,0.1835463,0.38819078
453,1,2,0.015680670738220215,0.27595657,0.13107519,0.5929682
454,1,1,0.0023327991366386414,0.005241739,0.98088396,0.013874306
454,1,1,0.0030943602323532104,0.008596722,0.9782343,0.013169031
454,1,1,0.004305168986320496,0.015049456,0.9737169,0.011233721
454,1,1,0.0038348883390426636,0.009594585,0.9778454,0.012560166
454,1,1,0.005965903401374817,0.0056750514,0.9671167,0.027208293
454,1,1,0.002366974949836731,0.008036739,0.97684765,0.015115701
454,1,1,0.006618514657020569,0.008263961,0.97999775,0.011738319
454,1,1,0.002230733633041382,0.0117434915,0.98321044,0.0050461595
454,1,1,0.0046266913414001465,0.0057844794,0.9805582,0.013657435
454,1,1,0.004170335829257965,0.009107313,0.978429,0.012463723
454,1,1,0.007450401782989502,0.014779718,0.9747661,0.0104542505
454,1,1,0.015610992908477783,0.022261675,0.6479446,0.3297938
454,1,1,0.0032498985528945923,0.0063331905,0.979569,0.014097842
454,1,1,0.0035712867975234985,0.0067242132,0.98360014,0.009675648
454,1,2,0.017235219478607178,0.18814817,0.17127806,0.64057386
454,1,1,0.011405110359191895,0.00940966,0.67506087,0.3155295
454,1,1,0.004379823803901672,0.0067091407,0.96657187,0.026719086
454,1,1,0.004385657608509064,0.007727323,0.97832215,0.013950517
454,1,1,0.0026584267616271973,0.007501523,0.97248316,0.020015405
454,1,1,0.00918009877204895,0.029069247,0.87795246,0.092978455
153,1,1,0.0034481287002563477,0.011287473,0.97902864,0.009683942
153,1,1,0.004307478666305542,0.01111401,0.97973716,0.00914888
153,1,1,0.006220780313014984,0.016258255,0.97680026,0.0069414745
153,1,1,0.004014693200588226,0.01454125,0.9787411,0.0067177005
153,1,1,0.0036325156688690186,0.011067718,0.9829063,0.0060260682
153,1,1,0.0035017654299736023,0.013265914,0.9789822,0.0077519133
153,1,1,0.003910437226295471,0.0106315315,0.9819007,0.0074678822
153,1,1,0.004563391208648682,0.0129084755,0.97944623,0.007645434
153,1,1,0.0041611939668655396,0.013435204,0.9796454,0.0069194254
153,1,1,0.002104245126247406,0.008607875,0.9836717,0.007720469
153,1,1,0.005660615861415863,0.0102629,0.981176,0.00856107
153,1,1,0.0016935691237449646,0.008403147,0.9837769,0.007820077
246,2,2,0.004388168454170227,0.013791769,0.0143440915,0.9718642
246,2,2,0.00989753007888794,0.19697879,0.06479352,0.7382278
246,2,2,0.009885311126708984,0.2655021,0.030013457,0.7044845
246,2,2,0.008367061614990234,0.13903259,0.032071527,0.8288959
246,2,2,0.0052998363971710205,0.049642134,0.022052273,0.9283057
246,2,2,0.02073270082473755,0.09384605,0.42618516,0.47996888
246,2,0,0.0139007568359375,0.5821277,0.090400346,0.32747203
246,2,0,0.01666271686553955,0.79292476,0.05006741,0.15700796
246,2,0,0.007556617259979248,0.8954805,0.04884847,0.05567107
246,2,0,0.014658868312835693,0.49417567,0.068817325,0.43700707
163,2,2,0.016734182834625244,0.20749658,0.06401805,0.7284854
163,2,2,0.006620347499847412,0.09278268,0.06893942,0.83827806
163,2,2,0.007441848516464233,0.1076764,0.0238682,0.8684555
163,2,2,0.011460363864898682,0.0817573,0.07013702,0.8481057
163,2,2,0.007103949785232544,0.059881266,0.038885143,0.90123373
349,2,2,0.007190883159637451,0.0412725,0.16644512,0.79228246
349,2,2,0.005143165588378906,0.024682306,0.17876315,0.7965546
349,2,2,0.004106596112251282,0.017642096,0.038115285,0.94424266
349,2,2,0.005475103855133057,0.026107932,0.030487943,0.94340426
349,2,2,0.004882752895355225,0.030020412,0.027072059,0.9429076
349,2,2,0.006061151623725891,0.027350383,0.024166973,0.9484827
349,2,2,0.007876336574554443,0.0495492,0.12054991,0.829901
349,2,2,0.0068811774253845215,0.025755553,0.14332211,0.83092254
349,2,2,0.006694763898849487,0.017446745,0.055364918,0.9271884
349,2,2,0.002735823392868042,0.014852096,0.03364546,0.95150244
349,2,2,0.005953967571258545,0.025057018,0.036136936,0.9388061
349,2,2,0.00801655650138855,0.025135837,0.037101205,0.9377631
349,2,2,0.006186336278915405,0.035343386,0.031692225,0.93296444
349,2,2,0.009603023529052734,0.04814657,0.06860655,0.88324696
349,2,2,0.006111443042755127,0.0133855045,0.06857744,0.9180371
349,2,2,0.0037575066089630127,0.013279882,0.013866178,0.972854
349,2,2,0.0041921138763427734,0.020561649,0.01818499,0.9612534
349,2,2,0.005597919225692749,0.022478929,0.017584976,0.9599362
349,2,2,0.004592567682266235,0.028228685,0.018336195,0.9534352
349,2,2,0.005824536085128784,0.01827909,0.018627245,0.96309376
349,2,2,0.0057029277086257935,0.012935958,0.023808138,0.96325606
349,2,2,0.004247382283210754,0.012952963,0.021395994,0.9656511
349,2,2,0.0037866979837417603,0.01575787,0.0189386,0.9653036
349,2,2,0.0034075677394866943,0.02289342,0.014966571,0.96214014
349,2,2,0.010919064283370972,0.038766038,0.026913943,0.93432
196,2,2,0.002714797854423523,0.01840586,0.017557392,0.96403694
196,2,2,0.002590373158454895,0.023539612,0.011633083,0.9648275
196,2,2,0.00595441460609436,0.0225188,0.040777124,0.9367041
196,2,2,0.0062171220779418945,0.029682888,0.017192451,0.9531247
196,2,2,0.002135366201400757,0.022718614,0.010920139,0.9663613
196,2,2,0.0025266483426094055,0.009225663,0.012669975,0.9781044
196,2,2,0.018328845500946045,0.31214958,0.058956314,0.6288942
196,2,2,0.006136566400527954,0.08436286,0.038328152,0.8773091
196,2,2,0.004674538969993591,0.015776334,0.032964557,0.95125914
204,2,2,0.01627403497695923,0.2471821,0.0690854,0.68373257
204,2,2,0.00322800874710083,0.016872425,0.014512802,0.9686149
204,2,2,0.00335615873336792,0.0067046345,0.038966052,0.9543294
204,2,2,0.002187483012676239,0.006700263,0.012535323,0.98076445
204,2,2,0.003629937767982483,0.008302127,0.028059825,0.9636382
164,2,2,0.0058476924896240234,0.059565328,0.017038798,0.923396
164,2,2,0.004919171333312988,0.020324333,0.018163688,0.961512
164,2,2,0.006738930940628052,0.086180136,0.02171674,0.89210325
164,2,2,0.006414055824279785,0.03975032,0.019870317,0.9403794
164,2,2,0.014066576957702637,0.11716783,0.1312054,0.7516269
273,2,2,0.005501538515090942,0.024039606,0.04040001,0.93556046
273,2,2,0.012880027294158936,0.037818797,0.17387018,0.7883111
273,2,2,0.014876008033752441,0.22665562,0.19532521,0.57801926
273,2,2,0.01199948787689209,0.2488582,0.21095546,0.5401864
273,2,2,0.0032831132411956787,0.019846184,0.0324331,0.9477208
273,2,2,0.014513015747070312,0.26719245,0.3353943,0.39741328
273,2,0,0.007750809192657471,0.7010628,0.22236173,0.07657558
273,2,0,0.013020515441894531,0.7013083,0.16270556,0.13598622
137,2,2,0.009709835052490234,0.03143656,0.15457684,0.8139867
137,2,1,0.00813448429107666,0.032098636,0.8153716,0.1525299
137,2,2,0.009246766567230225,0.062528305,0.12241423,0.81505746
137,2,2,0.023482143878936768,0.055267777,0.34804457,0.5966877
137,2,2,0.020377695560455322,0.079531476,0.44797194,0.47249666
137,2,2,0.013150393962860107,0.05191188,0.15540667,0.7926815
137,2,2,0.006045997142791748,0.024157906,0.095093966,0.8807482
137,2,2,0.011241555213928223,0.011642934,0.20160252,0.78675467
137,2,1,0.017372608184814453,0.08623571,0.7766345,0.13712987
137,2,1,0.017421841621398926,0.06878694,0.6988321,0.23238099
137,2,1,0.008943736553192139,0.027088162,0.91453725,0.058374736
137,2,1,0.011890709400177002,0.05602178,0.9025087,0.041469634
137,2,1,0.00792694091796875,0.053597067,0.9196863,0.026716743
137,2,1,0.014810353517532349,0.0412222,0.9234346,0.035343338
137,2,1,0.009675562381744385,0.04723866,0.9328559,0.019905461
137,2,1,0.005266889929771423,0.025058039,0.95893246,0.016009614
137,2,1,0.01225513219833374,0.030972034,0.7251269,0.24390107
137,2,1,0.012700021266937256,0.1331702,0.80066925,0.06616066
137,2,1,0.011337071657180786,0.07988312,0.8727431,0.047373787
137,2,1,0.005781695246696472,0.030631559,0.95491666,0.014451852
137,2,1,0.013186067342758179,0.039948713,0.91085774,0.049193684
137,2,1,0.010423064231872559,0.0439598,0.89344853,0.062591694
137,2,1,0.01251894235610962,0.05123841,0.87901914,0.06974259
137,2,1,0.011238813400268555,0.11698805,0.8138406,0.06917136
137,2,1,0.009557336568832397,0.08905515,0.8795692,0.031375736
137,2,1,0.013034403324127197,0.04619655,0.91137236,0.04243113
137,2,1,0.011709272861480713,0.08354156,0.8276168,0.0888417
137,2,1,0.012235432863235474,0.05609866,0.9067235,0.03717784
137,2,1,0.02072322368621826,0.18244952,0.5269239,0.29062662
137,2,1,0.023094475269317627,0.06692982,0.67549616,0.25757408
137,2,1,0.009090781211853027,0.0533404,0.86604285,0.08061687
137,2,1,0.013998746871948242,0.11074632,0.7732337,0.11602006
137,2,1,0.020286738872528076,0.12471151,0.80937403,0.06591455
137,2,1,0.01872628927230835,0.15535772,0.78164685,0.06299556
137,2,1,0.0158880352973938,0.16433449,0.6666068,0.16905876
137,2,1,0.024543821811676025,0.19748126,0.6110691,0.19144973
137,2,1,0.0135725736618042,0.09611515,0.71995294,0.18393207
137,2,1,0.01749342679977417,0.16291425,0.68222207,0.15486377
137,2,1,0.012819826602935791,0.05671344,0.8442826,0.09900399
137,2,1,0.01521080732345581,0.060280792,0.7895789,0.15014033
137,2,1,0.011908948421478271,0.062717624,0.8500647,0.08721778
137,2,1,0.013393282890319824,0.10980128,0.81770974,0.072489
137,2,1,0.01277199387550354,0.064044826,0.88441396,0.051541273
137,2,1,0.009680747985839844,0.05992436,0.8352083,0.104867354
137,2,1,0.007032245397567749,0.023189025,0.9294982,0.047312766
137,2,1,0.01923668384552002,0.08133406,0.7402615,0.17840448
137,2,1,0.03566133975982666,0.09840083,0.59193194,0.30966735
137,2,1,0.008363604545593262,0.020447712,0.8821266,0.097425744
137,2,1,0.026231467723846436,0.0591634,0.521399,0.41943762
137,2,1,0.01202806830406189,0.02783598,0.8630656,0.10909847
137,2,1,0.00966578722000122,0.027324846,0.88012105,0.09255414
137,2,1,0.007387816905975342,0.019309254,0.9452018,0.035489086
137,2,1,0.004402488470077515,0.016144045,0.94227654,0.041579474
137,2,1,0.004478514194488525,0.03718001,0.9491082,0.013711874
137,2,1,0.004632487893104553,0.027827512,0.95387936,0.01829326
137,2,1,0.01035928726196289,0.023957476,0.9333161,0.042726528
137,2,1,0.005201846361160278,0.015346426,0.95719945,0.027454162
137,2,1,0.008676588535308838,0.021441258,0.9377522,0.040806726
137,2,1,0.010215967893600464,0.024426244,0.9214192,0.05415465
137,2,1,0.011520951986312866,0.027112376,0.8639565,0.10893122
137,2,1,0.01185595989227295,0.026527418,0.7963622,0.17711048
137,2,1,0.009886980056762695,0.023105023,0.91019803,0.06669706
137,2,1,0.009297668933868408,0.055198073,0.91651756,0.02828441
137,2,1,0.011473774909973145,0.07571236,0.8917913,0.032496452
137,2,1,0.009925633668899536,0.051101565,0.929728,0.019170545
137,2,1,0.004764348268508911,0.017384788,0.9525599,0.030055339
137,2,1,0.009153157472610474,0.0376142,0.90052074,0.061865058
137,2,1,0.005904465913772583,0.021122225,0.92660916,0.052268796
137,2,1,0.020670443773269653,0.026754694,0.889,0.08424539
137,2,1,0.00952938199043274,0.0186194,0.89253455,0.08884624
137,2,1,0.007343411445617676,0.026159208,0.87520164,0.098639295
137,2,1,0.012565195560455322,0.1837955,0.59565085,0.22055379
137,2,1,0.013160526752471924,0.1977894,0.71588826,0.08632247
137,2,1,0.017730653285980225,0.06755724,0.80001837,0.13242444
137,2,1,0.008151143789291382,0.027943075,0.89127594,0.08078115
137,2,1,0.00845310091972351,0.0151782045,0.9077778,0.07704413
137,2,1,0.010181903839111328,0.025735537,0.8842321,0.090032406
137,2,1,0.010965704917907715,0.021284143,0.87395364,0.10476232
137,2,1,0.015779495239257812,0.032786865,0.76715064,0.20006262
137,2,1,0.005183219909667969,0.021833863,0.92180216,0.056364015
137,2,1,0.02114570140838623,0.09772427,0.5644295,0.3378463
137,2,2,0.023439109325408936,0.13179836,0.37882838,0.48937336
232,2,2,0.005332320928573608,0.042026337,0.02954828,0.9284255
232,2,1,0.012216687202453613,0.017853016,0.69490373,0.28724334
232,2,1,0.009758174419403076,0.026256578,0.7326056,0.24113795
232,2,2,0.018596172332763672,0.33260685,0.061501972,0.60589117
232,2,1,0.008138984441757202,0.006628021,0.9466996,0.046672385
232,2,2,0.006000339984893799,0.026454596,0.07999462,0.8935509
232,2,2,0.007029235363006592,0.038513176,0.10188762,0.8595993
232,2,1,0.00983661413192749,0.14371696,0.68778616,0.16849701
232,2,2,0.0024866312742233276,0.011735139,0.03001455,0.95825046
232,2,2,0.004753783345222473,0.011814841,0.023925778,0.96425945
232,2,1,0.009255051612854004,0.0113265095,0.60125196,0.38742164
232,2,2,0.006791830062866211,0.024117444,0.18268695,0.7931957
232,2,2,0.008460700511932373,0.10328046,0.050625425,0.84609413
232,2,2,0.005010262131690979,0.025110824,0.024021547,0.9508677
232,2,2,0.0049163103103637695,0.025222734,0.016140174,0.9586372
232,2,2,0.0038457661867141724,0.010354669,0.020291839,0.96935356
232,2,2,0.006991028785705566,0.055509876,0.11348341,0.83100677
232,2,2,0.005633682012557983,0.02269625,0.091920674,0.8853831
232,2,2,0.0058977603912353516,0.06490579,0.01851037,0.9165839
232,2,2,0.0030704140663146973,0.016702332,0.014315181,0.9689826
232,2,2,0.0039419084787368774,0.012852161,0.0105840955,0.9765638
232,2,2,0.005147427320480347,0.051027555,0.07840305,0.87056947
232,2,2,0.006926417350769043,0.07750764,0.2072496,0.7152429
232,2,2,0.006212890148162842,0.07114102,0.1799834,0.7488756
232,2,2,0.00943821668624878,0.12543471,0.066103324,0.8084621
67,2,2,0.006300747394561768,0.04230218,0.05875768,0.89894027
67,2,1,0.03525632619857788,0.39920187,0.42657146,0.17422675
67,2,2,0.00883147120475769,0.047691736,0.045712624,0.9065957
67,2,2,0.0023488998413085938,0.020271849,0.0134387715,0.96628946
67,2,2,0.003003835678100586,0.018619355,0.021200113,0.9601806
67,2,2,0.01828932762145996,0.044924457,0.34415737,0.6109182
67,2,2,0.007700145244598389,0.17405355,0.026898365,0.7990481
67,2,2,0.00465315580368042,0.03940621,0.04496891,0.915625
67,2,2,0.003116115927696228,0.015376926,0.01155544,0.9730677
67,2,2,0.0037554949522018433,0.011179407,0.012205518,0.9766151
67,2,2,0.01788151264190674,0.036592092,0.2412133,0.72219473
67,2,0,0.007835745811462402,0.8752096,0.034242358,0.090548106
67,2,2,0.007123082876205444,0.09112791,0.039410166,0.86946195
67,2,2,0.0036464929580688477,0.009114734,0.044793088,0.94609225
67,2,2,0.005085021257400513,0.017408594,0.012307144,0.9702843
67,2,2,0.00431331992149353,0.009045652,0.022156384,0.968798
67,2,0,0.009824275970458984,0.7885128,0.04367716,0.16781011
67,2,2,0.009414374828338623,0.10749683,0.0689647,0.82353854
67,2,2,0.003979116678237915,0.0453169,0.015006524,0.93967664
67,2,2,0.003815069794654846,0.0121544795,0.01956427,0.96828127
67,2,2,0.005426675081253052,0.016018854,0.12342818,0.860553
67,2,0,0.011499881744384766,0.8237873,0.030864585,0.1453482
67,2,2,0.006319761276245117,0.16001211,0.024126064,0.8158618
82,2,1,0.01246190071105957,0.25343043,0.7057625,0.0408071
82,2,2,0.008269250392913818,0.04588525,0.07551889,0.8785959
82,2,0,0.008515655994415283,0.83310354,0.13387379,0.03302269
82,2,1,0.02159905433654785,0.30502957,0.49797943,0.19699106
82,2,0,0.006136089563369751,0.87702596,0.05793111,0.06504298
345,2,2,0.012438476085662842,0.06801193,0.115616746,0.8163713
345,2,2,0.0092315673828125,0.142584,0.056405865,0.8010102
345,2,2,0.007819771766662598,0.06785466,0.045573115,0.88657224
345,2,2,0.007332652807235718,0.06522131,0.05094883,0.8838299
345,2,2,0.00824621319770813,0.047051117,0.06861363,0.88433534
345,2,2,0.005869567394256592,0.05842907,0.05588478,0.88568616
345,2,2,0.016674518585205078,0.2758972,0.044168346,0.67993456
345,2,2,0.008799910545349121,0.27162853,0.039908733,0.6884628
345,2,2,0.005516499280929565,0.03399054,0.03304312,0.9329665
345,2,2,0.0049842000007629395,0.020680238,0.04661258,0.93270725
345,2,1,0.012510895729064941,0.050172113,0.5271877,0.42264032
345,2,1,0.007205754518508911,0.03486622,0.88736856,0.07776524
345,2,2,0.013756155967712402,0.23764896,0.055174507,0.7071766
345,2,1,0.012078404426574707,0.027918128,0.85919446,0.11288744
345,2,1,0.007895320653915405,0.02257365,0.92635965,0.051066842
284,2,2,0.0043753981590271,0.019200625,0.06831924,0.9124803
284,2,2,0.006506055593490601,0.05012791,0.04148419,0.90838796
284,2,2,0.004227101802825928,0.0192284,0.07071464,0.910057
284,2,2,0.008858263492584229,0.025472587,0.13356316,0.8409645
284,2,2,0.005633831024169922,0.048185967,0.19874418,0.75306994
284,2,2,0.006410419940948486,0.033248864,0.13754535,0.8292059
284,2,2,0.007058948278427124,0.043749105,0.042887997,0.9133629
284,2,2,0.009612113237380981,0.032844584,0.1082106,0.85894495
284,2,2,0.006772667169570923,0.03822563,0.06255007,0.89922434
284,2,2,0.005411654710769653,0.055680428,0.08379064,0.86052907
284,2,2,0.004620879888534546,0.023064995,0.041140452,0.93579465
284,2,2,0.00498846173286438,0.04508988,0.02552271,0.92938745
284,2,2,0.008307427167892456,0.059484806,0.035576914,0.90493834
284,2,2,0.004723250865936279,0.044515613,0.039171625,0.91631275
284,2,2,0.0048927366733551025,0.033750612,0.028634213,0.9376153
284,2,2,0.00838121771812439,0.04485732,0.08148264,0.8736602
284,2,2,0.008316725492477417,0.029919498,0.06453387,0.90554667
43,2,2,0.01483917236328125,0.04982482,0.41423163,0.5359436
43,2,1,0.011679470539093018,0.033158302,0.51010364,0.45673814
43,2,2,0.01161116361618042,0.0155696515,0.3478025,0.636628
43,2,1,0.0130232572555542,0.012958919,0.57599837,0.4110428
43,2,1,0.016818702220916748,0.037628796,0.8373123,0.12505905
43,2,1,0.01652902364730835,0.0550543,0.55171394,0.39323178
43,2,1,0.015161097049713135,0.06308461,0.51160204,0.42531344
43,2,1,0.021982252597808838,0.13012668,0.5802844,0.28958905
43,2,1,0.017844855785369873,0.0749922,0.60851705,0.31649083
43,2,1,0.005729079246520996,0.025448628,0.9195387,0.055012733
43,2,1,0.006156042218208313,0.008400118,0.9580497,0.03355031
43,2,1,0.004901081323623657,0.010121471,0.9641054,0.02577328
43,2,1,0.008095860481262207,0.010144814,0.9489449,0.040910378
43,2,2,0.013936042785644531,0.04078739,0.41892898,0.5402837
43,2,1,0.01912546157836914,0.12127238,0.57294786,0.30577984
43,2,1,0.027685940265655518,0.11457902,0.71154934,0.17387179
43,2,1,0.017481982707977295,0.05257419,0.8065834,0.14084253
43,2,1,0.018554866313934326,0.121474735,0.69109666,0.18742864
43,2,1,0.018800079822540283,0.21240428,0.62749505,0.16010077
43,2,1,0.023561835289001465,0.18381162,0.63063407,0.18555434
43,2,1,0.018345654010772705,0.05222793,0.5499183,0.39785394
43,2,2,0.01493680477142334,0.039650176,0.17286311,0.7874868
43,2,2,0.019756436347961426,0.08098604,0.32599527,0.5930188
43,2,1,0.02120518684387207,0.18413705,0.4920575,0.32380557
43,2,1,0.018253803253173828,0.12259999,0.76804096,0.10935918
43,2,1,0.018105506896972656,0.16789196,0.7494189,0.08268918
43,2,1,0.031995952129364014,0.2024943,0.5737638,0.223742
43,2,1,0.022590994834899902,0.21460472,0.47219536,0.31320003
43,2,1,0.025612056255340576,0.18205392,0.5316448,0.28630129
43,2,2,0.012714922428131104,0.13756101,0.34839568,0.51404333
43,2,1,0.01908588409423828,0.11571262,0.5344706,0.3498168
43,2,2,0.020093321800231934,0.16326994,0.32469583,0.5120343
43,2,2,0.018298745155334473,0.2207211,0.29117143,0.48810762
43,2,1,0.018709003925323486,0.13593239,0.6609632,0.2031045
43,2,1,0.025832295417785645,0.27922803,0.54480815,0.17596392
43,2,1,0.027038753032684326,0.16630213,0.6811819,0.152516
43,2,1,0.024721860885620117,0.14656363,0.68910617,0.16433033
43,2,1,0.02504897117614746,0.13160443,0.5820571,0.2863386
43,2,1,0.014699339866638184,0.13554376,0.69128895,0.1731674
43,2,1,0.01745063066482544,0.11582844,0.7895944,0.094577245
43,2,1,0.020594418048858643,0.23521744,0.56748366,0.19729905
43,2,2,0.0225447416305542,0.25171986,0.29870105,0.44957915
43,2,1,0.015626251697540283,0.14285387,0.64187604,0.2152701
43,2,1,0.01930910348892212,0.19924234,0.7031661,0.09759155
43,2,1,0.025915324687957764,0.28188187,0.5233314,0.1947868
43,2,1,0.019431650638580322,0.1768108,0.69844663,0.12474254
43,2,1,0.0189511775970459,0.24809454,0.5639404,0.18796511
43,2,1,0.015398263931274414,0.18401393,0.7457809,0.07020528
43,2,1,0.014673292636871338,0.12380391,0.80182797,0.07436821
43,2,1,0.013775169849395752,0.21136603,0.60321116,0.18542288
43,2,1,0.024510622024536133,0.21387881,0.4109322,0.37518907
43,2,1,0.021936893463134766,0.1967305,0.4729127,0.33035693
43,2,1,0.025767207145690918,0.3566887,0.45627394,0.18703742
43,2,0,0.021467387676239014,0.46026903,0.4155732,0.1241578
43,2,0,0.02188873291015625,0.47958308,0.44031605,0.08010095
43,2,0,0.01994335651397705,0.4984817,0.4121458,0.089372545
43,2,1,0.007824540138244629,0.10962041,0.8673385,0.023041159
43,2,1,0.004328921437263489,0.019330624,0.96539325,0.015276182
43,2,1,0.0222930908203125,0.2388148,0.53645176,0.22473353
43,2,1,0.023358285427093506,0.17040877,0.54962474,0.27996656
43,2,1,0.023525595664978027,0.27377364,0.4535282,0.27269816
43,2,1,0.02659153938293457,0.39848685,0.402892,0.19862121
43,2,0,0.02253401279449463,0.3919546,0.3810027,0.22704282
43,2,1,0.019562125205993652,0.36136463,0.46040982,0.17822559
43,2,1,0.02147728204727173,0.40595338,0.52090913,0.07313756
43,2,1,0.00452914834022522,0.063264094,0.920154,0.016581887
43,2,2,0.02249675989151001,0.24362518,0.2135699,0.5428051
43,2,2,0.01694399118423462,0.23608957,0.16394743,0.599963
43,2,2,0.02516305446624756,0.18231095,0.35296023,0.46472892
43,2,1,0.013805508613586426,0.07426978,0.49442577,0.4313045
43,2,1,0.016538918018341064,0.18430443,0.70588,0.10981565
43,2,1,0.01408696174621582,0.1426797,0.7250772,0.13224308
43,2,1,0.01606273651123047,0.12480988,0.74138546,0.13380471
43,2,1,0.02971571683883667,0.11473216,0.55567324,0.32959473
43,2,1,0.01765197515487671,0.045922976,0.59008235,0.36399478
43,2,1,0.010672807693481445,0.0311646,0.8421348,0.12670071
43,2,1,0.012318968772888184,0.015986783,0.5425894,0.44142383
43,2,1,0.0078008174896240234,0.029454123,0.5800924,0.39045358
43,2,2,0.012258768081665039,0.021794377,0.3297429,0.6484628
43,2,2,0.014725148677825928,0.012351831,0.35299218,0.6346561
43,2,1,0.014475703239440918,0.023440598,0.81676304,0.15979642
43,2,1,0.01118004322052002,0.018339412,0.85877705,0.12288361
43,2,1,0.006081283092498779,0.0062602484,0.89788437,0.095855445
241,2,2,0.013555705547332764,0.27393755,0.013960393,0.7121021
241,2,2,0.00739935040473938,0.09288188,0.009853065,0.8972651
241,2,2,0.015048950910568237,0.14499128,0.020335019,0.83467376
241,2,2,0.008383423089981079,0.060426656,0.018435575,0.9211378
241,2,2,0.005779147148132324,0.03352463,0.02104809,0.9454274
241,2,2,0.014165043830871582,0.09079497,0.06353926,0.8456659
241,2,2,0.003962099552154541,0.08067156,0.0068157176,0.91251284
241,2,2,0.0027653276920318604,0.05440617,0.008537878,0.93705595
241,2,2,0.005234315991401672,0.02954154,0.019584002,0.9508746
241,2,2,0.0050672441720962524,0.041014638,0.011787172,0.9471982
241,2,2,0.015368878841400146,0.20410852,0.011286832,0.7846047
241,2,0,0.02119237184524536,0.5206942,0.072947934,0.40635794
241,2,2,0.018126070499420166,0.28848502,0.09444475,0.6170703
241,2,2,0.005006000399589539,0.022987198,0.017837444,0.95917547
241,2,2,0.004645064473152161,0.041039653,0.016359141,0.94260126
241,2,2,0.008374929428100586,0.11879513,0.01136045,0.86984456
241,2,2,0.024049699306488037,0.33568025,0.054710846,0.60960895
241,2,2,0.018777072429656982,0.39136043,0.041347083,0.5672925
241,2,2,0.005891740322113037,0.0515868,0.015875759,0.9325375
241,2,2,0.003401651978492737,0.010751478,0.031857964,0.95739067
241,2,0,0.015345752239227295,0.6313866,0.016305817,0.3523076
241,2,2,0.010559916496276855,0.1780378,0.015773455,0.8061889
241,2,2,0.015297651290893555,0.21860269,0.018255372,0.76314205
241,2,2,0.005454212427139282,0.06617097,0.013358501,0.92047054
241,2,2,0.0033773332834243774,0.0108504305,0.023103872,0.9660458
241,2,0,0.023853719234466553,0.5596649,0.022154301,0.4181809
241,2,2,0.016143202781677246,0.19172797,0.014022498,0.7942496
241,2,2,0.008495211601257324,0.053298462,0.017364886,0.9293367
241,2,2,0.012061715126037598,0.108962,0.102849066,0.788189
241,2,2,0.013389408588409424,0.028479526,0.15341176,0.8181088
161,2,0,0.010731756687164307,0.5999935,0.02086271,0.3791438
161,2,2,0.0045946091413497925,0.038445137,0.0114056375,0.9501493
161,2,2,0.004562407732009888,0.062282894,0.012841063,0.9248761
161,2,2,0.0030277669429779053,0.019533746,0.01165426,0.9688121
161,2,0,0.018003106117248535,0.7452643,0.06841151,0.18632433
161,2,2,0.005871370434761047,0.041006114,0.016519627,0.9424744
161,2,2,0.0036065280437469482,0.019499708,0.011579218,0.9689211
161,2,2,0.004945635795593262,0.014893769,0.011273731,0.97383255
161,2,2,0.0050114840269088745,0.021596286,0.017049056,0.9613547
161,2,2,0.008923113346099854,0.058187,0.06456561,0.8772475
161,2,2,0.006874829530715942,0.05144349,0.04875289,0.8998037
161,2,2,0.005075186491012573,0.036024306,0.066383295,0.8975925
161,2,2,0.007730662822723389,0.073959194,0.06086251,0.86517835
161,2,2,0.004604458808898926,0.040664822,0.04232218,0.9170131
161,2,2,0.010835587978363037,0.063122146,0.060475603,0.8764024
161,2,2,0.004031628370285034,0.020257648,0.022697505,0.9570449
161,2,2,0.006917893886566162,0.06272809,0.044637952,0.8926341
161,2,2,0.003686770796775818,0.02020798,0.03142024,0.9483719
306,2,2,0.00847005844116211,0.02341472,0.32771182,0.64887345
306,2,2,0.0076934099197387695,0.017362477,0.16235857,0.8202791
306,2,1,0.007904917001724243,0.03212214,0.9276222,0.040255673
306,2,1,0.0034309029579162598,0.032805093,0.9259654,0.04122965
306,2,1,0.003200635313987732,0.020828733,0.954684,0.02448727
272,2,2,0.01705843210220337,0.1545999,0.13580142,0.70959884
272,2,1,0.017543494701385498,0.33631957,0.63094485,0.032735642
272,2,0,0.013770759105682373,0.57970124,0.09541157,0.32488725
272,2,2,0.014589190483093262,0.36538446,0.17221683,0.46239877
285,2,2,0.008677423000335693,0.05935559,0.105150715,0.8354937
285,2,2,0.006613969802856445,0.033401698,0.103811435,0.8627869
285,2,2,0.005834609270095825,0.042001825,0.05709228,0.9009061
285,2,2,0.00881907343864441,0.04250191,0.06690109,0.8905971
285,2,2,0.0036735236644744873,0.025502698,0.04097321,0.93352425
285,2,2,0.0032386332750320435,0.026138606,0.022318231,0.9515432
285,2,2,0.0042702555656433105,0.01803678,0.026538832,0.95542455
285,2,2,0.005425244569778442,0.03980438,0.04372551,0.91647017
285,2,2,0.0063841938972473145,0.03722505,0.04927066,0.91350454
285,2,2,0.004171207547187805,0.01688122,0.031233002,0.9518859
285,2,2,0.005842000246047974,0.036727946,0.016002577,0.9472695
285,2,2,0.013675332069396973,0.25866795,0.06346104,0.67787105
285,2,2,0.005670487880706787,0.025523743,0.031020297,0.94345605
285,2,2,0.004793882369995117,0.022670047,0.0431286,0.9342015
285,2,2,0.002245381474494934,0.012593485,0.019012332,0.9683943
285,2,2,0.007844030857086182,0.07633454,0.019353408,0.90431225
285,2,2,0.004809677600860596,0.027740715,0.020447485,0.9518119
277,2,2,0.015974700450897217,0.1545877,0.24399804,0.6014143
277,2,2,0.012980103492736816,0.18899992,0.08485445,0.72614574
277,2,2,0.01849156618118286,0.2641162,0.18348905,0.5523948
277,2,2,0.013516068458557129,0.23069955,0.059313685,0.70998687
83,2,2,0.01018795371055603,0.023486625,0.1293206,0.8471929
83,2,2,0.013136982917785645,0.062016267,0.22081062,0.7171732
83,2,2,0.005432218313217163,0.020818135,0.06201606,0.91716594
83,2,2,0.003180578351020813,0.020760113,0.02183308,0.9574069
83,2,2,0.004986584186553955,0.019676497,0.041964676,0.93835884
83,2,1,0.008369505405426025,0.008895159,0.7317786,0.25932628
83,2,2,0.005518019199371338,0.018205484,0.047513813,0.93428075
83,2,2,0.004099607467651367,0.021056779,0.016742503,0.9622008
83,2,2,0.012627482414245605,0.02653657,0.34068632,0.63277715
83,2,2,0.003333866596221924,0.017027825,0.021128375,0.96184397
83,2,2,0.006189286708831787,0.018581426,0.048711896,0.9327068
83,2,2,0.005486011505126953,0.029499488,0.073131636,0.89736897
307,2,0,0.013207674026489258,0.50174516,0.09055091,0.407704
307,2,2,0.007116436958312988,0.09231111,0.06380623,0.8438828
307,2,0,0.023442745208740234,0.49042216,0.17057845,0.3389995
307,2,2,0.010220706462860107,0.1525345,0.08992291,0.7575426
307,2,1,0.015941143035888672,0.20920667,0.55109715,0.23969626
307,2,1,0.021315574645996094,0.19043706,0.5610461,0.24851686
307,2,1,0.021931588649749756,0.086004384,0.5005243,0.41347134
32,0,1,0.019763529300689697,0.08779714,0.7527114,0.15949154
32,0,2,0.017444908618927002,0.15090369,0.118417,0.7306794
32,0,2,0.012822270393371582,0.18070759,0.1251408,0.69415164
32,0,2,0.017427027225494385,0.34772122,0.10273454,0.5495443
32,0,0,0.011434018611907959,0.5488899,0.232989,0.21812122
32,0,0,0.019423246383666992,0.50494075,0.15373078,0.34132856
32,0,2,0.01735091209411621,0.23777214,0.09480196,0.66742593
32,0,1,0.010396778583526611,0.24947958,0.57668954,0.1738309
32,0,1,0.013557970523834229,0.36617607,0.5077565,0.12606753
32,0,1,0.009781479835510254,0.3376685,0.4299604,0.2323712
32,0,0,0.009947538375854492,0.44975972,0.3844646,0.16577572
32,0,0,0.009345948696136475,0.5766962,0.12402597,0.29927787
32,0,0,0.01773548126220703,0.40592638,0.38753477,0.20653893
32,0,2,0.009571075439453125,0.10030863,0.14152172,0.7581697
32,0,0,0.01546323299407959,0.71794784,0.095554784,0.18649754
32,0,0,0.01923316717147827,0.7099499,0.062063232,0.22798692
32,0,0,0.020129799842834473,0.6816179,0.045948263,0.2724339
32,0,0,0.009424448013305664,0.8675977,0.035407096,0.09699529
32,0,0,0.010624706745147705,0.7350608,0.05271772,0.21222156
32,0,2,0.013205409049987793,0.37752014,0.1760161,0.44646385
32,0,2,0.008576393127441406,0.08658833,0.061382335,0.8520293
32,0,2,0.015015006065368652,0.05533424,0.15473673,0.7899291
32,0,2,0.005677402019500732,0.040009547,0.118106335,0.84188414
32,0,2,0.005418121814727783,0.035662312,0.12590286,0.8384349
32,0,2,0.0129280686378479,0.08052701,0.1087913,0.81068176
32,0,2,0.006650745868682861,0.073053524,0.21468778,0.7122589
32,0,0,0.015523731708526611,0.6959137,0.1583199,0.1457665
32,0,0,0.013892114162445068,0.819467,0.048043262,0.13248982
32,0,0,0.00674891471862793,0.84384733,0.03228101,0.123871766
32,0,0,0.016090035438537598,0.6053878,0.047001716,0.3476106
32,0,2,0.015821397304534912,0.46078593,0.0652369,0.4739773
32,0,0,0.011825084686279297,0.47781128,0.15781818,0.36437064
32,0,2,0.00927850604057312,0.05490433,0.059744854,0.8853508
32,0,1,0.009576201438903809,0.22336125,0.5452916,0.23134734
32,0,2,0.015133321285247803,0.30983597,0.078570396,0.6115937
32,0,2,0.012050092220306396,0.2986179,0.11312518,0.5882571
32,0,0,0.0089988112449646,0.82426023,0.07916092,0.09657888
32,0,2,0.007067382335662842,0.107481755,0.05946596,0.83305234
32,0,0,0.01369553804397583,0.7388878,0.18952551,0.07158673
32,0,1,0.012100815773010254,0.36528942,0.4373427,0.19736797
32,0,0,0.012824594974517822,0.5267968,0.31545383,0.1577494
32,0,0,0.013028621673583984,0.8352772,0.0805868,0.084136076
32,0,2,0.013554155826568604,0.282121,0.16500321,0.5528758
32,0,2,0.018714487552642822,0.23002258,0.12626398,0.64371353
32,0,2,0.013139188289642334,0.15382619,0.072791606,0.77338225
32,0,2,0.009178578853607178,0.27754176,0.053309646,0.6691487
32,0,2,0.011522650718688965,0.40940285,0.055606756,0.53499043
32,0,2,0.008962094783782959,0.41512975,0.062365796,0.52250457
32,0,0,0.007405281066894531,0.8503206,0.0488725,0.10080697
32,0,0,0.009171009063720703,0.6887728,0.03523776,0.27598947
32,0,0,0.011481642723083496,0.49800894,0.24492836,0.2570628
32,0,2,0.016657114028930664,0.33327037,0.29270044,0.37402922
32,0,0,0.014965713024139404,0.6016625,0.1928467,0.20549084
32,0,0,0.01543515920639038,0.60618293,0.093321696,0.30049545
32,0,2,0.017755985260009766,0.40285328,0.162776,0.43437076
32,0,0,0.011575281620025635,0.8078221,0.10005129,0.09212673
32,0,0,0.018119871616363525,0.60863674,0.12713225,0.2642311
32,0,2,0.012547969818115234,0.31238654,0.07536104,0.6122525
32,0,0,0.012288451194763184,0.457933,0.09551535,0.44655165
32,0,0,0.010161817073822021,0.5497298,0.0806413,0.369629
32,0,2,0.01101905107498169,0.39498115,0.06466433,0.54035467
32,0,2,0.012003958225250244,0.22760507,0.07599584,0.69639915
32,0,2,0.01072382926940918,0.120637946,0.0531544,0.8262077
32,0,2,0.011878252029418945,0.24269095,0.19061628,0.5666929
32,0,0,0.010392963886260986,0.6002809,0.22805312,0.17166607
32,0,0,0.018967032432556152,0.74975336,0.21132572,0.03892103
32,0,0,0.007243156433105469,0.7197636,0.21178746,0.068449065
32,0,2,0.011870384216308594,0.1615629,0.092294954,0.74614215
32,0,0,0.01284700632095337,0.5919458,0.087259404,0.3207948
32,0,0,0.014291763305664062,0.50220114,0.038775828,0.45902306
32,0,2,0.011358857154846191,0.2571824,0.059103254,0.68371445
32,0,0,0.011382460594177246,0.51285976,0.07886177,0.4082785
32,0,0,0.013534069061279297,0.6130621,0.06902376,0.31791422
32,0,2,0.0038816332817077637,0.03615192,0.024388872,0.93945926
32,0,2,0.013224363327026367,0.1882133,0.051432833,0.76035386
32,0,2,0.015910565853118896,0.19558202,0.14087605,0.663542
32,0,0,0.011405110359191895,0.64157426,0.17765938,0.18076642
32,0,0,0.011174798011779785,0.819927,0.16272826,0.017344901
32,0,0,0.012216687202453613,0.52952623,0.12830186,0.342172
32,0,2,0.008283078670501709,0.16573302,0.058016434,0.7762506
32,0,0,0.011512458324432373,0.52587867,0.13447204,0.33964935
32,0,2,0.008640289306640625,0.27808943,0.08508769,0.63682294
32,0,0,0.012141585350036621,0.46597663,0.14141393,0.39260948
32,0,0,0.014527082443237305,0.46613282,0.2505783,0.2832888
32,0,2,0.008831262588500977,0.1315538,0.07739201,0.79105425
32,0,2,0.004486709833145142,0.02221549,0.026851758,0.9509328
32,0,2,0.012707948684692383,0.31871644,0.0563489,0.62493473
32,0,2,0.012635290622711182,0.26949129,0.05169844,0.67881036
32,0,2,0.012892067432403564,0.3986961,0.08757764,0.5137264
32,0,0,0.011955499649047852,0.6054679,0.3680843,0.02644779
32,0,0,0.011747658252716064,0.7200717,0.11016201,0.1697664
32,0,0,0.02508080005645752,0.3823514,0.2969821,0.32066655
32,0,0,0.007882952690124512,0.6337141,0.1842493,0.1820367
32,0,0,0.010466277599334717,0.6830328,0.2659142,0.05105296
32,0,0,0.017807483673095703,0.55541205,0.4104095,0.03417849
32,0,1,0.011119604110717773,0.12871094,0.77551234,0.09577682
32,0,2,0.0058990418910980225,0.031907443,0.047614675,0.9204779
32,0,2,0.006510376930236816,0.10961267,0.042360593,0.8480268
32,0,0,0.014642894268035889,0.5359977,0.1866686,0.27733383
32,0,0,0.01631331443786621,0.48015004,0.22748646,0.29236355
32,0,2,0.01500391960144043,0.36285698,0.17213504,0.46500796
32,0,1,0.013401031494140625,0.21692888,0.46891195,0.31415927
32,0,1,0.011301517486572266,0.19680749,0.7319848,0.07120779
32,0,0,0.01685464382171631,0.44782346,0.35402906,0.19814755
32,0,2,0.008868634700775146,0.12883848,0.12014279,0.7510188
32,0,2,0.01125192642211914,0.25889102,0.1297024,0.6114067
32,0,0,0.012378513813018799,0.57710576,0.18997683,0.23291743
32,0,0,0.00885009765625,0.4708254,0.38772437,0.14145027
32,0,0,0.01854914426803589,0.5578256,0.09698527,0.34518915
32,0,0,0.00879591703414917,0.4739301,0.066959016,0.45911092
32,0,0,0.00867384672164917,0.55101055,0.12570865,0.32328093
32,0,2,0.011302649974822998,0.28198823,0.111954354,0.6060575
32,0,2,0.010157465934753418,0.19500215,0.08903127,0.7159667
32,0,0,0.013268589973449707,0.45379043,0.23229925,0.3139104
32,0,0,0.012576460838317871,0.6753785,0.20054238,0.124079235
32,0,2,0.008473873138427734,0.12106118,0.0645607,0.8143782
124,0,0,0.0034047067165374756,0.96078664,0.00943338,0.029780136
124,0,0,0.005000263452529907,0.96109146,0.011074598,0.027834022
124,0,0,0.006616741418838501,0.95493907,0.038613133,0.0064479806
124,0,0,0.005341574549674988,0.9550651,0.019326223,0.025608795
124,0,0,0.004777193069458008,0.96278214,0.02996821,0.0072497567
124,0,0,0.0037525445222854614,0.9696459,0.022075918,0.008278259
124,0,0,0.00431746244430542,0.93324375,0.06359544,0.0031609244
124,0,0,0.0027915388345718384,0.9758654,0.0145589,0.009575773
124,0,0,0.0026531368494033813,0.97875035,0.0095068235,0.011742972
124,0,0,0.004176408052444458,0.96178436,0.033666488,0.0045492337
124,0,0,0.0038584768772125244,0.9733069,0.02147522,0.005217946
124,0,0,0.0028331726789474487,0.96261036,0.033105165,0.004284599
124,0,0,0.0035546720027923584,0.9720298,0.019621976,0.008348287
124,0,0,0.0030958354473114014,0.9736684,0.012512929,0.013818727
124,0,0,0.005456641316413879,0.9544226,0.0403458,0.0052317632
124,0,0,0.0017090961337089539,0.98059756,0.012773568,0.0066289315
124,0,0,0.004716530442237854,0.975596,0.016417375,0.007986606
124,0,0,0.0016667470335960388,0.9837572,0.009512346,0.0067305393
124,0,0,0.0020716488361358643,0.9803218,0.009971454,0.009706804
124,0,0,0.003480464220046997,0.9744959,0.020113613,0.005390568
124,0,0,0.0028718560934066772,0.96734565,0.02641014,0.006244176
124,0,0,0.002506062388420105,0.97269726,0.022067089,0.0052357167
124,0,0,0.0021324902772903442,0.9812177,0.008029825,0.010752561
124,0,0,0.00220392644405365,0.9801734,0.008839418,0.01098724
124,0,0,0.004326522350311279,0.9550459,0.04131304,0.003641173
124,0,0,0.005731731653213501,0.9720762,0.020157294,0.0077665723
124,0,0,0.0035278499126434326,0.965271,0.030393349,0.004335907
124,0,0,0.0023158416152000427,0.982053,0.0071855257,0.010761532
124,0,0,0.00374758243560791,0.9744253,0.015220152,0.010354625
124,0,0,0.0027429312467575073,0.97922486,0.009114356,0.011660857
124,0,0,0.0039023011922836304,0.9754806,0.016642198,0.007877282
124,0,0,0.0039859190583229065,0.9759941,0.016449746,0.007556221
124,0,0,0.008754611015319824,0.77699816,0.21904406,0.003957887
124,0,0,0.004828006029129028,0.9702866,0.021880649,0.0078327805
124,0,0,0.007226839661598206,0.9420535,0.052155804,0.0057908185
124,0,0,0.0026438161730766296,0.9785225,0.010717583,0.010759978
124,0,0,0.00637383759021759,0.94990534,0.044027492,0.006067227
124,0,0,0.007539510726928711,0.94154906,0.053328726,0.0051223487
124,0,0,0.007357865571975708,0.876506,0.118933365,0.004560732
124,0,0,0.005158573389053345,0.9203341,0.06797618,0.011689823
124,0,0,0.006203413009643555,0.8540787,0.10735537,0.038565952
124,0,0,0.009540557861328125,0.82087904,0.010982871,0.16813815
124,0,0,0.005361437797546387,0.93548924,0.0073805656,0.05713013
124,0,0,0.0036133378744125366,0.97175926,0.015921274,0.012319557
124,0,0,0.015571296215057373,0.72910064,0.26618826,0.004711127
124,0,1,0.012486934661865234,0.121909074,0.7374811,0.14060992
124,0,0,0.006224513053894043,0.91390264,0.03605836,0.050039034
432,0,1,0.014517903327941895,0.16925879,0.78989255,0.04084872
432,0,1,0.015172600746154785,0.22941804,0.7111048,0.059477333
432,0,0,0.005787834525108337,0.94062114,0.05293618,0.0064428025
432,0,0,0.0029302388429641724,0.97346234,0.01260686,0.013930953
432,0,0,0.005520358681678772,0.9470369,0.020819921,0.032143217
432,0,0,0.0073084235191345215,0.9126573,0.038953222,0.048389442
432,0,0,0.005076944828033447,0.94089055,0.034435052,0.024674479
432,0,0,0.0073470622301101685,0.963296,0.01438069,0.022323392
432,0,0,0.0039361268281936646,0.96728146,0.016841847,0.015876727
432,0,0,0.004329770803451538,0.9722088,0.015993569,0.011797773
432,0,0,0.0038905590772628784,0.9681479,0.019037593,0.012814625
432,0,0,0.005816429853439331,0.9235415,0.064002424,0.012456137
432,0,0,0.013155698776245117,0.4798635,0.46619964,0.053936947
432,0,0,0.0045258402824401855,0.83413535,0.13354999,0.032314703
432,0,0,0.008254677057266235,0.91005,0.08046619,0.009483949
432,0,0,0.0037086308002471924,0.96780926,0.020885756,0.011304942
432,0,0,0.0037196874618530273,0.9735923,0.016720964,0.009686788
432,0,0,0.005247950553894043,0.9612966,0.025340052,0.01336342
432,0,0,0.006200343370437622,0.9482004,0.018808011,0.032991685
432,0,0,0.00692865252494812,0.95853263,0.021417163,0.0200503
432,0,0,0.004111334681510925,0.95640045,0.013648938,0.029950695
432,0,0,0.0033521056175231934,0.9737702,0.011132764,0.0150971
432,0,0,0.0035180747509002686,0.96771264,0.022205146,0.010082358
432,0,0,0.004409492015838623,0.968321,0.017894795,0.013784248
432,0,0,0.010639071464538574,0.9224835,0.057292257,0.020224355
432,0,1,0.01799243688583374,0.42932582,0.47547644,0.09519777
432,0,0,0.006061345338821411,0.93578565,0.035172954,0.029041406
432,0,0,0.009613469243049622,0.95216334,0.023362124,0.024474552
432,0,0,0.004466786980628967,0.97105783,0.016899318,0.0120429
432,0,0,0.00453871488571167,0.9702668,0.019671323,0.010061903
432,0,0,0.0022473931312561035,0.9714392,0.018347561,0.010213369
432,0,0,0.005271419882774353,0.9520657,0.016324084,0.031610306
432,0,0,0.0046316832304000854,0.9683579,0.010078305,0.02156394
432,0,0,0.005532607436180115,0.9611598,0.013083214,0.025757087
432,0,0,0.004640042781829834,0.9671564,0.012204197,0.020639457
432,0,0,0.0064210444688797,0.9722202,0.011219074,0.01656078
432,0,0,0.003795132040977478,0.9720299,0.0125221275,0.015448082
432,0,0,0.005675062537193298,0.9550288,0.029105619,0.015865752
432,0,0,0.01305931806564331,0.6062146,0.36253062,0.031254917
432,0,0,0.0035984963178634644,0.94830406,0.039649155,0.0120468335
432,0,0,0.0038769543170928955,0.95635396,0.033851627,0.009794567
432,0,0,0.0028960704803466797,0.97529924,0.014199236,0.0105015645
432,0,0,0.0027025043964385986,0.969793,0.015348832,0.0148582375
432,0,0,0.004488438367843628,0.9710749,0.014566018,0.014359242
432,0,0,0.0059709250926971436,0.9488824,0.010314694,0.040802963
432,0,0,0.005360960960388184,0.95398504,0.010164632,0.035850365
432,0,0,0.006197288632392883,0.9464568,0.013982317,0.039561015
432,0,0,0.003266662359237671,0.9664856,0.013835612,0.019678833
432,0,0,0.006597593426704407,0.9721851,0.012829555,0.014985424
432,0,0,0.0030126720666885376,0.97377247,0.009145182,0.017082427
432,0,0,0.006004393100738525,0.967561,0.015442028,0.016997015
432,0,0,0.007543385028839111,0.9374642,0.049592886,0.012942992
432,0,0,0.005248308181762695,0.9499596,0.040652443,0.009388058
432,0,0,0.0037689954042434692,0.9603633,0.033056613,0.0065801395
432,0,0,0.004567205905914307,0.974613,0.015403426,0.009983695
432,0,0,0.003816351294517517,0.975521,0.010131245,0.014347827
432,0,0,0.004803016781806946,0.97445124,0.011146028,0.014402855
432,0,0,0.00919795036315918,0.96091956,0.011100165,0.027980393
432,0,0,0.004898518323898315,0.9642178,0.0121128615,0.0236695
432,0,0,0.005543768405914307,0.9734108,0.01146965,0.015119635
432,0,0,0.0035446137189865112,0.9745802,0.013566927,0.011852857
432,0,0,0.0024891123175621033,0.9808655,0.01129387,0.00784062
432,0,0,0.0034518539905548096,0.97395235,0.013739901,0.01230776
432,0,0,0.003015279769897461,0.9721949,0.014679471,0.013125654
432,0,0,0.005833834409713745,0.94038296,0.045914162,0.013702998
432,0,1,0.017032861709594727,0.19529036,0.65070826,0.1540015
432,0,1,0.01482456922531128,0.4014622,0.5873807,0.011157195
432,0,0,0.005315631628036499,0.95088506,0.03578514,0.013329868
432,0,0,0.0032385438680648804,0.9721071,0.01624409,0.011648942
432,0,0,0.004697516560554504,0.9735766,0.011256622,0.015166745
432,0,0,0.0020376071333885193,0.9793997,0.006022018,0.014578443
432,0,0,0.002561718225479126,0.97164387,0.010528495,0.017827708
432,0,0,0.005278035998344421,0.97086734,0.0115134865,0.017619269
432,0,0,0.0029302239418029785,0.9735803,0.011075616,0.015344163
432,0,0,0.002047725021839142,0.978146,0.010301923,0.011552141
432,0,0,0.004971593618392944,0.9730613,0.01638831,0.010550407
432,0,0,0.004629641771316528,0.97458094,0.0128701115,0.012549109
432,0,0,0.005052581429481506,0.96945286,0.014944321,0.015602865
432,0,0,0.006166249513626099,0.9391231,0.053256314,0.0076206904
432,0,1,0.01831609010696411,0.18354951,0.73379135,0.08265924
432,0,0,0.02449929714202881,0.5653548,0.40139452,0.033250704
432,0,0,0.00395616888999939,0.9593124,0.031022752,0.009664909
432,0,0,0.0047079771757125854,0.968149,0.0173084,0.014542748
432,0,0,0.003888234496116638,0.9741997,0.011314849,0.014485472
432,0,0,0.0016118735074996948,0.981645,0.009097305,0.009257842
432,0,0,0.005886495113372803,0.9696351,0.01374028,0.016624693
432,0,0,0.004412859678268433,0.9645346,0.01719564,0.018269818
432,0,0,0.0033779889345169067,0.9685595,0.014134803,0.017305734
432,0,0,0.005663454532623291,0.9695685,0.015854545,0.014577073
432,0,0,0.0019245743751525879,0.98332906,0.0098612765,0.0068097496
432,0,0,0.002945438027381897,0.9740839,0.015672809,0.010243382
432,0,0,0.004267603158950806,0.9735239,0.01601309,0.010463113
432,0,0,0.012449562549591064,0.84732175,0.14136475,0.011313598
432,0,2,0.0169675350189209,0.21551602,0.36094874,0.4235354
432,0,0,0.002977229654788971,0.9781371,0.013854731,0.008008316
432,0,0,0.005425348877906799,0.9668296,0.026353212,0.0068172514
432,0,0,0.009042054414749146,0.91924953,0.06490511,0.015845416
432,0,0,0.008903324604034424,0.81913394,0.16329016,0.017575989
432,0,2,0.007226407527923584,0.015255138,0.25525677,0.7294882
2,0,2,0.019492924213409424,0.15364647,0.26428303,0.5820706
2,0,0,0.014248192310333252,0.83969593,0.03741813,0.122886054
2,0,0,0.017510950565338135,0.6973567,0.15179928,0.15084408
2,0,0,0.02142477035522461,0.4003118,0.20394398,0.3957442
2,0,1,0.0038557052612304688,0.006581536,0.982679,0.010739437
2,0,1,0.00920441746711731,0.008708112,0.9173972,0.0738948
2,0,0,0.0225069522857666,0.78835636,0.09415111,0.117492616
2,0,0,0.013588130474090576,0.78045964,0.0132811805,0.20625915
2,0,0,0.01160740852355957,0.9015798,0.01230448,0.0861158
2,0,0,0.01785862445831299,0.78210175,0.07181868,0.14607967
2,0,1,0.0043845996260643005,0.006602389,0.9811912,0.01220645
2,0,1,0.0041650086641311646,0.014840259,0.9676843,0.017475445
2,0,0,0.0039712488651275635,0.94715124,0.016311362,0.036537364
2,0,0,0.009540677070617676,0.84198767,0.012983634,0.14502877
2,0,0,0.007631182670593262,0.93451303,0.010754781,0.05473231
2,0,0,0.00773736834526062,0.8668362,0.03579439,0.097369455
2,0,1,0.0025626644492149353,0.009109785,0.9836368,0.007253508
2,0,1,0.0026574209332466125,0.009274323,0.98236203,0.008363735
2,0,0,0.007891625165939331,0.92939746,0.01906336,0.051539235
2,0,0,0.004374697804450989,0.9642552,0.013628485,0.02211641
2,0,0,0.005906015634536743,0.9445506,0.0088095805,0.046639968
2,0,0,0.007094591856002808,0.94745046,0.025460856,0.0270888
2,0,1,0.0064422935247421265,0.010234331,0.98144466,0.00832102
2,0,1,0.005748271942138672,0.02892186,0.9553594,0.015718898
2,0,0,0.011957019567489624,0.93342674,0.027613115,0.038960226
2,0,0,0.007868051528930664,0.94106823,0.02283453,0.036097333
2,0,0,0.010079711675643921,0.921654,0.024639042,0.053706933
2,0,0,0.0058591365814208984,0.9267568,0.033732187,0.03951115
2,0,0,0.017510592937469482,0.61889243,0.3363506,0.04475706
433,0,2,0.021593868732452393,0.25474012,0.07635863,0.6689013
433,0,0,0.003916293382644653,0.958166,0.026055846,0.015778275
433,0,0,0.006359994411468506,0.95559245,0.02610001,0.018307537
433,0,0,0.0032168328762054443,0.94323415,0.022124859,0.03464104
433,0,0,0.006236076354980469,0.9450127,0.026196983,0.028790366
433,0,0,0.006959408521652222,0.9489738,0.023585144,0.027441187
433,0,0,0.005707442760467529,0.9653819,0.021311497,0.013306744
433,0,0,0.006331503391265869,0.95912546,0.030538404,0.0103362
433,0,0,0.006714984774589539,0.95471895,0.033523444,0.0117577175
433,0,0,0.007664307951927185,0.943563,0.04656596,0.009871184
433,0,0,0.010218918323516846,0.87106246,0.060953055,0.067984626
433,0,0,0.003470480442047119,0.95601106,0.026425982,0.017563045
433,0,0,0.005576774477958679,0.95328,0.021504153,0.025215937
433,0,0,0.00446319580078125,0.9669611,0.012569615,0.020469302
433,0,0,0.007603943347930908,0.9434114,0.0143053075,0.04228328
433,0,0,0.004006147384643555,0.9587954,0.0120638255,0.029140769
433,0,0,0.0036635994911193848,0.9628086,0.013448651,0.023742812
433,0,0,0.004576846957206726,0.96716315,0.018620623,0.014216329
433,0,0,0.00239582359790802,0.96662706,0.021166505,0.012206526
433,0,0,0.008398279547691345,0.9440678,0.047382135,0.008550121
433,0,1,0.021992862224578857,0.46262863,0.4988697,0.038501672
433,0,0,0.004364341497421265,0.95986855,0.022163954,0.01796755
433,0,0,0.007029429078102112,0.9495754,0.015371311,0.03505334
433,0,0,0.006195098161697388,0.9547492,0.02072212,0.02452878
433,0,0,0.003512248396873474,0.96163845,0.017949747,0.020411897
433,0,0,0.00524429976940155,0.95729417,0.014004677,0.028701276
433,0,0,0.0025745630264282227,0.9708147,0.009125479,0.02005996
433,0,0,0.00411611795425415,0.975335,0.00910088,0.015564232
433,0,0,0.004250168800354004,0.97006685,0.016586205,0.0133470725
433,0,0,0.006277799606323242,0.9522486,0.038803905,0.008947586
433,0,0,0.013764619827270508,0.7932057,0.1911593,0.01563507
433,0,0,0.02529430389404297,0.42872164,0.3921358,0.17914261
433,0,0,0.006033867597579956,0.9377877,0.039286323,0.022926
433,0,0,0.0050723254680633545,0.9495423,0.026355788,0.024101987
433,0,0,0.0040436238050460815,0.9489608,0.026916161,0.024123121
433,0,0,0.008386671543121338,0.9154973,0.025519673,0.058983095
433,0,0,0.0058762431144714355,0.94501495,0.019514913,0.035470307
433,0,0,0.005025461316108704,0.9569919,0.015049334,0.027958855
433,0,0,0.006581008434295654,0.9652762,0.017046178,0.017677799
433,0,0,0.005896627902984619,0.9699916,0.014036794,0.015971612
433,0,0,0.003620624542236328,0.9628721,0.024400773,0.012727154
433,0,0,0.012928664684295654,0.78914547,0.19745348,0.013401088
433,0,0,0.01283329725265503,0.8449592,0.029268371,0.12577257
433,0,0,0.015566468238830566,0.75643516,0.22022188,0.023342943
433,0,0,0.0072057247161865234,0.94194156,0.044851717,0.013206793
433,0,0,0.003352612257003784,0.94087136,0.031549696,0.027579065
433,0,0,0.008143439888954163,0.96374166,0.015274595,0.02098377
433,0,0,0.005583584308624268,0.9077298,0.01807013,0.074200116
433,0,0,0.00611916184425354,0.9053416,0.030626453,0.06403205
433,0,0,0.007005512714385986,0.9199468,0.026334854,0.053718396
433,0,0,0.005034089088439941,0.948078,0.024839886,0.027082201
433,0,0,0.004958420991897583,0.9661709,0.015037863,0.018791275
433,0,0,0.007922068238258362,0.9613014,0.02075446,0.017944261
433,0,0,0.010045051574707031,0.8344426,0.13739038,0.028167007
433,0,1,0.018001675605773926,0.14125752,0.71895987,0.13978279
433,0,1,0.011228471994400024,0.12078928,0.8502851,0.028925763
433,0,0,0.008985131978988647,0.93048745,0.057404794,0.01210789
433,0,0,0.0030562281608581543,0.97034836,0.016612554,0.013039162
433,0,0,0.0024196356534957886,0.97212315,0.015712671,0.01216429
433,0,0,0.007815778255462646,0.94141495,0.023239685,0.03534543
433,0,0,0.007618963718414307,0.93612283,0.025318343,0.038558893
433,0,0,0.00937911868095398,0.8938432,0.020998914,0.08515805
433,0,0,0.004345431923866272,0.95202786,0.018019313,0.029952822
433,0,0,0.004540488123893738,0.9675745,0.014083021,0.018342549
433,0,0,0.0033418387174606323,0.9716725,0.016589414,0.011738185
433,0,0,0.006427973508834839,0.9082127,0.08051196,0.011275365
439,0,0,0.004996195435523987,0.9727537,0.016505107,0.010741333
439,0,0,0.004868254065513611,0.95220506,0.038266435,0.00952864
439,0,0,0.008728265762329102,0.9153131,0.078551814,0.0061351256
439,0,0,0.003587886691093445,0.9715956,0.009969994,0.01843452
439,0,0,0.003640592098236084,0.97570485,0.012856612,0.011438654
439,0,0,0.0028707534074783325,0.9745274,0.012369614,0.013102986
439,0,0,0.00304548442363739,0.9795336,0.012671643,0.0077947318
439,0,0,0.002828836441040039,0.9736804,0.020218894,0.006100801
439,0,0,0.0034954771399497986,0.9772676,0.0108289495,0.011903555
439,0,0,0.005530983209609985,0.9753954,0.015083861,0.0095208455
439,0,0,0.002760760486125946,0.98143727,0.010317985,0.008244813
439,0,0,0.005401238799095154,0.97164464,0.015060216,0.013295145
439,0,0,0.002818390727043152,0.97530746,0.01618329,0.008509347
439,0,0,0.004210337996482849,0.9710667,0.015649218,0.013284157
439,0,0,0.002389676868915558,0.9814432,0.008868186,0.009688714
439,0,0,0.002423331141471863,0.9816747,0.009406757,0.008918527
439,0,0,0.0021190494298934937,0.9830048,0.0073980447,0.009597225
439,0,0,0.005189999938011169,0.9718224,0.008832133,0.019345539
439,0,0,0.002522692084312439,0.9743682,0.013629388,0.012002437
439,0,0,0.005075931549072266,0.9786514,0.014316648,0.0070319744
439,0,0,0.0030390769243240356,0.98111683,0.012634778,0.0062483996
439,0,0,0.003135770559310913,0.9734679,0.012408438,0.014123728
439,0,0,0.007590547204017639,0.9577,0.015024889,0.027275132
439,0,0,0.0026569291949272156,0.9785342,0.012009874,0.009455934
439,0,0,0.0027563199400901794,0.9804482,0.011013846,0.008538013
439,0,0,0.003541037440299988,0.98059607,0.012663199,0.0067407265
439,0,0,0.0036772340536117554,0.97687656,0.0092650885,0.013858438
439,0,0,0.0033721253275871277,0.9783331,0.0079360325,0.0137309665
439,0,0,0.002980649471282959,0.9788007,0.010302547,0.010896841
439,0,0,0.0031417161226272583,0.9715986,0.009987391,0.018414056
439,0,0,0.0027104541659355164,0.98047715,0.010943362,0.008579461
439,0,0,0.0037948787212371826,0.9797745,0.012212301,0.008013286
439,0,0,0.002038814127445221,0.98152214,0.008876613,0.009601286
439,0,0,0.002649471163749695,0.9766233,0.00970903,0.013667753
439,0,0,0.00286063551902771,0.98033804,0.009528058,0.010134085
439,0,0,0.003717176616191864,0.97912323,0.008189526,0.012687314
439,0,0,0.0031959637999534607,0.981805,0.009649423,0.008545568
439,0,0,0.004072010517120361,0.9812844,0.01006032,0.008655405
439,0,0,0.003984585404396057,0.9710035,0.011575829,0.01742081
439,0,0,0.004422977566719055,0.97758514,0.011893445,0.010521484
439,0,0,0.003702417016029358,0.97588784,0.008605187,0.015507006
439,0,0,0.003770485520362854,0.9672914,0.010639372,0.022069246
439,0,0,0.0026470422744750977,0.98104614,0.008579146,0.01037464
439,0,0,0.001856476068496704,0.9818146,0.0082428,0.009942615
439,0,0,0.005246467888355255,0.97731006,0.009725901,0.012964159
439,0,0,0.006109863519668579,0.97347045,0.009411477,0.01711819
439,0,0,0.0037854760885238647,0.9709042,0.010451688,0.018644297
439,0,0,0.0036988109350204468,0.97511023,0.010679853,0.014209931
439,0,0,0.005206286907196045,0.967598,0.012831569,0.01957046
439,0,0,0.006191179156303406,0.97215956,0.011401428,0.016439097
439,0,0,0.0030145645141601562,0.96610683,0.0089299865,0.024963317
439,0,0,0.004072785377502441,0.9554433,0.0096101165,0.03494677
439,0,0,0.005754426121711731,0.96261704,0.010516804,0.02686621
439,0,0,0.007685989141464233,0.9627906,0.009625613,0.027583862
439,0,0,0.0025018155574798584,0.9791171,0.008623647,0.01225935
439,0,0,0.0030432045459747314,0.97731453,0.008111255,0.014574154
439,0,0,0.006171822547912598,0.9595514,0.010362044,0.030086577
439,0,0,0.007085278630256653,0.9598753,0.016159348,0.023965515
439,0,0,0.004492774605751038,0.9472567,0.012541859,0.040201474
439,0,0,0.007695198059082031,0.94149125,0.01633448,0.042174388
439,0,0,0.001487933099269867,0.97721905,0.008381589,0.014399436
439,0,0,0.004432410001754761,0.97334707,0.009440643,0.017212376
439,0,0,0.005867272615432739,0.9513207,0.011010931,0.03766838
439,0,0,0.003840118646621704,0.9661346,0.007848146,0.026017321
439,0,0,0.002762123942375183,0.971413,0.009073693,0.019513382
439,0,0,0.005360022187232971,0.96791315,0.008878903,0.02320795
439,0,0,0.0028778165578842163,0.9596179,0.011410957,0.028971164
439,0,0,0.008164405822753906,0.87971324,0.029416738,0.09087012
439,0,0,0.006603151559829712,0.9157999,0.040677078,0.04352305
439,0,0,0.004048630595207214,0.96088374,0.009810619,0.029305713
439,0,0,0.0033392012119293213,0.9752312,0.009945617,0.014823209
439,0,0,0.00413157045841217,0.97503734,0.011079287,0.013883539
439,0,0,0.008635148406028748,0.9393792,0.011335353,0.049285512
439,0,0,0.003083854913711548,0.9723529,0.0073766285,0.020270616
439,0,0,0.0030993372201919556,0.9736203,0.0088701565,0.017509595
439,0,0,0.0047568678855896,0.97028065,0.009565815,0.020153565
439,0,0,0.004443734884262085,0.9655238,0.011840503,0.022635935
439,0,0,0.004622712731361389,0.96910834,0.013287026,0.017604742
439,0,0,0.00519852340221405,0.95869213,0.012790255,0.028517717
439,0,0,0.004567638039588928,0.9608715,0.011129787,0.027998758
439,0,0,0.0034017711877822876,0.9657957,0.009557645,0.024646806
439,0,0,0.0034077614545822144,0.9779577,0.011734368,0.010308056
439,0,0,0.0038879960775375366,0.97764784,0.010790044,0.011562275
439,0,0,0.0055002570152282715,0.97430855,0.009028438,0.016663026
439,0,0,0.0031617656350135803,0.97735023,0.0073466785,0.01530318
439,0,0,0.004225678741931915,0.9774697,0.009020347,0.013510007
439,0,0,0.00672951340675354,0.96854144,0.012137198,0.019321399
439,0,0,0.006257295608520508,0.9718458,0.013106798,0.015047374
439,0,0,0.0031496286392211914,0.97529674,0.011487394,0.013216054
439,0,0,0.002762153744697571,0.9791239,0.011761358,0.009114982
439,0,0,0.004262208938598633,0.9682869,0.011378108,0.020335188
439,0,0,0.008474811911582947,0.95391655,0.010153985,0.0359295
439,0,0,0.0030536949634552,0.97203916,0.01586402,0.012096844
439,0,0,0.0035890191793441772,0.9710811,0.011047429,0.017871585
439,0,0,0.002548918128013611,0.9777492,0.0066175684,0.015633317
439,0,0,0.003802381455898285,0.9771281,0.008834404,0.014037524
439,0,0,0.005646064877510071,0.9686933,0.009862931,0.021443779
439,0,0,0.0026081353425979614,0.9732409,0.0073295087,0.019429633
439,0,0,0.003629639744758606,0.97434896,0.00856872,0.017082386
439,0,0,0.002896934747695923,0.97349375,0.019547127,0.006959192
439,0,0,0.00489121675491333,0.9644035,0.027710173,0.007886369
439,0,0,0.003675118088722229,0.976991,0.012597222,0.010411809
439,0,0,0.0036915987730026245,0.97028714,0.016540727,0.01317224
439,0,0,0.0033113956451416016,0.97936517,0.012221901,0.008413046
439,0,0,0.0035491958260536194,0.97620434,0.009044609,0.014751106
439,0,0,0.0028900355100631714,0.97218233,0.008351847,0.019465858
439,0,0,0.003499336540699005,0.9793348,0.009437614,0.011227745
439,0,0,0.0027242153882980347,0.981318,0.008543324,0.010138691
439,0,0,0.004055574536323547,0.9701036,0.010622668,0.019273803
439,0,0,0.0036695972084999084,0.97866064,0.015268201,0.0060712467
439,0,0,0.0022285878658294678,0.9771126,0.017607193,0.005280282
439,0,0,0.003651760518550873,0.9792348,0.010939224,0.009825993
439,0,0,0.009496927261352539,0.79938346,0.18771099,0.01290562
439,0,0,0.010751992464065552,0.8851605,0.105247624,0.009591959
439,0,0,0.004073962569236755,0.96709245,0.014232859,0.018674795
439,0,0,0.007973641157150269,0.94000375,0.017121978,0.042874277
439,0,0,0.002737373113632202,0.9748263,0.013039697,0.012134101
439,0,0,0.0073538124561309814,0.91324806,0.030982371,0.05576967
439,0,0,0.00596773624420166,0.9224329,0.025410978,0.05215629
439,0,0,0.004623115062713623,0.93333423,0.0348724,0.03179341
439,0,0,0.0033058375120162964,0.96099156,0.027885053,0.011123489
439,0,0,0.003044426441192627,0.9763124,0.011225731,0.012461952
439,0,0,0.009731441736221313,0.8248052,0.16579957,0.0093953265
439,0,0,0.009364724159240723,0.6117609,0.36176753,0.02647155
439,0,0,0.008782505989074707,0.8457026,0.11319501,0.04110244
439,0,0,0.008199512958526611,0.83446014,0.14017257,0.025367418
439,0,0,0.007892072200775146,0.8369564,0.112922296,0.050121408
439,0,0,0.014755785465240479,0.66577166,0.16665347,0.16757497
439,0,0,0.013859331607818604,0.74732596,0.22756389,0.025110327
439,0,0,0.008033335208892822,0.876206,0.07480415,0.048989967
439,0,0,0.005774199962615967,0.8675062,0.122888245,0.009605586
439,0,0,0.007394477725028992,0.96016014,0.021858327,0.017981693
439,0,0,0.006118655204772949,0.9531267,0.029385146,0.017488174
439,0,0,0.0057266950607299805,0.939564,0.047944047,0.01249198
439,0,0,0.005689859390258789,0.93111366,0.055892475,0.012993935
439,0,0,0.005648165941238403,0.9312486,0.05320988,0.015541591
439,0,0,0.008733034133911133,0.8771795,0.10735217,0.015468352
439,0,0,0.015360236167907715,0.5092842,0.4574104,0.033305466
439,0,1,0.017333507537841797,0.3466224,0.6361199,0.017257823
439,0,1,0.011108160018920898,0.4557869,0.5321319,0.012081176
439,0,0,0.009056389331817627,0.5908205,0.4036969,0.005482611
439,0,0,0.003918290138244629,0.9644669,0.026809027,0.0087241335
439,0,0,0.007513999938964844,0.79032576,0.1915007,0.018173737
439,0,0,0.004801750183105469,0.82593143,0.1642771,0.009791527
37,0,1,0.012014269828796387,0.08159398,0.5501091,0.3682971
37,0,0,0.008057177066802979,0.8467757,0.0957229,0.05750148
37,0,0,0.007412612438201904,0.88403374,0.08055147,0.03541478
37,0,0,0.008318841457366943,0.81201696,0.14268963,0.045293443
37,0,0,0.011600375175476074,0.72994006,0.07808243,0.19197756
37,0,0,0.005974322557449341,0.9001563,0.033803046,0.06604077
37,0,2,0.010496199131011963,0.12293366,0.089709885,0.7873565
37,0,0,0.01072150468826294,0.8790861,0.10446582,0.016448162
37,0,0,0.009773313999176025,0.91270983,0.076014705,0.011275553
37,0,0,0.004315569996833801,0.95414007,0.0275516,0.018308347
37,0,0,0.006112262606620789,0.9508129,0.031943325,0.017243823
37,0,0,0.0035071074962615967,0.9536571,0.030108823,0.01623417
37,0,0,0.008844852447509766,0.91189855,0.077474736,0.010626833
37,0,0,0.010378897190093994,0.72570294,0.26511458,0.00918252
37,0,0,0.0055356621742248535,0.93738574,0.057544842,0.005069464
37,0,0,0.0028616487979888916,0.9486456,0.04400264,0.007351791
37,0,1,0.010333240032196045,0.4368125,0.44068807,0.12249957
37,0,0,0.009918451309204102,0.7965335,0.1508958,0.052570734
37,0,0,0.007947266101837158,0.70011693,0.26199606,0.037887022
37,0,0,0.009654879570007324,0.56371474,0.3199575,0.11632775
37,0,0,0.005074918270111084,0.9410032,0.04439974,0.014597077
37,0,0,0.005509018898010254,0.97269326,0.018115882,0.009190966
37,0,0,0.0024245232343673706,0.9809104,0.010910093,0.008179512
37,0,0,0.0037828534841537476,0.9729429,0.009137885,0.01791926
37,0,0,0.004217490553855896,0.96504974,0.008341292,0.02660908
37,0,0,0.0020592138171195984,0.97763586,0.013386993,0.008977177
37,0,0,0.0033933520317077637,0.97429574,0.017178193,0.008526186
37,0,0,0.005529940128326416,0.92341095,0.06982929,0.0067598303
37,0,0,0.009851813316345215,0.87867063,0.108509324,0.012820126
37,0,0,0.0059964656829833984,0.86761254,0.10620491,0.02618256
37,0,0,0.007525026798248291,0.80431044,0.17481051,0.020879135
37,0,0,0.011455029249191284,0.8645349,0.11403013,0.021435084
37,0,0,0.005039036273956299,0.93585813,0.051491383,0.012650531
37,0,0,0.0031946897506713867,0.963983,0.02535191,0.01066514
37,0,0,0.0032572150230407715,0.97709996,0.015061939,0.007838176
37,0,0,0.0039411187171936035,0.9756756,0.015924495,0.008400066
37,0,0,0.0017712041735649109,0.98047525,0.0098167155,0.009708114
37,0,0,0.003714725375175476,0.9750582,0.01220137,0.01274047
37,0,0,0.002250291407108307,0.9775051,0.007591092,0.014903907
37,0,0,0.003983885049819946,0.9677319,0.010266532,0.022001704
37,0,0,0.0031702369451522827,0.9754007,0.015594639,0.009004786
37,0,0,0.008466750383377075,0.9083506,0.0864929,0.005156575
37,0,0,0.013384222984313965,0.601597,0.3913746,0.0070284405
37,0,0,0.007779419422149658,0.61885613,0.3060197,0.07512427
37,0,0,0.013118922710418701,0.809843,0.16001268,0.030144464
37,0,0,0.008623570203781128,0.9378377,0.03469407,0.027468365
37,0,0,0.009548470377922058,0.9644302,0.028500417,0.0070695756
37,0,0,0.003154441714286804,0.9739137,0.019299023,0.0067873457
37,0,0,0.0034302622079849243,0.9757337,0.013559534,0.010706825
37,0,0,0.0019854679703712463,0.9778213,0.015035748,0.0071430965
37,0,0,0.002764686942100525,0.97909355,0.01175477,0.009151878
37,0,0,0.004931643605232239,0.9735907,0.013261726,0.013147629
37,0,0,0.0019384399056434631,0.9834866,0.011300943,0.00521249
37,0,0,0.003912791609764099,0.97330236,0.016902018,0.009795623
37,0,0,0.004735127091407776,0.9734475,0.012080434,0.014472126
37,0,0,0.011590898036956787,0.7802433,0.21499509,0.004761769
37,0,0,0.016275882720947266,0.5543869,0.43991897,0.005694215
37,0,0,0.010278105735778809,0.75719064,0.19890015,0.04390937
37,0,1,0.01017671823501587,0.28921703,0.68915564,0.021627454
37,0,0,0.010131776332855225,0.5870384,0.40003085,0.012930827
37,0,0,0.009004056453704834,0.91961545,0.07258808,0.007796516
37,0,0,0.006382569670677185,0.9604007,0.034184963,0.0054144487
37,0,0,0.003922291100025177,0.9761222,0.014956717,0.008921095
37,0,0,0.0032074227929115295,0.97659117,0.014981215,0.008427708
37,0,0,0.005043745040893555,0.9766356,0.016774708,0.0065898173
37,0,0,0.003213055431842804,0.97611195,0.017411169,0.006476892
37,0,0,0.005127027630805969,0.96655345,0.027582547,0.005864096
37,0,0,0.0036816447973251343,0.9672484,0.02681434,0.0059373635
37,0,0,0.003773309290409088,0.97683734,0.0150533095,0.008109436
37,0,0,0.00954669713973999,0.78303856,0.21183594,0.0051256153
37,0,0,0.0063986629247665405,0.950881,0.04447671,0.0046424377
37,0,0,0.015324115753173828,0.7187533,0.19713065,0.08411622
37,0,0,0.0168459415435791,0.69358146,0.25465193,0.051766697
37,0,0,0.0061390697956085205,0.9049805,0.07474765,0.020271964
37,0,0,0.0034061968326568604,0.94205445,0.016558893,0.04138675
37,0,0,0.006404206156730652,0.9555813,0.03944277,0.0049759606
37,0,0,0.004103168845176697,0.9775304,0.012174915,0.010294803
37,0,0,0.002766042947769165,0.98025167,0.014667478,0.005080901
37,0,0,0.0035591572523117065,0.9685656,0.026235178,0.005199373
37,0,0,0.007730990648269653,0.9387869,0.057122573,0.004090538
37,0,0,0.010065957903862,0.94041425,0.051716316,0.007869454
37,0,0,0.00584883987903595,0.9461211,0.047861814,0.006017225
37,0,0,0.014922797679901123,0.82650214,0.16785909,0.005638938
37,0,0,0.01707315444946289,0.6776707,0.31621805,0.0061113383
37,0,0,0.006683722138404846,0.9371252,0.058785047,0.004089822
37,0,0,0.003613516688346863,0.96246314,0.014344482,0.023192475
37,0,0,0.0032310187816619873,0.96625865,0.019950736,0.013790672
37,0,0,0.0032816529273986816,0.97605824,0.016500259,0.0074415556
37,0,0,0.002930089831352234,0.9784157,0.015192852,0.0063914843
37,0,0,0.003727957606315613,0.9699898,0.023804363,0.0062059322
37,0,0,0.0036036819219589233,0.9477858,0.048384238,0.003829993
37,0,0,0.006700977683067322,0.96307194,0.03066523,0.0062629385
37,0,0,0.007093608379364014,0.9330695,0.06142981,0.00550075
37,0,0,0.01338350772857666,0.7251295,0.26959136,0.0052792467
37,0,0,0.020004570484161377,0.72470504,0.2694508,0.0058442177
37,0,0,0.011195361614227295,0.5351786,0.46026075,0.0045606904
37,0,0,0.004676938056945801,0.92395115,0.013320648,0.062728226
37,0,0,0.0033967718482017517,0.9783233,0.01291044,0.008766315
37,0,0,0.0037418752908706665,0.95545036,0.04133684,0.0032127937
37,0,0,0.0038700252771377563,0.95792943,0.035614703,0.0064558876
37,0,0,0.003744348883628845,0.93816036,0.058499016,0.0033406492
37,0,0,0.0030407756567001343,0.974618,0.019843346,0.005538682
37,0,0,0.0034801065921783447,0.9729746,0.019894924,0.0071305865
37,0,0,0.0059165358543396,0.88582844,0.10873283,0.005438811
37,0,0,0.014118075370788574,0.65593183,0.33917633,0.0048919413
37,0,0,0.013106197118759155,0.8622665,0.1264642,0.01126942
37,0,0,0.004451662302017212,0.92747796,0.010113685,0.06240844
37,0,0,0.0024641305208206177,0.9752332,0.018720778,0.006046075
37,0,0,0.0074798911809921265,0.94560176,0.048269883,0.0061284383
37,0,0,0.011294454336166382,0.82446456,0.17102064,0.0045149205
37,0,0,0.006153136491775513,0.9399029,0.05583565,0.0042614387
37,0,0,0.0033180564641952515,0.97933924,0.013675928,0.006984851
37,0,0,0.0023933351039886475,0.9687092,0.019246086,0.012044817
37,0,0,0.008347839117050171,0.84844303,0.14162362,0.009933455
37,0,0,0.007077306509017944,0.818684,0.17619643,0.0051196846
37,0,0,0.013672411441802979,0.5147605,0.4802198,0.005019744
37,0,0,0.005234569311141968,0.940423,0.010848961,0.0487281
37,0,0,0.00688856840133667,0.8556486,0.016372439,0.12797908
37,0,0,0.006083667278289795,0.94208246,0.05240091,0.005516789
37,0,0,0.005091920495033264,0.94714504,0.046073634,0.0067813997
37,0,0,0.0062427520751953125,0.9171268,0.07612508,0.0067481813
37,0,0,0.006160452961921692,0.9416242,0.05128258,0.007093286
37,0,0,0.012163043022155762,0.8461155,0.09695559,0.05692895
37,0,0,0.01168280839920044,0.8269359,0.15153913,0.021525096
37,0,0,0.005718648433685303,0.8910878,0.09942198,0.00949036
37,0,0,0.005528926849365234,0.95755225,0.034565527,0.007882373
37,0,0,0.003679424524307251,0.96140003,0.034100484,0.004499521
37,0,0,0.006314754486083984,0.93823665,0.013404577,0.048358902
37,0,0,0.005072787404060364,0.9599928,0.00953223,0.030475004
37,0,0,0.005894675850868225,0.94903165,0.04063123,0.010337279
37,0,0,0.007724463939666748,0.84782314,0.14634837,0.0058285412
37,0,0,0.012237071990966797,0.72889566,0.19487058,0.076233804
37,0,0,0.003716766834259033,0.96707225,0.02745354,0.00547428
37,0,0,0.0063757747411727905,0.9640704,0.02594557,0.0099841235
37,0,0,0.006595313549041748,0.969919,0.013508893,0.016572125
37,0,0,0.002085566520690918,0.97304094,0.012851299,0.014107822
37,0,0,0.005612537264823914,0.9665157,0.022348372,0.01113602
37,0,0,0.004032939672470093,0.9399074,0.053815756,0.0062769037
37,0,0,0.009263157844543457,0.8495333,0.08496364,0.06550306
37,0,0,0.005646824836730957,0.9152093,0.031205283,0.053585544
37,0,0,0.0031334608793258667,0.9718312,0.020213779,0.007955124
37,0,0,0.007154881954193115,0.9227482,0.06445049,0.012801354
37,0,0,0.005557239055633545,0.9195114,0.06858866,0.011899957
37,0,0,0.003916382789611816,0.9494211,0.030509658,0.020069342
37,0,0,0.005099684000015259,0.9591708,0.03503503,0.005794169
37,0,0,0.006277546286582947,0.9694507,0.011806849,0.018742558
37,0,0,0.003332078456878662,0.96439475,0.022466654,0.0131387105
37,0,0,0.004161477088928223,0.9708729,0.01934964,0.009777549
37,0,0,0.00689367949962616,0.9502305,0.04502067,0.004748969
37,0,0,0.010888874530792236,0.72367996,0.2715425,0.004777594
37,0,0,0.03198587894439697,0.5219557,0.32973295,0.1483115
37,0,1,0.013812124729156494,0.37452558,0.4946507,0.13082391
37,0,0,0.013975858688354492,0.56536376,0.31881648,0.1158198
37,0,0,0.010778605937957764,0.70706373,0.2579293,0.035007127
37,0,0,0.012899219989776611,0.63528293,0.3521092,0.0126078455
37,0,0,0.00700533390045166,0.891914,0.09335147,0.014734606
37,0,0,0.00978153944015503,0.9274042,0.06485448,0.0077414294
37,0,0,0.009294986724853516,0.9103569,0.08246634,0.0071768044
37,0,0,0.004313379526138306,0.9658757,0.025163239,0.008961231
37,0,0,0.0075612664222717285,0.95092297,0.03934898,0.009728071
37,0,0,0.006082847714424133,0.9622149,0.02231442,0.015470846
37,0,0,0.005386143922805786,0.93025076,0.05501836,0.014730981
37,0,0,0.004080086946487427,0.94096667,0.045838516,0.013194915
37,0,0,0.005307897925376892,0.94770074,0.044937305,0.0073620104
37,0,0,0.015122950077056885,0.4511392,0.39992,0.14894088
37,0,0,0.014280438423156738,0.5306043,0.33798936,0.13140647
37,0,0,0.020793020725250244,0.56626594,0.3179256,0.11580853
37,0,0,0.01631098985671997,0.7625106,0.14743333,0.09005615
37,0,0,0.015079796314239502,0.7097881,0.19307153,0.09714048
37,0,0,0.016120076179504395,0.60377276,0.3189057,0.07732165
37,0,0,0.013004422187805176,0.63682264,0.32910287,0.03407445
37,0,0,0.018697023391723633,0.7534551,0.23021482,0.016330173
37,0,0,0.003059297800064087,0.9351831,0.05557989,0.009237077
37,0,0,0.009601384401321411,0.9288809,0.06650609,0.004613144
37,0,0,0.005011126399040222,0.94952613,0.041929763,0.008544097
37,0,0,0.007631033658981323,0.90430135,0.08323494,0.01246383
37,0,0,0.004405811429023743,0.9573349,0.032880835,0.009784331
37,0,0,0.004379197955131531,0.9484768,0.039481238,0.012042113
37,0,0,0.012218296527862549,0.7247359,0.17693363,0.09833045
37,0,0,0.016713619232177734,0.69885415,0.19852705,0.102618776
37,0,0,0.010477304458618164,0.8181955,0.13925017,0.042554427
37,0,0,0.007015645503997803,0.5103693,0.45740438,0.032226417
37,0,0,0.010224342346191406,0.6167265,0.3597838,0.023489779
37,0,0,0.01055896282196045,0.626448,0.34284416,0.03070792
438,0,0,0.004598155617713928,0.9681911,0.02146649,0.010342619
438,0,0,0.0044118911027908325,0.9695842,0.016527079,0.013888749
438,0,0,0.00390961766242981,0.962097,0.026587844,0.011315231
438,0,0,0.003999769687652588,0.96495503,0.015501173,0.01954386
438,0,0,0.0030222535133361816,0.9710613,0.013571287,0.0153675005
438,0,0,0.0026498138904571533,0.97441876,0.014490998,0.011090308
438,0,0,0.010692894458770752,0.85962045,0.13477202,0.0056075687
438,0,0,0.0024091601371765137,0.9752281,0.018543804,0.0062281694
438,0,0,0.00406782329082489,0.97449946,0.011678141,0.013822496
438,0,0,0.0029551833868026733,0.97705257,0.012481173,0.010466421
438,0,0,0.0032139718532562256,0.9773243,0.0102491,0.012426599
438,0,0,0.004144132137298584,0.95506585,0.037504748,0.0074294973
438,0,0,0.003745824098587036,0.9725658,0.016975818,0.010458388
438,0,0,0.004316851496696472,0.9699212,0.024924368,0.005154495
438,0,0,0.0011441558599472046,0.98479545,0.009246256,0.005958382
438,0,0,0.004791676998138428,0.945921,0.04841714,0.0056619123
438,0,0,0.002437487244606018,0.97511905,0.018909393,0.005971631
438,0,0,0.007271185517311096,0.9555798,0.039162673,0.005257552
438,0,0,0.003166481852531433,0.97258705,0.017876972,0.00953603
438,0,0,0.0021857023239135742,0.979874,0.010873706,0.009252281
438,0,0,0.0027200281620025635,0.9758371,0.012780751,0.0113822315
438,0,0,0.0028984248638153076,0.9743615,0.013449306,0.012189355
438,0,0,0.003018513321876526,0.9748375,0.01313529,0.012027267
438,0,0,0.014329850673675537,0.64996415,0.34473056,0.00530532
438,0,0,0.008669525384902954,0.93157494,0.064452454,0.003972666
438,0,0,0.00929182767868042,0.82709455,0.16694438,0.005961062
438,0,0,0.0036469697952270508,0.97167265,0.01895468,0.009372716
438,0,0,0.005274727940559387,0.95503604,0.038935278,0.0060287756
438,0,0,0.004054263234138489,0.9595338,0.035191588,0.0052746045
438,0,0,0.003672957420349121,0.97516555,0.008945645,0.015888898
438,0,0,0.0037230849266052246,0.9703167,0.00872062,0.020962778
438,0,0,0.003832012414932251,0.9728623,0.009008463,0.018129354
438,0,0,0.0021178722381591797,0.9835499,0.007124153,0.009326061
438,0,0,0.0026016980409622192,0.97254294,0.008647117,0.018809967
438,0,0,0.0104597806930542,0.7483182,0.24700777,0.0046740547
438,0,0,0.0023169219493865967,0.97799605,0.009091975,0.012912003
438,0,0,0.005252748727798462,0.97136575,0.0113353,0.01729905
438,0,0,0.005055561661720276,0.95243293,0.03354657,0.014020519
438,0,0,0.006084859371185303,0.9642159,0.012725163,0.0230591
438,0,0,0.004097089171409607,0.966926,0.02477185,0.008302242
438,0,0,0.002771317958831787,0.97691643,0.01106756,0.012016055
438,0,0,0.002028517425060272,0.9776305,0.008017826,0.0143518085
438,0,0,0.0025081858038902283,0.98103285,0.00873799,0.010229301
438,0,0,0.005225285887718201,0.97939754,0.010730009,0.009872517
438,0,0,0.005515873432159424,0.96159613,0.010021834,0.028382152
438,0,0,0.007981687784194946,0.8749544,0.119666144,0.0053795753
438,0,0,0.004352495074272156,0.9775819,0.008677887,0.013740274
438,0,0,0.004244282841682434,0.9697466,0.010469016,0.019784484
438,0,0,0.004179790616035461,0.9718707,0.009052202,0.019077176
438,0,0,0.0046415627002716064,0.9629781,0.008922644,0.028099379
438,0,0,0.009803473949432373,0.91785985,0.063909575,0.018230665
438,0,0,0.002111271023750305,0.9753603,0.008696145,0.01594364
438,0,0,0.0034728646278381348,0.9733259,0.010409174,0.016264988
438,0,0,0.0032101422548294067,0.97076553,0.009725053,0.01950947
438,0,0,0.0028355419635772705,0.97858465,0.009957651,0.011457843
438,0,0,0.003507964313030243,0.9807256,0.011658211,0.007616291
438,0,0,0.003180071711540222,0.9769079,0.014002313,0.00908985
438,0,0,0.0031335800886154175,0.97027856,0.012320802,0.017400777
438,0,0,0.0029777437448501587,0.96930707,0.013061902,0.017631162
438,0,0,0.006674826145172119,0.9343538,0.051258527,0.014387733
438,0,0,0.004566192626953125,0.9623839,0.031964615,0.005651533
438,0,0,0.008570373058319092,0.8384152,0.15397623,0.0076086214
438,0,0,0.0031771212816238403,0.97886574,0.009425786,0.01170859
438,0,0,0.004051178693771362,0.96709186,0.022420796,0.010487418
438,0,0,0.002964913845062256,0.97496855,0.017456466,0.0075750416
438,0,0,0.0033577829599380493,0.97556734,0.01958306,0.0048495363
438,0,0,0.0018817409873008728,0.9847914,0.009541161,0.0056674927
438,0,0,0.00703740119934082,0.8925949,0.10049249,0.0069127236
438,0,0,0.00630989670753479,0.914722,0.07783656,0.0074414634
438,0,0,0.007150083780288696,0.9254626,0.059197966,0.015339664
438,0,0,0.004855751991271973,0.9721108,0.013639133,0.014250155
438,0,0,0.004730060696601868,0.96302634,0.029687455,0.007286361
438,0,0,0.006449863314628601,0.9417314,0.052359313,0.005909457
438,0,0,0.0023681670427322388,0.9780504,0.009666314,0.012283364
438,0,0,0.007536828517913818,0.87601906,0.11621454,0.0077664456
438,0,0,0.0037355124950408936,0.9625731,0.028195646,0.009231305
438,0,0,0.003946825861930847,0.96920186,0.026195241,0.0046029883
438,0,0,0.004390202462673187,0.97725475,0.011065375,0.0116799455
438,0,0,0.0054128170013427734,0.9193057,0.07562113,0.00507336
438,0,0,0.011434316635131836,0.6536902,0.34164745,0.004662339
438,0,0,0.0069124698638916016,0.78126884,0.20939505,0.009336238
438,0,0,0.004138201475143433,0.9587618,0.010865999,0.030372255
438,0,0,0.004460394382476807,0.95087045,0.043697346,0.005432256
438,0,0,0.007314562797546387,0.79424095,0.20194608,0.0038131333
438,0,0,0.007326334714889526,0.9087807,0.08589813,0.0053212335
438,0,0,0.003834664821624756,0.9653171,0.013996479,0.020686401
438,0,0,0.0034106075763702393,0.97052324,0.010976721,0.018500073
438,0,0,0.004965886473655701,0.9626269,0.014251358,0.023121841
438,0,0,0.005052492022514343,0.9627124,0.0107295485,0.02655818
438,0,0,0.004736736416816711,0.9483368,0.046875168,0.0047881585
438,0,0,0.010780632495880127,0.76796746,0.2234489,0.00858381
438,0,0,0.009617030620574951,0.79330313,0.20042372,0.006273235
438,0,0,0.007909506559371948,0.94352806,0.01103762,0.045434475
438,0,0,0.009270191192626953,0.8183229,0.17650953,0.005167602
438,0,0,0.008564233779907227,0.55955714,0.43622676,0.004216178
438,0,0,0.004272431135177612,0.974064,0.01454811,0.011387969
438,0,0,0.022211909294128418,0.5489969,0.44449586,0.006507291
438,0,0,0.002967655658721924,0.968753,0.02667278,0.004574309
438,0,0,0.009188741445541382,0.9598362,0.025987366,0.014176573
438,0,0,0.002086326479911804,0.9780844,0.010684646,0.011230994
438,0,0,0.008331269025802612,0.90272343,0.08676682,0.010509846
438,0,0,0.0038141459226608276,0.9528731,0.038634527,0.008492375
438,0,0,0.002915903925895691,0.97118795,0.008338385,0.020473719
438,0,0,0.006545722484588623,0.9241397,0.06745669,0.008403648
438,0,1,0.010776996612548828,0.40438157,0.58853394,0.007084535
438,0,0,0.011277973651885986,0.8939974,0.10012309,0.0058796047
438,0,0,0.004272207617759705,0.9666113,0.026494734,0.0068939775
438,0,0,0.004886418581008911,0.9726103,0.013948017,0.013441765
438,0,0,0.004431784152984619,0.9594136,0.020717649,0.019868834
438,0,0,0.00334322452545166,0.9722613,0.013397689,0.014341144
438,0,0,0.009392082691192627,0.9149767,0.06566586,0.019357467
438,0,0,0.0063049644231796265,0.94242334,0.04399553,0.013581251
438,0,0,0.005217835307121277,0.9524379,0.028329404,0.01923283
438,0,0,0.005127310752868652,0.92843914,0.05796677,0.013594222
438,0,0,0.0020809993147850037,0.98227555,0.0075027575,0.010221724
438,0,0,0.003615826368331909,0.9681015,0.024229283,0.0076694298
438,0,0,0.005580395460128784,0.899267,0.09472049,0.006012601
438,0,0,0.006660521030426025,0.9133626,0.08084392,0.0057935035
438,0,0,0.00532078742980957,0.9292389,0.06512788,0.0056332913
438,0,0,0.005118891596794128,0.96191686,0.02621545,0.011867838
438,0,0,0.0054437220096588135,0.9467797,0.042628612,0.010591765
438,0,0,0.005979567766189575,0.9432235,0.032516815,0.024259804
438,0,0,0.00863659381866455,0.9035568,0.08251664,0.01392671
438,0,0,0.006611853837966919,0.9432225,0.037506796,0.01927078
438,0,0,0.003998696804046631,0.95113754,0.037970036,0.010892462
438,0,0,0.005998164415359497,0.9486321,0.040717695,0.010650275
438,0,0,0.006751611828804016,0.9382795,0.055859666,0.0058608614
438,0,0,0.005560249090194702,0.9563477,0.036271565,0.007380822
438,0,0,0.009238064289093018,0.8452113,0.14798237,0.0068063154
438,0,0,0.01102524995803833,0.886619,0.109517224,0.003863857
438,0,0,0.005616918206214905,0.95799595,0.026371261,0.015632855
438,0,0,0.006574779748916626,0.9311623,0.059990786,0.008846957
438,0,0,0.007629364728927612,0.9085855,0.08227119,0.009143416
438,0,0,0.005772620439529419,0.9533866,0.03406679,0.01254671
438,0,0,0.006329789757728577,0.96132314,0.0104849385,0.02819208
438,0,0,0.00398409366607666,0.9615234,0.009326212,0.02915047
438,0,0,0.0015384480357170105,0.97918695,0.008415678,0.012397456
438,0,0,0.007801264524459839,0.9224223,0.07288145,0.0046963505
438,0,0,0.005225136876106262,0.9516551,0.04275177,0.005593204
438,0,0,0.00982239842414856,0.8550817,0.13779557,0.0071227676
438,0,0,0.004602834582328796,0.96224284,0.029931927,0.007825359
438,0,0,0.011904299259185791,0.65770394,0.31847754,0.023818549
438,0,0,0.00523725152015686,0.9043801,0.08526,0.010359958
438,0,0,0.0020910948514938354,0.9667319,0.022880645,0.010387541
438,0,0,0.006558120250701904,0.9104975,0.015602411,0.07390009
438,0,0,0.006604999303817749,0.93802255,0.053136878,0.008840619
438,0,0,0.005885079503059387,0.94638467,0.017503176,0.036112174
438,0,0,0.006795257329940796,0.9284481,0.05738308,0.014168975
438,0,0,0.003059476613998413,0.93867636,0.057410095,0.0039137243
438,0,0,0.007650166749954224,0.9000651,0.09473056,0.0052042915
438,0,0,0.012974679470062256,0.5717403,0.4201826,0.008077178
438,0,0,0.0069723427295684814,0.9532709,0.029677993,0.017051201
438,0,0,0.011351466178894043,0.82383853,0.16220365,0.013957931
438,0,0,0.004514932632446289,0.9507575,0.018873557,0.030369025
438,0,0,0.00974610447883606,0.9110426,0.051952813,0.037004642
438,0,0,0.014040946960449219,0.77580065,0.1583443,0.06585512
438,0,0,0.012322336435317993,0.8643915,0.098090634,0.037517983
438,0,0,0.007914245128631592,0.919029,0.07409216,0.006878853
438,0,0,0.006629437208175659,0.90688044,0.08870512,0.0044144816
438,0,0,0.00573304295539856,0.8890641,0.09962386,0.011312157
304,1,1,0.0015854761004447937,0.005458458,0.98574966,0.0087918965
304,1,1,0.0032068416476249695,0.006828795,0.98055804,0.012613245
304,1,1,0.004347175359725952,0.00906753,0.9784341,0.012498468
304,1,1,0.004230141639709473,0.008758768,0.9811804,0.010060871
304,1,1,0.0027387812733650208,0.0052684764,0.9834829,0.0112486435
304,1,1,0.0028396472334861755,0.0081970785,0.9832805,0.008522499
304,1,1,0.003968365490436554,0.010521198,0.98023725,0.0092416415
304,1,1,0.002476029098033905,0.009006848,0.9820291,0.0089641465
304,1,1,0.003725022077560425,0.0073083597,0.98200446,0.010687239
304,1,1,0.004064254462718964,0.00722991,0.98198897,0.010781203
304,1,1,0.0025781989097595215,0.008195355,0.98276556,0.009039108
304,1,1,0.0032619908452033997,0.0068637324,0.984791,0.00834533
304,1,1,0.003886871039867401,0.0063502607,0.983583,0.010066797
304,1,1,0.0025635287165641785,0.0080985315,0.98461187,0.0072896695
304,1,1,0.003450550138950348,0.010543401,0.97840834,0.011048271
304,1,1,0.004018671810626984,0.008017054,0.9845937,0.0073893443
304,1,1,0.0032398104667663574,0.007030509,0.98405826,0.008911271
304,1,1,0.002505667507648468,0.006410561,0.98303276,0.010556651
304,1,1,0.0027286484837532043,0.015513314,0.97838295,0.00610388
304,1,1,0.00399269163608551,0.01995497,0.97143275,0.00861235
304,1,1,0.006835579872131348,0.0489088,0.926907,0.0241843
304,1,1,0.02322310209274292,0.121790774,0.6906411,0.18756814
452,1,1,0.0062438249588012695,0.0069915615,0.9608553,0.03215324
452,1,1,0.009037017822265625,0.005733643,0.9731417,0.021124773
452,1,1,0.0034816786646842957,0.0066940417,0.9806722,0.012633827
452,1,1,0.003484182059764862,0.007264848,0.97893155,0.013803645
452,1,1,0.001709073781967163,0.0063627968,0.9856634,0.007973889
452,1,1,0.0036068931221961975,0.010410399,0.98102045,0.008569129
452,1,1,0.004202812910079956,0.0123626385,0.9795978,0.0080396095
452,1,1,0.006578117609024048,0.013651163,0.9755298,0.010819065
452,1,1,0.00896918773651123,0.010161565,0.80228007,0.18755853
452,1,1,0.004736363887786865,0.010915854,0.97829765,0.010786572
452,1,1,0.005116455256938934,0.01226732,0.9803176,0.0074151633
452,1,1,0.009510695934295654,0.04311227,0.64331657,0.3135712
452,1,1,0.003901928663253784,0.008429273,0.9757292,0.01584154
452,1,1,0.0014857053756713867,0.0057270112,0.986417,0.007856084
452,1,1,0.005277737975120544,0.012828314,0.9703415,0.01683032
452,1,1,0.007063701748847961,0.005113799,0.9448477,0.05003859
140,1,0,0.02009439468383789,0.73139155,0.16802199,0.10058657
140,1,0,0.023144543170928955,0.43486142,0.40711802,0.15802065
140,1,1,0.021610617637634277,0.39276335,0.41861236,0.18862434
140,1,0,0.01938098669052124,0.65012276,0.24018171,0.10969562
140,1,0,0.014304518699645996,0.6313157,0.22456366,0.1441207
140,1,2,0.013238072395324707,0.2162892,0.20545553,0.57825536
140,1,0,0.022525668144226074,0.65398157,0.27725944,0.06875911
140,1,0,0.020006656646728516,0.6691012,0.24044831,0.090450555
140,1,0,0.0192490816116333,0.63425225,0.26764178,0.098105974
140,1,0,0.016377687454223633,0.47496653,0.3208379,0.20419568
140,1,0,0.012396693229675293,0.41493624,0.3507954,0.23426853
15,1,1,0.0030367225408554077,0.009304948,0.9781605,0.0125346845
15,1,1,0.00782284140586853,0.00843287,0.9755792,0.015987957
15,1,1,0.0032734349370002747,0.006220568,0.9761628,0.017616741
15,1,1,0.009347066283226013,0.0085642515,0.97373986,0.017695922
15,1,1,0.005685150623321533,0.014647286,0.9749945,0.010358337
15,1,1,0.005528643727302551,0.01177938,0.9714878,0.016732918
15,1,1,0.0030198246240615845,0.004767331,0.9816155,0.013617214
15,1,1,0.003814488649368286,0.0051499475,0.9754671,0.019382995
15,1,1,0.00694681704044342,0.0060472195,0.9601151,0.033837814
15,1,1,0.007649913430213928,0.005985492,0.95953786,0.034476742
15,1,1,0.004160076379776001,0.0056548407,0.97949004,0.014855185
15,1,1,0.0041301921010017395,0.007859658,0.97747606,0.0146644
15,1,1,0.002941019833087921,0.0059372075,0.9808719,0.013190971
15,1,1,0.002841383218765259,0.0055823303,0.98362637,0.01079132
15,1,1,0.0030861273407936096,0.00687599,0.979153,0.013971081
15,1,1,0.0032340511679649353,0.006601762,0.9776909,0.015707389
15,1,1,0.005403757095336914,0.0073966444,0.96959347,0.023009934
15,1,1,0.003433898091316223,0.0069076694,0.9802057,0.012886748
15,1,1,0.003109753131866455,0.0062558944,0.98383236,0.0099117905
15,1,1,0.004781872034072876,0.007935725,0.9805456,0.011518714
15,1,1,0.0021035075187683105,0.005633009,0.982338,0.012029022
15,1,1,0.0027670934796333313,0.0048810598,0.97741157,0.017707394
15,1,1,0.003048330545425415,0.0058658184,0.98196447,0.012169854
15,1,1,0.0016260743141174316,0.005216262,0.98576343,0.009020334
15,1,1,0.0070779770612716675,0.008163673,0.97127414,0.020562261
15,1,1,0.004257723689079285,0.007150287,0.97457397,0.018275848
15,1,1,0.0025612637400627136,0.0074715614,0.98264205,0.00988647
15,1,1,0.002575017511844635,0.006045729,0.9816909,0.012263431
15,1,1,0.0027702823281288147,0.0051817503,0.9845075,0.010310908
15,1,1,0.0065160468220710754,0.0072095636,0.9762076,0.016582843
15,1,1,0.006573237478733063,0.007138231,0.9779197,0.014942168
15,1,1,0.0028338581323623657,0.004823407,0.98299026,0.01218638
15,1,1,0.005756855010986328,0.008322774,0.96983993,0.021837402
15,1,1,0.0030986443161964417,0.0039536506,0.9791649,0.016881583
15,1,1,0.0029511526226997375,0.005762164,0.98318684,0.011050975
15,1,1,0.003958456218242645,0.00716319,0.97985613,0.012980719
15,1,1,0.00512520968914032,0.006890119,0.9795304,0.0135796
15,1,1,0.004102922976016998,0.0065560616,0.98154783,0.011896213
314,1,1,0.002237461507320404,0.0077593983,0.9825739,0.0096666375
314,1,1,0.0033588558435440063,0.0104523115,0.97342974,0.016118085
314,1,1,0.002598114311695099,0.008669063,0.9779025,0.013428542
314,1,1,0.006474196910858154,0.016008865,0.90754145,0.07644978
314,1,1,0.00903242826461792,0.017556539,0.95536375,0.027079701
314,1,1,0.004589259624481201,0.007334375,0.9633478,0.029317936
314,1,1,0.003143802285194397,0.00996651,0.96772224,0.02231133
314,1,1,0.0030611902475357056,0.006167096,0.9649754,0.028857589
314,1,1,0.011293768882751465,0.0075455746,0.893572,0.09888257
334,1,1,0.004780024290084839,0.007443192,0.96696186,0.025595
334,1,1,0.007628202438354492,0.0064381375,0.91394156,0.07962034
334,1,1,0.0031531453132629395,0.006304975,0.9746489,0.019046132
334,1,1,0.0048333704471588135,0.0065411357,0.97516817,0.018290896
334,1,1,0.004605278372764587,0.0079751965,0.96333444,0.02869048
334,1,1,0.0047003477811813354,0.008675114,0.97683275,0.014492194
334,1,1,0.001521669328212738,0.0070643118,0.9826201,0.010315658
334,1,1,0.002966746687889099,0.0123875225,0.97496784,0.012644765
334,1,1,0.005049765110015869,0.011595983,0.97170216,0.016701838
334,1,1,0.003283977508544922,0.007177249,0.96450496,0.028317932
334,1,1,0.002002313733100891,0.008642475,0.9792664,0.012091176
334,1,1,0.002867363393306732,0.009711539,0.9795197,0.010768836
334,1,1,0.004654198884963989,0.011982503,0.9715397,0.0164779
334,1,1,0.004071459174156189,0.007760275,0.97789615,0.01434366
334,1,1,0.00311318039894104,0.0065463404,0.9742629,0.019190766
334,1,1,0.00417935848236084,0.0066089374,0.9545346,0.038856555
334,1,1,0.0035848617553710938,0.010854741,0.97464514,0.014500177
84,2,1,0.011375069618225098,0.0057786927,0.5283447,0.46587673
84,2,1,0.011039912700653076,0.021108607,0.5506409,0.42825055
84,2,1,0.007508575916290283,0.008972662,0.81447154,0.17655584
84,2,2,0.014046728610992432,0.007187787,0.36831442,0.6244979
84,2,1,0.009122848510742188,0.044830676,0.7544086,0.2007608
84,2,2,0.00467759370803833,0.014868961,0.030698325,0.95443285
84,2,2,0.005788207054138184,0.039033707,0.081715465,0.8792509
84,2,2,0.005095928907394409,0.029160028,0.07073378,0.9001063
271,2,1,0.01705002784729004,0.15357834,0.4320001,0.4144216
271,2,0,0.013128936290740967,0.7701774,0.12836124,0.10146145
271,2,0,0.01626068353652954,0.74178773,0.22490261,0.033309698
271,2,0,0.016480684280395508,0.64187074,0.32568318,0.032446124
332,2,2,0.016366779804229736,0.4520326,0.08197739,0.46599007
332,2,0,0.018452882766723633,0.5614878,0.061372045,0.3771402
332,2,2,0.018744707107543945,0.17180985,0.27065086,0.5575392
332,2,2,0.01308208703994751,0.21286549,0.13080703,0.6563276
332,2,2,0.020548343658447266,0.4219175,0.058692843,0.51938975
332,2,2,0.01135188341140747,0.40501228,0.04938687,0.545601
332,2,2,0.015277862548828125,0.20775037,0.043013975,0.74923563
332,2,2,0.012951433658599854,0.110631,0.113602884,0.77576613
332,2,1,0.005105212330818176,0.00928519,0.9633194,0.027395518
332,2,1,0.013705134391784668,0.06558271,0.7885815,0.14583586
332,2,2,0.01188129186630249,0.14802162,0.2664992,0.5854792
332,2,2,0.019115984439849854,0.38784048,0.15290041,0.45925924
332,2,2,0.02255338430404663,0.2985872,0.11407908,0.58733374
332,2,2,0.00751262903213501,0.1625983,0.08292032,0.7544815
332,2,1,0.010986238718032837,0.047052126,0.89577335,0.057174604
332,2,1,0.006638973951339722,0.025832381,0.94201505,0.032152582
332,2,1,0.01942288875579834,0.114096925,0.7912328,0.094670236
332,2,1,0.01704239845275879,0.043053344,0.9080529,0.04889392
206,2,2,0.004596158862113953,0.023527304,0.028328745,0.9481441
206,2,2,0.0029553622007369995,0.01600937,0.022534177,0.9614566
206,2,2,0.006310492753982544,0.089603096,0.049120598,0.8612763
206,2,2,0.003546208143234253,0.009067258,0.033071313,0.95786154
206,2,2,0.009426772594451904,0.0337724,0.12638529,0.83984244
206,2,2,0.004577279090881348,0.028531324,0.113037154,0.8584316
206,2,2,0.00816267728805542,0.049127776,0.10703398,0.8438384
206,2,2,0.009308993816375732,0.18622285,0.07920814,0.7345691
206,2,2,0.00872907042503357,0.118709736,0.017228939,0.8640615
206,2,2,0.013691067695617676,0.20830685,0.105311714,0.68638164
206,2,2,0.0066841840744018555,0.13831843,0.037771046,0.8239106
206,2,2,0.00839051604270935,0.042663176,0.0128149735,0.944522
206,2,2,0.004501223564147949,0.034728117,0.017410371,0.9478616
206,2,2,0.009185969829559326,0.21487454,0.07141336,0.7137122
206,2,2,0.013411223888397217,0.2653347,0.040732514,0.6939328
206,2,2,0.006788104772567749,0.02963969,0.044259906,0.92610055
206,2,2,0.00457918643951416,0.018118525,0.027488064,0.9543935
206,2,2,0.0032405704259872437,0.009623539,0.025607713,0.96476895
206,2,2,0.002604931592941284,0.013586672,0.012312703,0.97410065
206,2,2,0.01278775930404663,0.120569944,0.35103515,0.528395
206,2,2,0.011183977127075195,0.09266045,0.23804253,0.6692971
206,2,2,0.006563812494277954,0.11007033,0.030819746,0.85911006
233,2,1,0.013528048992156982,0.050233442,0.6218841,0.32788253
233,2,2,0.010534286499023438,0.06566751,0.2754916,0.6588409
233,2,2,0.00701063871383667,0.04806288,0.32642338,0.62551385
233,2,2,0.008400440216064453,0.06474045,0.30015883,0.6351007
233,2,1,0.008638560771942139,0.017316373,0.70220834,0.28047532
233,2,2,0.005819350481033325,0.013115663,0.05817253,0.92871195
233,2,2,0.009180843830108643,0.023447126,0.26756358,0.7089893
233,2,2,0.011507093906402588,0.052117504,0.18344016,0.7644424
233,2,2,0.008602917194366455,0.05098893,0.11082191,0.83818924
233,2,2,0.005242854356765747,0.028733112,0.057571504,0.9136955
233,2,2,0.0031085312366485596,0.020166619,0.019405065,0.9604284
233,2,2,0.003720581531524658,0.017439535,0.02149529,0.96106535
233,2,2,0.008661866188049316,0.021696458,0.17528068,0.8030229
233,2,1,0.013304531574249268,0.038519915,0.5945234,0.36695677
233,2,1,0.013031840324401855,0.04375682,0.6446896,0.31155363
233,2,2,0.006823837757110596,0.050362427,0.031717535,0.9179202
233,2,2,0.004557102918624878,0.02505614,0.037804272,0.9371397
233,2,2,0.004889354109764099,0.015940957,0.018438933,0.9656202
233,2,2,0.005831718444824219,0.012203447,0.016064841,0.9717317
233,2,2,0.0045861899852752686,0.008804353,0.0749139,0.91628176
233,2,1,0.007352054119110107,0.050571464,0.720964,0.2284647
233,2,1,0.007677018642425537,0.0407658,0.8019353,0.15729906
233,2,2,0.015136659145355225,0.20580599,0.1616835,0.6325106
233,2,0,0.02029895782470703,0.46890134,0.23471048,0.29638824
233,2,1,0.013477921485900879,0.20884362,0.44451833,0.34663808
233,2,2,0.0038317739963531494,0.01618171,0.017968656,0.9658498
233,2,2,0.002704605460166931,0.0123473685,0.0152403135,0.97241235
233,2,2,0.006423383951187134,0.03075595,0.07757288,0.8916712
233,2,1,0.01385653018951416,0.08199631,0.48003852,0.4379652
233,2,1,0.009921729564666748,0.1044582,0.506766,0.38877583
233,2,1,0.015877604484558105,0.13727355,0.56067747,0.30204895
233,2,2,0.01611030101776123,0.3681145,0.16591623,0.46596938
233,2,2,0.008704721927642822,0.12301028,0.12717387,0.749816
233,2,0,0.02027273178100586,0.3976327,0.3280576,0.27430975
233,2,1,0.011754155158996582,0.12883116,0.6028946,0.26827422
233,2,2,0.0034281164407730103,0.015486463,0.014281358,0.97023225
233,2,2,0.004294335842132568,0.016241178,0.018150484,0.9656084
233,2,2,0.0041730403900146484,0.03401279,0.06218252,0.9038048
233,2,1,0.013759195804595947,0.027239285,0.62811375,0.34464705
233,2,2,0.006901800632476807,0.015574945,0.24133316,0.743092
233,2,1,0.01125025749206543,0.046464473,0.52810806,0.42542753
233,2,2,0.015002608299255371,0.06458754,0.3852549,0.5501577
233,2,1,0.024733781814575195,0.26156366,0.4226979,0.3157385
233,2,1,0.014252185821533203,0.05267198,0.77883255,0.16849561
233,2,0,0.016524910926818848,0.3937811,0.3226019,0.283617
233,2,2,0.004660710692405701,0.023829108,0.021449864,0.95472103
233,2,2,0.004320859909057617,0.025716398,0.013414405,0.96086925
233,2,2,0.0038295239210128784,0.013184462,0.016034245,0.9707813
233,2,2,0.002810448408126831,0.009722697,0.011983262,0.97829413
233,2,2,0.0031243711709976196,0.014033053,0.01678884,0.9691782
233,2,2,0.0051038265228271484,0.036260452,0.043578845,0.9201607
233,2,2,0.007614552974700928,0.026819216,0.12347183,0.849709
233,2,2,0.009138107299804688,0.08555044,0.093877375,0.8205722
233,2,2,0.0104905366897583,0.03462501,0.47646818,0.48890692
233,2,1,0.009328305721282959,0.030682614,0.5446193,0.42469808
233,2,2,0.010750949382781982,0.007635961,0.15314072,0.83922344
233,2,2,0.01164942979812622,0.021593222,0.37969628,0.59871054
233,2,2,0.007342994213104248,0.033981416,0.13505302,0.8309656
233,2,2,0.004240080714225769,0.016922396,0.03847494,0.94460267
233,2,2,0.0031653940677642822,0.0104243485,0.027514573,0.9620612
233,2,1,0.016197800636291504,0.059655823,0.66320294,0.2771412
233,2,2,0.006771713495254517,0.011537695,0.14075245,0.8477099
233,2,2,0.007707417011260986,0.028912269,0.32660353,0.6444843
233,2,2,0.010596990585327148,0.030977024,0.43031567,0.5387073
233,2,1,0.014060795307159424,0.032145362,0.5333723,0.43448237
233,2,2,0.012928664684295654,0.060580395,0.31844026,0.6209794
233,2,2,0.007849693298339844,0.07232567,0.30067554,0.6269988
202,2,1,0.008511602878570557,0.013991035,0.7051213,0.28088775
202,2,2,0.004944369196891785,0.013697805,0.034332916,0.9519694
202,2,2,0.007119506597518921,0.018711451,0.05949692,0.9217916
202,2,2,0.0035671889781951904,0.01064602,0.09537708,0.893977
202,2,2,0.006666362285614014,0.017677328,0.058140364,0.92418236
202,2,2,0.0029815733432769775,0.0082350215,0.038118232,0.9536469
202,2,2,0.008058935403823853,0.032100327,0.066656,0.90124375
202,2,2,0.010671436786651611,0.07140203,0.09128725,0.83731085
202,2,2,0.006616145372390747,0.013534012,0.05144196,0.93502414
202,2,2,0.00369204580783844,0.008169443,0.032042094,0.95978856
202,2,2,0.00484071671962738,0.005924148,0.035581045,0.9584949
202,2,2,0.00639188289642334,0.02388465,0.13691759,0.8391978
202,2,2,0.00869777798652649,0.029427225,0.109120764,0.86145204
202,2,2,0.005062758922576904,0.015601326,0.1502055,0.8341933
202,2,2,0.004122823476791382,0.01635181,0.1501664,0.8334819
202,2,2,0.0067147016525268555,0.0091158375,0.37851745,0.6123668
202,2,2,0.0037641674280166626,0.0077938437,0.032497127,0.9597091
202,2,2,0.008990168571472168,0.007747785,0.47932494,0.51292735
202,2,2,0.020934700965881348,0.21295442,0.27264613,0.5143995
202,2,1,0.017907559871673584,0.055823054,0.72246253,0.2217145
202,2,2,0.008955717086791992,0.018155342,0.14151467,0.84033006
202,2,2,0.006880223751068115,0.060288697,0.05580699,0.88390434
214,2,2,0.005589485168457031,0.035581555,0.23203586,0.73238266
214,2,2,0.004513561725616455,0.027858427,0.023086285,0.9490554
214,2,2,0.0043760985136032104,0.018042501,0.02271942,0.9592381
214,2,2,0.0056024640798568726,0.027261721,0.022634888,0.9501034
214,2,2,0.0028807371854782104,0.010190408,0.013182676,0.976627
214,2,2,0.007909029722213745,0.028263636,0.048717752,0.9230187
214,2,2,0.0027658194303512573,0.010750418,0.012673739,0.9765759
214,2,2,0.004637807607650757,0.010508393,0.01917512,0.9703166
214,2,2,0.0026457831263542175,0.011138946,0.0099064745,0.97895473
214,2,2,0.0017394423484802246,0.008979475,0.009058545,0.981962
214,2,2,0.003770187497138977,0.0070195217,0.01394104,0.97903955
214,2,2,0.0015561208128929138,0.011038514,0.008956576,0.9800049
214,2,2,0.00774228572845459,0.2139327,0.024824297,0.7612431
214,2,2,0.0035877376794815063,0.018017946,0.012476948,0.9695052
214,2,2,0.002902418375015259,0.013820492,0.021387141,0.96479243
214,2,2,0.002528458833694458,0.01132773,0.02671813,0.9619543
214,2,2,0.0030125603079795837,0.0072693387,0.012329301,0.98040134
214,2,2,0.003207474946975708,0.0076718032,0.016355796,0.9759725
214,2,2,0.002771332859992981,0.00889997,0.018027658,0.9730724
214,2,2,0.004355914890766144,0.0073258467,0.015931573,0.9767427
214,2,2,0.010969460010528564,0.048796248,0.08116584,0.87003803
214,2,2,0.007680237293243408,0.07506531,0.06470061,0.8602342
214,2,2,0.006757497787475586,0.022044146,0.01449605,0.96345997
214,2,2,0.007196933031082153,0.037980873,0.06715002,0.89486915
214,2,2,0.003360062837600708,0.017892288,0.028558113,0.95354974
214,2,2,0.006293952465057373,0.033079624,0.206074,0.7608465
214,2,2,0.004103556275367737,0.010425487,0.021892808,0.96768177
214,2,2,0.0024918392300605774,0.007890379,0.0147175,0.9773922
214,2,2,0.0031189322471618652,0.008203565,0.031761307,0.96003526
214,2,2,0.010543107986450195,0.11330398,0.08627846,0.8004176
214,2,2,0.005627363920211792,0.031002657,0.019933762,0.94906366
214,2,2,0.005015730857849121,0.0198246,0.011074095,0.96910137
214,2,2,0.0027031153440475464,0.016322441,0.02259256,0.9610851
214,2,2,0.003981754183769226,0.014396044,0.023585314,0.96201885
214,2,2,0.004897251725196838,0.012601043,0.043325257,0.9440738
214,2,2,0.001846805214881897,0.009778579,0.018074594,0.9721469
214,2,2,0.002981320023536682,0.006480979,0.027280258,0.9662389
214,2,2,0.010988414287567139,0.22853133,0.05818944,0.7132793
214,2,2,0.017411351203918457,0.46133026,0.053293757,0.48537603
214,2,2,0.0056164562702178955,0.026497645,0.018950306,0.9545522
214,2,2,0.004066020250320435,0.014159729,0.02285337,0.96298707
214,2,2,0.0031583011150360107,0.014361913,0.022056725,0.96358144
214,2,2,0.004380375146865845,0.008404469,0.028923012,0.96267265
214,2,2,0.007708191871643066,0.06260694,0.07884358,0.85854954
214,2,2,0.00579601526260376,0.034122825,0.085719,0.8801582
214,2,2,0.0034856200218200684,0.009165967,0.05772052,0.9331135
361,2,2,0.005571722984313965,0.02115992,0.021832863,0.9570073
361,2,2,0.0034611672163009644,0.01632765,0.015857412,0.96781486
361,2,2,0.0036295801401138306,0.020316338,0.025698448,0.9539853
361,2,2,0.006382286548614502,0.016632821,0.1228677,0.86049956
361,2,2,0.0057106614112854,0.013775916,0.08077689,0.90544724
361,2,1,0.017903923988342285,0.058177054,0.77183414,0.16998881
361,2,1,0.016223609447479248,0.20227525,0.7366409,0.061084002
361,2,1,0.01425260305404663,0.009286315,0.7566777,0.23403613
361,2,2,0.007316678762435913,0.028620085,0.1259901,0.84538996
361,2,2,0.011323630809783936,0.07462792,0.40185425,0.5235179
362,2,2,0.002894982695579529,0.0095834145,0.02636201,0.9640546
362,2,1,0.01233452558517456,0.17803362,0.5873304,0.23463598
362,2,2,0.004742234945297241,0.031866245,0.022750868,0.945383
362,2,2,0.0036199837923049927,0.022804698,0.01391102,0.9632844
362,2,2,0.005072802305221558,0.015295403,0.060818445,0.92388624
362,2,2,0.012115836143493652,0.124792896,0.34390315,0.5313041
362,2,2,0.003485158085823059,0.0123349745,0.02655273,0.9611123
362,2,2,0.004901379346847534,0.018703613,0.03965684,0.9416396
362,2,0,0.0203438401222229,0.72789407,0.20523469,0.066871315
362,2,2,0.0058807432651519775,0.016116463,0.098522715,0.88536084
362,2,2,0.007345438003540039,0.014671444,0.07656995,0.90875864
360,2,2,0.00827711820602417,0.02644243,0.20580813,0.76774955
360,2,2,0.008437573909759521,0.035765078,0.06472396,0.8995111
360,2,2,0.0037117600440979004,0.016438344,0.06549763,0.9180641
360,2,2,0.0057089924812316895,0.018303126,0.07346861,0.9082283
360,2,2,0.004775673151016235,0.02828984,0.025673797,0.9460364
360,2,2,0.002751365303993225,0.013502485,0.022344159,0.96415347
360,2,2,0.0046294331550598145,0.010294916,0.08077194,0.9089333
360,2,2,0.004372298717498779,0.014401895,0.16261971,0.82297856
360,2,2,0.0033980607986450195,0.03478411,0.027608758,0.9376073
360,2,2,0.007588595151901245,0.027487138,0.05396588,0.91854703
360,2,1,0.01164942979812622,0.00862141,0.66631734,0.32506132
360,2,2,0.0070182085037231445,0.049068075,0.11851794,0.83241403
