parcel_id,truth,pred,epistemic,prob_0,prob_1,prob_2
179,0,0,0.0,0.9808283,0.001489805,0.017681973
179,0,0,0.0,0.985526,0.00516408,0.009309857
179,0,0,0.0,0.9874758,0.0024099918,0.010114264
179,0,0,0.0,0.9893036,0.0018860878,0.008810501
179,0,0,0.0,0.9884091,0.001708659,0.009882365
179,0,0,0.0,0.96310484,0.002038372,0.03485685
179,0,0,0.0,0.99051684,0.0030534272,0.0064297523
179,0,0,1.4901161193847656e-08,0.9748765,0.0031143178,0.022009129
179,0,0,0.0,0.9832519,0.0028465511,0.013901544
179,0,0,0.0,0.9925813,0.0018876254,0.0055311103
179,0,0,0.0,0.9674149,0.0024198892,0.03016537
179,0,0,0.0,0.98566955,0.0024019484,0.011928414
66,0,0,0.0,0.9929576,0.0017914518,0.005251083
66,0,0,0.0,0.99545264,0.0015265318,0.0030209164
66,0,0,0.0,0.9854421,0.0019476593,0.012610425
66,0,0,0.0,0.9963989,0.0010917488,0.0025094603
66,0,0,3.725290298461914e-09,0.99728405,0.0014159931,0.0013000285
66,0,0,3.725290298461914e-09,0.9970546,0.0015227317,0.0014227348
66,0,0,0.0,0.99740976,0.0013248876,0.001265444
66,0,0,0.0,0.99678564,0.0019023521,0.0013121874
66,0,0,0.0,0.9969159,0.0020434004,0.0010408389
66,0,0,0.0,0.99658495,0.0023814114,0.0010337308
66,0,0,0.0,0.9960457,0.0024274334,0.0015268121
66,0,0,0.0,0.99655783,0.0018194808,0.0016226827
66,0,0,0.0,0.9971151,0.0016720076,0.0012131967
66,0,0,0.0,0.9969227,0.0018476638,0.0012296321
66,0,0,0.0,0.99618924,0.0028411485,0.00096975785
66,0,0,0.0,0.99674237,0.0022541946,0.0010036008
66,0,0,0.0,0.9967322,0.0021541987,0.0011136672
66,0,0,0.0,0.9964475,0.0026458246,0.0009067893
66,0,0,0.0,0.9963896,0.0026578929,0.0009524796
66,0,0,0.0,0.9968716,0.0017457281,0.0013827987
66,0,0,0.0,0.9972758,0.0014846623,0.0012397177
66,0,0,0.0,0.9962393,0.0018680685,0.0018927575
38,0,0,0.0,0.9840791,0.0027820407,0.013138942
38,0,0,0.0,0.9758569,0.003664569,0.020478649
38,0,0,0.0,0.77979565,0.014308303,0.205896
38,0,0,0.0,0.9926914,0.003356545,0.003952173
38,0,0,5.21540641784668e-08,0.98968905,0.0025553226,0.0077555478
38,0,0,0.0,0.99479216,0.0020333764,0.0031744477
38,0,0,7.450580596923828e-09,0.9878374,0.0049580336,0.007204519
38,0,0,0.0,0.98581696,0.005215431,0.0089677125
38,0,0,5.587935447692871e-08,0.9946663,0.0030679635,0.002265763
38,0,0,0.0,0.9803718,0.0067249793,0.012903233
733,0,0,0.0,0.99322987,0.0055041583,0.0012661314
733,0,0,0.0,0.9945854,0.0044494397,0.00096526067
733,0,0,0.0,0.9799146,0.01703705,0.0030485159
733,0,0,0.0,0.98626506,0.011147165,0.0025879007
733,0,0,6.332993507385254e-08,0.992024,0.0071449364,0.0008309735
733,0,0,0.0,0.9935163,0.005762249,0.00072141376
733,0,0,5.960464477539063e-08,0.9891974,0.009073027,0.0017295594
733,0,0,0.0,0.9816872,0.015783332,0.0025295839
733,0,0,0.0,0.9914562,0.0078998655,0.0006439319
733,0,0,0.0,0.99288696,0.0064332024,0.0006799947
733,0,0,0.0,0.9720774,0.024391634,0.0035310278
733,0,0,0.0,0.95674914,0.037629668,0.005621396
733,0,0,0.0,0.9851756,0.013943295,0.0008811517
733,0,0,0.0,0.9862585,0.012964419,0.00077699276
733,0,0,0.0,0.9823304,0.015978316,0.001691253
733,0,0,0.0,0.9617348,0.035555813,0.0027096407
733,0,0,0.0,0.98507357,0.013919474,0.001007142
165,0,0,0.0,0.99310833,0.004614246,0.0022772702
165,0,0,0.0,0.9807997,0.010065243,0.009135119
165,0,0,1.4901161193847656e-08,0.9674479,0.011898442,0.020653684
165,0,0,0.0,0.98601484,0.009192251,0.00479296
165,0,0,0.0,0.9775014,0.013492605,0.009006164
165,0,0,0.0,0.98483175,0.008467919,0.006700563
165,0,0,0.0,0.9795241,0.005593868,0.014882098
165,0,0,5.960464477539063e-08,0.9827091,0.009759551,0.0075313323
165,0,0,0.0,0.97783273,0.012814552,0.009352884
165,0,0,0.0,0.9893036,0.004659888,0.006036701
165,0,0,1.4901161193847656e-08,0.98942393,0.007097536,0.0034785508
165,0,0,0.0,0.98625094,0.011223826,0.0025254174
165,0,0,0.0,0.98805815,0.0071529876,0.0047889776
165,0,0,0.0,0.9798164,0.012049154,0.008134638
165,0,0,0.0,0.98361534,0.011986977,0.0043978645
165,0,0,0.0,0.9837379,0.010826358,0.0054359618
165,0,0,0.0,0.9774394,0.012728063,0.009832709
165,0,0,0.0,0.97954464,0.015262093,0.005193443
165,0,0,0.0,0.98203814,0.014290738,0.003671161
165,0,0,0.0,0.97032166,0.022997169,0.006681251
74,0,0,0.0,0.9887354,0.004068384,0.0071962713
74,0,0,0.0,0.9925586,0.0032815996,0.0041598612
74,0,0,0.0,0.99234235,0.002947077,0.004710563
74,0,0,0.0,0.9844676,0.0045645894,0.010967857
74,0,0,0.0,0.9809322,0.004401364,0.014666485
74,0,0,0.0,0.9838849,0.004466454,0.011648603
74,0,0,0.0,0.9821486,0.0035291659,0.014322173
74,0,0,0.0,0.97642225,0.0040713823,0.019506507
188,0,0,0.0,0.9936315,0.0059317886,0.000436852
188,0,0,0.0,0.9936175,0.005817521,0.00056503504
188,0,0,0.0,0.9923582,0.006898305,0.00074347924
188,0,0,0.0,0.9912387,0.007791733,0.00096959365
188,0,0,0.0,0.9911012,0.008035525,0.0008634509
188,0,0,4.842877388000488e-08,0.9935214,0.0059232246,0.0005553431
188,0,0,0.0,0.99414307,0.0048098997,0.0010471048
188,0,0,0.0,0.99301064,0.006256127,0.0007331805
188,0,0,0.0,0.9926524,0.0064093415,0.0009382325
188,0,0,0.0,0.99243706,0.006402954,0.0011599616
792,0,0,0.0,0.9948386,0.0024203437,0.0027410414
792,0,0,0.0,0.9931312,0.0026682285,0.004200674
792,0,0,0.0,0.9964896,0.0020475632,0.0014629074
792,0,0,0.0,0.9952604,0.0025185698,0.002221026
792,0,0,0.0,0.99527794,0.0024312052,0.0022909183
792,0,0,5.960464477539063e-08,0.99490374,0.0023271868,0.0027689936
792,0,0,0.0,0.9965339,0.0024352346,0.0010309643
792,0,0,0.0,0.99691546,0.0017510029,0.0013335284
792,0,0,0.0,0.9967742,0.0017672895,0.0014586723
792,0,0,3.725290298461914e-09,0.9968053,0.0020632546,0.0011315285
792,0,0,0.0,0.9969091,0.0019221837,0.0011688926
792,0,0,0.0,0.9951163,0.0034346017,0.0014493174
792,0,0,0.0,0.996525,0.0020942246,0.0013809379
792,0,0,0.0,0.99616575,0.0021083544,0.0017261328
792,0,0,0.0,0.9958551,0.0021764552,0.0019685319
792,0,0,0.0,0.9953589,0.0026736923,0.0019674
792,0,0,0.0,0.9951511,0.0025793165,0.0022695302
792,0,0,0.0,0.99524564,0.002714362,0.0020401515
792,0,0,1.862645149230957e-09,0.99576473,0.002186538,0.002048744
792,0,0,0.0,0.99528426,0.0024352197,0.0022805084
792,0,0,0.0,0.9952912,0.0019927374,0.0027162214
811,0,0,0.0,0.94819224,0.045261767,0.0065460657
811,0,0,0.0,0.9838133,0.011801452,0.004385304
811,0,0,0.0,0.93898416,0.009752693,0.05126323
811,0,0,0.0,0.96220225,0.033035006,0.0047628204
811,0,0,0.0,0.9832143,0.014776574,0.0020092605
811,0,0,0.0,0.9930696,0.0057368646,0.0011936983
811,0,0,0.0,0.98440564,0.013877933,0.0017165149
811,0,0,0.0,0.9880833,0.010603205,0.0013135929
811,0,0,0.0,0.9765492,0.014854603,0.008596234
180,0,0,0.0,0.99143887,0.0024182755,0.006142991
180,0,0,0.0,0.9863796,0.0018510686,0.011769503
180,0,0,0.0,0.9933004,0.0025434785,0.004156304
180,0,0,0.0,0.995155,0.0012154143,0.0036296416
180,0,0,0.0,0.9950317,0.0011392499,0.0038291127
180,0,0,0.0,0.9952614,0.0013104723,0.003428243
180,0,0,0.0,0.9945066,0.0013734378,0.0041199815
180,0,0,0.0,0.99451536,0.0014323647,0.004052449
180,0,0,0.0,0.99155754,0.0009582898,0.0074842055
180,0,0,0.0,0.9749722,0.0014812384,0.023546742
180,0,0,0.0,0.9898977,0.002129675,0.007972722
170,0,0,0.0,0.9938675,0.0048306226,0.0013020169
170,0,0,1.862645149230957e-09,0.99595857,0.0031501101,0.0008913765
170,0,0,5.587935447692871e-08,0.994569,0.004265649,0.0011653992
170,0,0,0.0,0.9923858,0.0060971514,0.0015172799
170,0,0,0.0,0.9912628,0.0071459888,0.0015912007
170,0,0,0.0,0.99030584,0.0072202114,0.0024740326
762,0,0,0.0,0.9839731,0.0033386492,0.012688343
762,0,0,0.0,0.98003924,0.0042242454,0.015736671
762,0,0,5.960464477539063e-08,0.97961485,0.0033796735,0.01700543
762,0,0,0.0,0.9851943,0.0020957459,0.012709991
762,0,0,0.0,0.9762144,0.004314853,0.01947086
762,0,0,0.0,0.9798835,0.004460569,0.015655972
762,0,0,0.0,0.9547271,0.005049344,0.04022383
762,0,0,0.0,0.9753476,0.004092179,0.020560374
762,0,0,0.0,0.9822659,0.005775525,0.011958678
11,0,0,0.0,0.98345226,0.014888572,0.0016591685
11,0,0,0.0,0.9900078,0.008627694,0.0013645423
11,0,0,0.0,0.9933661,0.0052276757,0.0014062742
11,0,0,0.0,0.9939485,0.005216075,0.0008354543
11,0,0,0.0,0.9940748,0.0048068133,0.0011184046
11,0,0,0.0,0.9823075,0.016007485,0.0016850452
11,0,0,0.0,0.9890424,0.009891931,0.0010656472
11,0,0,5.21540641784668e-08,0.9930979,0.0056505576,0.0012514557
11,0,0,0.0,0.9923921,0.0068151746,0.000792634
11,0,0,0.0,0.9933372,0.005247576,0.0014152243
11,0,0,0.0,0.9917908,0.0068118805,0.0013974945
11,0,0,0.0,0.9919158,0.006504406,0.0015797524
11,0,0,0.0,0.9921218,0.006271001,0.0016072043
11,0,0,5.587935447692871e-08,0.9919591,0.006918139,0.0011226689
11,0,0,0.0,0.99160904,0.0071157473,0.0012753397
11,0,0,0.0,0.98709023,0.009524955,0.0033849247
751,0,0,0.0,0.9405641,0.03474198,0.024694048
751,0,0,0.0,0.9746243,0.01435419,0.011021641
751,0,0,0.0,0.9846491,0.0037131335,0.011637672
751,0,0,0.0,0.7108127,0.0063688923,0.28281856
751,0,0,0.0,0.9392992,0.031424314,0.029276606
751,0,0,0.0,0.98867524,0.007726586,0.0035982577
751,0,0,0.0,0.8926029,0.012370233,0.095027104
751,0,2,0.0,0.28446916,0.007871312,0.70765954
751,0,0,0.0,0.89152235,0.029202893,0.07927492
751,0,0,0.0,0.9202023,0.030520562,0.049277134
751,0,0,0.0,0.9755955,0.018180879,0.006223698
751,0,0,0.0,0.92126983,0.028487708,0.05024257
43,0,0,0.0,0.9810939,0.015525784,0.0033804374
43,0,0,0.0,0.97602606,0.016297827,0.0076761944
43,0,0,0.0,0.98913,0.009435531,0.0014344892
43,0,0,0.0,0.9894233,0.009560658,0.0010162388
43,0,0,7.450580596923828e-09,0.99167645,0.007551409,0.00077221554
43,0,0,0.0,0.99298775,0.0058419383,0.0011703265
43,0,0,0.0,0.9778204,0.015018049,0.0071615367
43,0,0,0.0,0.99137527,0.007765169,0.0008595713
43,0,0,3.725290298461914e-09,0.9903318,0.0087782815,0.00089003524
43,0,0,0.0,0.9925141,0.007008575,0.00047732584
43,0,0,0.0,0.99030846,0.008883439,0.0008080946
43,0,0,0.0,0.9872819,0.010562392,0.002155852
43,0,0,0.0,0.9595284,0.031145317,0.009326271
43,0,0,0.0,0.9803754,0.015119923,0.004504798
43,0,0,0.0,0.98886967,0.009793315,0.0013371273
43,0,0,0.0,0.9876518,0.010916952,0.0014313543
43,0,0,0.0,0.9905142,0.0085070785,0.0009788072
43,0,0,7.450580596923828e-09,0.98770434,0.01086702,0.0014286404
43,0,0,0.0,0.671302,0.21335368,0.11534436
43,0,0,0.0,0.96157515,0.0311235,0.0073013892
43,0,0,0.0,0.9911932,0.008084889,0.0007220442
43,0,0,0.0,0.9853324,0.013277096,0.001390655
43,0,0,0.0,0.98564965,0.013278939,0.0010714267
43,0,0,0.0,0.98217285,0.015390762,0.002436509
43,0,0,0.0,0.9799067,0.016516436,0.003576968
43,0,0,5.960464477539063e-08,0.9838125,0.014268336,0.0019190918
43,0,0,0.0,0.98366654,0.0144488895,0.0018846969
159,0,0,0.0,0.9900943,0.0016780331,0.0082278075
159,0,0,3.725290298461914e-09,0.9923224,0.0033547578,0.0043229586
159,0,0,0.0,0.9805475,0.008942561,0.010510012
159,0,0,7.450580596923828e-09,0.9892016,0.003534424,0.0072640614
159,0,0,5.960464477539063e-08,0.9611098,0.0055172523,0.033372894
159,0,0,0.0,0.93776,0.01767861,0.044561464
159,0,0,5.960464477539063e-08,0.97339743,0.005844733,0.020757785
93,0,0,0.0,0.9569317,0.018210633,0.024857694
93,0,0,0.0,0.960787,0.022610838,0.016602125
93,0,0,1.1920928955078125e-07,0.9140083,0.04289311,0.043098614
93,0,0,0.0,0.9761148,0.005999542,0.017885804
93,0,0,0.0,0.92980146,0.016252698,0.053945918
93,0,0,0.0,0.8710205,0.04806832,0.080911405
93,0,0,0.0,0.8535642,0.052298017,0.09413802
59,0,0,1.4901161193847656e-08,0.9777118,0.012431126,0.009857073
59,0,0,0.0,0.99120086,0.0031452742,0.0056539667
59,0,0,3.725290298461914e-09,0.99298394,0.0026371137,0.00437896
59,0,0,0.0,0.9924569,0.0037123617,0.0038307928
59,0,0,0.0,0.99662596,0.0019193306,0.0014549767
59,0,0,0.0,0.99616677,0.0016785389,0.002154698
59,0,0,0.0,0.99534893,0.0022397195,0.0024114551
59,0,0,0.0,0.9875993,0.0047976496,0.007603181
59,0,0,0.0,0.99255556,0.0033483284,0.004096179
59,0,0,0.0,0.99657345,0.002017415,0.0014093661
59,0,0,0.0,0.99595404,0.0027000126,0.0013459878
59,0,0,5.960464477539063e-08,0.9939586,0.0028893491,0.00315188
59,0,0,0.0,0.9957353,0.0025871804,0.0016774852
59,0,0,5.960464477539063e-08,0.99600995,0.0025467637,0.001443239
59,0,0,0.0,0.995715,0.0029643036,0.0013207762
59,0,0,0.0,0.9967466,0.0015039813,0.0017495023
59,0,0,1.862645149230957e-09,0.9967437,0.001506573,0.001749766
59,0,0,0.0,0.9962606,0.002050384,0.0016892188
59,0,0,0.0,0.9957298,0.0023626334,0.0019076834
59,0,0,0.0,0.99648386,0.0021645075,0.0013517578
59,0,0,0.0,0.99634886,0.002300094,0.0013512307
59,0,0,0.0,0.9964806,0.0017116395,0.001807818
123,0,0,0.0,0.99011177,0.0022226968,0.007665708
123,0,0,0.0,0.96770275,0.029547634,0.002749752
123,0,0,0.0,0.9925318,0.0019250803,0.005543242
123,0,0,0.0,0.9846784,0.013329023,0.0019926643
123,0,0,0.0,0.96887076,0.027267745,0.00386149
123,0,0,0.0,0.96898943,0.027294062,0.003716572
123,0,0,0.0,0.90669143,0.079526715,0.01378196
241,0,0,0.0,0.9917034,0.00470957,0.0035871891
241,0,0,0.0,0.99218976,0.004512734,0.0032976293
241,0,0,0.0,0.99313253,0.002476674,0.004390908
241,0,0,0.0,0.9865695,0.0027943226,0.01063643
241,0,0,0.0,0.9803693,0.004656327,0.014974472
241,0,0,1.4901161193847656e-08,0.9821549,0.0068023987,0.011042768
241,0,0,0.0,0.9694147,0.0077446233,0.022840798
241,0,0,0.0,0.9945599,0.002818489,0.0026217594
241,0,0,0.0,0.98947257,0.002589871,0.007937629
241,0,0,0.0,0.98270047,0.003764702,0.013535006
241,0,0,0.0,0.97612095,0.005183179,0.018696168
241,0,0,0.0,0.9959182,0.0019569453,0.0021249927
241,0,0,0.0,0.99514496,0.0021866797,0.0026683873
803,0,0,0.0,0.9931375,0.0037946883,0.0030678685
803,0,0,0.0,0.9946818,0.0027150481,0.0026032117
803,0,0,0.0,0.99530596,0.0030802211,0.0016138272
803,0,0,3.725290298461914e-09,0.9932919,0.003248288,0.003459741
803,0,0,0.0,0.99578863,0.0020763632,0.0021351832
803,0,0,0.0,0.99499285,0.0023995375,0.0026076608
803,0,0,0.0,0.9928168,0.0023113932,0.004871928
724,0,0,0.0,0.9360437,0.060027357,0.003929093
724,0,0,0.0,0.9567637,0.030592259,0.012644307
724,0,0,0.0,0.9737535,0.024362698,0.0018838119
724,0,0,0.0,0.9337492,0.06129887,0.004951988
724,0,0,0.0,0.9726687,0.024627509,0.0027038173
60,0,0,0.0,0.9806699,0.011918828,0.0074114697
60,0,0,0.0,0.97481626,0.0062588966,0.018924976
60,0,0,0.0,0.98810905,0.0066566123,0.005234341
60,0,0,0.0,0.97834164,0.012871713,0.008786645
60,0,0,0.0,0.9917974,0.0049235336,0.003279202
60,0,0,0.0,0.984281,0.00833284,0.0073862444
60,0,0,0.0,0.98566484,0.0072629675,0.0070723635
60,0,0,5.960464477539063e-08,0.99123436,0.005299156,0.0034663442
60,0,0,0.0,0.83015275,0.023879271,0.14596811
60,0,0,0.0,0.93397444,0.013939745,0.052085955
60,0,0,0.0,0.9679232,0.010840786,0.021235973
60,0,0,0.0,0.79628706,0.012197007,0.19151595
60,0,0,0.0,0.9182767,0.011927902,0.06979555
60,0,0,0.0,0.94194746,0.015857864,0.042194743
60,0,2,0.0,0.009955281,0.014205642,0.9758391
60,0,0,4.470348358154297e-08,0.96891797,0.008638994,0.02244296
60,0,0,0.0,0.9807001,0.0069319545,0.012367915
60,0,0,0.0,0.9759869,0.013391251,0.010621914
60,0,0,0.0,0.8439938,0.020476155,0.13553013
60,0,0,0.0,0.9866854,0.0042719957,0.009042711
60,0,0,0.0,0.9892873,0.004974267,0.005738575
18,0,0,0.0,0.98044056,0.017563907,0.0019955598
18,0,0,0.0,0.98777497,0.010856284,0.0013687122
18,0,0,0.0,0.9768285,0.019805685,0.0033660815
18,0,0,0.0,0.9841826,0.013073023,0.002744452
18,0,0,5.960464477539063e-08,0.98277533,0.012871966,0.004352742
18,0,0,0.0,0.98970234,0.008651332,0.0016464381
18,0,0,0.0,0.9882824,0.010524425,0.0011931969
18,0,0,0.0,0.9841985,0.013993589,0.001808092
18,0,0,0.0,0.98251534,0.015598841,0.0018859538
18,0,0,0.0,0.95439,0.035916667,0.009693391
18,0,0,0.0,0.949976,0.034496065,0.01552785
18,0,0,0.0,0.98689574,0.011946971,0.0011573284
18,0,0,0.0,0.9773361,0.020954179,0.00170972
18,0,0,0.0,0.97542775,0.022171056,0.0024011983
18,0,0,0.0,0.9539177,0.03928857,0.006793857
18,0,0,0.0,0.9639673,0.028089082,0.0079437485
18,0,0,0.0,0.9786405,0.01900727,0.0023524575
18,0,0,0.0,0.9845461,0.01225907,0.0031947228
5,0,0,0.0,0.99160486,0.007825232,0.00057018746
5,0,0,3.725290298461914e-09,0.9928905,0.0065419185,0.000567632
5,0,0,0.0,0.9932364,0.0060299886,0.00073359907
5,0,0,0.0,0.9933948,0.005477648,0.0011277472
5,0,0,0.0,0.9769335,0.022043,0.0010235175
5,0,0,0.0,0.99248505,0.0067517674,0.0007633074
5,0,0,0.0,0.9909619,0.008615529,0.00042263832
5,0,0,0.0,0.9911021,0.00819301,0.0007049825
5,0,0,0.0,0.98451644,0.013185757,0.0022977241
5,0,0,6.705522537231445e-08,0.98684615,0.011881859,0.0012719709
115,0,0,5.960464477539063e-08,0.98563975,0.013296197,0.0010639052
115,0,0,0.0,0.9823408,0.016133333,0.0015258265
115,0,0,0.0,0.9825401,0.016676325,0.00078380486
115,0,0,0.0,0.97816473,0.020367436,0.0014679295
115,0,0,0.0,0.9818393,0.016758613,0.0014020433
115,0,0,0.0,0.9791555,0.018974556,0.0018701104
115,0,0,0.0,0.9800892,0.018619616,0.0012912212
115,0,0,0.0,0.9850678,0.01395584,0.00097645354
115,0,0,0.0,0.986896,0.01216581,0.0009383296
115,0,0,0.0,0.976273,0.021999339,0.0017277402
115,0,0,0.0,0.9841547,0.015121092,0.0007243467
115,0,0,0.0,0.98813283,0.011146952,0.0007203423
115,0,0,0.0,0.9873906,0.01135145,0.0012580138
115,0,0,0.0,0.9871092,0.011925582,0.00096536515
115,0,0,0.0,0.9854626,0.013120923,0.0014165578
115,0,0,0.0,0.9861574,0.012902851,0.0009398857
115,0,0,0.0,0.98852056,0.0106045,0.0008751237
115,0,0,0.0,0.9911668,0.008039146,0.00079427747
115,0,0,0.0,0.9897871,0.008839317,0.0013736847
115,0,0,0.0,0.9888391,0.009821665,0.001339231
115,0,0,0.0,0.98504084,0.0130592855,0.0018998003
115,0,0,5.587935447692871e-08,0.9913832,0.008254265,0.0003624645
115,0,0,3.725290298461914e-09,0.99113864,0.008270746,0.0005906383
115,0,0,0.0,0.9816009,0.016206658,0.0021923636
115,0,0,0.0,0.9846367,0.013343426,0.0020199069
115,0,0,0.0,0.9769944,0.01941768,0.0035880103
115,0,0,0.0,0.9846201,0.013001824,0.0023781431
200,0,0,0.0,0.9715044,0.00557405,0.022921612
200,0,0,0.0,0.9858733,0.0026281392,0.011498783
200,0,0,0.0,0.9715872,0.0045897653,0.023823185
200,0,0,0.0,0.967187,0.0059473887,0.026865661
42,0,0,0.0,0.99619764,0.0015869234,0.0022156958
42,0,0,0.0,0.99672294,0.0021773768,0.0010998332
42,0,0,0.0,0.99706984,0.0019001844,0.0010300592
42,0,0,0.0,0.9967966,0.0018835812,0.0013199364
42,0,0,0.0,0.9968083,0.0017355267,0.0014563107
42,0,0,0.0,0.99668163,0.0019194486,0.0013988812
42,0,0,0.0,0.9956366,0.0012681228,0.0030954676
42,0,0,5.587935447692871e-08,0.9964244,0.001768974,0.0018066873
145,0,0,0.0,0.99359536,0.0013776271,0.005027117
145,0,0,0.0,0.9949761,0.0018532217,0.0031708986
145,0,0,0.0,0.9931137,0.0015328741,0.005353367
145,0,0,0.0,0.9971456,0.0013841378,0.0014704661
145,0,0,0.0,0.9955096,0.0022167768,0.0022737274
145,0,0,0.0,0.9966169,0.0018743804,0.0015087313
145,0,0,0.0,0.99671334,0.0021439346,0.0011427908
145,0,0,0.0,0.99627084,0.002497038,0.0012321994
145,0,0,0.0,0.9966797,0.0021080023,0.0012123755
145,0,0,0.0,0.99683946,0.0020651473,0.001095504
145,0,0,0.0,0.9966802,0.0020718377,0.0012481726
145,0,0,0.0,0.9961281,0.0027114658,0.0011605818
61,0,0,5.960464477539063e-08,0.95920235,0.02310699,0.017690515
61,0,0,0.0,0.956427,0.027879782,0.015693374
61,0,0,1.4901161193847656e-08,0.97061676,0.023827156,0.005556154
61,0,0,0.0,0.9822298,0.009776537,0.007993696
61,0,0,0.0,0.96610975,0.01795104,0.015939271
61,0,0,0.0,0.97518146,0.015657637,0.009161011
61,0,0,0.0,0.9740853,0.020051997,0.0058628125
61,0,0,0.0,0.98685515,0.009185839,0.0039591063
61,0,0,0.0,0.9643056,0.026260618,0.00943392
61,0,0,0.0,0.96409243,0.024605833,0.011301778
61,0,0,0.0,0.9704017,0.019455727,0.010142768
61,0,0,0.0,0.97974044,0.01336235,0.0068972423
61,0,0,5.960464477539063e-08,0.9651339,0.025298407,0.009567681
61,0,0,0.0,0.96822166,0.02167815,0.010100287
61,0,0,0.0,0.9729208,0.015400173,0.011679132
61,0,0,0.0,0.9798175,0.010606265,0.009576403
61,0,0,0.0,0.9666735,0.022649825,0.0106766755
61,0,0,0.0,0.98393387,0.011987349,0.0040789237
61,0,0,0.0,0.9843418,0.008558221,0.0071000643
61,0,0,0.0,0.98030704,0.013064269,0.0066287797
61,0,0,0.0,0.97680765,0.016258774,0.006933717
61,0,0,7.450580596923828e-09,0.97813565,0.019191237,0.0026732525
61,0,0,0.0,0.95959294,0.027197046,0.01321003
4,0,0,0.0,0.7403477,0.010903223,0.24874918
4,0,0,5.21540641784668e-08,0.9881364,0.003024237,0.008839266
4,0,0,0.0,0.9750252,0.0027644674,0.022210436
4,0,0,0.0,0.989042,0.0019302921,0.009027774
4,0,0,0.0,0.5844297,0.004030657,0.4115396
4,0,0,0.0,0.9922807,0.0022193491,0.005499971
4,0,0,5.960464477539063e-08,0.9867254,0.0031123445,0.010162258
4,0,0,5.587935447692871e-08,0.99049014,0.0027829534,0.0067269164
4,0,0,0.0,0.9905374,0.0020955831,0.0073670815
4,0,0,0.0,0.9853816,0.0049178554,0.009700627
4,0,0,0.0,0.99547774,0.001886344,0.002635991
4,0,0,0.0,0.9937613,0.002309287,0.003929479
4,0,0,0.0,0.99388456,0.0020857984,0.004029692
4,0,0,0.0,0.9908371,0.003552764,0.005610473
4,0,0,0.0,0.99320877,0.0024175271,0.0043738014
4,0,0,3.725290298461914e-09,0.99375165,0.002738068,0.0035101776
4,0,0,7.450580596923828e-09,0.9836151,0.0034197385,0.012965118
4,0,0,0.0,0.9762937,0.0048320927,0.018874144
746,0,0,0.0,0.97833455,0.0061589116,0.0155065255
746,0,0,7.450580596923828e-09,0.9860701,0.0046607456,0.009269158
746,0,0,0.0,0.9827745,0.005624877,0.011600723
746,0,0,0.0,0.9873974,0.0045418316,0.008060803
746,0,0,0.0,0.9949316,0.002556134,0.0025122366
746,0,0,5.21540641784668e-08,0.99025404,0.004284456,0.0054615145
746,0,0,0.0,0.9928464,0.0017248245,0.005428737
746,0,0,0.0,0.9919908,0.0020905877,0.005918679
746,0,0,0.0,0.9938121,0.0025633378,0.0036246849
746,0,0,0.0,0.990673,0.0026853473,0.006641809
746,0,0,0.0,0.99350935,0.002175461,0.004315188
746,0,0,0.0,0.99104685,0.0021853568,0.006767945
727,0,0,0.0,0.99236196,0.0026192567,0.0050189784
727,0,0,0.0,0.990181,0.0042915326,0.005527535
727,0,0,0.0,0.96776336,0.027011564,0.005225114
727,0,0,5.960464477539063e-08,0.99442726,0.0030207853,0.0025519654
727,0,0,0.0,0.99490017,0.0032711683,0.00182867
727,0,0,0.0,0.9943573,0.0033528544,0.0022899057
727,0,0,0.0,0.9888362,0.0064148144,0.004749123
727,0,0,0.0,0.8914148,0.03712115,0.071464255
727,0,0,0.0,0.9920144,0.0049891397,0.002996457
727,0,0,0.0,0.9923105,0.005277369,0.0024122095
727,0,0,0.0,0.9946438,0.00331366,0.002042472
727,0,0,5.960464477539063e-08,0.99518454,0.0028341534,0.0019812107
727,0,0,0.0,0.9941821,0.0029874505,0.0028305338
727,0,0,0.0,0.9924506,0.0039916127,0.0035579414
727,0,0,0.0,0.9932,0.003950193,0.0028498622
727,0,0,0.0,0.99302423,0.0027530005,0.0042228317
76,0,0,5.587935447692871e-08,0.9944197,0.0020976225,0.003482637
76,0,0,0.0,0.9933407,0.0017478663,0.0049114763
76,0,0,7.450580596923828e-08,0.9837729,0.0022110422,0.014016168
76,0,0,0.0,0.99634534,0.001863093,0.00179175
76,0,0,0.0,0.99735403,0.0012587716,0.0013872599
76,0,0,0.0,0.99734515,0.0013467555,0.0013081667
76,0,0,1.862645149230957e-09,0.9964422,0.00242946,0.0011283356
76,0,0,0.0,0.9973578,0.0017792702,0.00086291705
76,0,0,0.0,0.99699974,0.001488324,0.0015121661
76,0,0,0.0,0.99735314,0.0014880962,0.0011588774
76,0,0,0.0,0.9974356,0.0017015619,0.00086296437
76,0,0,0.0,0.99729574,0.001774659,0.0009297156
76,0,0,0.0,0.99689025,0.0020347438,0.0010749643
76,0,0,5.4016709327697754e-08,0.99643385,0.0013835038,0.0021827095
76,0,0,5.774199962615967e-08,0.9972222,0.0012356362,0.0015421836
76,0,0,5.587935447692871e-08,0.9969761,0.0019340568,0.0010898577
76,0,0,5.587935447692871e-08,0.9965374,0.0023971507,0.0010654104
76,0,0,5.774199962615967e-08,0.9964758,0.0022569338,0.0012673038
27,0,0,0.0,0.99040216,0.005390401,0.004207588
27,0,0,0.0,0.9891863,0.0033528672,0.0074609593
27,0,0,0.0,0.98346514,0.004785816,0.011749166
27,0,0,0.0,0.9940414,0.0031350148,0.0028235684
27,0,0,0.0,0.99376005,0.0029812714,0.0032587242
27,0,0,3.725290298461914e-09,0.9917064,0.003620974,0.004672713
27,0,0,0.0,0.986875,0.003102904,0.010022269
27,0,0,0.0,0.97068965,0.0065806448,0.022729814
27,0,0,0.0,0.99439573,0.0016901679,0.0039140717
27,0,0,5.960464477539063e-08,0.99176896,0.0027170517,0.0055139908
27,0,0,3.725290298461914e-09,0.9913219,0.0034544969,0.0052235443
27,0,0,0.0,0.9939767,0.0027618506,0.0032616423
129,0,0,0.0,0.99532133,0.0024052607,0.0022733547
129,0,0,0.0,0.9944472,0.0024185753,0.003134309
129,0,0,0.0,0.99652433,0.002122615,0.001353096
129,0,0,1.862645149230957e-09,0.99634576,0.0023960446,0.0012582885
129,0,0,0.0,0.9964292,0.0018033133,0.0017676712
129,0,0,0.0,0.99584997,0.0027403524,0.0014097291
129,0,0,0.0,0.9968325,0.0022026366,0.00096491916
129,0,0,0.0,0.99604374,0.002603861,0.0013526637
129,0,0,0.0,0.99483967,0.0035513765,0.0016089458
129,0,0,0.0,0.9946627,0.0033372198,0.001999958
129,0,0,0.0,0.9961599,0.0024112368,0.0014288313
129,0,0,0.0,0.99607366,0.0023018913,0.0016246615
129,0,0,0.0,0.9958124,0.002350566,0.0018370594
129,0,0,0.0,0.99422705,0.003614212,0.0021587405
129,0,0,0.0,0.99566656,0.002180184,0.0021532855
129,0,0,1.862645149230957e-09,0.9961916,0.002376598,0.0014318314
129,0,0,0.0,0.9956723,0.002286132,0.0020417075
129,0,0,0.0,0.99566936,0.0029550681,0.0013756354
129,0,0,0.0,0.99593395,0.0024644658,0.0016017113
129,0,0,0.0,0.995248,0.0028580371,0.001894129
0,0,0,0.0,0.99179894,0.0036828592,0.004518388
0,0,0,0.0,0.98921484,0.0017897467,0.00899549
0,0,0,0.0,0.9913942,0.0025901205,0.006015653
0,0,0,0.0,0.9926783,0.0045585884,0.0027631284
0,0,0,0.0,0.99365705,0.0031613766,0.003181576
0,0,0,0.0,0.99390924,0.0031859316,0.0029048906
0,0,0,3.725290298461914e-09,0.9924776,0.0028116512,0.0047107674
0,0,0,0.0,0.9924955,0.0023942355,0.0051104818
0,0,0,0.0,0.9945549,0.0029873764,0.002457813
0,0,0,0.0,0.99386406,0.0036808369,0.002455196
0,0,0,3.725290298461914e-09,0.9942623,0.0035789127,0.0021588353
0,0,0,0.0,0.9938942,0.004064568,0.002041327
0,0,0,0.0,0.9855408,0.0064319572,0.008027324
0,0,0,0.0,0.99228424,0.0017756842,0.0059403144
0,0,0,3.725290298461914e-09,0.99421656,0.0024191681,0.0033643132
0,0,0,0.0,0.9938188,0.0035690372,0.002612238
0,0,0,0.0,0.9931506,0.0044993754,0.0023501413
0,0,0,0.0,0.9866382,0.0018356732,0.011526356
0,0,0,0.0,0.99090296,0.002508764,0.0065883216
775,0,0,0.0,0.9927349,0.0035536366,0.0037116362
775,0,0,5.960464477539063e-08,0.98598975,0.00556228,0.008447883
775,0,0,0.0,0.99395525,0.0035509143,0.002493937
775,0,0,0.0,0.98258436,0.0060109734,0.011404745
775,0,0,5.587935447692871e-08,0.99417704,0.0027309656,0.0030920024
775,0,0,0.0,0.9863099,0.006758738,0.006931598
775,0,0,0.0,0.9940538,0.0028796715,0.0030667232
775,0,0,0.0,0.991758,0.0036004493,0.0046416144
775,0,0,0.0,0.98735243,0.0062944614,0.006353144
775,0,0,7.450580596923828e-09,0.98816586,0.006077767,0.0057564136
775,0,0,0.0,0.9796358,0.007874773,0.012489609
164,0,0,0.0,0.9899763,0.006149163,0.0038746702
164,0,0,0.0,0.9908918,0.007330431,0.0017778336
164,0,0,0.0,0.99379504,0.0046041934,0.0016007308
164,0,0,0.0,0.9943773,0.003924152,0.001698534
164,0,0,0.0,0.98195374,0.014929954,0.0031164002
164,0,0,0.0,0.99219,0.005703656,0.0021063946
164,0,0,0.0,0.99444205,0.004051781,0.0015061458
164,0,0,0.0,0.9903602,0.008101839,0.0015381451
164,0,2,0.0,0.016357075,0.014487675,0.96915543
164,0,0,0.0,0.7293358,0.016593957,0.25407028
164,0,0,0.0,0.7043315,0.07333485,0.22233383
720,0,0,0.0,0.98418534,0.0064835567,0.00933127
720,0,0,0.0,0.9874202,0.0038983044,0.00868154
720,0,0,0.0,0.99136585,0.003988146,0.004646187
720,0,0,0.0,0.9916668,0.0029781414,0.0053552003
720,0,0,0.0,0.9900832,0.0025608933,0.007355904
720,0,0,5.960464477539063e-08,0.96058863,0.006129874,0.033281375
761,0,0,0.0,0.9952731,0.004110609,0.00061638415
761,0,0,0.0,0.99541855,0.0036659602,0.000915482
761,0,0,0.0,0.99524635,0.003751937,0.001001826
761,0,0,0.0,0.9963154,0.0028654633,0.00081921153
761,0,0,0.0,0.99405724,0.004626006,0.0013168108
761,0,0,0.0,0.9947119,0.004230829,0.0010575223
761,0,0,0.0,0.9938842,0.004395623,0.0017201733
761,0,0,0.0,0.99603796,0.0027552973,0.0012067301
761,0,0,0.0,0.99380493,0.0036712291,0.0025239305
761,0,0,0.0,0.9941406,0.004432444,0.0014270003
761,0,0,1.1175870895385742e-08,0.99457306,0.003964825,0.001462125
761,0,0,0.0,0.9946527,0.0034483138,0.0018991473
761,0,0,0.0,0.99190664,0.0051724785,0.002920925
764,0,0,0.0,0.9886123,0.0053427457,0.0060450714
764,0,0,0.0,0.9856166,0.007113335,0.0072702575
764,0,0,0.0,0.9900447,0.006831231,0.0031242354
764,0,0,0.0,0.9934706,0.0041165054,0.0024128146
764,0,0,0.0,0.9936679,0.00442562,0.0019065131
764,0,0,0.0,0.9878058,0.007445478,0.004748887
764,0,0,5.960464477539063e-08,0.9833242,0.009561702,0.007113949
764,0,0,0.0,0.99475706,0.0032865906,0.0019563762
764,0,0,0.0,0.9946579,0.0038600487,0.0014821327
764,0,0,0.0,0.98465633,0.010407383,0.004936444
764,0,0,0.0,0.9830484,0.010629352,0.0063224453
764,0,0,2.9802322387695312e-08,0.9737522,0.013315021,0.012932738
764,0,0,0.0,0.98458344,0.00845086,0.0069658156
764,0,0,0.0,0.9829392,0.010943205,0.0061176447
764,0,0,0.0,0.9839426,0.010813052,0.0052442416
764,0,0,0.0,0.984332,0.008531208,0.0071367198
764,0,0,0.0,0.9748612,0.010546036,0.014592804
764,0,0,0.0,0.990757,0.005638774,0.0036042954
764,0,0,0.0,0.9915466,0.004173658,0.0042799027
764,0,0,5.21540641784668e-08,0.9857718,0.0076399017,0.006588268
764,0,0,0.0,0.99184036,0.0020049994,0.006154834
729,0,0,0.0,0.99484587,0.0042565544,0.0008977934
729,0,0,0.0,0.9936666,0.005448215,0.000885395
729,0,0,0.0,0.9952015,0.0040895455,0.000709
729,0,0,3.725290298461914e-09,0.99172497,0.006917954,0.00135706
729,0,0,0.0,0.9935327,0.0056530423,0.0008142582
729,0,0,0.0,0.99383205,0.005609743,0.00055827136
729,0,0,0.0,0.9936209,0.0056892736,0.00068992353
729,0,0,0.0,0.99424165,0.004305146,0.0014534269
729,0,0,0.0,0.9952036,0.0037102592,0.0010861197
729,0,0,0.0,0.99459493,0.0047023785,0.0007027821
729,0,0,0.0,0.99597985,0.0035543328,0.0004659028
729,0,0,0.0,0.9932093,0.005197742,0.0015931154
92,0,0,0.0,0.99269384,0.0034385507,0.0038676136
92,0,0,0.0,0.99587405,0.0024633836,0.0016626548
92,0,0,0.0,0.9954982,0.0018537627,0.0026482292
92,0,0,0.0,0.9581204,0.016007164,0.02587255
92,0,0,0.0,0.96920115,0.012496395,0.018302742
92,0,0,0.0,0.96937054,0.007892122,0.022737423
92,0,0,0.0,0.9618473,0.0054932744,0.032659553
92,0,0,5.960464477539063e-08,0.938266,0.002315435,0.05941858
717,0,0,0.0,0.9911516,0.007882426,0.00096605404
717,0,0,5.960464477539063e-08,0.9938284,0.00522721,0.00094434526
717,0,0,0.0,0.9877317,0.011311693,0.0009566768
717,0,0,0.0,0.9895792,0.009294306,0.0011265987
717,0,0,0.0,0.9927417,0.006542492,0.00071581197
717,0,0,5.774199962615967e-08,0.99545723,0.0038128935,0.00072982983
717,0,0,0.0,0.9947711,0.004153556,0.0010753908
717,0,0,0.0,0.9750311,0.020003285,0.004965735
717,0,0,6.332993507385254e-08,0.99193496,0.0070634126,0.0010015385
717,0,0,0.0,0.9929029,0.0063466826,0.00075057417
717,0,0,0.0,0.9937734,0.005386038,0.00084070384
717,0,0,0.0,0.9883892,0.009167243,0.0024435702
717,0,0,0.0,0.99237436,0.0063184192,0.0013073409
432,1,1,0.0,0.0006532548,0.9976559,0.0016908789
432,1,1,0.0,0.0006070983,0.99743265,0.001960399
432,1,1,0.0,0.00058277155,0.9974861,0.0019312799
432,1,1,0.0,0.00052967994,0.99460423,0.004866131
432,1,1,0.0,0.0005659912,0.9971448,0.0022892551
432,1,1,0.0,0.0005640583,0.9974217,0.002014339
432,1,1,5.774199962615967e-08,0.0005913009,0.997637,0.0017717369
432,1,1,0.0,0.00043058873,0.99629074,0.0032787703
432,1,1,0.0,0.0005467625,0.9975057,0.0019475581
432,1,1,0.0,0.00050745235,0.9975988,0.001893905
432,1,1,0.0,0.0006148952,0.9976961,0.0016889861
432,1,1,0.0,0.0007889243,0.99710906,0.0021021185
432,1,1,0.0,0.0005657432,0.99692744,0.0025068782
432,1,1,0.0,0.0006443017,0.99716294,0.0021928675
432,1,1,0.0,0.00055170833,0.996676,0.0027723906
321,1,1,0.0,0.0024842604,0.807156,0.19035986
321,1,1,0.0,0.0016164088,0.9082422,0.09014144
321,1,1,0.0,0.0006124819,0.9879565,0.011431112
321,1,1,0.0,0.00084199844,0.9803106,0.018847432
321,1,2,0.0,0.0057281316,0.35338265,0.6408894
321,1,1,5.960464477539063e-08,0.00086036924,0.97742134,0.021718169
321,1,1,0.0,0.0006704072,0.99565977,0.0036699865
321,1,1,6.332993507385254e-08,0.00059644453,0.9947363,0.004667184
321,1,1,0.0,0.0033722958,0.8091279,0.18749987
321,1,1,5.21540641784668e-08,0.00091639743,0.9928861,0.006197383
261,1,2,0.0,0.0013547131,0.02157627,0.977069
261,1,2,0.0,0.0026652857,0.041268572,0.95606625
911,1,1,0.0,0.00047495167,0.99339813,0.006126928
911,1,1,0.0,0.0006065873,0.99486923,0.0045244247
911,1,1,3.725290298461914e-09,0.00057236373,0.995059,0.0043687117
342,1,1,0.0,0.0007046478,0.9841227,0.015172603
342,1,2,0.0,0.0023567127,0.21521062,0.7824327
342,1,1,0.0,0.0012935833,0.9946499,0.004056614
342,1,1,0.0,0.006265367,0.93198675,0.061748073
342,1,2,5.960464477539063e-08,0.02601664,0.1799839,0.7939994
342,1,2,0.0,0.013199389,0.13254456,0.8542561
342,1,1,0.0,0.0007272494,0.9970474,0.0022253916
342,1,1,0.0,0.0010755155,0.9922666,0.00665805
342,1,1,0.0,0.0037199797,0.9134102,0.0828701
342,1,2,0.0,0.025233494,0.1784817,0.7962848
342,1,1,0.0,0.000745437,0.9953765,0.0038782416
342,1,1,0.0,0.0021205824,0.98800623,0.009873298
342,1,1,0.0,0.016209101,0.6340297,0.3497613
342,1,2,0.0,0.009566121,0.14180245,0.8486315
342,1,0,0.0,0.6313806,0.36658862,0.0020307524
342,1,0,0.0,0.6927648,0.28588435,0.021350851
342,1,2,0.0,0.10761943,0.3485493,0.54383135
342,1,1,0.0,0.0145428935,0.86408234,0.12137497
891,1,1,0.0,0.00046358103,0.9630531,0.036483448
868,1,1,0.0,0.00074165536,0.99265677,0.0066016205
868,1,1,0.0,0.0008477409,0.9935491,0.005603249
868,1,1,0.0,0.000789555,0.99215126,0.0070593283
868,1,1,7.450580596923828e-09,0.00058849587,0.9942279,0.005183611
868,1,1,0.0,0.00070614356,0.9947795,0.004514587
868,1,1,3.725290298461914e-09,0.0006215225,0.9939462,0.0054322947
868,1,1,0.0,0.0006883775,0.99239886,0.0069128363
868,1,1,0.0,0.0010711538,0.99056256,0.00836634
868,1,1,0.0,0.0009071725,0.99138504,0.0077078296
478,1,2,5.960464477539063e-08,0.00084106624,0.01588967,0.9832693
478,1,1,0.0,0.00053422793,0.9949475,0.0045184353
478,1,1,0.0,0.00059116556,0.97371924,0.025689557
842,1,1,0.0,0.0006135216,0.995132,0.0042544343
842,1,1,0.0,0.00074973074,0.9931627,0.0060876515
842,1,1,3.725290298461914e-09,0.00074155955,0.9936518,0.0056065503
842,1,1,0.0,0.0005658422,0.99508923,0.004345117
865,1,1,0.0,0.00047810603,0.9867489,0.012773018
865,1,1,0.0,0.0010443991,0.9900145,0.008941137
865,1,1,0.0,0.0031009102,0.7234446,0.27345458
865,1,1,0.0,0.001987668,0.98743314,0.010579337
491,1,1,0.0,0.00051166874,0.99684334,0.0026451321
491,1,1,0.0,0.0006439252,0.9959489,0.0034071356
491,1,1,0.0,0.00054449996,0.9964787,0.002976919
491,1,1,0.0,0.000501183,0.9967827,0.0027161345
491,1,1,0.0,0.0006076303,0.99607193,0.0033204278
491,1,1,0.0,0.0007049785,0.99571264,0.0035823619
491,1,1,0.0,0.0010447412,0.9871465,0.011808809
491,1,1,0.0,0.0005322855,0.9961457,0.003322159
491,1,1,0.0,0.0005735054,0.9958359,0.003590622
491,1,1,0.0,0.0005426809,0.99671507,0.0027422584
491,1,1,0.0,0.00075950247,0.9975215,0.0017189934
491,1,1,0.0,0.00068058376,0.9973556,0.001963901
491,1,1,7.078051567077637e-08,0.00054651854,0.9946119,0.0048415395
491,1,1,0.0,0.00067007734,0.99569607,0.0036340456
491,1,1,5.4016709327697754e-08,0.00069456093,0.99644876,0.0028567167
491,1,1,0.0,0.0008407126,0.99779034,0.0013689564
491,1,1,0.0,0.0009506592,0.9964127,0.0026368534
491,1,1,1.4901161193847656e-08,0.002411578,0.9826757,0.014912771
335,1,1,0.0,0.00042074936,0.9966426,0.0029367928
335,1,1,0.0,0.0009806207,0.97154135,0.027478019
920,1,2,0.0,0.0041482677,0.39572057,0.6001312
920,1,1,0.0,0.0032228224,0.9153101,0.08146716
920,1,1,0.0,0.0085522905,0.63804036,0.35340723
920,1,1,1.4901161193847656e-08,0.0012033973,0.9400427,0.058753937
920,1,1,0.0,0.0005680739,0.9935488,0.005883265
920,1,1,0.0,0.00055693765,0.994729,0.004714219
920,1,1,5.960464477539063e-08,0.0005030831,0.9944583,0.0050385017
920,1,1,0.0,0.0007643432,0.9920845,0.007151231
920,1,1,0.0,0.00057701074,0.9947719,0.0046512564
920,1,1,5.587935447692871e-08,0.0006713566,0.9926039,0.0067247483
913,1,1,0.0,0.001281754,0.99674463,0.0019737303
913,1,1,0.0,0.0006666313,0.99649996,0.002833614
913,1,1,0.0,0.000862595,0.99508476,0.004052712
913,1,1,0.0,0.00066888565,0.99487776,0.0044535766
913,1,1,1.862645149230957e-09,0.0005155677,0.9970914,0.0023930084
913,1,1,7.450580596923828e-09,0.0003133145,0.98653144,0.013155304
913,1,1,0.0,0.006448482,0.9897308,0.0038209544
913,1,1,0.0,0.000506249,0.9962167,0.0032771197
913,1,1,0.0,0.00046816404,0.9960114,0.003520515
913,1,1,0.0,0.0007053292,0.9966635,0.0026313295
913,1,2,0.0,0.0011768369,0.034935005,0.9638882
913,1,1,0.0,0.0004345668,0.9966635,0.0029020812
913,1,1,0.0,0.00037068094,0.99647003,0.0031593768
834,1,2,0.0,0.0008033988,0.0107189985,0.98847765
834,1,2,0.0,0.0006614634,0.008135732,0.99120283
834,1,2,0.0,0.0029017823,0.1726121,0.82448614
411,1,1,2.9802322387695312e-08,0.0007800476,0.90537596,0.09384406
411,1,2,0.0,0.00088999065,0.19037192,0.80873823
584,2,2,0.0,0.08299137,0.007724781,0.9092838
584,2,2,7.450580596923828e-09,0.02112129,0.0031195614,0.97575915
584,2,2,5.587935447692871e-08,0.0011760589,0.001732403,0.9970915
584,2,2,0.0,0.00089603814,0.002580921,0.996523
584,2,2,0.0,0.0017121424,0.003010472,0.99527746
584,2,2,0.0,0.00042199105,0.0013742999,0.9982038
584,2,2,0.0,0.00043173262,0.0018545326,0.99771374
584,2,2,0.0,0.0007522883,0.0032111842,0.99603665
584,2,2,0.0,0.0018181434,0.0048528467,0.9933292
584,2,2,0.0,0.006233811,0.006929866,0.98683655
584,2,2,0.0,0.0005647996,0.0012287494,0.9982066
584,2,2,5.774199962615967e-08,0.0006915279,0.0014022258,0.99790627
584,2,2,0.0,0.00070332485,0.0021039145,0.99719286
584,2,2,5.774199962615967e-08,0.0007134358,0.0024687436,0.99681777
584,2,2,5.960464477539063e-08,0.0007302761,0.001981338,0.9972882
584,2,2,0.0,0.0007551135,0.0018850241,0.9973599
584,2,2,0.0,0.0013336048,0.001982272,0.99668425
584,2,2,0.0,0.0008667138,0.0030016482,0.9961319
584,2,2,0.0,0.0007741818,0.0024627906,0.9967632
584,2,2,5.960464477539063e-08,0.00069609843,0.0023093133,0.9969945
584,2,2,0.0,0.0004612649,0.0016454782,0.99789345
584,2,2,0.0,0.0008176267,0.0022786756,0.99690384
584,2,2,5.587935447692871e-08,0.0007721901,0.0020322665,0.9971955
584,2,2,5.774199962615967e-08,0.0005724303,0.0013342237,0.99809325
584,2,2,0.0,0.0005443125,0.001813294,0.9976425
584,2,2,0.0,0.0005434419,0.0016323562,0.9978243
584,2,2,0.0,0.0006971963,0.0014527895,0.9978501
584,2,2,0.0,0.00062522234,0.0025025213,0.99687237
584,2,2,0.0,0.00071663124,0.0017848463,0.9974985
584,2,0,0.0,0.8227577,0.035147544,0.14209509
584,2,0,0.0,0.9000603,0.027662523,0.07227733
584,2,0,5.960464477539063e-08,0.74762344,0.039428573,0.21294808
554,2,2,0.0,0.00044636097,0.0072328993,0.99232095
554,2,2,0.0,0.00030537698,0.0029946817,0.99670005
554,2,2,1.862645149230957e-09,0.00041185532,0.0021438508,0.9974443
554,2,1,0.0,0.00088101387,0.5713172,0.4278017
554,2,2,0.0,0.0016800604,0.0051421323,0.99317783
554,2,2,0.0,0.00079749717,0.010156653,0.98904586
554,2,2,6.146728992462158e-08,0.0010196255,0.0026876556,0.9962927
554,2,2,0.0,0.0008770094,0.0015099627,0.9976131
554,2,2,0.0,0.03427753,0.029511685,0.9362108
554,2,2,5.587935447692871e-08,0.0006843065,0.0028822117,0.99643344
554,2,2,0.0,0.0004376111,0.011749077,0.9878134
554,2,2,0.0,0.00041029914,0.0027640678,0.99682575
554,2,2,0.0,0.00060206687,0.0010707208,0.99832726
554,2,2,5.960464477539063e-08,0.00045918187,0.0011195249,0.99842125
554,2,2,0.0,0.00055540743,0.006988345,0.99245644
554,2,2,0.0,0.0003930039,0.0025887217,0.9970183
554,2,2,5.960464477539063e-08,0.0005521194,0.0015763092,0.99787164
554,2,2,0.0,0.00067851803,0.0010439819,0.9982776
554,2,2,0.0,0.002548964,0.0040958175,0.9933553
554,2,2,0.0,0.001183128,0.005333302,0.99348366
554,2,2,0.0,0.00063127937,0.0025684645,0.9968005
554,2,2,0.0,0.0005407748,0.0016027847,0.9978565
554,2,2,0.0,0.00073898904,0.0018446011,0.9974165
554,2,2,0.0,0.03305762,0.006167193,0.9607754
554,2,2,0.0,0.45342132,0.009543158,0.5370355
554,2,2,5.960464477539063e-08,0.008080175,0.004172408,0.9877474
554,2,2,0.0,0.0005049057,0.002194422,0.9973008
554,2,2,0.0,0.0006906491,0.0029386433,0.99637073
554,2,2,0.0,0.0051264954,0.0049829315,0.9898906
554,2,2,0.0,0.0383673,0.008059243,0.9535736
554,2,2,0.0,0.005298547,0.012203737,0.9824978
554,2,2,0.0,0.008383592,0.011791405,0.97982496
633,2,2,0.0,0.0007734069,0.0025492606,0.99667746
633,2,2,0.0,0.00075292453,0.0025765654,0.99667066
633,2,2,0.0,0.0006745707,0.0021779377,0.9971476
633,2,2,0.0,0.00070663163,0.0022909455,0.99700254
633,2,2,5.960464477539063e-08,0.00075051514,0.0025067169,0.9967429
633,2,2,0.0,0.0007762463,0.0026784174,0.9965455
633,2,2,0.0,0.00066589867,0.0019447054,0.99738944
633,2,2,0.0,0.0006740971,0.002091923,0.9972341
633,2,2,5.774199962615967e-08,0.0007185862,0.0022261536,0.99705523
610,2,2,0.0,0.00091894856,0.0034674867,0.99561363
610,2,2,5.960464477539063e-08,0.00085476995,0.003952497,0.99519277
610,2,2,0.0,0.0008071384,0.0034999156,0.99569315
610,2,2,0.0,0.000954263,0.0036116177,0.9954342
610,2,2,6.332993507385254e-08,0.00082376215,0.003758399,0.9954178
610,2,2,0.0,0.00084600766,0.0036777768,0.9954761
610,2,2,0.0,0.0008614711,0.0034861611,0.9956524
610,2,2,0.0,0.00083797827,0.003398771,0.99576324
610,2,2,0.0,0.00088512746,0.003608648,0.99550635
610,2,2,0.0,0.0008385346,0.0035799795,0.9955816
610,2,2,0.0,0.0008596554,0.0033145747,0.9958259
610,2,2,0.0,0.0008355674,0.0032724836,0.995892
610,2,2,6.146728992462158e-08,0.00085878803,0.0032699285,0.99587125
610,2,2,0.0,0.0008642311,0.0029124562,0.9962235
610,2,2,5.774199962615967e-08,0.0008340774,0.0032417043,0.9959241
610,2,2,0.0,0.0009129174,0.0036100144,0.99547714
610,2,2,0.0,0.000866582,0.0033345302,0.99579895
610,2,2,0.0,0.0008414092,0.0032203705,0.9959383
610,2,2,0.0,0.00079323247,0.0030586647,0.9961482
610,2,2,5.587935447692871e-08,0.00083380705,0.0031667522,0.9959995
610,2,2,0.0,0.0008856708,0.0029107805,0.99620366
610,2,2,1.862645149230957e-09,0.0009597641,0.0032228562,0.9958173
610,2,2,0.0,0.0008845928,0.003260019,0.99585545
610,2,2,0.0,0.0008506961,0.0032729595,0.99587643
610,2,2,0.0,0.00080247683,0.002893949,0.9963037
610,2,2,0.0,0.00088724744,0.0030081905,0.9961047
610,2,2,0.0,0.0008802186,0.0030043933,0.9961153
951,2,2,0.0,0.00048529851,0.0023738425,0.99714094
951,2,2,0.0,0.00054670905,0.0022765559,0.99717677
951,2,2,0.0,0.00057105406,0.0023591144,0.99706984
951,2,2,5.960464477539063e-08,0.00069603405,0.0024432824,0.9968607
951,2,2,0.0,0.00072712905,0.0024148508,0.996858
951,2,2,0.0,0.00072525226,0.002308633,0.99696636
951,2,2,0.0,0.000642571,0.0023217336,0.997036
951,2,2,0.0,0.00066113233,0.00233601,0.9970028
951,2,2,0.0,0.0006871083,0.0024854664,0.99682754
951,2,2,0.0,0.00077914284,0.0025224795,0.9966985
1005,2,2,5.960464477539063e-08,0.00070744177,0.0022018964,0.9970905
1005,2,2,0.0,0.0006161699,0.0018629385,0.9975208
1005,2,2,0.0,0.00055773224,0.0022144862,0.9972278
616,2,2,0.0,0.011288124,0.0027369428,0.9859749
616,2,2,0.0,0.0067479466,0.002770444,0.9904818
616,2,2,4.470348358154297e-08,0.017143644,0.0056471396,0.97720927
616,2,2,0.0,0.11945581,0.0027297016,0.87781453
616,2,2,0.0,0.0030900347,0.003044729,0.99386513
616,2,2,5.587935447692871e-08,0.002264847,0.0056380476,0.9920971
616,2,2,0.0,0.0033964426,0.0020235656,0.9945802
616,2,2,0.0,0.0027966367,0.008325135,0.98887825
616,2,2,0.0,0.002078387,0.41898537,0.57893634
616,2,2,0.0,0.0026014596,0.3483198,0.6490788
616,2,2,5.960464477539063e-08,0.0072981105,0.0035831274,0.98911875
616,2,2,0.0,0.006355553,0.029326396,0.9643182
616,2,1,0.0,0.003231409,0.635483,0.36128572
616,2,1,0.0,0.002251496,0.6999603,0.29778823
616,2,2,0.0,0.034458566,0.0057563228,0.9597851
616,2,2,0.0,0.0044334587,0.015102638,0.980464
616,2,2,0.0,0.0030405228,0.0061055156,0.9908542
616,2,2,0.0,0.0025615369,0.0044185375,0.99302
616,2,2,0.0,0.010637318,0.0065179644,0.9828448
616,2,2,0.0,0.005682021,0.07450223,0.9198159
616,2,2,0.0,0.029012049,0.006873826,0.9641142
616,2,2,0.0,0.0053133206,0.0018795743,0.9928073
616,2,2,6.332993507385254e-08,0.0010530221,0.004500588,0.99444634
616,2,2,0.0,0.0009404008,0.0025396962,0.99652004
616,2,2,0.0,0.0032727066,0.00260958,0.9941178
616,2,2,5.21540641784668e-08,0.006732503,0.0062731425,0.9869944
616,2,2,0.0,0.0018217874,0.0017201323,0.9964582
616,2,2,0.0,0.00060156785,0.0011254475,0.998273
616,2,2,0.0,0.0003800563,0.0015847175,0.9980354
616,2,2,0.0,0.00051004323,0.00197528,0.99751484
616,2,2,5.774199962615967e-08,0.00079892826,0.002341336,0.9968597
616,2,2,0.0,0.0016152514,0.00545673,0.9929281
616,2,2,0.0,0.00031443642,0.0014558859,0.9982299
616,2,2,9.313225746154785e-10,0.00026170345,0.001614052,0.9981243
616,2,2,0.0,0.00034282936,0.0015891179,0.9980682
616,2,2,0.0,0.00040877966,0.002891619,0.99669975
616,2,2,0.0,0.0007267214,0.0064576454,0.9928156
616,2,2,0.0,0.0013259753,0.006010873,0.9926634
616,2,2,0.0,0.0007003083,0.0037857965,0.9955139
616,2,2,0.0,0.0006558632,0.0019698765,0.9973745
616,2,2,0.0,0.0004525948,0.0015974056,0.9979502
616,2,2,0.0,0.00025261336,0.0021657834,0.9975816
616,2,2,0.0,0.00052354886,0.014981308,0.9844953
616,2,2,0.0,0.0010291028,0.087761596,0.9112093
616,2,2,0.0,0.00066458323,0.0024419827,0.99689347
616,2,2,0.0,0.0002963094,0.0019505776,0.9977533
616,2,2,2.9802322387695312e-08,0.0004955547,0.027496355,0.9720079
669,2,2,0.0,0.017370684,0.0009378014,0.9816917
669,2,2,5.960464477539063e-08,0.0004435884,0.0014397047,0.9981167
669,2,2,0.0,0.0003516923,0.0013862548,0.99826217
669,2,2,0.0,0.00045903912,0.0012824913,0.9982586
669,2,2,0.0,0.0005691479,0.0020302064,0.99740076
669,2,2,0.0,0.00079984654,0.0019253116,0.9972748
669,2,2,0.0,0.00064395403,0.0013908844,0.9979653
669,2,2,0.0,0.00059545337,0.0014611749,0.9979435
669,2,2,0.0,0.0005565583,0.0011513996,0.99829215
669,2,2,0.0,0.0006419263,0.0011911583,0.9981671
669,2,2,0.0,0.0005661788,0.0012803245,0.9981536
669,2,2,0.0,0.0006561885,0.001654841,0.9976892
669,2,2,0.0,0.0008900127,0.002218708,0.9968914
669,2,2,0.0,0.0010021293,0.002787885,0.99621016
669,2,2,0.0,0.0006415181,0.0019677284,0.99739087
669,2,2,0.0,0.0005809504,0.0017686028,0.9976505
669,2,2,0.0,0.00058865023,0.0015929937,0.9978184
669,2,2,0.0,0.00066263333,0.0012672766,0.9980702
669,2,2,0.0,0.0006384801,0.001165865,0.99819565
669,2,2,0.0,0.00062685815,0.00092999404,0.99844325
669,2,2,0.0,0.0005454914,0.0013794558,0.99807507
669,2,2,0.0,0.0008408754,0.0021569317,0.9970022
669,2,2,0.0,0.0008463825,0.002373445,0.99678034
669,2,2,0.0,0.00093186507,0.002648157,0.99641997
669,2,2,5.960464477539063e-08,0.0008308134,0.002273758,0.9968954
669,2,2,0.0,0.0007055374,0.0015901033,0.9977045
669,2,2,0.0,0.0008123924,0.0014176018,0.9977703
669,2,2,0.0,0.00062310684,0.0010481604,0.99832886
669,2,2,0.0,0.000384243,0.0020368572,0.99757904
669,2,2,5.8673322200775146e-08,0.000556769,0.0012907824,0.99815243
669,2,2,0.0,0.00086119346,0.003445605,0.9956933
669,2,2,0.0,0.0007720465,0.0031953354,0.9960327
669,2,2,0.0,0.0011025099,0.0037977204,0.99509996
669,2,2,0.0,0.0010148002,0.0034143764,0.9955709
669,2,2,0.0,0.000886389,0.002189877,0.99692386
669,2,2,0.0,0.00085199677,0.0012848362,0.9978633
669,2,2,0.0,0.00064741925,0.0011813341,0.99817127
669,2,2,0.0,0.00077900727,0.0045563825,0.9946646
669,2,2,0.0,0.0017637787,0.0022831492,0.9959531
669,2,2,0.0,0.008752226,0.0062680147,0.98497975
669,2,2,0.0,0.0010554818,0.0076495544,0.991295
669,2,2,0.0,0.00043573274,0.003158812,0.9964056
669,2,2,0.0,0.0003962561,0.0015083364,0.9980955
669,2,2,0.0,0.00029835358,0.0013943993,0.9983074
669,2,2,0.0,0.0010745102,0.0041245576,0.994801
669,2,2,0.0,0.0010216539,0.0037848128,0.9951935
669,2,2,3.725290298461914e-09,0.0010008943,0.0027857006,0.9962134
669,2,2,0.0,0.0006721741,0.0013632585,0.9979648
669,2,2,0.0,0.0017964371,0.0018606117,0.9963431
669,2,2,5.587935447692871e-08,0.0022218905,0.0040277885,0.99375015
669,2,2,0.0,0.00049054634,0.00118065,0.99832886
669,2,2,0.0,0.00047480018,0.0017522173,0.9977731
669,2,2,5.960464477539063e-08,0.00046802772,0.0017514437,0.99778044
669,2,2,1.862645149230957e-09,0.0008971493,0.003041268,0.9960615
669,2,2,0.0,0.0005810332,0.0017898857,0.99762917
669,2,2,0.0,0.0003896751,0.0015015751,0.99810886
669,2,2,0.0,0.0009614301,0.0047809333,0.9942575
669,2,2,0.0,0.008827271,0.021953844,0.96921897
669,2,2,0.0,0.0007455852,0.0028924025,0.9963621
669,2,2,1.862645149230957e-09,0.0009805091,0.0030486176,0.9959709
669,2,2,5.587935447692871e-08,0.00096518104,0.0029880886,0.99604666
669,2,2,0.0,0.0010311679,0.00328045,0.99568856
669,2,2,0.0,0.006054926,0.022627063,0.9713181
669,2,2,0.0,0.0012465263,0.0045117913,0.9942418
669,2,2,0.0,0.0014975207,0.0050703515,0.9934321
669,2,2,5.21540641784668e-08,0.0011153518,0.0065897075,0.9922948
669,2,2,1.862645149230957e-09,0.0005729109,0.0036022405,0.9958249
1012,2,2,0.0,0.0005838697,0.002100352,0.9973159
1012,2,2,0.0,0.00070401875,0.0024709068,0.9968252
1012,2,2,0.0,0.00055548584,0.0024856478,0.99695885
1012,2,2,0.0,0.00061968155,0.0021174601,0.997263
1012,2,2,0.0,0.0007649926,0.002186445,0.9970488
603,2,2,0.0,0.0005542582,0.0021954319,0.9972505
603,2,2,0.0,0.0006039943,0.0015975815,0.9977985
570,2,2,0.0,0.0022301793,0.009938785,0.9878311
570,2,2,5.587935447692871e-08,0.0011605618,0.0041653733,0.9946739
570,2,2,5.774199962615967e-08,0.0009524678,0.0028525093,0.996195
570,2,2,0.0,0.0011953969,0.0037735354,0.995031
570,2,2,0.0,0.0010777245,0.0035787746,0.9953436
570,2,2,0.0,0.0009823589,0.003639373,0.99537843
570,2,2,1.862645149230957e-09,0.00085869833,0.0027246817,0.9964167
570,2,2,0.0,0.0009691999,0.0031046267,0.9959264
570,2,2,0.0,0.0010435046,0.00339222,0.9955645
570,2,2,0.0,0.0008553506,0.0024924702,0.9966523
570,2,2,0.0,0.0008415581,0.0024988723,0.9966597
570,2,2,5.960464477539063e-08,0.0008956191,0.0028787984,0.99622554
570,2,2,0.0,0.0009816969,0.0032419115,0.9957766
570,2,2,0.0,0.0008993354,0.0026499266,0.99645084
570,2,2,0.0,0.0008909936,0.0026686126,0.9964404
570,2,2,0.0,0.0008483584,0.0030040166,0.9961477
576,2,2,0.0,0.000849506,0.0027307728,0.99641985
576,2,2,0.0,0.00081916864,0.0025501212,0.9966308
576,2,2,0.0,0.00080220826,0.0025329595,0.99666494
576,2,2,0.0,0.0008109901,0.0024696784,0.9967195
576,2,2,0.0,0.00077776867,0.0024067268,0.9968157
576,2,2,0.0,0.0007707922,0.0022506695,0.9969788
976,2,2,0.0,0.00085552555,0.0024508028,0.99669373
976,2,2,0.0,0.0007981656,0.0026226873,0.99657935
976,2,2,0.0,0.000846699,0.0026961763,0.9964572
976,2,2,0.0,0.0008305152,0.002673246,0.9964963
976,2,2,5.774199962615967e-08,0.0008817843,0.0026513613,0.9964668
976,2,2,5.960464477539063e-08,0.00083908386,0.002628286,0.9965326
976,2,2,0.0,0.0008975215,0.0026870046,0.99641556
976,2,2,0.0,0.0007315493,0.0024078654,0.9968607
613,2,2,0.0,0.0011949106,0.0045781936,0.9942269
613,2,2,0.0,0.0008439552,0.0029147319,0.9962415
613,2,2,1.862645149230957e-09,0.00081436033,0.0030217576,0.9961639
613,2,2,0.0,0.0007360136,0.0026878528,0.99657625
613,2,2,3.725290298461914e-09,0.0007974823,0.00283592,0.9963666
613,2,2,0.0,0.0008191276,0.002798208,0.9963827
613,2,2,0.0,0.000815936,0.0027929412,0.99639124
613,2,2,0.0,0.0007924446,0.0027177033,0.99649
613,2,2,0.0,0.00082354684,0.002795769,0.9963808
613,2,2,1.862645149230957e-09,0.00075805956,0.0028944525,0.9963476
613,2,2,0.0,0.0007904316,0.0028963939,0.9963132
613,2,2,0.0,0.00068773865,0.0026154786,0.99669695
613,2,2,0.0,0.00082428235,0.002825621,0.9963503
613,2,2,0.0,0.0008365147,0.0028986887,0.996265
613,2,2,0.0,0.0007388396,0.0028112317,0.99644995
613,2,2,5.587935447692871e-08,0.0007853649,0.0030174195,0.9961973
613,2,2,0.0,0.0007832844,0.002744435,0.9964724
613,2,2,0.0,0.0008462441,0.0030126562,0.9961412
613,2,2,1.862645149230957e-09,0.0008408906,0.0028239293,0.9963352
613,2,2,0.0,0.00072834257,0.002649535,0.9966222
613,2,2,0.0,0.0006992882,0.002404568,0.99689627
613,2,2,0.0,0.0007737123,0.0026652464,0.99656105
613,2,2,0.0,0.0008193495,0.0028250308,0.9963557
613,2,2,0.0,0.000832265,0.0028319487,0.99633604
613,2,2,6.146728992462158e-08,0.0007671903,0.0025643283,0.9966684
613,2,2,0.0,0.00075577665,0.0027006655,0.99654365
608,2,2,0.0,0.0007117339,0.0025683912,0.9967199
608,2,2,0.0,0.00074867863,0.0024624502,0.996789
608,2,2,0.0,0.00073998165,0.002524377,0.9967357
608,2,2,0.0,0.00073917967,0.0026123638,0.9966486
608,2,2,0.0,0.00078532717,0.0028553263,0.9963593
608,2,2,0.0,0.000696283,0.0024004255,0.99690336
608,2,2,5.774199962615967e-08,0.00073869165,0.002449847,0.9968115
608,2,2,0.0,0.00076118915,0.002629078,0.9966098
608,2,2,0.0,0.0007108415,0.002590628,0.9966985
608,2,2,0.0,0.000835062,0.0025865464,0.9965784
608,2,2,5.774199962615967e-08,0.00074532896,0.0024521167,0.9968025
608,2,2,0.0,0.0007431882,0.0025812865,0.9966756
608,2,2,0.0,0.00082613446,0.0027703068,0.9964037
608,2,2,0.0,0.00073897914,0.0026481622,0.9966129
608,2,2,0.0,0.001100861,0.0032881768,0.99561113
608,2,2,0.0,0.00076535344,0.0025076899,0.99672705
608,2,2,5.960464477539063e-08,0.00083981553,0.0025703646,0.99658984
608,2,2,0.0,0.0007122662,0.002632533,0.9966554
622,2,2,4.470348358154297e-08,0.0057466147,0.007880784,0.9863726
622,2,2,0.0,0.004209476,0.0028400554,0.99295056
622,2,2,3.725290298461914e-09,0.0047018067,0.0030882864,0.99220985
622,2,1,5.960464477539063e-08,0.0012985794,0.9135258,0.08517565
622,2,2,4.470348358154297e-08,0.0030748514,0.029740851,0.96718425
622,2,2,7.450580596923828e-09,0.0062752096,0.007921182,0.9858037
622,2,2,0.0,0.010385263,0.006296037,0.98331875
670,2,2,0.0,0.00084063405,0.002571245,0.9965881
670,2,2,0.0,0.00081474136,0.002683578,0.9965019
670,2,2,0.0,0.0008346691,0.0026805012,0.9964849
670,2,2,0.0,0.0009188,0.0027340914,0.9963472
670,2,2,5.587935447692871e-09,0.0008975712,0.0026792437,0.9964232
670,2,2,0.0,0.00085992634,0.0027718619,0.99636835
670,2,2,0.0,0.000877621,0.002900497,0.996222
670,2,2,0.0,0.0008777277,0.0026641374,0.9964582
670,2,2,0.0,0.0008872999,0.0025304402,0.9965822
670,2,2,0.0,0.0008809975,0.0025780008,0.996541
670,2,2,6.146728992462158e-08,0.00086393644,0.0028160762,0.99631995
670,2,2,0.0,0.0008556198,0.0028716116,0.996273
670,2,2,0.0,0.0008274986,0.0020134114,0.9971591
670,2,2,0.0,0.0008123672,0.0023662718,0.99682134
683,2,2,0.0,0.004032566,0.0009814408,0.9949861
683,2,2,6.146728992462158e-08,0.0013624962,0.00084694533,0.9977906
683,2,2,0.0,0.0034609009,0.0008211898,0.995718
683,2,2,0.0,0.15346892,0.010940022,0.83559126
683,2,2,0.0,0.0025402422,0.0022072576,0.9952526
683,2,2,0.0,0.0012923386,0.0014138113,0.99729383
683,2,2,0.0,0.0011166955,0.0009657367,0.99791765
683,2,2,0.0,0.02392308,0.006900753,0.96917623
683,2,2,0.0,0.24587615,0.027242625,0.7268814
683,2,2,1.1920928955078125e-07,0.39251354,0.011186226,0.59630036
683,2,2,0.0,0.028832631,0.061922744,0.9092447
647,2,2,0.0,0.017370684,0.0009378014,0.9816917
647,2,2,5.960464477539063e-08,0.0004435884,0.0014397047,0.9981167
647,2,2,0.0,0.0003516923,0.0013862548,0.99826217
647,2,2,0.0,0.00045903912,0.0012824913,0.9982586
647,2,2,0.0,0.0005691479,0.0020302064,0.99740076
647,2,2,0.0,0.00079984654,0.0019253116,0.9972748
647,2,2,0.0,0.00064395403,0.0013908844,0.9979653
647,2,2,0.0,0.00059545337,0.0014611749,0.9979435
647,2,2,0.0,0.0005565583,0.0011513996,0.99829215
647,2,2,0.0,0.0006419263,0.0011911583,0.9981671
647,2,2,0.0,0.0005661788,0.0012803245,0.9981536
647,2,2,0.0,0.0006561885,0.001654841,0.9976892
647,2,2,0.0,0.0008900127,0.002218708,0.9968914
647,2,2,0.0,0.0010021293,0.002787885,0.99621016
647,2,2,0.0,0.0006415181,0.0019677284,0.99739087
647,2,2,0.0,0.0005809504,0.0017686028,0.9976505
647,2,2,0.0,0.00058865023,0.0015929937,0.9978184
647,2,2,0.0,0.00066263333,0.0012672766,0.9980702
647,2,2,0.0,0.0006384801,0.001165865,0.99819565
647,2,2,0.0,0.00062685815,0.00092999404,0.99844325
647,2,2,0.0,0.0005454914,0.0013794558,0.99807507
647,2,2,0.0,0.0008408754,0.0021569317,0.9970022
647,2,2,0.0,0.0008463825,0.002373445,0.99678034
647,2,2,0.0,0.00093186507,0.002648157,0.99641997
647,2,2,5.960464477539063e-08,0.0008308134,0.002273758,0.9968954
647,2,2,0.0,0.0007055374,0.0015901033,0.9977045
647,2,2,0.0,0.0008123924,0.0014176018,0.9977703
647,2,2,0.0,0.00062310684,0.0010481604,0.99832886
647,2,2,0.0,0.000384243,0.0020368572,0.99757904
647,2,2,5.8673322200775146e-08,0.000556769,0.0012907824,0.99815243
647,2,2,0.0,0.00086119346,0.003445605,0.9956933
647,2,2,0.0,0.0007720465,0.0031953354,0.9960327
647,2,2,0.0,0.0011025099,0.0037977204,0.99509996
647,2,2,0.0,0.0010148002,0.0034143764,0.9955709
647,2,2,0.0,0.000886389,0.002189877,0.99692386
647,2,2,0.0,0.00085199677,0.0012848362,0.9978633
647,2,2,0.0,0.00064741925,0.0011813341,0.99817127
647,2,2,0.0,0.00077900727,0.0045563825,0.9946646
647,2,2,0.0,0.0017637787,0.0022831492,0.9959531
647,2,2,0.0,0.008752226,0.0062680147,0.98497975
647,2,2,0.0,0.0010554818,0.0076495544,0.991295
647,2,2,0.0,0.00043573274,0.003158812,0.9964056
647,2,2,0.0,0.0003962561,0.0015083364,0.9980955
647,2,2,0.0,0.00029835358,0.0013943993,0.9983074
647,2,2,0.0,0.0010745102,0.0041245576,0.994801
647,2,2,0.0,0.0010216539,0.0037848128,0.9951935
647,2,2,3.725290298461914e-09,0.0010008943,0.0027857006,0.9962134
647,2,2,0.0,0.0006721741,0.0013632585,0.9979648
647,2,2,0.0,0.0017964371,0.0018606117,0.9963431
647,2,2,5.587935447692871e-08,0.0022218905,0.0040277885,0.99375015
647,2,2,0.0,0.00049054634,0.00118065,0.99832886
647,2,2,0.0,0.00047480018,0.0017522173,0.9977731
647,2,2,5.960464477539063e-08,0.00046802772,0.0017514437,0.99778044
647,2,2,1.862645149230957e-09,0.0008971493,0.003041268,0.9960615
647,2,2,0.0,0.0005810332,0.0017898857,0.99762917
647,2,2,0.0,0.0003896751,0.0015015751,0.99810886
647,2,2,0.0,0.0009614301,0.0047809333,0.9942575
647,2,2,0.0,0.008827271,0.021953844,0.96921897
647,2,2,0.0,0.0007455852,0.0028924025,0.9963621
647,2,2,1.862645149230957e-09,0.0009805091,0.0030486176,0.9959709
647,2,2,5.587935447692871e-08,0.00096518104,0.0029880886,0.99604666
647,2,2,0.0,0.0010311679,0.00328045,0.99568856
647,2,2,0.0,0.006054926,0.022627063,0.9713181
647,2,2,0.0,0.0012465263,0.0045117913,0.9942418
647,2,2,0.0,0.0014975207,0.0050703515,0.9934321
647,2,2,5.21540641784668e-08,0.0011153518,0.0065897075,0.9922948
647,2,2,1.862645149230957e-09,0.0005729109,0.0036022405,0.9958249
631,2,2,0.0,0.00027668054,0.0012036778,0.99851984
631,2,2,0.0,0.0003335982,0.0012543635,0.9984122
631,2,2,0.0,0.00049249985,0.0012220811,0.9982855
631,2,2,5.960464477539063e-08,0.0006168431,0.0015610479,0.997822
631,2,2,0.0,0.0001985224,0.0018282377,0.9979734
631,2,2,0.0,0.00032797648,0.0012019046,0.99847025
631,2,2,0.0,0.00053622597,0.0013913659,0.99807256
631,2,2,0.0,0.00038675545,0.0014716138,0.99814177
631,2,2,0.0,0.00043770793,0.0012125165,0.9983498
631,2,2,0.0,0.0005174469,0.006436734,0.9930459
631,2,2,5.21540641784668e-08,0.0007525736,0.0139443055,0.9853031
631,2,2,5.960464477539063e-08,0.00061100326,0.0021296295,0.9972593
631,2,2,0.0,0.00030190125,0.0050236876,0.9946746
631,2,2,0.0,0.000363782,0.024928339,0.974708
631,2,2,7.450580596923828e-09,0.005076714,0.013579871,0.98134345
631,2,2,0.0,0.0009279347,0.051293638,0.9477787
631,2,2,0.0,0.0006711733,0.022905938,0.97642285
631,2,2,0.0,0.00033801215,0.011286333,0.9883757
702,2,2,6.146728992462158e-08,0.0008306268,0.0034139873,0.9957554
702,2,2,0.0,0.0008488383,0.0028886588,0.9962626
702,2,2,0.0,0.00077135256,0.002806786,0.996422
702,2,2,0.0,0.00077670533,0.0028969946,0.99632645
702,2,2,0.0,0.0007821259,0.0033635222,0.9958545
702,2,2,0.0,0.0009037771,0.0030939183,0.9960023
702,2,2,0.0,0.0008598464,0.0029206127,0.99621964
702,2,2,0.0,0.00079392875,0.0027320415,0.99647415
702,2,2,0.0,0.0008115967,0.0028381278,0.9963504
702,2,2,0.0,0.00087550306,0.0028677802,0.9962568
702,2,2,0.0,0.00082119135,0.0029315,0.9962473
702,2,2,0.0,0.00077684835,0.0027471401,0.9964762
702,2,2,1.862645149230957e-09,0.000769297,0.0027077019,0.996523
702,2,2,0.0,0.0008732446,0.0027268978,0.9964
702,2,2,1.862645149230957e-09,0.00086279074,0.0028704603,0.9962668
702,2,2,0.0,0.00083496765,0.0029838302,0.9961814
702,2,2,0.0,0.0007816323,0.0027368267,0.9964816
702,2,2,0.0,0.00078897015,0.0025096338,0.9967015
702,2,2,5.029141902923584e-08,0.0008238627,0.0027216873,0.9964544
702,2,2,0.0,0.0008318266,0.0027273009,0.9964409
702,2,2,0.0,0.0008322043,0.0028419576,0.9963259
702,2,2,0.0,0.0007819626,0.0025321457,0.996686
702,2,2,5.960464477539063e-08,0.00080538716,0.0025317667,0.99666274
582,2,2,0.0,0.2558243,0.01354411,0.73063165
582,2,2,0.0,0.0021863608,0.0024512517,0.99536246
582,2,2,0.0,0.0005787539,0.0031469408,0.9962744
582,2,2,0.0,0.0021916684,0.0023889816,0.9954195
582,2,2,0.0,0.012242176,0.002214783,0.98554325
582,2,2,0.0,0.0010639762,0.0010440729,0.9978921
582,2,2,0.0,0.00055901404,0.0014643974,0.99797666
582,2,2,9.313225746154785e-10,0.0005251238,0.0014245752,0.99805033
582,2,2,0.0,0.00047675832,0.0011987382,0.9983246
582,2,2,0.0,0.00064634986,0.0016489122,0.9977049
582,2,2,0.0,0.0074720033,0.016125727,0.9764024
582,2,2,0.0,0.00043994395,0.0015335284,0.9980265
582,2,2,0.0,0.00033129647,0.0013582952,0.9983105
582,2,2,0.0,0.00033120514,0.0012829849,0.9983859
582,2,2,0.0,0.001197462,0.0021129407,0.99668986
582,2,2,0.0,0.0028898313,0.0023158514,0.9947945
582,2,2,0.0,0.0012656823,0.0038637647,0.9948706
582,2,2,0.0,0.0016500566,0.0044371663,0.99391276
582,2,2,0.0,0.0014982708,0.003890175,0.99461174
582,2,2,0.0,0.0038276343,0.001987358,0.9941851
582,2,2,5.960464477539063e-08,0.0027603891,0.0014708772,0.99576867
582,2,2,0.0,0.0032934963,0.002083535,0.9946232
582,2,2,0.0,0.009401596,0.0063244086,0.9842741
582,2,2,0.0,0.040082894,0.07406213,0.8858549
582,2,1,0.0,0.019471198,0.8244763,0.1560526
582,2,2,0.0,0.0015768016,0.024867576,0.9735557
582,2,2,0.0,0.0009165704,0.013160888,0.9859228
582,2,2,0.0,0.0009134151,0.008305271,0.9907814
582,2,2,0.0,0.0008275503,0.008379943,0.9907927
582,2,2,5.21540641784668e-08,0.0012041504,0.006146065,0.9926497
582,2,2,0.0,0.00052242295,0.0008924112,0.99858516
582,2,2,0.0,0.00025574886,0.0020292357,0.9977151
582,2,2,0.0,0.000806063,0.0052747508,0.9939194
582,2,2,0.0,0.00091472926,0.0514852,0.9476
582,2,2,0.0,0.0004933199,0.0013719173,0.99813473
582,2,2,0.0,0.0004924205,0.0011807063,0.99832696
582,2,2,0.0,0.00049431075,0.0010732255,0.9984325
582,2,2,0.0,0.00079445547,0.011326028,0.9878797
582,2,2,9.313225746154785e-10,0.00036690186,0.0014466564,0.9981865
582,2,2,0.0,0.0003882851,0.0014958472,0.99811596
582,2,2,0.0,0.00041490846,0.0015540301,0.9980312
582,2,2,0.0,0.00056034815,0.002011074,0.99742854
582,2,2,0.0,0.0007479632,0.0014475852,0.9978046
582,2,2,0.0,0.00057989836,0.0015057996,0.9979143
582,2,2,0.0,0.00058377924,0.0013583995,0.9980579
582,2,2,0.0,0.0011433761,0.017055567,0.98180115
582,2,2,0.0,0.0018270393,0.005716404,0.9924565
582,2,2,7.450580596923828e-09,0.00053403334,0.008047641,0.99141836
582,2,2,0.0,0.00042765957,0.022444472,0.977128
582,2,2,0.0,0.0015576422,0.024138952,0.9743033
582,2,2,0.0,0.0023503383,0.00784055,0.98980916
582,2,2,0.0,0.0012294034,0.0021655986,0.99660504
582,2,2,0.0,0.0010338546,0.0019373435,0.9970289
582,2,2,0.0,0.0007983411,0.0028694011,0.9963323
582,2,2,0.0,0.00065281946,0.0031303526,0.9962169
582,2,2,0.0,0.0028824755,0.022749921,0.97436774
582,2,2,0.0,0.03127457,0.0714087,0.8973169
582,2,2,0.0,0.0024065604,0.035193596,0.96239996
630,2,2,0.0,0.09108656,0.012134935,0.8967785
630,2,2,0.0,0.3495616,0.02585667,0.6245818
630,2,2,0.0,0.0012774614,0.042246986,0.95647573
630,2,2,0.0,0.022820259,0.1445823,0.8325977
630,2,0,0.0,0.9150798,0.0062647844,0.07865549
630,2,0,0.0,0.6793814,0.017676424,0.3029423
630,2,2,0.0,0.0003641765,0.010496519,0.9891395
630,2,2,0.0,0.0005446662,0.0022614207,0.99719393
630,2,2,0.0,0.00049733627,0.003064722,0.996438
630,2,2,6.332993507385254e-08,0.0005126141,0.0031798712,0.99630755
630,2,2,0.0,0.00021664341,0.008541413,0.991242
630,2,2,0.0,0.00037446606,0.0016647888,0.9979607
630,2,2,0.0,0.000549246,0.0014309905,0.9980198
630,2,2,0.0,0.0005624635,0.0015658078,0.9978719
630,2,2,0.0,0.0004892316,0.0015401458,0.9979707
630,2,2,0.0,0.00039407256,0.0019409691,0.9976651
630,2,2,0.0,0.3345529,0.011199522,0.6542476
630,2,2,0.0,0.0002547829,0.0024442298,0.9973011
630,2,2,0.0,0.00045474488,0.0015632892,0.9979821
630,2,2,0.0,0.0006262505,0.001472301,0.99790156
630,2,2,0.0,0.00062036567,0.001477699,0.997902
630,2,2,0.0,0.00052937516,0.0016448381,0.99782586
630,2,2,0.0,0.00036995747,0.0016836604,0.9979464
630,2,2,1.862645149230957e-09,0.0005670128,0.0010102838,0.99842274
630,2,2,0.0,0.0009035138,0.0016456218,0.9974508
630,2,0,0.0,0.7405716,0.0035659971,0.25586239
630,2,1,0.0,0.0007488182,0.8987812,0.10047012
630,2,2,0.0,0.00024098951,0.0018299515,0.9979291
630,2,2,5.960464477539063e-08,0.0004632701,0.0015959872,0.99794066
630,2,2,0.0,0.00064088893,0.0014796626,0.99787945
630,2,2,0.0,0.00069701683,0.0015451316,0.9977579
630,2,2,0.0,0.0006988109,0.0015047037,0.9977966
630,2,2,0.0,0.000555211,0.0017018466,0.99774307
630,2,2,0.0,0.00063955446,0.0026878056,0.99667263
630,2,2,0.0,0.00045420785,0.0016512781,0.99789464
630,2,2,0.0,0.00059898314,0.0020390127,0.9973621
630,2,2,0.0,0.00064609776,0.0025575191,0.9967966
630,2,2,0.0,0.00042797762,0.1144305,0.8851415
630,2,2,0.0,0.00032441612,0.0012921994,0.9983835
630,2,2,0.0,0.0005603227,0.0014899309,0.9979498
630,2,2,0.0,0.00062492606,0.0014400287,0.9979353
630,2,2,0.0,0.00077326345,0.0014721099,0.9977547
630,2,2,0.0,0.0007970836,0.001499475,0.9977036
630,2,2,0.0,0.00062280975,0.001204739,0.99817246
630,2,2,0.0,0.0006538142,0.0031250895,0.9962211
630,2,2,0.0,0.0004834879,0.010276376,0.98924017
630,2,2,0.0,0.00058409834,0.0019392383,0.99747676
630,2,2,0.0,0.0005967663,0.003292209,0.99611104
630,2,2,0.0,0.00026377235,0.0026435824,0.9970927
630,2,2,0.0,0.00039864212,0.00080579397,0.9987956
630,2,2,0.0,0.00060748315,0.0011522382,0.9982404
630,2,2,0.0,0.0007397569,0.0013542507,0.99790615
630,2,2,0.0,0.0010284013,0.0013127337,0.99765885
630,2,2,0.0,0.0010514978,0.0012081136,0.9977407
630,2,2,0.0,0.0008365055,0.0012940165,0.99786955
630,2,2,0.0,0.00044735838,0.0015522556,0.99800056
630,2,2,0.0,0.00041042984,0.0027220238,0.9968676
630,2,2,0.0,0.0005873143,0.002002863,0.99741
630,2,2,0.0,0.0007227183,0.008928607,0.9903488
630,2,2,0.0,0.012134414,0.010578819,0.97728676
630,2,2,6.332993507385254e-08,0.0063761664,0.0028705327,0.9907533
630,2,2,0.0,0.00036346103,0.0011510187,0.9984857
630,2,2,0.0,0.00030859822,0.0015211838,0.9981703
630,2,2,0.0,0.00077587104,0.001403622,0.9978205
630,2,2,0.0,0.00075371773,0.0013676378,0.99787873
630,2,2,0.0,0.00057880493,0.001166851,0.9982544
630,2,2,0.0,0.0005255504,0.0013421102,0.99813247
630,2,2,0.0,0.0007029564,0.001274093,0.99802303
630,2,2,0.0,0.00050845364,0.0048087575,0.99468285
630,2,2,0.0,0.011471214,0.010067705,0.9784612
630,2,2,0.0,0.0064813993,0.03601522,0.95750344
630,2,0,0.0,0.93956375,0.012521953,0.047914542
630,2,2,5.587935447692871e-08,0.0002556723,0.006482404,0.9932619
630,2,2,1.862645149230957e-09,0.0006596447,0.0018423299,0.9974981
630,2,2,0.0,0.00068371877,0.0018837096,0.9974327
630,2,2,0.0,0.00035716535,0.0019426061,0.9977003
630,2,2,0.0,0.00022781205,0.0031429175,0.9966294
986,2,2,0.0,0.0016825529,0.0031453809,0.9951722
986,2,2,0.0,0.0012968802,0.0042110947,0.9944921
986,2,2,0.0,0.0009172298,0.005300038,0.99378294
986,2,2,0.0,0.0020013212,0.0017977122,0.99620104
986,2,2,0.0,0.0020112656,0.0038485562,0.9941402
986,2,2,0.0,0.0024822925,0.037471123,0.96004677
986,2,2,0.0,0.0008563974,0.034433495,0.9647103
986,2,2,0.0,0.0013337026,0.0026119354,0.9960546
986,2,2,0.0,0.0021336474,0.0047025625,0.993164
986,2,2,0.0,0.016419057,0.053477004,0.9301042
986,2,2,0.0,0.000823453,0.08288032,0.9162962
986,2,2,0.0,0.0012018495,0.0072448566,0.9915533
986,2,2,0.0,0.0021267058,0.0043654004,0.9935079
986,2,2,0.0,0.021665603,0.018915638,0.9594188
986,2,2,0.0,0.0013043372,0.10582259,0.8928732
986,2,2,0.0,0.0015436697,0.027314797,0.9711416
986,2,2,0.0,0.0018223783,0.007085413,0.9910922
986,2,2,5.960464477539063e-08,0.008991596,0.023510352,0.967498
986,2,2,5.960464477539063e-08,0.0018760758,0.0035172866,0.9946066
986,2,2,0.0,0.0032491044,0.0041653374,0.9925856
986,2,2,0.0,0.018977528,0.011772063,0.9692506
986,2,2,0.0,0.0019591656,0.0025409644,0.9955
986,2,2,0.0,0.0022240889,0.0027224533,0.99505347
986,2,2,5.587935447692871e-08,0.0053846054,0.0032093623,0.991406
986,2,2,0.0,0.001925733,0.0028101956,0.9952641
986,2,2,6.332993507385254e-08,0.0018671093,0.003274625,0.9948583
986,2,2,7.450580596923828e-09,0.0037288507,0.004380224,0.99189097
986,2,2,0.0,0.0047890535,0.0027849553,0.99242604
986,2,2,0.0,0.001333917,0.0056129885,0.9930532
986,2,2,5.960464477539063e-08,0.0020264015,0.01787987,0.9800936
986,2,2,0.0,0.004233594,0.006163318,0.98960316
986,2,2,0.0,0.0033405237,0.002093876,0.9945656
986,2,2,0.0,0.005849755,0.0023064367,0.99184376
986,2,2,0.0,0.0061318004,0.0034827916,0.9903855
986,2,2,0.0,0.0070314007,0.02087661,0.9720921
986,2,2,5.960464477539063e-08,0.0029900856,0.021131452,0.97587836
986,2,2,0.0,0.0011348554,0.29946947,0.6993958
986,2,2,0.0,0.001824874,0.032406908,0.96576834
986,2,2,0.0,0.0019128337,0.003127412,0.9949598
986,2,2,0.0,0.0020755308,0.0028369466,0.9950876
986,2,2,4.470348358154297e-08,0.0030649253,0.01278459,0.98415047
986,2,1,0.0,0.0015879088,0.8485736,0.1498386
986,2,1,0.0,0.00081762165,0.848511,0.15067144
986,2,2,0.0,0.0014559921,0.009272509,0.98927164
986,2,2,0.0,0.0018295596,0.0043571675,0.9938134
986,2,2,5.960464477539063e-08,0.0035670348,0.046660535,0.94977236
986,2,2,0.0,0.001542744,0.23368032,0.764777
986,2,2,0.0,0.0031541986,0.028480599,0.96836525
986,2,2,0.0,0.0024421175,0.0406379,0.95692015
986,2,2,0.0,0.0008550305,0.0041577057,0.9949874
518,2,2,0.0,0.0008238509,0.0023272801,0.99684906
518,2,2,0.0,0.00083225156,0.00282692,0.9963409
518,2,2,0.0,0.0007977874,0.0027139233,0.9964885
518,2,2,0.0,0.0008167847,0.002522198,0.9966611
518,2,2,0.0,0.0007638145,0.0023673542,0.9968691
518,2,2,0.0,0.00083166524,0.0024786647,0.99668974
518,2,2,0.0,0.00076306495,0.0022968892,0.99694014
632,2,2,0.0,0.00060420344,0.0032628276,0.9961329
632,2,2,3.725290298461914e-09,0.00069629593,0.0024840517,0.9968196
632,2,2,0.0,0.0005799637,0.0024385604,0.99698156
990,2,2,0.0,0.0006135228,0.0017291191,0.99765736
990,2,2,0.0,0.0006617445,0.0018392331,0.99749917
990,2,2,0.0,0.00062952115,0.0018033917,0.9975672
990,2,2,0.0,0.00059915567,0.0018660014,0.9975349
532,2,2,0.0,0.00087439996,0.0027422009,0.99638325
532,2,2,0.0,0.0008840105,0.0027366218,0.9963795
532,2,2,0.0,0.0008639649,0.0025316048,0.99660444
532,2,2,0.0,0.00092696265,0.0027283402,0.99634475
532,2,2,0.0,0.00091593387,0.0027554487,0.9963287
532,2,2,0.0,0.0009277506,0.0027437443,0.99632853
532,2,2,0.0,0.0009009312,0.002721477,0.9963777
532,2,2,0.0,0.0008592562,0.0025888833,0.99655193
532,2,2,1.862645149230957e-09,0.0008877489,0.0026455824,0.99646676
532,2,2,0.0,0.0009062486,0.002765935,0.99632776
532,2,2,5.587935447692871e-08,0.00092273875,0.0028498066,0.99622744
532,2,2,0.0,0.0008925742,0.002726509,0.996381
532,2,2,1.862645149230957e-09,0.0008542488,0.0026891646,0.99645674
532,2,2,0.0,0.0008702732,0.002599772,0.99653
532,2,2,0.0,0.0008515378,0.0024674677,0.9966812
532,2,2,0.0,0.0009406457,0.0026821657,0.9963774
532,2,2,0.0,0.0008925176,0.0026927472,0.9964147
532,2,2,1.862645149230957e-09,0.0008850962,0.0026232188,0.9964916
532,2,2,0.0,0.00084227877,0.002640215,0.99651754
532,2,2,0.0,0.00086848735,0.0026471673,0.9964844
532,2,2,0.0,0.00080161175,0.0026144064,0.9965841
532,2,2,0.0,0.00087077805,0.0026004985,0.99652886
532,2,2,0.0,0.000799532,0.0024780442,0.9967224
532,2,2,0.0,0.0008266507,0.0024475048,0.996726
532,2,2,0.0,0.0008160442,0.0025302905,0.9966537
532,2,2,0.0,0.0008030644,0.0024440654,0.9967529
532,2,2,0.0,0.00079590693,0.002528942,0.9966752
532,2,2,0.0,0.0007226298,0.0020546874,0.99722284
532,2,2,0.0,0.00073255075,0.0019877777,0.9972797
532,2,2,0.0,0.0008008862,0.0023657314,0.9968335
532,2,2,0.0,0.0007984968,0.0023094476,0.99689215
532,2,2,0.0,0.0007913405,0.0024715504,0.9967371
532,2,2,0.0,0.0007780324,0.0023737235,0.9968483
532,2,2,0.0,0.0007734143,0.00241952,0.9968072
615,2,2,3.725290298461914e-09,0.00051550404,0.0027792905,0.99670523
615,2,2,0.0,0.0005152055,0.002125538,0.9973594
529,2,2,0.0,0.20042317,0.0140164085,0.78556055
529,2,2,3.725290298461914e-09,0.0011297817,0.0047653243,0.994105
529,2,2,5.960464477539063e-08,0.0005312585,0.0033171158,0.99615157
529,2,2,0.0,0.23295023,0.026720176,0.74032974
529,2,2,0.0,0.04890187,0.017539302,0.9335589
529,2,2,0.0,0.036466297,0.0129196895,0.950614
529,2,2,0.0,0.0013914987,0.0028921417,0.99571645
529,2,2,0.0,0.0007243215,0.0021349897,0.99714094
529,2,2,0.0,0.0007670282,0.0021998435,0.99703324
529,2,2,0.0,0.35176975,0.020972606,0.6272578
529,2,2,0.0,0.0058907485,0.008057609,0.9860517
529,2,2,5.960464477539063e-08,0.005316465,0.008814867,0.98586863
529,2,2,0.0,0.0018792847,0.0024197393,0.99570096
529,2,2,6.705522537231445e-08,0.0070888,0.0022475284,0.9906637
529,2,2,5.960464477539063e-08,0.002508252,0.0029689944,0.9945226
529,2,2,0.0,0.0069975588,0.0034057598,0.9895968
529,2,2,0.0,0.015965307,0.0017826383,0.9822522
529,2,0,0.0,0.48489022,0.052682463,0.46242735
529,2,2,1.4901161193847656e-08,0.0061892914,0.0071752574,0.9866354
529,2,2,0.0,0.0019231151,0.010697374,0.9873796
529,2,2,0.0,0.0004963025,0.0026138579,0.99689
529,2,2,0.0,0.0010432807,0.0011831478,0.9977736
529,2,2,7.450580596923828e-09,0.012191117,0.0040964857,0.9837123
529,2,2,0.0,0.0069037545,0.0025168457,0.99057937
529,2,2,0.0,0.008452976,0.002993602,0.9885535
529,2,2,0.0,0.066707335,0.027235921,0.9060568
529,2,2,0.0,0.0055426955,0.0119117545,0.98254573
529,2,2,3.725290298461914e-09,0.00090441,0.008146566,0.9909491
529,2,2,5.960464477539063e-08,0.000445816,0.001731786,0.9978224
529,2,2,0.0,0.00083560013,0.0009363161,0.9982282
529,2,2,0.0,0.00087940134,0.00084756705,0.998273
529,2,2,0.0,0.00074142125,0.0013638209,0.9978947
529,2,2,1.862645149230957e-09,0.0009626939,0.0015257202,0.9975115
529,2,2,0.0,0.0031159278,0.0041887807,0.9926953
529,2,2,0.0,0.05515654,0.019356502,0.92548704
529,2,2,0.0,0.00652103,0.0129339285,0.9805451
529,2,2,0.0,0.0006665077,0.0045596818,0.99477404
529,2,2,0.0,0.00066639483,0.0016206892,0.9977131
529,2,2,0.0,0.0008495882,0.0012335868,0.9979168
529,2,2,0.0,0.00061385165,0.0011390374,0.9982472
529,2,2,0.0,0.000523639,0.0012647834,0.9982118
529,2,2,5.8673322200775146e-08,0.00053896144,0.0014407169,0.99802035
529,2,2,0.0,0.038302425,0.08435893,0.87733877
529,2,2,0.0,0.075144194,0.028470652,0.89638525
529,2,2,0.0,0.019795464,0.031277712,0.9489269
529,2,2,3.725290298461914e-09,0.00045501706,0.0071075098,0.9924376
529,2,2,0.0,0.0023883223,0.00292554,0.9946861
529,2,2,0.0,0.0020269048,0.0035035473,0.99446976
529,2,2,0.0,0.0005047779,0.0011261292,0.9983693
529,2,2,0.0,0.00057445513,0.0012728889,0.99815273
529,2,2,0.0,0.0005547137,0.0013332512,0.99811214
529,2,2,0.0,0.000773193,0.0031222354,0.9961047
529,2,2,0.0,0.017743323,0.029884065,0.95237267
529,2,2,0.0,0.008554362,0.007720484,0.98372513
529,2,2,0.0,0.01200893,0.0066685197,0.98132277
529,2,2,0.0,0.0051429607,0.009727659,0.9851295
529,2,2,0.0,0.00040563368,0.0021347913,0.99745977
529,2,2,0.0,0.0003177078,0.0014048995,0.9982776
529,2,2,6.239861249923706e-08,0.0002579763,0.001677366,0.99806464
529,2,2,0.0,0.00038579784,0.012560549,0.9870538
529,2,2,0.0,0.06377888,0.07637868,0.8598425
529,2,2,0.0,0.004901886,0.027413027,0.96768516
529,2,2,0.0,0.006645981,0.014192074,0.97916216
529,2,2,0.0,0.023482135,0.033046436,0.94347143
529,2,2,0.0,0.04090343,0.06736319,0.89173335
529,2,2,0.0,0.013847677,0.10710722,0.8790451
529,2,2,0.0,0.019306961,0.16475478,0.8159384
529,2,2,2.9802322387695312e-08,0.015743682,0.025310962,0.9589453
529,2,2,0.0,0.09000208,0.038130827,0.87186724
1006,2,2,0.0,0.0007723463,0.0024702414,0.99675757
1006,2,2,0.0,0.0007402368,0.0025216846,0.9967381
514,2,2,0.0,0.00027668054,0.0012036778,0.99851984
514,2,2,0.0,0.0003335982,0.0012543635,0.9984122
514,2,2,0.0,0.00049249985,0.0012220811,0.9982855
514,2,2,5.960464477539063e-08,0.0006168431,0.0015610479,0.997822
514,2,2,0.0,0.0001985224,0.0018282377,0.9979734
514,2,2,0.0,0.00032797648,0.0012019046,0.99847025
514,2,2,0.0,0.00053622597,0.0013913659,0.99807256
514,2,2,0.0,0.00038675545,0.0014716138,0.99814177
514,2,2,0.0,0.00043770793,0.0012125165,0.9983498
514,2,2,0.0,0.0005174469,0.006436734,0.9930459
514,2,2,5.21540641784668e-08,0.0007525736,0.0139443055,0.9853031
514,2,2,5.960464477539063e-08,0.00061100326,0.0021296295,0.9972593
514,2,2,0.0,0.00030190125,0.0050236876,0.9946746
514,2,2,0.0,0.000363782,0.024928339,0.974708
514,2,2,7.450580596923828e-09,0.005076714,0.013579871,0.98134345
514,2,2,0.0,0.0009279347,0.051293638,0.9477787
514,2,2,0.0,0.0006711733,0.022905938,0.97642285
514,2,2,0.0,0.00033801215,0.011286333,0.9883757
506,2,2,0.0,0.0013399796,0.026189845,0.9724702
506,2,2,0.0,0.0034389952,0.003132325,0.9934286
506,2,2,0.0,0.004576229,0.013591357,0.98183256
506,2,2,0.0,0.006053581,0.004678958,0.98926747
506,2,2,0.0,0.00083890784,0.03646841,0.96269286
506,2,2,0.0,0.0012596013,0.0060210275,0.99271953
506,2,2,0.0,0.0036142776,0.0029838728,0.99340194
506,2,2,0.0,0.0034217236,0.002802938,0.9937755
506,2,2,0.0,0.0009354084,0.0016117962,0.99745286
506,2,2,0.0,0.0002913491,0.002953396,0.9967554
506,2,2,0.0,0.0017096312,0.37284955,0.6254409
506,2,2,0.0,0.0006366469,0.064057104,0.9353065
506,2,2,0.0,0.0009032226,0.0020751012,0.9970218
506,2,2,0.0,0.0009227612,0.002711238,0.9963661
506,2,2,0.0,0.0011295733,0.0028971964,0.9959733
506,2,2,0.0,0.00080591347,0.0036822376,0.99551195
506,2,2,5.587935447692871e-08,0.00092333736,0.0027070048,0.99636954
506,2,2,0.0,0.000576478,0.0014051441,0.9980184
506,2,2,1.4901161193847656e-08,0.005800082,0.04292543,0.9512744
506,2,2,5.960464477539063e-08,0.00035767752,0.002372935,0.9972693
506,2,2,0.0,0.0004812187,0.0013680949,0.99815077
506,2,2,0.0,0.00060283183,0.0011446914,0.9982526
506,2,2,0.0,0.00063320727,0.0012896453,0.99807733
506,2,2,5.8673322200775146e-08,0.0004353172,0.0014602932,0.99810433
506,2,2,1.862645149230957e-09,0.00045733823,0.0012616777,0.998281
506,2,2,0.0,0.0007060089,0.0026307586,0.9966632
506,2,2,0.0,0.0009916299,0.004759576,0.9942488
506,2,2,0.0,0.0004339032,0.004882044,0.99468416
506,2,2,0.0,0.0051929406,0.0635319,0.9312753
506,2,2,0.0,0.00025485945,0.0029588526,0.9967863
506,2,2,0.0,0.00028455522,0.0013029155,0.99841267
506,2,2,0.0,0.00047476828,0.0015442367,0.99798113
506,2,2,0.0,0.0006021625,0.002159526,0.99723834
506,2,2,0.0,0.0006384432,0.0020792454,0.9972825
506,2,2,0.0,0.0006787769,0.0013180458,0.99800324
506,2,2,0.0,0.00060238503,0.0016264692,0.99777126
506,2,2,1.862645149230957e-09,0.00035394478,0.003308658,0.9963374
506,2,2,0.0,0.0012007457,0.0045343144,0.9942649
506,2,2,0.0,0.0015511856,0.0072131227,0.9912358
506,2,2,0.0,0.0014015915,0.06035737,0.9382411
506,2,2,5.774199962615967e-08,0.0002585963,0.0022770162,0.99746436
506,2,2,0.0,0.000294469,0.0014926565,0.9982129
506,2,2,0.0,0.000474527,0.0027748784,0.9967508
506,2,2,0.0,0.0006501708,0.0022587362,0.99709123
506,2,2,0.0,0.0010190309,0.0033183908,0.99566275
506,2,2,0.0,0.0005712651,0.0019148851,0.9975139
506,2,2,1.862645149230957e-09,0.0004900717,0.002775229,0.9967348
506,2,2,0.0,0.0006894474,0.0016693906,0.9976412
506,2,2,0.0,0.0010066711,0.003025551,0.99596786
506,2,2,0.0,0.0015728674,0.008229052,0.9901981
506,2,2,0.0,0.004172673,0.03043368,0.96539366
506,2,2,0.0,0.0010125048,0.0028564457,0.99613106
506,2,2,0.0,0.0008834585,0.0028971175,0.99621964
506,2,2,0.0,0.0007462518,0.0022366745,0.997017
506,2,2,0.0,0.00075022597,0.0018346135,0.99741507
506,2,2,5.774199962615967e-08,0.00069312315,0.0013246248,0.9979822
506,2,2,0.0,0.0012119327,0.0034357104,0.9953524
506,2,2,0.0,0.0010357004,0.002684328,0.99628013
506,2,2,0.0,0.0008424519,0.0026886337,0.99646896
506,2,2,0.0,0.0007803795,0.0029428445,0.9962768
506,2,2,0.0,0.0007274443,0.002311897,0.99696064
506,2,2,5.960464477539063e-08,0.0007475774,0.0015420181,0.9977104
506,2,2,0.0,0.0013040573,0.0021203642,0.99657553
506,2,2,0.0,0.0011506504,0.0032727206,0.99557686
506,2,2,3.725290298461914e-09,0.00076574436,0.002941652,0.99629265
506,2,2,0.0,0.0006368904,0.0018434257,0.9975197
506,2,2,0.0,0.0007953318,0.0017773936,0.99742734
506,2,2,0.0,0.0007577148,0.0027219835,0.9965205
506,2,2,0.0,0.0006608934,0.0029859792,0.9963532
506,2,2,0.0,0.00056593533,0.0024805376,0.9969535
506,2,2,0.0,0.0014799237,0.01057498,0.9879451
1010,2,2,0.0,0.0005319315,0.0022376112,0.99723065
1010,2,2,6.146728992462158e-08,0.00058241264,0.0022513082,0.9971663
1010,2,2,0.0,0.00058376224,0.0022782737,0.997138
1010,2,2,0.0,0.0006534894,0.0025751372,0.9967713
1010,2,2,0.0,0.00067854783,0.0025235838,0.996798
1010,2,2,0.0,0.0006841959,0.0025460303,0.9967699
1010,2,2,0.0,0.000766163,0.0026204747,0.99661344
1010,2,2,0.0,0.0007643472,0.0024660176,0.9967698
1010,2,2,0.0,0.00074362993,0.0023522724,0.9969043
1010,2,2,0.0,0.0007377891,0.0023511846,0.99691117
1010,2,2,0.0,0.00081315817,0.0025822367,0.99660486
1010,2,2,0.0,0.0007309548,0.0025231352,0.996746
1010,2,2,0.0,0.0007663917,0.002416225,0.9968176
1010,2,2,0.0,0.0007223483,0.002349515,0.9969282
1010,2,2,0.0,0.0008099471,0.002572335,0.9966179
1010,2,2,0.0,0.00087229034,0.002633526,0.99649423
1010,2,2,0.0,0.0008397018,0.0026604175,0.99649996
1010,2,2,0.0,0.0007517974,0.0024607282,0.9967875
1010,2,2,0.0,0.00084673124,0.002668526,0.9964848
1010,2,2,0.0,0.0007707731,0.0026879325,0.99654144
703,2,2,0.0,0.023099082,0.012037009,0.9648639
703,2,2,0.0,0.022280632,0.012926573,0.96479285
703,2,2,0.0,0.0017087958,0.0026536633,0.99563766
703,2,2,0.0,0.07080746,0.033430718,0.89576197
703,2,2,0.0,0.11826962,0.016163802,0.8655666
703,2,2,0.0,0.14298216,0.017633347,0.8393846
703,2,2,0.0,0.024203146,0.03284796,0.94294894
703,2,2,0.0,0.00039209495,0.006482083,0.9931259
703,2,2,0.0,0.00045675767,0.0020635456,0.99747986
703,2,2,0.0,0.000433582,0.0024313037,0.99713516
703,2,2,0.0,0.036610775,0.017314458,0.94607496
703,2,2,8.940696716308594e-08,0.029050658,0.008384199,0.96256506
703,2,2,0.0,0.019467717,0.046249427,0.93428284
703,2,2,0.0,0.0116022555,0.012380992,0.97601694
703,2,2,1.862645149230957e-09,0.0004475455,0.0024648758,0.9970877
703,2,2,0.0,0.00045886406,0.0021408515,0.9974004
703,2,2,0.0,0.0005996041,0.0013182645,0.99808234
703,2,2,1.862645149230957e-09,0.00065770466,0.0022423493,0.9971
703,2,2,0.0,0.0006854688,0.00591048,0.99340415
703,2,2,0.0,0.001286632,0.2064374,0.792276
703,2,2,0.0,0.04107116,0.09532187,0.8636069
703,2,2,0.0,0.07777689,0.04286151,0.8793616
703,2,2,0.0,0.048451737,0.027360257,0.9241881
703,2,2,0.0,0.0006189262,0.0038427103,0.99553853
703,2,2,1.862645149230957e-09,0.0008089327,0.001360326,0.9978308
703,2,2,0.0,0.0006293405,0.0011638926,0.99820673
703,2,2,0.0,0.00048365485,0.0019791399,0.99753726
703,2,2,0.0,0.0005672254,0.0038084453,0.9956245
703,2,2,0.0,0.0005042364,0.002885033,0.99661076
703,2,2,0.0,0.00053070835,0.0036012428,0.9958682
703,2,1,5.21540641784668e-08,0.0009264134,0.98735636,0.011717191
703,2,2,0.0,0.015043507,0.022545451,0.96241105
703,2,2,0.0,0.011955907,0.019295568,0.9687485
703,2,2,5.21540641784668e-08,0.0053460966,0.004083318,0.9905706
703,2,2,0.0,0.0013894028,0.002474915,0.9961357
703,2,2,6.146728992462158e-08,0.00066981954,0.0019501414,0.9973799
703,2,2,6.332993507385254e-08,0.0007957832,0.0014118239,0.9977925
703,2,2,0.0,0.00054341473,0.0015950438,0.9978616
703,2,2,0.0,0.0006714296,0.0019268573,0.9974017
703,2,2,1.862645149230957e-09,0.0006619973,0.0017703054,0.99756765
703,2,2,0.0,0.007744025,0.013395555,0.9788605
703,2,2,0.0,0.008331457,0.016556287,0.9751124
703,2,2,0.0,0.00226567,0.0076363212,0.99009794
703,2,2,0.0,0.0008629747,0.003065216,0.99607193
703,2,2,0.0,0.00042757517,0.0014613464,0.99811125
703,2,2,0.0,0.00062233716,0.0013548501,0.99802303
703,2,2,0.0,0.0007686458,0.0014392297,0.9977922
703,2,2,0.0,0.00070587394,0.0015461596,0.997748
703,2,2,0.0,0.0006960642,0.0014508615,0.9978532
703,2,1,1.862645149230957e-09,0.00097000017,0.9954982,0.003531846
703,2,2,0.0,0.003597429,0.28614643,0.7102562
703,2,2,0.0,0.00083891663,0.036750212,0.962411
703,2,2,0.0,0.0005017073,0.002925907,0.9965725
703,2,2,0.0,0.00051009824,0.0015998922,0.9978902
703,2,2,0.0,0.00054909434,0.0012669847,0.99818414
703,2,2,0.0,0.000894817,0.00088752713,0.99821776
703,2,2,0.0,0.00074977684,0.0012159365,0.9980344
703,2,2,1.862645149230957e-09,0.00076959346,0.0012149762,0.9980154
703,2,1,0.0,0.05793672,0.9361535,0.005909872
703,2,2,0.0,0.003917931,0.2532672,0.74281496
703,2,2,0.0,0.00025248187,0.0075416965,0.9922058
703,2,2,0.0,0.0005646493,0.00202152,0.9974139
703,2,2,0.0,0.0012871627,0.0043640356,0.9943489
703,2,2,0.0,0.0009118876,0.0019132843,0.99717486
703,2,2,6.146728992462158e-08,0.00082320214,0.0016939131,0.9974829
703,2,2,0.0,0.0010315618,0.0021595466,0.996809
703,2,2,0.0,0.05893339,0.060758125,0.88030857
703,2,2,0.0,0.0013558686,0.00859857,0.99004567
703,2,0,0.0,0.96199894,0.017640034,0.020361075
943,2,2,0.0,0.00052410865,0.0022096585,0.99726623
943,2,2,0.0,0.00055584434,0.002372384,0.99707186
943,2,2,0.0,0.00062375696,0.0023669037,0.99700946
943,2,2,0.0,0.00064677314,0.0023915381,0.9969617
943,2,2,0.0,0.000698202,0.0023241427,0.9969778
943,2,2,0.0,0.0007543232,0.0023729473,0.99687296
943,2,2,0.0,0.0008308558,0.002685808,0.9964834
943,2,2,5.774199962615967e-08,0.0008797067,0.0028318122,0.99628854
943,2,2,0.0,0.00096582924,0.0030120057,0.99602234
943,2,2,0.0,0.0007732443,0.0023886445,0.99683815
943,2,2,0.0,0.0008695946,0.002739229,0.99639124
943,2,2,0.0,0.00092331227,0.0029359597,0.9961409
626,2,2,1.862645149230957e-09,0.0010607362,0.0017922755,0.997147
626,2,2,0.0,0.0029041022,0.016244594,0.9808513
626,2,2,0.0,0.06417401,0.04354408,0.89228195
626,2,2,0.0,0.006306361,0.0018039567,0.99188983
626,2,2,0.0,0.006263419,0.0014950592,0.99224174
626,2,2,0.0,0.0035693487,0.0026432597,0.9937874
626,2,2,0.0,0.0005168006,0.0015721753,0.9979111
626,2,2,0.0,0.007724015,0.0040562693,0.98821974
626,2,2,0.0,0.01440699,0.0042689005,0.9813241
626,2,2,0.0,0.0025789735,0.0018085043,0.9956126
626,2,2,0.0,0.0018814608,0.0027768624,0.9953418
626,2,2,0.0,0.0019410506,0.003288061,0.99477094
626,2,2,0.0,0.002264091,0.0028772422,0.99485874
626,2,2,0.0,0.0021587096,0.0012893582,0.99655205
626,2,2,0.0,0.0012643439,0.0016570236,0.9970788
626,2,2,0.0,0.0007911929,0.0016455732,0.99756336
626,2,2,0.0,0.011588564,0.0044108834,0.9840007
626,2,2,0.0,0.0057368707,0.0026590999,0.99160403
626,2,2,0.0,0.00588281,0.0024891268,0.9916281
626,2,2,0.0,0.00624526,0.0034971365,0.9902577
626,2,2,0.0,0.0043755122,0.0032183796,0.9924063
626,2,2,0.0,0.005061694,0.0028012174,0.99213713
626,2,2,0.0,0.003317497,0.0031760193,0.9935065
626,2,2,3.725290298461914e-09,0.0044641034,0.0034508617,0.99208504
626,2,2,0.0,0.0016831242,0.0019895947,0.9963274
626,2,2,0.0,0.0028768855,0.0022563206,0.99486685
626,2,2,3.725290298461914e-09,0.0035752696,0.0047464245,0.99167836
626,2,2,0.0,0.0026115892,0.004940822,0.9924478
626,2,2,0.0,0.0017013841,0.0024176654,0.9958811
626,2,2,0.0,0.001120769,0.0075979624,0.9912814
626,2,2,0.0,0.0011495865,0.0022699577,0.99658054
626,2,2,0.0,0.005532049,0.0019567905,0.9925113
626,2,2,0.0,0.002434299,0.0026384683,0.9949274
626,2,2,0.0,0.0012699473,0.0014896283,0.9972406
626,2,2,0.0,0.00094489066,0.012252898,0.9868023
626,2,2,7.450580596923828e-09,0.0037578633,0.0027466135,0.9934954
626,2,2,0.0,0.0038413766,0.0032303613,0.9929284
626,2,2,0.0,0.003415744,0.0030820076,0.99350226
626,2,2,0.0,0.0005621546,0.0056579555,0.9937801
626,2,2,0.0,0.00063855987,0.0069598625,0.99240166
626,2,2,0.0,0.00071283296,0.0060491287,0.9932381
626,2,2,0.0,0.0007106436,0.0361991,0.9630904
712,2,2,0.0,0.034849867,0.0027970409,0.9623532
712,2,2,0.0,0.008251152,0.0035512634,0.9881977
712,2,2,0.0,0.29232088,0.007484409,0.70019484
712,2,0,0.0,0.95653766,0.0047671217,0.038695395
712,2,2,0.0,0.009477159,0.0009290619,0.9895939
712,2,2,0.0,0.0009856613,0.002072209,0.9969421
712,2,2,0.0,0.0008878759,0.0020455383,0.9970666
712,2,2,0.0,0.001089524,0.0017801239,0.9971304
712,2,2,0.0,0.0012377071,0.0016470592,0.9971153
712,2,2,0.0,0.001094119,0.0024617445,0.9964442
712,2,2,0.0,0.034413937,0.012566265,0.95301986
712,2,0,0.0,0.88613904,0.006502325,0.107358724
712,2,2,0.0,0.0007675848,0.0012903983,0.9979421
712,2,2,0.0,0.00079169864,0.0019440287,0.9972643
712,2,2,1.862645149230957e-09,0.00069896516,0.001825263,0.99747586
712,2,2,0.0,0.0007158782,0.0015147808,0.9977695
712,2,2,0.0,0.00053709274,0.0014946493,0.9979683
712,2,2,0.0,0.0006039612,0.005158916,0.99423707
712,2,2,0.0,0.00044254537,0.00497588,0.9945816
712,2,2,0.0,0.0009552892,0.0022496385,0.9967952
712,2,1,5.960464477539063e-08,0.15329619,0.5225411,0.32416275
712,2,0,0.0,0.8411032,0.012141295,0.14675546
712,2,2,0.0,0.0011746936,0.0022448774,0.9965805
712,2,2,0.0,0.0009117202,0.0014899571,0.9975984
712,2,2,0.0,0.00063431304,0.0020107,0.9973551
712,2,2,5.774199962615967e-08,0.00061985146,0.0018210049,0.9975592
712,2,2,0.0,0.0006218619,0.0023176742,0.99706054
712,2,2,0.0,0.0003827603,0.0032915638,0.9963257
712,2,2,0.0,0.0003005396,0.0026456579,0.9970541
712,2,2,0.0,0.00083733076,0.002264226,0.99689865
712,2,2,0.0,0.071041495,0.012976925,0.91598165
712,2,2,0.0,0.0011330214,0.031484075,0.96738297
712,2,2,0.0,0.00083917944,0.022172447,0.97698843
712,2,2,0.0,0.00044584024,0.0026467117,0.9969077
712,2,2,0.0,0.00083833316,0.0017204301,0.9974415
712,2,2,0.0,0.0005689154,0.0011720615,0.99825907
712,2,2,0.0,0.00043607134,0.0013426249,0.99822146
712,2,2,0.0,0.0007308938,0.0017133119,0.99755585
712,2,2,0.0,0.001611561,0.032435823,0.9659528
712,2,2,0.0,0.0005759936,0.001862991,0.99756104
712,2,2,0.0,0.0008098258,0.0007889547,0.9984013
712,2,2,5.960464477539063e-08,0.0007722553,0.0010314551,0.9981963
712,2,2,0.0,0.000870673,0.0025961979,0.9965334
712,2,2,5.960464477539063e-08,0.0005433873,0.014155928,0.98530066
712,2,2,0.0,0.0010537223,0.0120026665,0.98694366
712,2,2,5.960464477539063e-08,0.0009805931,0.26324534,0.7357742
712,2,2,0.0,0.0018505409,0.0014051782,0.9967443
712,2,2,0.0,0.0008707166,0.002414077,0.9967154
712,2,2,0.0,0.0020249265,0.011396389,0.9865789
562,2,2,0.0,0.0006004897,0.0016980311,0.9977016
1019,2,2,0.0,0.0006774919,0.0023914617,0.9969311
1019,2,2,1.862645149230957e-09,0.0006524669,0.0022805682,0.99706703
1019,2,2,0.0,0.0006905463,0.0023348508,0.99697495
1019,2,2,6.332993507385254e-08,0.00081579445,0.0023078558,0.9968763
1019,2,2,0.0,0.0007722317,0.0021904472,0.9970375
1019,2,2,0.0,0.0007940442,0.0024467183,0.9967594
1019,2,2,0.0,0.000855517,0.0026755808,0.99646896
1019,2,2,0.0,0.00096249196,0.002252558,0.9967851
619,2,2,0.0,0.00058818393,0.0013293389,0.9980826
619,2,2,0.0,0.00066438457,0.0014427105,0.997893
619,2,2,0.0,0.0011272666,0.0015344617,0.9973385
619,2,2,0.0,0.0020720984,0.0013867691,0.9965412
619,2,2,0.0,0.025041876,0.02720856,0.9477496
619,2,2,0.0,0.0010728387,0.002394256,0.996533
619,2,2,0.0,0.0006268627,0.0014977978,0.99787533
619,2,2,0.0,0.00061882084,0.0012134969,0.99816793
619,2,2,3.725290298461914e-09,0.0006488134,0.0014501311,0.99790114
619,2,2,0.0,0.0007935775,0.0013352891,0.99787134
619,2,2,0.0,0.00053857715,0.002416339,0.9970452
619,2,2,0.0,0.034867495,0.046345994,0.91878664
619,2,2,0.0,0.00096696883,0.0032453574,0.9957877
619,2,2,0.0,0.0008133385,0.0020848187,0.99710184
619,2,2,0.0,0.00046962543,0.0018870197,0.9976434
619,2,2,0.0,0.00033922005,0.0046578865,0.995003
619,2,2,0.0,0.0004038481,0.0049402495,0.99465597
619,2,2,0.0,0.0006351844,0.0011653842,0.9981995
619,2,2,0.0,0.00094982504,0.0035784694,0.9954719
619,2,2,0.0,0.0007566836,0.0021934416,0.99705
619,2,2,6.146728992462158e-08,0.00082725444,0.0013534845,0.9978192
619,2,2,0.0,0.00040013768,0.0014388105,0.9981611
619,2,2,1.862645149230957e-09,0.00047735474,0.0016329588,0.9978897
619,2,2,0.0,0.00050009886,0.0020255244,0.99747443
619,2,2,0.0,0.00036402143,0.0024136743,0.9972224
619,2,2,0.0,0.0016355996,0.012821165,0.9855434
619,2,2,0.0,0.0004770578,0.0064064446,0.9931164
619,2,2,0.0,0.0006193182,0.0014687276,0.9979121
619,2,2,0.0,0.0006291145,0.0017440018,0.997627
619,2,2,5.960464477539063e-08,0.0007788022,0.0022259625,0.9969952
619,2,2,0.0,0.0019908608,0.0016433188,0.99636596
619,2,2,0.0,0.00025828302,0.0041347737,0.995607
619,2,2,0.0,0.004694172,0.007951372,0.98735446
619,2,2,0.0,0.00048459604,0.001532003,0.99798346
619,2,2,0.0,0.0013426762,0.0052309697,0.9934263
619,2,2,0.0,0.001444565,0.0054042446,0.99315125
619,2,2,0.0,0.0044254344,0.008959429,0.9866152
619,2,2,0.0,0.0023168642,0.009972576,0.98771054
619,2,2,0.0,0.0018616721,0.008670478,0.989468
619,2,2,0.0,0.0020407918,0.0839339,0.9140254
619,2,2,0.0,0.0011435015,0.062262196,0.93659437
619,2,2,5.960464477539063e-08,0.009271453,0.026746703,0.9639818
619,2,2,0.0,0.0010330488,0.020081738,0.9788853
619,2,2,0.0,0.00032988214,0.0072393515,0.99243087
619,2,2,0.0,0.00086847914,0.023868188,0.97526354
619,2,2,0.0,0.0006649627,0.010789967,0.988545
597,2,2,0.0,0.005556763,0.09741845,0.89702505
597,2,2,0.0,0.010298363,0.0045293076,0.98517233
597,2,2,0.0,0.010321547,0.006140792,0.9835376
597,2,2,0.0,0.0046883407,0.014234617,0.98107713
597,2,2,0.0,0.004643857,0.012834775,0.9825215
597,2,2,0.0,0.02024135,0.0074786763,0.97227997
597,2,2,0.0,0.0016595325,0.03788677,0.960454
597,2,2,0.0,0.0037811564,0.011805915,0.9844131
597,2,2,0.0,0.0050443867,0.00265767,0.99229807
597,2,2,5.960464477539063e-08,0.0032487514,0.0024073732,0.99434394
597,2,2,0.0,0.0035795223,0.0024910572,0.99392945
597,2,2,0.0,0.0038275172,0.0033395519,0.99283314
597,2,2,0.0,0.0043318626,0.005197132,0.990471
597,2,2,3.725290298461914e-09,0.0030636422,0.0059437766,0.99099267
597,2,2,0.0,0.007355989,0.009033166,0.98361105
597,2,2,0.0,0.0054699094,0.005077031,0.98945326
597,2,2,5.960464477539063e-08,0.0031725287,0.036639355,0.96018815
597,2,2,3.725290298461914e-09,0.0033040054,0.0033267194,0.9933693
597,2,2,0.0,0.002360342,0.0036985837,0.9939412
597,2,2,0.0,0.0026224134,0.0037405149,0.99363714
597,2,2,0.0,0.004566947,0.010677179,0.984756
597,2,2,0.0,0.017410737,0.041697763,0.9408916
597,2,2,0.0,0.005110411,0.21171193,0.78317773
597,2,2,0.0,0.0024247428,0.0085887555,0.9889865
597,2,2,0.0,0.0027608934,0.01946146,0.97777766
597,2,2,0.0,0.0020012734,0.016822457,0.9811764
981,2,2,0.0,0.0009622107,0.0035587118,0.9954791
981,2,2,5.587935447692871e-08,0.0011794306,0.005541445,0.99327904
981,2,2,0.0,0.0007737437,0.0047282306,0.9944982
981,2,2,0.0,0.0008807656,0.0027157317,0.9964037
981,2,2,0.0,0.0008200667,0.008858405,0.99032164
981,2,2,0.0,0.0023155543,0.053995118,0.9436895
981,2,2,8.940696716308594e-08,0.0017343486,0.12627482,0.8719908
981,2,2,0.0,0.00062031334,0.0037433503,0.9956364
981,2,2,0.0,0.00470634,0.16169116,0.83360255
981,2,2,0.0,0.010399088,0.0303771,0.95922387
981,2,2,0.0,0.0006644939,0.0027403473,0.9965953
981,2,2,0.0,0.0016067447,0.014580445,0.98381287
578,2,2,0.0,0.0007695381,0.0027793555,0.99645126
578,2,2,0.0,0.00084394636,0.0027334266,0.9964227
578,2,2,1.862645149230957e-09,0.0010600036,0.0031510282,0.9957891
578,2,2,1.862645149230957e-09,0.0007704648,0.0025149155,0.9967147
578,2,2,1.862645149230957e-09,0.00078696717,0.0023874545,0.99682575
578,2,2,0.0,0.00069091254,0.0023775445,0.9969315
578,2,2,0.0,0.0007702701,0.0028949701,0.99633497
578,2,2,0.0,0.0007863291,0.002730015,0.9964838
578,2,2,0.0,0.00079925224,0.0024767993,0.9967241
578,2,2,6.146728992462158e-08,0.00066514086,0.0022104848,0.99712425
578,2,2,5.960464477539063e-08,0.00066711975,0.0022128376,0.9971201
578,2,2,0.0,0.0007371491,0.0026189731,0.99664414
578,2,2,0.0,0.0008278432,0.002645619,0.9965266
578,2,2,0.0,0.0008397182,0.002719168,0.99644125
578,2,2,0.0,0.0007858437,0.0024836657,0.99673045
578,2,2,0.0,0.00064853375,0.0023324003,0.99701923
578,2,2,0.0,0.0006860983,0.0024249705,0.99688905
578,2,2,0.0,0.00080637936,0.002481141,0.9967126
578,2,2,3.725290298461914e-09,0.0008317517,0.0025789833,0.9965893
578,2,2,0.0,0.0006974683,0.0023804735,0.99692214
578,2,2,0.0,0.0006760907,0.0025312596,0.99679273
578,2,2,0.0,0.00079754356,0.002547451,0.9966551
578,2,2,0.0,0.00076142576,0.002386395,0.99685234
578,2,2,0.0,0.0007686601,0.002421099,0.9968102
578,2,2,0.0,0.00064801966,0.0024386137,0.99691343
578,2,2,0.0,0.00074045174,0.0024505444,0.9968091
578,2,2,0.0,0.0007496471,0.0024727646,0.99677765
578,2,2,0.0,0.0006721154,0.0024236457,0.9969043
507,2,2,0.0,0.003735583,0.18382232,0.81244236
507,2,2,0.0,0.0013043161,0.004848833,0.9938469
507,2,2,0.0,0.0015916263,0.0040686843,0.9943398
507,2,2,0.0,0.0024128985,0.015582143,0.98200506
507,2,2,0.0,0.0010077119,0.0038816717,0.9951106
507,2,2,0.0,0.001170677,0.0018840104,0.99694544
507,2,2,0.0,0.0031335081,0.058171965,0.93869454
507,2,2,0.0,0.001075499,0.06918646,0.92973816
507,2,2,0.0,0.0017166402,0.0058927177,0.9923906
507,2,2,0.0,0.0020581046,0.08058484,0.9173571
507,2,2,2.9802322387695312e-08,0.0009277002,0.015395202,0.9836771
507,2,2,0.0,0.0014891347,0.0129214395,0.9855894
507,2,2,0.0,0.0017433208,0.09286955,0.90538734
507,2,2,0.0,0.0020435622,0.047234207,0.9507223
507,2,2,0.0,0.0021630784,0.08065257,0.9171843
507,2,2,0.0,0.0027307782,0.003527243,0.993742
507,2,2,0.0,0.002278025,0.0037332021,0.99398893
507,2,2,5.960464477539063e-08,0.00076208357,0.0015947754,0.9976432
507,2,2,0.0,0.0007502306,0.002664324,0.9965855
507,2,2,0.0,0.0012971455,0.014065464,0.98463744
507,2,2,0.0,0.0046492876,0.008206265,0.9871445
507,2,2,0.0,0.0034394625,0.0032493167,0.9933113
507,2,2,0.0,0.003227796,0.004204197,0.99256814
507,2,2,5.587935447692871e-08,0.000892298,0.0019567083,0.9971511
507,2,2,0.0,0.005268022,0.04179531,0.95293665
507,2,2,0.0,0.00045598228,0.013711907,0.9858322
705,2,2,0.0,0.0008467155,0.0026584545,0.9964948
705,2,2,0.0,0.00079967343,0.002629759,0.9965707
705,2,2,0.0,0.0008225967,0.0025779014,0.99659956
705,2,2,0.0,0.0008484393,0.002496307,0.9966554
705,2,2,0.0,0.00075879006,0.0023654753,0.9968758
705,2,2,0.0,0.0008762866,0.0029131037,0.99621063
705,2,2,5.774199962615967e-08,0.00090511277,0.0029608891,0.996134
705,2,2,0.0,0.00093896117,0.0028033566,0.9962578
705,2,2,5.4016709327697754e-08,0.0009459682,0.0027003833,0.99635375
705,2,2,0.0,0.0008614099,0.00263089,0.99650776
705,2,2,3.725290298461914e-09,0.0007589905,0.0024781565,0.9967629
705,2,2,5.774199962615967e-08,0.00093251275,0.0027366376,0.99633086
705,2,2,0.0,0.0008583716,0.0026031982,0.9965386
705,2,2,0.0,0.0008631874,0.0025986466,0.9965382
705,2,2,1.862645149230957e-09,0.0007979263,0.0024041426,0.996798
705,2,2,0.0,0.00075159024,0.0023652655,0.99688333
705,2,2,0.0,0.0007735792,0.002409686,0.9968168
705,2,2,5.960464477539063e-08,0.0007564574,0.0023538938,0.9968897
705,2,2,0.0,0.0007852234,0.0023470065,0.9968677
143,0,0,0.0,0.97026056,0.010601168,0.019138273
143,0,0,0.0,0.9875852,0.005350358,0.0070645274
143,0,0,0.0,0.9902573,0.0037637525,0.005978911
143,0,0,0.0,0.987135,0.0069864695,0.005878593
143,0,0,0.0,0.98785955,0.005408406,0.0067321924
143,0,0,0.0,0.9936618,0.0031822224,0.0031559211
143,0,0,5.960464477539063e-08,0.99430895,0.0022530726,0.0034378802
143,0,0,4.842877388000488e-08,0.99012244,0.006107638,0.0037698862
143,0,0,0.0,0.9895096,0.005926891,0.0045636795
143,0,0,0.0,0.99371535,0.0034501064,0.0028345329
143,0,0,0.0,0.9946438,0.0028362134,0.0025199382
143,0,0,0.0,0.9949898,0.0031167616,0.0018934706
814,0,0,0.0,0.9884457,0.0028993108,0.008655157
814,0,0,0.0,0.9889631,0.0032460818,0.007790886
814,0,0,0.0,0.9812251,0.01656424,0.00221061
814,0,0,0.0,0.9942274,0.0030510928,0.0027214433
814,0,0,0.0,0.993421,0.0038975556,0.0026814651
814,0,0,0.0,0.993761,0.0033035928,0.0029355648
814,0,0,0.0,0.9861107,0.012591217,0.0012982457
814,0,0,0.0,0.9849683,0.013445149,0.0015866146
814,0,0,0.0,0.98040736,0.01630193,0.0032907934
814,0,0,0.0,0.99030155,0.004912828,0.0047857203
814,0,0,7.450580596923828e-09,0.98667395,0.005463833,0.007862211
814,0,0,0.0,0.98606217,0.012340334,0.0015976105
814,0,0,0.0,0.98907447,0.009672645,0.0012529866
108,0,0,0.0,0.82891095,0.14292984,0.02815938
108,0,0,0.0,0.9724619,0.025229633,0.002308482
108,0,0,0.0,0.9753637,0.018800337,0.005836061
108,0,0,5.21540641784668e-08,0.986199,0.012149438,0.001651542
108,0,0,3.725290298461914e-09,0.98972464,0.008272276,0.002003199
108,0,0,0.0,0.9767198,0.017410852,0.00586954
33,0,0,0.0,0.98751783,0.008212058,0.004270399
33,0,0,0.0,0.9923467,0.002527811,0.0051257103
33,0,0,0.0,0.994796,0.0031451723,0.0020588164
33,0,0,0.0,0.9927426,0.0034112877,0.0038461513
33,0,0,0.0,0.9808096,0.0055459263,0.013644408
33,0,0,7.450580596923828e-09,0.98359203,0.0032046614,0.013203286
33,0,0,5.960464477539063e-08,0.9951994,0.0024539542,0.002346598
33,0,0,0.0,0.99540436,0.002865459,0.0017301897
137,0,0,0.0,0.997168,0.001439831,0.0013922347
137,0,0,5.774199962615967e-08,0.9962583,0.002561763,0.0011799594
137,0,0,0.0,0.99711514,0.001404722,0.0014802032
137,0,0,0.0,0.99658346,0.0013469084,0.0020697934
137,0,0,0.0,0.99564266,0.0018019123,0.002555576
137,0,0,0.0,0.99403995,0.001304833,0.004655384
137,0,0,0.0,0.9967794,0.0021806592,0.0010400715
137,0,0,0.0,0.99689054,0.001671433,0.0014380292
137,0,0,0.0,0.99630827,0.0016737131,0.0020182154
137,0,0,0.0,0.994741,0.0021239049,0.003135028
137,0,0,0.0,0.99700737,0.0019714334,0.0010213456
137,0,0,0.0,0.9970945,0.0018729536,0.0010325686
137,0,0,0.0,0.9970268,0.0010946305,0.0018786262
137,0,0,5.960464477539063e-08,0.99693984,0.00095754117,0.0021026477
137,0,0,0.0,0.9968812,0.0013990233,0.0017199174
137,0,0,5.587935447692871e-09,0.99629825,0.001193569,0.0025083239
137,0,0,0.0,0.99660164,0.0013967031,0.002001765
137,0,0,0.0,0.9961881,0.0013761236,0.0024358851
137,0,0,0.0,0.9955102,0.0010495833,0.0034402614
137,0,0,0.0,0.99627537,0.0013356813,0.0023890557
137,0,0,0.0,0.9940626,0.0015244557,0.0044129556
137,0,0,0.0,0.9951878,0.0012135992,0.0035986197
205,0,0,0.0,0.99199295,0.0042865835,0.0037204018
205,0,0,0.0,0.9805206,0.004962864,0.014516621
205,0,0,0.0,0.9798255,0.0055517205,0.014622805
205,0,0,0.0,0.96717215,0.008750712,0.02407717
205,0,0,1.4901161193847656e-08,0.97523826,0.0074592237,0.01730245
205,0,0,0.0,0.971095,0.009377959,0.019527009
205,0,0,5.21540641784668e-08,0.97820866,0.008081084,0.013710201
205,0,0,0.0,0.95016974,0.008574578,0.041255698
28,0,0,0.0,0.980492,0.009686903,0.009821205
28,0,0,0.0,0.97076994,0.016793773,0.012436249
28,0,0,0.0,0.96482944,0.021706946,0.013463768
28,0,0,7.450580596923828e-09,0.97844565,0.009654398,0.011899968
28,0,0,4.470348358154297e-08,0.9834467,0.011473626,0.005079603
28,0,0,0.0,0.9562395,0.02394082,0.019819807
28,0,0,0.0,0.9695835,0.009421656,0.02099488
28,0,0,5.960464477539063e-08,0.93163323,0.011021579,0.05734528
28,0,0,0.0,0.9881233,0.0065518147,0.005324973
166,0,0,0.0,0.99305826,0.0044585043,0.002483288
166,0,0,6.705522537231445e-08,0.9884343,0.0031169383,0.008448531
166,0,0,0.0,0.99112314,0.0030565273,0.00582047
166,0,0,3.725290298461914e-09,0.9946128,0.0026991025,0.0026881709
166,0,0,0.0,0.9920703,0.0030465585,0.0048829615
166,0,0,0.0,0.9847944,0.0035354537,0.011670236
166,0,0,0.0,0.9773192,0.006195752,0.016485138
166,0,0,0.0,0.9761299,0.0073404205,0.016529718
796,0,0,0.0,0.9610845,0.033265818,0.005649682
796,0,0,0.0,0.9511566,0.04081433,0.008029193
796,0,0,0.0,0.97528857,0.020795751,0.0039157197
796,0,0,5.960464477539063e-08,0.96864337,0.026331168,0.0050254725
796,0,0,0.0,0.9484444,0.043590274,0.007965467
796,0,0,0.0,0.90399504,0.077138565,0.01886645
796,0,0,0.0,0.98562664,0.012984551,0.0013887696
796,0,0,0.0,0.9847231,0.013486861,0.0017901281
796,0,0,2.9802322387695312e-08,0.97076243,0.02639708,0.0028404105
796,0,0,7.450580596923828e-08,0.9634654,0.034406044,0.0021286353
796,0,0,0.0,0.98697233,0.010698823,0.002329043
796,0,0,0.0,0.9708438,0.02612896,0.0030273045
796,0,0,0.0,0.9588839,0.038729943,0.0023862594
796,0,0,0.0,0.9632084,0.03408982,0.0027019666
796,0,0,0.0,0.98174864,0.016159933,0.0020914902
796,0,0,0.0,0.9664041,0.031307116,0.0022888742
796,0,0,0.0,0.9650922,0.0333546,0.0015533441
796,0,0,4.470348358154297e-08,0.96213585,0.03550878,0.0023552636
796,0,0,0.0,0.95898825,0.03659192,0.004420107
796,0,0,0.0,0.9431515,0.053305767,0.003542884
796,0,0,0.0,0.9481197,0.048859112,0.003021121
796,0,0,0.0,0.9470024,0.048548743,0.0044489712
796,0,0,0.0,0.94843096,0.040827174,0.010741983
796,0,0,0.0,0.9207319,0.065142736,0.014125289
796,0,0,0.0,0.897809,0.08321762,0.018973444
796,0,0,0.0,0.9397215,0.05215558,0.008123079
758,0,0,0.0,0.9792999,0.0040253233,0.01667475
758,0,0,0.0,0.9932281,0.0031441061,0.0036279494
758,0,0,0.0,0.9940153,0.0031521209,0.0028326507
758,0,0,0.0,0.99257565,0.003636127,0.0037883173
758,0,0,0.0,0.9908442,0.0040648216,0.0050910967
758,0,0,0.0,0.9895196,0.0062010013,0.004279507
758,0,0,0.0,0.9946033,0.0034419727,0.001954637
758,0,0,0.0,0.99376446,0.0043080337,0.0019274997
758,0,0,0.0,0.993813,0.0036823535,0.0025047166
758,0,0,7.450580596923828e-09,0.9895012,0.005189255,0.0053096022
758,0,0,0.0,0.98830944,0.0038911137,0.007799383
758,0,0,2.9802322387695312e-08,0.85048217,0.13219263,0.01732517
758,0,0,0.0,0.984169,0.011233334,0.004597772
758,0,0,0.0,0.99467105,0.002936608,0.002392519
758,0,0,3.725290298461914e-09,0.9939751,0.003635838,0.0023891379
758,0,0,3.725290298461914e-09,0.99295723,0.0032692892,0.0037735463
758,0,0,0.0,0.99037606,0.005087173,0.004536773
758,0,0,0.0,0.9868483,0.005732227,0.007419613
758,0,0,0.0,0.9907588,0.005177384,0.0040639555
23,0,0,0.0,0.9341847,0.034806035,0.031009354
23,0,0,5.960464477539063e-08,0.72191674,0.046942975,0.2311404
23,0,0,0.0,0.9582334,0.027887607,0.013878972
23,0,0,0.0,0.9182826,0.053447407,0.028270053
23,0,0,0.0,0.9702329,0.018225156,0.011541992
23,0,0,0.0,0.96189886,0.023741301,0.014359887
23,0,0,1.4901161193847656e-08,0.952372,0.035186213,0.012441866
23,0,0,7.450580596923828e-09,0.9805023,0.013810427,0.005687269
23,0,0,0.0,0.9885373,0.007781166,0.003681511
23,0,0,0.0,0.9657323,0.026744617,0.00752317
23,0,0,0.0,0.96886486,0.02520804,0.0059272307
23,0,0,0.0,0.9873711,0.009894375,0.002734553
23,0,0,0.0,0.98472595,0.010586897,0.004687263
23,0,0,0.0,0.9782649,0.0133538265,0.008381317
23,0,0,0.0,0.9688124,0.018291917,0.01289579
23,0,0,0.0,0.9790622,0.009471638,0.011466264
23,0,0,0.0,0.97532177,0.013927096,0.010751263
23,0,0,0.0,0.9873695,0.0044253124,0.008205396
23,0,2,0.0,0.058752585,0.021283356,0.919964
23,0,2,5.960464477539063e-08,0.35882413,0.033715498,0.60746044
176,0,0,0.0,0.9771652,0.009703306,0.013131601
176,0,0,0.0,0.988659,0.004232825,0.00710811
176,0,0,0.0,0.99133766,0.003031787,0.00563063
176,0,0,1.862645149230957e-09,0.99594325,0.0015578205,0.0024989059
176,0,0,0.0,0.99069345,0.007033775,0.0022727388
176,0,0,0.0,0.995038,0.0034612159,0.0015010324
176,0,0,0.0,0.9954287,0.0034123093,0.0011590382
176,0,0,0.0,0.9934645,0.005097639,0.0014378228
176,0,0,0.0,0.99483246,0.0032396289,0.001927986
176,0,0,0.0,0.99625486,0.0032051,0.00054021087
194,0,0,0.0,0.9800474,0.015249145,0.004703468
194,0,0,0.0,0.9704822,0.025411049,0.00410675
194,0,0,0.0,0.97254944,0.024013462,0.0034371556
194,0,0,0.0,0.975966,0.018325297,0.005708782
172,0,0,1.4901161193847656e-08,0.9861918,0.0035937703,0.010214367
172,0,0,0.0,0.9722756,0.0049941144,0.022730386
172,0,0,0.0,0.99654245,0.0021384915,0.0013191273
172,0,0,0.0,0.9953557,0.0028627631,0.0017815097
172,0,0,0.0,0.9953169,0.0028577412,0.0018254493
172,0,0,0.0,0.99110526,0.0029134813,0.005981295
172,0,0,0.0,0.96277046,0.010677734,0.026551856
172,0,0,0.0,0.9955921,0.0034222752,0.0009856689
172,0,0,0.0,0.9956505,0.0033664266,0.0009831017
172,0,0,0.0,0.9959575,0.0029570938,0.0010854006
172,0,0,0.0,0.99663115,0.0017465358,0.0016225495
172,0,0,0.0,0.99414915,0.0044771326,0.0013738334
172,0,0,5.960464477539063e-08,0.99579257,0.0031212308,0.0010861265
172,0,0,0.0,0.9956683,0.0033546279,0.0009772454
172,0,0,0.0,0.99591744,0.0027585826,0.0013241696
172,0,0,5.587935447692871e-08,0.9946453,0.0036390864,0.001715564
172,0,0,0.0,0.99581426,0.0030520912,0.0011338067
172,0,0,0.0,0.99654526,0.002561913,0.0008930455
172,0,0,3.725290298461914e-09,0.9964467,0.002622761,0.00093051617
172,0,0,5.960464477539063e-08,0.99653685,0.0024432358,0.0010199839
172,0,0,5.960464477539063e-08,0.9943491,0.0031141958,0.0025367306
172,0,0,5.587935447692871e-09,0.99618834,0.0023912566,0.0014204112
172,0,0,0.0,0.99637645,0.0023660958,0.0012576629
172,0,0,0.0,0.99673665,0.0022707684,0.0009926016
110,0,0,0.0,0.9875742,0.002750522,0.009675348
110,0,0,6.705522537231445e-08,0.9897543,0.004277779,0.0059677823
110,0,0,0.0,0.9895531,0.0047376803,0.0057092044
110,0,0,0.0,0.9864487,0.004498899,0.009052354
769,0,0,0.0,0.98835415,0.009756167,0.0018897688
769,0,0,5.587935447692871e-08,0.9925749,0.00582711,0.0015979564
769,0,0,0.0,0.99069893,0.006990255,0.0023108984
769,0,0,0.0,0.9855846,0.0124606155,0.0019548356
769,0,0,0.0,0.9928838,0.0058461046,0.0012701303
769,0,0,0.0,0.9923214,0.006722132,0.0009565176
769,0,0,0.0,0.99110615,0.008036379,0.00085758406
769,0,0,0.0,0.98750794,0.011507684,0.0009843945
769,0,0,0.0,0.9821095,0.01670007,0.0011905727
769,0,0,0.0,0.9003935,0.07411668,0.02548989
769,0,0,5.960464477539063e-08,0.9818012,0.016669758,0.0015290466
769,0,0,0.0,0.9939322,0.005306099,0.00076193275
769,0,0,0.0,0.9939384,0.0053310804,0.00073066
769,0,0,7.450580596923828e-09,0.9853254,0.012799205,0.0018754882
769,0,0,0.0,0.97930914,0.018665994,0.0020249486
769,0,2,0.0,0.41763973,0.12327195,0.45908841
769,0,0,0.0,0.84464836,0.10814597,0.04720567
769,0,0,0.0,0.972448,0.022763746,0.0047884434
769,0,0,0.0,0.9867706,0.010578717,0.0026509971
769,0,0,6.705522537231445e-08,0.9842331,0.011007529,0.0047593946
769,0,0,0.0,0.97633547,0.021764701,0.0018997913
769,0,0,0.0,0.7494259,0.16086063,0.08971376
769,0,0,5.960464477539063e-08,0.93342644,0.042421672,0.02415189
229,0,0,0.0,0.9273348,0.038237706,0.034427658
229,0,0,0.0,0.85205925,0.027568024,0.120372884
229,0,0,0.0,0.97003335,0.020925332,0.009041491
229,0,0,0.0,0.94632477,0.014079462,0.039595924
229,0,0,0.0,0.90766335,0.014538677,0.07779812
229,0,0,1.4901161193847656e-08,0.9544454,0.030028358,0.01552619
229,0,0,0.0,0.9373661,0.03961477,0.023019293
229,0,0,0.0,0.95965385,0.024293806,0.016052429
112,0,0,0.0,0.9970918,0.0018602595,0.0010480229
112,0,0,0.0,0.9964361,0.0023703666,0.00119361
112,0,0,0.0,0.99620926,0.0021019762,0.0016888918
112,0,0,0.0,0.9961752,0.0016128803,0.002211908
112,0,0,0.0,0.9967975,0.0018996663,0.0013029721
112,0,0,0.0,0.9960724,0.0026394522,0.0012880714
112,0,0,0.0,0.9961792,0.0024518888,0.0013688663
112,0,0,6.332993507385254e-08,0.99655074,0.001818056,0.0016311408
112,0,0,0.0,0.9963555,0.002137566,0.0015070064
112,0,0,0.0,0.9961568,0.0028100295,0.0010332301
112,0,0,0.0,0.99527264,0.0015354594,0.0031920963
112,0,0,0.0,0.9960605,0.0017889395,0.0021505745
112,0,0,0.0,0.9964244,0.0019694585,0.0016063042
112,0,0,0.0,0.9944192,0.003361542,0.0022193277
112,0,0,0.0,0.606286,0.0031293915,0.39058468
112,0,0,5.960464477539063e-08,0.9631964,0.0017237171,0.035079822
112,0,0,0.0,0.99362236,0.0015081889,0.0048694224
112,0,2,0.0,0.071336515,0.009808546,0.91885513
112,0,2,0.0,0.022227716,0.0032937792,0.97447866
112,0,2,0.0,0.4854472,0.0031345827,0.51141834
726,0,0,0.0,0.9849893,0.01256877,0.0024420433
726,0,0,0.0,0.9779281,0.018649383,0.0034226964
726,0,0,2.9802322387695312e-08,0.95813864,0.037620623,0.0042407284
726,0,0,0.0,0.9784117,0.020056723,0.0015317488
726,0,0,1.4901161193847656e-08,0.9743406,0.021193184,0.004466209
726,0,0,0.0,0.94729954,0.047944527,0.0047561144
726,0,0,0.0,0.9560165,0.03458683,0.009396809
726,0,0,0.0,0.96646494,0.024958901,0.008576368
726,0,0,0.0,0.8546852,0.09864014,0.046674658
726,0,0,0.0,0.8853571,0.07344682,0.04119615
726,0,0,1.1920928955078125e-07,0.7269942,0.22118878,0.051817015
111,0,0,0.0,0.9581995,0.039005686,0.0027951503
111,0,0,2.9802322387695312e-08,0.94532835,0.052688368,0.001983307
111,0,0,1.4901161193847656e-08,0.966437,0.031134253,0.002428809
111,0,0,0.0,0.98611236,0.01329306,0.0005946268
111,0,0,0.0,0.98025846,0.019232316,0.00050937996
111,0,0,0.0,0.9703983,0.026536135,0.0030657055
111,0,0,0.0,0.9618723,0.03430062,0.0038271924
111,0,0,7.450580596923828e-09,0.98595864,0.012815126,0.0012262162
111,0,0,0.0,0.9810182,0.01777419,0.0012075698
111,0,0,0.0,0.9836613,0.015316664,0.0010220403
111,0,0,0.0,0.9868216,0.012834769,0.00034374426
111,0,0,5.21540641784668e-08,0.985539,0.014113406,0.00034753294
111,0,0,5.21540641784668e-08,0.9876434,0.011738291,0.000618274
111,0,0,5.960464477539063e-08,0.98971426,0.009518026,0.0007676309
111,0,0,0.0,0.9891186,0.010175331,0.0007061402
111,0,0,0.0,0.9866271,0.012597006,0.0007758651
111,0,0,5.21540641784668e-08,0.9854023,0.013813206,0.00078445364
111,0,0,0.0,0.9858183,0.013546771,0.00063511956
111,0,0,0.0,0.9864055,0.012789298,0.0008052662
111,0,0,0.0,0.98805195,0.011226898,0.00072116853
111,0,0,5.960464477539063e-08,0.9879296,0.011199832,0.0008705281
111,0,0,0.0,0.98820746,0.01090573,0.00088685914
111,0,0,0.0,0.98865676,0.010489428,0.0008539072
111,0,0,0.0,0.9881069,0.01136343,0.0005297744
111,0,0,0.0,0.9873577,0.01158267,0.0010597665
111,0,0,0.0,0.9816527,0.017113889,0.001233528
111,0,0,0.0,0.98606294,0.013102061,0.00083524076
111,0,0,0.0,0.990591,0.008881325,0.00052772206
111,0,0,0.0,0.9871487,0.011964028,0.0008873321
111,0,0,0.0,0.9898464,0.009677873,0.00047566538
111,0,0,0.0,0.98914623,0.010331992,0.00052192545
111,0,0,0.0,0.99069846,0.008569218,0.00073235657
111,0,0,0.0,0.9879351,0.011227273,0.0008378847
111,0,0,0.0,0.98905087,0.01038864,0.00056049245
111,0,0,0.0,0.9887179,0.010927452,0.00035475005
111,0,0,0.0,0.9909435,0.008480663,0.0005758931
111,0,0,5.21540641784668e-08,0.98721045,0.011941327,0.00084820745
111,0,0,1.4901161193847656e-08,0.96094567,0.038357053,0.0006972615
16,0,0,0.0,0.99719673,0.0018106787,0.0009925689
16,0,0,0.0,0.996311,0.0021217538,0.0015674162
16,0,0,0.0,0.99570197,0.0030831513,0.0012148962
16,0,0,0.0,0.9959387,0.0029887315,0.001072699
16,0,0,0.0,0.9952556,0.0032936581,0.0014508386
16,0,0,0.0,0.9967662,0.0018801417,0.0013538039
16,0,0,5.960464477539063e-08,0.99628943,0.0019579367,0.0017526016
16,0,0,0.0,0.996612,0.0024965154,0.000891626
16,0,0,0.0,0.9967685,0.0022802877,0.0009513584
16,0,0,0.0,0.9960414,0.0027786694,0.0011798536
16,0,0,0.0,0.99670583,0.0018626365,0.0014318035
16,0,0,0.0,0.9966146,0.0016948181,0.00169072
16,0,0,5.774199962615967e-08,0.9970152,0.0018732054,0.0011115085
16,0,0,3.725290298461914e-09,0.9970585,0.0018654551,0.001076092
16,0,0,0.0,0.9965887,0.0024989713,0.0009124239
16,0,0,0.0,0.99550915,0.0035274886,0.00096345117
16,0,0,6.51925802230835e-08,0.9956285,0.0033291266,0.0010422951
16,0,0,6.332993507385254e-08,0.99655074,0.0021590893,0.0012902137
16,0,0,0.0,0.9963327,0.0015903974,0.0020769348
16,0,0,0.0,0.9970779,0.0016339909,0.0012883743
16,0,0,0.0,0.9971767,0.0015291333,0.0012942608
16,0,0,0.0,0.99654114,0.0022845082,0.0011744696
16,0,0,0.0,0.99666375,0.0023118716,0.0010244687
16,0,0,0.0,0.99600255,0.0026772066,0.0013203203
16,0,0,0.0,0.99652725,0.0022422061,0.0012306598
16,0,0,0.0,0.9958173,0.0020867642,0.0020960998
16,0,0,5.960464477539063e-08,0.99695796,0.0014762066,0.0015657563
16,0,0,0.0,0.9972405,0.0016080139,0.0011515978
16,0,0,0.0,0.99724936,0.0014232851,0.0013274398
216,0,0,0.0,0.9932718,0.0033389358,0.0033892905
216,0,0,5.21540641784668e-08,0.99084204,0.0043237316,0.004834227
216,0,0,0.0,0.9920841,0.0035330015,0.0043829
216,0,0,5.960464477539063e-08,0.9929929,0.0039625554,0.0030444774
216,0,0,0.0,0.99361175,0.0034111966,0.0029770753
216,0,0,3.725290298461914e-09,0.9952126,0.0028454452,0.0019419328
216,0,0,0.0,0.99485636,0.0027156153,0.0024280285
216,0,0,0.0,0.99394554,0.003589939,0.0024646528
216,0,0,0.0,0.99402046,0.0023989105,0.0035807325
216,0,0,0.0,0.98796034,0.0070151314,0.00502462
216,0,0,0.0,0.98788255,0.004376232,0.0077413893
216,0,0,0.0,0.9909402,0.0035689655,0.0054909517
216,0,0,5.21540641784668e-08,0.98537755,0.0042245598,0.010397889
216,0,0,0.0,0.99397314,0.0021257831,0.0039011983
216,0,0,0.0,0.9783954,0.008313774,0.013291006
216,0,0,0.0,0.97811073,0.0066149496,0.015274419
770,0,0,0.0,0.9559441,0.036136106,0.007919769
770,0,0,0.0,0.99057776,0.007052313,0.002369962
770,0,0,0.0,0.99062073,0.007494605,0.0018847553
770,0,0,0.0,0.9893456,0.008808799,0.0018457538
770,0,0,0.0,0.98556113,0.012520908,0.001918026
770,0,0,0.0,0.9928588,0.00557024,0.0015710265
770,0,0,0.0,0.9904852,0.0077807093,0.0017343032
770,0,0,0.0,0.69912153,0.15350614,0.1473724
770,0,0,7.450580596923828e-08,0.98563117,0.0094677545,0.0049009793
770,0,0,4.470348358154297e-08,0.98718697,0.011024076,0.0017889165
770,0,0,0.0,0.98474514,0.011211207,0.004043801
770,0,0,0.0,0.9873976,0.010284549,0.0023179725
770,0,0,0.0,0.98986477,0.008278764,0.0018566271
770,0,0,0.0,0.97965986,0.015518723,0.0048216246
770,0,0,0.0,0.9669318,0.027300505,0.005767753
770,0,0,0.0,0.9848063,0.0131461,0.0020476256
770,0,0,0.0,0.98162854,0.014160047,0.004211526
770,0,0,0.0,0.9817704,0.013479146,0.0047504953
770,0,0,0.0,0.95237917,0.03249922,0.01512177
52,0,0,7.450580596923828e-09,0.98527825,0.0027384167,0.0119833425
52,0,0,0.0,0.9603467,0.004703484,0.034949984
52,0,0,0.0,0.95146763,0.004315252,0.044217203
52,0,0,0.0,0.9929371,0.0016870799,0.0053758575
52,0,0,0.0,0.99160016,0.0014140924,0.0069857165
52,0,0,0.0,0.9813223,0.0022443454,0.016433526
52,0,0,0.0,0.9905616,0.0019603656,0.007478191
52,0,0,0.0,0.99121344,0.0020342153,0.006752462
52,0,0,0.0,0.98909813,0.002019409,0.00888252
52,0,0,0.0,0.99247086,0.0019176081,0.005611498
52,0,0,0.0,0.99385417,0.002230911,0.0039149583
52,0,0,0.0,0.9859266,0.002855868,0.011217491
52,0,0,0.0,0.9948568,0.0026839697,0.0024594765
125,0,0,0.0,0.99683136,0.0017013209,0.0014674998
125,0,0,0.0,0.99641573,0.0024099261,0.0011742584
125,0,0,7.450580596923828e-09,0.9954114,0.003208334,0.0013803348
125,0,0,0.0,0.99619114,0.0023740293,0.0014347943
125,0,0,0.0,0.99507767,0.0028694475,0.0020529148
125,0,0,0.0,0.98752075,0.0070009627,0.0054784687
125,0,0,0.0,0.995541,0.002683458,0.0017756849
125,0,0,0.0,0.99642277,0.0025235864,0.0010537002
125,0,0,0.0,0.9961452,0.0023822053,0.0014727166
125,0,0,0.0,0.9915647,0.0033767384,0.0050587305
125,0,0,0.0,0.99557394,0.0029106361,0.0015152821
125,0,0,5.587935447692871e-08,0.9955074,0.003194857,0.0012977585
125,0,0,0.0,0.9957728,0.002508472,0.0017187245
125,0,0,0.0,0.9792019,0.0063155754,0.014482632
125,0,0,0.0,0.9951426,0.0032251652,0.0016322037
125,0,0,0.0,0.9957389,0.0030276754,0.0012335068
125,0,0,0.0,0.9949874,0.0031979785,0.0018148252
125,0,0,0.0,0.99680245,0.0022699793,0.00092756527
125,0,0,0.0,0.99615514,0.002441256,0.0014036734
125,0,0,0.0,0.996071,0.0021737646,0.0017553852
125,0,0,0.0,0.99128246,0.005553881,0.0031637216
795,0,0,0.0,0.96227056,0.00723052,0.030499026
795,0,0,0.0,0.9660539,0.0056733196,0.02827297
795,0,0,5.960464477539063e-08,0.98848015,0.0028068074,0.008712943
795,0,0,0.0,0.9902321,0.0024228601,0.007345116
795,0,0,0.0,0.99377036,0.003413266,0.0028164696
795,0,0,0.0,0.99668235,0.0017873186,0.0015303376
795,0,0,6.146728992462158e-08,0.9971372,0.0017523677,0.0011103986
795,0,0,0.0,0.99650156,0.0022951933,0.0012032572
795,0,0,0.0,0.9969652,0.0021772597,0.00085760327
795,0,0,0.0,0.99643517,0.002580676,0.0009842115
795,0,0,0.0,0.995469,0.0027835162,0.0017476988
795,0,0,0.0,0.9970145,0.0021248255,0.00086061266
795,0,0,0.0,0.9948067,0.0039266767,0.0012666447
795,0,0,0.0,0.9940759,0.0018986303,0.004025473
795,0,0,0.0,0.99677944,0.0019043044,0.001316377
795,0,0,0.0,0.9954008,0.0023408816,0.002258427
918,1,2,5.960464477539063e-08,0.0009051201,0.16511609,0.83397883
918,1,2,0.0,0.0009423507,0.2985889,0.7004689
918,1,2,0.0,0.00071208685,0.009241082,0.990047
918,1,2,0.0,0.0023876412,0.14445558,0.853157
267,1,1,0.0,0.001864347,0.5575297,0.44060594
267,1,1,0.0,0.00049845193,0.9622769,0.03722472
267,1,1,0.0,0.00047108438,0.9232339,0.07629516
267,1,1,0.0,0.0006323432,0.9562425,0.04312538
267,1,1,0.0,0.00106563,0.85038084,0.14855362
267,1,1,0.0,0.000866589,0.55704665,0.4420869
497,1,1,5.774199962615967e-08,0.00042933194,0.9956295,0.0039411415
497,1,2,0.0,0.0041018883,0.013341523,0.98255646
497,1,1,0.0,0.000624078,0.99445766,0.004918383
497,1,1,0.0,0.00053352583,0.9977033,0.0017632651
497,1,1,1.862645149230957e-09,0.00045699664,0.9976154,0.0019276632
497,1,2,0.0,0.20023249,0.23368052,0.56608725
497,1,1,0.0,0.0008643947,0.9972784,0.001857254
497,1,1,0.0,0.000813368,0.9962445,0.0029423225
497,1,1,0.0,0.093839966,0.7947675,0.11139256
823,1,2,0.0,0.0022166637,0.012362886,0.9854204
823,1,2,7.450580596923828e-09,0.00057819806,0.0127692735,0.9866526
874,1,1,0.0,0.00069017365,0.65698576,0.34232423
874,1,1,0.0,0.0009243602,0.87968177,0.11939388
874,1,2,0.0,0.0022271387,0.058787543,0.9389854
391,1,1,7.450580596923828e-09,0.00053565815,0.9920637,0.007400702
391,1,1,0.0,0.0004891894,0.9924142,0.0070966734
391,1,1,5.960464477539063e-08,0.0005824746,0.99422514,0.0051924037
391,1,1,0.0,0.00057003903,0.9957487,0.0036813596
391,1,1,0.0,0.00062585797,0.996345,0.0030293434
386,1,2,0.0,0.002776039,0.3008661,0.696358
386,1,1,0.0,0.012729757,0.5293062,0.45796403
386,1,2,0.0,0.025498461,0.33381045,0.64069116
386,1,1,0.0,0.0008845797,0.9869389,0.012176587
386,1,1,0.0,0.0011935872,0.94716847,0.051638015
386,1,1,0.0,0.0005218448,0.99652714,0.0029509973
386,1,1,0.0,0.00054250524,0.99704975,0.0024077978
386,1,1,0.0,0.0006887823,0.9968896,0.0024216578
386,1,1,0.0,0.0009169027,0.9972616,0.0018215702
386,1,1,0.0,0.000958362,0.9967522,0.0022895825
386,1,1,0.0,0.0006437941,0.9973335,0.0020228042
386,1,1,0.0,0.00066147855,0.9978424,0.0014962245
386,1,1,0.0,0.0006094213,0.99755,0.0018406113
386,1,1,0.0,0.000590063,0.9979239,0.0014861156
386,1,1,0.0,0.00066576275,0.99760634,0.0017279314
386,1,1,5.8673322200775146e-08,0.00060283614,0.99821305,0.0011841416
386,1,1,0.0,0.0005862259,0.9979892,0.001424563
386,1,1,0.0,0.0004915197,0.99756956,0.0019391255
386,1,1,0.0,0.00138657,0.9947477,0.0038657293
899,1,1,0.0,0.0010187682,0.99356323,0.0054181106
899,1,1,0.0,0.0004421427,0.99673074,0.0028272748
899,1,1,0.0,0.1274713,0.85113007,0.021398734
899,1,1,0.0,0.00042670057,0.9952451,0.0043282327
899,1,1,0.0,0.00047086205,0.9965648,0.002964493
899,1,1,0.0,0.00043561432,0.996421,0.0031434437
899,1,1,4.842877388000488e-08,0.00045228173,0.99512684,0.0044208006
899,1,2,0.0,0.0109473225,0.039923836,0.94912905
899,1,2,0.0,0.0024044004,0.1437571,0.85383856
899,1,1,0.0,0.00042786333,0.9844374,0.015134805
899,1,1,0.0,0.00048420567,0.98388726,0.01562851
899,1,1,0.0,0.0020184272,0.9584981,0.039483607
899,1,2,0.0,0.0049148053,0.04073964,0.9543457
899,1,2,0.0,0.006086035,0.027968122,0.9659459
401,1,1,5.21540641784668e-08,0.0008067197,0.99483544,0.0043577678
401,1,1,0.0,0.00079928804,0.99475616,0.00444466
401,1,1,0.0,0.000771758,0.9929484,0.0062799724
401,1,1,0.0,0.0011473324,0.96810645,0.03074641
607,2,2,0.0,0.0035348516,0.0014261052,0.99503917
607,2,2,0.0,0.09781044,0.0077412934,0.8944484
607,2,2,0.0,0.00069376687,0.0024739238,0.9968323
607,2,2,0.0,0.2782292,0.0509616,0.6708093
607,2,2,0.0,0.0012505472,0.004794121,0.99395555
607,2,2,0.0,0.0011100323,0.006994386,0.9918957
607,2,2,0.0,0.12875244,0.11450941,0.7567382
573,2,2,5.587935447692871e-08,0.00082701264,0.002567878,0.9966051
573,2,2,0.0,0.0007840052,0.0023865644,0.99682945
573,2,2,0.0,0.0007837701,0.0024184426,0.9967979
573,2,2,0.0,0.0007846874,0.002322604,0.99689287
573,2,2,0.0,0.00079492084,0.0024484282,0.99675673
573,2,2,5.774199962615967e-08,0.0009026934,0.002485956,0.9966113
573,2,2,0.0,0.0007439349,0.0024176252,0.99683857
573,2,2,0.0,0.00092001917,0.002678669,0.9964015
979,2,2,0.0,0.013212336,0.0032444908,0.98354334
979,2,2,0.0,0.14530547,0.0009705998,0.85372394
979,2,2,6.332993507385254e-08,0.0051008556,0.00071157503,0.99418753
979,2,2,5.960464477539063e-08,0.0007875385,0.0017203604,0.997492
979,2,2,0.0,0.0006186822,0.001313194,0.9980682
979,2,2,0.0,0.0022571245,0.0018554023,0.9958877
979,2,2,0.0,0.042220224,0.0009317002,0.9568482
979,2,2,0.0,0.0024439816,0.00071282237,0.99684334
979,2,2,0.0,0.0013692019,0.001068625,0.99756235
979,2,2,5.587935447692871e-09,0.0006691179,0.0016927222,0.9976382
979,2,2,0.0,0.00056185474,0.0013034537,0.9981347
979,2,2,2.9802322387695312e-08,0.083512194,0.001366486,0.91512126
979,2,2,0.0,0.0035635566,0.0013917368,0.9950447
979,2,2,0.0,0.0034193213,0.0015833678,0.99499744
979,2,2,0.0,0.00039214018,0.001862824,0.99774504
979,2,2,6.05359673500061e-08,0.00041774308,0.001115104,0.9984671
979,2,2,0.0,0.0005353558,0.0007303437,0.9987345
979,2,2,0.0,0.0010066542,0.0008640147,0.9981295
979,2,0,0.0,0.5981261,0.0016684914,0.40020543
979,2,2,0.0,0.006078022,0.00084249524,0.9930796
979,2,2,0.0,0.0052124076,0.0020492666,0.9927383
979,2,2,0.0,0.002600331,0.0025910086,0.9948087
979,2,2,0.0,0.0010824184,0.0020085343,0.9969092
979,2,2,0.0,0.00035634337,0.00092767854,0.998716
979,2,2,6.05359673500061e-08,0.0004892508,0.0011584244,0.9983523
979,2,2,0.0,0.00042911377,0.001692176,0.99787897
979,2,2,0.0,0.0061943308,0.0032014924,0.99060416
979,2,2,0.0,0.005407787,0.004312218,0.99028015
979,2,2,0.0,0.003197329,0.0024556678,0.99434704
979,2,2,0.0,0.003178772,0.0015370696,0.9952842
979,2,2,0.0,0.0004936277,0.0011393471,0.99836713
979,2,2,0.0,0.0021738673,0.00070691307,0.9971194
979,2,2,0.0,0.002887633,0.0023156283,0.9947969
979,2,2,0.0,0.039025582,0.023589341,0.9373851
979,2,2,0.0,0.036495227,0.022471502,0.9410333
979,2,2,0.0,0.008387483,0.0060306187,0.985582
979,2,2,5.960464477539063e-08,0.0033850265,0.0014631669,0.9951517
979,2,2,0.0,0.002400476,0.0006876885,0.996912
979,2,2,0.0,0.0020476237,0.0007003484,0.9972521
979,2,2,0.0,0.039931726,0.013653475,0.94641495
979,2,2,0.0,0.0023606638,0.0034205571,0.99421895
979,2,2,0.0,0.0020248888,0.0020757802,0.99589926
979,2,2,0.0,0.0030489129,0.002089619,0.99486166
979,2,2,0.0,0.06291884,0.021649204,0.9154321
979,2,2,0.0,0.0027680683,0.005070201,0.99216175
985,2,2,5.960464477539063e-08,0.0015290225,0.006208898,0.992262
985,2,2,0.0,0.0012248113,0.004590875,0.9941845
985,2,2,0.0,0.00045813472,0.0017372498,0.99780476
985,2,2,0.0,0.00057741284,0.0029160485,0.99650663
985,2,2,0.0,0.0007823945,0.0031488999,0.9960689
985,2,2,5.960464477539063e-08,0.00031848077,0.005168807,0.99451274
985,2,2,5.960464477539063e-08,0.0005879136,0.0030749482,0.9963371
985,2,2,0.0,0.00042860355,0.0077234698,0.991848
985,2,2,0.0,0.00026716836,0.0058804234,0.99385256
549,2,2,0.0,0.00044636097,0.0072328993,0.99232095
549,2,2,0.0,0.00030537698,0.0029946817,0.99670005
549,2,2,1.862645149230957e-09,0.00041185532,0.0021438508,0.9974443
549,2,1,0.0,0.00088101387,0.5713172,0.4278017
549,2,2,0.0,0.0016800604,0.0051421323,0.99317783
549,2,2,0.0,0.00079749717,0.010156653,0.98904586
549,2,2,6.146728992462158e-08,0.0010196255,0.0026876556,0.9962927
549,2,2,0.0,0.0008770094,0.0015099627,0.9976131
549,2,2,0.0,0.03427753,0.029511685,0.9362108
549,2,2,5.587935447692871e-08,0.0006843065,0.0028822117,0.99643344
549,2,2,0.0,0.0004376111,0.011749077,0.9878134
549,2,2,0.0,0.00041029914,0.0027640678,0.99682575
549,2,2,0.0,0.00060206687,0.0010707208,0.99832726
549,2,2,5.960464477539063e-08,0.00045918187,0.0011195249,0.99842125
549,2,2,0.0,0.00055540743,0.006988345,0.99245644
549,2,2,0.0,0.0003930039,0.0025887217,0.9970183
549,2,2,5.960464477539063e-08,0.0005521194,0.0015763092,0.99787164
549,2,2,0.0,0.00067851803,0.0010439819,0.9982776
549,2,2,0.0,0.002548964,0.0040958175,0.9933553
549,2,2,0.0,0.001183128,0.005333302,0.99348366
549,2,2,0.0,0.00063127937,0.0025684645,0.9968005
549,2,2,0.0,0.0005407748,0.0016027847,0.9978565
549,2,2,0.0,0.00073898904,0.0018446011,0.9974165
549,2,2,0.0,0.03305762,0.006167193,0.9607754
549,2,2,0.0,0.45342132,0.009543158,0.5370355
549,2,2,5.960464477539063e-08,0.008080175,0.004172408,0.9877474
549,2,2,0.0,0.0005049057,0.002194422,0.9973008
549,2,2,0.0,0.0006906491,0.0029386433,0.99637073
549,2,2,0.0,0.0051264954,0.0049829315,0.9898906
549,2,2,0.0,0.0383673,0.008059243,0.9535736
549,2,2,0.0,0.005298547,0.012203737,0.9824978
549,2,2,0.0,0.008383592,0.011791405,0.97982496
931,2,2,0.0,0.011288124,0.0027369428,0.9859749
931,2,2,0.0,0.0067479466,0.002770444,0.9904818
931,2,2,4.470348358154297e-08,0.017143644,0.0056471396,0.97720927
931,2,2,0.0,0.11945581,0.0027297016,0.87781453
931,2,2,0.0,0.0030900347,0.003044729,0.99386513
931,2,2,5.587935447692871e-08,0.002264847,0.0056380476,0.9920971
931,2,2,0.0,0.0033964426,0.0020235656,0.9945802
931,2,2,0.0,0.0027966367,0.008325135,0.98887825
931,2,2,0.0,0.002078387,0.41898537,0.57893634
931,2,2,0.0,0.0026014596,0.3483198,0.6490788
931,2,2,5.960464477539063e-08,0.0072981105,0.0035831274,0.98911875
931,2,2,0.0,0.006355553,0.029326396,0.9643182
931,2,1,0.0,0.003231409,0.635483,0.36128572
931,2,1,0.0,0.002251496,0.6999603,0.29778823
931,2,2,0.0,0.034458566,0.0057563228,0.9597851
931,2,2,0.0,0.0044334587,0.015102638,0.980464
931,2,2,0.0,0.0030405228,0.0061055156,0.9908542
931,2,2,0.0,0.0025615369,0.0044185375,0.99302
931,2,2,0.0,0.010637318,0.0065179644,0.9828448
931,2,2,0.0,0.005682021,0.07450223,0.9198159
931,2,2,0.0,0.029012049,0.006873826,0.9641142
931,2,2,0.0,0.0053133206,0.0018795743,0.9928073
931,2,2,6.332993507385254e-08,0.0010530221,0.004500588,0.99444634
931,2,2,0.0,0.0009404008,0.0025396962,0.99652004
931,2,2,0.0,0.0032727066,0.00260958,0.9941178
931,2,2,5.21540641784668e-08,0.006732503,0.0062731425,0.9869944
931,2,2,0.0,0.0018217874,0.0017201323,0.9964582
931,2,2,0.0,0.00060156785,0.0011254475,0.998273
931,2,2,0.0,0.0003800563,0.0015847175,0.9980354
931,2,2,0.0,0.00051004323,0.00197528,0.99751484
931,2,2,5.774199962615967e-08,0.00079892826,0.002341336,0.9968597
931,2,2,0.0,0.0016152514,0.00545673,0.9929281
931,2,2,0.0,0.00031443642,0.0014558859,0.9982299
931,2,2,9.313225746154785e-10,0.00026170345,0.001614052,0.9981243
931,2,2,0.0,0.00034282936,0.0015891179,0.9980682
931,2,2,0.0,0.00040877966,0.002891619,0.99669975
931,2,2,0.0,0.0007267214,0.0064576454,0.9928156
931,2,2,0.0,0.0013259753,0.006010873,0.9926634
931,2,2,0.0,0.0007003083,0.0037857965,0.9955139
931,2,2,0.0,0.0006558632,0.0019698765,0.9973745
931,2,2,0.0,0.0004525948,0.0015974056,0.9979502
931,2,2,0.0,0.00025261336,0.0021657834,0.9975816
931,2,2,0.0,0.00052354886,0.014981308,0.9844953
931,2,2,0.0,0.0010291028,0.087761596,0.9112093
931,2,2,0.0,0.00066458323,0.0024419827,0.99689347
931,2,2,0.0,0.0002963094,0.0019505776,0.9977533
931,2,2,2.9802322387695312e-08,0.0004955547,0.027496355,0.9720079
937,2,2,0.0,0.0010557749,0.029024605,0.96991956
937,2,2,0.0,0.0055677067,0.011025926,0.9834065
937,2,2,0.0,0.0006968224,0.0025508814,0.9967524
937,2,2,0.0,0.0024262243,0.010358328,0.98721564
937,2,2,3.725290298461914e-09,0.0006127913,0.002822875,0.9965643
937,2,2,0.0,0.0005563813,0.002262386,0.99718136
937,2,2,0.0,0.00052021304,0.0014497944,0.9980301
937,2,2,3.725290298461914e-09,0.0036054696,0.0044524963,0.99194205
937,2,2,0.0,0.02890457,0.0066526933,0.96444285
937,2,2,1.862645149230957e-09,0.0005574045,0.0025930332,0.9968495
937,2,2,0.0,0.0005708872,0.0018209936,0.9976083
937,2,2,0.0,0.0005856076,0.0019068721,0.9975076
937,2,2,0.0,0.00056454324,0.001909215,0.99752635
937,2,2,1.862645149230957e-09,0.0008211349,0.0012416226,0.9979373
937,2,2,0.0,0.003817882,0.0028154077,0.9933668
937,2,2,7.450580596923828e-08,0.006095936,0.006388919,0.98751503
937,2,2,5.587935447692871e-09,0.00035542616,0.0029109512,0.99673367
937,2,2,0.0,0.00055790966,0.0022435044,0.9971987
937,2,2,0.0,0.00060268585,0.0020372467,0.9973602
937,2,2,0.0,0.00060673367,0.0020179353,0.99737555
937,2,2,0.0,0.0005423945,0.0018630221,0.9975946
937,2,2,0.0,0.0007098064,0.0012295735,0.99806064
937,2,2,0.0,0.0016012408,0.0013587137,0.99704015
937,2,2,0.0,0.0037747954,0.003443222,0.9927821
937,2,2,0.0,0.07038833,0.051718395,0.87789345
937,2,2,0.0,0.06632399,0.013339024,0.92033714
937,2,2,0.0,0.002833498,0.003524459,0.9936423
937,2,2,0.0,0.0004711583,0.0019592992,0.99756956
937,2,2,0.0,0.00043512168,0.0020312201,0.9975338
937,2,2,0.0,0.00068763475,0.0013968796,0.9979156
937,2,2,0.0,0.00077099836,0.0017371768,0.9974919
937,2,2,0.0,0.0004267956,0.0033096836,0.9962635
937,2,2,0.0,0.0004424527,0.0032539638,0.9963037
937,2,2,0.0,0.0005492329,0.0010858172,0.99836504
937,2,2,0.0,0.0007203447,0.0011360563,0.9981437
937,2,2,0.0,0.0012971188,0.00089500565,0.997808
937,2,2,1.4901161193847656e-08,0.0037534365,0.008270391,0.98797625
937,2,2,0.0,0.00043227812,0.009570126,0.9899977
937,2,2,0.0,0.00064098055,0.0018827255,0.9974765
937,2,2,0.0,0.0007896944,0.0016787503,0.99753153
937,2,2,0.0,0.00076772494,0.0017577546,0.9974747
937,2,2,0.0,0.00081291853,0.001875955,0.9973112
937,2,2,0.0,0.00064092554,0.001722676,0.9976365
937,2,2,0.0,0.00071163644,0.0020098477,0.99727863
937,2,2,0.0,0.00064480025,0.0015779735,0.99777734
937,2,2,0.0,0.0006672292,0.002002355,0.9973306
937,2,2,7.450580596923828e-09,0.0011460633,0.010605724,0.9882483
937,2,2,0.0,0.0007507345,0.0063520144,0.99289715
937,2,2,0.0,0.0007694702,0.0024566823,0.99677384
937,2,2,0.0,0.00080600916,0.002305336,0.99688876
937,2,2,0.0,0.00076238526,0.0026007155,0.99663687
937,2,2,0.0,0.0008391926,0.0026936936,0.9964671
937,2,2,0.0,0.00092923164,0.0019165376,0.9971543
937,2,2,0.0,0.0009990643,0.0019479668,0.9970532
937,2,2,0.0,0.000780211,0.0015699728,0.9976499
937,2,2,0.0,0.0008857886,0.0033018384,0.9958124
937,2,2,0.0,0.0018049539,0.07293099,0.9252641
937,2,2,0.0,0.0009300743,0.004819533,0.99425036
937,2,2,3.725290298461914e-09,0.0008923112,0.0034159122,0.99569166
937,2,2,0.0,0.0009638317,0.0038552275,0.9951811
937,2,2,0.0,0.00079030194,0.003439802,0.99576986
937,2,2,0.0,0.0008774687,0.0026345206,0.996488
937,2,2,3.725290298461914e-09,0.000884878,0.0025139349,0.9966012
937,2,2,1.862645149230957e-09,0.0006641277,0.0021949734,0.997141
937,2,2,6.705522537231445e-08,0.0008783972,0.010745743,0.98837584
937,2,0,7.450580596923828e-09,0.9818703,0.005343928,0.012785724
937,2,2,0.0,0.0051496015,0.13782233,0.8570281
937,2,2,0.0,0.0045193015,0.14127474,0.8542061
937,2,2,4.470348358154297e-08,0.0034783005,0.030536154,0.9659855
966,2,2,0.0,0.0004478258,0.004083028,0.9954692
966,2,2,0.0,0.00033428546,0.0023374988,0.9973282
966,2,0,0.0,0.7229176,0.09179277,0.18528984
966,2,2,0.0,0.008984448,0.004515349,0.9865002
966,2,2,0.0,0.002428444,0.0061072856,0.99146426
966,2,2,0.0,0.0016753069,0.0052542216,0.9930706
966,2,2,0.0,0.0010857505,0.0038577649,0.99505657
966,2,2,0.0,0.0003463557,0.0021836131,0.9974701
966,2,2,0.0,0.00036893025,0.0017823,0.9978489
966,2,2,0.0,0.00036759832,0.001581704,0.9980508
966,2,2,7.450580596923828e-09,0.01493981,0.004993336,0.98006696
966,2,2,0.0,0.0036519466,0.006122515,0.99022573
966,2,2,5.21540641784668e-08,0.0025921592,0.013470941,0.98393685
966,2,2,0.0,0.0017679292,0.009779204,0.98845285
966,2,2,0.0,0.00086476567,0.0027194314,0.99641603
966,2,2,0.0,0.0007701111,0.001416851,0.9978132
966,2,2,6.146728992462158e-08,0.00058948254,0.0014584081,0.9979521
966,2,2,0.0,0.00054988824,0.001219122,0.9982311
966,2,2,0.0,0.0005743696,0.0012779172,0.99814796
966,2,2,0.0,0.16331717,0.018438973,0.818244
966,2,2,0.0,0.0009294895,0.019219289,0.9798513
966,2,2,0.0,0.018116523,0.2740661,0.7078174
966,2,2,0.0,0.0008239821,0.046275683,0.95290035
966,2,2,0.0,0.000518763,0.004263071,0.9952182
966,2,2,0.0,0.0009869061,0.0016860643,0.99732697
966,2,2,0.0,0.0031164389,0.0012000141,0.9956837
966,2,2,0.0,0.0011270376,0.0013000218,0.997573
966,2,2,0.0,0.000984678,0.00095751515,0.9980579
966,2,2,0.0,0.0007348679,0.0011886345,0.99807656
966,2,2,0.0,0.019541554,0.007425527,0.973033
966,2,2,0.0,0.0005908758,0.00547646,0.9939327
966,2,2,1.1175870895385742e-08,0.0019686474,0.007730076,0.9903013
966,2,2,1.862645149230957e-09,0.00079103676,0.0023022448,0.9969068
966,2,2,1.862645149230957e-09,0.0004926159,0.0011247607,0.9983827
966,2,2,0.0,0.0006425973,0.0007009558,0.9986564
966,2,2,0.0,0.0011041578,0.0012764367,0.99761957
966,2,2,0.0,0.0012615898,0.0011553853,0.9975831
966,2,2,0.0,0.0013791821,0.0013719506,0.9972491
966,2,2,0.0,0.00074854295,0.0017272353,0.9975243
966,2,2,0.0,0.0007401758,0.002410963,0.99684906
966,2,2,0.0,0.0007223731,0.0030639886,0.9962137
966,2,2,0.0,0.00063874776,0.001459265,0.99790204
966,2,2,0.0,0.00068161555,0.0010132268,0.9983053
966,2,2,5.681067705154419e-08,0.00075058494,0.00094631425,0.998303
966,2,2,0.0,0.00075678644,0.0010075629,0.9982357
966,2,2,0.0,0.0007813584,0.001103676,0.99811506
966,2,2,0.0,0.0012755605,0.00135798,0.99736655
966,2,2,0.0,0.000974545,0.0025774946,0.99644804
966,2,2,0.0,0.0007670352,0.002617475,0.9966155
966,2,2,0.0,0.0007898495,0.0058252458,0.99338496
966,2,2,0.0,0.0005801647,0.0023901495,0.9970297
966,2,2,0.0,0.00067271694,0.0024834028,0.99684393
966,2,2,0.0,0.00080470426,0.0019343564,0.99726105
966,2,2,0.0,0.0010815037,0.0014335585,0.99748516
966,2,2,0.0,0.0013385767,0.0013625176,0.99729913
966,2,2,5.960464477539063e-08,0.0006070879,0.0017307912,0.9976621
966,2,2,0.0,0.0008422828,0.0027638043,0.99639416
966,2,2,0.0,0.05293844,0.02545823,0.9216034
966,2,2,0.0,0.071962565,0.028054854,0.8999826
941,2,2,0.0,0.00083393115,0.0042386744,0.99492747
941,2,2,0.0,0.009961878,0.021632519,0.9684057
941,2,2,0.0,0.00055444345,0.0021051597,0.9973407
941,2,2,6.146728992462158e-08,0.0005399654,0.0018783995,0.99758166
941,2,2,0.0,0.0006907765,0.0013039261,0.9980054
941,2,2,0.0,0.0005993677,0.0015913062,0.99780947
941,2,2,0.0,0.0002901936,0.0039812773,0.9957285
941,2,2,0.0,0.0021024093,0.010250355,0.9876472
941,2,2,0.0,0.00061788055,0.0015502481,0.99783194
941,2,2,1.862645149230957e-09,0.00069119665,0.0014612662,0.99784756
941,2,2,0.0,0.000698183,0.0012927201,0.99800915
941,2,2,1.862645149230957e-09,0.00048039953,0.0019015151,0.9976182
941,2,2,0.0,0.00033460505,0.004211932,0.9954535
941,2,2,0.0,0.0037456392,0.013644064,0.9826103
941,2,2,0.0,0.00061288424,0.0016671179,0.99772
941,2,2,0.0,0.0006342979,0.0015941245,0.9977717
941,2,2,9.313225746154785e-10,0.0006677703,0.0013001754,0.9980321
941,2,2,5.960464477539063e-08,0.00056684844,0.0010856449,0.99834746
941,2,2,5.587935447692871e-08,0.002238593,0.0042470926,0.99351424
941,2,2,0.0,0.012287447,0.014750253,0.9729625
941,2,2,0.0,0.00085989764,0.0025825421,0.99655765
941,2,2,1.862645149230957e-09,0.00078283186,0.0022904244,0.9969267
941,2,2,0.0,0.0006303692,0.0016698047,0.99769986
941,2,2,0.0,0.00061870925,0.0013521098,0.9980292
941,2,2,0.0,0.00053620606,0.0009095582,0.9985544
941,2,2,0.0,0.0158949,0.0059807044,0.97812456
941,2,2,0.0,0.0017447778,0.005766603,0.9924888
688,2,2,0.0,0.0010557749,0.029024605,0.96991956
688,2,2,0.0,0.0055677067,0.011025926,0.9834065
688,2,2,0.0,0.0006968224,0.0025508814,0.9967524
688,2,2,0.0,0.0024262243,0.010358328,0.98721564
688,2,2,3.725290298461914e-09,0.0006127913,0.002822875,0.9965643
688,2,2,0.0,0.0005563813,0.002262386,0.99718136
688,2,2,0.0,0.00052021304,0.0014497944,0.9980301
688,2,2,3.725290298461914e-09,0.0036054696,0.0044524963,0.99194205
688,2,2,0.0,0.02890457,0.0066526933,0.96444285
688,2,2,1.862645149230957e-09,0.0005574045,0.0025930332,0.9968495
688,2,2,0.0,0.0005708872,0.0018209936,0.9976083
688,2,2,0.0,0.0005856076,0.0019068721,0.9975076
688,2,2,0.0,0.00056454324,0.001909215,0.99752635
688,2,2,1.862645149230957e-09,0.0008211349,0.0012416226,0.9979373
688,2,2,0.0,0.003817882,0.0028154077,0.9933668
688,2,2,7.450580596923828e-08,0.006095936,0.006388919,0.98751503
688,2,2,5.587935447692871e-09,0.00035542616,0.0029109512,0.99673367
688,2,2,0.0,0.00055790966,0.0022435044,0.9971987
688,2,2,0.0,0.00060268585,0.0020372467,0.9973602
688,2,2,0.0,0.00060673367,0.0020179353,0.99737555
688,2,2,0.0,0.0005423945,0.0018630221,0.9975946
688,2,2,0.0,0.0007098064,0.0012295735,0.99806064
688,2,2,0.0,0.0016012408,0.0013587137,0.99704015
688,2,2,0.0,0.0037747954,0.003443222,0.9927821
688,2,2,0.0,0.07038833,0.051718395,0.87789345
688,2,2,0.0,0.06632399,0.013339024,0.92033714
688,2,2,0.0,0.002833498,0.003524459,0.9936423
688,2,2,0.0,0.0004711583,0.0019592992,0.99756956
688,2,2,0.0,0.00043512168,0.0020312201,0.9975338
688,2,2,0.0,0.00068763475,0.0013968796,0.9979156
688,2,2,0.0,0.00077099836,0.0017371768,0.9974919
688,2,2,0.0,0.0004267956,0.0033096836,0.9962635
688,2,2,0.0,0.0004424527,0.0032539638,0.9963037
688,2,2,0.0,0.0005492329,0.0010858172,0.99836504
688,2,2,0.0,0.0007203447,0.0011360563,0.9981437
688,2,2,0.0,0.0012971188,0.00089500565,0.997808
688,2,2,1.4901161193847656e-08,0.0037534365,0.008270391,0.98797625
688,2,2,0.0,0.00043227812,0.009570126,0.9899977
688,2,2,0.0,0.00064098055,0.0018827255,0.9974765
688,2,2,0.0,0.0007896944,0.0016787503,0.99753153
688,2,2,0.0,0.00076772494,0.0017577546,0.9974747
688,2,2,0.0,0.00081291853,0.001875955,0.9973112
688,2,2,0.0,0.00064092554,0.001722676,0.9976365
688,2,2,0.0,0.00071163644,0.0020098477,0.99727863
688,2,2,0.0,0.00064480025,0.0015779735,0.99777734
688,2,2,0.0,0.0006672292,0.002002355,0.9973306
688,2,2,7.450580596923828e-09,0.0011460633,0.010605724,0.9882483
688,2,2,0.0,0.0007507345,0.0063520144,0.99289715
688,2,2,0.0,0.0007694702,0.0024566823,0.99677384
688,2,2,0.0,0.00080600916,0.002305336,0.99688876
688,2,2,0.0,0.00076238526,0.0026007155,0.99663687
688,2,2,0.0,0.0008391926,0.0026936936,0.9964671
688,2,2,0.0,0.00092923164,0.0019165376,0.9971543
688,2,2,0.0,0.0009990643,0.0019479668,0.9970532
688,2,2,0.0,0.000780211,0.0015699728,0.9976499
688,2,2,0.0,0.0008857886,0.0033018384,0.9958124
688,2,2,0.0,0.0018049539,0.07293099,0.9252641
688,2,2,0.0,0.0009300743,0.004819533,0.99425036
688,2,2,3.725290298461914e-09,0.0008923112,0.0034159122,0.99569166
688,2,2,0.0,0.0009638317,0.0038552275,0.9951811
688,2,2,0.0,0.00079030194,0.003439802,0.99576986
688,2,2,0.0,0.0008774687,0.0026345206,0.996488
688,2,2,3.725290298461914e-09,0.000884878,0.0025139349,0.9966012
688,2,2,1.862645149230957e-09,0.0006641277,0.0021949734,0.997141
688,2,2,6.705522537231445e-08,0.0008783972,0.010745743,0.98837584
688,2,0,7.450580596923828e-09,0.9818703,0.005343928,0.012785724
688,2,2,0.0,0.0051496015,0.13782233,0.8570281
688,2,2,0.0,0.0045193015,0.14127474,0.8542061
688,2,2,4.470348358154297e-08,0.0034783005,0.030536154,0.9659855
538,2,2,0.0,0.0006235869,0.001524737,0.99785185
538,2,2,0.0,0.00026260046,0.002419137,0.99731827
538,2,2,0.0,0.0003639751,0.0027612965,0.9968748
538,2,2,0.0,0.00046290446,0.0023929947,0.99714416
538,2,2,0.0,0.00021655708,0.0027034807,0.99707997
538,2,2,5.587935447692871e-08,0.000260143,0.0045933425,0.99514633
538,2,2,0.0,0.00036933032,0.004211215,0.9954196
538,2,2,0.0,0.00041916055,0.00443978,0.99514115
538,2,2,0.0,0.0002424769,0.0037848472,0.99597275
538,2,2,0.0,0.0001871361,0.0017414173,0.9980716
538,2,2,1.862645149230957e-09,0.00022895967,0.0019314643,0.9978396
538,2,2,0.0,0.00020747786,0.0022638624,0.9975286
538,2,2,0.0,0.00021469874,0.0023113878,0.9974742
538,2,2,1.862645149230957e-09,0.0009299125,0.002919595,0.9961505
538,2,2,0.0,0.00017752514,0.0040722345,0.9957504
538,2,2,0.0,0.00017595913,0.003933855,0.99589026
538,2,2,0.0,0.00016217922,0.0025893843,0.99724865
538,2,2,0.0,0.00020183281,0.0024816047,0.99731654
538,2,2,0.0,0.0017182108,0.027011868,0.97126997
538,2,2,0.0,0.0003079482,0.0034460635,0.996246
657,2,2,0.0,0.00078882126,0.0026207971,0.9965905
657,2,2,5.774199962615967e-08,0.00084711093,0.002567786,0.9965851
657,2,2,0.0,0.0008555586,0.0028202946,0.9963242
657,2,2,1.862645149230957e-09,0.00084538385,0.00273934,0.9964153
657,2,2,0.0,0.0008312687,0.0026463002,0.9965226
657,2,2,0.0,0.0008134979,0.0026756104,0.9965109
657,2,2,5.960464477539063e-08,0.0007700178,0.002502495,0.9967276
657,2,2,0.0,0.0007678714,0.0024220687,0.9968101
657,2,2,0.0,0.00079204794,0.0024081974,0.9967999
657,2,2,0.0,0.000707022,0.0022897867,0.9970032
657,2,2,6.332993507385254e-08,0.000771141,0.0023295772,0.9968992
627,2,0,0.0,0.7456523,0.012393288,0.24195439
627,2,2,0.0,0.046231803,0.12661807,0.8271503
627,2,2,5.960464477539063e-08,0.042762943,0.068768084,0.8884689
627,2,2,0.0,0.10835735,0.030149626,0.8614932
627,2,2,0.0,0.039300498,0.05951638,0.90118325
627,2,2,0.0,0.004792272,0.020515107,0.9746928
627,2,2,5.960464477539063e-08,0.12723158,0.03641588,0.8363525
627,2,2,0.0,0.0009643162,0.002723497,0.9963122
627,2,2,2.9802322387695312e-08,0.05460342,0.01670269,0.9286939
627,2,2,0.0,0.019992523,0.024047418,0.9559602
627,2,2,0.0,0.21408594,0.030517463,0.7553968
627,2,2,3.725290298461914e-09,0.0032888667,0.002549292,0.9941617
627,2,2,0.0,0.0015817741,0.0011342826,0.997284
627,2,2,0.0,0.0025545307,0.00069619867,0.9967494
627,2,2,5.21540641784668e-08,0.006002953,0.0067541627,0.9872429
627,2,2,0.0,0.026010616,0.057575237,0.91641426
627,2,2,0.0,0.082876936,0.053434193,0.863689
627,2,0,0.0,0.9694959,0.0029800052,0.027524099
627,2,2,0.0,0.0031988842,0.0010849322,0.9957162
627,2,2,0.0,0.0005855523,0.0014161357,0.99799836
627,2,2,0.0,0.00032314612,0.0017968928,0.9978801
627,2,2,0.0,0.0024369238,0.007835168,0.9897281
627,2,2,0.0,0.0074186823,0.03092734,0.9616541
627,2,2,0.0,0.01924783,0.056508083,0.92424405
627,2,0,0.0,0.7571783,0.0024539742,0.24036796
627,2,2,3.725290298461914e-09,0.0013425186,0.0014286874,0.99722886
627,2,2,0.0,0.00047457387,0.002042325,0.99748325
627,2,2,0.0,0.0011980726,0.0015932309,0.99720883
627,2,2,0.0,0.0012158084,0.0036576942,0.9951266
627,2,2,0.0,0.001591722,0.0070535573,0.9913549
627,2,2,0.0,0.0070554446,0.026254963,0.9666896
627,2,2,0.0,0.051135264,0.0020964816,0.9467684
627,2,2,0.0,0.013309105,0.0013028155,0.9853882
627,2,2,1.862645149230957e-09,0.0009464889,0.0020161339,0.9970375
627,2,2,5.774199962615967e-08,0.0008753203,0.0021323294,0.9969923
627,2,2,0.0,0.025360955,0.0064460165,0.9681932
627,2,2,0.0,0.0018044031,0.003921595,0.994274
627,2,2,0.0,0.0016139674,0.007738909,0.99064726
627,2,2,0.0,0.04809979,0.022816496,0.9290838
627,2,2,6.705522537231445e-08,0.0066071507,0.00360982,0.989783
627,2,2,0.0,0.002524961,0.00253367,0.9949414
627,2,2,0.0,0.0017286798,0.0031187432,0.9951526
627,2,2,0.0,0.002575422,0.0041895597,0.99323505
627,2,2,0.0,0.026273856,0.009076121,0.9646501
627,2,2,7.450580596923828e-09,0.00532286,0.014724865,0.9799523
627,2,2,0.0,0.008354308,0.017615758,0.97402996
627,2,2,0.0,0.0023841588,0.005672757,0.9919433
627,2,2,0.0,0.0015085924,0.0021898989,0.9963017
627,2,2,0.0,0.0014885666,0.0020546,0.99645704
627,2,2,0.0,0.0039917496,0.0033804404,0.99262786
627,2,2,0.0,0.3516206,0.024496118,0.62388337
627,2,0,0.0,0.5387978,0.025002563,0.43619975
627,2,2,1.4901161193847656e-08,0.024151646,0.018698532,0.9571497
627,2,2,0.0,0.0031161224,0.0086231455,0.98826087
627,2,2,0.0,0.003126438,0.008562488,0.988311
627,2,2,0.0,0.06172446,0.1424214,0.7958542
627,2,2,0.0,0.002681548,0.0017369689,0.9955816
627,2,2,0.0,0.0011913463,0.0012103526,0.9975983
627,2,2,0.0,0.0073560555,0.035024397,0.9576196
627,2,2,0.0,0.007270656,0.034682985,0.9580465
627,2,2,0.0,0.050127167,0.14732042,0.80255264
627,2,2,0.0,0.02507051,0.00742586,0.96750367
627,2,2,0.0,0.1177053,0.018714419,0.8635804
627,2,2,0.0,0.06718721,0.01015339,0.92265946
627,2,2,0.0,0.026606224,0.006317172,0.9670767
627,2,2,0.0,0.034487415,0.06879658,0.8967162
627,2,2,0.0,0.029299077,0.053224914,0.9174762
627,2,2,5.960464477539063e-08,0.20797375,0.025774982,0.7662512
627,2,2,0.0,0.023215644,0.0073066973,0.9694776
541,2,2,0.0,0.00032028664,0.0027403657,0.9969396
541,2,2,0.0,0.0002659423,0.002316852,0.9974174
541,2,2,0.0,0.00037208028,0.0043322593,0.9952957
541,2,2,0.0,0.0003264667,0.0056625064,0.99401104
541,2,2,0.0,0.0032552162,0.024286702,0.972458
541,2,2,0.0,0.00046922697,0.007875314,0.99165547
541,2,2,0.0,0.00045940065,0.0026578575,0.9968829
541,2,2,0.0,0.00075019023,0.00230111,0.9969488
541,2,2,0.0,0.0007405065,0.002613373,0.9966461
541,2,2,0.0,0.00047568785,0.017883195,0.9816412
541,2,2,0.0,0.000791872,0.0031758966,0.99603236
541,2,2,0.0,0.00093270175,0.00314536,0.9959221
541,2,2,0.0,0.00092781876,0.0032868898,0.9957853
541,2,2,0.0,0.00063390785,0.0028696188,0.99649656
541,2,2,0.0,0.00078337896,0.0030102138,0.99620646
695,2,2,0.0,0.00081261626,0.003293052,0.99589443
695,2,2,0.0,0.0008165405,0.002884062,0.99629956
695,2,2,0.0,0.0008931004,0.003068707,0.9960384
695,2,2,0.0,0.0009066294,0.0030701705,0.99602324
695,2,2,5.960464477539063e-08,0.0008617238,0.002947046,0.9961912
695,2,2,0.0,0.0008987014,0.003062246,0.99603903
695,2,2,0.0,0.00088464934,0.0030806528,0.9960348
695,2,2,0.0,0.0009665941,0.0029745041,0.99605894
695,2,2,0.0,0.0009175833,0.0031481418,0.9959344
695,2,2,0.0,0.0009136717,0.0027559937,0.99633044
695,2,2,0.0,0.00089939934,0.0029123286,0.99618834
1008,2,2,0.0,0.008167952,0.002519014,0.9893131
516,2,2,0.0,0.0014488511,0.0023741063,0.9961772
516,2,2,0.0,0.00089637743,0.0021403423,0.99696344
516,2,2,0.0,0.0012373531,0.003739889,0.99502283
516,2,2,0.0,0.0013305095,0.0042595146,0.9944099
516,2,2,0.0,0.0007147638,0.006658022,0.9926273
516,2,2,0.0,0.0008402894,0.0021468217,0.99701303
516,2,2,0.0,0.0010907591,0.0035339317,0.9953756
516,2,2,0.0,0.00076561334,0.03892257,0.9603119
516,2,2,0.0,0.0010255057,0.013053228,0.9859213
516,2,2,0.0,0.0013545639,0.012371596,0.9862739
516,2,2,0.0,0.0014924145,0.024163216,0.9743444
516,2,2,0.0,0.0032745642,0.021283483,0.97544193
516,2,2,0.0,0.002020505,0.008398224,0.9895812
