scheme,training_scheme,w_ring0,w_ring1,w_ring2,polygon_id,y_true,y_pred,correct,confidence,entropy,margin,effective_pixels,n_pixels,mean_distance_px,prob_class_0,prob_class_1,prob_class_2
A0_standard,T0_standard,1.0,1.0,1.0,1,1,1,1,0.9388835226349823,0.27024465085197463,0.9002738607033183,191.0,191,1.7893955968586386,0.0225068154333535,0.9388835226349823,0.03860966193166408
A0_standard,T0_standard,1.0,1.0,1.0,2,0,2,0,0.5274698583583555,1.0020326973779377,0.22796085259825716,29.0,29,0.9194155862068966,0.1730211358815463,0.2995090057600983,0.5274698583583555
A0_standard,T0_standard,1.0,1.0,1.0,7,0,2,0,0.4701492141545055,0.8780956937330623,8.96303181308622e-05,70.0,70,1.2559205428571434,0.47005958383637464,0.05979120200911976,0.4701492141545055
A0_standard,T0_standard,1.0,1.0,1.0,8,0,0,1,0.7886081900183725,0.5990537389369361,0.6055360789670672,69.0,69,1.4160222753623186,0.7886081900183725,0.028319698930322226,0.1830721110513053
A0_standard,T0_standard,1.0,1.0,1.0,9,0,0,1,0.8686690683538826,0.47777423596707225,0.7911094037853488,97.0,97,1.6381157731958764,0.8686690683538826,0.053771267077583645,0.07755966456853385
A0_standard,T0_standard,1.0,1.0,1.0,12,0,0,1,0.9268585298288884,0.3123325406430623,0.8888640073470858,65.0,65,1.1779163384615385,0.9268585298288884,0.035146947689309094,0.03799452248180255
A0_standard,T0_standard,1.0,1.0,1.0,15,1,1,1,0.95203918005838,0.2205059282402273,0.9170940707322757,38.0,38,1.0010864210526318,0.013015710615515838,0.95203918005838,0.034945109326104305
A0_standard,T0_standard,1.0,1.0,1.0,18,1,0,0,0.8903369220290094,0.4195047356991618,0.8242708224920261,96.0,96,1.3256457604166665,0.8903369220290094,0.06606609953698331,0.043596978434007394
A0_standard,T0_standard,1.0,1.0,1.0,22,1,1,1,0.938853170890891,0.2578056990875949,0.887987144578032,19.0,19,0.8067329999999999,0.010280802796249813,0.938853170890891,0.05086602631285911
A0_standard,T0_standard,1.0,1.0,1.0,28,1,1,1,0.7481357981536704,0.6413055637462328,0.5192573282553983,21.0,21,0.7458260476190477,0.022985731948057513,0.7481357981536704,0.22887846989827212
A0_standard,T0_standard,1.0,1.0,1.0,29,1,1,1,0.5231066587015539,0.8467576875600529,0.0937429567844359,13.0,13,0.504573923076923,0.047529639381328155,0.5231066587015539,0.42936370191711803
A0_standard,T0_standard,1.0,1.0,1.0,32,0,0,1,0.548966835679166,0.9550651508157344,0.2234635106865301,116.0,116,1.5386575431034482,0.548966835679166,0.12552983932819786,0.32550332499263596
A0_standard,T0_standard,1.0,1.0,1.0,35,0,0,1,0.5328457915421092,1.0116785117836362,0.27232027452978946,34.0,34,0.681779294117647,0.5328457915421092,0.20662869144557106,0.26052551701231974
A0_standard,T0_standard,1.0,1.0,1.0,37,0,0,1,0.8980484929767546,0.396276927849951,0.833349704113628,184.0,184,1.7882877282608698,0.8980484929767546,0.06469878886312666,0.037252718160118777
A0_standard,T0_standard,1.0,1.0,1.0,38,0,0,1,0.827537619714118,0.5687636617802674,0.7114599100508116,37.0,37,0.9075333243243243,0.827537619714118,0.056384670622575496,0.11607770966330642
A0_standard,T0_standard,1.0,1.0,1.0,39,0,0,1,0.8682514848836097,0.48101793843380225,0.8022438551402035,33.0,33,0.8299917878787879,0.8682514848836097,0.06600762974340628,0.0657408853729841
A0_standard,T0_standard,1.0,1.0,1.0,41,0,0,1,0.9016906011407487,0.3855214366916533,0.8386547632267336,70.0,70,1.2843535142857143,0.9016906011407487,0.06303583791401507,0.03527356094523621
A0_standard,T0_standard,1.0,1.0,1.0,44,0,0,1,0.8610939578869115,0.49868987256120356,0.7853803049639081,25.0,25,0.5948057999999999,0.8610939578869115,0.07571365292300335,0.06319238919008514
A0_standard,T0_standard,1.0,1.0,1.0,49,1,0,0,0.5784879939462323,0.9461047537674099,0.2933299914964405,16.0,16,0.37066231250000004,0.5784879939462323,0.1363540036039759,0.2851580024497918
A0_standard,T0_standard,1.0,1.0,1.0,51,0,0,1,0.6532012466068348,0.8151620311678682,0.37305531061755676,18.0,18,0.5287885,0.6532012466068348,0.06665281740388729,0.280145935989278
A0_standard,T0_standard,1.0,1.0,1.0,55,0,0,1,0.9125044725730601,0.3571389471951172,0.8657046387969722,39.0,39,0.6499513846153847,0.9125044725730601,0.04679983377608788,0.040695693650852
A0_standard,T0_standard,1.0,1.0,1.0,60,0,0,1,0.9273635166054387,0.3065620356052216,0.8788271583867409,51.0,51,1.224436588235294,0.9273635166054387,0.04853635821869788,0.024100125175863248
A0_standard,T0_standard,1.0,1.0,1.0,61,0,0,1,0.8657191784898668,0.48539088957538457,0.7866530101990152,33.0,33,0.9699814242424242,0.8657191784898668,0.05521465321928171,0.07906616829085159
A0_standard,T0_standard,1.0,1.0,1.0,71,2,2,1,0.8931678020494859,0.404317588348834,0.8174827143153226,14.0,14,0.6911514999999999,0.07568508773416326,0.03114711021635085,0.8931678020494859
A0_standard,T0_standard,1.0,1.0,1.0,75,0,1,0,0.7124897341186875,0.7409347996795493,0.4804627041415259,19.0,19,0.7114136315789473,0.0554832359041508,0.7124897341186875,0.2320270299771616
A0_standard,T0_standard,1.0,1.0,1.0,77,0,0,1,0.780235888864411,0.672006178626868,0.6429010985575172,9.0,9,0.3371106666666667,0.780235888864411,0.08242932082869533,0.1373347903068938
A0_standard,T0_standard,1.0,1.0,1.0,84,2,2,1,0.7434586556156375,0.617380803785146,0.49875489717213684,8.0,8,0.40794074999999996,0.011837585940861811,0.24470375844350065,0.7434586556156375
A0_standard,T0_standard,1.0,1.0,1.0,85,2,0,0,0.5444705154881843,0.9111655350805097,0.17583008512457948,10.0,10,0.6327266,0.5444705154881843,0.08688905414821096,0.3686404303636048
A0_standard,T0_standard,1.0,1.0,1.0,86,0,2,0,0.9418506146260204,0.2521232512171592,0.8962120696269315,14.0,14,0.5406887857142857,0.012510840374890574,0.04563854499908896,0.9418506146260204
A0_standard,T0_standard,1.0,1.0,1.0,87,0,2,0,0.6304401299154012,0.7865928229205607,0.301442761919526,7.0,7,0.5237958571428571,0.3289973679958752,0.040562502088723536,0.6304401299154012
A0_standard,T0_standard,1.0,1.0,1.0,88,0,0,1,0.5108560073376072,0.8483989312074575,0.06903537230916501,8.0,8,0.40546887499999995,0.5108560073376072,0.04732335763395064,0.44182063502844215
A0_standard,T0_standard,1.0,1.0,1.0,89,0,2,0,0.6644108175272845,0.7801902272614718,0.3793142502712222,7.0,7,0.3756504285714285,0.2850965672560623,0.050492615216653235,0.6644108175272845
A0_standard,T0_standard,1.0,1.0,1.0,90,0,0,1,0.462749143649133,0.9395791161234999,0.019563845528909996,9.0,9,0.6029300000000001,0.462749143649133,0.09406555823064411,0.443185298120223
A0_standard,T0_standard,1.0,1.0,1.0,93,0,0,1,0.5307229716690791,0.9372553517193373,0.1636894326894694,11.0,11,0.3752034545454545,0.5307229716690791,0.10224348935131122,0.3670335389796097
A0_standard,T0_standard,1.0,1.0,1.0,98,0,0,1,0.7267269495683005,0.7058715988269372,0.49671768357653623,17.0,17,0.4362414705882353,0.7267269495683005,0.043263784439935046,0.23000926599176433
A0_standard,T0_standard,1.0,1.0,1.0,101,0,0,1,0.8566440317249738,0.5040892572996483,0.763895100513948,13.0,13,0.519376153846154,0.8566440317249738,0.05060703706400022,0.09274893121102583
A0_standard,T0_standard,1.0,1.0,1.0,102,0,0,1,0.9091070989754442,0.3674266773828668,0.8608470822176494,12.0,12,0.54038,0.9091070989754442,0.04826001675779483,0.04263288426676099
A0_standard,T0_standard,1.0,1.0,1.0,106,0,2,0,0.46980480309457157,0.8818673239878856,0.0012447602749948161,101.0,101,1.456544306930693,0.46856004281957675,0.061635154085851705,0.46980480309457157
A0_standard,T0_standard,1.0,1.0,1.0,118,0,0,1,0.736000012220055,0.7070918611977236,0.523224524329241,27.0,27,0.771531037037037,0.736000012220055,0.05122449988913119,0.21277548789081388
A0_standard,T0_standard,1.0,1.0,1.0,119,0,0,1,0.8918499042584092,0.41753860751610516,0.8360437394561275,97.0,97,1.3621651546391753,0.8918499042584092,0.05580616480228158,0.052343930939309204
A0_standard,T0_standard,1.0,1.0,1.0,120,0,0,1,0.8829709617658855,0.43627741671653286,0.8061811068309194,77.0,77,1.3922861558441562,0.8829709617658855,0.04023918329914824,0.07678985493496618
A0_standard,T0_standard,1.0,1.0,1.0,123,0,0,1,0.897309388080866,0.39159084668454247,0.8231041598937968,20.0,20,0.5155320999999999,0.897309388080866,0.07420522818706923,0.028485383732064735
A0_standard,T0_standard,1.0,1.0,1.0,124,0,0,1,0.902960433252176,0.3854208006502253,0.8502005319827239,47.0,47,0.8481854893617022,0.902960433252176,0.052759901269452104,0.044279665478371845
A0_standard,T0_standard,1.0,1.0,1.0,129,0,0,1,0.8341153480798982,0.5632238998857939,0.7418110172142368,64.0,64,1.315091625,0.8341153480798982,0.07358032105444047,0.09230433086566141
A0_standard,T0_standard,1.0,1.0,1.0,130,0,0,1,0.8229446361383953,0.5872320945817727,0.7198972137589452,75.0,75,1.3049385733333334,0.8229446361383953,0.07400794148215464,0.10304742237945012
A0_standard,T0_standard,1.0,1.0,1.0,134,1,1,1,0.9465699332274816,0.24459346651832592,0.9148715508270482,24.0,24,0.7835483333333334,0.02173168437208511,0.9465699332274816,0.0316983824004334
A0_standard,T0_standard,1.0,1.0,1.0,136,1,1,1,0.7178676618175114,0.6871230723337107,0.4641540499701724,102.0,102,1.6543439509803923,0.028418726335149583,0.7178676618175114,0.253713611847339
A0_standard,T0_standard,1.0,1.0,1.0,138,1,1,1,0.4784857814735872,0.8893820180849203,0.022505609907092605,7.0,7,0.46868471428571423,0.06553404695991817,0.4784857814735872,0.4559801715664946
A0_standard,T0_standard,1.0,1.0,1.0,140,1,0,0,0.6141024606328542,0.9100018479698164,0.35332759967642957,11.0,11,0.4528042727272727,0.6141024606328542,0.26077486095642466,0.12512267841072122
A0_standard,T0_standard,1.0,1.0,1.0,145,1,1,1,0.9133950179374447,0.3386587631461294,0.8446298620474798,91.0,91,1.4519752857142858,0.017839826172590455,0.9133950179374447,0.06876515588996494
A0_standard,T0_standard,1.0,1.0,1.0,149,2,2,1,0.7140163100959557,0.7941101860545706,0.5516439134146359,14.0,14,0.40021921428571433,0.12361129322272446,0.16237239668131978,0.7140163100959557
A0_standard,T0_standard,1.0,1.0,1.0,150,2,2,1,0.7940841997034341,0.6508855496825097,0.6852174377392779,8.0,8,0.35506275,0.10886676196415626,0.09704903833240959,0.7940841997034341
A0_standard,T0_standard,1.0,1.0,1.0,151,2,2,1,0.927125071025464,0.3110013401970308,0.8863211405727811,11.0,11,0.5133822727272727,0.04080393045268299,0.032070998521852884,0.927125071025464
A0_standard,T0_standard,1.0,1.0,1.0,152,2,2,1,0.7215999563980133,0.7808730826489774,0.5602643536140188,5.0,5,0.2464702,0.1613356027839945,0.11706444081799217,0.7215999563980133
A0_standard,T0_standard,1.0,1.0,1.0,160,2,2,1,0.966007168322718,0.17114639972555679,0.9453966428466621,13.0,13,0.5016772307692308,0.01338230620122592,0.02061052547605593,0.966007168322718
A0_standard,T0_standard,1.0,1.0,1.0,168,1,1,1,0.9049519959247271,0.37936199568061046,0.852163833772622,13.0,13,0.4162788461538462,0.05278816215210518,0.9049519959247271,0.04225984192316774
A0_standard,T0_standard,1.0,1.0,1.0,169,2,2,1,0.8763726572062405,0.4593649452977763,0.8094820601009891,11.0,11,0.44178781818181817,0.06689059710525137,0.056736745688508144,0.8763726572062405
A0_standard,T0_standard,1.0,1.0,1.0,174,2,2,1,0.768796998026423,0.6660476250357225,0.5913027543284886,5.0,5,0.3432982,0.17749424369793448,0.05370875827564248,0.768796998026423
A0_standard,T0_standard,1.0,1.0,1.0,176,2,2,1,0.8275529960023461,0.4851638226942285,0.6609186272160286,30.0,30,0.8189938999999999,0.005812635211336389,0.1666343687863176,0.8275529960023461
A0_standard,T0_standard,1.0,1.0,1.0,178,2,2,1,0.9543954018191724,0.21275503001187784,0.9219385021890693,32.0,32,0.95442090625,0.01314769855072458,0.03245689963010309,0.9543954018191724
A0_standard,T0_standard,1.0,1.0,1.0,184,2,2,1,0.8290864391118837,0.5488253680402344,0.6969276868090614,15.0,15,0.7859551333333333,0.1321587523028224,0.03875480858529387,0.8290864391118837
A0_standard,T0_standard,1.0,1.0,1.0,186,1,0,0,0.8111403310488137,0.6148481700916573,0.7090347164971162,15.0,15,0.6404765999999998,0.8111403310488137,0.10210561455169748,0.08675405439948879
A0_standard,T0_standard,1.0,1.0,1.0,187,2,2,1,0.7115513747587708,0.7609658045467073,0.4934253940846889,14.0,14,0.5083184285714285,0.21812598067408198,0.07032264456714714,0.7115513747587708
A0_standard,T0_standard,1.0,1.0,1.0,194,2,2,1,0.9722553512887303,0.1384075047264876,0.9485961152775354,12.0,12,0.537488,0.004085412700074723,0.023659236011194924,0.9722553512887303
A0_standard,T0_standard,1.0,1.0,1.0,198,1,1,1,0.5582983267349244,0.7915144451840692,0.1449133510985472,15.0,15,0.7177088000000001,0.4133849756363772,0.5582983267349244,0.02831669762869827
A0_standard,T0_standard,1.0,1.0,1.0,200,2,2,1,0.9102197184988793,0.3617998929163826,0.8548688037639359,5.0,5,0.2278204,0.05535091473494334,0.03442936676617733,0.9102197184988793
A0_standard,T0_standard,1.0,1.0,1.0,202,2,2,1,0.7817788760446378,0.6316400670103347,0.6056365390495717,22.0,22,0.5913674545454545,0.04207878696029607,0.17614233699506607,0.7817788760446378
A0_standard,T0_standard,1.0,1.0,1.0,205,1,1,1,0.823252519632328,0.50026144741192,0.6549211379462807,56.0,56,1.062304125,0.008416098681624478,0.823252519632328,0.1683313816860474
A0_standard,T0_standard,1.0,1.0,1.0,206,2,2,1,0.6864552283481717,0.740555016616231,0.41236776092061733,22.0,22,0.6087270454545455,0.039457304224273876,0.2740874674275544,0.6864552283481717
A0_standard,T0_standard,1.0,1.0,1.0,212,2,2,1,0.9018490996752667,0.3883238750653628,0.8468773928263816,26.0,26,0.8470876538461538,0.05497170684888511,0.04317919347584812,0.9018490996752667
A0_standard,T0_standard,1.0,1.0,1.0,214,2,2,1,0.9396817366652941,0.2612472317467197,0.8939835609203038,46.0,46,1.0707565,0.014620087589715622,0.045698175744990195,0.9396817366652941
A0_standard,T0_standard,1.0,1.0,1.0,222,2,2,1,0.8375737726498454,0.5561408535246783,0.7532952096289142,4.0,4,0.5312697500000001,0.08427856302093133,0.07814766432922325,0.8375737726498454
A0_standard,T0_standard,1.0,1.0,1.0,229,1,1,1,0.7392147929962711,0.6183389973017202,0.48907093940922197,21.0,21,0.46933819047619046,0.010641353416679633,0.7392147929962711,0.25014385358704916
A0_standard,T0_standard,1.0,1.0,1.0,231,2,2,1,0.9732233663679187,0.13549199757902286,0.9509563707010394,5.0,5,0.4425108,0.004509637965202038,0.022266995666879282,0.9732233663679187
A0_standard,T0_standard,1.0,1.0,1.0,233,2,2,1,0.8722949474059218,0.46530291725726325,0.790317673529639,67.0,67,1.22872771641791,0.04572777871779529,0.08197727387628286,0.8722949474059218
A0_standard,T0_standard,1.0,1.0,1.0,235,2,2,1,0.870963321095236,0.4513301283248312,0.7693733004300243,25.0,25,0.58303204,0.02744665823955227,0.10159002066521178,0.870963321095236
A0_standard,T0_standard,1.0,1.0,1.0,239,2,2,1,0.7516156177744516,0.7267961018260078,0.6004075956647923,18.0,18,0.5865500555555556,0.15120802210965936,0.09717636011588893,0.7516156177744516
A0_standard,T0_standard,1.0,1.0,1.0,242,2,2,1,0.817360943193357,0.5789860202705088,0.6812192077689105,15.0,15,0.6072851333333332,0.13614173542444635,0.04649732138219673,0.817360943193357
A0_standard,T0_standard,1.0,1.0,1.0,244,2,2,1,0.9303620081487661,0.29426578380798785,0.8805140197372572,108.0,108,1.5329172870370373,0.019790003439724858,0.049847988411508976,0.9303620081487661
A0_standard,T0_standard,1.0,1.0,1.0,245,2,2,1,0.9150199637760705,0.349215970553316,0.8681385746918224,13.0,13,0.5391935384615386,0.046881389084248104,0.038098647139681426,0.9150199637760705
A0_standard,T0_standard,1.0,1.0,1.0,249,0,0,1,0.5184402269282279,1.0023119871883115,0.20236313559209657,32.0,32,0.737368,0.5184402269282279,0.16548268173564082,0.3160770913361313
A0_standard,T0_standard,1.0,1.0,1.0,253,0,0,1,0.782951994501343,0.6532035515866277,0.6281410459874646,94.0,94,1.2869785319148936,0.782951994501343,0.06223705698477855,0.15481094851387844
A0_standard,T0_standard,1.0,1.0,1.0,259,1,0,0,0.6296249210699985,0.8757209851925216,0.3597975384890604,10.0,10,0.49205679999999996,0.6296249210699985,0.2698273825809381,0.10054769634906345
A0_standard,T0_standard,1.0,1.0,1.0,260,1,1,1,0.8925614218258627,0.4060729443926272,0.8165638343707737,12.0,12,0.5609836666666668,0.031440990719048253,0.8925614218258627,0.07599758745508897
A0_standard,T0_standard,1.0,1.0,1.0,269,1,1,1,0.932247462255546,0.2872589589442175,0.8827433612838063,11.0,11,0.3788078181818182,0.01824843677271431,0.932247462255546,0.049504100971739684
A0_standard,T0_standard,1.0,1.0,1.0,270,1,1,1,0.9818073786559576,0.10331417185009349,0.9713147041986849,7.0,7,0.36814757142857146,0.01049267445727259,0.9818073786559576,0.007699946886769818
A0_standard,T0_standard,1.0,1.0,1.0,271,2,2,1,0.5102899094788373,1.0078668359148977,0.18862000915037358,4.0,4,0.6352672500000001,0.32166990032846376,0.16804019019269895,0.5102899094788373
A0_standard,T0_standard,1.0,1.0,1.0,276,1,2,0,0.7748450584707948,0.5969739258911516,0.568052958082212,8.0,8,0.425745125,0.018362841140622393,0.2067921003885828,0.7748450584707948
A0_standard,T0_standard,1.0,1.0,1.0,278,1,1,1,0.8934767480530762,0.3643740619167743,0.7937170560407928,10.0,10,0.49930959999999996,0.006763559934640519,0.8934767480530762,0.0997596920122834
A0_standard,T0_standard,1.0,1.0,1.0,290,2,2,1,0.914247133943114,0.34096027090970593,0.8500591307907225,11.0,11,0.6727623636363637,0.02156486290449469,0.06418800315239144,0.914247133943114
A0_standard,T0_standard,1.0,1.0,1.0,293,2,2,1,0.8187075301830393,0.5098138295723885,0.6466421470072742,18.0,18,0.6691911666666666,0.009227086641195564,0.17206538317576514,0.8187075301830393
A0_standard,T0_standard,1.0,1.0,1.0,297,2,2,1,0.6369065664507251,0.9065914996641441,0.4484508489309339,10.0,10,0.4448850999999999,0.1884557175197912,0.17463771602948377,0.6369065664507251
A0_standard,T0_standard,1.0,1.0,1.0,298,2,2,1,0.8229945637061048,0.5633530616081504,0.687601575844739,16.0,16,0.6169322500000001,0.04161244843252942,0.13539298786136578,0.8229945637061048
A0_standard,T0_standard,1.0,1.0,1.0,299,1,1,1,0.8738108689195955,0.4101338912468082,0.7560907794332086,17.0,17,0.6325850000000001,0.008469041594017701,0.8738108689195955,0.11772008948638692
A0_standard,T0_standard,1.0,1.0,1.0,304,1,1,1,0.9799109421686852,0.11160665094818822,0.9672237341146842,22.0,22,0.6175126818181818,0.007401849777313766,0.9799109421686852,0.012687208054001003
A0_standard,T0_standard,1.0,1.0,1.0,308,2,2,1,0.8582975834462966,0.48065265947718927,0.7461884853955215,21.0,21,0.744395857142857,0.029593318502928262,0.1121090980507751,0.8582975834462966
A0_standard,T0_standard,1.0,1.0,1.0,311,1,1,1,0.6846922740175149,0.6811939926184474,0.3835886291624848,25.0,25,0.62898604,0.014204081127455066,0.6846922740175149,0.30110364485503005
A0_standard,T0_standard,1.0,1.0,1.0,314,1,1,1,0.9487129496927991,0.22569961268064792,0.9061642437479765,9.0,9,0.4122361111111112,0.008738344362378357,0.9487129496927991,0.042548705944822504
A0_standard,T0_standard,1.0,1.0,1.0,321,2,2,1,0.8130697451679179,0.5843218512824127,0.6706291267296788,4.0,4,0.34794725,0.04448963639384305,0.1424406184382391,0.8130697451679179
A0_standard,T0_standard,1.0,1.0,1.0,322,1,1,1,0.8319372675029297,0.5086871366070816,0.6812554057654715,13.0,13,0.5984578461538462,0.017380870759612112,0.8319372675029297,0.1506818617374582
A0_standard,T0_standard,1.0,1.0,1.0,324,1,2,0,0.6684688200434381,0.7038931509987804,0.3544823594097052,7.0,7,0.3544742857142857,0.01754471932282879,0.3139864606337329,0.6684688200434381
A0_standard,T0_standard,1.0,1.0,1.0,326,2,2,1,0.8918494843945448,0.39103179736262617,0.8015213471230507,7.0,7,0.42478699999999997,0.017822378333961057,0.09032813727149418,0.8918494843945448
A0_standard,T0_standard,1.0,1.0,1.0,327,1,1,1,0.8355431597647011,0.4641229537894638,0.6746383709311143,9.0,9,0.38338188888888886,0.003552051401712343,0.8355431597647011,0.16090478883358666
A0_standard,T0_standard,1.0,1.0,1.0,329,1,1,1,0.7829689141388625,0.6626583039466615,0.6403512210361901,6.0,6,0.44581633333333337,0.14261769310267236,0.7829689141388625,0.07441339275846506
A0_standard,T0_standard,1.0,1.0,1.0,331,1,1,1,0.5509414150192209,0.7735024006857799,0.12312809360486643,7.0,7,0.4697390000000001,0.021245263566424546,0.5509414150192209,0.42781332141435446
A0_standard,T0_standard,1.0,1.0,1.0,332,2,2,1,0.6381363864973394,0.9041236803685503,0.4425763047402047,18.0,18,0.71271,0.16630353174552595,0.19556008175713466,0.6381363864973394
A0_standard,T0_standard,1.0,1.0,1.0,334,1,1,1,0.9107873240855646,0.32094714128577095,0.8269224353129578,17.0,17,0.6182341764705882,0.005347787141828618,0.9107873240855646,0.08386488877260675
A0_standard,T0_standard,1.0,1.0,1.0,338,1,0,0,0.8261215529667838,0.5825038317485044,0.7387140212363347,163.0,163,1.9818752024539878,0.8261215529667838,0.08647091530276708,0.08740753173044909
A0_standard,T0_standard,1.0,1.0,1.0,339,1,0,0,0.7382422767732597,0.7423836027564308,0.5650327758315151,61.0,61,0.9155766885245903,0.7382422767732597,0.08854822228499572,0.17320950094174462
A0_standard,T0_standard,1.0,1.0,1.0,340,0,0,1,0.7959588348615538,0.6447318107169883,0.6775233598554388,78.0,78,1.3844180128205126,0.7959588348615538,0.11843547500611507,0.08560569013233103
A0_standard,T0_standard,1.0,1.0,1.0,347,0,0,1,0.5931580292139298,0.9575871645565146,0.38516645729091,14.0,14,0.44679828571428576,0.5931580292139298,0.19885039886305042,0.2079915719230198
A0_standard,T0_standard,1.0,1.0,1.0,360,2,2,1,0.831391922911321,0.5050803962134285,0.6781309796472411,12.0,12,0.5786047499999999,0.015347133824599167,0.15326094326407988,0.831391922911321
A0_standard,T0_standard,1.0,1.0,1.0,361,2,2,1,0.7010058152256863,0.7799348376439843,0.47841175358513055,10.0,10,0.5130506,0.07640012313375802,0.22259406164055573,0.7010058152256863
A0_standard,T0_standard,1.0,1.0,1.0,362,2,2,1,0.8511228820249461,0.5237045310036328,0.7724097035414059,11.0,11,0.5684201818181817,0.07016393949151352,0.07871317848354022,0.8511228820249461
A0_standard,T0_standard,1.0,1.0,1.0,366,0,0,1,0.8938630966386603,0.40647145304332144,0.8239221883893648,6.0,6,0.3645646666666667,0.8938630966386603,0.036195995112044306,0.06994090824929548
A0_standard,T0_standard,1.0,1.0,1.0,374,0,0,1,0.9236571448307426,0.32253651799012234,0.8832974459103172,18.0,18,0.5402341666666667,0.9236571448307426,0.040359698920425346,0.035983156248832165
A0_standard,T0_standard,1.0,1.0,1.0,376,0,0,1,0.9165503841086311,0.3443455612452984,0.8697783536177093,18.0,18,0.5590460555555555,0.9165503841086311,0.04677203049092178,0.03667758540044708
A0_standard,T0_standard,1.0,1.0,1.0,378,0,0,1,0.9095067909411457,0.36613997082856076,0.8608149402019535,16.0,16,0.487147875,0.9095067909411457,0.04180135831966203,0.04869185073919224
A0_standard,T0_standard,1.0,1.0,1.0,380,0,0,1,0.9185162779010595,0.3388161691679047,0.8764616402235221,19.0,19,0.48924563157894735,0.9185162779010595,0.04205463767753731,0.03942908442140309
A0_standard,T0_standard,1.0,1.0,1.0,387,0,0,1,0.8597388469379577,0.4933001425112674,0.7642784148848828,44.0,44,1.1116842272727274,0.8597388469379577,0.04480072100896747,0.0954604320530749
A0_standard,T0_standard,1.0,1.0,1.0,388,0,0,1,0.8324403174920487,0.5654080741847324,0.7335753672132374,23.0,23,0.6896618260869564,0.8324403174920487,0.06869473222914001,0.09886495027881138
A0_standard,T0_standard,1.0,1.0,1.0,389,0,0,1,0.9168819965747356,0.3415281301821791,0.8653756416685818,24.0,24,0.8380092500000001,0.9168819965747356,0.0515063549061537,0.03161164851911071
A0_standard,T0_standard,1.0,1.0,1.0,391,0,0,1,0.9187706122237973,0.3360350313255219,0.8691124690881848,34.0,34,0.927025911764706,0.9187706122237973,0.04965814313561241,0.031571244640590246
A0_standard,T0_standard,1.0,1.0,1.0,400,0,0,1,0.9187497476364421,0.33804444237013376,0.8762526011737636,15.0,15,0.5019540666666668,0.9187497476364421,0.038753105900879325,0.04249714646267856
A0_standard,T0_standard,1.0,1.0,1.0,403,0,0,1,0.8932524870058905,0.413431555122725,0.836446146868602,13.0,13,0.619328,0.8932524870058905,0.04994117285682095,0.05680634013728856
A0_standard,T0_standard,1.0,1.0,1.0,405,0,0,1,0.7509669757930868,0.6644897945948355,0.538120136950361,47.0,47,1.081583680851064,0.7509669757930868,0.03618618536418739,0.2128468388427258
A0_standard,T0_standard,1.0,1.0,1.0,411,2,2,1,0.8752257779797387,0.4628117898738672,0.8122426177038314,3.0,3,0.201223,0.061791061744354045,0.06298316027590721,0.8752257779797387
A0_standard,T0_standard,1.0,1.0,1.0,413,0,0,1,0.8983062116672844,0.399196362293315,0.8454283016411916,83.0,83,1.1146613373493979,0.8983062116672844,0.052877910026092746,0.04881587830662268
A0_standard,T0_standard,1.0,1.0,1.0,421,0,0,1,0.8176214115282017,0.5944021870671552,0.7013403309142089,60.0,60,0.8280121,0.8176214115282017,0.06609750785780551,0.11628108061399282
A0_standard,T0_standard,1.0,1.0,1.0,422,0,0,1,0.9034449809905735,0.3843737839876167,0.855141517092617,72.0,72,0.9631183333333332,0.9034449809905735,0.04825155511146996,0.048303463897956506
A0_standard,T0_standard,1.0,1.0,1.0,426,0,0,1,0.906705003644942,0.37075237222945917,0.8464787782421879,39.0,39,1.0525164615384617,0.906705003644942,0.06022622540275414,0.03306877095230395
A0_standard,T0_standard,1.0,1.0,1.0,429,0,0,1,0.8930231097132797,0.4142627228046115,0.8381519518594669,66.0,66,1.4506720606060608,0.8930231097132797,0.054871157853812746,0.05210573243290759
A0_standard,T0_standard,1.0,1.0,1.0,430,0,0,1,0.8706686204505425,0.4736189899442743,0.7974281050854009,70.0,70,1.3141251428571425,0.8706686204505425,0.05609086418431588,0.0732405153651417
A0_standard,T0_standard,1.0,1.0,1.0,432,0,0,1,0.8459007434709256,0.5365273024558477,0.767086549701341,99.0,99,1.6191042626262624,0.8459007434709256,0.07881419376958448,0.07528506275949001
A0_standard,T0_standard,1.0,1.0,1.0,433,0,0,1,0.8616642343973103,0.49656485176167264,0.7832006407260605,66.0,66,1.1340002424242426,0.8616642343973103,0.07846359367124982,0.05987217193143988
A0_standard,T0_standard,1.0,1.0,1.0,438,0,0,1,0.9184239046364451,0.3377383171678232,0.8700797983021047,160.0,160,2.0565121187499997,0.9184239046364451,0.04834410633434039,0.0332319890292145
A0_standard,T0_standard,1.0,1.0,1.0,439,0,0,1,0.913632172066638,0.3504460319249292,0.8582856489166462,144.0,144,1.8719137986111112,0.913632172066638,0.05534652314999188,0.031021304783370014
A0_standard,T0_standard,1.0,1.0,1.0,452,1,1,1,0.8745420445308213,0.4113441845453857,0.7585986876160491,16.0,16,0.5164338125,0.009514598554406542,0.8745420445308213,0.11594335691477221
A1_boundary_075,T0_standard,0.75,1.0,1.0,1,1,1,1,0.9446589497542071,0.2505370016659992,0.9100209061992419,187.98364397109168,191,1.7893955968586386,0.02070300669082788,0.9446589497542071,0.034638043554965116
A1_boundary_075,T0_standard,0.75,1.0,1.0,2,0,2,0,0.5393804727168148,0.9938400372189897,0.24969948926905378,28.408695652173915,29,0.9194155862068966,0.17093854383542412,0.289680983447761,0.5393804727168148
A1_boundary_075,T0_standard,0.75,1.0,1.0,7,0,0,1,0.48167726808494954,0.8743673088899886,0.021468581330878145,68.64285714285714,70,1.2559205428571434,0.48167726808494954,0.05811404516097922,0.4602086867540714
A1_boundary_075,T0_standard,0.75,1.0,1.0,8,0,0,1,0.809308787284392,0.565616174670274,0.6459636271274122,67.69127516778524,69,1.4160222753623186,0.809308787284392,0.027346052558628105,0.16334516015697986
A1_boundary_075,T0_standard,0.75,1.0,1.0,9,0,0,1,0.8711501351422616,0.4714162428356301,0.7951524409893024,95.25660964230171,97,1.6381157731958764,0.8711501351422616,0.0528521707047792,0.07599769415295919
A1_boundary_075,T0_standard,0.75,1.0,1.0,12,0,0,1,0.9292359961142646,0.304647128106838,0.8931638829467871,63.71931956257594,65,1.1779163384615385,0.9292359961142646,0.03469189071825806,0.03607211316747746
A1_boundary_075,T0_standard,0.75,1.0,1.0,15,1,1,1,0.9509347874654104,0.2242084907268711,0.9149548810922071,37.22559652928417,38,1.0010864210526318,0.013085306161386244,0.9509347874654104,0.0359799063732033
A1_boundary_075,T0_standard,0.75,1.0,1.0,18,1,0,0,0.8971995868508637,0.4009442066877603,0.8370270364459904,94.19455564451562,96,1.3256457604166665,0.8971995868508637,0.06017255040487327,0.04262786274426319
A1_boundary_075,T0_standard,0.75,1.0,1.0,22,1,1,1,0.938591095379248,0.25867339845172316,0.8875281946215519,18.660194174757283,19,0.8067329999999999,0.010346003863055842,0.938591095379248,0.05106290075769614
A1_boundary_075,T0_standard,0.75,1.0,1.0,28,1,1,1,0.7424056243931092,0.6497748575584055,0.5085673871211142,20.642857142857142,21,0.7458260476190477,0.023756138334895715,0.7424056243931092,0.23383823727199507
A1_boundary_075,T0_standard,0.75,1.0,1.0,29,1,1,1,0.5164130995088515,0.846485345694255,0.07968179834071937,12.903225806451612,13,0.504573923076923,0.04685559932301629,0.5164130995088515,0.43673130116813214
A1_boundary_075,T0_standard,0.75,1.0,1.0,32,0,0,1,0.5616536146904643,0.9485860521439295,0.24943927649216818,113.98135048231511,116,1.5386575431034482,0.5616536146904643,0.12613204711123957,0.3122143381982961
A1_boundary_075,T0_standard,0.75,1.0,1.0,35,0,0,1,0.5407309117579796,1.0045079282072307,0.2821496060259293,33.33942558746736,34,0.681779294117647,0.5407309117579796,0.20068778250997005,0.2585813057320503
A1_boundary_075,T0_standard,0.75,1.0,1.0,37,0,0,1,0.9014373030762209,0.3869248868952317,0.8394618846084531,180.9544546544147,184,1.7882877282608698,0.9014373030762209,0.061975418467767836,0.03658727845601114
A1_boundary_075,T0_standard,0.75,1.0,1.0,38,0,0,1,0.8376637268628178,0.5475995094029624,0.7305405972751007,36.24494382022472,37,0.9075333243243243,0.8376637268628178,0.05521314354946523,0.10712312958771703
A1_boundary_075,T0_standard,0.75,1.0,1.0,39,0,0,1,0.8718252421512128,0.4717369453607627,0.8069685282750036,32.329896907216494,33,0.8299917878787879,0.8718252421512128,0.06485671387620914,0.06331804397257812
A1_boundary_075,T0_standard,0.75,1.0,1.0,41,0,0,1,0.9033039976440541,0.3805700725990948,0.8407826910412918,68.70338058887677,70,1.2843535142857143,0.9033039976440541,0.06252130660276231,0.034174695753183576
A1_boundary_075,T0_standard,0.75,1.0,1.0,44,0,0,1,0.8622973675506116,0.495685951232844,0.7873902946327409,24.66798418972332,25,0.5948057999999999,0.8622973675506116,0.07490707291787067,0.06279555953151757
A1_boundary_075,T0_standard,0.75,1.0,1.0,49,1,0,0,0.5784879939462323,0.9461047537674099,0.2933299914964405,16.0,16,0.37066231250000004,0.5784879939462323,0.1363540036039759,0.2851580024497918
A1_boundary_075,T0_standard,0.75,1.0,1.0,51,0,0,1,0.6527536952082906,0.8150400916343664,0.37181292104129965,17.818181818181817,18,0.5287885,0.6527536952082906,0.06630553062471847,0.280940774166991
A1_boundary_075,T0_standard,0.75,1.0,1.0,55,0,0,1,0.9131689002844712,0.3551125349517507,0.8666755358322497,38.34782608695652,39,0.6499513846153847,0.9131689002844712,0.046493364452221554,0.04033773526330724
A1_boundary_075,T0_standard,0.75,1.0,1.0,60,0,0,1,0.9280308533663567,0.3042931593013226,0.8797395610376703,50.0,51,1.224436588235294,0.9280308533663567,0.048291292328686446,0.023677854304956693
A1_boundary_075,T0_standard,0.75,1.0,1.0,61,0,0,1,0.8707412950676242,0.4729004858742649,0.7957456298616441,32.32658227848101,33,0.9699814242424242,0.8707412950676242,0.054263039726395776,0.07499566520598006
A1_boundary_075,T0_standard,0.75,1.0,1.0,71,2,2,1,0.8969051128887556,0.39445295606735964,0.8243250574257455,13.82857142857143,14,0.6911514999999999,0.07258005546301016,0.03051483164823426,0.8969051128887556
A1_boundary_075,T0_standard,0.75,1.0,1.0,75,0,1,0,0.692993464003417,0.7569408364368256,0.43836511999877203,18.660194174757283,19,0.7114136315789473,0.05237819199193803,0.692993464003417,0.25462834400464496
A1_boundary_075,T0_standard,0.75,1.0,1.0,77,0,0,1,0.780235888864411,0.672006178626868,0.6429010985575172,9.0,9,0.3371106666666667,0.780235888864411,0.08242932082869533,0.1373347903068938
A1_boundary_075,T0_standard,0.75,1.0,1.0,84,2,2,1,0.7434586556156375,0.617380803785146,0.49875489717213684,8.0,8,0.40794074999999996,0.011837585940861811,0.24470375844350065,0.7434586556156375
A1_boundary_075,T0_standard,0.75,1.0,1.0,85,2,0,0,0.5529334194173311,0.905199055059144,0.19101123998642677,9.846153846153847,10,0.6327266,0.5529334194173311,0.08514440115176462,0.3619221794309043
A1_boundary_075,T0_standard,0.75,1.0,1.0,86,0,2,0,0.9427750629454096,0.24890916853162537,0.8977463560046135,13.82857142857143,14,0.5406887857142857,0.012196230113794379,0.045028706940796116,0.9427750629454096
A1_boundary_075,T0_standard,0.75,1.0,1.0,87,0,2,0,0.6304401299154012,0.7865928229205607,0.301442761919526,7.0,7,0.5237958571428571,0.3289973679958752,0.040562502088723536,0.6304401299154012
A1_boundary_075,T0_standard,0.75,1.0,1.0,88,0,0,1,0.5108560073376072,0.8483989312074575,0.06903537230916501,8.0,8,0.40546887499999995,0.5108560073376072,0.04732335763395064,0.44182063502844215
A1_boundary_075,T0_standard,0.75,1.0,1.0,89,0,2,0,0.6644108175272845,0.7801902272614718,0.3793142502712222,7.0,7,0.3756504285714285,0.2850965672560623,0.050492615216653235,0.6644108175272845
A1_boundary_075,T0_standard,0.75,1.0,1.0,90,0,2,0,0.46109229576476474,0.9357368709159593,0.013760928389589755,8.909090909090908,9,0.6029300000000001,0.447331367375175,0.09157633686006027,0.46109229576476474
A1_boundary_075,T0_standard,0.75,1.0,1.0,93,0,0,1,0.5360844541537085,0.9347235145250121,0.17402667362797497,10.84070796460177,11,0.3752034545454545,0.5360844541537085,0.10185776532055792,0.36205778052573356
A1_boundary_075,T0_standard,0.75,1.0,1.0,98,0,0,1,0.7267269495683005,0.7058715988269372,0.49671768357653623,17.0,17,0.4362414705882353,0.7267269495683005,0.043263784439935046,0.23000926599176433
A1_boundary_075,T0_standard,0.75,1.0,1.0,101,0,0,1,0.8566440317249738,0.5040892572996483,0.763895100513948,13.0,13,0.519376153846154,0.8566440317249738,0.05060703706400022,0.09274893121102583
A1_boundary_075,T0_standard,0.75,1.0,1.0,102,0,0,1,0.9091070989754442,0.3674266773828668,0.8608470822176494,12.0,12,0.54038,0.9091070989754442,0.04826001675779483,0.04263288426676099
A1_boundary_075,T0_standard,0.75,1.0,1.0,106,0,0,1,0.4706469957689201,0.8835798264166252,0.003779253936140148,99.17365269461078,101,1.456544306930693,0.4706469957689201,0.062485262398300025,0.46686774183277996
A1_boundary_075,T0_standard,0.75,1.0,1.0,118,0,0,1,0.7581470016576216,0.6758576158442928,0.5658515348157164,26.45,27,0.771531037037037,0.7581470016576216,0.0495575315004731,0.1922954668419052
A1_boundary_075,T0_standard,0.75,1.0,1.0,119,0,0,1,0.8941810447314809,0.4109213235042867,0.8388556723001619,95.20754716981132,97,1.3621651546391753,0.8941810447314809,0.05532537243131895,0.050493582837200277
A1_boundary_075,T0_standard,0.75,1.0,1.0,120,0,0,1,0.8876051592455377,0.4244104775202896,0.8147887583998789,75.57142857142857,77,1.3922861558441562,0.8876051592455377,0.03957843990880334,0.07281640084565891
A1_boundary_075,T0_standard,0.75,1.0,1.0,123,0,0,1,0.897548034252561,0.3910788250942111,0.8236688756414287,19.898395721925134,20,0.5155320999999999,0.897548034252561,0.07387915861113237,0.028572807136306597
A1_boundary_075,T0_standard,0.75,1.0,1.0,124,0,0,1,0.9046904493871925,0.3803190015822422,0.8526859176434846,46.049180327868854,47,0.8481854893617022,0.9046904493871925,0.052004531743707866,0.04330501886909967
A1_boundary_075,T0_standard,0.75,1.0,1.0,129,0,0,1,0.845142580031926,0.5378646340393622,0.7613879421504894,62.746928746928745,64,1.315091625,0.845142580031926,0.07110278208663756,0.0837546378814365
A1_boundary_075,T0_standard,0.75,1.0,1.0,130,0,0,1,0.8310718112529443,0.5693844500715506,0.7339956115732146,73.56965944272446,75,1.3049385733333334,0.8310718112529443,0.07185198906732607,0.09707619967972969
A1_boundary_075,T0_standard,0.75,1.0,1.0,134,1,1,1,0.9491272851710087,0.23537374561515356,0.9187510891779115,23.58139534883721,24,0.7835483333333334,0.02049651883589409,0.9491272851710087,0.030376195993097238
A1_boundary_075,T0_standard,0.75,1.0,1.0,136,1,1,1,0.7150509705528768,0.6848483785467648,0.45621336995735934,100.27826086956522,102,1.6543439509803923,0.026111428851605754,0.7150509705528768,0.25883760059551747
A1_boundary_075,T0_standard,0.75,1.0,1.0,138,1,1,1,0.4784857814735872,0.8893820180849203,0.022505609907092605,7.0,7,0.46868471428571423,0.06553404695991817,0.4784857814735872,0.4559801715664946
A1_boundary_075,T0_standard,0.75,1.0,1.0,140,1,0,0,0.6141024606328542,0.9100018479698164,0.35332759967642957,11.0,11,0.4528042727272727,0.6141024606328542,0.26077486095642466,0.12512267841072122
A1_boundary_075,T0_standard,0.75,1.0,1.0,145,1,1,1,0.9227378675054765,0.3117275569291048,0.8616910360074264,89.35548172757476,91,1.4519752857142858,0.016215300996473257,0.9227378675054765,0.06104683149805016
A1_boundary_075,T0_standard,0.75,1.0,1.0,149,2,2,1,0.7196860270580308,0.7849570827204972,0.5605007084532954,13.902255639097744,14,0.40021921428571433,0.12112865433723398,0.15918531860473537,0.7196860270580308
A1_boundary_075,T0_standard,0.75,1.0,1.0,150,2,2,1,0.7940841997034341,0.6508855496825097,0.6852174377392779,8.0,8,0.35506275,0.10886676196415626,0.09704903833240959,0.7940841997034341
A1_boundary_075,T0_standard,0.75,1.0,1.0,151,2,2,1,0.9248543069714988,0.3180093109123802,0.8817138978253743,10.84070796460177,11,0.5133822727272727,0.04314040914612454,0.0320052838823765,0.9248543069714988
A1_boundary_075,T0_standard,0.75,1.0,1.0,152,2,2,1,0.7215999563980133,0.7808730826489774,0.5602643536140188,5.0,5,0.2464702,0.1613356027839945,0.11706444081799217,0.7215999563980133
A1_boundary_075,T0_standard,0.75,1.0,1.0,160,2,2,1,0.9666697251614113,0.16840444935224608,0.9462948066776226,12.83206106870229,13,0.5016772307692308,0.012955356354800154,0.020374918483788716,0.9666697251614113
A1_boundary_075,T0_standard,0.75,1.0,1.0,168,1,1,1,0.9049519959247271,0.37936199568061046,0.852163833772622,13.0,13,0.4162788461538462,0.05278816215210518,0.9049519959247271,0.04225984192316774
A1_boundary_075,T0_standard,0.75,1.0,1.0,169,2,2,1,0.8760916976930367,0.45996669585712535,0.8082499716581504,10.90566037735849,11,0.44178781818181817,0.06784172603488642,0.056066576272076785,0.8760916976930367
A1_boundary_075,T0_standard,0.75,1.0,1.0,174,2,2,1,0.768796998026423,0.6660476250357225,0.5913027543284886,5.0,5,0.3432982,0.17749424369793448,0.05370875827564248,0.768796998026423
A1_boundary_075,T0_standard,0.75,1.0,1.0,176,2,2,1,0.8298776637326731,0.48103814602281497,0.665454460979618,29.389830508474578,30,0.8189938999999999,0.005699133514271691,0.16442320275305505,0.8298776637326731
A1_boundary_075,T0_standard,0.75,1.0,1.0,178,2,2,1,0.9555093208274942,0.20889561445057506,0.9240826493493398,31.34715025906736,32,0.95442090625,0.013064007694351487,0.03142667147815433,0.9555093208274942
A1_boundary_075,T0_standard,0.75,1.0,1.0,184,2,2,1,0.8378331352833055,0.530797239985259,0.7130465589440572,14.76923076923077,15,0.7859551333333333,0.12478657633924825,0.03738028837744621,0.8378331352833055
A1_boundary_075,T0_standard,0.75,1.0,1.0,186,1,0,0,0.811237882903295,0.6150388767021522,0.7122588613205246,14.76923076923077,15,0.6404765999999998,0.811237882903295,0.09897902158277035,0.08978309551393468
A1_boundary_075,T0_standard,0.75,1.0,1.0,187,2,2,1,0.7162560975393572,0.755365500193589,0.5028610282074237,13.902255639097744,14,0.5083184285714285,0.21339506933193342,0.07034883312870947,0.7162560975393572
A1_boundary_075,T0_standard,0.75,1.0,1.0,194,2,2,1,0.972317221619759,0.13815250270015023,0.9487056072399183,11.836065573770492,12,0.537488,0.00407116400040034,0.023611614379840704,0.972317221619759
A1_boundary_075,T0_standard,0.75,1.0,1.0,198,1,1,1,0.5601658838614612,0.7951002903976987,0.15021778169099442,14.76923076923077,15,0.7177088000000001,0.40994810217046673,0.5601658838614612,0.029886013968072143
A1_boundary_075,T0_standard,0.75,1.0,1.0,200,2,2,1,0.9102197184988793,0.3617998929163826,0.8548688037639359,5.0,5,0.2278204,0.05535091473494334,0.03442936676617733,0.9102197184988793
A1_boundary_075,T0_standard,0.75,1.0,1.0,202,2,2,1,0.7815403885163947,0.6288362646965941,0.6030036142197395,21.68141592920354,22,0.5913674545454545,0.03992283718694996,0.1785367742966553,0.7815403885163947
A1_boundary_075,T0_standard,0.75,1.0,1.0,205,1,1,1,0.8412224971862378,0.4698161097763266,0.690608888097568,54.88,56,1.062304125,0.008163893725092516,0.8412224971862378,0.1506136090886697
A1_boundary_075,T0_standard,0.75,1.0,1.0,206,2,2,1,0.6944519093749723,0.7283996977326787,0.4259694953135971,21.6,22,0.6087270454545455,0.03706567656365256,0.26848241406137513,0.6944519093749723
A1_boundary_075,T0_standard,0.75,1.0,1.0,212,2,2,1,0.9085395349291885,0.3687538063081698,0.8578192154378412,25.473684210526315,26,0.8470876538461538,0.05072031949134722,0.040740145579464204,0.9085395349291885
A1_boundary_075,T0_standard,0.75,1.0,1.0,214,2,2,1,0.9411297576925929,0.25572503066035057,0.8959078301185319,45.061371841155236,46,1.0707565,0.013648314733346184,0.04522192757406091,0.9411297576925929
A1_boundary_075,T0_standard,0.75,1.0,1.0,222,2,2,1,0.8375737726498454,0.5561408535246783,0.7532952096289142,4.0,4,0.5312697500000001,0.08427856302093133,0.07814766432922325,0.8375737726498454
A1_boundary_075,T0_standard,0.75,1.0,1.0,229,1,1,1,0.7429835879607741,0.6138710928615054,0.49649857220876026,20.897959183673468,21,0.46933819047619046,0.010531396287212088,0.7429835879607741,0.24648501575201384
A1_boundary_075,T0_standard,0.75,1.0,1.0,231,2,2,1,0.9732233663679187,0.13549199757902286,0.9509563707010394,5.0,5,0.4425108,0.004509637965202038,0.022266995666879282,0.9732233663679187
A1_boundary_075,T0_standard,0.75,1.0,1.0,233,2,2,1,0.8802293356140855,0.4439914393487477,0.80234373775248,65.67924528301887,67,1.22872771641791,0.041885066524309185,0.07788559786160537,0.8802293356140855
A1_boundary_075,T0_standard,0.75,1.0,1.0,235,2,2,1,0.86933936073592,0.4548571611393544,0.7661647625349197,24.66798418972332,25,0.58303204,0.027486041063079832,0.1031745982010003,0.86933936073592
A1_boundary_075,T0_standard,0.75,1.0,1.0,239,2,2,1,0.7667904531976546,0.6995560458490443,0.6256115157137057,17.705263157894738,18,0.5865500555555556,0.14117893748394889,0.09203060931839657,0.7667904531976546
A1_boundary_075,T0_standard,0.75,1.0,1.0,242,2,2,1,0.8171612960372907,0.5790328298922786,0.6805320560531628,14.825503355704697,15,0.6072851333333332,0.13662923998412788,0.046209463978581396,0.8171612960372907
A1_boundary_075,T0_standard,0.75,1.0,1.0,244,2,2,1,0.9306601160663578,0.29330217409329207,0.8810122973481784,106.09368494101318,108,1.5329172870370373,0.019692065215462944,0.04964781871817931,0.9306601160663578
A1_boundary_075,T0_standard,0.75,1.0,1.0,245,2,2,1,0.9149436675777423,0.3492856779557103,0.8672904463533988,12.782608695652174,13,0.5391935384615386,0.047653221224343435,0.0374031111979144,0.9149436675777423
A1_boundary_075,T0_standard,0.75,1.0,1.0,249,0,0,1,0.5459666516434122,0.9824869034274823,0.25021675654301956,31.35483870967742,32,0.737368,0.5459666516434122,0.15828345325619517,0.2957498951003926
A1_boundary_075,T0_standard,0.75,1.0,1.0,253,0,0,1,0.8002123429190245,0.6228594151843592,0.6612070403264592,92.281098546042,94,1.2869785319148936,0.8002123429190245,0.060782354488410156,0.13900530259256533
A1_boundary_075,T0_standard,0.75,1.0,1.0,259,1,0,0,0.6296249210699985,0.8757209851925216,0.3597975384890604,10.0,10,0.49205679999999996,0.6296249210699985,0.2698273825809381,0.10054769634906345
A1_boundary_075,T0_standard,0.75,1.0,1.0,260,1,1,1,0.8949976215294971,0.39943145932885676,0.8207462181845616,11.904347826086957,12,0.5609836666666668,0.03075097512556729,0.8949976215294971,0.07425140334493555
A1_boundary_075,T0_standard,0.75,1.0,1.0,269,1,1,1,0.932247462255546,0.2872589589442175,0.8827433612838063,11.0,11,0.3788078181818182,0.01824843677271431,0.932247462255546,0.049504100971739684
A1_boundary_075,T0_standard,0.75,1.0,1.0,270,1,1,1,0.9818073786559576,0.10331417185009349,0.9713147041986849,7.0,7,0.36814757142857146,0.01049267445727259,0.9818073786559576,0.007699946886769818
A1_boundary_075,T0_standard,0.75,1.0,1.0,271,2,2,1,0.5102899094788373,1.0078668359148977,0.18862000915037358,4.0,4,0.6352672500000001,0.32166990032846376,0.16804019019269895,0.5102899094788373
A1_boundary_075,T0_standard,0.75,1.0,1.0,276,1,2,0,0.7748450584707948,0.5969739258911516,0.568052958082212,8.0,8,0.425745125,0.018362841140622393,0.2067921003885828,0.7748450584707948
A1_boundary_075,T0_standard,0.75,1.0,1.0,278,1,1,1,0.8907852572258659,0.370264047650074,0.7883448668766952,9.907216494845361,10,0.49930959999999996,0.006774352424963477,0.8907852572258659,0.10244039034917057
A1_boundary_075,T0_standard,0.75,1.0,1.0,290,2,2,1,0.9164761912474215,0.33399913100841894,0.8535967306785566,10.8,11,0.6727623636363637,0.02064434818371347,0.06287946056886491,0.9164761912474215
A1_boundary_075,T0_standard,0.75,1.0,1.0,293,2,2,1,0.8300128488299087,0.4914177099945442,0.6691466414747885,17.67005076142132,18,0.6691911666666666,0.009120943814971095,0.16086620735512017,0.8300128488299087
A1_boundary_075,T0_standard,0.75,1.0,1.0,297,2,2,1,0.6361990821687157,0.9072480428921489,0.44482770877473643,9.907216494845361,10,0.4448850999999999,0.19137137339397922,0.17242954443730504,0.6361990821687157
A1_boundary_075,T0_standard,0.75,1.0,1.0,298,2,2,1,0.826883594644418,0.556640021987877,0.695703796651918,15.720930232558139,16,0.6169322500000001,0.041936607363082135,0.1311797979925,0.826883594644418
A1_boundary_075,T0_standard,0.75,1.0,1.0,299,1,1,1,0.8804798792141815,0.39577131063937,0.7691294230824828,16.712707182320443,17,0.6325850000000001,0.00816966465411997,0.8804798792141815,0.11135045613169864
A1_boundary_075,T0_standard,0.75,1.0,1.0,304,1,1,1,0.9803037358037826,0.10987208076183458,0.9679684387870204,21.6,22,0.6175126818181818,0.0073609671794553026,0.9803037358037826,0.012335297016762118
A1_boundary_075,T0_standard,0.75,1.0,1.0,308,2,2,1,0.8621896462992501,0.4708100083603206,0.7525833790692514,20.58823529411765,21,0.744395857142857,0.028204086470751323,0.10960626722999864,0.8621896462992501
A1_boundary_075,T0_standard,0.75,1.0,1.0,311,1,1,1,0.7026185519732226,0.6641709682713351,0.41893672551166333,24.615384615384617,25,0.62898604,0.013699621565218015,0.7026185519732226,0.2836818264615593
A1_boundary_075,T0_standard,0.75,1.0,1.0,314,1,1,1,0.9487129496927991,0.22569961268064792,0.9061642437479765,9.0,9,0.4122361111111112,0.008738344362378357,0.9487129496927991,0.042548705944822504
A1_boundary_075,T0_standard,0.75,1.0,1.0,321,2,2,1,0.8130697451679179,0.5843218512824127,0.6706291267296788,4.0,4,0.34794725,0.04448963639384305,0.1424406184382391,0.8130697451679179
A1_boundary_075,T0_standard,0.75,1.0,1.0,322,1,1,1,0.8416170208693265,0.4903235475823703,0.6999291247957944,12.782608695652174,13,0.5984578461538462,0.01669508305714118,0.8416170208693265,0.1416878960735322
A1_boundary_075,T0_standard,0.75,1.0,1.0,324,1,2,0,0.6684688200434381,0.7038931509987804,0.3544823594097052,7.0,7,0.3544742857142857,0.01754471932282879,0.3139864606337329,0.6684688200434381
A1_boundary_075,T0_standard,0.75,1.0,1.0,326,2,2,1,0.8918494843945448,0.39103179736262617,0.8015213471230507,7.0,7,0.42478699999999997,0.017822378333961057,0.09032813727149418,0.8918494843945448
A1_boundary_075,T0_standard,0.75,1.0,1.0,327,1,1,1,0.8355431597647011,0.4641229537894638,0.6746383709311143,9.0,9,0.38338188888888886,0.003552051401712343,0.8355431597647011,0.16090478883358666
A1_boundary_075,T0_standard,0.75,1.0,1.0,329,1,1,1,0.7829689141388625,0.6626583039466615,0.6403512210361901,6.0,6,0.44581633333333337,0.14261769310267236,0.7829689141388625,0.07441339275846506
A1_boundary_075,T0_standard,0.75,1.0,1.0,331,1,1,1,0.5509414150192209,0.7735024006857799,0.12312809360486643,7.0,7,0.4697390000000001,0.021245263566424546,0.5509414150192209,0.42781332141435446
A1_boundary_075,T0_standard,0.75,1.0,1.0,332,2,2,1,0.6442105695804632,0.896751619944691,0.4542436779537339,17.67005076142132,18,0.71271,0.16582253879280745,0.1899668916267293,0.6442105695804632
A1_boundary_075,T0_standard,0.75,1.0,1.0,334,1,1,1,0.9159001482044511,0.30830637055707255,0.8370470679251498,16.712707182320443,17,0.6182341764705882,0.005246771516247566,0.9159001482044511,0.07885308027930128
A1_boundary_075,T0_standard,0.75,1.0,1.0,338,1,0,0,0.8348567080165656,0.5625302153355988,0.7504803176484369,160.68425643262103,163,1.9818752024539878,0.8348567080165656,0.08437639036812877,0.08076690161530543
A1_boundary_075,T0_standard,0.75,1.0,1.0,339,1,0,0,0.7478622692281661,0.7268012065947667,0.5822135992349917,59.75609756097561,61,0.9155766885245903,0.7478622692281661,0.0864890607786594,0.1656486699931744
A1_boundary_075,T0_standard,0.75,1.0,1.0,340,0,0,1,0.8151638488000489,0.6042567001426191,0.7075496648974806,76.58680892337536,78,1.3844180128205126,0.8151638488000489,0.10761418390256827,0.07722196729738275
A1_boundary_075,T0_standard,0.75,1.0,1.0,347,0,0,1,0.5931580292139298,0.9575871645565146,0.38516645729091,14.0,14,0.44679828571428576,0.5931580292139298,0.19885039886305042,0.2079915719230198
A1_boundary_075,T0_standard,0.75,1.0,1.0,360,2,2,1,0.8379957474999057,0.4936841452945018,0.6913125318173555,11.836065573770492,12,0.5786047499999999,0.015321036817544266,0.14668321568255013,0.8379957474999057
A1_boundary_075,T0_standard,0.75,1.0,1.0,361,2,2,1,0.7044919952893398,0.7763710248190114,0.48583333667460293,9.907216494845361,10,0.5130506,0.07684934609592341,0.21865865861473685,0.7044919952893398
A1_boundary_075,T0_standard,0.75,1.0,1.0,362,2,2,1,0.8545965380718022,0.5151815703422329,0.7775752767767246,10.90566037735849,11,0.5684201818181817,0.0683822006331201,0.07702126129507768,0.8545965380718022
A1_boundary_075,T0_standard,0.75,1.0,1.0,366,0,0,1,0.8938630966386603,0.40647145304332144,0.8239221883893648,6.0,6,0.3645646666666667,0.8938630966386603,0.036195995112044306,0.06994090824929548
A1_boundary_075,T0_standard,0.75,1.0,1.0,374,0,0,1,0.9237681812037242,0.3221887166156598,0.8835191488450733,17.75409836065574,18,0.5402341666666667,0.9237681812037242,0.040249032358650856,0.03598278643762499
A1_boundary_075,T0_standard,0.75,1.0,1.0,376,0,0,1,0.917113691377113,0.3425847950987578,0.8705658090794439,17.75409836065574,18,0.5590460555555555,0.917113691377113,0.04654788229766908,0.03633842632521802
A1_boundary_075,T0_standard,0.75,1.0,1.0,378,0,0,1,0.9099140925427686,0.3649262675194026,0.8614965316995995,15.900662251655628,16,0.487147875,0.9099140925427686,0.04166834661406233,0.04841756084316908
A1_boundary_075,T0_standard,0.75,1.0,1.0,380,0,0,1,0.918556145467668,0.33869830767562015,0.8766243561835597,18.75,19,0.48924563157894735,0.918556145467668,0.041931789284108206,0.03951206524822393
A1_boundary_075,T0_standard,0.75,1.0,1.0,387,0,0,1,0.8647195031146533,0.4814327863769704,0.7731665506234149,43.12,44,1.1116842272727274,0.8647195031146533,0.04372754439410844,0.0915529524912384
A1_boundary_075,T0_standard,0.75,1.0,1.0,388,0,0,1,0.8386090707295594,0.5514171123465368,0.7439750418170321,22.5625,23,0.6896618260869564,0.8386090707295594,0.06675690035791344,0.09463402891252727
A1_boundary_075,T0_standard,0.75,1.0,1.0,389,0,0,1,0.9179784942836512,0.338203399443742,0.8672419479934375,23.529411764705884,24,0.8380092500000001,0.9179784942836512,0.0507365462902137,0.031284959426135205
A1_boundary_075,T0_standard,0.75,1.0,1.0,391,0,0,1,0.9199343161017399,0.3325290776280544,0.8712193289923957,33.306930693069305,34,0.927025911764706,0.9199343161017399,0.048714987109344236,0.03135069678891584
A1_boundary_075,T0_standard,0.75,1.0,1.0,400,0,0,1,0.9186176333433834,0.3384375797488553,0.8758593341274091,14.76923076923077,15,0.5019540666666668,0.9186176333433834,0.03862406744064229,0.042758299215974294
A1_boundary_075,T0_standard,0.75,1.0,1.0,403,0,0,1,0.8938521193394708,0.41178614862630747,0.8377319854519057,12.83206106870229,13,0.619328,0.8938521193394708,0.050027746772964135,0.05612013388756513
A1_boundary_075,T0_standard,0.75,1.0,1.0,405,0,0,1,0.7608870164824796,0.6516704376195146,0.5579531428047082,46.065989847715734,47,1.081583680851064,0.7608870164824796,0.036179109839749035,0.2029338736777714
A1_boundary_075,T0_standard,0.75,1.0,1.0,411,2,2,1,0.8752257779797387,0.4628117898738672,0.8122426177038314,3.0,3,0.201223,0.061791061744354045,0.06298316027590721,0.8752257779797387
A1_boundary_075,T0_standard,0.75,1.0,1.0,413,0,0,1,0.9011223256429925,0.39106265910249116,0.849645038003575,81.3587786259542,83,1.1146613373493979,0.9011223256429925,0.05147728763941746,0.04740038671758983
A1_boundary_075,T0_standard,0.75,1.0,1.0,421,0,0,1,0.8279075163125478,0.5725188286566787,0.7193560038959026,58.80786026200873,60,0.8280121,0.8279075163125478,0.06354097127080698,0.10855151241664517
A1_boundary_075,T0_standard,0.75,1.0,1.0,422,0,0,1,0.9069785632527964,0.37392151109865907,0.8593029285568238,70.54176072234763,72,0.9631183333333332,0.9069785632527964,0.04767563469597259,0.045345802051231156
A1_boundary_075,T0_standard,0.75,1.0,1.0,426,0,0,1,0.9082370042841668,0.36614619769702955,0.8488137476488423,38.20754716981132,39,1.0525164615384617,0.9082370042841668,0.05942325663532442,0.03233973908050869
A1_boundary_075,T0_standard,0.75,1.0,1.0,429,0,0,1,0.8953947264222288,0.40750473132594445,0.8409511774976247,64.76279069767442,66,1.4506720606060608,0.8953947264222288,0.05444354892460416,0.05016172465316713
A1_boundary_075,T0_standard,0.75,1.0,1.0,430,0,0,1,0.8755819396478527,0.461281025391409,0.8072927429985493,68.70338058887677,70,1.3141251428571425,0.8755819396478527,0.056128863702843854,0.06828919664930348
A1_boundary_075,T0_standard,0.75,1.0,1.0,432,0,0,1,0.8567428020750549,0.5099599222884291,0.7816164625234475,97.2412746585736,99,1.6191042626262624,0.8567428020750549,0.07512633955160739,0.06813085837333757
A1_boundary_075,T0_standard,0.75,1.0,1.0,433,0,0,1,0.8688827801488488,0.47794714434038615,0.7936211847083714,64.70679380214541,66,1.1340002424242426,0.8688827801488488,0.0752615954404774,0.05585562441067368
A1_boundary_075,T0_standard,0.75,1.0,1.0,438,0,0,1,0.9187431402027808,0.3368146279901154,0.8707655514642203,157.656836461126,160,2.0565121187499997,0.9187431402027808,0.04797758873856048,0.033279271058658626
A1_boundary_075,T0_standard,0.75,1.0,1.0,439,0,0,1,0.9140200407406603,0.3493594480638173,0.8590655353177578,141.7255297679112,144,1.8719137986111112,0.9140200407406603,0.05495450542290256,0.03102545383643716
A1_boundary_075,T0_standard,0.75,1.0,1.0,452,1,1,1,0.8809018512568679,0.3979858820148393,0.7711930844294043,15.763636363636364,16,0.5164338125,0.009389381915668408,0.8809018512568679,0.10970876682746367
A2_boundary_050,T0_standard,0.5,1.0,1.0,1,1,1,1,0.9515318879500834,0.2262326628860487,0.9216201939926739,177.35111876075732,191,1.7893955968586386,0.018556418092507066,0.9515318879500834,0.02991169395740941
A2_boundary_050,T0_standard,0.5,1.0,1.0,2,0,2,0,0.5562296343841605,0.9811868004693081,0.28045170680129194,25.861538461538462,29,0.9194155862068966,0.1679924380329709,0.27577792758286857,0.5562296343841605
A2_boundary_050,T0_standard,0.5,1.0,1.0,7,0,0,1,0.4967372291797603,0.8687255631275862,0.049414411305350237,63.391304347826086,70,1.2559205428571434,0.4967372291797603,0.05593995294582963,0.4473228178744101
A2_boundary_050,T0_standard,0.5,1.0,1.0,8,0,0,1,0.8357595505516239,0.5185532444981016,0.6976210499602907,62.70967741935484,69,1.4160222753623186,0.8357595505516239,0.026101948857042843,0.13813850059133312
A2_boundary_050,T0_standard,0.5,1.0,1.0,9,0,0,1,0.8742355643528384,0.4634324580438829,0.8001803205880929,88.81751824817518,97,1.6381157731958764,0.8742355643528384,0.051709191882415996,0.07405524376474563
A2_boundary_050,T0_standard,0.5,1.0,1.0,12,0,0,1,0.9323579215396234,0.294380290847229,0.8982635803793336,58.68862275449102,65,1.1779163384615385,0.9323579215396234,0.03409434116028977,0.033547737300086894
A2_boundary_050,T0_standard,0.5,1.0,1.0,15,1,1,1,0.9494087176910914,0.22927323266440325,0.911998909934824,33.98876404494382,38,1.0010864210526318,0.01318147455264149,0.9494087176910914,0.03740980775626733
A2_boundary_050,T0_standard,0.5,1.0,1.0,18,1,0,0,0.9059256242516857,0.37639355533133834,0.8532468581835622,87.36015325670498,96,1.3256457604166665,0.9059256242516857,0.05267876606812355,0.041395609680190834
A2_boundary_050,T0_standard,0.5,1.0,1.0,22,1,1,1,0.9381761424879883,0.2600447155591447,0.8868015238609342,16.941176470588236,19,0.8067329999999999,0.010449238884957537,0.9381761424879883,0.05137461862705402
A2_boundary_050,T0_standard,0.5,1.0,1.0,28,1,1,1,0.7331491898661177,0.6630887141815137,0.4912990206907733,18.77777777777778,21,0.7458260476190477,0.025000640958537882,0.7331491898661177,0.24185016917534435
A2_boundary_050,T0_standard,0.5,1.0,1.0,29,1,1,1,0.50398220381908,0.8453944865467784,0.053568218276803914,12.25,13,0.504573923076923,0.0456038106386438,0.50398220381908,0.4504139855422761
A2_boundary_050,T0_standard,0.5,1.0,1.0,32,0,0,1,0.5772268037470878,0.9394616871690187,0.2813248726250816,106.62985074626866,116,1.5386575431034482,0.5772268037470878,0.12687126513090607,0.2959019311220062
A2_boundary_050,T0_standard,0.5,1.0,1.0,35,0,0,1,0.5526462044010928,0.9930915405484899,0.29700281790555916,30.223880597014926,34,0.681779294117647,0.5526462044010928,0.1917104091033735,0.25564338649553364
A2_boundary_050,T0_standard,0.5,1.0,1.0,37,0,0,1,0.9055260969012476,0.3754481753700933,0.846836581074515,170.06398537477148,184,1.7882877282608698,0.9055260969012476,0.05868951582673265,0.03578438727201966
A2_boundary_050,T0_standard,0.5,1.0,1.0,38,0,0,1,0.8518020651287453,0.5165350549761383,0.7571815567634668,33.04705882352941,37,0.9075333243243243,0.8518020651287453,0.0535774265059761,0.09462050836527856
A2_boundary_050,T0_standard,0.5,1.0,1.0,39,0,0,1,0.8769528069298731,0.4581964986630751,0.8137474071250865,29.38888888888889,33,0.8299917878787879,0.8769528069298731,0.06320539980478661,0.059841793265340164
A2_boundary_050,T0_standard,0.5,1.0,1.0,41,0,0,1,0.9053389121537736,0.37426441857382303,0.8434665639619339,63.83937823834197,70,1.2843535142857143,0.9053389121537736,0.06187234819183972,0.03278873965438683
A2_boundary_050,T0_standard,0.5,1.0,1.0,44,0,0,1,0.8643722117924325,0.4904764858208881,0.7908557940518449,22.72972972972973,25,0.5948057999999999,0.8643722117924325,0.07351641774058758,0.062111370466979954
A2_boundary_050,T0_standard,0.5,1.0,1.0,49,1,0,0,0.5784879939462323,0.9461047537674099,0.2933299914964405,16.0,16,0.37066231250000004,0.5784879939462323,0.1363540036039759,0.2851580024497918
A2_boundary_050,T0_standard,0.5,1.0,1.0,51,0,0,1,0.651948102696663,0.814809574170543,0.36957661982000417,16.666666666666668,18,0.5287885,0.651948102696663,0.06568041442667805,0.28237148287665886
A2_boundary_050,T0_standard,0.5,1.0,1.0,55,0,0,1,0.9142485953183697,0.3518074818789899,0.868253243518748,34.90909090909091,39,0.6499513846153847,0.9142485953183697,0.04599535179962167,0.03975605288200861
A2_boundary_050,T0_standard,0.5,1.0,1.0,60,0,0,1,0.9289035245190284,0.3013121810407227,0.8809327029709753,46.09090909090909,51,1.224436588235294,0.9289035245190284,0.04797082154805309,0.023125653932918627
A2_boundary_050,T0_standard,0.5,1.0,1.0,61,0,0,1,0.8777936289726135,0.45490769238250695,0.8085139893648727,29.453333333333333,33,0.9699814242424242,0.8777936289726135,0.05292673141964563,0.06927963960774074
A2_boundary_050,T0_standard,0.5,1.0,1.0,71,2,2,1,0.9034454068762676,0.37679743467541615,0.8362991579033865,12.8,14,0.6911514999999999,0.0671462489728811,0.029408344150851327,0.9034454068762676
A2_boundary_050,T0_standard,0.5,1.0,1.0,75,0,1,0,0.6621243697039506,0.7767324582333207,0.37171061188008625,16.941176470588236,19,0.7114136315789473,0.047461872472185127,0.6621243697039506,0.29041375782386436
A2_boundary_050,T0_standard,0.5,1.0,1.0,77,0,0,1,0.780235888864411,0.672006178626868,0.6429010985575172,9.0,9,0.3371106666666667,0.780235888864411,0.08242932082869533,0.1373347903068938
A2_boundary_050,T0_standard,0.5,1.0,1.0,84,2,2,1,0.7434586556156375,0.617380803785146,0.49875489717213684,8.0,8,0.40794074999999996,0.011837585940861811,0.24470375844350065,0.7434586556156375
A2_boundary_050,T0_standard,0.5,1.0,1.0,85,2,0,0,0.5670382591100817,0.8946099123199889,0.21631316441684678,9.0,10,0.6327266,0.5670382591100817,0.08223664619668343,0.3507250946932349
A2_boundary_050,T0_standard,0.5,1.0,1.0,86,0,2,0,0.9443928475036543,0.24324274148306413,0.900431357164418,12.8,14,0.5406887857142857,0.011645662157109524,0.043961490339236214,0.9443928475036543
A2_boundary_050,T0_standard,0.5,1.0,1.0,87,0,2,0,0.6304401299154012,0.7865928229205607,0.301442761919526,7.0,7,0.5237958571428571,0.3289973679958752,0.040562502088723536,0.6304401299154012
A2_boundary_050,T0_standard,0.5,1.0,1.0,88,0,0,1,0.5108560073376072,0.8483989312074575,0.06903537230916501,8.0,8,0.40546887499999995,0.5108560073376072,0.04732335763395064,0.44182063502844215
A2_boundary_050,T0_standard,0.5,1.0,1.0,89,0,2,0,0.6644108175272845,0.7801902272614718,0.3793142502712222,7.0,7,0.3756504285714285,0.2850965672560623,0.050492615216653235,0.6644108175272845
A2_boundary_050,T0_standard,0.5,1.0,1.0,90,0,2,0,0.4933248919325303,0.9255615606721739,0.07374552220141162,8.333333333333334,9,0.6029300000000001,0.4195793697311187,0.08709573833635094,0.4933248919325303
A2_boundary_050,T0_standard,0.5,1.0,1.0,93,0,0,1,0.5451577321783829,0.9301573732644459,0.19152046593485955,9.941176470588236,11,0.3752034545454545,0.5451577321783829,0.10120500157809376,0.3536372662435234
A2_boundary_050,T0_standard,0.5,1.0,1.0,98,0,0,1,0.7267269495683005,0.7058715988269372,0.49671768357653623,17.0,17,0.4362414705882353,0.7267269495683005,0.043263784439935046,0.23000926599176433
A2_boundary_050,T0_standard,0.5,1.0,1.0,101,0,0,1,0.8566440317249738,0.5040892572996483,0.763895100513948,13.0,13,0.519376153846154,0.8566440317249738,0.05060703706400022,0.09274893121102583
A2_boundary_050,T0_standard,0.5,1.0,1.0,102,0,0,1,0.9091070989754442,0.3674266773828668,0.8608470822176494,12.0,12,0.54038,0.9091070989754442,0.04826001675779483,0.04263288426676099
A2_boundary_050,T0_standard,0.5,1.0,1.0,106,0,0,1,0.47324924574680016,0.8856601285548229,0.010043765493005341,92.40845070422536,101,1.456544306930693,0.47324924574680016,0.06354527399940506,0.4632054802537948
A2_boundary_050,T0_standard,0.5,1.0,1.0,118,0,0,1,0.7896190396250982,0.6264463567844228,0.6264267609091897,24.066666666666666,27,0.771531037037037,0.7896190396250982,0.0471886816589935,0.16319227871590844
A2_boundary_050,T0_standard,0.5,1.0,1.0,119,0,0,1,0.8971176762557179,0.4024738176300448,0.8423979773346363,88.49253731343283,97,1.3621651546391753,0.8971176762557179,0.0547196989210816,0.04816262482320052
A2_boundary_050,T0_standard,0.5,1.0,1.0,120,0,0,1,0.8934548839361827,0.4090693173258758,0.8256541546486356,70.20754716981132,77,1.3922861558441562,0.8934548839361827,0.03874438677627021,0.06780072928754705
A2_boundary_050,T0_standard,0.5,1.0,1.0,123,0,0,1,0.8980025983894838,0.3900986444541185,0.824744524685391,19.17391304347826,20,0.5155320999999999,0.8980025983894838,0.0732580737040929,0.028739327906423282
A2_boundary_050,T0_standard,0.5,1.0,1.0,124,0,0,1,0.9071923188911908,0.37287678116827955,0.8562801676995818,41.83168316831683,47,0.8481854893617022,0.9071923188911908,0.05091215119160898,0.04189552991720019
A2_boundary_050,T0_standard,0.5,1.0,1.0,129,0,0,1,0.8595454951946754,0.5030639772528565,0.7869578032208836,57.855421686746986,64,1.315091625,0.8595454951946754,0.06786681283153274,0.0725876919737918
A2_boundary_050,T0_standard,0.5,1.0,1.0,130,0,0,1,0.8414912665477333,0.5457509007738609,0.7520704806000873,68.1044776119403,75,1.3049385733333334,0.8414912665477333,0.06908794750462062,0.08942078594764608
A2_boundary_050,T0_standard,0.5,1.0,1.0,134,1,1,1,0.9532190482712206,0.22033016336513606,0.924958350524985,21.428571428571427,24,0.7835483333333334,0.018520253982543793,0.9532190482712206,0.02826069774623566
A2_boundary_050,T0_standard,0.5,1.0,1.0,136,1,1,1,0.7116307025978234,0.6816588565625878,0.44657111568186986,94.08,102,1.6543439509803923,0.023309710486223024,0.7116307025978234,0.2650595869159535
A2_boundary_050,T0_standard,0.5,1.0,1.0,138,1,1,1,0.4784857814735872,0.8893820180849203,0.022505609907092605,7.0,7,0.46868471428571423,0.06553404695991817,0.4784857814735872,0.4559801715664946
A2_boundary_050,T0_standard,0.5,1.0,1.0,140,1,0,0,0.6141024606328542,0.9100018479698164,0.35332759967642957,11.0,11,0.4528042727272727,0.6141024606328542,0.26077486095642466,0.12512267841072122
A2_boundary_050,T0_standard,0.5,1.0,1.0,145,1,1,1,0.934384433412032,0.27640751255650176,0.8829590747916133,83.265625,91,1.4519752857142858,0.014190207967549212,0.934384433412032,0.05142535862041873
A2_boundary_050,T0_standard,0.5,1.0,1.0,149,2,2,1,0.7302694987271416,0.7674433347660656,0.5770333925357244,13.235294117647058,14,0.40021921428571433,0.11649439508144102,0.15323610619141725,0.7302694987271416
A2_boundary_050,T0_standard,0.5,1.0,1.0,150,2,2,1,0.7940841997034341,0.6508855496825097,0.6852174377392779,8.0,8,0.35506275,0.10886676196415626,0.09704903833240959,0.7940841997034341
A2_boundary_050,T0_standard,0.5,1.0,1.0,151,2,2,1,0.921011475535752,0.32957096669329966,0.8739170255651605,9.941176470588236,11,0.5133822727272727,0.04709444997059155,0.03189407449365659,0.921011475535752
A2_boundary_050,T0_standard,0.5,1.0,1.0,152,2,2,1,0.7215999563980133,0.7808730826489774,0.5602643536140188,5.0,5,0.2464702,0.1613356027839945,0.11706444081799217,0.7215999563980133
A2_boundary_050,T0_standard,0.5,1.0,1.0,160,2,2,1,0.9678181570163605,0.16361057364573242,0.947851623986267,11.842105263157896,13,0.5016772307692308,0.012215309953545936,0.019966533030093506,0.9678181570163605
A2_boundary_050,T0_standard,0.5,1.0,1.0,168,1,1,1,0.9049519959247271,0.37936199568061046,0.852163833772622,13.0,13,0.4162788461538462,0.05278816215210518,0.9049519959247271,0.04225984192316774
A2_boundary_050,T0_standard,0.5,1.0,1.0,169,2,2,1,0.8755766052470645,0.4610142944983176,0.8059911428239195,10.285714285714286,11,0.44178781818181817,0.06958546242314495,0.054837932329790486,0.8755766052470645
A2_boundary_050,T0_standard,0.5,1.0,1.0,174,2,2,1,0.768796998026423,0.6660476250357225,0.5913027543284886,5.0,5,0.3432982,0.17749424369793448,0.05370875827564248,0.768796998026423
A2_boundary_050,T0_standard,0.5,1.0,1.0,176,2,2,1,0.8331986176334867,0.4750774136458558,0.6719342234997072,26.727272727272727,30,0.8189938999999999,0.0055369882327337945,0.1612643941337794,0.8331986176334867
A2_boundary_050,T0_standard,0.5,1.0,1.0,178,2,2,1,0.9570591211899921,0.20346650247415143,0.9270658106217581,28.594594594594593,32,0.95442090625,0.012947568241773883,0.029993310568234014,0.9570591211899921
A2_boundary_050,T0_standard,0.5,1.0,1.0,184,2,2,1,0.8524109622058067,0.4994528097759648,0.7399113457806739,13.5,15,0.7859551333333333,0.11249961642513288,0.035089421369060576,0.8524109622058067
A2_boundary_050,T0_standard,0.5,1.0,1.0,186,1,0,0,0.8114004693269223,0.6149101204404146,0.7165689719713546,13.5,15,0.6404765999999998,0.8114004693269223,0.09376803331750998,0.09483149735556771
A2_boundary_050,T0_standard,0.5,1.0,1.0,187,2,2,1,0.7250382466616652,0.744546566521473,0.520474211766577,13.235294117647058,14,0.5083184285714285,0.20456403489508812,0.07039771844324665,0.7250382466616652
A2_boundary_050,T0_standard,0.5,1.0,1.0,194,2,2,1,0.972423285043043,0.13771500753283974,0.9488933077444951,10.88888888888889,12,0.537488,0.0040467376584091795,0.023529977298547843,0.972423285043043
A2_boundary_050,T0_standard,0.5,1.0,1.0,198,1,1,1,0.563278479054399,0.8008175651983245,0.159058499294071,13.5,15,0.7177088000000001,0.404219979760328,0.563278479054399,0.03250154118527288
A2_boundary_050,T0_standard,0.5,1.0,1.0,200,2,2,1,0.9102197184988793,0.3617998929163826,0.8548688037639359,5.0,5,0.2278204,0.05535091473494334,0.03442936676617733,0.9102197184988793
A2_boundary_050,T0_standard,0.5,1.0,1.0,202,2,2,1,0.7811367942422368,0.6237494360136223,0.5985478953256038,19.88235294117647,22,0.5913674545454545,0.03627430684113015,0.182588898916633,0.7811367942422368
A2_boundary_050,T0_standard,0.5,1.0,1.0,205,1,1,1,0.8651824672373305,0.4253184161458081,0.7381925549246693,50.4,56,1.062304125,0.007827620450008305,0.8651824672373305,0.12698991231266127
A2_boundary_050,T0_standard,0.5,1.0,1.0,206,2,2,1,0.7070181224917429,0.7085594007309292,0.44734364948669136,19.6,22,0.6087270454545455,0.03330740450320562,0.25967447300505153,0.7070181224917429
A2_boundary_050,T0_standard,0.5,1.0,1.0,212,2,2,1,0.9182034969454095,0.33950050936833565,0.8736240702928958,23.142857142857142,26,0.8470876538461538,0.04457942665251366,0.03721707640207683,0.9182034969454095
A2_boundary_050,T0_standard,0.5,1.0,1.0,214,2,2,1,0.9431482112414902,0.2478986387366171,0.8985901447527627,41.094339622641506,46,1.0707565,0.012293722269782275,0.044558066488727545,0.9431482112414902
A2_boundary_050,T0_standard,0.5,1.0,1.0,222,2,2,1,0.8375737726498454,0.5561408535246783,0.7532952096289142,4.0,4,0.5312697500000001,0.08427856302093133,0.07814766432922325,0.8375737726498454
A2_boundary_050,T0_standard,0.5,1.0,1.0,229,1,1,1,0.7501785601477746,0.6051337433670474,0.510678598427029,20.166666666666668,21,0.46933819047619046,0.010321478131479848,0.7501785601477746,0.2394999617207456
A2_boundary_050,T0_standard,0.5,1.0,1.0,231,2,2,1,0.9732233663679187,0.13549199757902286,0.9509563707010394,5.0,5,0.4425108,0.004509637965202038,0.022266995666879282,0.9732233663679187
A2_boundary_050,T0_standard,0.5,1.0,1.0,233,2,2,1,0.8906529437203347,0.4150146690815922,0.8181426849719398,60.48837209302326,67,1.22872771641791,0.03683679753127043,0.07251025874839488,0.8906529437203347
A2_boundary_050,T0_standard,0.5,1.0,1.0,235,2,2,1,0.8665394291051184,0.46087404799435544,0.7606328006926293,22.72972972972973,25,0.58303204,0.02755394248239251,0.10590662841248909,0.8665394291051184
A2_boundary_050,T0_standard,0.5,1.0,1.0,239,2,2,1,0.7916220020617666,0.652144899743111,0.6668542939585896,16.133333333333333,18,0.5865500555555556,0.12476770810317696,0.08361028983505642,0.7916220020617666
A2_boundary_050,T0_standard,0.5,1.0,1.0,242,2,2,1,0.8168089775298257,0.5791066952562249,0.6793194353894656,13.761904761904763,15,0.6072851333333332,0.13748954214036008,0.04570148032981418,0.8168089775298257
A2_boundary_050,T0_standard,0.5,1.0,1.0,244,2,2,1,0.9310280664102427,0.2921108876539178,0.8816273142848968,99.11003236245955,108,1.5329172870370373,0.019571181464411315,0.049400752125345906,0.9310280664102427
A2_boundary_050,T0_standard,0.5,1.0,1.0,245,2,2,1,0.9148196862562609,0.349344667914807,0.8659122378123774,11.636363636363637,13,0.5391935384615386,0.048907448443883485,0.0362728652998557,0.9148196862562609
A2_boundary_050,T0_standard,0.5,1.0,1.0,249,0,0,1,0.5860050876150174,0.9480779362663525,0.3198220234193998,28.470588235294116,32,0.737368,0.5860050876150174,0.1478118481893651,0.26618306419561755
A2_boundary_050,T0_standard,0.5,1.0,1.0,253,0,0,1,0.8218453128994012,0.5816843552923807,0.7026497531615029,85.87786259541984,94,1.2869785319148936,0.8218453128994012,0.05895912736270051,0.11919555973789835
A2_boundary_050,T0_standard,0.5,1.0,1.0,259,1,0,0,0.6296249210699985,0.8757209851925216,0.3597975384890604,10.0,10,0.49205679999999996,0.6296249210699985,0.2698273825809381,0.10054769634906345
A2_boundary_050,T0_standard,0.5,1.0,1.0,260,1,1,1,0.8994952209955847,0.38700327409987967,0.8284675421711801,11.266666666666667,12,0.5609836666666668,0.029477100180010787,0.8994952209955847,0.07102767882440456
A2_boundary_050,T0_standard,0.5,1.0,1.0,269,1,1,1,0.932247462255546,0.2872589589442175,0.8827433612838063,11.0,11,0.3788078181818182,0.01824843677271431,0.932247462255546,0.049504100971739684
A2_boundary_050,T0_standard,0.5,1.0,1.0,270,1,1,1,0.9818073786559576,0.10331417185009349,0.9713147041986849,7.0,7,0.36814757142857146,0.01049267445727259,0.9818073786559576,0.007699946886769818
A2_boundary_050,T0_standard,0.5,1.0,1.0,271,2,2,1,0.5102899094788373,1.0078668359148977,0.18862000915037358,4.0,4,0.6352672500000001,0.32166990032846376,0.16804019019269895,0.5102899094788373
A2_boundary_050,T0_standard,0.5,1.0,1.0,276,1,2,0,0.7748450584707948,0.5969739258911516,0.568052958082212,8.0,8,0.425745125,0.018362841140622393,0.2067921003885828,0.7748450584707948
A2_boundary_050,T0_standard,0.5,1.0,1.0,278,1,1,1,0.8858916375837506,0.3807737272771733,0.7785772503019674,9.307692307692308,10,0.49930959999999996,0.006793975134466267,0.8858916375837506,0.10731438728178312
A2_boundary_050,T0_standard,0.5,1.0,1.0,290,2,2,1,0.9199789955216906,0.3229103188727704,0.8591558161196587,9.8,11,0.6727623636363637,0.01919782507627753,0.06082317940203183,0.9199789955216906
A2_boundary_050,T0_standard,0.5,1.0,1.0,293,2,2,1,0.84770813013788,0.4607246884852466,0.7043710674936541,16.03030303030303,18,0.6691911666666666,0.008954807217893821,0.14333706264422602,0.84770813013788
A2_boundary_050,T0_standard,0.5,1.0,1.0,297,2,2,1,0.6349127471110833,0.9082536892338696,0.4382401812209143,9.307692307692308,10,0.4448850999999999,0.19667256589016896,0.16841468699874776,0.6349127471110833
A2_boundary_050,T0_standard,0.5,1.0,1.0,298,2,2,1,0.8331060442156947,0.5455725787525308,0.7086673500891885,14.285714285714286,16,0.6169322500000001,0.04245526165779912,0.12443869412650622,0.8331060442156947
A2_boundary_050,T0_standard,0.5,1.0,1.0,299,1,1,1,0.8912773244558729,0.37160471319348176,0.7902396080439992,15.206896551724139,17,0.6325850000000001,0.007684959132253385,0.8912773244558729,0.10103771641187374
A2_boundary_050,T0_standard,0.5,1.0,1.0,304,1,1,1,0.9809209829438641,0.10712515078631894,0.9691386889849163,19.6,22,0.6175126818181818,0.0072967230971880724,0.9809209829438641,0.011782293958947851
A2_boundary_050,T0_standard,0.5,1.0,1.0,308,2,2,1,0.8680277406006877,0.45577607985289137,0.7621757196160058,18.666666666666668,21,0.744395857142857,0.026120238414630563,0.10585202098468181,0.8680277406006877
A2_boundary_050,T0_standard,0.5,1.0,1.0,311,1,1,1,0.7324956819117381,0.6323334187377068,0.4778502194512854,22.5,25,0.62898604,0.012858855627809125,0.7324956819117381,0.25464546246045267
A2_boundary_050,T0_standard,0.5,1.0,1.0,314,1,1,1,0.9487129496927991,0.22569961268064792,0.9061642437479765,9.0,9,0.4122361111111112,0.008738344362378357,0.9487129496927991,0.042548705944822504
A2_boundary_050,T0_standard,0.5,1.0,1.0,321,2,2,1,0.8130697451679179,0.5843218512824127,0.6706291267296788,4.0,4,0.34794725,0.04448963639384305,0.1424406184382391,0.8130697451679179
A2_boundary_050,T0_standard,0.5,1.0,1.0,322,1,1,1,0.8573466198951603,0.4589497179798263,0.7302739178447306,11.636363636363637,13,0.5984578461538462,0.015580678054410135,0.8573466198951603,0.12707270205042961
A2_boundary_050,T0_standard,0.5,1.0,1.0,324,1,2,0,0.6684688200434381,0.7038931509987804,0.3544823594097052,7.0,7,0.3544742857142857,0.01754471932282879,0.3139864606337329,0.6684688200434381
A2_boundary_050,T0_standard,0.5,1.0,1.0,326,2,2,1,0.8918494843945448,0.39103179736262617,0.8015213471230507,7.0,7,0.42478699999999997,0.017822378333961057,0.09032813727149418,0.8918494843945448
A2_boundary_050,T0_standard,0.5,1.0,1.0,327,1,1,1,0.8355431597647011,0.4641229537894638,0.6746383709311143,9.0,9,0.38338188888888886,0.003552051401712343,0.8355431597647011,0.16090478883358666
A2_boundary_050,T0_standard,0.5,1.0,1.0,329,1,1,1,0.7829689141388625,0.6626583039466615,0.6403512210361901,6.0,6,0.44581633333333337,0.14261769310267236,0.7829689141388625,0.07441339275846506
A2_boundary_050,T0_standard,0.5,1.0,1.0,331,1,1,1,0.5509414150192209,0.7735024006857799,0.12312809360486643,7.0,7,0.4697390000000001,0.021245263566424546,0.5509414150192209,0.42781332141435446
A2_boundary_050,T0_standard,0.5,1.0,1.0,332,2,2,1,0.6537179865404399,0.8847626316733173,0.4725056533421408,16.03030303030303,18,0.71271,0.165069680261261,0.18121233319829913,0.6537179865404399
A2_boundary_050,T0_standard,0.5,1.0,1.0,334,1,1,1,0.924178054084077,0.28709059334486603,0.8534393305730911,15.206896551724139,17,0.6182341764705882,0.005083222404936927,0.924178054084077,0.07073872351098597
A2_boundary_050,T0_standard,0.5,1.0,1.0,338,1,0,0,0.8449907313165373,0.5384901911749134,0.7630442880265118,152.7292069632495,163,1.9818752024539878,0.8449907313165373,0.0819464432900256,0.0730628253934371
A2_boundary_050,T0_standard,0.5,1.0,1.0,339,1,0,0,0.761199076975476,0.7043380816050333,0.6060324680903183,54.53521126760563,61,0.9155766885245903,0.761199076975476,0.08363431413936641,0.15516660888515765
A2_boundary_050,T0_standard,0.5,1.0,1.0,340,0,0,1,0.8391317061796014,0.550276004420614,0.7450224935654192,71.34703196347031,78,1.3844180128205126,0.8391317061796014,0.09410921261418227,0.0667590812062163
A2_boundary_050,T0_standard,0.5,1.0,1.0,347,0,0,1,0.5931580292139298,0.9575871645565146,0.38516645729091,14.0,14,0.44679828571428576,0.5931580292139298,0.19885039886305042,0.2079915719230198
A2_boundary_050,T0_standard,0.5,1.0,1.0,360,2,2,1,0.8493165896735422,0.47333265643926187,0.7139094784381627,10.88888888888889,12,0.5786047499999999,0.015276299091078378,0.13540711123537955,0.8493165896735422
A2_boundary_050,T0_standard,0.5,1.0,1.0,361,2,2,1,0.7108305045787884,0.7696581310959316,0.49932712428628917,9.307692307692308,10,0.5130506,0.07766611512871248,0.2115033802924992,0.7108305045787884
A2_boundary_050,T0_standard,0.5,1.0,1.0,362,2,2,1,0.8609649074992831,0.49930089282326856,0.7870454943870694,10.285714285714286,11,0.5684201818181817,0.06511567938850307,0.07391941311221374,0.8609649074992831
A2_boundary_050,T0_standard,0.5,1.0,1.0,366,0,0,1,0.8938630966386603,0.40647145304332144,0.8239221883893648,6.0,6,0.3645646666666667,0.8938630966386603,0.036195995112044306,0.06994090824929548
A2_boundary_050,T0_standard,0.5,1.0,1.0,374,0,0,1,0.9239585292707557,0.32159174624328474,0.8838992110170701,16.333333333333332,18,0.5402341666666667,0.9239585292707557,0.040059318253685625,0.035982152475558665
A2_boundary_050,T0_standard,0.5,1.0,1.0,376,0,0,1,0.918079360979268,0.33955563870327304,0.8719157327267943,16.333333333333332,18,0.5590460555555555,0.918079360979268,0.04616362825247361,0.03575701076825835
A2_boundary_050,T0_standard,0.5,1.0,1.0,378,0,0,1,0.9106807779049535,0.3626357796401821,0.8627795274505438,15.210526315789474,16,0.487147875,0.9106807779049535,0.041417971640636694,0.04790125045440977
A2_boundary_050,T0_standard,0.5,1.0,1.0,380,0,0,1,0.9186250076283781,0.3384934660629204,0.8769054110244608,17.285714285714285,19,0.48924563157894735,0.9186250076283781,0.0417195966039172,0.03965539576770472
A2_boundary_050,T0_standard,0.5,1.0,1.0,387,0,0,1,0.8713603780087612,0.46526319130655164,0.7850173982602421,39.6,44,1.1116842272727274,0.8713603780087612,0.042296642242719715,0.08634297974851908
A2_boundary_050,T0_standard,0.5,1.0,1.0,388,0,0,1,0.8480678256333166,0.5293959066327563,0.7599212094409813,20.454545454545453,23,0.6896618260869564,0.8480678256333166,0.06378555817434794,0.08814661619233538
A2_boundary_050,T0_standard,0.5,1.0,1.0,389,0,0,1,0.9196232408418545,0.33318548340839205,0.8700414074719214,21.333333333333332,24,0.8380092500000001,0.9196232408418545,0.0495818333699332,0.030794925788212215
A2_boundary_050,T0_standard,0.5,1.0,1.0,391,0,0,1,0.9215828965997179,0.32752578686190215,0.8742040471976787,30.31578947368421,34,0.927025911764706,0.9215828965997179,0.04737884940203923,0.031038253998242837
A2_boundary_050,T0_standard,0.5,1.0,1.0,400,0,0,1,0.9183974428550252,0.3390882680222609,0.8752038890503688,13.5,15,0.5019540666666668,0.9183974428550252,0.03840900334031848,0.04319355380465641
A2_boundary_050,T0_standard,0.5,1.0,1.0,403,0,0,1,0.8948914820415387,0.40891286639100893,0.8399607723093221,11.842105263157896,13,0.619328,0.8948914820415387,0.05017780822624485,0.05493070973221663
A2_boundary_050,T0_standard,0.5,1.0,1.0,405,0,0,1,0.7740205914843735,0.6337503435140492,0.5842109252127575,42.36134453781513,47,1.081583680851064,0.7740205914843735,0.03616974224401041,0.189809666271616
A2_boundary_050,T0_standard,0.5,1.0,1.0,411,2,2,1,0.8752257779797387,0.4628117898738672,0.8122426177038314,3.0,3,0.201223,0.061791061744354045,0.06298316027590721,0.8752257779797387
A2_boundary_050,T0_standard,0.5,1.0,1.0,413,0,0,1,0.9048324440542033,0.3802102969267461,0.8552004208283651,74.88679245283019,83,1.1146613373493979,0.9048324440542033,0.049632023225838186,0.04553553271995868
A2_boundary_050,T0_standard,0.5,1.0,1.0,421,0,0,1,0.8431461900726365,0.5386494171771322,0.7460458898043443,53.34146341463415,60,0.8280121,0.8431461900726365,0.059753509659071405,0.09710030026829218
A2_boundary_050,T0_standard,0.5,1.0,1.0,422,0,0,1,0.9117789014039119,0.35937720260302636,0.8648856491565029,64.57471264367815,72,0.9631183333333332,0.9117789014039119,0.04689325224740907,0.04132784634867906
A2_boundary_050,T0_standard,0.5,1.0,1.0,426,0,0,1,0.9103334262201171,0.35979450262331286,0.8520089689552512,34.935483870967744,39,1.0525164615384617,0.9103334262201171,0.05832445726486585,0.03134211651501709
A2_boundary_050,T0_standard,0.5,1.0,1.0,429,0,0,1,0.8984048553385456,0.3988044864781081,0.8445040408270653,60.08888888888889,66,1.4506720606060608,0.8984048553385456,0.05390081451148035,0.04769433014997403
A2_boundary_050,T0_standard,0.5,1.0,1.0,430,0,0,1,0.8817789187826593,0.445164514382908,0.8197346285885736,63.83937823834197,70,1.3141251428571425,0.8817789187826593,0.05617679102325478,0.062044290194085805
A2_boundary_050,T0_standard,0.5,1.0,1.0,432,0,0,1,0.8701598495761246,0.4755900174838823,0.7995972296119369,90.78014184397163,99,1.6191042626262624,0.8701598495761246,0.07056261996418768,0.05927753045968772
A2_boundary_050,T0_standard,0.5,1.0,1.0,433,0,0,1,0.8783169191374551,0.4528792621816785,0.8072401134579817,59.654970760233915,66,1.1340002424242426,0.8783169191374551,0.07107680567947341,0.05060627518307159
A2_boundary_050,T0_standard,0.5,1.0,1.0,438,0,0,1,0.9191159700627743,0.33573209538077253,0.8715664310728313,149.55378486055776,160,2.0565121187499997,0.9191159700627743,0.04754953898994304,0.03333449094728258
A2_boundary_050,T0_standard,0.5,1.0,1.0,439,0,0,1,0.9144816365179979,0.3480624622557316,0.8599936645884796,133.70776255707761,144,1.8719137986111112,0.9144816365179979,0.054487971929518215,0.031030391552483893
A2_boundary_050,T0_standard,0.5,1.0,1.0,452,1,1,1,0.8916131046587569,0.3745680729114311,0.7924047000527689,14.44,16,0.5164338125,0.009178490735255024,0.8916131046587569,0.09920840460598802
A6_boundary_0625,T0_standard,0.625,1.0,1.0,1,1,1,1,0.9479395641192596,0.23905777929429356,0.9155575179182798,183.75063484002033,191,1.7893955968586386,0.019678389679760558,0.9479395641192596,0.032382046200979814
A6_boundary_0625,T0_standard,0.625,1.0,1.0,2,0,2,0,0.5470137945928432,0.9882628664419946,0.2636314331520633,27.461022632020118,29,0.9194155862068966,0.169603843966377,0.2833823614407799,0.5470137945928432
A6_boundary_0625,T0_standard,0.625,1.0,1.0,7,0,0,1,0.4886879396246128,0.8718544951250737,0.03447784700034995,66.61386138613861,70,1.2559205428571434,0.4886879396246128,0.05710196775112422,0.4542100926242629
A6_boundary_0625,T0_standard,0.625,1.0,1.0,8,0,0,1,0.8216753778897129,0.544250166978214,0.6701151494652029,65.75600739371534,69,1.4160222753623186,0.8216753778897129,0.026764393685777012,0.15156022842451006
A6_boundary_0625,T0_standard,0.625,1.0,1.0,9,0,0,1,0.8726042951328296,0.46766422828976917,0.7975220760873596,92.73042742276766,97,1.6381157731958764,0.8726042951328296,0.05231348582170054,0.07508221904546993
A6_boundary_0625,T0_standard,0.625,1.0,1.0,12,0,0,1,0.930683633665117,0.2999117334727431,0.8957820741785238,61.785496441884106,65,1.1779163384615385,0.930683633665117,0.034414806848289986,0.03490155948659313
A6_boundary_0625,T0_standard,0.625,1.0,1.0,15,1,1,1,0.9502382410967549,0.2265275064719532,0.9136056826412752,36.008059516429014,38,1.0010864210526318,0.013129200447765227,0.9502382410967549,0.03663255845547977
A6_boundary_0625,T0_standard,0.625,1.0,1.0,18,1,0,0,0.901285266376475,0.3895880058770751,0.8446214335976713,91.53465346534654,96,1.3256457604166665,0.901285266376475,0.0566638327788037,0.04205090084472122
A6_boundary_0625,T0_standard,0.625,1.0,1.0,22,1,1,1,0.9384100250263705,0.2592721733416963,0.8872111019254355,18.059701492537314,19,0.8067329999999999,0.010391051872694524,0.9384100250263705,0.051198923100935004
A6_boundary_0625,T0_standard,0.625,1.0,1.0,28,1,1,1,0.7383945027633357,0.6555994227634688,0.5010844283320017,20.0,21,0.7458260476190477,0.024295422805330286,0.7383945027633357,0.23731007443133395
A6_boundary_0625,T0_standard,0.625,1.0,1.0,29,1,1,1,0.5112944954085693,0.8461280889336775,0.06892914774143966,12.703296703296703,13,0.504573923076923,0.046340156924300956,0.5112944954085693,0.44236534766712965
A6_boundary_0625,T0_standard,0.625,1.0,1.0,32,0,0,1,0.5690211559455032,0.9444320669787721,0.2645240766635779,111.08421785279276,116,1.5386575431034482,0.5690211559455032,0.12648176477257142,0.30449707928192526
A6_boundary_0625,T0_standard,0.625,1.0,1.0,35,0,0,1,0.5460135538354431,0.9995333246503723,0.28873477387794716,32.21970289288507,34,0.681779294117647,0.5460135538354431,0.19670766620706084,0.257278779957496
A6_boundary_0625,T0_standard,0.625,1.0,1.0,37,0,0,1,0.9033813126110998,0.38149514305097443,0.8429681705353957,176.63794398540617,184,1.7882877282608698,0.9033813126110998,0.06041314207570402,0.036205545313196266
A6_boundary_0625,T0_standard,0.625,1.0,1.0,38,0,0,1,0.844095760582844,0.5336945233602522,0.742660518763751,35.04777275661717,37,0.9075333243243243,0.844095760582844,0.05446899759806311,0.10143524181909293
A6_boundary_0625,T0_standard,0.625,1.0,1.0,39,0,0,1,0.8741376733254062,0.46566373710076503,0.8100256697165413,31.243243243243242,33,0.8299917878787879,0.8741376733254062,0.0641120036088648,0.06175032306572908
A6_boundary_0625,T0_standard,0.625,1.0,1.0,41,0,0,1,0.9042590737985762,0.37761910313216285,0.842042352327321,66.80471782621679,70,1.2843535142857143,0.9042590737985762,0.06221672147125512,0.033524204730168615
A6_boundary_0625,T0_standard,0.625,1.0,1.0,44,0,0,1,0.863175768763395,0.4934851869083436,0.7888574403737482,24.03201024327785,25,0.5948057999999999,0.863175768763395,0.0743183283896468,0.06250590284695821
A6_boundary_0625,T0_standard,0.625,1.0,1.0,49,1,0,0,0.5784879939462323,0.9461047537674099,0.2933299914964405,16.0,16,0.37066231250000004,0.5784879939462323,0.1363540036039759,0.2851580024497918
A6_boundary_0625,T0_standard,0.625,1.0,1.0,51,0,0,1,0.6524180316608804,0.814945766338469,0.370881128863265,17.454545454545453,18,0.5287885,0.6524180316608804,0.06604506554150422,0.2815369027976154
A6_boundary_0625,T0_standard,0.625,1.0,1.0,55,0,0,1,0.9136357954338313,0.3536851738858502,0.8673577878041555,37.16742081447964,39,0.6499513846153847,0.9136357954338313,0.04627800762967577,0.04008619693649292
A6_boundary_0625,T0_standard,0.625,1.0,1.0,60,0,0,1,0.9284360221152788,0.3029111210556795,0.8802935197916908,48.49484536082474,51,1.224436588235294,0.9284360221152788,0.048142502323587966,0.023421475561133165
A6_boundary_0625,T0_standard,0.625,1.0,1.0,61,0,0,1,0.8739438041857401,0.464797111022371,0.8015438221031577,31.25382932166302,33,0.9699814242424242,0.8739438041857401,0.05365621373167737,0.07239998208258243
A6_boundary_0625,T0_standard,0.625,1.0,1.0,71,2,2,1,0.8996589208805827,0.3870812407048897,0.8293667839373106,13.495327102803738,14,0.6911514999999999,0.07029213694327223,0.0300489421761451,0.8996589208805827
A6_boundary_0625,T0_standard,0.625,1.0,1.0,75,0,1,0,0.679523313756156,0.7663893231642882,0.4092795164398918,18.059701492537314,19,0.7114136315789473,0.05023288892757964,0.679523313756156,0.27024379731626424
A6_boundary_0625,T0_standard,0.625,1.0,1.0,77,0,0,1,0.780235888864411,0.672006178626868,0.6429010985575172,9.0,9,0.3371106666666667,0.780235888864411,0.08242932082869533,0.1373347903068938
A6_boundary_0625,T0_standard,0.625,1.0,1.0,84,2,2,1,0.7434586556156375,0.617380803785146,0.49875489717213684,8.0,8,0.40794074999999996,0.011837585940861811,0.24470375844350065,0.7434586556156375
A6_boundary_0625,T0_standard,0.625,1.0,1.0,85,2,0,0,0.5589783507431773,0.9007597959116342,0.20185492193711568,9.560975609756097,10,0.6327266,0.5589783507431773,0.08389822045076104,0.35712342880606157
A6_boundary_0625,T0_standard,0.625,1.0,1.0,86,0,2,0,0.9434562353910928,0.2465298563521461,0.8988768828089184,13.495327102803738,14,0.5406887857142857,0.011964412026732959,0.044579352582174374,0.9434562353910928
A6_boundary_0625,T0_standard,0.625,1.0,1.0,87,0,2,0,0.6304401299154012,0.7865928229205607,0.301442761919526,7.0,7,0.5237958571428571,0.3289973679958752,0.040562502088723536,0.6304401299154012
A6_boundary_0625,T0_standard,0.625,1.0,1.0,88,0,0,1,0.5108560073376072,0.8483989312074575,0.06903537230916501,8.0,8,0.40546887499999995,0.5108560073376072,0.04732335763395064,0.44182063502844215
A6_boundary_0625,T0_standard,0.625,1.0,1.0,89,0,2,0,0.6644108175272845,0.7801902272614718,0.3793142502712222,7.0,7,0.3756504285714285,0.2850965672560623,0.050492615216653235,0.6644108175272845
A6_boundary_0625,T0_standard,0.625,1.0,1.0,90,0,2,0,0.47452254410431444,0.9320051490931878,0.038754509025996364,8.727272727272727,9,0.6029300000000001,0.4357680350783181,0.08970942081736762,0.47452254410431444
A6_boundary_0625,T0_standard,0.625,1.0,1.0,93,0,0,1,0.5399517529879307,0.9328206469986648,0.18148304412721017,10.541076487252125,11,0.3752034545454545,0.5399517529879307,0.1015795381513486,0.3584687088607206
A6_boundary_0625,T0_standard,0.625,1.0,1.0,98,0,0,1,0.7267269495683005,0.7058715988269372,0.49671768357653623,17.0,17,0.4362414705882353,0.7267269495683005,0.043263784439935046,0.23000926599176433
A6_boundary_0625,T0_standard,0.625,1.0,1.0,101,0,0,1,0.8566440317249738,0.5040892572996483,0.763895100513948,13.0,13,0.519376153846154,0.8566440317249738,0.05060703706400022,0.09274893121102583
A6_boundary_0625,T0_standard,0.625,1.0,1.0,102,0,0,1,0.9091070989754442,0.3674266773828668,0.8608470822176494,12.0,12,0.54038,0.9091070989754442,0.04826001675779483,0.04263288426676099
A6_boundary_0625,T0_standard,0.625,1.0,1.0,106,0,0,1,0.47187247395562343,0.8845671055848491,0.006729401819143943,96.52202283849918,101,1.456544306930693,0.47187247395562343,0.06298445390789703,0.4651430721364795
A6_boundary_0625,T0_standard,0.625,1.0,1.0,118,0,0,1,0.7723843521164547,0.654267296334377,0.5932546131898299,25.565217391304348,27,0.771531037037037,0.7723843521164547,0.048485908956920336,0.1791297389266249
A6_boundary_0625,T0_standard,0.625,1.0,1.0,119,0,0,1,0.895559829042024,0.40697085775319797,0.8405188277094741,92.58519793459553,97,1.3621651546391753,0.895559829042024,0.055041001332549994,0.0493991696254261
A6_boundary_0625,T0_standard,0.625,1.0,1.0,120,0,0,1,0.8903500300614705,0.4172634635605368,0.8198871366388503,73.47826086956522,77,1.3922861558441562,0.8903500300614705,0.039187076515909185,0.07046289342262028
A6_boundary_0625,T0_standard,0.625,1.0,1.0,123,0,0,1,0.8977333905025112,0.3906799173924455,0.8241074898145596,19.682745825602968,20,0.5155320999999999,0.8977333905025112,0.07362590068795162,0.028640708809537126
A6_boundary_0625,T0_standard,0.625,1.0,1.0,124,0,0,1,0.9058158578121919,0.3769807812569426,0.8543027083227034,44.49706979222163,47,0.8481854893617022,0.9058158578121919,0.051513149489488465,0.042670992698319754
A6_boundary_0625,T0_standard,0.625,1.0,1.0,129,0,0,1,0.8518320856581603,0.5219485340440164,0.7732639913779973,60.86261107313739,64,1.315091625,0.8518320856581603,0.06959982006167673,0.07856809428016294
A6_boundary_0625,T0_standard,0.625,1.0,1.0,130,0,0,1,0.8359383831842788,0.5584538445465616,0.7424377659642142,71.44918872758326,75,1.3049385733333334,0.8359383831842788,0.0705609995956565,0.09350061722006468
A6_boundary_0625,T0_standard,0.625,1.0,1.0,134,1,1,1,0.9509063126073097,0.22887850749145572,0.9214498984614115,22.834532374100718,24,0.7835483333333334,0.01963727324679202,0.9509063126073097,0.029456414145898252
A6_boundary_0625,T0_standard,0.625,1.0,1.0,136,1,1,1,0.7134277925390585,0.6833947699954914,0.45163738487394034,97.82669789227167,102,1.6543439509803923,0.02478179979582339,0.7134277925390585,0.2617904076651182
A6_boundary_0625,T0_standard,0.625,1.0,1.0,138,1,1,1,0.4784857814735872,0.8893820180849203,0.022505609907092605,7.0,7,0.46868471428571423,0.06553404695991817,0.4784857814735872,0.4559801715664946
A6_boundary_0625,T0_standard,0.625,1.0,1.0,140,1,0,0,0.6141024606328542,0.9100018479698164,0.35332759967642957,11.0,11,0.4528042727272727,0.6141024606328542,0.26077486095642466,0.12512267841072122
A6_boundary_0625,T0_standard,0.625,1.0,1.0,145,1,1,1,0.9282230243508663,0.29534972879756494,0.8717075962073249,86.96832579185521,91,1.4519752857142858,0.015261547505592195,0.9282230243508663,0.05651542814354153
A6_boundary_0625,T0_standard,0.625,1.0,1.0,149,2,2,1,0.7240353989758077,0.7778276091891747,0.5672949621841825,13.699228791773779,14,0.40021921428571433,0.11922416423256714,0.15674043679162525,0.7240353989758077
A6_boundary_0625,T0_standard,0.625,1.0,1.0,150,2,2,1,0.7940841997034341,0.6508855496825097,0.6852174377392779,8.0,8,0.35506275,0.10886676196415626,0.09704903833240959,0.7940841997034341
A6_boundary_0625,T0_standard,0.625,1.0,1.0,151,2,2,1,0.923216378812379,0.322981711720284,0.8783906407838946,10.541076487252125,11,0.5133822727272727,0.044825738028484385,0.031957883159136745,0.923216378812379
A6_boundary_0625,T0_standard,0.625,1.0,1.0,152,2,2,1,0.7215999563980133,0.7808730826489774,0.5602643536140188,5.0,5,0.2464702,0.1613356027839945,0.11706444081799217,0.7215999563980133
A6_boundary_0625,T0_standard,0.625,1.0,1.0,160,2,2,1,0.9671549780576807,0.16638534436023963,0.9469526168077809,12.508684863523573,13,0.5016772307692308,0.012642660692419509,0.020202361249899842,0.9671549780576807
A6_boundary_0625,T0_standard,0.625,1.0,1.0,168,1,1,1,0.9049519959247271,0.37936199568061046,0.852163833772622,13.0,13,0.4162788461538462,0.05278816215210518,0.9049519959247271,0.04225984192316774
A6_boundary_0625,T0_standard,0.625,1.0,1.0,169,2,2,1,0.8758785559920556,0.4604088923100693,0.8073152838681852,10.713375796178344,11,0.44178781818181817,0.0685632721238704,0.05555817188407414,0.8758785559920556
A6_boundary_0625,T0_standard,0.625,1.0,1.0,174,2,2,1,0.768796998026423,0.6660476250357225,0.5913027543284886,5.0,5,0.3432982,0.17749424369793448,0.05370875827564248,0.768796998026423
A6_boundary_0625,T0_standard,0.625,1.0,1.0,176,2,2,1,0.8313774493652483,0.4783560093221081,0.668380805343431,28.40394088669951,30,0.8189938999999999,0.005625906612934458,0.16299664402181727,0.8313774493652483
A6_boundary_0625,T0_standard,0.625,1.0,1.0,178,2,2,1,0.9562151704970964,0.20643168153087926,0.9254413168586909,30.315007429420504,32,0.95442090625,0.013010975864498196,0.030773853638405475,0.9562151704970964
A6_boundary_0625,T0_standard,0.625,1.0,1.0,184,2,2,1,0.8440807753975206,0.5175679266569091,0.724560039025318,14.341463414634147,15,0.7859551333333333,0.11952073637220265,0.03639848823027679,0.8440807753975206
A6_boundary_0625,T0_standard,0.625,1.0,1.0,186,1,0,0,0.8113075627992129,0.6150520176888779,0.7145618219040467,14.341463414634147,15,0.6404765999999998,0.8113075627992129,0.09674574089516616,0.09194669630562079
A6_boundary_0625,T0_standard,0.625,1.0,1.0,187,2,2,1,0.7198651999291253,0.7509774406744084,0.5100993228423092,13.699228791773779,14,0.5083184285714285,0.20976587708681615,0.0703689229840585,0.7198651999291253
A6_boundary_0625,T0_standard,0.625,1.0,1.0,194,2,2,1,0.9723622182237825,0.13796695258096042,0.9487852377573763,11.523809523809524,12,0.537488,0.004060801309811153,0.023576980466406244,0.9723622182237825
A6_boundary_0625,T0_standard,0.625,1.0,1.0,198,1,1,1,0.5614998532326116,0.7975894449960347,0.1540066606715481,14.341463414634147,15,0.7177088000000001,0.40749319256106353,0.5614998532326116,0.031006954206324863
A6_boundary_0625,T0_standard,0.625,1.0,1.0,200,2,2,1,0.9102197184988793,0.3617998929163826,0.8548688037639359,5.0,5,0.2278204,0.05535091473494334,0.03442936676617733,0.9102197184988793
A6_boundary_0625,T0_standard,0.625,1.0,1.0,202,2,2,1,0.7813683647267319,0.6267219003687101,0.6011044553393494,21.08215297450425,22,0.5913674545454545,0.03836772588588565,0.18026390938738246,0.7813683647267319
A6_boundary_0625,T0_standard,0.625,1.0,1.0,205,1,1,1,0.8522809449050787,0.44986323944385076,0.7125705804851696,53.168539325842694,56,1.062304125,0.008008690675012219,0.8522809449050787,0.13971036441990906
A6_boundary_0625,T0_standard,0.625,1.0,1.0,206,2,2,1,0.6999496276023319,0.7198327392022987,0.4353206877452288,20.897959183673468,22,0.6087270454545455,0.03542143254056491,0.2646289398571031,0.6999496276023319
A6_boundary_0625,T0_standard,0.625,1.0,1.0,212,2,2,1,0.9128883178390067,0.35573963332467506,0.8649314001267351,24.615384615384617,26,0.8470876538461538,0.04795691771227165,0.039154764448721686,0.9128883178390067
A6_boundary_0625,T0_standard,0.625,1.0,1.0,214,2,2,1,0.9420485020671958,0.25218194765255075,0.897128745745974,43.575129533678755,46,1.0707565,0.013031741611582473,0.04491975632122186,0.9420485020671958
A6_boundary_0625,T0_standard,0.625,1.0,1.0,222,2,2,1,0.8375737726498454,0.5561408535246783,0.7532952096289142,4.0,4,0.5312697500000001,0.08427856302093133,0.07814766432922325,0.8375737726498454
A6_boundary_0625,T0_standard,0.625,1.0,1.0,229,1,1,1,0.7459148729286939,0.6103445321932057,0.5022756199329221,20.680851063829788,21,0.46933819047619046,0.010445874075534453,0.7459148729286939,0.24363925299577172
A6_boundary_0625,T0_standard,0.625,1.0,1.0,231,2,2,1,0.9732233663679187,0.13549199757902286,0.9509563707010394,5.0,5,0.4425108,0.004509637965202038,0.022266995666879282,0.9732233663679187
A6_boundary_0625,T0_standard,0.625,1.0,1.0,233,2,2,1,0.8850620993628255,0.43070019579088326,0.8096687041760247,63.68421052631579,67,1.22872771641791,0.03954450545037362,0.07539339518680088,0.8850620993628255
A6_boundary_0625,T0_standard,0.625,1.0,1.0,235,2,2,1,0.8681539882171068,0.4574143003235285,0.7638227640836586,24.03201024327785,25,0.58303204,0.027514787649445094,0.10433122413344822,0.8681539882171068
A6_boundary_0625,T0_standard,0.625,1.0,1.0,239,2,2,1,0.7775021017288276,0.679548013019792,0.6434025180964361,17.168316831683168,18,0.5865500555555556,0.1340995836323915,0.08839831463878106,0.7775021017288276
A6_boundary_0625,T0_standard,0.625,1.0,1.0,242,2,2,1,0.8170134092558758,0.5790651949501133,0.680023054785186,14.483443708609272,15,0.6072851333333332,0.13699035447068988,0.04599623627343433,0.8170134092558758
A6_boundary_0625,T0_standard,0.625,1.0,1.0,244,2,2,1,0.9308339117753609,0.2927397526621835,0.8813027911779636,103.3466967814794,108,1.5329172870370373,0.01963496762724178,0.04953112059739728,0.9308339117753609
A6_boundary_0625,T0_standard,0.625,1.0,1.0,245,2,2,1,0.9148900540331959,0.34931944283955085,0.8666944642802509,12.389140271493213,13,0.5391935384615386,0.048195589752945044,0.036914356213859044,0.9148900540331959
A6_boundary_0625,T0_standard,0.625,1.0,1.0,249,0,0,1,0.5639430922804635,0.9678617394729038,0.2814681008491941,30.29652996845426,32,0.737368,0.5639430922804635,0.1535819162882673,0.28247499143126936
A6_boundary_0625,T0_standard,0.625,1.0,1.0,253,0,0,1,0.8103845858615564,0.603955319054523,0.6806942093808261,89.77591530657256,94,1.2869785319148936,0.8103845858615564,0.0599250376577135,0.1296903764807302
A6_boundary_0625,T0_standard,0.625,1.0,1.0,259,1,0,0,0.6296249210699985,0.8757209851925216,0.3597975384890604,10.0,10,0.49205679999999996,0.6296249210699985,0.2698273825809381,0.10054769634906345
A6_boundary_0625,T0_standard,0.625,1.0,1.0,260,1,1,1,0.8968537736880257,0.3943289400013698,0.8239327963342,11.70796460176991,12,0.5609836666666668,0.03022524895814871,0.8968537736880257,0.07292097735382566
A6_boundary_0625,T0_standard,0.625,1.0,1.0,269,1,1,1,0.932247462255546,0.2872589589442175,0.8827433612838063,11.0,11,0.3788078181818182,0.01824843677271431,0.932247462255546,0.049504100971739684
A6_boundary_0625,T0_standard,0.625,1.0,1.0,270,1,1,1,0.9818073786559576,0.10331417185009349,0.9713147041986849,7.0,7,0.36814757142857146,0.01049267445727259,0.9818073786559576,0.007699946886769818
A6_boundary_0625,T0_standard,0.625,1.0,1.0,271,2,2,1,0.5102899094788373,1.0078668359148977,0.18862000915037358,4.0,4,0.6352672500000001,0.32166990032846376,0.16804019019269895,0.5102899094788373
A6_boundary_0625,T0_standard,0.625,1.0,1.0,276,1,2,0,0.7748450584707948,0.5969739258911516,0.568052958082212,8.0,8,0.425745125,0.018362841140622393,0.2067921003885828,0.7748450584707948
A6_boundary_0625,T0_standard,0.625,1.0,1.0,278,1,1,1,0.8887539434053091,0.37465737120802056,0.7842903845112519,9.719723183391004,10,0.49930959999999996,0.006782497700633607,0.8887539434053091,0.10446355889405719
A6_boundary_0625,T0_standard,0.625,1.0,1.0,290,2,2,1,0.9180086681265989,0.32917073397766405,0.8560288305736151,10.448979591836734,11,0.6727623636363637,0.02001149432041736,0.061979837552983724,0.9180086681265989
A6_boundary_0625,T0_standard,0.625,1.0,1.0,293,2,2,1,0.8377650673155492,0.4782657819770651,0.6845782947939429,17.093023255813954,18,0.6691911666666666,0.009048160162844373,0.15318677252160634,0.8377650673155492
A6_boundary_0625,T0_standard,0.625,1.0,1.0,297,2,2,1,0.6356651317673456,0.9076948690300841,0.44209326337458243,9.719723183391004,10,0.4448850999999999,0.1935718683927632,0.17076299983989118,0.6356651317673456
A6_boundary_0625,T0_standard,0.625,1.0,1.0,298,2,2,1,0.8295890074909124,0.5518782492142279,0.7013401242112931,15.223021582733812,16,0.6169322500000001,0.04216210922946832,0.1282488832796193,0.8295890074909124
A6_boundary_0625,T0_standard,0.625,1.0,1.0,299,1,1,1,0.8851550616895345,0.3854499366183201,0.7782699155392043,16.19449225473322,17,0.6325850000000001,0.007959792160135214,0.8851550616895345,0.10688514615033014
A6_boundary_0625,T0_standard,0.625,1.0,1.0,304,1,1,1,0.9805737814276864,0.10867353376541972,0.9684804232488239,20.897959183673468,22,0.6175126818181818,0.00733286039345109,0.9805737814276864,0.012093358178862505
A6_boundary_0625,T0_standard,0.625,1.0,1.0,308,2,2,1,0.8647843548744063,0.46416898326491807,0.7568466415291185,19.894736842105264,21,0.744395857142857,0.02727793178030585,0.10793771334528778,0.8647843548744063
A6_boundary_0625,T0_standard,0.625,1.0,1.0,311,1,1,1,0.7154230362306984,0.651068057918299,0.4441853657677783,23.902439024390244,25,0.62898604,0.013339293306381627,0.7154230362306984,0.2712376704629201
A6_boundary_0625,T0_standard,0.625,1.0,1.0,314,1,1,1,0.9487129496927991,0.22569961268064792,0.9061642437479765,9.0,9,0.4122361111111112,0.008738344362378357,0.9487129496927991,0.042548705944822504
A6_boundary_0625,T0_standard,0.625,1.0,1.0,321,2,2,1,0.8130697451679179,0.5843218512824127,0.6706291267296788,4.0,4,0.34794725,0.04448963639384305,0.1424406184382391,0.8130697451679179
A6_boundary_0625,T0_standard,0.625,1.0,1.0,322,1,1,1,0.8484190096668156,0.47699635994496004,0.7130511975226321,12.389140271493213,13,0.5984578461538462,0.016213178189001008,0.8484190096668156,0.13536781214418347
A6_boundary_0625,T0_standard,0.625,1.0,1.0,324,1,2,0,0.6684688200434381,0.7038931509987804,0.3544823594097052,7.0,7,0.3544742857142857,0.01754471932282879,0.3139864606337329,0.6684688200434381
A6_boundary_0625,T0_standard,0.625,1.0,1.0,326,2,2,1,0.8918494843945448,0.39103179736262617,0.8015213471230507,7.0,7,0.42478699999999997,0.017822378333961057,0.09032813727149418,0.8918494843945448
A6_boundary_0625,T0_standard,0.625,1.0,1.0,327,1,1,1,0.8355431597647011,0.4641229537894638,0.6746383709311143,9.0,9,0.38338188888888886,0.003552051401712343,0.8355431597647011,0.16090478883358666
A6_boundary_0625,T0_standard,0.625,1.0,1.0,329,1,1,1,0.7829689141388625,0.6626583039466615,0.6403512210361901,6.0,6,0.44581633333333337,0.14261769310267236,0.7829689141388625,0.07441339275846506
A6_boundary_0625,T0_standard,0.625,1.0,1.0,331,1,1,1,0.5509414150192209,0.7735024006857799,0.12312809360486643,7.0,7,0.4697390000000001,0.021245263566424546,0.5509414150192209,0.42781332141435446
A6_boundary_0625,T0_standard,0.625,1.0,1.0,332,2,2,1,0.6483757236831773,0.891567656801486,0.46224416242106003,17.093023255813954,18,0.71271,0.16549271505470545,0.18613156126211727,0.6483757236831773
A6_boundary_0625,T0_standard,0.625,1.0,1.0,334,1,1,1,0.9194843960863044,0.29923779054068755,0.8441447486102218,16.19449225473322,17,0.6182341764705882,0.005175956437613137,0.9194843960863044,0.0753396474760826
A6_boundary_0625,T0_standard,0.625,1.0,1.0,338,1,0,0,0.8397286678916651,0.5510933242524312,0.7565204813368399,157.49233606085053,163,1.9818752024539878,0.8397286678916651,0.08320818655482524,0.07706314555350967
A6_boundary_0625,T0_standard,0.625,1.0,1.0,339,1,0,0,0.7539433007361843,0.7166849669376318,0.593074016115771,57.795190069821565,61,0.9155766885245903,0.7539433007361843,0.08518741464340257,0.16086928462041325
A6_boundary_0625,T0_standard,0.625,1.0,1.0,340,0,0,1,0.8264481507699933,0.5793430741529487,0.7251922396032928,74.53370340999207,78,1.3844180128205126,0.8264481507699933,0.1012559111667005,0.07229593806330621
A6_boundary_0625,T0_standard,0.625,1.0,1.0,347,0,0,1,0.5931580292139298,0.9575871645565146,0.38516645729091,14.0,14,0.44679828571428576,0.5931580292139298,0.19885039886305042,0.2079915719230198
A6_boundary_0625,T0_standard,0.625,1.0,1.0,360,2,2,1,0.8427985290247554,0.4851786625289486,0.7008991152255375,11.523809523809524,12,0.5786047499999999,0.015302057176026559,0.14189941379921794,0.8427985290247554
A6_boundary_0625,T0_standard,0.625,1.0,1.0,361,2,2,1,0.7071230746040649,0.7736213542884537,0.4914345315046714,9.719723183391004,10,0.5130506,0.07718838229654183,0.21568854309939345,0.7071230746040649
A6_boundary_0625,T0_standard,0.625,1.0,1.0,362,2,2,1,0.8572317254198106,0.5086507986974484,0.7814939875101153,10.713375796178344,11,0.5684201818181817,0.06703053667049409,0.07573773790969533,0.8572317254198106
A6_boundary_0625,T0_standard,0.625,1.0,1.0,366,0,0,1,0.8938630966386603,0.40647145304332144,0.8239221883893648,6.0,6,0.3645646666666667,0.8938630966386603,0.036195995112044306,0.06994090824929548
A6_boundary_0625,T0_standard,0.625,1.0,1.0,374,0,0,1,0.923848934929276,0.3219355707047009,0.8836803873425727,17.285714285714285,18,0.5402341666666667,0.923848934929276,0.040168547586703345,0.03598251748402061
A6_boundary_0625,T0_standard,0.625,1.0,1.0,376,0,0,1,0.917523369390296,0.34130135633793446,0.8711385039603443,17.285714285714285,18,0.5590460555555555,0.917523369390296,0.04638486542995168,0.03609176517975236
A6_boundary_0625,T0_standard,0.625,1.0,1.0,378,0,0,1,0.9102281564269539,0.36398892498451263,0.8620220962255564,15.69248291571754,16,0.487147875,0.9102281564269539,0.041565783371648596,0.048206060201397546
A6_boundary_0625,T0_standard,0.625,1.0,1.0,380,0,0,1,0.9185852794587058,0.3386118392526741,0.8767432640007347,18.27027027027027,19,0.48924563157894735,0.9185852794587058,0.041842015457971185,0.039572705083322925
A6_boundary_0625,T0_standard,0.625,1.0,1.0,387,0,0,1,0.867784522297707,0.4740200198334644,0.7786361726117089,41.7752808988764,44,1.1116842272727274,0.867784522297707,0.04306712801629495,0.08914834968599808
A6_boundary_0625,T0_standard,0.625,1.0,1.0,388,0,0,1,0.8427820508431749,0.5417883160706568,0.7510101157839755,21.81132075471698,23,0.6896618260869564,0.8427820508431749,0.06544601409762556,0.09177193505919948
A6_boundary_0625,T0_standard,0.625,1.0,1.0,389,0,0,1,0.9187094927547297,0.33597781333969406,0.8684861522074006,22.736842105263158,24,0.8380092500000001,0.9187094927547297,0.050223340547329104,0.03106716669794124
A6_boundary_0625,T0_standard,0.625,1.0,1.0,391,0,0,1,0.9206808431190784,0.3302687912405999,0.8725708994993371,32.19484240687679,34,0.927025911764706,0.9206808431190784,0.04810994361974134,0.031209213261180247
A6_boundary_0625,T0_standard,0.625,1.0,1.0,400,0,0,1,0.9185232659912188,0.3387171395510551,0.8755784290943587,14.341463414634147,15,0.5019540666666668,0.9185232659912188,0.03853189711192119,0.04294483689686012
A6_boundary_0625,T0_standard,0.625,1.0,1.0,403,0,0,1,0.8942912866798381,0.4105753946690748,0.8386737263807171,12.508684863523573,13,0.619328,0.8942912866798381,0.0500911530210408,0.05561756029912105
A6_boundary_0625,T0_standard,0.625,1.0,1.0,405,0,0,1,0.7669618296748767,0.6435185640767611,0.570098436295057,44.646612979630504,47,1.081583680851064,0.7669618296748767,0.03617477694530363,0.19686339337981973
A6_boundary_0625,T0_standard,0.625,1.0,1.0,411,2,2,1,0.8752257779797387,0.4628117898738672,0.8122426177038314,3.0,3,0.201223,0.061791061744354045,0.06298316027590721,0.8752257779797387
A6_boundary_0625,T0_standard,0.625,1.0,1.0,413,0,0,1,0.902840983436595,0.3860550280434946,0.8522184874006133,78.87420042643923,83,1.1146613373493979,0.902840983436595,0.050622496035981734,0.04653652052742328
A6_boundary_0625,T0_standard,0.625,1.0,1.0,421,0,0,1,0.8347082467501229,0.5576239657346075,0.7312671926470088,56.82147477360932,60,0.8280121,0.8347082467501229,0.06185069914676309,0.10344105410311409
A6_boundary_0625,T0_standard,0.625,1.0,1.0,422,0,0,1,0.9091813158266541,0.3672984607768264,0.8618646964537819,68.28023032629558,72,0.9631183333333332,0.9091813158266541,0.04731661937287207,0.043502064800473826
A6_boundary_0625,T0_standard,0.625,1.0,1.0,426,0,0,1,0.9091968119162617,0.3632452149952391,0.8502766200523088,36.971377459749554,39,1.0525164615384617,0.9091968119162617,0.058920191863952934,0.03188299621978551
A6_boundary_0625,T0_standard,0.625,1.0,1.0,429,0,0,1,0.8968048769032507,0.40344636082456165,0.8426155819375336,62.94252873563219,66,1.4506720606060608,0.8968048769032507,0.05418929496571717,0.04900582813103208
A6_boundary_0625,T0_standard,0.625,1.0,1.0,430,0,0,1,0.8784904584006933,0.4537967562139409,0.8131322749337188,66.80471782621679,70,1.3141251428571425,0.8784904584006933,0.05615135813233219,0.0653581834669745
A6_boundary_0625,T0_standard,0.625,1.0,1.0,432,0,0,1,0.8630753318720392,0.49395297473642225,0.7901029602683065,94.70210135970333,99,1.6191042626262624,0.8630753318720392,0.07297237160373274,0.06395229652422807
A6_boundary_0625,T0_standard,0.625,1.0,1.0,433,0,0,1,0.8732636906695848,0.4664131783822234,0.7999453769120666,62.76119402985075,66,1.1340002424242426,0.8732636906695848,0.07331831375751814,0.053417995572897094
A6_boundary_0625,T0_standard,0.625,1.0,1.0,438,0,0,1,0.9189220463000194,0.33629567301867197,0.8711498614686201,154.41202936301207,160,2.0565121187499997,0.9189220463000194,0.04777218483139931,0.03330576886858143
A6_boundary_0625,T0_standard,0.625,1.0,1.0,439,0,0,1,0.9142403685081483,0.34874089927336527,0.8595085477112808,138.53354890864995,144,1.8719137986111112,0.9142403685081483,0.054731820796867475,0.031027810694984132
A6_boundary_0625,T0_standard,0.625,1.0,1.0,452,1,1,1,0.8854751954108177,0.38813255776945,0.7802497293118635,15.321083172147002,16,0.5164338125,0.009299338490228301,0.8854751954108177,0.10522546609895411
A3_boundary_025,T0_standard,0.25,1.0,1.0,1,1,1,1,0.9598480248781484,0.19540780435517174,0.9356551325893993,157.66510976179356,191,1.7893955968586386,0.015959082833102427,0.9598480248781484,0.024192892288749056
A3_boundary_025,T0_standard,0.25,1.0,1.0,2,0,2,0,0.5818922034496591,0.9594799688293062,0.3272896992141583,20.215311004784688,29,0.9194155862068966,0.16350529231484018,0.2546025042355008,0.5818922034496591
A3_boundary_025,T0_standard,0.25,1.0,1.0,7,0,0,1,0.5170354376687815,0.8596776797091004,0.08708053007215288,52.9,70,1.2559205428571434,0.5170354376687815,0.05300965473458989,0.4299549075966286
A3_boundary_025,T0_standard,0.25,1.0,1.0,8,0,0,1,0.8707428182605634,0.44767134404690523,0.765942157894262,52.89908256880734,69,1.4160222753623186,0.8707428182605634,0.024456521373135164,0.10480066036630147
A3_boundary_025,T0_standard,0.25,1.0,1.0,9,0,0,1,0.8781768060441932,0.45310723276039677,0.8066027945265438,76.4521384928717,97,1.6381157731958764,0.8781768060441932,0.05024918243815739,0.07157401151764943
A3_boundary_025,T0_standard,0.25,1.0,1.0,12,0,0,1,0.9366388851470687,0.2799556035391174,0.9033639382908608,48.50260869565217,65,1.1779163384615385,0.9366388851470687,0.03327494685620792,0.030086167996723295
A3_boundary_025,T0_standard,0.25,1.0,1.0,15,1,1,1,0.9471624801380749,0.2366234681391805,0.9076479860576315,27.034129692832764,38,1.0010864210526318,0.013323025781481626,0.9471624801380749,0.03951449408044335
A3_boundary_025,T0_standard,0.25,1.0,1.0,18,1,0,0,0.9173931753381492,0.34229263364654644,0.874562562648846,73.9641693811075,96,1.3256457604166665,0.9173931753381492,0.04283061268930318,0.03977621197254752
A3_boundary_025,T0_standard,0.25,1.0,1.0,22,1,1,1,0.9374194636931444,0.2625374003129409,0.8854764183683005,12.297872340425531,19,0.8067329999999999,0.01063749098201163,0.9374194636931444,0.05194304532484398
A3_boundary_025,T0_standard,0.25,1.0,1.0,28,1,1,1,0.7156648135686994,0.6870329246669153,0.4586809952697133,13.5,21,0.7458260476190477,0.027351368132314632,0.7156648135686994,0.2569838182989861
A3_boundary_025,T0_standard,0.25,1.0,1.0,29,1,2,0,0.4846206967667427,0.839364077046135,0.011715732434748438,9.142857142857142,13,0.504573923076923,0.04247433890126308,0.47290496433199425,0.4846206967667427
A3_boundary_025,T0_standard,0.25,1.0,1.0,32,0,0,1,0.5967978861227057,0.9261122657511027,0.32139602479847185,92.67134599504541,116,1.5386575431034482,0.5967978861227057,0.12780025255306035,0.27540186132423383
A3_boundary_025,T0_standard,0.25,1.0,1.0,35,0,0,1,0.5727421453768059,0.972217705086038,0.3220537569108485,22.55778894472362,34,0.681779294117647,0.5727421453768059,0.17656946615723682,0.2506883884659574
A3_boundary_025,T0_standard,0.25,1.0,1.0,37,0,0,1,0.9105567335453468,0.3610240745675192,0.8559100193227831,149.67933966983492,184,1.7882877282608698,0.9105567335453468,0.05464671422256371,0.03479655223208943
A3_boundary_025,T0_standard,0.25,1.0,1.0,38,0,0,1,0.8729264057946888,0.4664293980718147,0.7969862843993932,26.08303249097473,37,0.9075333243243243,0.8729264057946888,0.05113347281001554,0.07594012139529556
A3_boundary_025,T0_standard,0.25,1.0,1.0,39,0,0,1,0.8849290188157631,0.4365817304158729,0.8242923297913128,22.736842105263158,33,0.8299917878787879,0.8849290188157631,0.06063668902445031,0.054434292159786395
A3_boundary_025,T0_standard,0.25,1.0,1.0,41,0,0,1,0.9079853553780035,0.36595872249046013,0.8469569893688011,54.378102189781025,70,1.2843535142857143,0.9079853553780035,0.06102836600920241,0.03098627861279403
A3_boundary_025,T0_standard,0.25,1.0,1.0,44,0,0,1,0.8688022846079181,0.4792228930061593,0.7982551035803428,16.105882352941176,25,0.5948057999999999,0.8688022846079181,0.0705471810275753,0.060650534364506604
A3_boundary_025,T0_standard,0.25,1.0,1.0,49,1,0,0,0.5784879939462323,0.9461047537674099,0.2933299914964405,16.0,16,0.37066231250000004,0.5784879939462323,0.1363540036039759,0.2851580024497918
A3_boundary_025,T0_standard,0.25,1.0,1.0,51,0,0,1,0.6500683868649592,0.814216462451433,0.3643585837168192,12.0,18,0.5287885,0.6500683868649592,0.06422180998690083,0.28570980314814
A3_boundary_025,T0_standard,0.25,1.0,1.0,55,0,0,1,0.9163098313019931,0.3454555319512497,0.8712652309345903,25.03448275862069,39,0.6499513846153847,0.9163098313019931,0.04504460036740276,0.03864556833060404
A3_boundary_025,T0_standard,0.25,1.0,1.0,60,0,0,1,0.9300935306432091,0.29722112245794013,0.882559714707645,38.21052631578947,51,1.224436588235294,0.9300935306432091,0.04753381593556404,0.02237265342122688
A3_boundary_025,T0_standard,0.25,1.0,1.0,61,0,0,1,0.8884191453614222,0.4267228528032351,0.8277516509656334,23.14814814814815,33,0.9699814242424242,0.8884191453614222,0.050913360242788974,0.06066749439578877
A3_boundary_025,T0_standard,0.25,1.0,1.0,71,2,2,1,0.9178340537329733,0.3360354603439444,0.862642179108314,9.090909090909092,14,0.6911514999999999,0.05519187462465932,0.02697407164236742,0.9178340537329733
A3_boundary_025,T0_standard,0.25,1.0,1.0,75,0,1,0,0.6058336684912117,0.7966790189858951,0.2501641562376907,12.297872340425531,19,0.7114136315789473,0.03849681925526745,0.6058336684912117,0.35566951225352095
A3_boundary_025,T0_standard,0.25,1.0,1.0,77,0,0,1,0.780235888864411,0.672006178626868,0.6429010985575172,9.0,9,0.3371106666666667,0.780235888864411,0.08242932082869533,0.1373347903068938
A3_boundary_025,T0_standard,0.25,1.0,1.0,84,2,2,1,0.7434586556156375,0.617380803785146,0.49875489717213684,8.0,8,0.40794074999999996,0.011837585940861811,0.24470375844350065,0.7434586556156375
A3_boundary_025,T0_standard,0.25,1.0,1.0,85,2,0,0,0.5952479377862306,0.8709908091562307,0.26691701200521745,6.4,10,0.6327266,0.5952479377862306,0.07642113643275615,0.3283309257810132
A3_boundary_025,T0_standard,0.25,1.0,1.0,86,0,2,0,0.9479519735287191,0.23058125221821052,0.906338359710887,9.090909090909092,14,0.5406887857142857,0.010434412653448865,0.041613613817832046,0.9479519735287191
A3_boundary_025,T0_standard,0.25,1.0,1.0,87,0,2,0,0.6304401299154012,0.7865928229205607,0.301442761919526,7.0,7,0.5237958571428571,0.3289973679958752,0.040562502088723536,0.6304401299154012
A3_boundary_025,T0_standard,0.25,1.0,1.0,88,0,0,1,0.5108560073376072,0.8483989312074575,0.06903537230916501,8.0,8,0.40546887499999995,0.5108560073376072,0.04732335763395064,0.44182063502844215
A3_boundary_025,T0_standard,0.25,1.0,1.0,89,0,2,0,0.6644108175272845,0.7801902272614718,0.3793142502712222,7.0,7,0.3756504285714285,0.2850965672560623,0.050492615216653235,0.6644108175272845
A3_boundary_025,T0_standard,0.25,1.0,1.0,90,0,2,0,0.568534285028603,0.8855545801897144,0.21370957822160946,6.0,9,0.6029300000000001,0.3548247068069936,0.07664100816440345,0.568534285028603
A3_boundary_025,T0_standard,0.25,1.0,1.0,93,0,0,1,0.5638380103606194,0.919633592286304,0.2275370969546724,7.048780487804878,11,0.3752034545454545,0.5638380103606194,0.09986107623343353,0.33630091340594703
A3_boundary_025,T0_standard,0.25,1.0,1.0,98,0,0,1,0.7267269495683005,0.7058715988269372,0.49671768357653623,17.0,17,0.4362414705882353,0.7267269495683005,0.043263784439935046,0.23000926599176433
A3_boundary_025,T0_standard,0.25,1.0,1.0,101,0,0,1,0.8566440317249738,0.5040892572996483,0.763895100513948,13.0,13,0.519376153846154,0.8566440317249738,0.05060703706400022,0.09274893121102583
A3_boundary_025,T0_standard,0.25,1.0,1.0,102,0,0,1,0.9091070989754442,0.3674266773828668,0.8608470822176494,12.0,12,0.54038,0.9091070989754442,0.04826001675779483,0.04263288426676099
A3_boundary_025,T0_standard,0.25,1.0,1.0,106,0,0,1,0.4765845238939671,0.8882373324790758,0.018072928208306305,79.38582677165354,101,1.456544306930693,0.4765845238939671,0.06490388042037205,0.4585115956856608
A3_boundary_025,T0_standard,0.25,1.0,1.0,118,0,0,1,0.8378761652966918,0.5375185595759391,0.7193087757694538,18.75,27,0.771531037037037,0.8378761652966918,0.04355644517607017,0.11856738952723803
A3_boundary_025,T0_standard,0.25,1.0,1.0,119,0,0,1,0.9009309142370443,0.3913110557606856,0.8469976868955458,75.4453781512605,97,1.3621651546391753,0.9009309142370443,0.053933227341498496,0.04513585842145726
A3_boundary_025,T0_standard,0.25,1.0,1.0,120,0,0,1,0.9010705632557949,0.38845171224014663,0.8397996705296447,59.765957446808514,77,1.3922861558441562,0.9010705632557949,0.03765854401805487,0.06127089272615024
A3_boundary_025,T0_standard,0.25,1.0,1.0,123,0,0,1,0.8992081815375275,0.3874676402702032,0.8275973330248013,15.114285714285714,20,0.5155320999999999,0.8992081815375275,0.07161084851272616,0.029180969949746297
A3_boundary_025,T0_standard,0.25,1.0,1.0,124,0,0,1,0.9111309055754777,0.36100240391800476,0.8619384425969409,32.17981072555205,47,0.8481854893617022,0.9111309055754777,0.04919246297853686,0.039676631445985475
A3_boundary_025,T0_standard,0.25,1.0,1.0,129,0,0,1,0.8791542832351652,0.45221766304404354,0.8156930670840186,48.00696864111498,64,1.315091625,0.8791542832351652,0.0634612161511467,0.05738450061368823
A3_boundary_025,T0_standard,0.25,1.0,1.0,130,0,0,1,0.8553320355556842,0.5129611391182235,0.7760803813071833,57.306382978723406,75,1.3049385733333334,0.8553320355556842,0.0654163101958148,0.07925165424850093
A3_boundary_025,T0_standard,0.25,1.0,1.0,134,1,1,1,0.9608180368551027,0.19133572459692078,0.9364861215514018,15.473684210526315,24,0.7835483333333334,0.014850047841196385,0.9608180368551027,0.024331915303700973
A3_boundary_025,T0_standard,0.25,1.0,1.0,136,1,1,1,0.7073895703474884,0.6770048238546675,0.4346147204195371,82.41758241758242,102,1.6543439509803923,0.019835579724560144,0.7073895703474884,0.2727748499279513
A3_boundary_025,T0_standard,0.25,1.0,1.0,138,1,1,1,0.4784857814735872,0.8893820180849203,0.022505609907092605,7.0,7,0.46868471428571423,0.06553404695991817,0.4784857814735872,0.4559801715664946
A3_boundary_025,T0_standard,0.25,1.0,1.0,140,1,0,0,0.6141024606328542,0.9100018479698164,0.35332759967642957,11.0,11,0.4528042727272727,0.6141024606328542,0.26077486095642466,0.12512267841072122
A3_boundary_025,T0_standard,0.25,1.0,1.0,145,1,1,1,0.94930659599064,0.22781217379858043,0.9102087495036366,71.54585152838428,91,1.4519752857142858,0.011595557522356513,0.94930659599064,0.03909784648700343
A3_boundary_025,T0_standard,0.25,1.0,1.0,149,2,2,1,0.7570394565166211,0.7205707263648682,0.6188513582156572,9.96551724137931,14,0.40021921428571433,0.10477244518241494,0.13818809830096396,0.7570394565166211
A3_boundary_025,T0_standard,0.25,1.0,1.0,150,2,2,1,0.7940841997034341,0.6508855496825097,0.6852174377392779,8.0,8,0.35506275,0.10886676196415626,0.09704903833240959,0.7940841997034341
A3_boundary_025,T0_standard,0.25,1.0,1.0,151,2,2,1,0.9130997639153795,0.3523046297864518,0.857864641822832,7.048780487804878,11,0.5133822727272727,0.055235122092547495,0.031665113992073,0.9130997639153795
A3_boundary_025,T0_standard,0.25,1.0,1.0,152,2,2,1,0.7215999563980133,0.7808730826489774,0.5602643536140188,5.0,5,0.2464702,0.1613356027839945,0.11706444081799217,0.7215999563980133
A3_boundary_025,T0_standard,0.25,1.0,1.0,160,2,2,1,0.9702963520770278,0.1530758775051365,0.9512110718699329,8.395348837209303,13,0.5016772307692308,0.010618367715877413,0.019085280207094827,0.9702963520770278
A3_boundary_025,T0_standard,0.25,1.0,1.0,168,1,1,1,0.9049519959247271,0.37936199568061046,0.852163833772622,13.0,13,0.4162788461538462,0.05278816215210518,0.9049519959247271,0.04225984192316774
A3_boundary_025,T0_standard,0.25,1.0,1.0,169,2,2,1,0.8743256664222321,0.4632614982025507,0.8005054155346043,7.538461538461538,11,0.44178781818181817,0.07382025088762777,0.05185408269014,0.8743256664222321
A3_boundary_025,T0_standard,0.25,1.0,1.0,174,2,2,1,0.768796998026423,0.6660476250357225,0.5913027543284886,5.0,5,0.3432982,0.17749424369793448,0.05370875827564248,0.768796998026423
A3_boundary_025,T0_standard,0.25,1.0,1.0,176,2,2,1,0.8383310009355449,0.4657078134603483,0.6819484019414079,20.742857142857144,30,0.8189938999999999,0.005286400070317942,0.15638259899413703,0.8383310009355449
A3_boundary_025,T0_standard,0.25,1.0,1.0,178,2,2,1,0.9593628784922499,0.19526196835300766,0.9315002395530233,22.628099173553718,32,0.95442090625,0.012774482568523557,0.027862638939226542,0.9593628784922499
A3_boundary_025,T0_standard,0.25,1.0,1.0,184,2,2,1,0.8815666159388013,0.4313611447680594,0.7936409192474934,9.6,15,0.7859551333333333,0.08792569669130787,0.03050768736989095,0.8815666159388013
A3_boundary_025,T0_standard,0.25,1.0,1.0,186,1,0,0,0.8117256421722715,0.6129731790047097,0.7067973411926006,9.6,15,0.6404765999999998,0.8117256421722715,0.08334605684805758,0.10492830097967086
A3_boundary_025,T0_standard,0.25,1.0,1.0,187,2,2,1,0.747251917575044,0.7149670267772897,0.565025204680842,9.96551724137931,14,0.5083184285714285,0.18222671289420186,0.07052136953075408,0.747251917575044
A3_boundary_025,T0_standard,0.25,1.0,1.0,194,2,2,1,0.9726471967088764,0.13678995203895608,0.9492895643554575,7.714285714285714,12,0.537488,0.003995170937704584,0.0233576323534189,0.9726471967088764
A3_boundary_025,T0_standard,0.25,1.0,1.0,198,1,1,1,0.5695036693729375,0.811339513614976,0.17673993430896545,9.6,15,0.7177088000000001,0.39276373506397205,0.5695036693729375,0.03773259556309044
A3_boundary_025,T0_standard,0.25,1.0,1.0,200,2,2,1,0.9102197184988793,0.3617998929163826,0.8548688037639359,5.0,5,0.2278204,0.05535091473494334,0.03442936676617733,0.9102197184988793
A3_boundary_025,T0_standard,0.25,1.0,1.0,202,2,2,1,0.780305864871711,0.6117913702489872,0.5893743566185227,14.097560975609756,22,0.5913674545454545,0.028762626875100488,0.1909315082531884,0.780305864871711
A3_boundary_025,T0_standard,0.25,1.0,1.0,205,1,1,1,0.898726425268949,0.3542463011083077,0.8048096884033487,41.1764705882353,56,1.062304125,0.007356837865450554,0.898726425268949,0.09391673686560036
A3_boundary_025,T0_standard,0.25,1.0,1.0,206,2,2,1,0.7296373063318686,0.6704196313841426,0.4858171273893688,14.285714285714286,22,0.6087270454545455,0.02654251472563164,0.24382017894249983,0.7296373063318686
A3_boundary_025,T0_standard,0.25,1.0,1.0,212,2,2,1,0.9333897229297784,0.29087266131623424,0.8984602707121588,17.818181818181817,26,0.8470876538461538,0.034929452217619575,0.03168082485260196,0.9333897229297784
A3_boundary_025,T0_standard,0.25,1.0,1.0,214,2,2,1,0.9461568495409137,0.23592338668528684,0.9025883118366965,32.47398843930636,46,1.0707565,0.010274612754869053,0.043568537704217244,0.9461568495409137
A3_boundary_025,T0_standard,0.25,1.0,1.0,222,2,2,1,0.8375737726498454,0.5561408535246783,0.7532952096289142,4.0,4,0.5312697500000001,0.08427856302093133,0.07814766432922325,0.8375737726498454
A3_boundary_025,T0_standard,0.25,1.0,1.0,229,1,1,1,0.7693651525312021,0.5804645237725791,0.548492001448627,16.0,21,0.46933819047619046,0.009761696386222755,0.7693651525312021,0.22087315108257516
A3_boundary_025,T0_standard,0.25,1.0,1.0,231,2,2,1,0.9732233663679187,0.13549199757902286,0.9509563707010394,5.0,5,0.4425108,0.004509637965202038,0.022266995666879282,0.9732233663679187
A3_boundary_025,T0_standard,0.25,1.0,1.0,233,2,2,1,0.9049551038058736,0.3732515139992849,0.8398203104172235,49.972972972972975,67,1.22872771641791,0.029910102805476204,0.06513479338865019,0.9049551038058736
A3_boundary_025,T0_standard,0.25,1.0,1.0,235,2,2,1,0.860561196802474,0.4734563682096036,0.7488213147910577,16.105882352941176,25,0.58303204,0.027698921186109737,0.11173988201141628,0.860561196802474
A3_boundary_025,T0_standard,0.25,1.0,1.0,239,2,2,1,0.8396296631630757,0.549374202390461,0.7465903318389491,11.538461538461538,18,0.5865500555555556,0.09303933132412662,0.06733100551279755,0.8396296631630757
A3_boundary_025,T0_standard,0.25,1.0,1.0,242,2,2,1,0.8160204551709634,0.5792314504516998,0.676605474908015,9.8,15,0.6072851333333332,0.13941498026294835,0.04456456456608813,0.8160204551709634
A3_boundary_025,T0_standard,0.25,1.0,1.0,244,2,2,1,0.9314936605345256,0.29060041597748243,0.8824055395993432,85.78706199460916,108,1.5329172870370373,0.01941821853029187,0.049088120935182486,0.9314936605345256
A3_boundary_025,T0_standard,0.25,1.0,1.0,245,2,2,1,0.9145829946452816,0.34926982665558587,0.8632811124465388,8.344827586206897,13,0.5391935384615386,0.051301882198742765,0.0341151231559757,0.9145829946452816
A3_boundary_025,T0_standard,0.25,1.0,1.0,249,0,0,1,0.6495955448005815,0.879398069084047,0.43037156502315427,21.81132075471698,32,0.737368,0.6495955448005815,0.13118047542199127,0.2192239797774272
A3_boundary_025,T0_standard,0.25,1.0,1.0,253,0,0,1,0.849753495485943,0.5226681645866755,0.7561140161698261,73.49464668094218,94,1.2869785319148936,0.849753495485943,0.05660702519794012,0.09363947931611691
A3_boundary_025,T0_standard,0.25,1.0,1.0,259,1,0,0,0.6296249210699985,0.8757209851925216,0.3597975384890604,10.0,10,0.49205679999999996,0.6296249210699985,0.2698273825809381,0.10054769634906345
A3_boundary_025,T0_standard,0.25,1.0,1.0,260,1,1,1,0.9105892997519494,0.35536994167896746,0.8475134747974287,8.333333333333334,12,0.5609836666666668,0.02633487529352977,0.9105892997519494,0.06307582495452069
A3_boundary_025,T0_standard,0.25,1.0,1.0,269,1,1,1,0.932247462255546,0.2872589589442175,0.8827433612838063,11.0,11,0.3788078181818182,0.01824843677271431,0.932247462255546,0.049504100971739684
A3_boundary_025,T0_standard,0.25,1.0,1.0,270,1,1,1,0.9818073786559576,0.10331417185009349,0.9713147041986849,7.0,7,0.36814757142857146,0.01049267445727259,0.9818073786559576,0.007699946886769818
A3_boundary_025,T0_standard,0.25,1.0,1.0,271,2,2,1,0.5102899094788373,1.0078668359148977,0.18862000915037358,4.0,4,0.6352672500000001,0.32166990032846376,0.16804019019269895,0.5102899094788373
A3_boundary_025,T0_standard,0.25,1.0,1.0,276,1,2,0,0.7748450584707948,0.5969739258911516,0.568052958082212,8.0,8,0.425745125,0.018362841140622393,0.2067921003885828,0.7748450584707948
A3_boundary_025,T0_standard,0.25,1.0,1.0,278,1,1,1,0.8742222371263674,0.40484982385807167,0.7552852420012565,6.76,10,0.49930959999999996,0.006840767748521571,0.8742222371263674,0.11893699512511094
A3_boundary_025,T0_standard,0.25,1.0,1.0,290,2,2,1,0.9262840430272741,0.3024591748891901,0.8691621696151194,7.142857142857143,11,0.6727623636363637,0.016594083560571203,0.057121873412154675,0.9262840430272741
A3_boundary_025,T0_standard,0.25,1.0,1.0,293,2,2,1,0.8793451480747495,0.39937585417612187,0.7673480712710826,11.709677419354838,18,0.6691911666666666,0.0086577751215837,0.11199707680366688,0.8793451480747495
A3_boundary_025,T0_standard,0.25,1.0,1.0,297,2,2,1,0.6318453327458318,0.9096808375864739,0.422531461684594,6.76,10,0.4448850999999999,0.20931387106123775,0.15884079619293046,0.6318453327458318
A3_boundary_025,T0_standard,0.25,1.0,1.0,298,2,2,1,0.8446620222194158,0.5238938296067,0.7327425212344362,10.31578947368421,16,0.6169322500000001,0.043418476795604594,0.11191950098497956,0.8446620222194158
A3_boundary_025,T0_standard,0.25,1.0,1.0,299,1,1,1,0.911755237854925,0.32233334144023496,0.8302761657484756,10.922077922077921,17,0.6325850000000001,0.006765690038625511,0.911755237854925,0.08147907210644936
A3_boundary_025,T0_standard,0.25,1.0,1.0,304,1,1,1,0.9820320277935907,0.10211198251141226,0.9712451393365402,14.285714285714286,22,0.6175126818181818,0.00718108374935895,0.9820320277935907,0.010786888457050418
A3_boundary_025,T0_standard,0.25,1.0,1.0,308,2,2,1,0.877757897828437,0.42995717742619316,0.7781629539570224,14.0,21,0.744395857142857,0.022647158300148344,0.09959494387141468,0.877757897828437
A3_boundary_025,T0_standard,0.25,1.0,1.0,311,1,1,1,0.7922499418350287,0.5544966245850049,0.5956772074217469,16.0,25,0.62898604,0.011177323751689571,0.7922499418350287,0.1965727344132818
A3_boundary_025,T0_standard,0.25,1.0,1.0,314,1,1,1,0.9487129496927991,0.22569961268064792,0.9061642437479765,9.0,9,0.4122361111111112,0.008738344362378357,0.9487129496927991,0.042548705944822504
A3_boundary_025,T0_standard,0.25,1.0,1.0,321,2,2,1,0.8130697451679179,0.5843218512824127,0.6706291267296788,4.0,4,0.34794725,0.04448963639384305,0.1424406184382391,0.8130697451679179
A3_boundary_025,T0_standard,0.25,1.0,1.0,322,1,1,1,0.8873758537301191,0.3931683011788166,0.7882048851022794,8.344827586206897,13,0.5984578461538462,0.013453177642041228,0.8873758537301191,0.09917096862783964
A3_boundary_025,T0_standard,0.25,1.0,1.0,324,1,2,0,0.6684688200434381,0.7038931509987804,0.3544823594097052,7.0,7,0.3544742857142857,0.01754471932282879,0.3139864606337329,0.6684688200434381
A3_boundary_025,T0_standard,0.25,1.0,1.0,326,2,2,1,0.8918494843945448,0.39103179736262617,0.8015213471230507,7.0,7,0.42478699999999997,0.017822378333961057,0.09032813727149418,0.8918494843945448
A3_boundary_025,T0_standard,0.25,1.0,1.0,327,1,1,1,0.8355431597647011,0.4641229537894638,0.6746383709311143,9.0,9,0.38338188888888886,0.003552051401712343,0.8355431597647011,0.16090478883358666
A3_boundary_025,T0_standard,0.25,1.0,1.0,329,1,1,1,0.7829689141388625,0.6626583039466615,0.6403512210361901,6.0,6,0.44581633333333337,0.14261769310267236,0.7829689141388625,0.07441339275846506
A3_boundary_025,T0_standard,0.25,1.0,1.0,331,1,1,1,0.5509414150192209,0.7735024006857799,0.12312809360486643,7.0,7,0.4697390000000001,0.021245263566424546,0.5509414150192209,0.42781332141435446
A3_boundary_025,T0_standard,0.25,1.0,1.0,332,2,2,1,0.6707160955299747,0.8619074356726839,0.5051558515319448,11.709677419354838,18,0.71271,0.16372366047199544,0.16556024399803,0.6707160955299747
A3_boundary_025,T0_standard,0.25,1.0,1.0,334,1,1,1,0.9398775313070067,0.24397474925729457,0.884528105658954,10.922077922077921,17,0.6182341764705882,0.004773043044940656,0.9398775313070067,0.05534942564805265
A3_boundary_025,T0_standard,0.25,1.0,1.0,338,1,0,0,0.8568888979427735,0.5089725952410298,0.7777954099275091,138.27677185721677,163,1.9818752024539878,0.8568888979427735,0.07909348801526433,0.06401761404196223
A3_boundary_025,T0_standard,0.25,1.0,1.0,339,1,0,0,0.7809225251072919,0.6691974949685275,0.6412575559319964,43.27038626609442,61,0.9155766885245903,0.7809225251072919,0.0794125057174126,0.1396649691752955
A3_boundary_025,T0_standard,0.25,1.0,1.0,340,0,0,1,0.8698849843442874,0.4746699932776638,0.7931040682090451,61.252873563218394,78,1.3844180128205126,0.8698849843442874,0.07678091613524231,0.0533340995204702
A3_boundary_025,T0_standard,0.25,1.0,1.0,347,0,0,1,0.5931580292139298,0.9575871645565146,0.38516645729091,14.0,14,0.44679828571428576,0.5931580292139298,0.19885039886305042,0.2079915719230198
A3_boundary_025,T0_standard,0.25,1.0,1.0,360,2,2,1,0.8732161454637757,0.42668284411751356,0.7616141437068448,7.714285714285714,12,0.5786047499999999,0.015181852779293407,0.11160200175693091,0.8732161454637757
A3_boundary_025,T0_standard,0.25,1.0,1.0,361,2,2,1,0.7259454117771126,0.7523958456607547,0.5315046187397647,6.76,10,0.5130506,0.07961379518553956,0.19444079303734782,0.7259454117771126
A3_boundary_025,T0_standard,0.25,1.0,1.0,362,2,2,1,0.8764309475818731,0.45928474452887785,0.8100445943639656,7.538461538461538,11,0.5684201818181817,0.0571826992002192,0.06638635321790752,0.8764309475818731
A3_boundary_025,T0_standard,0.25,1.0,1.0,366,0,0,1,0.8938630966386603,0.40647145304332144,0.8239221883893648,6.0,6,0.3645646666666667,0.8938630966386603,0.036195995112044306,0.06994090824929548
A3_boundary_025,T0_standard,0.25,1.0,1.0,374,0,0,1,0.9243603751861578,0.320328390974964,0.8847015644835248,11.571428571428571,18,0.5402341666666667,0.9243603751861578,0.03965881070263302,0.035980814111209375
A3_boundary_025,T0_standard,0.25,1.0,1.0,376,0,0,1,0.9201179968020725,0.33311564456584225,0.8747655715323217,11.571428571428571,18,0.5590460555555555,0.9201179968020725,0.04535242526975078,0.03452957792817673
A3_boundary_025,T0_standard,0.25,1.0,1.0,378,0,0,1,0.9126580190685583,0.3566929161797034,0.8660883059098944,11.64516129032258,16,0.487147875,0.9126580190685583,0.04077226777277775,0.04656971315866383
A3_boundary_025,T0_standard,0.25,1.0,1.0,380,0,0,1,0.9187725694022028,0.33804911899293766,0.877507671401389,12.25,19,0.48924563157894735,0.9187725694022028,0.04126489800081384,0.03996253259698338
A3_boundary_025,T0_standard,0.25,1.0,1.0,387,0,0,1,0.8806576028448593,0.4419261899642838,0.8016085849238668,32.35294117647059,44,1.1116842272727274,0.8806576028448593,0.04029337923414829,0.07904901792099245
A3_boundary_025,T0_standard,0.25,1.0,1.0,388,0,0,1,0.8644056748402458,0.48963438279751736,0.7874645895918939,15.125,23,0.6896618260869564,0.8644056748402458,0.058653239911402304,0.0769410852483518
A3_boundary_025,T0_standard,0.25,1.0,1.0,389,0,0,1,0.922364485091741,0.32473828318367204,0.87470717324593,16.0,24,0.8380092500000001,0.922364485091741,0.04765731184581107,0.029978203062447986
A3_boundary_025,T0_standard,0.25,1.0,1.0,391,0,0,1,0.9240991510535526,0.3198044019837012,0.8787596697388261,23.672131147540984,34,0.927025911764706,0.9240991510535526,0.045339481314726426,0.030561367631721036
A3_boundary_025,T0_standard,0.25,1.0,1.0,400,0,0,1,0.9179570618785821,0.34037275230695185,0.8738929988971019,9.6,15,0.5019540666666668,0.9179570618785821,0.037978875139937876,0.04406406298148015
A3_boundary_025,T0_standard,0.25,1.0,1.0,403,0,0,1,0.8971343173050718,0.4026184775988414,0.8447702596507166,8.395348837209303,13,0.619328,0.8971343173050718,0.050501625040572935,0.05236405765435518
A3_boundary_025,T0_standard,0.25,1.0,1.0,405,0,0,1,0.79223101061345,0.6070185030473523,0.6206187747877372,34.793611793611795,47,1.081583680851064,0.79223101061345,0.03615675356083714,0.17161223582571278
A3_boundary_025,T0_standard,0.25,1.0,1.0,411,2,2,1,0.8752257779797387,0.4628117898738672,0.8122426177038314,3.0,3,0.201223,0.061791061744354045,0.06298316027590721,0.8752257779797387
A3_boundary_025,T0_standard,0.25,1.0,1.0,413,0,0,1,0.9099426071465989,0.3649991829867101,0.8628521745270044,61.73626373626374,83,1.1146613373493979,0.9099426071465989,0.04709043261959455,0.04296696023380663
A3_boundary_025,T0_standard,0.25,1.0,1.0,421,0,0,1,0.8680484130605784,0.479192830156011,0.7896610692404633,40.344,60,0.8280121,0.8680484130605784,0.05356424311930652,0.07838734382011513
A3_boundary_025,T0_standard,0.25,1.0,1.0,422,0,0,1,0.9186759389442157,0.33771773675955197,0.8729067994048589,52.02061855670103,72,0.9631183333333332,0.9186759389442157,0.04576913953935675,0.035554921516427494
A3_boundary_025,T0_standard,0.25,1.0,1.0,426,0,0,1,0.9133766193706102,0.3504719788220795,0.8566471934592157,27.990291262135923,39,1.0525164615384617,0.9133766193706102,0.05672942591139454,0.0298939547179954
A3_boundary_025,T0_standard,0.25,1.0,1.0,429,0,0,1,0.9023514688345649,0.3871793808781986,0.8491622394475546,50.943396226415096,66,1.4506720606060608,0.9023514688345649,0.05318922938701023,0.04445930177842498
A3_boundary_025,T0_standard,0.25,1.0,1.0,430,0,0,1,0.8898382024729037,0.4231874628663141,0.8335990811007318,54.378102189781025,70,1.3141251428571425,0.8898382024729037,0.05623912137217193,0.05392267615492439
A3_boundary_025,T0_standard,0.25,1.0,1.0,432,0,0,1,0.8871928389225904,0.4292911164915696,0.8224238771463594,78.42603550295858,99,1.6191042626262624,0.8871928389225904,0.06476896177623089,0.048038199301178794
A3_boundary_025,T0_standard,0.25,1.0,1.0,433,0,0,1,0.8911716231150271,0.4172698917480597,0.8257968993797619,49.47715736040609,66,1.1340002424242426,0.8911716231150271,0.06537472373526522,0.04345365314970764
A3_boundary_025,T0_standard,0.25,1.0,1.0,438,0,0,1,0.9195571273095542,0.3344458766365101,0.8725140854349125,134.7614973262032,160,2.0565121187499997,0.9195571273095542,0.04704304187464173,0.033399830815804
A3_boundary_025,T0_standard,0.25,1.0,1.0,439,0,0,1,0.915040188485993,0.34648739314575594,0.8611167433863528,118.86245353159852,144,1.8719137986111112,0.915040188485993,0.05392344509964023,0.031036366414366745
A3_boundary_025,T0_standard,0.25,1.0,1.0,452,1,1,1,0.9134640614762215,0.3227879446123457,0.8356763956820644,10.245901639344263,16,0.5164338125,0.00874827272962141,0.9134640614762215,0.07778766579415704
A4_gradual_050_075_100,T0_standard,0.5,0.75,1.0,1,1,1,1,0.950102390111681,0.23136959762393405,0.9192083810643081,177.60204081632654,191,1.7893955968586386,0.019003600840946322,0.950102390111681,0.030894009047372807
A4_gradual_050_075_100,T0_standard,0.5,0.75,1.0,2,0,2,0,0.5524418196477933,0.9842668562853043,0.27378980230823435,27.28421052631579,29,0.9194155862068966,0.16890616301264785,0.2786520173395589,0.5524418196477933
A4_gradual_050_075_100,T0_standard,0.5,0.75,1.0,7,0,0,1,0.4981403082634558,0.8689658218785825,0.05240931763087625,64.78086956521739,70,1.2559205428571434,0.4981403082634558,0.056128701103964715,0.44573099063257954
A4_gradual_050_075_100,T0_standard,0.5,0.75,1.0,8,0,0,1,0.829271524169477,0.5302939182227739,0.6847836511570091,63.78983050847457,69,1.4160222753623186,0.829271524169477,0.026240602818054994,0.14448787301246793
A4_gradual_050_075_100,T0_standard,0.5,0.75,1.0,9,0,0,1,0.8729544954272931,0.46674014735294533,0.7980439594500969,89.75620767494357,97,1.6381157731958764,0.8729544954272931,0.05213496859551068,0.0749105359771962
A4_gradual_050_075_100,T0_standard,0.5,0.75,1.0,12,0,0,1,0.9308323670813835,0.2994229583841744,0.8960699559888645,60.264591439688715,65,1.1779163384615385,0.9308323670813835,0.034405221826097405,0.034762411092518986
A4_gradual_050_075_100,T0_standard,0.5,0.75,1.0,15,1,1,1,0.9506862929769568,0.22499824232560475,0.9144352824496365,35.50566037735849,38,1.0010864210526318,0.013062696495722772,0.9506862929769568,0.03625101052732038
A4_gradual_050_075_100,T0_standard,0.5,0.75,1.0,18,1,0,0,0.9037555067923126,0.38257116229522636,0.8490899445042727,88.70983213429257,96,1.3256457604166665,0.9037555067923126,0.05466556228804,0.04157893091964745
A4_gradual_050_075_100,T0_standard,0.5,0.75,1.0,22,1,1,1,0.9384752945721166,0.25905640416773656,0.8873254027809099,18.306930693069308,19,0.8067329999999999,0.010374813636676538,0.9384752945721166,0.05114989179120682
A4_gradual_050_075_100,T0_standard,0.5,0.75,1.0,28,1,1,1,0.739845333990877,0.6535024727852674,0.503791030446748,20.26605504587156,21,0.7458260476190477,0.02410036246499381,0.739845333990877,0.23605430354412904
A4_gradual_050_075_100,T0_standard,0.5,0.75,1.0,29,1,1,1,0.5131902747061571,0.8462754346525304,0.07291161092885134,12.789473684210526,13,0.504573923076923,0.04653106151653727,0.5131902747061571,0.44027866377730573
A4_gradual_050_075_100,T0_standard,0.5,0.75,1.0,32,0,0,1,0.5800265638232176,0.9353171319820136,0.2842802931257638,107.38294010889292,116,1.5386575431034482,0.5800265638232176,0.1242271654793286,0.2957462706974538
A4_gradual_050_075_100,T0_standard,0.5,0.75,1.0,35,0,0,1,0.5441245077795624,1.0013280358494754,0.28637995120100745,32.675392670157066,34,0.681779294117647,0.5441245077795624,0.19813093564188264,0.257744556578555
A4_gradual_050_075_100,T0_standard,0.5,0.75,1.0,37,0,0,1,0.9046596238722593,0.377959122993696,0.8453956247367187,170.54211663066954,184,1.7882877282608698,0.9046596238722593,0.05926399913554054,0.03607637699220029
A4_gradual_050_075_100,T0_standard,0.5,0.75,1.0,38,0,0,1,0.843222307759999,0.5355825753716776,0.7409796128018996,34.97520661157025,37,0.9075333243243243,0.843222307759999,0.05453499728190173,0.10224269495809937
A4_gradual_050_075_100,T0_standard,0.5,0.75,1.0,39,0,0,1,0.873318077466105,0.46782245376894677,0.8089421259143539,31.68020304568528,33,0.8299917878787879,0.873318077466105,0.06437595155175109,0.062305970982143924
A4_gradual_050_075_100,T0_standard,0.5,0.75,1.0,41,0,0,1,0.9053760873177024,0.37425531606713097,0.8436845812473069,64.6416,70,1.2843535142857143,0.9053760873177024,0.06169150607039537,0.032932406611902144
A4_gradual_050_075_100,T0_standard,0.5,0.75,1.0,44,0,0,1,0.8628545016533203,0.49429089419249006,0.7883208454039186,24.3,25,0.5948057999999999,0.8628545016533203,0.07453365624940173,0.06261184209727794
A4_gradual_050_075_100,T0_standard,0.5,0.75,1.0,49,1,0,0,0.5784879939462323,0.9461047537674099,0.2933299914964405,16.0,16,0.37066231250000004,0.5784879939462323,0.1363540036039759,0.2851580024497918
A4_gradual_050_075_100,T0_standard,0.5,0.75,1.0,51,0,0,1,0.6525416971781979,0.814980804141413,0.37122442071791567,17.609756097560975,18,0.5287885,0.6525416971781979,0.06614102636151988,0.2813172764602822
A4_gradual_050_075_100,T0_standard,0.5,0.75,1.0,55,0,0,1,0.9134667471900211,0.3542023018530235,0.8671107655383539,37.656716417910445,39,0.6499513846153847,0.9134667471900211,0.04635598165166722,0.04017727115831165
A4_gradual_050_075_100,T0_standard,0.5,0.75,1.0,60,0,0,1,0.9291071678354759,0.30078587118565336,0.8814475102003273,47.23960880195599,51,1.224436588235294,0.9291071678354759,0.04765965763514858,0.02323317452937549
A4_gradual_050_075_100,T0_standard,0.5,0.75,1.0,61,0,0,1,0.8745804907453867,0.463149357296059,0.8026170538658792,30.89237668161435,33,0.9699814242424242,0.8745804907453867,0.05345607237510582,0.07196343687950743
A4_gradual_050_075_100,T0_standard,0.5,0.75,1.0,71,2,2,1,0.8986491912830872,0.38979453662822877,0.8275181508821687,13.636363636363637,14,0.6911514999999999,0.07113104040091846,0.030219768315994405,0.8986491912830872
A4_gradual_050_075_100,T0_standard,0.5,0.75,1.0,75,0,1,0,0.684378833029994,0.7631311570998602,0.4197638619059025,18.306930693069308,19,0.7114136315789473,0.05100619584591443,0.684378833029994,0.26461497112409155
A4_gradual_050_075_100,T0_standard,0.5,0.75,1.0,77,0,0,1,0.780235888864411,0.672006178626868,0.6429010985575172,9.0,9,0.3371106666666667,0.780235888864411,0.08242932082869533,0.1373347903068938
A4_gradual_050_075_100,T0_standard,0.5,0.75,1.0,84,2,2,1,0.7434586556156375,0.617380803785146,0.49875489717213684,8.0,8,0.40794074999999996,0.011837585940861811,0.24470375844350065,0.7434586556156375
A4_gradual_050_075_100,T0_standard,0.5,0.75,1.0,85,2,0,0,0.5567801939024399,0.9023912158031049,0.19791176487315182,9.68,10,0.6327266,0.5567801939024399,0.08435137706827191,0.3588684290292881
A4_gradual_050_075_100,T0_standard,0.5,0.75,1.0,86,0,2,0,0.9432064721610268,0.24740336842918026,0.8984623563140364,13.636363636363637,14,0.5406887857142857,0.012049411991982697,0.044744115846990486,0.9432064721610268
A4_gradual_050_075_100,T0_standard,0.5,0.75,1.0,87,0,2,0,0.6304401299154012,0.7865928229205607,0.301442761919526,7.0,7,0.5237958571428571,0.3289973679958752,0.040562502088723536,0.6304401299154012
A4_gradual_050_075_100,T0_standard,0.5,0.75,1.0,88,0,0,1,0.5108560073376072,0.8483989312074575,0.06903537230916501,8.0,8,0.40546887499999995,0.5108560073376072,0.04732335763395064,0.44182063502844215
A4_gradual_050_075_100,T0_standard,0.5,0.75,1.0,89,0,2,0,0.6644108175272845,0.7801902272614718,0.3793142502712222,7.0,7,0.3756504285714285,0.2850965672560623,0.050492615216653235,0.6644108175272845
A4_gradual_050_075_100,T0_standard,0.5,0.75,1.0,90,0,2,0,0.46957455786336905,0.9334645480311874,0.029546347719200727,8.804878048780488,9,0.6029300000000001,0.4400282101441683,0.09039723199246262,0.46957455786336905
A4_gradual_050_075_100,T0_standard,0.5,0.75,1.0,93,0,0,1,0.5385418002886481,0.9335218513156436,0.17876457571736892,10.666666666666666,11,0.3752034545454545,0.5385418002886481,0.10168097514007289,0.35977722457127914
A4_gradual_050_075_100,T0_standard,0.5,0.75,1.0,98,0,0,1,0.7267269495683005,0.7058715988269372,0.49671768357653623,17.0,17,0.4362414705882353,0.7267269495683005,0.043263784439935046,0.23000926599176433
A4_gradual_050_075_100,T0_standard,0.5,0.75,1.0,101,0,0,1,0.8566440317249738,0.5040892572996483,0.763895100513948,13.0,13,0.519376153846154,0.8566440317249738,0.05060703706400022,0.09274893121102583
A4_gradual_050_075_100,T0_standard,0.5,0.75,1.0,102,0,0,1,0.9091070989754442,0.3674266773828668,0.8608470822176494,12.0,12,0.54038,0.9091070989754442,0.04826001675779483,0.04263288426676099
A4_gradual_050_075_100,T0_standard,0.5,0.75,1.0,106,0,0,1,0.4699122859353316,0.8838837447922386,0.002458564242146244,93.27438370846731,101,1.456544306930693,0.4699122859353316,0.06263399237148301,0.46745372169318533
A4_gradual_050_075_100,T0_standard,0.5,0.75,1.0,118,0,0,1,0.7696221145369327,0.6582343919484591,0.5876973025908502,25.623529411764707,27,0.771531037037037,0.7696221145369327,0.04845307351698463,0.18192481194608257
A4_gradual_050_075_100,T0_standard,0.5,0.75,1.0,119,0,0,1,0.8966243933983946,0.4039034322741748,0.8418174964560845,89.92271105826397,97,1.3621651546391753,0.8966243933983946,0.05480689694231012,0.048568709659295245
A4_gradual_050_075_100,T0_standard,0.5,0.75,1.0,120,0,0,1,0.8922626498665602,0.4121791779903943,0.823351154936933,71.09315866084425,77,1.3922861558441562,0.8922626498665602,0.03882585520381261,0.06891149492962721
A4_gradual_050_075_100,T0_standard,0.5,0.75,1.0,123,0,0,1,0.8976644470192888,0.39082841648518896,0.8239443467379465,19.776470588235295,20,0.5155320999999999,0.8976644470192888,0.07372010028134239,0.028615452699368746
A4_gradual_050_075_100,T0_standard,0.5,0.75,1.0,124,0,0,1,0.9054433851013345,0.37809076118181695,0.8537860409294737,44.50684931506849,47,0.8481854893617022,0.9054433851013345,0.051657344171860776,0.04289927072680476
A4_gradual_050_075_100,T0_standard,0.5,0.75,1.0,129,0,0,1,0.8543896082089572,0.5157325014002629,0.7776232867878893,59.11450381679389,64,1.315091625,0.8543896082089572,0.0688440703699749,0.07676632142106787
A4_gradual_050_075_100,T0_standard,0.5,0.75,1.0,130,0,0,1,0.8404673205153702,0.5482221738923981,0.7507223121285765,69.33962264150944,75,1.3049385733333334,0.8404673205153702,0.06978767109783604,0.08974500838679368
A4_gradual_050_075_100,T0_standard,0.5,0.75,1.0,134,1,1,1,0.950263886033343,0.23123191421258193,0.9204753284427538,23.142857142857142,24,0.7835483333333334,0.01994755637606773,0.950263886033343,0.02978855759058923
A4_gradual_050_075_100,T0_standard,0.5,0.75,1.0,136,1,1,1,0.7073183660459764,0.6868552773288915,0.4383507007958973,94.53259779338013,102,1.6543439509803923,0.023713968703944377,0.7073183660459764,0.26896766525007915
A4_gradual_050_075_100,T0_standard,0.5,0.75,1.0,138,1,1,1,0.4784857814735872,0.8893820180849203,0.022505609907092605,7.0,7,0.46868471428571423,0.06553404695991817,0.4784857814735872,0.4559801715664946
A4_gradual_050_075_100,T0_standard,0.5,0.75,1.0,140,1,0,0,0.6141024606328542,0.9100018479698164,0.35332759967642957,11.0,11,0.4528042727272727,0.6141024606328542,0.26077486095642466,0.12512267841072122
A4_gradual_050_075_100,T0_standard,0.5,0.75,1.0,145,1,1,1,0.9312960793662185,0.2860886256190629,0.8774055514832988,84.17391304347827,91,1.4519752857142858,0.014813392750861862,0.9312960793662185,0.05389052788291974
A4_gradual_050_075_100,T0_standard,0.5,0.75,1.0,149,2,2,1,0.7224231317992218,0.7804814266305934,0.5647764026112627,13.78688524590164,14,0.40021921428571433,0.11993013901281918,0.15764672918795908,0.7224231317992218
A4_gradual_050_075_100,T0_standard,0.5,0.75,1.0,150,2,2,1,0.7940841997034341,0.6508855496825097,0.6852174377392779,8.0,8,0.35506275,0.10886676196415626,0.09704903833240959,0.7940841997034341
A4_gradual_050_075_100,T0_standard,0.5,0.75,1.0,151,2,2,1,0.9238135401193281,0.32117666940948764,0.8796022449114433,10.666666666666666,11,0.5133822727272727,0.04421129520788477,0.03197516467278714,0.9238135401193281
A4_gradual_050_075_100,T0_standard,0.5,0.75,1.0,152,2,2,1,0.7215999563980133,0.7808730826489774,0.5602643536140188,5.0,5,0.2464702,0.1613356027839945,0.11706444081799217,0.7215999563980133
A4_gradual_050_075_100,T0_standard,0.5,0.75,1.0,160,2,2,1,0.9669773408366931,0.16712556703958437,0.9467118113136619,12.64516129032258,13,0.5016772307692308,0.01275712964027585,0.020265529523031227,0.9669773408366931
A4_gradual_050_075_100,T0_standard,0.5,0.75,1.0,168,1,1,1,0.9049519959247271,0.37936199568061046,0.852163833772622,13.0,13,0.4162788461538462,0.05278816215210518,0.9049519959247271,0.04225984192316774
A4_gradual_050_075_100,T0_standard,0.5,0.75,1.0,169,2,2,1,0.8759573257512454,0.46024690649224,0.8076607119650537,10.795918367346939,11,0.44178781818181817,0.06829661378619163,0.055746060462562974,0.8759573257512454
A4_gradual_050_075_100,T0_standard,0.5,0.75,1.0,174,2,2,1,0.768796998026423,0.6660476250357225,0.5913027543284886,5.0,5,0.3432982,0.17749424369793448,0.05370875827564248,0.768796998026423
A4_gradual_050_075_100,T0_standard,0.5,0.75,1.0,176,2,2,1,0.8308462752870353,0.4793077730744968,0.6673443917145623,28.8,30,0.8189938999999999,0.005651841140491859,0.16350188357247303,0.8308462752870353
A4_gradual_050_075_100,T0_standard,0.5,0.75,1.0,178,2,2,1,0.9565568240710547,0.20515607417824477,0.926008268064586,29.958904109589042,32,0.95442090625,0.012894619922476567,0.030548556006468698,0.9565568240710547
A4_gradual_050_075_100,T0_standard,0.5,0.75,1.0,184,2,2,1,0.8418089062658721,0.5224132999738678,0.7203733189972308,14.52,15,0.7859551333333333,0.12143558726864137,0.036755506465486434,0.8418089062658721
A4_gradual_050_075_100,T0_standard,0.5,0.75,1.0,186,1,0,0,0.8112822246552563,0.6150590973038865,0.7137243816923031,14.52,15,0.6404765999999998,0.8112822246552563,0.09755784296295326,0.0911599323817904
A4_gradual_050_075_100,T0_standard,0.5,0.75,1.0,187,2,2,1,0.7185273430105278,0.7526134313452486,0.507416161903572,13.78688524590164,14,0.5083184285714285,0.2111111811069558,0.07036147588251643,0.7185273430105278
A4_gradual_050_075_100,T0_standard,0.5,0.75,1.0,194,2,2,1,0.9723457771569629,0.13803475893817374,0.9487561419914443,11.655172413793103,12,0.537488,0.004064587677518319,0.023589635165518645,0.9723457771569629
A4_gradual_050_075_100,T0_standard,0.5,0.75,1.0,198,1,1,1,0.5610147734617612,0.7966911387106036,0.15262888649815615,14.52,15,0.7177088000000001,0.40838588696360506,0.5610147734617612,0.030599339574633795
A4_gradual_050_075_100,T0_standard,0.5,0.75,1.0,200,2,2,1,0.9102197184988793,0.3617998929163826,0.8548688037639359,5.0,5,0.2278204,0.05535091473494334,0.03442936676617733,0.9102197184988793
A4_gradual_050_075_100,T0_standard,0.5,0.75,1.0,202,2,2,1,0.7814310817332631,0.6275018612287209,0.6017968570132044,21.333333333333332,22,0.5913674545454545,0.038934693546677994,0.17963422472005877,0.7814310817332631
A4_gradual_050_075_100,T0_standard,0.5,0.75,1.0,205,1,1,1,0.8548854074085944,0.4449402368619591,0.71771452720956,52.15238095238095,56,1.062304125,0.007943712392371237,0.8548854074085944,0.13717088019903445
A4_gradual_050_075_100,T0_standard,0.5,0.75,1.0,206,2,2,1,0.6979704490384705,0.7229368706992987,0.4319542584664192,21.1864406779661,22,0.6087270454545455,0.0360133603894782,0.2660161905720513,0.6979704490384705
A4_gradual_050_075_100,T0_standard,0.5,0.75,1.0,212,2,2,1,0.9113452013230914,0.3603849250710621,0.8624077216895121,24.961038961038962,26,0.8470876538461538,0.04893747963357935,0.03971731904332931,0.9113452013230914
A4_gradual_050_075_100,T0_standard,0.5,0.75,1.0,214,2,2,1,0.9412568856812544,0.25426982656742303,0.8952978194418161,42.35294117647059,46,1.0707565,0.012784048079307315,0.045959066239438365,0.9412568856812544
A4_gradual_050_075_100,T0_standard,0.5,0.75,1.0,222,2,2,1,0.8375737726498454,0.5561408535246783,0.7532952096289142,4.0,4,0.5312697500000001,0.08427856302093133,0.07814766432922325,0.8375737726498454
A4_gradual_050_075_100,T0_standard,0.5,0.75,1.0,229,1,1,1,0.7448241622434133,0.6116620327989095,0.5001260207806464,20.775280898876403,21,0.46933819047619046,0.010477696293819774,0.7448241622434133,0.24469814146276697
A4_gradual_050_075_100,T0_standard,0.5,0.75,1.0,231,2,2,1,0.9732233663679187,0.13549199757902286,0.9509563707010394,5.0,5,0.4425108,0.004509637965202038,0.022266995666879282,0.9732233663679187
A4_gradual_050_075_100,T0_standard,0.5,0.75,1.0,233,2,2,1,0.8883632133049386,0.42144620758840345,0.8146216208149588,61.55871886120996,67,1.22872771641791,0.03789519420508158,0.07374159248997986,0.8883632133049386
A4_gradual_050_075_100,T0_standard,0.5,0.75,1.0,235,2,2,1,0.8685875272395808,0.4564807362336423,0.7646793283308305,24.3,25,0.58303204,0.027504273851668894,0.10390819890875026,0.8685875272395808
A4_gradual_050_075_100,T0_standard,0.5,0.75,1.0,239,2,2,1,0.7736191291365501,0.686877192108116,0.6369532797331493,17.391304347826086,18,0.5865500555555556,0.13666584940340074,0.08971502146004917,0.7736191291365501
A4_gradual_050_075_100,T0_standard,0.5,0.75,1.0,242,2,2,1,0.8170677114333419,0.5790535393418234,0.6802099536879798,14.628571428571428,15,0.6072851333333332,0.13685775774536213,0.046074530821295936,0.8170677114333419
A4_gradual_050_075_100,T0_standard,0.5,0.75,1.0,244,2,2,1,0.9308269529249596,0.29279002014697386,0.8813211735440365,99.98905472636815,108,1.5329172870370373,0.019667267694117273,0.04950577938092313,0.9308269529249596
A4_gradual_050_075_100,T0_standard,0.5,0.75,1.0,245,2,2,1,0.9149094658337861,0.34930866937862415,0.8669102508927039,12.552238805970148,13,0.5391935384615386,0.04799921494108212,0.037091319225131834,0.9149094658337861
A4_gradual_050_075_100,T0_standard,0.5,0.75,1.0,249,0,0,1,0.5575567252114286,0.9732103363375908,0.2703656495814687,30.72340425531915,32,0.737368,0.5575567252114286,0.15525219915861135,0.28719107562995994
A4_gradual_050_075_100,T0_standard,0.5,0.75,1.0,253,0,0,1,0.8151472843275878,0.5944967405724089,0.6893752865886063,87.25703794369645,94,1.2869785319148936,0.8151472843275878,0.059080717933430775,0.12577199773898146
A4_gradual_050_075_100,T0_standard,0.5,0.75,1.0,259,1,0,0,0.6296249210699985,0.8757209851925216,0.3597975384890604,10.0,10,0.49205679999999996,0.6296249210699985,0.2698273825809381,0.10054769634906345
A4_gradual_050_075_100,T0_standard,0.5,0.75,1.0,260,1,1,1,0.8961669973890295,0.39622118340556034,0.822753762418249,11.79245283018868,12,0.5609836666666668,0.030419767640190037,0.8961669973890295,0.07341323497078041
A4_gradual_050_075_100,T0_standard,0.5,0.75,1.0,269,1,1,1,0.932247462255546,0.2872589589442175,0.8827433612838063,11.0,11,0.3788078181818182,0.01824843677271431,0.932247462255546,0.049504100971739684
A4_gradual_050_075_100,T0_standard,0.5,0.75,1.0,270,1,1,1,0.9818073786559576,0.10331417185009349,0.9713147041986849,7.0,7,0.36814757142857146,0.01049267445727259,0.9818073786559576,0.007699946886769818
A4_gradual_050_075_100,T0_standard,0.5,0.75,1.0,271,2,2,1,0.5102899094788373,1.0078668359148977,0.18862000915037358,4.0,4,0.6352672500000001,0.32166990032846376,0.16804019019269895,0.5102899094788373
A4_gradual_050_075_100,T0_standard,0.5,0.75,1.0,276,1,2,0,0.7748450584707948,0.5969739258911516,0.568052958082212,8.0,8,0.425745125,0.018362841140622393,0.2067921003885828,0.7748450584707948
A4_gradual_050_075_100,T0_standard,0.5,0.75,1.0,278,1,1,1,0.8895035949331925,0.3730411694007496,0.7857866815724306,9.8,10,0.49930959999999996,0.006779491706045597,0.8895035949331925,0.10371691336076191
A4_gradual_050_075_100,T0_standard,0.5,0.75,1.0,290,2,2,1,0.9174569764517411,0.3309130193624146,0.8551532746140063,10.59322033898305,11,0.6727623636363637,0.020239321710524276,0.062303701837734766,0.9174569764517411
A4_gradual_050_075_100,T0_standard,0.5,0.75,1.0,293,2,2,1,0.8349761594471271,0.4830489875314028,0.6790266634197407,17.329896907216494,18,0.6691911666666666,0.009074344525486461,0.15594949602738642,0.8349761594471271
A4_gradual_050_075_100,T0_standard,0.5,0.75,1.0,297,2,2,1,0.635862184891646,0.9075348339013867,0.44310240393884986,9.8,10,0.4448850999999999,0.19275978095279617,0.1713780341555577,0.635862184891646
A4_gradual_050_075_100,T0_standard,0.5,0.75,1.0,298,2,2,1,0.8286120528500224,0.5536065844819806,0.6993047836998283,15.428571428571429,16,0.6169322500000001,0.042080677999783433,0.12930726915019414,0.8286120528500224
A4_gradual_050_075_100,T0_standard,0.5,0.75,1.0,299,1,1,1,0.8834633838200875,0.3892092720687561,0.7749625005053739,16.40909090909091,17,0.6325850000000001,0.008035732865198897,0.8834633838200875,0.10850088331471365
A4_gradual_050_075_100,T0_standard,0.5,0.75,1.0,304,1,1,1,0.9804765650031022,0.109105584231778,0.9682961088426149,21.1864406779661,22,0.6175126818181818,0.007342978836410403,0.9804765650031022,0.012180456160487395
A4_gradual_050_075_100,T0_standard,0.5,0.75,1.0,308,2,2,1,0.8638576732398231,0.4665481686568598,0.7553240477924678,20.176470588235293,21,0.744395857142857,0.027608701312821553,0.10853362544735531,0.8638576732398231
A4_gradual_050_075_100,T0_standard,0.5,0.75,1.0,311,1,1,1,0.7107668601367431,0.6559253125974664,0.4350040420376357,24.2,25,0.62898604,0.013470321764149536,0.7107668601367431,0.27576281809910735
A4_gradual_050_075_100,T0_standard,0.5,0.75,1.0,314,1,1,1,0.9487129496927991,0.22569961268064792,0.9061642437479765,9.0,9,0.4122361111111112,0.008738344362378357,0.9487129496927991,0.042548705944822504
A4_gradual_050_075_100,T0_standard,0.5,0.75,1.0,321,2,2,1,0.8130697451679179,0.5843218512824127,0.6706291267296788,4.0,4,0.34794725,0.04448963639384305,0.1424406184382391,0.8130697451679179
A4_gradual_050_075_100,T0_standard,0.5,0.75,1.0,322,1,1,1,0.845956220624651,0.4818630470750971,0.7083001022350197,12.552238805970148,13,0.5984578461538462,0.016387660985717686,0.845956220624651,0.13765611838963132
A4_gradual_050_075_100,T0_standard,0.5,0.75,1.0,324,1,2,0,0.6684688200434381,0.7038931509987804,0.3544823594097052,7.0,7,0.3544742857142857,0.01754471932282879,0.3139864606337329,0.6684688200434381
A4_gradual_050_075_100,T0_standard,0.5,0.75,1.0,326,2,2,1,0.8918494843945448,0.39103179736262617,0.8015213471230507,7.0,7,0.42478699999999997,0.017822378333961057,0.09032813727149418,0.8918494843945448
A4_gradual_050_075_100,T0_standard,0.5,0.75,1.0,327,1,1,1,0.8355431597647011,0.4641229537894638,0.6746383709311143,9.0,9,0.38338188888888886,0.003552051401712343,0.8355431597647011,0.16090478883358666
A4_gradual_050_075_100,T0_standard,0.5,0.75,1.0,329,1,1,1,0.7829689141388625,0.6626583039466615,0.6403512210361901,6.0,6,0.44581633333333337,0.14261769310267236,0.7829689141388625,0.07441339275846506
A4_gradual_050_075_100,T0_standard,0.5,0.75,1.0,331,1,1,1,0.5509414150192209,0.7735024006857799,0.12312809360486643,7.0,7,0.4697390000000001,0.021245263566424546,0.5509414150192209,0.42781332141435446
A4_gradual_050_075_100,T0_standard,0.5,0.75,1.0,332,2,2,1,0.6468772840985155,0.8934448026305336,0.45936593935255426,17.329896907216494,18,0.71271,0.1656113711555232,0.18751134474596126,0.6468772840985155
A4_gradual_050_075_100,T0_standard,0.5,0.75,1.0,334,1,1,1,0.9181874642825785,0.3025394384807453,0.8415765088799938,16.40909090909091,17,0.6182341764705882,0.005201580314836957,0.9181874642825785,0.07661095540258467
A4_gradual_050_075_100,T0_standard,0.5,0.75,1.0,338,1,0,0,0.8456290632502019,0.5370013691119622,0.7643519861570152,152.49484536082474,163,1.9818752024539878,0.8456290632502019,0.0812770770931868,0.07309385965661128
A4_gradual_050_075_100,T0_standard,0.5,0.75,1.0,339,1,0,0,0.7518006554054685,0.720273272301746,0.5892473591598671,58.577836411609496,61,0.9155766885245903,0.7518006554054685,0.08564604834893012,0.1625532962456013
A4_gradual_050_075_100,T0_standard,0.5,0.75,1.0,340,0,0,1,0.8320546904879155,0.5666632448377348,0.7340352442199992,72.38573508005823,78,1.3844180128205126,0.8320546904879155,0.09801944626791621,0.06992586324416826
A4_gradual_050_075_100,T0_standard,0.5,0.75,1.0,347,0,0,1,0.5931580292139298,0.9575871645565146,0.38516645729091,14.0,14,0.44679828571428576,0.5931580292139298,0.19885039886305042,0.2079915719230198
A4_gradual_050_075_100,T0_standard,0.5,0.75,1.0,360,2,2,1,0.8410436665439478,0.4883080355969916,0.6973963251329406,11.655172413793103,12,0.5786047499999999,0.015308992045044911,0.1436473414110072,0.8410436665439478
A4_gradual_050_075_100,T0_standard,0.5,0.75,1.0,361,2,2,1,0.7061520810452966,0.7746421611722741,0.4893674238842497,9.8,10,0.5130506,0.07706326179365644,0.21678465716104686,0.7061520810452966
A4_gradual_050_075_100,T0_standard,0.5,0.75,1.0,362,2,2,1,0.8562578518344642,0.5110709505210607,0.7800457683257196,10.795918367346939,11,0.5684201818181817,0.06753006465679112,0.07621208350874463,0.8562578518344642
A4_gradual_050_075_100,T0_standard,0.5,0.75,1.0,366,0,0,1,0.8938630966386603,0.40647145304332144,0.8239221883893648,6.0,6,0.3645646666666667,0.8938630966386603,0.036195995112044306,0.06994090824929548
A4_gradual_050_075_100,T0_standard,0.5,0.75,1.0,374,0,0,1,0.9238194287603491,0.3220280858245596,0.883621473276228,17.482758620689655,18,0.5402341666666667,0.9238194287603491,0.04019795548412109,0.035982615755529815
A4_gradual_050_075_100,T0_standard,0.5,0.75,1.0,376,0,0,1,0.9173736793470426,0.34177058748445416,0.8709292500615888,17.482758620689655,18,0.5590460555555555,0.9173736793470426,0.046444429285453774,0.03618189136750347
A4_gradual_050_075_100,T0_standard,0.5,0.75,1.0,378,0,0,1,0.9101115721064519,0.36433702812655494,0.8618270003032806,15.782608695652174,16,0.487147875,0.9101115721064519,0.04160385609037682,0.04828457180317124
A4_gradual_050_075_100,T0_standard,0.5,0.75,1.0,380,0,0,1,0.9185746206814915,0.33864350725733716,0.8766997611407706,18.47252747252747,19,0.48924563157894735,0.9185746206814915,0.04187485954072086,0.03955051977778769
A4_gradual_050_075_100,T0_standard,0.5,0.75,1.0,387,0,0,1,0.8685457458607984,0.4722024489827513,0.7800452849383576,40.71345029239766,44,1.1116842272727274,0.8685457458607984,0.04295379321676085,0.08850046092244081
A4_gradual_050_075_100,T0_standard,0.5,0.75,1.0,388,0,0,1,0.8412860768418178,0.5452556433749567,0.7484881081382085,22.118110236220474,23,0.6896618260869564,0.8412860768418178,0.06591595445457299,0.09279796870360928
A4_gradual_050_075_100,T0_standard,0.5,0.75,1.0,389,0,0,1,0.9184484218723422,0.33677350627397074,0.8680417935597959,23.058823529411764,24,0.8380092500000001,0.9184484218723422,0.05040662831254627,0.031144949815111456
A4_gradual_050_075_100,T0_standard,0.5,0.75,1.0,391,0,0,1,0.9207536235783448,0.33002465677355464,0.8726489022046051,31.82819383259912,34,0.927025911764706,0.9207536235783448,0.04810472137373961,0.031141655047915492
A4_gradual_050_075_100,T0_standard,0.5,0.75,1.0,400,0,0,1,0.9185575813920039,0.33861560197897217,0.8756805763790985,14.52,15,0.5019540666666668,0.9185575813920039,0.03856541359509061,0.04287700501290547
A4_gradual_050_075_100,T0_standard,0.5,0.75,1.0,403,0,0,1,0.8941305200644167,0.4110191762323091,0.8383289819340964,12.64516129032258,13,0.619328,0.8941305200644167,0.050067941805262944,0.055801538130320266
A4_gradual_050_075_100,T0_standard,0.5,0.75,1.0,405,0,0,1,0.7697058806020243,0.6398959471490244,0.5756658853505597,43.76750700280112,47,1.081583680851064,0.7697058806020243,0.03625412414651137,0.1940399952514645
A4_gradual_050_075_100,T0_standard,0.5,0.75,1.0,411,2,2,1,0.8752257779797387,0.4628117898738672,0.8122426177038314,3.0,3,0.201223,0.061791061744354045,0.06298316027590721,0.8752257779797387
A4_gradual_050_075_100,T0_standard,0.5,0.75,1.0,413,0,0,1,0.9034512353102652,0.38426965504769295,0.8531417150576479,77.24764890282131,83,1.1146613373493979,0.9034512353102652,0.05030952025261721,0.04623924443711759
A4_gradual_050_075_100,T0_standard,0.5,0.75,1.0,421,0,0,1,0.8350953880093542,0.5567886220244557,0.7319903268704392,56.36729222520107,60,0.8280121,0.8350953880093542,0.06179955085173079,0.103105061138915
A4_gradual_050_075_100,T0_standard,0.5,0.75,1.0,422,0,0,1,0.9096137610237913,0.365990420281607,0.8623921882133669,67.30739299610894,72,0.9631183333333332,0.9096137610237913,0.0472215728104244,0.04316466616578443
A4_gradual_050_075_100,T0_standard,0.5,0.75,1.0,426,0,0,1,0.9094037325288878,0.36261467011296994,0.8505861671310952,36.496350364963504,39,1.0525164615384617,0.9094037325288878,0.05881756539779255,0.03177870207331964
A4_gradual_050_075_100,T0_standard,0.5,0.75,1.0,429,0,0,1,0.8979832163699492,0.40005338297136495,0.8441992969515332,60.93793103448276,66,1.4506720606060608,0.8979832163699492,0.053783919418415975,0.048232864211634814
A4_gradual_050_075_100,T0_standard,0.5,0.75,1.0,430,0,0,1,0.8808366336393973,0.44764327515062696,0.8177253696060427,64.81342062193126,70,1.3141251428571425,0.8808366336393973,0.056052102327247985,0.06311126403335467
A4_gradual_050_075_100,T0_standard,0.5,0.75,1.0,432,0,0,1,0.8670256756596648,0.4838679151330798,0.7960386968873128,91.68057080131723,99,1.6191042626262624,0.8670256756596648,0.07098697877235201,0.06198734556798313
A4_gradual_050_075_100,T0_standard,0.5,0.75,1.0,433,0,0,1,0.8756018876398537,0.46023673823680666,0.8034895186104551,61.0074487895717,66,1.1340002424242426,0.8756018876398537,0.07211236902939858,0.05228574333074777
A4_gradual_050_075_100,T0_standard,0.5,0.75,1.0,438,0,0,1,0.9190064211359987,0.3360851794658615,0.8714282864414715,149.34259259259258,160,2.0565121187499997,0.9190064211359987,0.04757813469452716,0.03341544416947417
A4_gradual_050_075_100,T0_standard,0.5,0.75,1.0,439,0,0,1,0.9149630182180469,0.3467007556306406,0.8609532358100392,133.89114266396214,144,1.8719137986111112,0.9149630182180469,0.05400978240800766,0.031027199373945435
A4_gradual_050_075_100,T0_standard,0.5,0.75,1.0,452,1,1,1,0.8838091914698548,0.39174652439702784,0.7769505229634747,15.50632911392405,16,0.5164338125,0.009332140023765078,0.8838091914698548,0.10685866850638011
A5_hard_1px,T0_standard,0.0,1.0,1.0,1,1,1,1,0.9701152554792172,0.15473369454282343,0.952982883718426,130.0,191,1.7893955968586386,0.01275237275999176,0.9701152554792172,0.017132371760791177
A5_hard_1px,T0_standard,0.0,1.0,1.0,2,0,2,0,0.6257324249238911,0.9153525544947937,0.4073046016795976,12.0,29,0.9194155862068966,0.15583975183181517,0.21842782324429358,0.6257324249238911
A5_hard_1px,T0_standard,0.0,1.0,1.0,7,0,0,1,0.5458802603707947,0.8439610662678336,0.14060606747556675,38.0,70,1.2559205428571434,0.5458802603707947,0.04884554673397725,0.405274192895228
A5_hard_1px,T0_standard,0.0,1.0,1.0,8,0,0,1,0.9191811892389835,0.328254184348169,0.8605406156282925,39.0,69,1.4160222753623186,0.9191811892389835,0.022178237150325332,0.05864057361069101
A5_hard_1px,T0_standard,0.0,1.0,1.0,9,0,0,1,0.8833872611598766,0.4392319136286983,0.8150935227813854,59.0,97,1.6381157731958764,0.8833872611598766,0.048319000461632004,0.06829373837849134
A5_hard_1px,T0_standard,0.0,1.0,1.0,12,0,0,1,0.9428714645171804,0.25815653741225036,0.9107894593684716,34.0,65,1.1779163384615385,0.9428714645171804,0.03208200514870881,0.02504653033411081
A5_hard_1px,T0_standard,0.0,1.0,1.0,15,1,1,1,0.9435288605165172,0.24826413293784755,0.9006097267467046,17.0,38,1.0010864210526318,0.01355200571367024,0.9435288605165172,0.04291913376981259
A5_hard_1px,T0_standard,0.0,1.0,1.0,18,1,0,0,0.9331349955019678,0.2912912328215416,0.8955817749331831,55.0,96,1.3256457604166665,0.9331349955019678,0.02931178392924758,0.03755322056878458
A5_hard_1px,T0_standard,0.0,1.0,1.0,22,1,1,1,0.935603434621695,0.2684786153605384,0.8822961652493314,5.0,19,0.8067329999999999,0.011089296005941218,0.935603434621695,0.05330726937236367
A5_hard_1px,T0_standard,0.0,1.0,1.0,28,1,1,1,0.6702054353872322,0.74230274803552,0.37387412953280874,5.0,21,0.7458260476190477,0.033463258758344404,0.6702054353872322,0.29633130585442347
A5_hard_1px,T0_standard,0.0,1.0,1.0,29,1,2,0,0.7240676869022736,0.662255262743402,0.4687034094861645,1.0,13,0.504573923076923,0.02056803568161725,0.2553642774161091,0.7240676869022736
A5_hard_1px,T0_standard,0.0,1.0,1.0,32,0,0,1,0.6221330544182525,0.9055849804984637,0.37326895469702837,73.0,116,1.5386575431034482,0.6221330544182525,0.12900284586052335,0.2488640997212241
A5_hard_1px,T0_standard,0.0,1.0,1.0,35,0,0,1,0.6138474778308524,0.9228614184849318,0.3732943122719005,11.0,34,0.681779294117647,0.6138474778308524,0.1455993566101958,0.24055316555895184
A5_hard_1px,T0_standard,0.0,1.0,1.0,37,0,0,1,0.916896998737518,0.3423360378884909,0.8673455509997304,121.0,184,1.7882877282608698,0.916896998737518,0.049551447737787524,0.03355155352469462
A5_hard_1px,T0_standard,0.0,1.0,1.0,38,0,0,1,0.9079135949244438,0.37114443729527513,0.8608279204120002,16.0,37,0.9075333243243243,0.9079135949244438,0.047085674512443644,0.04500073056311262
A5_hard_1px,T0_standard,0.0,1.0,1.0,39,0,0,1,0.899040778329964,0.39653980623768,0.8429487314629976,13.0,33,0.8299917878787879,0.899040778329964,0.05609204686696639,0.044867174803069725
A5_hard_1px,T0_standard,0.0,1.0,1.0,41,0,0,1,0.9115677358432147,0.35451642349430634,0.8516818335212677,41.0,70,1.2843535142857143,0.9115677358432147,0.05988590232194698,0.028546361834838375
A5_hard_1px,T0_standard,0.0,1.0,1.0,44,0,0,1,0.8848612982767927,0.4368488391588672,0.8250776001413517,4.0,25,0.5948057999999999,0.8848612982767927,0.059783698135441064,0.05535500358776622
A5_hard_1px,T0_standard,0.0,1.0,1.0,51,0,0,1,0.6406698083104042,0.8100798857140488,0.3382684048774818,2.0,18,0.5287885,0.6406698083104042,0.05692878825667338,0.30240140343292243
A5_hard_1px,T0_standard,0.0,1.0,1.0,55,0,0,1,0.9218064606546497,0.3282364430987046,0.8792971974688868,9.0,39,0.6499513846153847,0.9218064606546497,0.04250926318576292,0.035684276159587504
A5_hard_1px,T0_standard,0.0,1.0,1.0,60,0,0,1,0.9318124283921956,0.2912570453050045,0.8849098427909452,27.0,51,1.224436588235294,0.9318124283921956,0.0469025856012504,0.021284986006553964
A5_hard_1px,T0_standard,0.0,1.0,1.0,61,0,0,1,0.9062548335097105,0.3760880596925264,0.8587210605851425,14.0,33,0.9699814242424242,0.9062548335097105,0.047533772924567966,0.04621139356572168
A5_hard_1px,T0_standard,0.0,1.0,1.0,71,2,2,1,0.9753886423172617,0.13050645993379376,0.9581516609046501,2.0,14,0.6911514999999999,0.007374376270126624,0.01723698141261161,0.9753886423172617
A5_hard_1px,T0_standard,0.0,1.0,1.0,75,0,2,0,0.5122833219262883,0.7665423351543053,0.04154733551891099,5.0,19,0.7114136315789473,0.01698069166633436,0.47073598640737735,0.5122833219262883
A5_hard_1px,T0_standard,0.0,1.0,1.0,85,2,0,0,0.6798769681398596,0.7798976368384976,0.4187285445905743,2.0,10,0.6327266,0.6798769681398596,0.05897460831085503,0.26114842354928536
A5_hard_1px,T0_standard,0.0,1.0,1.0,86,0,2,0,0.9621884775867161,0.17676535207535696,0.9299663698266212,2.0,14,0.5406887857142857,0.005589414653189048,0.0322221077600949,0.9621884775867161
A5_hard_1px,T0_standard,0.0,1.0,1.0,90,0,2,0,0.9445812933059796,0.25218051581763656,0.9135299379674849,1.0,9,0.6029300000000001,0.03105135533849467,0.02436735135552569,0.9445812933059796
A5_hard_1px,T0_standard,0.0,1.0,1.0,93,0,0,1,0.6245489134873344,0.8746950997050422,0.344591145907422,2.0,11,0.3752034545454545,0.6245489134873344,0.09549331893275316,0.2799577675799124
A5_hard_1px,T0_standard,0.0,1.0,1.0,106,0,0,1,0.48101333587117034,0.8915052627763123,0.028734603316465657,61.0,101,1.456544306930693,0.48101333587117034,0.06670793157412508,0.4522787325547047
A5_hard_1px,T0_standard,0.0,1.0,1.0,118,0,0,1,0.9212293846129558,0.33024378696813206,0.879741351216884,11.0,27,0.771531037037037,0.9212293846129558,0.037282581990972494,0.04148803339607181
A5_hard_1px,T0_standard,0.0,1.0,1.0,119,0,0,1,0.9060821305147427,0.37586248889874113,0.853211329704852,57.0,97,1.3621651546391753,0.9060821305147427,0.052870800809890664,0.041047068675366526
A5_hard_1px,T0_standard,0.0,1.0,1.0,120,0,0,1,0.9113940396765337,0.3592222190621489,0.8589747031863794,45.0,77,1.3922861558441562,0.9113940396765337,0.036186623833311976,0.05241933649015426
A5_hard_1px,T0_standard,0.0,1.0,1.0,123,0,0,1,0.9118668047929654,0.35688119560464504,0.8575518210641935,1.0,20,0.5155320999999999,0.9118668047929654,0.05431498372877192,0.033818211478262646
A5_hard_1px,T0_standard,0.0,1.0,1.0,124,0,0,1,0.9182422427663157,0.33904627143110033,0.8721547724479772,18.0,47,0.8481854893617022,0.9182422427663157,0.04608747031833852,0.035670286915345795
A5_hard_1px,T0_standard,0.0,1.0,1.0,129,0,0,1,0.90741400702851,0.3701041065521318,0.8503020331189293,34.0,64,1.315091625,0.90741400702851,0.05711197390958084,0.03547401906190903
A5_hard_1px,T0_standard,0.0,1.0,1.0,130,0,0,1,0.8746102495962191,0.4643501062569614,0.8095227431194127,42.0,75,1.3049385733333334,0.8746102495962191,0.06030224392697455,0.06508750647680644
A5_hard_1px,T0_standard,0.0,1.0,1.0,134,1,1,1,0.9798155081396496,0.11074625833936971,0.9653055488517259,6.0,24,0.7835483333333334,0.005674532572426965,0.9798155081396496,0.01450995928792359
A5_hard_1px,T0_standard,0.0,1.0,1.0,136,1,1,1,0.7019917656875511,0.6698292949501827,0.41939749014854594,66.0,102,1.6543439509803923,0.015413958773443896,0.7019917656875511,0.2825942755390051
A5_hard_1px,T0_standard,0.0,1.0,1.0,145,1,1,1,0.9691123754319515,0.15563989561436053,0.946376499610281,55.0,91,1.4519752857142858,0.008151748746378093,0.9691123754319515,0.022735875821670477
A5_hard_1px,T0_standard,0.0,1.0,1.0,149,2,2,1,0.9578141416829192,0.2032146289180864,0.9324861035413736,1.0,14,0.40021921428571433,0.016857820175535145,0.02532803814154565,0.9578141416829192
A5_hard_1px,T0_standard,0.0,1.0,1.0,151,2,2,1,0.8873867026283665,0.4181337941927288,0.8056943976614664,2.0,11,0.5133822727272727,0.08169230496690003,0.030920992404733467,0.8873867026283665
A5_hard_1px,T0_standard,0.0,1.0,1.0,160,2,2,1,0.9795895836184325,0.11056037748398392,0.9638090015203067,2.0,13,0.5016772307692308,0.004629834283441715,0.015780582098125787,0.9795895836184325
A5_hard_1px,T0_standard,0.0,1.0,1.0,169,2,2,1,0.8668200326559713,0.4679911715716868,0.7675910482147627,1.0,11,0.44178781818181817,0.0992289844412086,0.03395098290282007,0.8668200326559713
A5_hard_1px,T0_standard,0.0,1.0,1.0,176,2,2,1,0.8473126717164872,0.44883686991737975,0.6994732142189501,12.0,30,0.8189938999999999,0.004847870785975942,0.147839457497537,0.8473126717164872
A5_hard_1px,T0_standard,0.0,1.0,1.0,178,2,2,1,0.9631476226489417,0.18140571829106603,0.938785372830484,14.0,32,0.95442090625,0.01249012753260062,0.024362249818457637,0.9631476226489417
A5_hard_1px,T0_standard,0.0,1.0,1.0,184,2,2,1,0.9690335762417257,0.15944414016799374,0.9522710907285302,3.0,15,0.7859551333333333,0.014203938245078847,0.01676248551319545,0.9690335762417257
A5_hard_1px,T0_standard,0.0,1.0,1.0,186,1,0,0,0.8127011606930764,0.5929968222188586,0.6774824493143996,3.0,15,0.6404765999999998,0.8127011606930764,0.052080127928246824,0.1352187113786768
A5_hard_1px,T0_standard,0.0,1.0,1.0,187,2,2,1,0.9138544313336509,0.3328832118997105,0.8424056787472975,1.0,14,0.5083184285714285,0.014696816079995812,0.07144875258635333,0.9138544313336509
A5_hard_1px,T0_standard,0.0,1.0,1.0,194,2,2,1,0.9734308874800441,0.13353647615425893,0.950676462388972,2.0,12,0.537488,0.0038146874288836744,0.022754425091072155,0.9734308874800441
A5_hard_1px,T0_standard,0.0,1.0,1.0,198,1,1,1,0.5881792397898534,0.8364254325804393,0.2297842378235786,3.0,15,0.7177088000000001,0.35839500196627483,0.5881792397898534,0.053425758243871864
A5_hard_1px,T0_standard,0.0,1.0,1.0,202,2,2,1,0.7776053445796993,0.5513421183163407,0.5595603576111778,4.0,22,0.5913674545454545,0.00434966845177922,0.21804498696852143,0.7776053445796993
A5_hard_1px,T0_standard,0.0,1.0,1.0,205,1,1,1,0.9490423622290718,0.22106439839539702,0.9047353884479827,28.0,56,1.062304125,0.006650663989839241,0.9490423622290718,0.044306973781089005
A5_hard_1px,T0_standard,0.0,1.0,1.0,206,2,2,1,0.7824154031085212,0.5666693391693401,0.5755885777844876,6.0,22,0.6087270454545455,0.010757771567445059,0.20682682532403363,0.7824154031085212
A5_hard_1px,T0_standard,0.0,1.0,1.0,212,2,2,1,0.9607249295749897,0.1926364947698064,0.9390093574652701,10.0,26,0.8470876538461538,0.017559498315290956,0.021715572109719503,0.9607249295749897
A5_hard_1px,T0_standard,0.0,1.0,1.0,214,2,2,1,0.951121102710599,0.21517581682149253,0.9091852874928107,20.0,46,1.0707565,0.006943082071612682,0.041935815217788296,0.951121102710599
A5_hard_1px,T0_standard,0.0,1.0,1.0,229,1,1,1,0.9804176576858195,0.10575930154205981,0.9644394128828065,1.0,21,0.46933819047619046,0.003604097511167713,0.9804176576858195,0.015978244803012864
A5_hard_1px,T0_standard,0.0,1.0,1.0,233,2,2,1,0.9257953944767681,0.3074433230536384,0.8714077078895308,35.0,67,1.22872771641791,0.01981691893599474,0.05438768658723723,0.9257953944767681
A5_hard_1px,T0_standard,0.0,1.0,1.0,235,2,2,1,0.8388901058272719,0.5162635469504503,0.7060046806144216,4.0,25,0.58303204,0.02822446895987777,0.13288542521285035,0.8388901058272719
A5_hard_1px,T0_standard,0.0,1.0,1.0,239,2,2,1,0.971650730947165,0.14330236697687765,0.9490877572376663,4.0,18,0.5865500555555556,0.005786295343336171,0.02256297370949879,0.971650730947165
A5_hard_1px,T0_standard,0.0,1.0,1.0,242,2,2,1,0.8126692353769415,0.5791277066706404,0.6650711436574037,2.0,15,0.6072851333333332,0.1475980917195377,0.03973267290352083,0.8126692353769415
A5_hard_1px,T0_standard,0.0,1.0,1.0,244,2,2,1,0.9321017125622041,0.28862261875461054,0.8834218786288973,67.0,108,1.5329172870370373,0.01921845350448912,0.04867983393330677,0.9321017125622041
A5_hard_1px,T0_standard,0.0,1.0,1.0,245,2,2,1,0.9139518170336995,0.34784340783147616,0.8562647783343507,3.0,13,0.5391935384615386,0.057687038699348846,0.028361144266951563,0.9139518170336995
A5_hard_1px,T0_standard,0.0,1.0,1.0,249,0,0,1,0.7661780498135168,0.703668407334267,0.6330457249303294,12.0,32,0.737368,0.7661780498135168,0.10068962530329588,0.13313232488318735
A5_hard_1px,T0_standard,0.0,1.0,1.0,253,0,0,1,0.8871305256300609,0.43055088372607425,0.8277179396391675,56.0,94,1.2869785319148936,0.8871305256300609,0.05345688837904566,0.059412585990893385
A5_hard_1px,T0_standard,0.0,1.0,1.0,260,1,1,1,0.9827008142126171,0.09844145481364161,0.9713120412360052,1.0,12,0.5609836666666668,0.0059104128107710305,0.9827008142126171,0.011388772976611844
A5_hard_1px,T0_standard,0.0,1.0,1.0,278,1,1,1,0.8100405403449754,0.5164594027498827,0.6271792077927831,1.0,10,0.49930959999999996,0.007098127102832368,0.8100405403449754,0.18286133255219222
A5_hard_1px,T0_standard,0.0,1.0,1.0,290,2,2,1,0.9409958195997984,0.2518774726602676,0.8925103262785784,3.0,11,0.6727623636363637,0.010518687078981594,0.048485493321220006,0.9409958195997984
A5_hard_1px,T0_standard,0.0,1.0,1.0,293,2,2,1,0.9521102885546385,0.21382006081086122,0.9121951784166229,5.0,18,0.6691911666666666,0.007974601307345858,0.039915110138015665,0.9521102885546385
A5_hard_1px,T0_standard,0.0,1.0,1.0,297,2,2,1,0.6149745538112241,0.8932233143763042,0.33613350461520947,1.0,10,0.4448850999999999,0.27884104919601466,0.1061843969927612,0.6149745538112241
A5_hard_1px,T0_standard,0.0,1.0,1.0,298,2,2,1,0.8735519685282717,0.462375808345281,0.7929304518049821,4.0,16,0.6169322500000001,0.045826514748438754,0.08062151672328959,0.8735519685282717
A5_hard_1px,T0_standard,0.0,1.0,1.0,299,1,1,1,0.9655097605874828,0.16309493960099541,0.9353721298401225,4.0,17,0.6325850000000001,0.004352608665156853,0.9655097605874828,0.03013763074736033
A5_hard_1px,T0_standard,0.0,1.0,1.0,304,1,1,1,0.9846244657641853,0.09002817553263207,0.9761601901340543,6.0,22,0.6175126818181818,0.006911258605683795,0.9846244657641853,0.008464275630131001
A5_hard_1px,T0_standard,0.0,1.0,1.0,308,2,2,1,0.8972182125040108,0.3750884415005404,0.810137423000652,7.0,21,0.744395857142857,0.015700997992630358,0.08708078950335887,0.8972182125040108
A5_hard_1px,T0_standard,0.0,1.0,1.0,311,1,1,1,0.971512721974976,0.14428193824651503,0.9491581720628686,5.0,25,0.62898604,0.006132728112916674,0.971512721974976,0.022354549912107377
A5_hard_1px,T0_standard,0.0,1.0,1.0,322,1,1,1,0.9674538063312006,0.16138398429243092,0.942687456175547,3.0,13,0.5984578461538462,0.007779843513145622,0.9674538063312006,0.02476635015565363
A5_hard_1px,T0_standard,0.0,1.0,1.0,332,2,2,1,0.7098117456182681,0.8017971083173867,0.5491839306150507,5.0,18,0.71271,0.1606278150032174,0.1295604393785144,0.7098117456182681
A5_hard_1px,T0_standard,0.0,1.0,1.0,334,1,1,1,0.9810886624730731,0.10347439126188208,0.9661361471028179,4.0,17,0.6182341764705882,0.00395882215667164,0.9810886624730731,0.014952515370255192
A5_hard_1px,T0_standard,0.0,1.0,1.0,338,1,0,0,0.871055782788945,0.47178795065635337,0.7953592457593643,118.0,163,1.9818752024539878,0.871055782788945,0.07569653702958073,0.05324768018147429
A5_hard_1px,T0_standard,0.0,1.0,1.0,339,1,0,0,0.813064440721485,0.6065935411387524,0.6986614030353534,27.0,61,0.9155766885245903,0.813064440721485,0.07253252159238348,0.11440303768613155
A5_hard_1px,T0_standard,0.0,1.0,1.0,340,0,0,1,0.9107803010082196,0.36069008356186083,0.8570423322933433,47.0,78,1.3844180128205126,0.9107803010082196,0.05373796871487633,0.03548173027690402
A5_hard_1px,T0_standard,0.0,1.0,1.0,360,2,2,1,0.9568645916950425,0.2055561585133857,0.9285804740743157,2.0,12,0.5786047499999999,0.014851290684230741,0.028284117620726777,0.9568645916950425
A5_hard_1px,T0_standard,0.0,1.0,1.0,361,2,2,1,0.8090774122281899,0.6196190377699105,0.7084808613539063,1.0,10,0.5130506,0.09032603689752657,0.10059655087428357,0.8090774122281899
A5_hard_1px,T0_standard,0.0,1.0,1.0,362,2,2,1,0.9692271893989689,0.15650587101165703,0.9480391961905899,1.0,11,0.5684201818181817,0.00958481739265206,0.021187993208379007,0.9692271893989689
A5_hard_1px,T0_standard,0.0,1.0,1.0,374,0,0,1,0.9257668358485228,0.3158731469393152,0.8875098015331707,3.0,18,0.5402341666666667,0.9257668358485228,0.03825703431535205,0.0359761298361252
A5_hard_1px,T0_standard,0.0,1.0,1.0,376,0,0,1,0.9272532221394854,0.3100695906132682,0.8847400072923918,3.0,18,0.5590460555555555,0.9272532221394854,0.04251321484709354,0.030233563013421064
A5_hard_1px,T0_standard,0.0,1.0,1.0,378,0,0,1,0.9294645670035809,0.3039131782006649,0.8941807814689614,1.0,16,0.487147875,0.9294645670035809,0.03528378553461952,0.03525164746179949
A5_hard_1px,T0_standard,0.0,1.0,1.0,380,0,0,1,0.9193136292497601,0.336356288187438,0.8782249282575243,3.0,19,0.48924563157894735,0.9193136292497601,0.0395976697580039,0.04108870099223587
A5_hard_1px,T0_standard,0.0,1.0,1.0,387,0,0,1,0.894603440064765,0.40526389810289254,0.8264953648581992,22.0,44,1.1116842272727274,0.894603440064765,0.03728848472866905,0.06810807520656582
A5_hard_1px,T0_standard,0.0,1.0,1.0,388,0,0,1,0.8994153509773758,0.3959473278812538,0.8464861172478315,7.0,23,0.6896618260869564,0.8994153509773758,0.04765541529307999,0.05292923372954428
A5_hard_1px,T0_standard,0.0,1.0,1.0,389,0,0,1,0.9278469735398158,0.30751559484590674,0.8840387047059539,8.0,24,0.8380092500000001,0.9278469735398158,0.04380826883386189,0.028344757626322332
A5_hard_1px,T0_standard,0.0,1.0,1.0,391,0,0,1,0.928412730144123,0.3063185676122975,0.8865693084294116,14.0,34,0.927025911764706,0.928412730144123,0.041843421714711365,0.029743848141165652
A5_hard_1px,T0_standard,0.0,1.0,1.0,400,0,0,1,0.9166359189514399,0.34409361286690376,0.8699603284438124,3.0,15,0.5019540666666668,0.9166359189514399,0.03668849054093256,0.04667559050762747
A5_hard_1px,T0_standard,0.0,1.0,1.0,403,0,0,1,0.9055449490451424,0.3777698111619745,0.8538290110227653,2.0,13,0.619328,0.9055449490451424,0.051715938022377006,0.042739112932480595
A5_hard_1px,T0_standard,0.0,1.0,1.0,405,0,0,1,0.819167255593965,0.5631027861245406,0.6744720523215599,24.0,47,1.081583680851064,0.819167255593965,0.03613754113362996,0.14469520327240504
A5_hard_1px,T0_standard,0.0,1.0,1.0,413,0,0,1,0.9174295902771765,0.34213120952491594,0.8740628834271367,43.0,83,1.1146613373493979,0.9174295902771765,0.043366706850039884,0.03920370287278355
A5_hard_1px,T0_standard,0.0,1.0,1.0,421,0,0,1,0.9160741288725771,0.34642483782832995,0.8737760582397445,21.0,60,0.8280121,0.9160741288725771,0.041627800494590146,0.04229807063283269
A5_hard_1px,T0_standard,0.0,1.0,1.0,422,0,0,1,0.9294272032673416,0.30185276005080464,0.8854103570543053,34.0,72,0.9631183333333332,0.9294272032673416,0.04401684621303641,0.02655595051962199
A5_hard_1px,T0_standard,0.0,1.0,1.0,426,0,0,1,0.9181950085683326,0.3354534131737899,0.8639910489890208,18.0,39,1.0525164615384617,0.9181950085683326,0.05420395957931177,0.027601031852355594
A5_hard_1px,T0_standard,0.0,1.0,1.0,429,0,0,1,0.9077520978805245,0.370842545140314,0.8555366165678474,38.0,66,1.4506720606060608,0.9077520978805245,0.05221548131267701,0.04003242080679856
A5_hard_1px,T0_standard,0.0,1.0,1.0,430,0,0,1,0.9007477205398637,0.39132677460291704,0.8444242251595582,41.0,70,1.3141251428571425,0.9007477205398637,0.05632349538030553,0.042928784079830785
A5_hard_1px,T0_standard,0.0,1.0,1.0,432,0,0,1,0.9095311855482751,0.36314202435092996,0.8523604639987469,61.0,99,1.6191042626262624,0.9095311855482751,0.05717072154952818,0.0332980929021969
A5_hard_1px,T0_standard,0.0,1.0,1.0,433,0,0,1,0.9097191245186855,0.36253258544771705,0.8525716904237339,35.0,66,1.1340002424242426,0.9097191245186855,0.05714743409495161,0.033133441386362705
A5_hard_1px,T0_standard,0.0,1.0,1.0,438,0,0,1,0.9200872899687642,0.33289248851723696,0.8736529332273495,114.0,160,2.0565121187499997,0.9200872899687642,0.046434356741414676,0.03347835328982113
A5_hard_1px,T0_standard,0.0,1.0,1.0,439,0,0,1,0.9157298291811462,0.34453403275750116,0.862503401902045,98.0,144,1.8719137986111112,0.9157298291811462,0.053226427279101214,0.031043743539752464
A5_hard_1px,T0_standard,0.0,1.0,1.0,452,1,1,1,0.9826587569812066,0.09933196272769475,0.9727034296955306,3.0,16,0.5164338125,0.007385915733117402,0.9826587569812066,0.00995532728567605
