scheme,training_scheme,w_ring0,w_ring1,w_ring2,polygon_id,y_true,y_pred,correct,confidence,entropy,margin,effective_pixels,n_pixels,mean_distance_px,prob_class_0,prob_class_1,prob_class_2
A0_standard,T0_standard,1.0,1.0,1.0,1,1,1,1,0.9530376358869773,0.22101039651180804,0.924695763724554,191.0,191,1.7893955968586386,0.01862049195059938,0.9530376358869773,0.028341872162423367
A0_standard,T0_standard,1.0,1.0,1.0,2,0,0,1,0.45043197695542714,1.0615120897245574,0.12992221580721136,29.0,29,0.9194155862068966,0.45043197695542714,0.3205097611482158,0.2290582618963572
A0_standard,T0_standard,1.0,1.0,1.0,7,0,0,1,0.7430798261147721,0.6914358997179223,0.5327456576938112,70.0,70,1.2559205428571434,0.7430798261147721,0.04658600546426699,0.2103341684209609
A0_standard,T0_standard,1.0,1.0,1.0,8,0,0,1,0.8844991090475302,0.414765425727478,0.7914604756125103,69.0,69,1.4160222753623186,0.8844991090475302,0.02246225751744991,0.09303863343501989
A0_standard,T0_standard,1.0,1.0,1.0,9,0,0,1,0.9362433530614902,0.2801265347393437,0.8980793913609336,97.0,97,1.6381157731958764,0.9362433530614902,0.025592685237953224,0.03816396170055659
A0_standard,T0_standard,1.0,1.0,1.0,12,0,0,1,0.9241824801090046,0.31601165894754035,0.8726936765230092,65.0,65,1.1779163384615385,0.9241824801090046,0.024328716305000157,0.05148880358599539
A0_standard,T0_standard,1.0,1.0,1.0,15,1,1,1,0.9930965149538684,0.04586036459111767,0.9889178528316028,38.0,38,1.0010864210526318,0.00272482292386583,0.9930965149538684,0.004178662122265636
A0_standard,T0_standard,1.0,1.0,1.0,18,1,0,0,0.9313648001111225,0.29018139015617384,0.8813165793646303,96.0,96,1.3256457604166665,0.9313648001111225,0.05004822074649233,0.018586979142385014
A0_standard,T0_standard,1.0,1.0,1.0,22,1,1,1,0.9832219745609502,0.09353573437140361,0.9697424323931131,19.0,19,0.8067329999999999,0.003298483271212586,0.9832219745609502,0.013479542167837078
A0_standard,T0_standard,1.0,1.0,1.0,28,1,1,1,0.896392144313883,0.35322013284405135,0.7978677755906046,21.0,21,0.7458260476190477,0.005083486962838554,0.896392144313883,0.0985243687232784
A0_standard,T0_standard,1.0,1.0,1.0,29,1,1,1,0.6381169403283466,0.7461940372416754,0.30153185731798526,13.0,13,0.504573923076923,0.025297976661291827,0.6381169403283466,0.3365850830103614
A0_standard,T0_standard,1.0,1.0,1.0,32,0,2,0,0.488637940450529,0.9000676402281177,0.048919307648037536,116.0,116,1.5386575431034482,0.43971863280249146,0.07164342674697949,0.488637940450529
A0_standard,T0_standard,1.0,1.0,1.0,35,0,0,1,0.7095456293510314,0.7987194405683498,0.5370088396181084,34.0,34,0.681779294117647,0.7095456293510314,0.11791758091604562,0.172536789732923
A0_standard,T0_standard,1.0,1.0,1.0,37,0,0,1,0.9516276613960795,0.22631739939284037,0.9227743874615351,184.0,184,1.7882877282608698,0.9516276613960795,0.028853273934544413,0.01951906466937605
A0_standard,T0_standard,1.0,1.0,1.0,38,0,0,1,0.8843238825591897,0.4294474889390357,0.8040280365580651,37.0,37,0.9075333243243243,0.8843238825591897,0.03538027143968561,0.08029584600112463
A0_standard,T0_standard,1.0,1.0,1.0,39,0,0,1,0.9275680776197524,0.3100084584765232,0.8896275541545853,33.0,33,0.8299917878787879,0.9275680776197524,0.03794052346516702,0.03449139891508054
A0_standard,T0_standard,1.0,1.0,1.0,41,0,0,1,0.9571861993551055,0.20644166786810053,0.9351201206282226,70.0,70,1.2843535142857143,0.9571861993551055,0.02074772191801156,0.022066078726882887
A0_standard,T0_standard,1.0,1.0,1.0,44,0,0,1,0.9254557919846425,0.31664442111678254,0.8850512947110339,25.0,25,0.5948057999999999,0.9254557919846425,0.040404497273608495,0.03413971074174903
A0_standard,T0_standard,1.0,1.0,1.0,49,1,0,0,0.6082504350079468,0.9160677445655239,0.3431575351877803,16.0,16,0.37066231250000004,0.6082504350079468,0.12665666517188662,0.26509289982016654
A0_standard,T0_standard,1.0,1.0,1.0,51,0,0,1,0.6928238151720112,0.7386180940204808,0.42723530496736245,18.0,18,0.5287885,0.6928238151720112,0.04158767462334005,0.26558851020464874
A0_standard,T0_standard,1.0,1.0,1.0,55,0,0,1,0.9638611167518271,0.17858904820823768,0.9399343583150026,39.0,39,0.6499513846153847,0.9638611167518271,0.023926758436824486,0.012212124811348406
A0_standard,T0_standard,1.0,1.0,1.0,60,0,0,1,0.9551895287435281,0.21354582166938985,0.9295929059979307,51.0,51,1.224436588235294,0.9551895287435281,0.025596622745597458,0.019213848510874407
A0_standard,T0_standard,1.0,1.0,1.0,61,0,0,1,0.9166266959159328,0.3377396219033397,0.8581221219528964,33.0,33,0.9699814242424242,0.9166266959159328,0.02486873012103076,0.058504573963036474
A0_standard,T0_standard,1.0,1.0,1.0,71,2,2,1,0.9720193420411031,0.14620951172659977,0.9546256273485387,14.0,14,0.6911514999999999,0.01739371469256431,0.010586943266332608,0.9720193420411031
A0_standard,T0_standard,1.0,1.0,1.0,75,0,1,0,0.6431127406246379,0.8672325757442503,0.39053880951065634,19.0,19,0.7114136315789473,0.10431332826138058,0.6431127406246379,0.2525739311139815
A0_standard,T0_standard,1.0,1.0,1.0,77,0,0,1,0.7338041269086931,0.7127257519098837,0.5209068559597034,9.0,9,0.3371106666666667,0.7338041269086931,0.053298602142317214,0.21289727094898975
A0_standard,T0_standard,1.0,1.0,1.0,84,2,2,1,0.6276128816126348,0.6882284025450043,0.26057668698363573,8.0,8,0.40794074999999996,0.005350923758366028,0.3670361946289991,0.6276128816126348
A0_standard,T0_standard,1.0,1.0,1.0,85,2,0,0,0.5962763035056678,0.8345474588306985,0.24719980758046778,10.0,10,0.6327266,0.5962763035056678,0.05464720056913218,0.34907649592520007
A0_standard,T0_standard,1.0,1.0,1.0,86,0,2,0,0.8761551710907387,0.412614118993335,0.763730344552455,14.0,14,0.5406887857142857,0.011420002370977489,0.1124248265382837,0.8761551710907387
A0_standard,T0_standard,1.0,1.0,1.0,87,0,2,0,0.7336209854596003,0.6602468013073849,0.49123039224953513,7.0,7,0.5237958571428571,0.24239059321006518,0.023988421330334443,0.7336209854596003
A0_standard,T0_standard,1.0,1.0,1.0,88,0,0,1,0.5139846558964088,0.8213021920202915,0.06405476521221232,8.0,8,0.40546887499999995,0.5139846558964088,0.036085453419394654,0.44992989068419653
A0_standard,T0_standard,1.0,1.0,1.0,89,0,2,0,0.5368911951064625,0.8485208638962143,0.12359458890062897,7.0,7,0.3756504285714285,0.4132966062058336,0.0498121986877038,0.5368911951064625
A0_standard,T0_standard,1.0,1.0,1.0,90,0,0,1,0.5182445191910134,0.9511978063306126,0.1464005123305268,9.0,9,0.6029300000000001,0.5182445191910134,0.10991147394849977,0.37184400686048663
A0_standard,T0_standard,1.0,1.0,1.0,93,0,0,1,0.6626781014758347,0.8207086306497813,0.40257355479450546,11.0,11,0.3752034545454545,0.6626781014758347,0.07721735184283592,0.26010454668132926
A0_standard,T0_standard,1.0,1.0,1.0,98,0,0,1,0.7641310946770735,0.6453306386931734,0.5632723312013415,17.0,17,0.4362414705882353,0.7641310946770735,0.03501014184719447,0.2008587634757321
A0_standard,T0_standard,1.0,1.0,1.0,101,0,0,1,0.8862592363215127,0.43064915463522946,0.8176144862713011,13.0,13,0.519376153846154,0.8862592363215127,0.04509601362827556,0.0686447500502116
A0_standard,T0_standard,1.0,1.0,1.0,102,0,0,1,0.9419662229967117,0.26164842943087896,0.9112440061935964,12.0,12,0.54038,0.9419662229967117,0.03072221680311539,0.027311560200172953
A0_standard,T0_standard,1.0,1.0,1.0,106,0,0,1,0.7271653806439454,0.7224945737458814,0.5088325039812956,101.0,101,1.456544306930693,0.7271653806439454,0.05450174269340473,0.21833287666264978
A0_standard,T0_standard,1.0,1.0,1.0,118,0,0,1,0.7750031152505067,0.6345617231358291,0.5875224073871466,27.0,27,0.771531037037037,0.7750031152505067,0.03751617688613323,0.18748070786336007
A0_standard,T0_standard,1.0,1.0,1.0,119,0,0,1,0.9541764454109205,0.21779010315531439,0.9310699339110885,97.0,97,1.3621651546391753,0.9541764454109205,0.0227170430892475,0.023106511499831995
A0_standard,T0_standard,1.0,1.0,1.0,120,0,0,1,0.9365050153560334,0.27422704972199735,0.8908947254645169,77.0,77,1.3922861558441562,0.9365050153560334,0.0178846947524502,0.04561028989151645
A0_standard,T0_standard,1.0,1.0,1.0,123,0,0,1,0.9460252140637064,0.2473335558752735,0.9171271628383667,20.0,20,0.5155320999999999,0.9460252140637064,0.025076734710953782,0.028898051225339737
A0_standard,T0_standard,1.0,1.0,1.0,124,0,0,1,0.9603251383456817,0.19431121995419376,0.9390886009402654,47.0,47,0.8481854893617022,0.9603251383456817,0.018438324248901822,0.021236537405416346
A0_standard,T0_standard,1.0,1.0,1.0,129,0,0,1,0.902421188484637,0.3788474752773403,0.833546826395706,64.0,64,1.315091625,0.902421188484637,0.028704449426431872,0.06887436208893105
A0_standard,T0_standard,1.0,1.0,1.0,130,0,0,1,0.9221814851179171,0.3230315810959863,0.8704332719125404,75.0,75,1.3049385733333334,0.9221814851179171,0.026070301676706282,0.05174821320537671
A0_standard,T0_standard,1.0,1.0,1.0,134,1,1,1,0.9369758242049329,0.278279993668875,0.9010727419959716,24.0,24,0.7835483333333334,0.03590308220896126,0.9369758242049329,0.027121093586105968
A0_standard,T0_standard,1.0,1.0,1.0,136,1,1,1,0.8763458798050542,0.420799396140445,0.7681831427760041,102.0,102,1.6543439509803923,0.015491383165895666,0.8763458798050542,0.10816273702905015
A0_standard,T0_standard,1.0,1.0,1.0,138,1,1,1,0.6186168792295055,0.726448698010665,0.25175874883121974,7.0,7,0.46868471428571423,0.014524990372208703,0.6186168792295055,0.36685813039828574
A0_standard,T0_standard,1.0,1.0,1.0,140,1,0,0,0.7560840941182967,0.7244967891848366,0.6302272423215942,11.0,11,0.4528042727272727,0.7560840941182967,0.12585685179670245,0.11805905408500092
A0_standard,T0_standard,1.0,1.0,1.0,145,1,1,1,0.9266325704137613,0.2916691685980503,0.8633691280625521,91.0,91,1.4519752857142858,0.010103987235029331,0.9266325704137613,0.06326344235120925
A0_standard,T0_standard,1.0,1.0,1.0,149,2,2,1,0.8008361034633111,0.6371652879484675,0.6977157309627584,14.0,14,0.40021921428571433,0.09604352403613624,0.10312037250055273,0.8008361034633111
A0_standard,T0_standard,1.0,1.0,1.0,150,2,2,1,0.8211096636158942,0.5695928233117205,0.6863010741061026,8.0,8,0.35506275,0.04408174687431419,0.13480858950979158,0.8211096636158942
A0_standard,T0_standard,1.0,1.0,1.0,151,2,2,1,0.9605797000794478,0.1914849541529419,0.9347425264322775,11.0,11,0.5133822727272727,0.013583126273381806,0.02583717364717032,0.9605797000794478
A0_standard,T0_standard,1.0,1.0,1.0,152,2,2,1,0.874843526991303,0.4415691131217408,0.7760982020535965,5.0,5,0.2464702,0.09874532493770652,0.02641114807099064,0.874843526991303
A0_standard,T0_standard,1.0,1.0,1.0,160,2,2,1,0.9823860352280388,0.0952704948327225,0.9669904212921107,13.0,13,0.5016772307692308,0.002218350836032964,0.01539561393592813,0.9823860352280388
A0_standard,T0_standard,1.0,1.0,1.0,168,1,1,1,0.8980802510358001,0.3945740678380454,0.830751768470778,13.0,13,0.4162788461538462,0.03459126639917762,0.8980802510358001,0.06732848256502212
A0_standard,T0_standard,1.0,1.0,1.0,169,2,2,1,0.9332827538143517,0.2799902741259155,0.8810650004163334,11.0,11,0.44178781818181817,0.01449949278763012,0.05221775339801822,0.9332827538143517
A0_standard,T0_standard,1.0,1.0,1.0,174,2,2,1,0.7817028656332407,0.6050874169896575,0.5897242690667307,5.0,5,0.3432982,0.19197859656650998,0.02631853780024941,0.7817028656332407
A0_standard,T0_standard,1.0,1.0,1.0,176,2,2,1,0.7248809558608542,0.6034445098944582,0.4524595254074316,30.0,30,0.8189938999999999,0.00269761368572323,0.2724214304534226,0.7248809558608542
A0_standard,T0_standard,1.0,1.0,1.0,178,2,2,1,0.9814829384683326,0.0976186531295412,0.964549668583937,32.0,32,0.95442090625,0.001583791647271885,0.016933269884395537,0.9814829384683326
A0_standard,T0_standard,1.0,1.0,1.0,184,2,2,1,0.8572017311406083,0.4702678466947908,0.7357626730320139,15.0,15,0.7859551333333333,0.12143905810859436,0.021359210750797348,0.8572017311406083
A0_standard,T0_standard,1.0,1.0,1.0,186,1,0,0,0.9012400816976697,0.39064048157840014,0.8490122299155705,15.0,15,0.6404765999999998,0.9012400816976697,0.04653206652023123,0.052227851782099176
A0_standard,T0_standard,1.0,1.0,1.0,187,2,2,1,0.6932165730121618,0.7652375292247156,0.4444258069697051,14.0,14,0.5083184285714285,0.2487907660424567,0.05799266094538158,0.6932165730121618
A0_standard,T0_standard,1.0,1.0,1.0,194,2,2,1,0.9585469472728932,0.17818480085565563,0.918356075946953,12.0,12,0.537488,0.0012621814011663656,0.04019087132594024,0.9585469472728932
A0_standard,T0_standard,1.0,1.0,1.0,198,1,1,1,0.5207685879546308,0.7969810386074524,0.06882540457571679,15.0,15,0.7177088000000001,0.451943183378914,0.5207685879546308,0.027288228666455288
A0_standard,T0_standard,1.0,1.0,1.0,200,2,2,1,0.9496972673421632,0.2341863979083792,0.9230716948545369,5.0,5,0.2278204,0.02662557248762628,0.023677160170210588,0.9496972673421632
A0_standard,T0_standard,1.0,1.0,1.0,202,2,2,1,0.8834809044994364,0.40498258223637196,0.7821248029087436,22.0,22,0.5913674545454545,0.015162993909870984,0.10135610159069271,0.8834809044994364
A0_standard,T0_standard,1.0,1.0,1.0,205,1,1,1,0.8536201760793454,0.4306594157694798,0.7101501513125783,56.0,56,1.062304125,0.0029097991538874998,0.8536201760793454,0.14347002476676712
A0_standard,T0_standard,1.0,1.0,1.0,206,2,2,1,0.8814206719756261,0.4217982675057187,0.7854110751285409,22.0,22,0.6087270454545455,0.02256973117728865,0.0960095968470852,0.8814206719756261
A0_standard,T0_standard,1.0,1.0,1.0,212,2,2,1,0.904069030364425,0.38039679386436254,0.8459941192630472,26.0,26,0.8470876538461538,0.037856058534197275,0.05807491110137775,0.904069030364425
A0_standard,T0_standard,1.0,1.0,1.0,214,2,2,1,0.9294863707656751,0.2948706487814216,0.876833133953908,46.0,46,1.0707565,0.017860392422557905,0.05265323681176703,0.9294863707656751
A0_standard,T0_standard,1.0,1.0,1.0,222,2,2,1,0.9122197250972378,0.3478805460017621,0.847459959607929,4.0,4,0.5312697500000001,0.023020509413453367,0.06475976548930885,0.9122197250972378
A0_standard,T0_standard,1.0,1.0,1.0,229,1,1,1,0.8104837593705589,0.49734160170905023,0.6231294411107453,21.0,21,0.46933819047619046,0.0021619223696273957,0.8104837593705589,0.18735431825981358
A0_standard,T0_standard,1.0,1.0,1.0,231,2,2,1,0.9367305858629704,0.24213066084965768,0.8747413688500714,5.0,5,0.4425108,0.001280197124130608,0.06198921701289905,0.9367305858629704
A0_standard,T0_standard,1.0,1.0,1.0,233,2,2,1,0.7442509334784112,0.6510481568811612,0.5137795664829615,67.0,67,1.22872771641791,0.02527769952613915,0.23047136699544968,0.7442509334784112
A0_standard,T0_standard,1.0,1.0,1.0,235,2,2,1,0.8176595835918455,0.5160780279454522,0.6461756899751153,25.0,25,0.58303204,0.010856522791424248,0.17148389361673025,0.8176595835918455
A0_standard,T0_standard,1.0,1.0,1.0,239,2,2,1,0.8319720372533215,0.5445336550535622,0.7035760981996668,18.0,18,0.5865500555555556,0.1283959390536546,0.039632023693023925,0.8319720372533215
A0_standard,T0_standard,1.0,1.0,1.0,242,2,2,1,0.7167235157374149,0.719277578502757,0.4779969978296972,15.0,15,0.6072851333333332,0.2387265179077177,0.04454996635486745,0.7167235157374149
A0_standard,T0_standard,1.0,1.0,1.0,244,2,2,1,0.8982808760188492,0.3625437740912932,0.8070236827885108,108.0,108,1.5329172870370373,0.010461930750812363,0.09125719323033843,0.8982808760188492
A0_standard,T0_standard,1.0,1.0,1.0,245,2,2,1,0.9597302618640042,0.1947151140432318,0.9333054627520406,13.0,13,0.5391935384615386,0.013844939024032102,0.026424799111963652,0.9597302618640042
A0_standard,T0_standard,1.0,1.0,1.0,249,0,0,1,0.5982240900605191,0.8927470786173197,0.29082700368864384,32.0,32,0.737368,0.5982240900605191,0.09437882356760563,0.3073970863718753
A0_standard,T0_standard,1.0,1.0,1.0,253,0,0,1,0.8230675873576766,0.5535235801000664,0.6802974835963214,94.0,94,1.2869785319148936,0.8230675873576766,0.034162308880968086,0.1427701037613553
A0_standard,T0_standard,1.0,1.0,1.0,259,1,0,0,0.6895177921298048,0.8161163314141983,0.48111382495668137,10.0,10,0.49205679999999996,0.6895177921298048,0.20840396717312343,0.10207824069707166
A0_standard,T0_standard,1.0,1.0,1.0,260,1,1,1,0.7937465405285259,0.5870246533359152,0.613462330875423,12.0,12,0.5609836666666668,0.025969249818371287,0.7937465405285259,0.18028420965310285
A0_standard,T0_standard,1.0,1.0,1.0,269,1,1,1,0.9139335078817477,0.3098798799301211,0.8319859892051384,11.0,11,0.3788078181818182,0.004118973441643194,0.9139335078817477,0.08194751867660921
A0_standard,T0_standard,1.0,1.0,1.0,270,1,1,1,0.9875223642740496,0.0725295187898817,0.9770077839731734,7.0,7,0.36814757142857146,0.001963055425074358,0.9875223642740496,0.010514580300876203
A0_standard,T0_standard,1.0,1.0,1.0,271,2,0,0,0.5013966387353697,0.9049587161917307,0.0781915082591279,4.0,4,0.6352672500000001,0.5013966387353697,0.07539823078838857,0.42320513047624175
A0_standard,T0_standard,1.0,1.0,1.0,276,1,2,0,0.6399068939735925,0.6909054458859124,0.2875685074915478,8.0,8,0.425745125,0.007754719544362846,0.3523383864820447,0.6399068939735925
A0_standard,T0_standard,1.0,1.0,1.0,278,1,1,1,0.9295724216414041,0.2628429170331766,0.8608690337346618,10.0,10,0.49930959999999996,0.001724190451853755,0.9295724216414041,0.0687033879067422
A0_standard,T0_standard,1.0,1.0,1.0,290,2,2,1,0.6815324605429531,0.6762878794082932,0.3749000367032736,11.0,11,0.6727623636363637,0.011835115617367243,0.30663242383967954,0.6815324605429531
A0_standard,T0_standard,1.0,1.0,1.0,293,2,2,1,0.9307738000912343,0.26204185788952167,0.8639423751683428,18.0,18,0.6691911666666666,0.0023947749858739733,0.06683142492289154,0.9307738000912343
A0_standard,T0_standard,1.0,1.0,1.0,297,2,2,1,0.7166123891843877,0.783831888221834,0.5399457701084547,10.0,10,0.4448850999999999,0.17666661907593306,0.10672099173967924,0.7166123891843877
A0_standard,T0_standard,1.0,1.0,1.0,298,2,2,1,0.810425007573874,0.5986263067652005,0.6745839108306265,16.0,16,0.6169322500000001,0.05373389568287847,0.13584109674324754,0.810425007573874
A0_standard,T0_standard,1.0,1.0,1.0,299,1,1,1,0.8618833967017102,0.4101789901110713,0.7253500707107408,17.0,17,0.6325850000000001,0.001583277307320447,0.8618833967017102,0.1365333259909694
A0_standard,T0_standard,1.0,1.0,1.0,304,1,1,1,0.9943872867414812,0.038513076960341286,0.9911598545252225,22.0,22,0.6175126818181818,0.003227432216258747,0.9943872867414812,0.0023852810422600105
A0_standard,T0_standard,1.0,1.0,1.0,308,2,2,1,0.8956016044097747,0.37880660844797454,0.8068833440697584,21.0,21,0.744395857142857,0.01568013525020895,0.08871826034001627,0.8956016044097747
A0_standard,T0_standard,1.0,1.0,1.0,311,1,1,1,0.690958958932783,0.6574803756067529,0.3904805717705501,25.0,25,0.62898604,0.008562653904984006,0.690958958932783,0.3004783871622329
A0_standard,T0_standard,1.0,1.0,1.0,314,1,1,1,0.9467916244491721,0.2148455995076345,0.8951280542227125,9.0,9,0.4122361111111112,0.0015448053243683469,0.9467916244491721,0.05166357022645959
A0_standard,T0_standard,1.0,1.0,1.0,321,2,2,1,0.93037145692449,0.27269720437529493,0.8665654054950321,4.0,4,0.34794725,0.0058224916460521475,0.06380605142945786,0.93037145692449
A0_standard,T0_standard,1.0,1.0,1.0,322,1,1,1,0.8642834160816273,0.41551926954341223,0.7326733373975799,13.0,13,0.5984578461538462,0.004106505234325438,0.8642834160816273,0.13161007868404737
A0_standard,T0_standard,1.0,1.0,1.0,324,1,2,0,0.6459197400651823,0.6735636940126184,0.2962276786813063,7.0,7,0.3544742857142857,0.004388198550941738,0.349692061383876,0.6459197400651823
A0_standard,T0_standard,1.0,1.0,1.0,326,2,2,1,0.9261798511812832,0.2844898300734234,0.8584719544478727,7.0,7,0.42478699999999997,0.0061122520853065,0.06770789673341046,0.9261798511812832
A0_standard,T0_standard,1.0,1.0,1.0,327,1,1,1,0.919270978447854,0.28469702507688555,0.8392695731608057,9.0,9,0.38338188888888886,0.000727616265097568,0.919270978447854,0.0800014052870483
A0_standard,T0_standard,1.0,1.0,1.0,329,1,1,1,0.8797580316764232,0.4095323896786713,0.7729636291953238,6.0,6,0.44581633333333337,0.10679440248109937,0.8797580316764232,0.013447565842477471
A0_standard,T0_standard,1.0,1.0,1.0,331,1,1,1,0.7981224937177765,0.5173338691093515,0.5989470547327232,7.0,7,0.4697390000000001,0.0027020672971700957,0.7981224937177765,0.19917543898505327
A0_standard,T0_standard,1.0,1.0,1.0,332,2,2,1,0.5679855921306006,0.9589650555370455,0.2801310582236153,18.0,18,0.71271,0.14415987396241395,0.28785453390698534,0.5679855921306006
A0_standard,T0_standard,1.0,1.0,1.0,334,1,1,1,0.9749174712560116,0.12463299150549435,0.9520218069435136,17.0,17,0.6182341764705882,0.0021868644314905236,0.9749174712560116,0.022895664312497968
A0_standard,T0_standard,1.0,1.0,1.0,338,1,0,0,0.9049022417384861,0.3779826717181618,0.8473736761830006,163.0,163,1.9818752024539878,0.9049022417384861,0.03756919270602837,0.05752856555548551
A0_standard,T0_standard,1.0,1.0,1.0,339,1,0,0,0.8220284904694802,0.5762869747984454,0.6965947807340077,61.0,61,0.9155766885245903,0.8220284904694802,0.05253779979504723,0.12543370973547252
A0_standard,T0_standard,1.0,1.0,1.0,340,0,0,1,0.8520484075729571,0.5216896573976137,0.7776906019466763,78.0,78,1.3844180128205126,0.8520484075729571,0.07359378680076198,0.07435780562628079
A0_standard,T0_standard,1.0,1.0,1.0,347,0,0,1,0.7973530145011543,0.6325249303742924,0.6615237228420002,14.0,14,0.44679828571428576,0.7973530145011543,0.06681769383969167,0.135829291659154
A0_standard,T0_standard,1.0,1.0,1.0,360,2,2,1,0.8475915691703422,0.4363580700169436,0.696918986469343,12.0,12,0.5786047499999999,0.001735848128658751,0.1506725827009991,0.8475915691703422
A0_standard,T0_standard,1.0,1.0,1.0,361,2,2,1,0.7826135267915877,0.6528672083544987,0.6265070999135969,10.0,10,0.5130506,0.0612800463304214,0.15610642687799087,0.7826135267915877
A0_standard,T0_standard,1.0,1.0,1.0,362,2,2,1,0.8379419193672153,0.5480668466423833,0.7327271787645766,11.0,11,0.5684201818181817,0.056843340030146024,0.10521474060263866,0.8379419193672153
A0_standard,T0_standard,1.0,1.0,1.0,366,0,0,1,0.8474723840289392,0.4906985975682231,0.7173403875462258,6.0,6,0.3645646666666667,0.8474723840289392,0.02239561948834738,0.13013199648271342
A0_standard,T0_standard,1.0,1.0,1.0,374,0,0,1,0.95620316162489,0.20965332966230338,0.930896053444691,18.0,18,0.5402341666666667,0.95620316162489,0.02530710818019909,0.018489730194910816
A0_standard,T0_standard,1.0,1.0,1.0,376,0,0,1,0.9538741634966813,0.2182770806251743,0.9269755540762412,18.0,18,0.5590460555555555,0.9538741634966813,0.026898609420440093,0.019227227082878554
A0_standard,T0_standard,1.0,1.0,1.0,378,0,0,1,0.9439660054360182,0.25474922540358824,0.9156552813770645,16.0,16,0.487147875,0.9439660054360182,0.027723270505028274,0.028310724058953577
A0_standard,T0_standard,1.0,1.0,1.0,380,0,0,1,0.946584025492626,0.24523583336354468,0.9173335397860264,19.0,19,0.48924563157894735,0.946584025492626,0.029250485706599626,0.024165488800774234
A0_standard,T0_standard,1.0,1.0,1.0,387,0,0,1,0.8754773022401033,0.4419391170959909,0.7787369704770628,44.0,44,1.1116842272727274,0.8754773022401033,0.02778236599685615,0.09674033176304048
A0_standard,T0_standard,1.0,1.0,1.0,388,0,0,1,0.8465109263990778,0.522121229139926,0.7386544329670627,23.0,23,0.6896618260869564,0.8465109263990778,0.045632580168907234,0.10785649343201512
A0_standard,T0_standard,1.0,1.0,1.0,389,0,0,1,0.9628125687652763,0.18429357200371682,0.9415546999841427,24.0,24,0.8380092500000001,0.9628125687652763,0.021257868781133716,0.015929562453589972
A0_standard,T0_standard,1.0,1.0,1.0,391,0,0,1,0.9609283998075828,0.19201581838332027,0.9404155375720764,34.0,34,0.927025911764706,0.9609283998075828,0.020512862235506395,0.018558737956910803
A0_standard,T0_standard,1.0,1.0,1.0,400,0,0,1,0.9610636764253416,0.19133525169602217,0.93961308735686,15.0,15,0.5019540666666668,0.9610636764253416,0.017485734506176742,0.021450589068481664
A0_standard,T0_standard,1.0,1.0,1.0,403,0,0,1,0.9261031515953592,0.311068380631172,0.8774733844177953,13.0,13,0.619328,0.9261031515953592,0.025267081227076972,0.048629767177563864
A0_standard,T0_standard,1.0,1.0,1.0,405,0,0,1,0.8725669165618878,0.4431276434626356,0.7691324027360803,47.0,47,1.081583680851064,0.8725669165618878,0.023998569612304753,0.10343451382580747
A0_standard,T0_standard,1.0,1.0,1.0,411,2,2,1,0.8746805609714112,0.4343979029531242,0.7705868321563781,3.0,3,0.201223,0.02122571021355556,0.10409372881503312,0.8746805609714112
A0_standard,T0_standard,1.0,1.0,1.0,413,0,0,1,0.944281142480182,0.2536322398245992,0.9158757557858116,83.0,83,1.1146613373493979,0.944281142480182,0.028405386694370455,0.027313470825447432
A0_standard,T0_standard,1.0,1.0,1.0,421,0,0,1,0.889522757401156,0.41924860139171705,0.8180531102155755,60.0,60,0.8280121,0.889522757401156,0.03900759541326336,0.07146964718558052
A0_standard,T0_standard,1.0,1.0,1.0,422,0,0,1,0.9499706701449324,0.23153673510268194,0.918392410367688,72.0,72,0.9631183333333332,0.9499706701449324,0.01845107007782333,0.03157825977724437
A0_standard,T0_standard,1.0,1.0,1.0,426,0,0,1,0.9672614040507543,0.16462426869720317,0.9449527590691805,39.0,39,1.0525164615384617,0.9672614040507543,0.02230864498157379,0.010429950967671879
A0_standard,T0_standard,1.0,1.0,1.0,429,0,0,1,0.9297691870133633,0.29690469961331456,0.8803363142059424,66.0,66,1.4506720606060608,0.9297691870133633,0.020797940179215917,0.04943287280742088
A0_standard,T0_standard,1.0,1.0,1.0,430,0,0,1,0.916522121786368,0.3373610992016266,0.8571551964322826,70.0,70,1.3141251428571425,0.916522121786368,0.024110952859546293,0.05936692535408555
A0_standard,T0_standard,1.0,1.0,1.0,432,0,0,1,0.8982595990015532,0.38888955719156426,0.824662252355917,99.0,99,1.6191042626262624,0.8982595990015532,0.028143054352810604,0.0735973466456362
A0_standard,T0_standard,1.0,1.0,1.0,433,0,0,1,0.9201359095773808,0.32931534640806387,0.8669559751953431,66.0,66,1.1340002424242426,0.9201359095773808,0.026684156040581435,0.05317993438203775
A0_standard,T0_standard,1.0,1.0,1.0,438,0,0,1,0.9674450775941598,0.1657926817678846,0.9490101401345478,160.0,160,2.0565121187499997,0.9674450775941598,0.01843493745961202,0.014119984946228235
A0_standard,T0_standard,1.0,1.0,1.0,439,0,0,1,0.9603436148021885,0.1942496908402625,0.9391904770934543,144.0,144,1.8719137986111112,0.9603436148021885,0.02115313770873425,0.018503247489077158
A0_standard,T0_standard,1.0,1.0,1.0,452,1,1,1,0.8970119309247472,0.34622226933969835,0.7973303695694748,16.0,16,0.5164338125,0.0033065077199804075,0.8970119309247472,0.0996815613552724
A1_boundary_075,T0_standard,0.75,1.0,1.0,1,1,1,1,0.957047942723136,0.20551909062433596,0.9299891524992113,187.98364397109168,191,1.7893955968586386,0.015893267052939298,0.957047942723136,0.027058790223924673
A1_boundary_075,T0_standard,0.75,1.0,1.0,2,0,0,1,0.46336476631388285,1.0550922538288465,0.15078381551109787,28.408695652173915,29,0.9194155862068966,0.46336476631388285,0.312580950802785,0.2240542828833322
A1_boundary_075,T0_standard,0.75,1.0,1.0,7,0,0,1,0.7497757317598476,0.6791638269946189,0.5436944786604191,68.64285714285714,70,1.2559205428571434,0.7497757317598476,0.04414301514072402,0.20608125309942846
A1_boundary_075,T0_standard,0.75,1.0,1.0,8,0,0,1,0.8951662998171234,0.38863826527215534,0.8117388176167876,67.69127516778524,69,1.4160222753623186,0.8951662998171234,0.021406217982540932,0.08342748220033579
A1_boundary_075,T0_standard,0.75,1.0,1.0,9,0,0,1,0.938279824629052,0.27345672221114287,0.9018821180226172,95.25660964230171,97,1.6381157731958764,0.938279824629052,0.025322468764513106,0.036397706606434835
A1_boundary_075,T0_standard,0.75,1.0,1.0,12,0,0,1,0.9284879232086182,0.3033458565942846,0.8812467761399891,63.71931956257594,65,1.1779163384615385,0.9284879232086182,0.02427092972275274,0.04724114706862905
A1_boundary_075,T0_standard,0.75,1.0,1.0,15,1,1,1,0.9929736429985176,0.04652899218726053,0.9886682024239957,37.22559652928417,38,1.0010864210526318,0.002720916426960546,0.9929736429985176,0.004305440574521958
A1_boundary_075,T0_standard,0.75,1.0,1.0,18,1,0,0,0.936259995844375,0.27481993048063813,0.8902496763623264,94.19455564451562,96,1.3256457604166665,0.936259995844375,0.04601031948204861,0.017729684673576343
A1_boundary_075,T0_standard,0.75,1.0,1.0,22,1,1,1,0.9838219186737321,0.0910825609079601,0.9710421638461084,18.660194174757283,19,0.8067329999999999,0.0033983264986441686,0.9838219186737321,0.01277975482762373
A1_boundary_075,T0_standard,0.75,1.0,1.0,28,1,1,1,0.8958513978784273,0.35492533636467255,0.7969600085104859,20.642857142857142,21,0.7458260476190477,0.005257212753631363,0.8958513978784273,0.0988913893679414
A1_boundary_075,T0_standard,0.75,1.0,1.0,29,1,1,1,0.6460308869462871,0.7395354096776108,0.31679553506089375,12.903225806451612,13,0.504573923076923,0.02473376116831949,0.6460308869462871,0.3292353518853933
A1_boundary_075,T0_standard,0.75,1.0,1.0,32,0,2,0,0.4753793859767695,0.8984064944837535,0.020957971869380476,113.98135048231511,116,1.5386575431034482,0.454421414107389,0.07019919991584152,0.4753793859767695
A1_boundary_075,T0_standard,0.75,1.0,1.0,35,0,0,1,0.7233558733906457,0.7765779629467786,0.5589901657315542,33.33942558746736,34,0.681779294117647,0.7233558733906457,0.11227841895026298,0.1643657076590914
A1_boundary_075,T0_standard,0.75,1.0,1.0,37,0,0,1,0.9540613154925117,0.21735363051704815,0.926642698793316,180.9544546544147,184,1.7882877282608698,0.9540613154925117,0.027418616699195722,0.018520067808292667
A1_boundary_075,T0_standard,0.75,1.0,1.0,38,0,0,1,0.8898806009368947,0.4149996703427077,0.8139730787656636,36.24494382022472,37,0.9075333243243243,0.8898806009368947,0.03421187689187429,0.07590752217123109
A1_boundary_075,T0_standard,0.75,1.0,1.0,39,0,0,1,0.9282927328828062,0.30763030719394735,0.8904875355189099,32.329896907216494,33,0.8299917878787879,0.9282927328828062,0.03780519736389626,0.033902069753297626
A1_boundary_075,T0_standard,0.75,1.0,1.0,41,0,0,1,0.9578308796372862,0.20399728220420105,0.9362958975057872,68.70338058887677,70,1.2843535142857143,0.9578308796372862,0.02063413823121486,0.02153498213149901
A1_boundary_075,T0_standard,0.75,1.0,1.0,44,0,0,1,0.9261547902983663,0.314414522661136,0.8862280465319301,24.66798418972332,25,0.5948057999999999,0.9261547902983663,0.039926743766436186,0.033918465935197546
A1_boundary_075,T0_standard,0.75,1.0,1.0,49,1,0,0,0.6082504350079468,0.9160677445655239,0.3431575351877803,16.0,16,0.37066231250000004,0.6082504350079468,0.12665666517188662,0.26509289982016654
A1_boundary_075,T0_standard,0.75,1.0,1.0,51,0,0,1,0.6966258643214902,0.7360217466170278,0.4354328658477372,17.818181818181817,18,0.5287885,0.6966258643214902,0.04218113720475686,0.261192998473753
A1_boundary_075,T0_standard,0.75,1.0,1.0,55,0,0,1,0.9643048025104224,0.17681394328083327,0.9406250349572091,38.34782608695652,39,0.6499513846153847,0.9643048025104224,0.02367976755321335,0.012015429936364222
A1_boundary_075,T0_standard,0.75,1.0,1.0,60,0,0,1,0.9559961605162528,0.21040874613807542,0.9304959883933522,50.0,51,1.224436588235294,0.9559961605162528,0.025500172122900542,0.01850366736084671
A1_boundary_075,T0_standard,0.75,1.0,1.0,61,0,0,1,0.9215929796321467,0.3235563518053971,0.8676848580592426,32.32658227848101,33,0.9699814242424242,0.9215929796321467,0.024498898794949087,0.05390812157290416
A1_boundary_075,T0_standard,0.75,1.0,1.0,71,2,2,1,0.9729495425168758,0.14235228823354232,0.9562911334388363,13.82857142857143,14,0.6911514999999999,0.01665840907803947,0.01039204840508465,0.9729495425168758
A1_boundary_075,T0_standard,0.75,1.0,1.0,75,0,1,0,0.6265996630446692,0.8765335481675474,0.3520373893256878,18.660194174757283,19,0.7114136315789473,0.09883806323634951,0.6265996630446692,0.2745622737189814
A1_boundary_075,T0_standard,0.75,1.0,1.0,77,0,0,1,0.7338041269086931,0.7127257519098837,0.5209068559597034,9.0,9,0.3371106666666667,0.7338041269086931,0.053298602142317214,0.21289727094898975
A1_boundary_075,T0_standard,0.75,1.0,1.0,84,2,2,1,0.6276128816126348,0.6882284025450043,0.26057668698363573,8.0,8,0.40794074999999996,0.005350923758366028,0.3670361946289991,0.6276128816126348
A1_boundary_075,T0_standard,0.75,1.0,1.0,85,2,0,0,0.6072201472533587,0.8259854627318455,0.2677648321138572,9.846153846153847,10,0.6327266,0.6072201472533587,0.05332453760713977,0.3394553151395015
A1_boundary_075,T0_standard,0.75,1.0,1.0,86,0,2,0,0.8759914230754903,0.4138013165628797,0.7637777112413995,13.82857142857143,14,0.5406887857142857,0.011794865090418848,0.11221371183409076,0.8759914230754903
A1_boundary_075,T0_standard,0.75,1.0,1.0,87,0,2,0,0.7336209854596003,0.6602468013073849,0.49123039224953513,7.0,7,0.5237958571428571,0.24239059321006518,0.023988421330334443,0.7336209854596003
A1_boundary_075,T0_standard,0.75,1.0,1.0,88,0,0,1,0.5139846558964088,0.8213021920202915,0.06405476521221232,8.0,8,0.40546887499999995,0.5139846558964088,0.036085453419394654,0.44992989068419653
A1_boundary_075,T0_standard,0.75,1.0,1.0,89,0,2,0,0.5368911951064625,0.8485208638962143,0.12359458890062897,7.0,7,0.3756504285714285,0.4132966062058336,0.0498121986877038,0.5368911951064625
A1_boundary_075,T0_standard,0.75,1.0,1.0,90,0,0,1,0.5119550159776981,0.9578547362445452,0.13766274851396532,8.909090909090908,9,0.6029300000000001,0.5119550159776981,0.11375271655856915,0.3742922674637328
A1_boundary_075,T0_standard,0.75,1.0,1.0,93,0,0,1,0.670653891979891,0.8146623906543391,0.4198768601262787,10.84070796460177,11,0.3752034545454545,0.670653891979891,0.07856907616649672,0.25077703185361233
A1_boundary_075,T0_standard,0.75,1.0,1.0,98,0,0,1,0.7641310946770735,0.6453306386931734,0.5632723312013415,17.0,17,0.4362414705882353,0.7641310946770735,0.03501014184719447,0.2008587634757321
A1_boundary_075,T0_standard,0.75,1.0,1.0,101,0,0,1,0.8862592363215127,0.43064915463522946,0.8176144862713011,13.0,13,0.519376153846154,0.8862592363215127,0.04509601362827556,0.0686447500502116
A1_boundary_075,T0_standard,0.75,1.0,1.0,102,0,0,1,0.9419662229967117,0.26164842943087896,0.9112440061935964,12.0,12,0.54038,0.9419662229967117,0.03072221680311539,0.027311560200172953
A1_boundary_075,T0_standard,0.75,1.0,1.0,106,0,0,1,0.7343406538885286,0.7149635706863946,0.524118063562301,99.17365269461078,101,1.456544306930693,0.7343406538885286,0.05543675578524364,0.21022259032622773
A1_boundary_075,T0_standard,0.75,1.0,1.0,118,0,0,1,0.7956201226212948,0.6010305889349081,0.6269034201649255,26.45,27,0.771531037037037,0.7956201226212948,0.035663174922336,0.16871670245636924
A1_boundary_075,T0_standard,0.75,1.0,1.0,119,0,0,1,0.9558952319517322,0.21134284431802838,0.9335099106349155,95.20754716981132,97,1.3621651546391753,0.9558952319517322,0.022385321316816708,0.02171944673145108
A1_boundary_075,T0_standard,0.75,1.0,1.0,120,0,0,1,0.9399841214507616,0.26322215914350955,0.8974538762111349,75.57142857142857,77,1.3922861558441562,0.9399841214507616,0.0174856333096116,0.04253024523962665
A1_boundary_075,T0_standard,0.75,1.0,1.0,123,0,0,1,0.9464671511008407,0.24576251773679963,0.9178177108665599,19.898395721925134,20,0.5155320999999999,0.9464671511008407,0.024883408664878755,0.028649440234280704
A1_boundary_075,T0_standard,0.75,1.0,1.0,124,0,0,1,0.9619585270772443,0.1879782294800802,0.9418768601033106,46.049180327868854,47,0.8481854893617022,0.9619585270772443,0.017959805948822037,0.020081666973933692
A1_boundary_075,T0_standard,0.75,1.0,1.0,129,0,0,1,0.9112458644655045,0.35425205986205655,0.8495845295319685,62.746928746928745,64,1.315091625,0.9112458644655045,0.027092800600959626,0.061661334933535934
A1_boundary_075,T0_standard,0.75,1.0,1.0,130,0,0,1,0.9271326598745361,0.3078585653874335,0.8792757193888968,73.56965944272446,75,1.3049385733333334,0.9271326598745361,0.025010399639824484,0.04785694048563931
A1_boundary_075,T0_standard,0.75,1.0,1.0,134,1,1,1,0.9415218460380332,0.2627438941345921,0.908280759395176,23.58139534883721,24,0.7835483333333334,0.033241086642857166,0.9415218460380332,0.025237067319109702
A1_boundary_075,T0_standard,0.75,1.0,1.0,136,1,1,1,0.8844181378962144,0.3988439194542055,0.7819186864118293,100.27826086956522,102,1.6543439509803923,0.013082410619400445,0.8844181378962144,0.1024994514843851
A1_boundary_075,T0_standard,0.75,1.0,1.0,138,1,1,1,0.6186168792295055,0.726448698010665,0.25175874883121974,7.0,7,0.46868471428571423,0.014524990372208703,0.6186168792295055,0.36685813039828574
A1_boundary_075,T0_standard,0.75,1.0,1.0,140,1,0,0,0.7560840941182967,0.7244967891848366,0.6302272423215942,11.0,11,0.4528042727272727,0.7560840941182967,0.12585685179670245,0.11805905408500092
A1_boundary_075,T0_standard,0.75,1.0,1.0,145,1,1,1,0.9370513065482846,0.2614858950232182,0.8834712518098301,89.35548172757476,91,1.4519752857142858,0.009368638713260784,0.9370513065482846,0.05358005473845454
A1_boundary_075,T0_standard,0.75,1.0,1.0,149,2,2,1,0.8051925410916232,0.6280199335752449,0.7042372331000513,13.902255639097744,14,0.40021921428571433,0.09385215091680481,0.10095530799157193,0.8051925410916232
A1_boundary_075,T0_standard,0.75,1.0,1.0,150,2,2,1,0.8211096636158942,0.5695928233117205,0.6863010741061026,8.0,8,0.35506275,0.04408174687431419,0.13480858950979158,0.8211096636158942
A1_boundary_075,T0_standard,0.75,1.0,1.0,151,2,2,1,0.9614268933463597,0.18846079427851636,0.936525353449559,10.84070796460177,11,0.5133822727272727,0.01367156675683956,0.024901539896800714,0.9614268933463597
A1_boundary_075,T0_standard,0.75,1.0,1.0,152,2,2,1,0.874843526991303,0.4415691131217408,0.7760982020535965,5.0,5,0.2464702,0.09874532493770652,0.02641114807099064,0.874843526991303
A1_boundary_075,T0_standard,0.75,1.0,1.0,160,2,2,1,0.9828868242165923,0.09305601305045244,0.9679269940261597,12.83206106870229,13,0.5016772307692308,0.0021533455929749284,0.014959830190432698,0.9828868242165923
A1_boundary_075,T0_standard,0.75,1.0,1.0,168,1,1,1,0.8980802510358001,0.3945740678380454,0.830751768470778,13.0,13,0.4162788461538462,0.03459126639917762,0.8980802510358001,0.06732848256502212
A1_boundary_075,T0_standard,0.75,1.0,1.0,169,2,2,1,0.9344227719238573,0.2765488295866545,0.883233332930756,10.90566037735849,11,0.44178781818181817,0.014387789083041438,0.051189438993101195,0.9344227719238573
A1_boundary_075,T0_standard,0.75,1.0,1.0,174,2,2,1,0.7817028656332407,0.6050874169896575,0.5897242690667307,5.0,5,0.3432982,0.19197859656650998,0.02631853780024941,0.7817028656332407
A1_boundary_075,T0_standard,0.75,1.0,1.0,176,2,2,1,0.7239386533483079,0.6037633813928484,0.45044546286998804,29.389830508474578,30,0.8189938999999999,0.0025681561733721914,0.2734931904783198,0.7239386533483079
A1_boundary_075,T0_standard,0.75,1.0,1.0,178,2,2,1,0.9823038195852425,0.09415024017498401,0.9661421190898423,31.34715025906736,32,0.95442090625,0.0015344799193573511,0.016161700495400222,0.9823038195852425
A1_boundary_075,T0_standard,0.75,1.0,1.0,184,2,2,1,0.8652878725264972,0.45284912188991666,0.7511643275203813,14.76923076923077,15,0.7859551333333333,0.11412354500611592,0.02058858246738676,0.8652878725264972
A1_boundary_075,T0_standard,0.75,1.0,1.0,186,1,0,0,0.903221743825024,0.38481651820393226,0.8516391202553907,14.76923076923077,15,0.6404765999999998,0.903221743825024,0.04519563260534271,0.05158262356963331
A1_boundary_075,T0_standard,0.75,1.0,1.0,187,2,2,1,0.6920050417190909,0.7757303330495182,0.44864925031004,13.902255639097744,14,0.5083184285714285,0.24335579140905098,0.06463916687185817,0.6920050417190909
A1_boundary_075,T0_standard,0.75,1.0,1.0,194,2,2,1,0.9546628956689933,0.19044868383878832,0.9106259403213119,11.836065573770492,12,0.537488,0.00130014898332523,0.04403695534768136,0.9546628956689933
A1_boundary_075,T0_standard,0.75,1.0,1.0,198,1,1,1,0.5208238443278623,0.8022860854741876,0.07085357199708692,14.76923076923077,15,0.7177088000000001,0.4499702723307754,0.5208238443278623,0.029205883341362253
A1_boundary_075,T0_standard,0.75,1.0,1.0,200,2,2,1,0.9496972673421632,0.2341863979083792,0.9230716948545369,5.0,5,0.2278204,0.02662557248762628,0.023677160170210588,0.9496972673421632
A1_boundary_075,T0_standard,0.75,1.0,1.0,202,2,2,1,0.8787042648352968,0.4136836319356718,0.7718031493125342,21.68141592920354,22,0.5913674545454545,0.014394619641940486,0.10690111552276263,0.8787042648352968
A1_boundary_075,T0_standard,0.75,1.0,1.0,205,1,1,1,0.8710290080269675,0.39787766191946217,0.744847111944666,54.88,56,1.062304125,0.002789095890730947,0.8710290080269675,0.12618189608230151
A1_boundary_075,T0_standard,0.75,1.0,1.0,206,2,2,1,0.8843736166247653,0.41287356450131935,0.7897245260147895,21.6,22,0.6087270454545455,0.02097729276525876,0.09464909060997584,0.8843736166247653
A1_boundary_075,T0_standard,0.75,1.0,1.0,212,2,2,1,0.9125260587630385,0.355275502068571,0.8594468379453963,25.473684210526315,26,0.8470876538461538,0.03439472041931928,0.05307922081764213,0.9125260587630385
A1_boundary_075,T0_standard,0.75,1.0,1.0,214,2,2,1,0.9330313920676256,0.28289302467890276,0.8823642584624735,45.061371841155236,46,1.0707565,0.016301474327222086,0.050667133605152216,0.9330313920676256
A1_boundary_075,T0_standard,0.75,1.0,1.0,222,2,2,1,0.9122197250972378,0.3478805460017621,0.847459959607929,4.0,4,0.5312697500000001,0.023020509413453367,0.06475976548930885,0.9122197250972378
A1_boundary_075,T0_standard,0.75,1.0,1.0,229,1,1,1,0.8133970508033653,0.49298812665345415,0.6289428574221053,20.897959183673468,21,0.46933819047619046,0.0021487558153747135,0.8133970508033653,0.18445419338125998
A1_boundary_075,T0_standard,0.75,1.0,1.0,231,2,2,1,0.9367305858629704,0.24213066084965768,0.8747413688500714,5.0,5,0.4425108,0.001280197124130608,0.06198921701289905,0.9367305858629704
A1_boundary_075,T0_standard,0.75,1.0,1.0,233,2,2,1,0.7526085121635189,0.6358458401186855,0.5281567247871412,65.67924528301887,67,1.22872771641791,0.02293970046010336,0.22445178737637775,0.7526085121635189
A1_boundary_075,T0_standard,0.75,1.0,1.0,235,2,2,1,0.8131727102711761,0.5228802025281668,0.6371533051563046,24.66798418972332,25,0.58303204,0.010807884613952382,0.1760194051148715,0.8131727102711761
A1_boundary_075,T0_standard,0.75,1.0,1.0,239,2,2,1,0.8427255712851734,0.5216263078932268,0.7230524689714731,17.705263157894738,18,0.5865500555555556,0.1196731023137003,0.03760132640112629,0.8427255712851734
A1_boundary_075,T0_standard,0.75,1.0,1.0,242,2,2,1,0.7153129984097486,0.7206567625935643,0.4750775291466201,14.825503355704697,15,0.6072851333333332,0.2402354692631285,0.04445153232712288,0.7153129984097486
A1_boundary_075,T0_standard,0.75,1.0,1.0,244,2,2,1,0.8967300648390749,0.3666874184880643,0.8042042181047062,106.09368494101318,108,1.5329172870370373,0.01074408842655645,0.09252584673436867,0.8967300648390749
A1_boundary_075,T0_standard,0.75,1.0,1.0,245,2,2,1,0.960274923210358,0.192807241306494,0.9344826680769475,12.782608695652174,13,0.5391935384615386,0.0139328216562313,0.025792255133410567,0.960274923210358
A1_boundary_075,T0_standard,0.75,1.0,1.0,249,0,0,1,0.6319164424871888,0.8610222296897858,0.35239094296280515,31.35483870967742,32,0.737368,0.6319164424871888,0.08855805798842745,0.27952549952438366
A1_boundary_075,T0_standard,0.75,1.0,1.0,253,0,0,1,0.8438640693129249,0.5125211618061527,0.7198200546223619,92.281098546042,94,1.2869785319148936,0.8438640693129249,0.03209191599651194,0.12404401469056309
A1_boundary_075,T0_standard,0.75,1.0,1.0,259,1,0,0,0.6895177921298048,0.8161163314141983,0.48111382495668137,10.0,10,0.49205679999999996,0.6895177921298048,0.20840396717312343,0.10207824069707166
A1_boundary_075,T0_standard,0.75,1.0,1.0,260,1,1,1,0.7991635138643763,0.5776364189031614,0.6236414483768705,11.904347826086957,12,0.5609836666666668,0.025314420648117713,0.7991635138643763,0.17552206548750585
A1_boundary_075,T0_standard,0.75,1.0,1.0,269,1,1,1,0.9139335078817477,0.3098798799301211,0.8319859892051384,11.0,11,0.3788078181818182,0.004118973441643194,0.9139335078817477,0.08194751867660921
A1_boundary_075,T0_standard,0.75,1.0,1.0,270,1,1,1,0.9875223642740496,0.0725295187898817,0.9770077839731734,7.0,7,0.36814757142857146,0.001963055425074358,0.9875223642740496,0.010514580300876203
A1_boundary_075,T0_standard,0.75,1.0,1.0,271,2,0,0,0.5013966387353697,0.9049587161917307,0.0781915082591279,4.0,4,0.6352672500000001,0.5013966387353697,0.07539823078838857,0.42320513047624175
A1_boundary_075,T0_standard,0.75,1.0,1.0,276,1,2,0,0.6399068939735925,0.6909054458859124,0.2875685074915478,8.0,8,0.425745125,0.007754719544362846,0.3523383864820447,0.6399068939735925
A1_boundary_075,T0_standard,0.75,1.0,1.0,278,1,1,1,0.9285858973296587,0.2653463050206527,0.8588800937373997,9.907216494845361,10,0.49930959999999996,0.0017082990780822268,0.9285858973296587,0.06970580359225903
A1_boundary_075,T0_standard,0.75,1.0,1.0,290,2,2,1,0.6660852102502485,0.6862408230270833,0.34345700770940973,10.8,11,0.6727623636363637,0.011286587208912763,0.32262820254083874,0.6660852102502485
A1_boundary_075,T0_standard,0.75,1.0,1.0,293,2,2,1,0.935753476246341,0.24855190713624456,0.8738494235081815,17.67005076142132,18,0.6691911666666666,0.002342471015499519,0.06190405273815951,0.935753476246341
A1_boundary_075,T0_standard,0.75,1.0,1.0,297,2,2,1,0.7124516725271138,0.7902080519278252,0.5328021128853611,9.907216494845361,10,0.4448850999999999,0.17964955964175278,0.10789876783113352,0.7124516725271138
A1_boundary_075,T0_standard,0.75,1.0,1.0,298,2,2,1,0.8071595574550499,0.6101352821936428,0.6746441987763117,15.720930232558139,16,0.6169322500000001,0.06032508386621204,0.13251535867873815,0.8071595574550499
A1_boundary_075,T0_standard,0.75,1.0,1.0,299,1,1,1,0.870916114132002,0.3929777370841401,0.7433689006686232,16.712707182320443,17,0.6325850000000001,0.0015366724046190594,0.870916114132002,0.12754721346337886
A1_boundary_075,T0_standard,0.75,1.0,1.0,304,1,1,1,0.9944582241045787,0.03809488107416078,0.9912646126554117,21.6,22,0.6175126818181818,0.003193611449167066,0.9944582241045787,0.0023481644462541745
A1_boundary_075,T0_standard,0.75,1.0,1.0,308,2,2,1,0.8978315864555774,0.3712990603896491,0.8100236046430772,20.58823529411765,21,0.744395857142857,0.014360431731922483,0.08780798181250019,0.8978315864555774
A1_boundary_075,T0_standard,0.75,1.0,1.0,311,1,1,1,0.707392536804848,0.6414909123524942,0.42287938458094565,24.615384615384617,25,0.62898604,0.00809431097124947,0.707392536804848,0.2845131522239024
A1_boundary_075,T0_standard,0.75,1.0,1.0,314,1,1,1,0.9467916244491721,0.2148455995076345,0.8951280542227125,9.0,9,0.4122361111111112,0.0015448053243683469,0.9467916244491721,0.05166357022645959
A1_boundary_075,T0_standard,0.75,1.0,1.0,321,2,2,1,0.93037145692449,0.27269720437529493,0.8665654054950321,4.0,4,0.34794725,0.0058224916460521475,0.06380605142945786,0.93037145692449
A1_boundary_075,T0_standard,0.75,1.0,1.0,322,1,1,1,0.8734493887430976,0.39744915902357597,0.7508751593453632,12.782608695652174,13,0.5984578461538462,0.003976381859168,0.8734493887430976,0.12257422939773442
A1_boundary_075,T0_standard,0.75,1.0,1.0,324,1,2,0,0.6459197400651823,0.6735636940126184,0.2962276786813063,7.0,7,0.3544742857142857,0.004388198550941738,0.349692061383876,0.6459197400651823
A1_boundary_075,T0_standard,0.75,1.0,1.0,326,2,2,1,0.9261798511812832,0.2844898300734234,0.8584719544478727,7.0,7,0.42478699999999997,0.0061122520853065,0.06770789673341046,0.9261798511812832
A1_boundary_075,T0_standard,0.75,1.0,1.0,327,1,1,1,0.919270978447854,0.28469702507688555,0.8392695731608057,9.0,9,0.38338188888888886,0.000727616265097568,0.919270978447854,0.0800014052870483
A1_boundary_075,T0_standard,0.75,1.0,1.0,329,1,1,1,0.8797580316764232,0.4095323896786713,0.7729636291953238,6.0,6,0.44581633333333337,0.10679440248109937,0.8797580316764232,0.013447565842477471
A1_boundary_075,T0_standard,0.75,1.0,1.0,331,1,1,1,0.7981224937177765,0.5173338691093515,0.5989470547327232,7.0,7,0.4697390000000001,0.0027020672971700957,0.7981224937177765,0.19917543898505327
A1_boundary_075,T0_standard,0.75,1.0,1.0,332,2,2,1,0.5755478727281864,0.9558308093792769,0.2985849896326053,17.67005076142132,18,0.71271,0.14748924417623252,0.2769628830955811,0.5755478727281864
A1_boundary_075,T0_standard,0.75,1.0,1.0,334,1,1,1,0.9763528103108697,0.11911631805888473,0.9548553668641888,16.712707182320443,17,0.6182341764705882,0.002149746242449375,0.9763528103108697,0.021497443446680947
A1_boundary_075,T0_standard,0.75,1.0,1.0,338,1,0,0,0.9112895950178417,0.359614661027614,0.859023028593064,160.68425643262103,163,1.9818752024539878,0.9112895950178417,0.03644383855738063,0.05226656642477766
A1_boundary_075,T0_standard,0.75,1.0,1.0,339,1,0,0,0.8346526219560967,0.5502394422648658,0.719872911442111,59.75609756097561,61,0.9155766885245903,0.8346526219560967,0.05056766752991764,0.11477971051398571
A1_boundary_075,T0_standard,0.75,1.0,1.0,340,0,0,1,0.8676128746879138,0.48262964314989243,0.7999282368499906,76.58680892337536,78,1.3844180128205126,0.8676128746879138,0.06470248747416295,0.0676846378379232
A1_boundary_075,T0_standard,0.75,1.0,1.0,347,0,0,1,0.7973530145011543,0.6325249303742924,0.6615237228420002,14.0,14,0.44679828571428576,0.7973530145011543,0.06681769383969167,0.135829291659154
A1_boundary_075,T0_standard,0.75,1.0,1.0,360,2,2,1,0.8478487464829294,0.4360075278066019,0.6974544229255133,11.836065573770492,12,0.5786047499999999,0.0017569299596546135,0.1503943235574161,0.8478487464829294
A1_boundary_075,T0_standard,0.75,1.0,1.0,361,2,2,1,0.7860530865418704,0.6465939359885231,0.6326452711261479,9.907216494845361,10,0.5130506,0.06053909804240693,0.1534078154157226,0.7860530865418704
A1_boundary_075,T0_standard,0.75,1.0,1.0,362,2,2,1,0.8422834028917197,0.5379746090153169,0.7397636153802425,10.90566037735849,11,0.5684201818181817,0.05519680959680306,0.1025197875114772,0.8422834028917197
A1_boundary_075,T0_standard,0.75,1.0,1.0,366,0,0,1,0.8474723840289392,0.4906985975682231,0.7173403875462258,6.0,6,0.3645646666666667,0.8474723840289392,0.02239561948834738,0.13013199648271342
A1_boundary_075,T0_standard,0.75,1.0,1.0,374,0,0,1,0.9561779249271618,0.2097388088520394,0.9308260579570335,17.75409836065574,18,0.5402341666666667,0.9561779249271618,0.02535186697012823,0.018470208102709832
A1_boundary_075,T0_standard,0.75,1.0,1.0,376,0,0,1,0.9543777870646918,0.21640786195363412,0.9277767936871235,17.75409836065574,18,0.5590460555555555,0.9543777870646918,0.026600993377568247,0.019021219557740002
A1_boundary_075,T0_standard,0.75,1.0,1.0,378,0,0,1,0.9442035876822711,0.25391457264276973,0.916097103752726,15.900662251655628,16,0.487147875,0.9442035876822711,0.027689928388183974,0.028106483929545036
A1_boundary_075,T0_standard,0.75,1.0,1.0,380,0,0,1,0.9466022258844939,0.2451753980963299,0.9173849720201404,18.75,19,0.48924563157894735,0.9466022258844939,0.02921725386435363,0.02418052025115241
A1_boundary_075,T0_standard,0.75,1.0,1.0,387,0,0,1,0.8794334953243674,0.43187215153147884,0.7856237564008329,43.12,44,1.1116842272727274,0.8794334953243674,0.02675676575209805,0.0938097389235345
A1_boundary_075,T0_standard,0.75,1.0,1.0,388,0,0,1,0.8543060725625576,0.5048449314194412,0.7531347237152302,22.5625,23,0.6896618260869564,0.8543060725625576,0.04452257859011467,0.10117134884732754
A1_boundary_075,T0_standard,0.75,1.0,1.0,389,0,0,1,0.9635722361199175,0.181277459472225,0.9426890428013471,23.529411764705884,24,0.8380092500000001,0.9635722361199175,0.02088319331857038,0.015544570561512192
A1_boundary_075,T0_standard,0.75,1.0,1.0,391,0,0,1,0.9617116497055496,0.1889592013352412,0.9416291110038741,33.306930693069305,34,0.927025911764706,0.9617116497055496,0.020082538701675468,0.018205811592774918
A1_boundary_075,T0_standard,0.75,1.0,1.0,400,0,0,1,0.9609012316899268,0.19195943197346715,0.9393222007997282,14.76923076923077,15,0.5019540666666668,0.9609012316899268,0.01751973741987445,0.021579030890198615
A1_boundary_075,T0_standard,0.75,1.0,1.0,403,0,0,1,0.9281316721532701,0.3048173594848196,0.8811640875768398,12.83206106870229,13,0.619328,0.9281316721532701,0.02490074327029978,0.0469675845764302
A1_boundary_075,T0_standard,0.75,1.0,1.0,405,0,0,1,0.8806617226473248,0.424875467612488,0.784871193826876,46.065989847715734,47,1.081583680851064,0.8806617226473248,0.02354774853222655,0.09579052882044876
A1_boundary_075,T0_standard,0.75,1.0,1.0,411,2,2,1,0.8746805609714112,0.4343979029531242,0.7705868321563781,3.0,3,0.201223,0.02122571021355556,0.10409372881503312,0.8746805609714112
A1_boundary_075,T0_standard,0.75,1.0,1.0,413,0,0,1,0.9460292164493423,0.24744359656746495,0.9184963599489102,81.3587786259542,83,1.1146613373493979,0.9460292164493423,0.027532856500432173,0.026437927050225397
A1_boundary_075,T0_standard,0.75,1.0,1.0,421,0,0,1,0.8976482502243073,0.39712175873231803,0.8321840043993767,58.80786026200873,60,0.8280121,0.8976482502243073,0.036887503950762124,0.06546424582493064
A1_boundary_075,T0_standard,0.75,1.0,1.0,422,0,0,1,0.9531810169507926,0.22026130348741502,0.9244262770332202,70.54176072234763,72,0.9631183333333332,0.9531810169507926,0.01806424313163496,0.02875473991757238
A1_boundary_075,T0_standard,0.75,1.0,1.0,426,0,0,1,0.9677518667811491,0.16253769586336106,0.9456280628264382,38.20754716981132,39,1.0525164615384617,0.9677518667811491,0.02212380395471097,0.010124329264139956
A1_boundary_075,T0_standard,0.75,1.0,1.0,429,0,0,1,0.9352758516032739,0.28003601181717264,0.8908591087600576,64.76279069767442,66,1.4506720606060608,0.9352758516032739,0.020307405553509725,0.04441674284321633
A1_boundary_075,T0_standard,0.75,1.0,1.0,430,0,0,1,0.9225220362934639,0.3202766173517073,0.8687459541786994,68.70338058887677,70,1.3141251428571425,0.9225220362934639,0.023701881591771626,0.05377608211476443
A1_boundary_075,T0_standard,0.75,1.0,1.0,432,0,0,1,0.9090680327500549,0.35967301440827937,0.8447645328410831,97.2412746585736,99,1.6191042626262624,0.9090680327500549,0.02662846734097347,0.06430349990897172
A1_boundary_075,T0_standard,0.75,1.0,1.0,433,0,0,1,0.9258642069727253,0.31205903752551306,0.8774397911733077,64.70679380214541,66,1.1340002424242426,0.9258642069727253,0.025711377227857178,0.04842441579941755
A1_boundary_075,T0_standard,0.75,1.0,1.0,438,0,0,1,0.9676630339576748,0.164895977229015,0.9493234148235126,157.656836461126,160,2.0565121187499997,0.9676630339576748,0.018339619134162266,0.013997346908162928
A1_boundary_075,T0_standard,0.75,1.0,1.0,439,0,0,1,0.960508193254486,0.1936095645272657,0.9394313660010457,141.7255297679112,144,1.8719137986111112,0.960508193254486,0.021076827253440268,0.018414979492073647
A1_boundary_075,T0_standard,0.75,1.0,1.0,452,1,1,1,0.9027253398918693,0.33332156201424357,0.8087086799795808,15.763636363636364,16,0.5164338125,0.003258000195842297,0.9027253398918693,0.0940166599122885
A2_boundary_050,T0_standard,0.5,1.0,1.0,1,1,1,1,0.9618203327919955,0.1863621772058502,0.9362884500469733,177.35111876075732,191,1.7893955968586386,0.012647784462982236,0.9618203327919955,0.025531882745022327
A2_boundary_050,T0_standard,0.5,1.0,1.0,2,0,0,1,0.48165993172430493,1.04486005199051,0.18029534676163,25.861538461538462,29,0.9194155862068966,0.48165993172430493,0.30136458496267493,0.21697548331302013
A2_boundary_050,T0_standard,0.5,1.0,1.0,7,0,0,1,0.758455609463992,0.662833283211069,0.5578873947545435,63.391304347826086,70,1.2559205428571434,0.758455609463992,0.04097617582655941,0.20056821470944847
A2_boundary_050,T0_standard,0.5,1.0,1.0,8,0,0,1,0.9087965991311733,0.3533590270108682,0.8376500323949886,62.70967741935484,69,1.4160222753623186,0.9087965991311733,0.020056834132642025,0.07114656673618469
A2_boundary_050,T0_standard,0.5,1.0,1.0,9,0,0,1,0.940812359781977,0.2650319169578609,0.9066111498937611,88.81751824817518,97,1.6381157731958764,0.940812359781977,0.02498643032980725,0.03420120988821581
A2_boundary_050,T0_standard,0.5,1.0,1.0,12,0,0,1,0.9341415353470924,0.28609685315640493,0.8924781190464779,58.68862275449102,65,1.1779163384615385,0.9341415353470924,0.024195048352293056,0.041663416300614514
A2_boundary_050,T0_standard,0.5,1.0,1.0,15,1,1,1,0.9928038562963709,0.04744675807359573,0.9883232309512449,33.98876404494382,38,1.0010864210526318,0.0027155183585030273,0.9928038562963709,0.004480625345126009
A2_boundary_050,T0_standard,0.5,1.0,1.0,18,1,0,0,0.9424843506926261,0.2546736363685134,0.9016083162691652,87.36015325670498,96,1.3256457604166665,0.9424843506926261,0.040876034423460994,0.01663961488391284
A2_boundary_050,T0_standard,0.5,1.0,1.0,22,1,1,1,0.9847718301850852,0.08711237545367848,0.9731000719788226,16.941176470588236,19,0.8067329999999999,0.003556411608652399,0.9847718301850852,0.011671758206262503
A2_boundary_050,T0_standard,0.5,1.0,1.0,28,1,1,1,0.8949778844057663,0.35766428192931554,0.7954936155349067,18.77777777777778,21,0.7458260476190477,0.005537846723374099,0.8949778844057663,0.0994842688708596
A2_boundary_050,T0_standard,0.5,1.0,1.0,29,1,1,1,0.660728216357898,0.7264405213253582,0.3451423651130002,12.25,13,0.504573923076923,0.023685932397204162,0.660728216357898,0.3155858512448978
A2_boundary_050,T0_standard,0.5,1.0,1.0,32,0,0,1,0.47246927260751154,0.8951711062539625,0.013364937595342186,106.62985074626866,116,1.5386575431034482,0.47246927260751154,0.06842639238031925,0.45910433501216935
A2_boundary_050,T0_standard,0.5,1.0,1.0,35,0,0,1,0.7442246864964676,0.7413008901882647,0.5922063916840999,30.223880597014926,34,0.681779294117647,0.7442246864964676,0.10375701869116485,0.15201829481236762
A2_boundary_050,T0_standard,0.5,1.0,1.0,37,0,0,1,0.9569976587935106,0.20635767827800156,0.9313100383638431,170.06398537477148,184,1.7882877282608698,0.9569976587935106,0.02568762042966754,0.017314720776821828
A2_boundary_050,T0_standard,0.5,1.0,1.0,38,0,0,1,0.8976390379343231,0.394274166041239,0.8278586094259899,33.04705882352941,37,0.9075333243243243,0.8976390379343231,0.03258053355734358,0.06978042850833326
A2_boundary_050,T0_standard,0.5,1.0,1.0,39,0,0,1,0.9293324556573784,0.3041984020506639,0.8917214218311792,29.38888888888889,33,0.8299917878787879,0.9293324556573784,0.03761103382619921,0.0330565105164224
A2_boundary_050,T0_standard,0.5,1.0,1.0,41,0,0,1,0.9586439899006437,0.200894041938794,0.937778859328867,63.83937823834197,70,1.2843535142857143,0.9586439899006437,0.020490879527579626,0.020865130571776715
A2_boundary_050,T0_standard,0.5,1.0,1.0,44,0,0,1,0.9273599597994348,0.31055177249594546,0.8882569289727412,22.72972972972973,25,0.5948057999999999,0.9273599597994348,0.03910303082669358,0.03353700937387172
A2_boundary_050,T0_standard,0.5,1.0,1.0,49,1,0,0,0.6082504350079468,0.9160677445655239,0.3431575351877803,16.0,16,0.37066231250000004,0.6082504350079468,0.12665666517188662,0.26509289982016654
A2_boundary_050,T0_standard,0.5,1.0,1.0,51,0,0,1,0.7034695527150951,0.7310878773907905,0.45018847526971906,16.666666666666668,18,0.5287885,0.7034695527150951,0.04324936983952894,0.2532810774453761
A2_boundary_050,T0_standard,0.5,1.0,1.0,55,0,0,1,0.9650257918701778,0.1739165640925254,0.9417473845039671,34.90909090909091,39,0.6499513846153847,0.9650257918701778,0.02327840736621069,0.011695800763611392
A2_boundary_050,T0_standard,0.5,1.0,1.0,60,0,0,1,0.9570509866820408,0.20626353514539222,0.9316769422966872,46.09090909090909,51,1.224436588235294,0.9570509866820408,0.025374044385353584,0.01757496893260569
A2_boundary_050,T0_standard,0.5,1.0,1.0,61,0,0,1,0.9285669099630814,0.3029143276136132,0.8811133811138243,29.453333333333333,33,0.9699814242424242,0.9285669099630814,0.023979561187661317,0.04745352884925716
A2_boundary_050,T0_standard,0.5,1.0,1.0,71,2,2,1,0.9745773933476914,0.13551214895167737,0.9592057690936581,12.8,14,0.6911514999999999,0.015371624254033418,0.010050982398275092,0.9745773933476914
A2_boundary_050,T0_standard,0.5,1.0,1.0,75,0,1,0,0.6004539566993264,0.8861853547003335,0.2910768069533289,16.941176470588236,19,0.7114136315789473,0.09016889355467597,0.6004539566993264,0.30937714974599756
A2_boundary_050,T0_standard,0.5,1.0,1.0,77,0,0,1,0.7338041269086931,0.7127257519098837,0.5209068559597034,9.0,9,0.3371106666666667,0.7338041269086931,0.053298602142317214,0.21289727094898975
A2_boundary_050,T0_standard,0.5,1.0,1.0,84,2,2,1,0.6276128816126348,0.6882284025450043,0.26057668698363573,8.0,8,0.40794074999999996,0.005350923758366028,0.3670361946289991,0.6276128816126348
A2_boundary_050,T0_standard,0.5,1.0,1.0,85,2,0,0,0.6254598869230168,0.8105955659782486,0.30203987317228786,9.0,10,0.6327266,0.6254598869230168,0.05112009932625419,0.32342001375072893
A2_boundary_050,T0_standard,0.5,1.0,1.0,86,0,2,0,0.8757048640468362,0.41584943171754946,0.7638606029476223,12.8,14,0.5406887857142857,0.012450874853949759,0.111844261099214,0.8757048640468362
A2_boundary_050,T0_standard,0.5,1.0,1.0,87,0,2,0,0.7336209854596003,0.6602468013073849,0.49123039224953513,7.0,7,0.5237958571428571,0.24239059321006518,0.023988421330334443,0.7336209854596003
A2_boundary_050,T0_standard,0.5,1.0,1.0,88,0,0,1,0.5139846558964088,0.8213021920202915,0.06405476521221232,8.0,8,0.40546887499999995,0.5139846558964088,0.036085453419394654,0.44992989068419653
A2_boundary_050,T0_standard,0.5,1.0,1.0,89,0,2,0,0.5368911951064625,0.8485208638962143,0.12359458890062897,7.0,7,0.3756504285714285,0.4132966062058336,0.0498121986877038,0.5368911951064625
A2_boundary_050,T0_standard,0.5,1.0,1.0,90,0,0,1,0.5006339101597563,0.9692774787988914,0.12193477359695581,8.333333333333334,9,0.6029300000000001,0.5006339101597563,0.12066695327744316,0.3786991365628005
A2_boundary_050,T0_standard,0.5,1.0,1.0,93,0,0,1,0.6841513835541434,0.8033644777864636,0.44915937673745976,9.941176470588236,11,0.3752034545454545,0.6841513835541434,0.0808566096291729,0.23499200681668364
A2_boundary_050,T0_standard,0.5,1.0,1.0,98,0,0,1,0.7641310946770735,0.6453306386931734,0.5632723312013415,17.0,17,0.4362414705882353,0.7641310946770735,0.03501014184719447,0.2008587634757321
A2_boundary_050,T0_standard,0.5,1.0,1.0,101,0,0,1,0.8862592363215127,0.43064915463522946,0.8176144862713011,13.0,13,0.519376153846154,0.8862592363215127,0.04509601362827556,0.0686447500502116
A2_boundary_050,T0_standard,0.5,1.0,1.0,102,0,0,1,0.9419662229967117,0.26164842943087896,0.9112440061935964,12.0,12,0.54038,0.9419662229967117,0.03072221680311539,0.027311560200172953
A2_boundary_050,T0_standard,0.5,1.0,1.0,106,0,0,1,0.7432875995224208,0.7050130114556015,0.543177835349824,92.40845070422536,101,1.456544306930693,0.7432875995224208,0.056602636304982135,0.20010976417259688
A2_boundary_050,T0_standard,0.5,1.0,1.0,118,0,0,1,0.8249179751720608,0.548639817193729,0.6828659119520687,24.066666666666666,27,0.771531037037037,0.8249179751720608,0.03302996160794719,0.1420520632199921
A2_boundary_050,T0_standard,0.5,1.0,1.0,119,0,0,1,0.9580604565589611,0.20308267283877995,0.9360930185146545,88.49253731343283,97,1.3621651546391753,0.9580604565589611,0.021967438044306606,0.019972105396732363
A2_boundary_050,T0_standard,0.5,1.0,1.0,120,0,0,1,0.9443757799715125,0.248978441021847,0.9057334599550516,70.20754716981132,77,1.3922861558441562,0.9443757799715125,0.016981900012026714,0.03864232001646079
A2_boundary_050,T0_standard,0.5,1.0,1.0,123,0,0,1,0.9473089359353788,0.24275934423401974,0.9191330404470425,19.17391304347826,20,0.5155320999999999,0.9473089359353788,0.024515168576284718,0.028175895488336333
A2_boundary_050,T0_standard,0.5,1.0,1.0,124,0,0,1,0.9643206584755817,0.17867361513743468,0.9459091118193064,41.83168316831683,47,0.8481854893617022,0.9643206584755817,0.017267794868142974,0.018411546656275278
A2_boundary_050,T0_standard,0.5,1.0,1.0,129,0,0,1,0.9227719718546207,0.3205632958666264,0.870531733602022,57.855421686746986,64,1.315091625,0.9227719718546207,0.024987789892780575,0.05224023825259871
A2_boundary_050,T0_standard,0.5,1.0,1.0,130,0,0,1,0.9334803198180346,0.28783422240991263,0.89061219051085,68.1044776119403,75,1.3049385733333334,0.9334803198180346,0.02365155087478093,0.042868129307184547
A2_boundary_050,T0_standard,0.5,1.0,1.0,134,1,1,1,0.94879548095801,0.23709155224833578,0.9198135872133166,21.428571428571427,24,0.7835483333333334,0.028981893744693423,0.94879548095801,0.02222262529729657
A2_boundary_050,T0_standard,0.5,1.0,1.0,136,1,1,1,0.8942201655712106,0.3710533872989471,0.798597560814633,94.08,102,1.6543439509803923,0.010157229672211679,0.8942201655712106,0.09562260475657763
A2_boundary_050,T0_standard,0.5,1.0,1.0,138,1,1,1,0.6186168792295055,0.726448698010665,0.25175874883121974,7.0,7,0.46868471428571423,0.014524990372208703,0.6186168792295055,0.36685813039828574
A2_boundary_050,T0_standard,0.5,1.0,1.0,140,1,0,0,0.7560840941182967,0.7244967891848366,0.6302272423215942,11.0,11,0.4528042727272727,0.7560840941182967,0.12585685179670245,0.11805905408500092
A2_boundary_050,T0_standard,0.5,1.0,1.0,145,1,1,1,0.9500390461053949,0.2211110164645902,0.9085300635892488,83.265625,91,1.4519752857142858,0.00845197137845906,0.9500390461053949,0.04150898251614606
A2_boundary_050,T0_standard,0.5,1.0,1.0,149,2,2,1,0.8133245580038535,0.6106227583380871,0.7164107037653846,13.235294117647058,14,0.40021921428571433,0.08976158775767744,0.09691385423846892,0.8133245580038535
A2_boundary_050,T0_standard,0.5,1.0,1.0,150,2,2,1,0.8211096636158942,0.5695928233117205,0.6863010741061026,8.0,8,0.35506275,0.04408174687431419,0.13480858950979158,0.8211096636158942
A2_boundary_050,T0_standard,0.5,1.0,1.0,151,2,2,1,0.9628606050195024,0.1832591604650053,0.9395424453053383,9.941176470588236,11,0.5133822727272727,0.013821235266333233,0.0233181597141642,0.9628606050195024
A2_boundary_050,T0_standard,0.5,1.0,1.0,152,2,2,1,0.874843526991303,0.4415691131217408,0.7760982020535965,5.0,5,0.2464702,0.09874532493770652,0.02641114807099064,0.874843526991303
A2_boundary_050,T0_standard,0.5,1.0,1.0,160,2,2,1,0.9837548584622718,0.08918199313355817,0.9695503867630335,11.842105263157896,13,0.5016772307692308,0.002040669838489828,0.014204471699238342,0.9837548584622718
A2_boundary_050,T0_standard,0.5,1.0,1.0,168,1,1,1,0.8980802510358001,0.3945740678380454,0.830751768470778,13.0,13,0.4162788461538462,0.03459126639917762,0.8980802510358001,0.06732848256502212
A2_boundary_050,T0_standard,0.5,1.0,1.0,169,2,2,1,0.9365128051204852,0.27017968614306553,0.8872086091993375,10.285714285714286,11,0.44178781818181817,0.01418299895836713,0.049304195921147674,0.9365128051204852
A2_boundary_050,T0_standard,0.5,1.0,1.0,174,2,2,1,0.7817028656332407,0.6050874169896575,0.5897242690667307,5.0,5,0.3432982,0.19197859656650998,0.02631853780024941,0.7817028656332407
A2_boundary_050,T0_standard,0.5,1.0,1.0,176,2,2,1,0.7225925069022692,0.604198092695913,0.44756823067461465,26.727272727272727,30,0.8189938999999999,0.0023832168700762065,0.2750242762276545,0.7225925069022692
A2_boundary_050,T0_standard,0.5,1.0,1.0,178,2,2,1,0.9834459150582342,0.08925913894412049,0.9683577024140199,28.594594594594593,32,0.95442090625,0.0014658722975514067,0.01508821264421437,0.9834459150582342
A2_boundary_050,T0_standard,0.5,1.0,1.0,184,2,2,1,0.8787647749265252,0.4225271615503299,0.7768337518394886,13.5,15,0.7859551333333333,0.10193102308703662,0.0193042019864383,0.8787647749265252
A2_boundary_050,T0_standard,0.5,1.0,1.0,186,1,0,0,0.9065245140595305,0.374993846122361,0.8560172708512513,13.5,15,0.6404765999999998,0.9065245140595305,0.04296824273219025,0.050507243208279165
A2_boundary_050,T0_standard,0.5,1.0,1.0,187,2,2,1,0.6897435166444038,0.7932023032329574,0.45653301119208667,13.235294117647058,14,0.5083184285714285,0.23321050545231717,0.0770459779032791,0.6897435166444038
A2_boundary_050,T0_standard,0.5,1.0,1.0,194,2,2,1,0.9480045214853101,0.21066579172800717,0.8973742792377009,10.88888888888889,12,0.537488,0.0013652362670805787,0.05063024224760924,0.9480045214853101
A2_boundary_050,T0_standard,0.5,1.0,1.0,198,1,1,1,0.5209159382830106,0.8108324453585116,0.07423385102397656,13.5,15,0.7177088000000001,0.4466820872590341,0.5209159382830106,0.03240197445795542
A2_boundary_050,T0_standard,0.5,1.0,1.0,200,2,2,1,0.9496972673421632,0.2341863979083792,0.9230716948545369,5.0,5,0.2278204,0.02662557248762628,0.023677160170210588,0.9496972673421632
A2_boundary_050,T0_standard,0.5,1.0,1.0,202,2,2,1,0.8706207207896342,0.4276065619369709,0.7543357355372347,19.88235294117647,22,0.5913674545454545,0.013094293957966366,0.11628498525239946,0.8706207207896342
A2_boundary_050,T0_standard,0.5,1.0,1.0,205,1,1,1,0.8942407840300658,0.3498620126059654,0.7911097262661482,50.4,56,1.062304125,0.0026281582060165157,0.8942407840300658,0.10313105776391764
A2_boundary_050,T0_standard,0.5,1.0,1.0,206,2,2,1,0.8890139582051045,0.3985412610482545,0.7965028059625848,19.6,22,0.6087270454545455,0.01847488955237585,0.09251115224251968,0.8890139582051045
A2_boundary_050,T0_standard,0.5,1.0,1.0,212,2,2,1,0.9247417664554037,0.3173813050212315,0.878878542717505,23.142857142857142,26,0.8470876538461538,0.029395009806697594,0.04586322373789878,0.9247417664554037
A2_boundary_050,T0_standard,0.5,1.0,1.0,214,2,2,1,0.9379729369230225,0.2657913799413751,0.8900743108237447,41.094339622641506,46,1.0707565,0.014128436977699506,0.04789862609927788,0.9379729369230225
A2_boundary_050,T0_standard,0.5,1.0,1.0,222,2,2,1,0.9122197250972378,0.3478805460017621,0.847459959607929,4.0,4,0.5312697500000001,0.023020509413453367,0.06475976548930885,0.9122197250972378
A2_boundary_050,T0_standard,0.5,1.0,1.0,229,1,1,1,0.8189587889764218,0.48452054241500375,0.6400411976192666,20.166666666666668,21,0.46933819047619046,0.002123619666423004,0.8189587889764218,0.1789175913571553
A2_boundary_050,T0_standard,0.5,1.0,1.0,231,2,2,1,0.9367305858629704,0.24213066084965768,0.8747413688500714,5.0,5,0.4425108,0.001280197124130608,0.06198921701289905,0.9367305858629704
A2_boundary_050,T0_standard,0.5,1.0,1.0,233,2,2,1,0.7635880763223051,0.6151202585275088,0.5470443641345332,60.48837209302326,67,1.22872771641791,0.019868211489923092,0.21654371218777194,0.7635880763223051
A2_boundary_050,T0_standard,0.5,1.0,1.0,235,2,2,1,0.8054367217858472,0.5342765470163869,0.621597469258956,22.72972972972973,25,0.58303204,0.010724025687261404,0.18383925252689123,0.8054367217858472
A2_boundary_050,T0_standard,0.5,1.0,1.0,239,2,2,1,0.8603222634169285,0.4822115897532727,0.7549228940150219,16.133333333333333,18,0.5865500555555556,0.10539936940190661,0.034278367181164844,0.8603222634169285
A2_boundary_050,T0_standard,0.5,1.0,1.0,242,2,2,1,0.7128238501789235,0.7230602121551225,0.46992552557679923,13.761904761904763,15,0.6072851333333332,0.24289832460212427,0.044277825218952294,0.7128238501789235
A2_boundary_050,T0_standard,0.5,1.0,1.0,244,2,2,1,0.894815920756956,0.37176400233559737,0.8007241931283369,99.11003236245955,108,1.5329172870370373,0.011092351614424713,0.09409172762861923,0.894815920756956
A2_boundary_050,T0_standard,0.5,1.0,1.0,245,2,2,1,0.9611599978979771,0.18967184667381914,0.936395626729476,11.636363636363637,13,0.5391935384615386,0.014075630933521752,0.024764371168501137,0.9611599978979771
A2_boundary_050,T0_standard,0.5,1.0,1.0,249,0,0,1,0.6809235006487329,0.8059526040006522,0.4419384911558003,28.470588235294116,32,0.737368,0.6809235006487329,0.08009148985833461,0.23898500949293253
A2_boundary_050,T0_standard,0.5,1.0,1.0,253,0,0,1,0.8699289933460972,0.4561553979786059,0.7693550102752542,85.87786259541984,94,1.2869785319148936,0.8699289933460972,0.029497023583059712,0.10057398307084299
A2_boundary_050,T0_standard,0.5,1.0,1.0,259,1,0,0,0.6895177921298048,0.8161163314141983,0.48111382495668137,10.0,10,0.49205679999999996,0.6895177921298048,0.20840396717312343,0.10207824069707166
A2_boundary_050,T0_standard,0.5,1.0,1.0,260,1,1,1,0.8091640801003911,0.5598210179947799,0.6424336654482913,11.266666666666667,12,0.5609836666666668,0.02410550524750921,0.8091640801003911,0.16673041465209978
A2_boundary_050,T0_standard,0.5,1.0,1.0,269,1,1,1,0.9139335078817477,0.3098798799301211,0.8319859892051384,11.0,11,0.3788078181818182,0.004118973441643194,0.9139335078817477,0.08194751867660921
A2_boundary_050,T0_standard,0.5,1.0,1.0,270,1,1,1,0.9875223642740496,0.0725295187898817,0.9770077839731734,7.0,7,0.36814757142857146,0.001963055425074358,0.9875223642740496,0.010514580300876203
A2_boundary_050,T0_standard,0.5,1.0,1.0,271,2,0,0,0.5013966387353697,0.9049587161917307,0.0781915082591279,4.0,4,0.6352672500000001,0.5013966387353697,0.07539823078838857,0.42320513047624175
A2_boundary_050,T0_standard,0.5,1.0,1.0,276,1,2,0,0.6399068939735925,0.6909054458859124,0.2875685074915478,8.0,8,0.425745125,0.007754719544362846,0.3523383864820447,0.6399068939735925
A2_boundary_050,T0_standard,0.5,1.0,1.0,278,1,1,1,0.9267922167608416,0.2698580635978745,0.8552638391928757,9.307692307692308,10,0.49930959999999996,0.0016794056711925674,0.9267922167608416,0.07152837756796579
A2_boundary_050,T0_standard,0.5,1.0,1.0,290,2,2,1,0.6418109599214127,0.6995112593373134,0.294046533843109,9.8,11,0.6727623636363637,0.010424614000283506,0.34776442607830366,0.6418109599214127
A2_boundary_050,T0_standard,0.5,1.0,1.0,293,2,2,1,0.943547751975274,0.22658086542447464,0.8893561078819002,16.03030303030303,18,0.6691911666666666,0.002260603931352211,0.05419164409337378,0.943547751975274
A2_boundary_050,T0_standard,0.5,1.0,1.0,297,2,2,1,0.70488673312665,0.8015795504597205,0.5198136451664859,9.307692307692308,10,0.4448850999999999,0.1850730879601641,0.11004017891318593,0.70488673312665
A2_boundary_050,T0_standard,0.5,1.0,1.0,298,2,2,1,0.8019348372775216,0.6268769425105083,0.6747406594891754,14.285714285714286,16,0.6169322500000001,0.07087098493413226,0.12719417778834613,0.8019348372775216
A2_boundary_050,T0_standard,0.5,1.0,1.0,299,1,1,1,0.8855405137950764,0.36356272408409207,0.7725422444379447,15.206896551724139,17,0.6325850000000001,0.0014612168477920432,0.8855405137950764,0.11299826935713164
A2_boundary_050,T0_standard,0.5,1.0,1.0,304,1,1,1,0.9945696971026515,0.03743579175103393,0.9914292325726848,19.6,22,0.6175126818181818,0.003140464529966755,0.9945696971026515,0.0022898383673818253
A2_boundary_050,T0_standard,0.5,1.0,1.0,308,2,2,1,0.9011765595364316,0.35977815903474925,0.8147339955201653,18.666666666666668,21,0.744395857142857,0.01238087644730217,0.08644256401626624,0.9011765595364316
A2_boundary_050,T0_standard,0.5,1.0,1.0,311,1,1,1,0.7347818332326115,0.6119186146356842,0.47687740588098004,22.5,25,0.62898604,0.007313739415757056,0.7347818332326115,0.25790442735163144
A2_boundary_050,T0_standard,0.5,1.0,1.0,314,1,1,1,0.9467916244491721,0.2148455995076345,0.8951280542227125,9.0,9,0.4122361111111112,0.0015448053243683469,0.9467916244491721,0.05166357022645959
A2_boundary_050,T0_standard,0.5,1.0,1.0,321,2,2,1,0.93037145692449,0.27269720437529493,0.8665654054950321,4.0,4,0.34794725,0.0058224916460521475,0.06380605142945786,0.93037145692449
A2_boundary_050,T0_standard,0.5,1.0,1.0,322,1,1,1,0.8883440942747377,0.3664261533408704,0.7804531199246265,11.636363636363637,13,0.5984578461538462,0.003764931375151143,0.8883440942747377,0.10789097435011114
A2_boundary_050,T0_standard,0.5,1.0,1.0,324,1,2,0,0.6459197400651823,0.6735636940126184,0.2962276786813063,7.0,7,0.3544742857142857,0.004388198550941738,0.349692061383876,0.6459197400651823
A2_boundary_050,T0_standard,0.5,1.0,1.0,326,2,2,1,0.9261798511812832,0.2844898300734234,0.8584719544478727,7.0,7,0.42478699999999997,0.0061122520853065,0.06770789673341046,0.9261798511812832
A2_boundary_050,T0_standard,0.5,1.0,1.0,327,1,1,1,0.919270978447854,0.28469702507688555,0.8392695731608057,9.0,9,0.38338188888888886,0.000727616265097568,0.919270978447854,0.0800014052870483
A2_boundary_050,T0_standard,0.5,1.0,1.0,329,1,1,1,0.8797580316764232,0.4095323896786713,0.7729636291953238,6.0,6,0.44581633333333337,0.10679440248109937,0.8797580316764232,0.013447565842477471
A2_boundary_050,T0_standard,0.5,1.0,1.0,331,1,1,1,0.7981224937177765,0.5173338691093515,0.5989470547327232,7.0,7,0.4697390000000001,0.0027020672971700957,0.7981224937177765,0.19917543898505327
A2_boundary_050,T0_standard,0.5,1.0,1.0,332,2,2,1,0.5873844857834375,0.9497091032224803,0.327469403880087,16.03030303030303,18,0.71271,0.152700432313212,0.2599150819033505,0.5873844857834375
A2_boundary_050,T0_standard,0.5,1.0,1.0,334,1,1,1,0.9786766925695985,0.10998303823879935,0.9594430352665879,15.206896551724139,17,0.6182341764705882,0.0020896501273907657,0.9786766925695985,0.019233657303010614
A2_boundary_050,T0_standard,0.5,1.0,1.0,338,1,0,0,0.9186998340622577,0.3375367177396177,0.8725379356751918,152.7292069632495,163,1.9818752024539878,0.9186998340622577,0.035138267550676186,0.04616189838706599
A2_boundary_050,T0_standard,0.5,1.0,1.0,339,1,0,0,0.8521542588006702,0.5120259950512809,0.7521448653983616,54.53521126760563,61,0.9155766885245903,0.8521542588006702,0.04783634779702115,0.10000939340230869
A2_boundary_050,T0_standard,0.5,1.0,1.0,340,0,0,1,0.8870373296244675,0.4308183644563346,0.827680805176591,71.34703196347031,78,1.3844180128205126,0.8870373296244675,0.053606145927656106,0.05935652444787639
A2_boundary_050,T0_standard,0.5,1.0,1.0,347,0,0,1,0.7973530145011543,0.6325249303742924,0.6615237228420002,14.0,14,0.44679828571428576,0.7973530145011543,0.06681769383969167,0.135829291659154
A2_boundary_050,T0_standard,0.5,1.0,1.0,360,2,2,1,0.8482896218766928,0.4354046316341912,0.6983723139948095,10.88888888888889,12,0.5786047499999999,0.0017930702414238637,0.1499173078818833,0.8482896218766928
A2_boundary_050,T0_standard,0.5,1.0,1.0,361,2,2,1,0.7923068315151893,0.635003939403939,0.643805582373163,9.307692307692308,10,0.5130506,0.05919191934278447,0.1485012491420263,0.7923068315151893
A2_boundary_050,T0_standard,0.5,1.0,1.0,362,2,2,1,0.8502427893997391,0.5191000711339748,0.7526637492508779,10.285714285714286,11,0.5684201818181817,0.052178170451399566,0.09757904014886123,0.8502427893997391
A2_boundary_050,T0_standard,0.5,1.0,1.0,366,0,0,1,0.8474723840289392,0.4906985975682231,0.7173403875462258,6.0,6,0.3645646666666667,0.8474723840289392,0.02239561948834738,0.13013199648271342
A2_boundary_050,T0_standard,0.5,1.0,1.0,374,0,0,1,0.95613466201635,0.20988511127068515,0.9307060656913112,16.333333333333332,18,0.5402341666666667,0.95613466201635,0.025428596325038827,0.018436741658611182
A2_boundary_050,T0_standard,0.5,1.0,1.0,376,0,0,1,0.9552411417537561,0.21318989659840737,0.9291503473074437,16.333333333333332,18,0.5590460555555555,0.9552411417537561,0.026090794446312342,0.01866806379993153
A2_boundary_050,T0_standard,0.5,1.0,1.0,378,0,0,1,0.9446508013194406,0.25233915557338027,0.9169287693957561,15.210526315789474,16,0.487147875,0.9446508013194406,0.027627166756875043,0.02772203192368449
A2_boundary_050,T0_standard,0.5,1.0,1.0,380,0,0,1,0.946633662924956,0.2450708980248769,0.9174738095153235,17.285714285714285,19,0.48924563157894735,0.946633662924956,0.029159853409632498,0.024206483665411505
A2_boundary_050,T0_standard,0.5,1.0,1.0,387,0,0,1,0.8847084194305415,0.41821748503503803,0.7948061376217719,39.6,44,1.1116842272727274,0.8847084194305415,0.02538929876068883,0.08990228180876961
A2_boundary_050,T0_standard,0.5,1.0,1.0,388,0,0,1,0.8662586300066774,0.4772934734112113,0.7753378361835868,20.454545454545453,23,0.6896618260869564,0.8662586300066774,0.04282057617023214,0.09092079382309058
A2_boundary_050,T0_standard,0.5,1.0,1.0,389,0,0,1,0.9647117371577713,0.176721569444876,0.9443905570359519,21.333333333333332,24,0.8380092500000001,0.9647117371577713,0.02032118012181933,0.01496708272040946
A2_boundary_050,T0_standard,0.5,1.0,1.0,391,0,0,1,0.9628212537295727,0.1846003245445853,0.9433483400352035,30.31578947368421,34,0.927025911764706,0.9628212537295727,0.01947291369436923,0.017705832576058084
A2_boundary_050,T0_standard,0.5,1.0,1.0,400,0,0,1,0.9606304904632945,0.1929978281436434,0.93883738986949,13.5,15,0.5019540666666668,0.9606304904632945,0.017576408942901023,0.02179310059380452
A2_boundary_050,T0_standard,0.5,1.0,1.0,403,0,0,1,0.9316477744764032,0.2938183224819393,0.8875613064272498,11.842105263157896,13,0.619328,0.9316477744764032,0.024265757474443324,0.044086468049153366
A2_boundary_050,T0_standard,0.5,1.0,1.0,405,0,0,1,0.8913787898664567,0.39963501128305096,0.8057084665530734,42.36134453781513,47,1.081583680851064,0.8913787898664567,0.0229508868201601,0.08567032331338326
A2_boundary_050,T0_standard,0.5,1.0,1.0,411,2,2,1,0.8746805609714112,0.4343979029531242,0.7705868321563781,3.0,3,0.201223,0.02122571021355556,0.10409372881503312,0.8746805609714112
A2_boundary_050,T0_standard,0.5,1.0,1.0,413,0,0,1,0.9483322345404946,0.23919858103631764,0.921948901948757,74.88679245283019,83,1.1146613373493979,0.9483322345404946,0.026383332591737606,0.025284432867767766
A2_boundary_050,T0_standard,0.5,1.0,1.0,421,0,0,1,0.9096860173618132,0.3629498581586066,0.853118662435708,53.34146341463415,60,0.8280121,0.9096860173618132,0.03374662771208161,0.0565673549261052
A2_boundary_050,T0_standard,0.5,1.0,1.0,422,0,0,1,0.9575422428069769,0.20446263933290257,0.9326232279876937,64.57471264367815,72,0.9631183333333332,0.9575422428069769,0.017538742373739924,0.024919014819283117
A2_boundary_050,T0_standard,0.5,1.0,1.0,426,0,0,1,0.9684230263084855,0.15966446848897364,0.9465521627069015,34.935483870967744,39,1.0525164615384617,0.9684230263084855,0.021870863601584047,0.0097061100899304
A2_boundary_050,T0_standard,0.5,1.0,1.0,429,0,0,1,0.9422650797432263,0.25773549668971807,0.9042149633990545,60.08888888888889,66,1.4506720606060608,0.9422650797432263,0.019684803912602043,0.03805011634417173
A2_boundary_050,T0_standard,0.5,1.0,1.0,430,0,0,1,0.9300894960456938,0.29782447780651533,0.883364927939096,63.83937823834197,70,1.3141251428571425,0.9300894960456938,0.023185935847708547,0.04672456810659777
A2_boundary_050,T0_standard,0.5,1.0,1.0,432,0,0,1,0.9224434695378696,0.3213301425465091,0.8696411049861948,90.78014184397163,99,1.6191042626262624,0.9224434695378696,0.02475416591045574,0.05280236455167479
A2_boundary_050,T0_standard,0.5,1.0,1.0,433,0,0,1,0.9333506946909234,0.2886843774615915,0.8911414121161501,59.654970760233915,66,1.1340002424242426,0.9333506946909234,0.024440022734303426,0.04220928257477328
A2_boundary_050,T0_standard,0.5,1.0,1.0,438,0,0,1,0.9679175815355703,0.16384668066487185,0.9496892830734958,149.55378486055776,160,2.0565121187499997,0.9679175815355703,0.018228298462074535,0.013854120002355115
A2_boundary_050,T0_standard,0.5,1.0,1.0,439,0,0,1,0.9607040552136586,0.1928468128851778,0.9397180437083955,133.70776255707761,144,1.8719137986111112,0.9607040552136586,0.020986011505263115,0.018309933281078168
A2_boundary_050,T0_standard,0.5,1.0,1.0,452,1,1,1,0.9123479234121157,0.31072759306175224,0.8278721501373429,14.44,16,0.5164338125,0.003176303313111624,0.9123479234121157,0.08447577327477271
A6_boundary_0625,T0_standard,0.625,1.0,1.0,1,1,1,1,0.9593259162724411,0.19648117984433972,0.9329959547483898,183.75063484002033,191,1.7893955968586386,0.01434412220350776,0.9593259162724411,0.0263299615240513
A6_boundary_0625,T0_standard,0.625,1.0,1.0,2,0,0,1,0.4716531837960478,1.050623386418652,0.1641536805030278,27.461022632020118,29,0.9194155862068966,0.4716531837960478,0.30749950329302,0.22084731291093207
A6_boundary_0625,T0_standard,0.625,1.0,1.0,7,0,0,1,0.7538163644819316,0.6716219960810663,0.5503015258039899,66.61386138613861,70,1.2559205428571434,0.7538163644819316,0.04266879684012679,0.2035148386779416
A6_boundary_0625,T0_standard,0.625,1.0,1.0,8,0,0,1,0.9015389072889975,0.3724233852803571,0.8238531517995077,65.75600739371534,69,1.4160222753623186,0.9015389072889975,0.02077533722151257,0.07768575548948986
A6_boundary_0625,T0_standard,0.625,1.0,1.0,9,0,0,1,0.9394734061514984,0.269504549725848,0.9041109064577703,92.73042742276766,97,1.6381157731958764,0.9394734061514984,0.02516409415477334,0.03536249969372821
A6_boundary_0625,T0_standard,0.625,1.0,1.0,12,0,0,1,0.9311095044830292,0.2954387355711954,0.8864547524795343,61.785496441884106,65,1.1779163384615385,0.9311095044830292,0.024235743513476026,0.04465475200349491
A6_boundary_0625,T0_standard,0.625,1.0,1.0,15,1,1,1,0.9928961469934182,0.04694876158976222,0.9885107465651243,36.008059516429014,38,1.0010864210526318,0.0027184525782879363,0.9928961469934182,0.004385400428293906
A6_boundary_0625,T0_standard,0.625,1.0,1.0,18,1,0,0,0.939174344934913,0.26547632271569777,0.8955679852777548,91.53465346534654,96,1.3256457604166665,0.939174344934913,0.043606359657158165,0.017219295407928773
A6_boundary_0625,T0_standard,0.625,1.0,1.0,22,1,1,1,0.9842364255151329,0.0893634429732732,0.9719401601223819,18.059701492537314,19,0.8067329999999999,0.00346730909211614,0.9842364255151329,0.012296265392750956
A6_boundary_0625,T0_standard,0.625,1.0,1.0,28,1,1,1,0.8954728753736079,0.35611454629003936,0.7963245715544021,20.0,21,0.7458260476190477,0.0053788208071864725,0.8954728753736079,0.0991483038192058
A6_boundary_0625,T0_standard,0.625,1.0,1.0,29,1,1,1,0.6520827284721327,0.7342588503711676,0.32846775920658794,12.703296703296703,13,0.504573923076923,0.02430230226232247,0.6520827284721327,0.3236149692655447
A6_boundary_0625,T0_standard,0.625,1.0,1.0,32,0,2,0,0.46767979990934455,0.8970397847275635,0.004720099798633359,111.08421785279276,116,1.5386575431034482,0.4629597001107112,0.06936049997994435,0.46767979990934455
A6_boundary_0625,T0_standard,0.625,1.0,1.0,35,0,0,1,0.7326080565572861,0.7612127871848193,0.573716571352185,32.21970289288507,34,0.681779294117647,0.7326080565572861,0.10850045823761283,0.15889148520510105
A6_boundary_0625,T0_standard,0.625,1.0,1.0,37,0,0,1,0.9554573945369393,0.21215092455412538,0.9288617768437007,176.63794398540617,184,1.7882877282608698,0.9554573945369393,0.026595617693238642,0.017946987769821985
A6_boundary_0625,T0_standard,0.625,1.0,1.0,38,0,0,1,0.893410190298041,0.4056529608990001,0.8202901012933718,35.04777275661717,37,0.9075333243243243,0.893410190298041,0.03346972069728956,0.07312008900466926
A6_boundary_0625,T0_standard,0.625,1.0,1.0,39,0,0,1,0.9287616274665645,0.30608549589047707,0.8910439940508823,31.243243243243242,33,0.8299917878787879,0.9287616274665645,0.03771763341568228,0.0335207391177531
A6_boundary_0625,T0_standard,0.625,1.0,1.0,41,0,0,1,0.9582125085561587,0.20254363826913535,0.936991917643246,66.80471782621679,70,1.2843535142857143,0.9582125085561587,0.02056690053092849,0.021220590912912785
A6_boundary_0625,T0_standard,0.625,1.0,1.0,44,0,0,1,0.9266650080441711,0.31278201037909986,0.8870869894644685,24.03201024327785,25,0.5948057999999999,0.9266650080441711,0.039578018579702584,0.033756973376126334
A6_boundary_0625,T0_standard,0.625,1.0,1.0,49,1,0,0,0.6082504350079468,0.9160677445655239,0.3431575351877803,16.0,16,0.37066231250000004,0.6082504350079468,0.12665666517188662,0.26509289982016654
A6_boundary_0625,T0_standard,0.625,1.0,1.0,51,0,0,1,0.6994774011639491,0.7340068992707848,0.4415810364656504,17.454545454545453,18,0.5287885,0.6994774011639491,0.04262623413775222,0.2578963646982987
A6_boundary_0625,T0_standard,0.625,1.0,1.0,55,0,0,1,0.9646165816927098,0.17556298720727279,0.9411103753012712,37.16742081447964,39,0.6499513846153847,0.9646165816927098,0.023506206391438637,0.011877211915851631
A6_boundary_0625,T0_standard,0.625,1.0,1.0,60,0,0,1,0.9564859012358776,0.20849034924588983,0.9310442884196708,48.49484536082474,51,1.224436588235294,0.9564859012358776,0.025441612816206844,0.018072485947915457
A6_boundary_0625,T0_standard,0.625,1.0,1.0,61,0,0,1,0.9247598851921801,0.3142923352927063,0.8737828347103644,31.25382932166302,33,0.9699814242424242,0.9247598851921801,0.02426306432600429,0.05097705048181568
A6_boundary_0625,T0_standard,0.625,1.0,1.0,71,2,2,1,0.973634953393286,0.1394865257701678,0.9575183484518892,13.495327102803738,14,0.6911514999999999,0.01611660494139677,0.01024844166531729,0.973634953393286
A6_boundary_0625,T0_standard,0.625,1.0,1.0,75,0,1,0,0.61519062757521,0.8814919103467624,0.32543640798907103,18.059701492537314,19,0.7114136315789473,0.09505515283865085,0.61519062757521,0.289754219586139
A6_boundary_0625,T0_standard,0.625,1.0,1.0,77,0,0,1,0.7338041269086931,0.7127257519098837,0.5209068559597034,9.0,9,0.3371106666666667,0.7338041269086931,0.053298602142317214,0.21289727094898975
A6_boundary_0625,T0_standard,0.625,1.0,1.0,84,2,2,1,0.6276128816126348,0.6882284025450043,0.26057668698363573,8.0,8,0.40794074999999996,0.005350923758366028,0.3670361946289991,0.6276128816126348
A6_boundary_0625,T0_standard,0.625,1.0,1.0,85,2,0,0,0.6150371785265532,0.8195622176688607,0.2824541353986775,9.560975609756097,10,0.6327266,0.6150371785265532,0.05237977834557119,0.3325830431278757
A6_boundary_0625,T0_standard,0.625,1.0,1.0,86,0,2,0,0.8758707666426784,0.414668174193744,0.7638126130123524,13.495327102803738,14,0.5406887857142857,0.012071079726995636,0.11205815363032601,0.8758707666426784
A6_boundary_0625,T0_standard,0.625,1.0,1.0,87,0,2,0,0.7336209854596003,0.6602468013073849,0.49123039224953513,7.0,7,0.5237958571428571,0.24239059321006518,0.023988421330334443,0.7336209854596003
A6_boundary_0625,T0_standard,0.625,1.0,1.0,88,0,0,1,0.5139846558964088,0.8213021920202915,0.06405476521221232,8.0,8,0.40546887499999995,0.5139846558964088,0.036085453419394654,0.44992989068419653
A6_boundary_0625,T0_standard,0.625,1.0,1.0,89,0,2,0,0.5368911951064625,0.8485208638962143,0.12359458890062897,7.0,7,0.3756504285714285,0.4132966062058336,0.0498121986877038,0.5368911951064625
A6_boundary_0625,T0_standard,0.625,1.0,1.0,90,0,0,1,0.5072378885588641,0.9627008855926067,0.13110942563925287,8.727272727272727,9,0.6029300000000001,0.5072378885588641,0.1166336485215246,0.3761284629196112
A6_boundary_0625,T0_standard,0.625,1.0,1.0,93,0,0,1,0.6764069211828522,0.8100130863852594,0.43235793279623147,10.541076487252125,11,0.3752034545454545,0.6764069211828522,0.07954409043052715,0.2440489883866207
A6_boundary_0625,T0_standard,0.625,1.0,1.0,98,0,0,1,0.7641310946770735,0.6453306386931734,0.5632723312013415,17.0,17,0.4362414705882353,0.7641310946770735,0.03501014184719447,0.2008587634757321
A6_boundary_0625,T0_standard,0.625,1.0,1.0,101,0,0,1,0.8862592363215127,0.43064915463522946,0.8176144862713011,13.0,13,0.519376153846154,0.8862592363215127,0.04509601362827556,0.0686447500502116
A6_boundary_0625,T0_standard,0.625,1.0,1.0,102,0,0,1,0.9419662229967117,0.26164842943087896,0.9112440061935964,12.0,12,0.54038,0.9419662229967117,0.03072221680311539,0.027311560200172953
A6_boundary_0625,T0_standard,0.625,1.0,1.0,106,0,0,1,0.7385540410789001,0.7103561489620805,0.5330938863276412,96.52202283849918,101,1.456544306930693,0.7385540410789001,0.05598580416984109,0.2054601547512589
A6_boundary_0625,T0_standard,0.625,1.0,1.0,118,0,0,1,0.808873913065111,0.578052224027208,0.6522197855051967,25.565217391304348,27,0.771531037037037,0.808873913065111,0.03447195937497453,0.15665412755991434
A6_boundary_0625,T0_standard,0.625,1.0,1.0,119,0,0,1,0.9569118313094671,0.2074844136781664,0.9347227112851277,92.58519793459553,97,1.3621651546391753,0.9569118313094671,0.022189120024339416,0.02089904866619346
A6_boundary_0625,T0_standard,0.625,1.0,1.0,120,0,0,1,0.9420448227555779,0.25658930151591064,0.9013389116581777,73.47826086956522,77,1.3922861558441562,0.9420448227555779,0.017249266147021953,0.040705911097400176
A6_boundary_0625,T0_standard,0.625,1.0,1.0,123,0,0,1,0.9468104031689919,0.24453962819445368,0.9183540588503637,19.682745825602968,20,0.5155320999999999,0.9468104031689919,0.024733252512379938,0.02845634431862817
A6_boundary_0625,T0_standard,0.625,1.0,1.0,124,0,0,1,0.9630210775329622,0.18381475474352235,0.9436906757536239,44.49706979222163,47,0.8481854893617022,0.9630210775329622,0.017648520687699395,0.01933040177933829
A6_boundary_0625,T0_standard,0.625,1.0,1.0,129,0,0,1,0.9165992224018238,0.3388379830265058,0.8593135627056495,60.86261107313739,64,1.315091625,0.9165992224018238,0.026115117902001918,0.057285659696174274
A6_boundary_0625,T0_standard,0.625,1.0,1.0,130,0,0,1,0.9300974351776112,0.2985889455938783,0.8845705981167367,71.44918872758326,75,1.3049385733333334,0.9300974351776112,0.024375727761514168,0.045526837060874514
A6_boundary_0625,T0_standard,0.625,1.0,1.0,134,1,1,1,0.9446842960052039,0.2517160244458267,0.9132950323626982,22.834532374100718,24,0.7835483333333334,0.031389263642505764,0.9446842960052039,0.023926440352290246
A6_boundary_0625,T0_standard,0.625,1.0,1.0,136,1,1,1,0.8890699476412549,0.3858200183683813,0.7898340844351571,97.82669789227167,102,1.6543439509803923,0.011694189152647147,0.8890699476412549,0.09923586320609783
A6_boundary_0625,T0_standard,0.625,1.0,1.0,138,1,1,1,0.6186168792295055,0.726448698010665,0.25175874883121974,7.0,7,0.46868471428571423,0.014524990372208703,0.6186168792295055,0.36685813039828574
A6_boundary_0625,T0_standard,0.625,1.0,1.0,140,1,0,0,0.7560840941182967,0.7244967891848366,0.6302272423215942,11.0,11,0.4528042727272727,0.7560840941182967,0.12585685179670245,0.11805905408500092
A6_boundary_0625,T0_standard,0.625,1.0,1.0,145,1,1,1,0.9431681129214273,0.24288653770206417,0.8952731438112613,86.96832579185521,91,1.4519752857142858,0.008936917968406665,0.9431681129214273,0.04789496911016594
A6_boundary_0625,T0_standard,0.625,1.0,1.0,149,2,2,1,0.8085344658491209,0.6209222950969108,0.70924002926246,13.699228791773779,14,0.40021921428571433,0.0921710975642183,0.0992944365866609,0.8085344658491209
A6_boundary_0625,T0_standard,0.625,1.0,1.0,150,2,2,1,0.8211096636158942,0.5695928233117205,0.6863010741061026,8.0,8,0.35506275,0.04408174687431419,0.13480858950979158,0.8211096636158942
A6_boundary_0625,T0_standard,0.625,1.0,1.0,151,2,2,1,0.9620379835691326,0.18625686213875406,0.9378113270304483,10.541076487252125,11,0.5133822727272727,0.013735359892183203,0.02422665653868429,0.9620379835691326
A6_boundary_0625,T0_standard,0.625,1.0,1.0,152,2,2,1,0.874843526991303,0.4415691131217408,0.7760982020535965,5.0,5,0.2464702,0.09874532493770652,0.02641114807099064,0.874843526991303
A6_boundary_0625,T0_standard,0.625,1.0,1.0,160,2,2,1,0.9832535992501555,0.09142470212253655,0.9686129346195368,12.508684863523573,13,0.5016772307692308,0.002105736119225801,0.014640664630618734,0.9832535992501555
A6_boundary_0625,T0_standard,0.625,1.0,1.0,168,1,1,1,0.8980802510358001,0.3945740678380454,0.830751768470778,13.0,13,0.4162788461538462,0.03459126639917762,0.8980802510358001,0.06732848256502212
A6_boundary_0625,T0_standard,0.625,1.0,1.0,169,2,2,1,0.9352876132472485,0.27392281439975585,0.8848782748362304,10.713375796178344,11,0.44178781818181817,0.01430304834173334,0.050409338411018106,0.9352876132472485
A6_boundary_0625,T0_standard,0.625,1.0,1.0,174,2,2,1,0.7817028656332407,0.6050874169896575,0.5897242690667307,5.0,5,0.3432982,0.19197859656650998,0.02631853780024941,0.7817028656332407
A6_boundary_0625,T0_standard,0.625,1.0,1.0,176,2,2,1,0.7233307162435789,0.603962780481786,0.44914606768483883,28.40394088669951,30,0.8189938999999999,0.0024846351976810085,0.2741846485587401,0.7233307162435789
A6_boundary_0625,T0_standard,0.625,1.0,1.0,178,2,2,1,0.9828239818790084,0.0919323016601861,0.9671511966417522,30.315007429420504,32,0.95442090625,0.001503232883735252,0.015672785237256282,0.9828239818790084
A6_boundary_0625,T0_standard,0.625,1.0,1.0,184,2,2,1,0.8710636878269868,0.44005776432429,0.7621655093451271,14.341463414634147,15,0.7859551333333333,0.1088981784818598,0.02003813369115336,0.8710636878269868
A6_boundary_0625,T0_standard,0.625,1.0,1.0,186,1,0,0,0.9046372167792641,0.38062481676734433,0.8535154705062452,14.341463414634147,15,0.6404765999999998,0.9046372167792641,0.04424103694771691,0.051121746273018936
A6_boundary_0625,T0_standard,0.625,1.0,1.0,187,2,2,1,0.6910756478518807,0.7832284189185974,0.4518891520455265,13.699228791773779,14,0.5083184285714285,0.23918649580635423,0.06973785634176499,0.6910756478518807
A6_boundary_0625,T0_standard,0.625,1.0,1.0,194,2,2,1,0.9518381308646536,0.19914437124448225,0.9050040234996718,11.523809523809524,12,0.537488,0.0013277617703645558,0.04683410736498186,0.9518381308646536
A6_boundary_0625,T0_standard,0.625,1.0,1.0,198,1,1,1,0.5208633131658194,0.8059924904297306,0.07230226300994685,14.341463414634147,15,0.7177088000000001,0.4485610501558725,0.5208633131658194,0.030575636678308062
A6_boundary_0625,T0_standard,0.625,1.0,1.0,200,2,2,1,0.9496972673421632,0.2341863979083792,0.9230716948545369,5.0,5,0.2278204,0.02662557248762628,0.023677160170210588,0.9496972673421632
A6_boundary_0625,T0_standard,0.625,1.0,1.0,202,2,2,1,0.8752588198320213,0.4197388599951902,0.7643580221291738,21.08215297450425,22,0.5913674545454545,0.013840382465131437,0.11090079770284741,0.8752588198320213
A6_boundary_0625,T0_standard,0.625,1.0,1.0,205,1,1,1,0.8817421354026552,0.3763689986589175,0.7661990877647066,53.168539325842694,56,1.062304125,0.002714816959396101,0.8817421354026552,0.11554304763794868
A6_boundary_0625,T0_standard,0.625,1.0,1.0,206,2,2,1,0.8864037660678429,0.4066511618418037,0.7926900234944028,20.897959183673468,22,0.6087270454545455,0.019882491358716954,0.09371374257344013,0.8864037660678429
A6_boundary_0625,T0_standard,0.625,1.0,1.0,212,2,2,1,0.9180231272238015,0.338470105832297,0.8681911050915706,24.615384615384617,26,0.8470876538461538,0.032144850643967465,0.04983202213223094,0.9180231272238015
A6_boundary_0625,T0_standard,0.625,1.0,1.0,214,2,2,1,0.935280646965843,0.2751697688784356,0.8858736616039145,43.575129533678755,46,1.0707565,0.015312367672228423,0.04940698536192859,0.935280646965843
A6_boundary_0625,T0_standard,0.625,1.0,1.0,222,2,2,1,0.9122197250972378,0.3478805460017621,0.847459959607929,4.0,4,0.5312697500000001,0.023020509413453367,0.06475976548930885,0.9122197250972378
A6_boundary_0625,T0_standard,0.625,1.0,1.0,229,1,1,1,0.815662944135798,0.4895633301258353,0.6334644034336822,20.680851063829788,21,0.46933819047619046,0.002138515162086028,0.815662944135798,0.18219854070211583
A6_boundary_0625,T0_standard,0.625,1.0,1.0,231,2,2,1,0.9367305858629704,0.24213066084965768,0.8747413688500714,5.0,5,0.4425108,0.001280197124130608,0.06198921701289905,0.9367305858629704
A6_boundary_0625,T0_standard,0.625,1.0,1.0,233,2,2,1,0.7576990373638685,0.6263464898165273,0.5369137212109083,63.68421052631579,67,1.22872771641791,0.02151564648317149,0.22078531615296018,0.7576990373638685
A6_boundary_0625,T0_standard,0.625,1.0,1.0,235,2,2,1,0.8098976202557082,0.5277555692387119,0.6305676228060423,24.03201024327785,25,0.58303204,0.010772382294625727,0.17932999744966596,0.8098976202557082
A6_boundary_0625,T0_standard,0.625,1.0,1.0,239,2,2,1,0.8503163012122378,0.504927663273553,0.7368004954388884,17.168316831683168,18,0.5865500555555556,0.11351580577334944,0.036167893014412845,0.8503163012122378
A6_boundary_0625,T0_standard,0.625,1.0,1.0,242,2,2,1,0.7142681707581635,0.7216703330832197,0.4729149597487223,14.483443708609272,15,0.6072851333333332,0.24135321100944124,0.04437861823239524,0.7142681707581635
A6_boundary_0625,T0_standard,0.625,1.0,1.0,244,2,2,1,0.8958259482007347,0.36909043487978177,0.8025604816104858,103.3466967814794,108,1.5329172870370373,0.01090858520901628,0.09326546659024897,0.8958259482007347
A6_boundary_0625,T0_standard,0.625,1.0,1.0,245,2,2,1,0.9606576582104408,0.19145679861733034,0.9353098934402707,12.389140271493213,13,0.5391935384615386,0.013994577019388978,0.025347764770170124,0.9606576582104408
A6_boundary_0625,T0_standard,0.625,1.0,1.0,249,0,0,1,0.653919611445013,0.8376382739549124,0.39259596457733453,30.29652996845426,32,0.737368,0.653919611445013,0.08475674168730848,0.26132364686767845
A6_boundary_0625,T0_standard,0.625,1.0,1.0,253,0,0,1,0.8561203031867343,0.48675365360889944,0.7431123535232895,89.77591530657256,94,1.2869785319148936,0.8561203031867343,0.03087174714982095,0.11300794966344473
A6_boundary_0625,T0_standard,0.625,1.0,1.0,259,1,0,0,0.6895177921298048,0.8161163314141983,0.48111382495668137,10.0,10,0.49205679999999996,0.6895177921298048,0.20840396717312343,0.10207824069707166
A6_boundary_0625,T0_standard,0.625,1.0,1.0,260,1,1,1,0.8032907316638772,0.5703609292844052,0.6313969665104276,11.70796460176991,12,0.5609836666666668,0.024815503182673233,0.8032907316638772,0.17189376515344956
A6_boundary_0625,T0_standard,0.625,1.0,1.0,269,1,1,1,0.9139335078817477,0.3098798799301211,0.8319859892051384,11.0,11,0.3788078181818182,0.004118973441643194,0.9139335078817477,0.08194751867660921
A6_boundary_0625,T0_standard,0.625,1.0,1.0,270,1,1,1,0.9875223642740496,0.0725295187898817,0.9770077839731734,7.0,7,0.36814757142857146,0.001963055425074358,0.9875223642740496,0.010514580300876203
A6_boundary_0625,T0_standard,0.625,1.0,1.0,271,2,0,0,0.5013966387353697,0.9049587161917307,0.0781915082591279,4.0,4,0.6352672500000001,0.5013966387353697,0.07539823078838857,0.42320513047624175
A6_boundary_0625,T0_standard,0.625,1.0,1.0,276,1,2,0,0.6399068939735925,0.6909054458859124,0.2875685074915478,8.0,8,0.425745125,0.007754719544362846,0.3523383864820447,0.6399068939735925
A6_boundary_0625,T0_standard,0.625,1.0,1.0,278,1,1,1,0.927841350678766,0.26722530594468075,0.8573790069459671,9.719723183391004,10,0.49930959999999996,0.0016963055884349808,0.927841350678766,0.07046234373279894
A6_boundary_0625,T0_standard,0.625,1.0,1.0,290,2,2,1,0.6554652257116623,0.6923981964636717,0.32183992535276185,10.448979591836734,11,0.6727623636363637,0.01090947392943719,0.3336253003589005,0.6554652257116623
A6_boundary_0625,T0_standard,0.625,1.0,1.0,293,2,2,1,0.9391681113264017,0.23906068700522168,0.8806428280885936,17.093023255813954,18,0.6691911666666666,0.0023066054357902994,0.058525283237808,0.9391681113264017
A6_boundary_0625,T0_standard,0.625,1.0,1.0,297,2,2,1,0.7093115090060899,0.7949628065823782,0.5274106734612319,9.719723183391004,10,0.4448850999999999,0.1819008355448579,0.10878765544905213,0.7093115090060899
A6_boundary_0625,T0_standard,0.625,1.0,1.0,298,2,2,1,0.8048879399846552,0.617654483889247,0.6746861382167224,15.223021582733812,16,0.6169322500000001,0.06491025824741191,0.13020180176793286,0.8048879399846552
A6_boundary_0625,T0_standard,0.625,1.0,1.0,299,1,1,1,0.8772483284169771,0.38048730112177737,0.7560006577603704,16.19449225473322,17,0.6325850000000001,0.0015040009264162865,0.8772483284169771,0.12124767065660667
A6_boundary_0625,T0_standard,0.625,1.0,1.0,304,1,1,1,0.994506993541398,0.03780682115457647,0.9913366338694586,20.897959183673468,22,0.6175126818181818,0.00317035967193945,0.994506993541398,0.002322646786662492
A6_boundary_0625,T0_standard,0.625,1.0,1.0,308,2,2,1,0.8993182411563792,0.3662189532194974,0.8121171116970259,19.894736842105264,21,0.744395857142857,0.013480629384267619,0.08720112945935322,0.8993182411563792
A6_boundary_0625,T0_standard,0.625,1.0,1.0,311,1,1,1,0.7191308067063913,0.6292732986548297,0.4460213937172805,23.902439024390244,25,0.62898604,0.007759780304497853,0.7191308067063913,0.2731094129891108
A6_boundary_0625,T0_standard,0.625,1.0,1.0,314,1,1,1,0.9467916244491721,0.2148455995076345,0.8951280542227125,9.0,9,0.4122361111111112,0.0015448053243683469,0.9467916244491721,0.05166357022645959
A6_boundary_0625,T0_standard,0.625,1.0,1.0,321,2,2,1,0.93037145692449,0.27269720437529493,0.8665654054950321,4.0,4,0.34794725,0.0058224916460521475,0.06380605142945786,0.93037145692449
A6_boundary_0625,T0_standard,0.625,1.0,1.0,322,1,1,1,0.8798903424930807,0.38429523986861786,0.7636656287980936,12.389140271493213,13,0.5984578461538462,0.0038849438119322893,0.8798903424930807,0.11622471369498706
A6_boundary_0625,T0_standard,0.625,1.0,1.0,324,1,2,0,0.6459197400651823,0.6735636940126184,0.2962276786813063,7.0,7,0.3544742857142857,0.004388198550941738,0.349692061383876,0.6459197400651823
A6_boundary_0625,T0_standard,0.625,1.0,1.0,326,2,2,1,0.9261798511812832,0.2844898300734234,0.8584719544478727,7.0,7,0.42478699999999997,0.0061122520853065,0.06770789673341046,0.9261798511812832
A6_boundary_0625,T0_standard,0.625,1.0,1.0,327,1,1,1,0.919270978447854,0.28469702507688555,0.8392695731608057,9.0,9,0.38338188888888886,0.000727616265097568,0.919270978447854,0.0800014052870483
A6_boundary_0625,T0_standard,0.625,1.0,1.0,329,1,1,1,0.8797580316764232,0.4095323896786713,0.7729636291953238,6.0,6,0.44581633333333337,0.10679440248109937,0.8797580316764232,0.013447565842477471
A6_boundary_0625,T0_standard,0.625,1.0,1.0,331,1,1,1,0.7981224937177765,0.5173338691093515,0.5989470547327232,7.0,7,0.4697390000000001,0.0027020672971700957,0.7981224937177765,0.19917543898505327
A6_boundary_0625,T0_standard,0.625,1.0,1.0,332,2,2,1,0.5807334365509809,0.9533339816513193,0.3112391139893952,17.093023255813954,18,0.71271,0.14977224088743346,0.2694943225615857,0.5807334365509809
A6_boundary_0625,T0_standard,0.625,1.0,1.0,334,1,1,1,0.9773590273744716,0.11519341838269977,0.9568417799930389,16.19449225473322,17,0.6182341764705882,0.0021237252440958606,0.9773590273744716,0.02051724738143271
A6_boundary_0625,T0_standard,0.625,1.0,1.0,338,1,0,0,0.9148520880389,0.3491085626462459,0.8655203577442216,157.49233606085053,163,1.9818752024539878,0.9148520880389,0.035816181666421705,0.049331730294678286
A6_boundary_0625,T0_standard,0.625,1.0,1.0,339,1,0,0,0.8426326428992084,0.5331311940260117,0.7345875847457033,57.795190069821565,61,0.9155766885245903,0.8426326428992084,0.0493222989472867,0.10804505815350503
A6_boundary_0625,T0_standard,0.625,1.0,1.0,340,0,0,1,0.8767580982958634,0.4586851259514363,0.8129944177992456,74.53370340999207,78,1.3844180128205126,0.8767580982958634,0.05947822120751882,0.06376368049661774
A6_boundary_0625,T0_standard,0.625,1.0,1.0,347,0,0,1,0.7973530145011543,0.6325249303742924,0.6615237228420002,14.0,14,0.44679828571428576,0.7973530145011543,0.06681769383969167,0.135829291659154
A6_boundary_0625,T0_standard,0.625,1.0,1.0,360,2,2,1,0.8480357845286516,0.4357520566411154,0.6978438312576988,11.523809523809524,12,0.5786047499999999,0.001772262200395631,0.15019195327095278,0.8480357845286516
A6_boundary_0625,T0_standard,0.625,1.0,1.0,361,2,2,1,0.7886489806859985,0.6418120326870034,0.6372778531608128,9.719723183391004,10,0.5130506,0.0599798917888158,0.15137112752518572,0.7886489806859985
A6_boundary_0625,T0_standard,0.625,1.0,1.0,362,2,2,1,0.8455769421291303,0.5302236451185126,0.7451016017976604,10.713375796178344,11,0.5684201818181817,0.05394771753939979,0.10047534033146992,0.8455769421291303
A6_boundary_0625,T0_standard,0.625,1.0,1.0,366,0,0,1,0.8474723840289392,0.4906985975682231,0.7173403875462258,6.0,6,0.3645646666666667,0.8474723840289392,0.02239561948834738,0.13013199648271342
A6_boundary_0625,T0_standard,0.625,1.0,1.0,374,0,0,1,0.9561595709650642,0.2098009125171319,0.9307751521475133,17.285714285714285,18,0.5402341666666667,0.9561595709650642,0.025384418817550918,0.01845601021738487
A6_boundary_0625,T0_standard,0.625,1.0,1.0,376,0,0,1,0.9547440587507999,0.2150447739002327,0.9283595134045781,17.285714285714285,18,0.5590460555555555,0.9547440587507999,0.02638454534622176,0.018871395902978205
A6_boundary_0625,T0_standard,0.625,1.0,1.0,378,0,0,1,0.944386783630475,0.253269903882685,0.9164377860651615,15.69248291571754,16,0.487147875,0.944386783630475,0.027664218804211434,0.02794899756531352
A6_boundary_0625,T0_standard,0.625,1.0,1.0,380,0,0,1,0.9466155261708489,0.24513120383092107,0.9174225571142723,18.27027027027027,19,0.48924563157894735,0.9466155261708489,0.029192969056576576,0.02419150477257443
A6_boundary_0625,T0_standard,0.625,1.0,1.0,387,0,0,1,0.8818680756819406,0.4256034696138385,0.7898617785043321,41.7752808988764,44,1.1116842272727274,0.8818680756819406,0.026125627140450965,0.09200629717760848
A6_boundary_0625,T0_standard,0.625,1.0,1.0,388,0,0,1,0.8595792596712348,0.49285316318046996,0.7629302145119089,21.81132075471698,23,0.6896618260869564,0.8595792596712348,0.04377169516943908,0.09664904515932596
A6_boundary_0625,T0_standard,0.625,1.0,1.0,389,0,0,1,0.9640786810247572,0.17925737462787525,0.9434452713487568,22.736842105263158,24,0.8380092500000001,0.9640786810247572,0.02063340967600044,0.015287909299242246
A6_boundary_0625,T0_standard,0.625,1.0,1.0,391,0,0,1,0.9622141119048306,0.18698957983437411,0.9424076298100853,32.19484240687679,34,0.927025911764706,0.9622141119048306,0.01980648209474529,0.017979406000423945
A6_boundary_0625,T0_standard,0.625,1.0,1.0,400,0,0,1,0.9607851997358,0.19240474947204805,0.9391144246870271,14.341463414634147,15,0.5019540666666668,0.9607851997358,0.01754402521542711,0.021670775048772937
A6_boundary_0625,T0_standard,0.625,1.0,1.0,403,0,0,1,0.929617349187693,0.300195712285666,0.8838671377889173,12.508684863523573,13,0.619328,0.929617349187693,0.024632439413531486,0.045750211398775685
A6_boundary_0625,T0_standard,0.625,1.0,1.0,405,0,0,1,0.8856188025977931,0.41335893681355645,0.7945092808838538,44.646612979630504,47,1.081583680851064,0.8856188025977931,0.02327167568826742,0.09110952171393936
A6_boundary_0625,T0_standard,0.625,1.0,1.0,411,2,2,1,0.8746805609714112,0.4343979029531242,0.7705868321563781,3.0,3,0.201223,0.02122571021355556,0.10409372881503312,0.8746805609714112
A6_boundary_0625,T0_standard,0.625,1.0,1.0,413,0,0,1,0.9470960557114775,0.24363739532120848,0.9200956992566461,78.87420042643923,83,1.1146613373493979,0.9470960557114775,0.027000356454831315,0.025903587833691347
A6_boundary_0625,T0_standard,0.625,1.0,1.0,421,0,0,1,0.9030204768818808,0.38208578980003827,0.8415267443515025,56.82147477360932,60,0.8280121,0.9030204768818808,0.035485790587740984,0.06149373253037822
A6_boundary_0625,T0_standard,0.625,1.0,1.0,422,0,0,1,0.9551822721046183,0.21308408728633388,0.9281876484650701,68.28023032629558,72,0.9631183333333332,0.9551822721046183,0.017823104255833458,0.026994623639548236
A6_boundary_0625,T0_standard,0.625,1.0,1.0,426,0,0,1,0.9680591446368181,0.16122484925195882,0.9460511446991186,36.971377459749554,39,1.0525164615384617,0.9680591446368181,0.022007999937699578,0.009932855425482232
A6_boundary_0625,T0_standard,0.625,1.0,1.0,429,0,0,1,0.9385500846048543,0.2697201297295432,0.8971159055261183,62.94252873563219,66,1.4506720606060608,0.9385500846048543,0.020015736316409682,0.041434179078735985
A6_boundary_0625,T0_standard,0.625,1.0,1.0,430,0,0,1,0.926073782729203,0.30987108998143775,0.8756072906968558,66.80471782621679,70,1.3141251428571425,0.926073782729203,0.02345972523844964,0.05046649203234723
A6_boundary_0625,T0_standard,0.625,1.0,1.0,432,0,0,1,0.9153809232660632,0.3418988978860694,0.8565056878296623,94.70210135970333,99,1.6191042626262624,0.9153809232660632,0.025743841297535694,0.05887523543640098
A6_boundary_0625,T0_standard,0.625,1.0,1.0,433,0,0,1,0.9293406909199468,0.3013260280873673,0.8838023829588948,62.76119402985075,66,1.1340002424242426,0.9293406909199468,0.025121001119001233,0.04553830796105197
A6_boundary_0625,T0_standard,0.625,1.0,1.0,438,0,0,1,0.967785181131647,0.16439273865202178,0.9494989803234913,154.41202936301207,160,2.0565121187499997,0.967785181131647,0.018286200808155673,0.013928618060197228
A6_boundary_0625,T0_standard,0.625,1.0,1.0,439,0,0,1,0.9606016816058867,0.19324561863634743,0.9395682023032897,138.53354890864995,144,1.8719137986111112,0.9606016816058867,0.02103347930259696,0.018364839091516406
A6_boundary_0625,T0_standard,0.625,1.0,1.0,452,1,1,1,0.9068338586987774,0.323811949019144,0.8168908357782942,15.321083172147002,16,0.5164338125,0.00322311838073947,0.9068338586987774,0.08994302292048313
A3_boundary_025,T0_standard,0.25,1.0,1.0,1,1,1,1,0.9675948426374791,0.16187791126534454,0.9439104916622502,157.66510976179356,191,1.7893955968586386,0.00872080638729194,0.9675948426374791,0.023684350975228915
A3_boundary_025,T0_standard,0.25,1.0,1.0,2,0,0,1,0.5095248759119075,1.0266946072382712,0.22524367888866892,20.215311004784688,29,0.9194155862068966,0.5095248759119075,0.2842811970232386,0.20619392706485395
A3_boundary_025,T0_standard,0.25,1.0,1.0,7,0,0,1,0.7701545750939625,0.6400337035620648,0.577016977363171,52.9,70,1.2559205428571434,0.7701545750939625,0.036707827175246,0.19313759773079142
A3_boundary_025,T0_standard,0.25,1.0,1.0,8,0,0,1,0.9268237691871206,0.3029039422320162,0.8719197035445662,52.89908256880734,69,1.4160222753623186,0.9268237691871206,0.01827216517032498,0.05490406564255444
A3_boundary_025,T0_standard,0.25,1.0,1.0,9,0,0,1,0.9440473499382313,0.2540472124030347,0.9126518840308944,76.4521384928717,97,1.6381157731958764,0.9440473499382313,0.024557184154431946,0.031395465907336904
A3_boundary_025,T0_standard,0.25,1.0,1.0,12,0,0,1,0.9418940932862956,0.2611480578627762,0.9078791820279775,48.50260869565217,65,1.1779163384615385,0.9418940932862956,0.024090995455386403,0.0340149112583181
A3_boundary_025,T0_standard,0.25,1.0,1.0,15,1,1,1,0.9925539455321005,0.048785165400389546,0.9878154639511404,27.034129692832764,38,1.0010864210526318,0.002707572886939311,0.9925539455321005,0.004738481580960167
A3_boundary_025,T0_standard,0.25,1.0,1.0,18,1,0,0,0.9506642499906327,0.22702855264274333,0.9165355710394111,73.9641693811075,96,1.3256457604166665,0.9506642499906327,0.034128678951221667,0.015207071058145574
A3_boundary_025,T0_standard,0.25,1.0,1.0,22,1,1,1,0.986504021762871,0.07957343524772675,0.9768527279817667,12.297872340425531,19,0.8067329999999999,0.003844684456024849,0.986504021762871,0.009651293781104265
A3_boundary_025,T0_standard,0.25,1.0,1.0,28,1,1,1,0.8933279145129568,0.3627876343227585,0.7927237621365814,13.5,21,0.7458260476190477,0.00606793311066765,0.8933279145129568,0.10060415237637539
A3_boundary_025,T0_standard,0.25,1.0,1.0,29,1,1,1,0.6974715397634664,0.6894379825096656,0.4160094400051505,9.142857142857142,13,0.504573923076923,0.021066360478217694,0.6974715397634664,0.28146209975831593
A3_boundary_025,T0_standard,0.25,1.0,1.0,32,0,0,1,0.4951503126413633,0.8892443066490735,0.05649910133240632,92.67134599504541,116,1.5386575431034482,0.4951503126413633,0.06619847604967967,0.43865121130895696
A3_boundary_025,T0_standard,0.25,1.0,1.0,35,0,0,1,0.779421341137308,0.6765465956286614,0.6482277872179801,22.55778894472362,34,0.681779294117647,0.779421341137308,0.08938510494336413,0.13119355391932783
A3_boundary_025,T0_standard,0.25,1.0,1.0,37,0,0,1,0.9606103809868127,0.1925395837089401,0.9370524872268162,149.67933966983492,184,1.7882877282608698,0.9606103809868127,0.02355789375999648,0.015831725253190813
A3_boundary_025,T0_standard,0.25,1.0,1.0,38,0,0,1,0.9092310556032024,0.36201021616436113,0.8486052258913445,26.08303249097473,37,0.9075333243243243,0.9092310556032024,0.03014311468493977,0.06062582971185789
A3_boundary_025,T0_standard,0.25,1.0,1.0,39,0,0,1,0.9309498022092898,0.29881237406505184,0.8936408005553977,22.736842105263158,33,0.8299917878787879,0.9309498022092898,0.03730900165389209,0.03174119613681805
A3_boundary_025,T0_standard,0.25,1.0,1.0,41,0,0,1,0.959701454539565,0.19682340973764645,0.9393968855532967,54.378102189781025,70,1.2843535142857143,0.959701454539565,0.020304568986268284,0.019993976474166866
A3_boundary_025,T0_standard,0.25,1.0,1.0,44,0,0,1,0.929933159522285,0.30222590077036793,0.8925888671190038,16.105882352941176,25,0.5948057999999999,0.929933159522285,0.03734429240328122,0.032722548074433935
A3_boundary_025,T0_standard,0.25,1.0,1.0,49,1,0,0,0.6082504350079468,0.9160677445655239,0.3431575351877803,16.0,16,0.37066231250000004,0.6082504350079468,0.12665666517188662,0.26509289982016654
A3_boundary_025,T0_standard,0.25,1.0,1.0,51,0,0,1,0.7194381585895532,0.7182410265590751,0.48461822977421276,12.0,18,0.5287885,0.7194381585895532,0.04574191259510642,0.2348199288153404
A3_boundary_025,T0_standard,0.25,1.0,1.0,55,0,0,1,0.9664022261094453,0.16833992379924861,0.9438900518314131,25.03448275862069,39,0.6499513846153847,0.9664022261094453,0.022512174278032232,0.011085599612522375
A3_boundary_025,T0_standard,0.25,1.0,1.0,60,0,0,1,0.9584893860016833,0.20052844060912128,0.9332873339860299,38.21052631578947,51,1.224436588235294,0.9584893860016833,0.025202052015653436,0.016308561982663304
A3_boundary_025,T0_standard,0.25,1.0,1.0,61,0,0,1,0.9390742983416769,0.26998775328087227,0.9013456892083761,23.14814814814815,33,0.9699814242424242,0.9390742983416769,0.023197092525022486,0.037728609133300776
A3_boundary_025,T0_standard,0.25,1.0,1.0,71,2,2,1,0.9781586651674811,0.12001929795017872,0.9656179675199333,9.090909090909092,14,0.6911514999999999,0.012540697647547715,0.009300637184971212,0.9781586651674811
A3_boundary_025,T0_standard,0.25,1.0,1.0,75,0,1,0,0.5527764916284851,0.8887827671122858,0.17991339073627138,12.297872340425531,19,0.7114136315789473,0.07436040747930121,0.5527764916284851,0.3728631008922137
A3_boundary_025,T0_standard,0.25,1.0,1.0,77,0,0,1,0.7338041269086931,0.7127257519098837,0.5209068559597034,9.0,9,0.3371106666666667,0.7338041269086931,0.053298602142317214,0.21289727094898975
A3_boundary_025,T0_standard,0.25,1.0,1.0,84,2,2,1,0.6276128816126348,0.6882284025450043,0.26057668698363573,8.0,8,0.40794074999999996,0.005350923758366028,0.3670361946289991,0.6276128816126348
A3_boundary_025,T0_standard,0.25,1.0,1.0,85,2,0,0,0.6619393666004821,0.7755177169360453,0.3705899559245789,6.4,10,0.6327266,0.6619393666004821,0.04671122272361465,0.29134941067590325
A3_boundary_025,T0_standard,0.25,1.0,1.0,86,0,2,0,0.8750744341749741,0.42023135986494103,0.7640429647038642,9.090909090909092,14,0.5406887857142857,0.013894096353915988,0.11103146947110987,0.8750744341749741
A3_boundary_025,T0_standard,0.25,1.0,1.0,87,0,2,0,0.7336209854596003,0.6602468013073849,0.49123039224953513,7.0,7,0.5237958571428571,0.24239059321006518,0.023988421330334443,0.7336209854596003
A3_boundary_025,T0_standard,0.25,1.0,1.0,88,0,0,1,0.5139846558964088,0.8213021920202915,0.06405476521221232,8.0,8,0.40546887499999995,0.5139846558964088,0.036085453419394654,0.44992989068419653
A3_boundary_025,T0_standard,0.25,1.0,1.0,89,0,2,0,0.5368911951064625,0.8485208638962143,0.12359458890062897,7.0,7,0.3756504285714285,0.4132966062058336,0.0498121986877038,0.5368911951064625
A3_boundary_025,T0_standard,0.25,1.0,1.0,90,0,0,1,0.47421799641468987,0.9932214386758029,0.08523616522127458,6.0,9,0.6029300000000001,0.47421799641468987,0.1368001723918948,0.3889818311934153
A3_boundary_025,T0_standard,0.25,1.0,1.0,93,0,0,1,0.7119403366052584,0.7756429290553853,0.5094469105247643,7.048780487804878,11,0.3752034545454545,0.7119403366052584,0.08556623731424769,0.202493426080494
A3_boundary_025,T0_standard,0.25,1.0,1.0,98,0,0,1,0.7641310946770735,0.6453306386931734,0.5632723312013415,17.0,17,0.4362414705882353,0.7641310946770735,0.03501014184719447,0.2008587634757321
A3_boundary_025,T0_standard,0.25,1.0,1.0,101,0,0,1,0.8862592363215127,0.43064915463522946,0.8176144862713011,13.0,13,0.519376153846154,0.8862592363215127,0.04509601362827556,0.0686447500502116
A3_boundary_025,T0_standard,0.25,1.0,1.0,102,0,0,1,0.9419662229967117,0.26164842943087896,0.9112440061935964,12.0,12,0.54038,0.9419662229967117,0.03072221680311539,0.027311560200172953
A3_boundary_025,T0_standard,0.25,1.0,1.0,106,0,0,1,0.7547548115048567,0.6913158572585223,0.5676065568787032,79.38582677165354,101,1.456544306930693,0.7547548115048567,0.05809693386898974,0.18714825462615348
A3_boundary_025,T0_standard,0.25,1.0,1.0,118,0,0,1,0.869841349017628,0.45571939242700904,0.7686750659003704,18.75,27,0.771531037037037,0.869841349017628,0.02899236786511429,0.1011662831172576
A3_boundary_025,T0_standard,0.25,1.0,1.0,119,0,0,1,0.9608720168762771,0.1921070521733104,0.939447203381099,75.4453781512605,97,1.3621651546391753,0.9608720168762771,0.021424813495178073,0.01770316962854489
A3_boundary_025,T0_standard,0.25,1.0,1.0,120,0,0,1,0.9500932222095713,0.2297881772778922,0.9165125407026417,59.765957446808514,77,1.3922861558441562,0.9500932222095713,0.01632609628349908,0.033580681506929604
A3_boundary_025,T0_standard,0.25,1.0,1.0,123,0,0,1,0.9495414957260185,0.23472485727340078,0.9226215232663308,15.114285714285714,20,0.5155320999999999,0.9495414957260185,0.023538531814293873,0.026919972459687642
A3_boundary_025,T0_standard,0.25,1.0,1.0,124,0,0,1,0.968039261374604,0.163644225210175,0.9518608700902668,32.17981072555205,47,0.8481854893617022,0.968039261374604,0.0161783912843373,0.015782347341058614
A3_boundary_025,T0_standard,0.25,1.0,1.0,129,0,0,1,0.9384641421291257,0.27136353504854643,0.8990502162037433,48.00696864111498,64,1.315091625,0.9384641421291257,0.02212193194549186,0.0394139259253824
A3_boundary_025,T0_standard,0.25,1.0,1.0,130,0,0,1,0.9419122860100987,0.2601340999612026,0.9056710849835332,57.306382978723406,75,1.3049385733333334,0.9419122860100987,0.021846512963335927,0.03624120102656547
A3_boundary_025,T0_standard,0.25,1.0,1.0,134,1,1,1,0.9623036600527142,0.18641870935369625,0.9412316959512136,15.473684210526315,24,0.7835483333333334,0.02107196410150054,0.9623036600527142,0.01662437584578527
A3_boundary_025,T0_standard,0.25,1.0,1.0,136,1,1,1,0.9063746798773504,0.33453170719209,0.819279365055638,82.41758241758242,102,1.6543439509803923,0.00653000530093724,0.9063746798773504,0.08709531482171246
A3_boundary_025,T0_standard,0.25,1.0,1.0,138,1,1,1,0.6186168792295055,0.726448698010665,0.25175874883121974,7.0,7,0.46868471428571423,0.014524990372208703,0.6186168792295055,0.36685813039828574
A3_boundary_025,T0_standard,0.25,1.0,1.0,140,1,0,0,0.7560840941182967,0.7244967891848366,0.6302272423215942,11.0,11,0.4528042727272727,0.7560840941182967,0.12585685179670245,0.11805905408500092
A3_boundary_025,T0_standard,0.25,1.0,1.0,145,1,1,1,0.9666795874002216,0.16359070052625563,0.9406366661570855,71.54585152838428,91,1.4519752857142858,0.007277491356642164,0.9666795874002216,0.026042921243136168
A3_boundary_025,T0_standard,0.25,1.0,1.0,149,2,2,1,0.8338937772875917,0.5646347086770405,0.7472024237362078,9.96551724137931,14,0.40021921428571433,0.07941486916102444,0.08669135355138394,0.8338937772875917
A3_boundary_025,T0_standard,0.25,1.0,1.0,150,2,2,1,0.8211096636158942,0.5695928233117205,0.6863010741061026,8.0,8,0.35506275,0.04408174687431419,0.13480858950979158,0.8211096636158942
A3_boundary_025,T0_standard,0.25,1.0,1.0,151,2,2,1,0.9658123643096548,0.17219055792652718,0.9457541049307477,7.048780487804878,11,0.5133822727272727,0.01412937631143805,0.02005825937890705,0.9658123643096548
A3_boundary_025,T0_standard,0.25,1.0,1.0,152,2,2,1,0.874843526991303,0.4415691131217408,0.7760982020535965,5.0,5,0.2464702,0.09874532493770652,0.02641114807099064,0.874843526991303
A3_boundary_025,T0_standard,0.25,1.0,1.0,160,2,2,1,0.9856279849874676,0.08065805747041885,0.973053497396495,8.395348837209303,13,0.5016772307692308,0.0017975274215598599,0.012574487590972554,0.9856279849874676
A3_boundary_025,T0_standard,0.25,1.0,1.0,168,1,1,1,0.8980802510358001,0.3945740678380454,0.830751768470778,13.0,13,0.4162788461538462,0.03459126639917762,0.8980802510358001,0.06732848256502212
A3_boundary_025,T0_standard,0.25,1.0,1.0,169,2,2,1,0.9415886000043159,0.25437404858034435,0.896862851523543,7.538461538461538,11,0.44178781818181817,0.01368565151491118,0.044725748480772966,0.9415886000043159
A3_boundary_025,T0_standard,0.25,1.0,1.0,174,2,2,1,0.7817028656332407,0.6050874169896575,0.5897242690667307,5.0,5,0.3432982,0.19197859656650998,0.02631853780024941,0.7817028656332407
A3_boundary_025,T0_standard,0.25,1.0,1.0,176,2,2,1,0.7205120987594464,0.6048195544639925,0.44312159910220206,20.742857142857144,30,0.8189938999999999,0.0020974015833091853,0.2773904996572444,0.7205120987594464
A3_boundary_025,T0_standard,0.25,1.0,1.0,178,2,2,1,0.9851436245579884,0.08183715910299388,0.9716511371100703,22.628099173553718,32,0.95442090625,0.0013638879940935057,0.013492487447918143,0.9851436245579884
A3_boundary_025,T0_standard,0.25,1.0,1.0,184,2,2,1,0.9057185800648786,0.35641810443737065,0.8281726011220579,9.6,15,0.7859551333333333,0.07754597894282068,0.016735440992300787,0.9057185800648786
A3_boundary_025,T0_standard,0.25,1.0,1.0,186,1,0,0,0.9131300546119787,0.35489038533875183,0.8647735721535742,9.6,15,0.6404765999999998,0.9131300546119787,0.03851346292961673,0.048356482458404494
A3_boundary_025,T0_standard,0.25,1.0,1.0,187,2,2,1,0.6840231885475165,0.8270054857329203,0.476474288601514,9.96551724137931,14,0.5083184285714285,0.2075488999460026,0.1084279115064808,0.6840231885475165
A3_boundary_025,T0_standard,0.25,1.0,1.0,194,2,2,1,0.9339479537411002,0.25047520814257324,0.8693985502374346,7.714285714285714,12,0.537488,0.0015026427552343553,0.0645494035036655,0.9339479537411002
A3_boundary_025,T0_standard,0.25,1.0,1.0,198,1,1,1,0.5211001261924153,0.826933435557652,0.08099440904502814,9.6,15,0.7177088000000001,0.44010571714738717,0.5211001261924153,0.03879415666019762
A3_boundary_025,T0_standard,0.25,1.0,1.0,200,2,2,1,0.9496972673421632,0.2341863979083792,0.9230716948545369,5.0,5,0.2278204,0.02662557248762628,0.023677160170210588,0.9496972673421632
A3_boundary_025,T0_standard,0.25,1.0,1.0,202,2,2,1,0.8539781301127015,0.45328694557965576,0.7183734130701599,14.097560975609756,22,0.5913674545454545,0.010417152844756842,0.1356047170425416,0.8539781301127015
A3_boundary_025,T0_standard,0.25,1.0,1.0,205,1,1,1,0.9267372705744394,0.2725724840730449,0.8558773865953244,41.1764705882353,56,1.062304125,0.002402845446445379,0.9267372705744394,0.07085988397911508
A3_boundary_025,T0_standard,0.25,1.0,1.0,206,2,2,1,0.8973665730153252,0.3716646039389198,0.8087037098183824,14.285714285714286,22,0.6087270454545455,0.013970563787731913,0.08866286319694285,0.8973665730153252
A3_boundary_025,T0_standard,0.25,1.0,1.0,212,2,2,1,0.9439378785564876,0.2533335917685867,0.9094140788087703,17.818181818181817,26,0.8470876538461538,0.021538321695795025,0.0345237997477173,0.9439378785564876
A3_boundary_025,T0_standard,0.25,1.0,1.0,214,2,2,1,0.9453386358805901,0.23931117528500942,0.901566653057203,32.47398843930636,46,1.0707565,0.010889381296022847,0.043771982823387165,0.9453386358805901
A3_boundary_025,T0_standard,0.25,1.0,1.0,222,2,2,1,0.9122197250972378,0.3478805460017621,0.847459959607929,4.0,4,0.5312697500000001,0.023020509413453367,0.06475976548930885,0.9122197250972378
A3_boundary_025,T0_standard,0.25,1.0,1.0,229,1,1,1,0.8337900906631402,0.46090210724323927,0.6696367712626541,16.0,21,0.46933819047619046,0.0020565899363736593,0.8337900906631402,0.1641533194004861
A3_boundary_025,T0_standard,0.25,1.0,1.0,231,2,2,1,0.9367305858629704,0.24213066084965768,0.8747413688500714,5.0,5,0.4425108,0.001280197124130608,0.06198921701289905,0.9367305858629704
A3_boundary_025,T0_standard,0.25,1.0,1.0,233,2,2,1,0.7786530597100629,0.5851615087608362,0.5729599623210717,49.972972972972975,67,1.22872771641791,0.015653842900945972,0.20569309738899122,0.7786530597100629
A3_boundary_025,T0_standard,0.25,1.0,1.0,235,2,2,1,0.7889193409598214,0.5572610033266951,0.5883836574660666,16.105882352941176,25,0.58303204,0.01054497554642374,0.20053568349375483,0.7889193409598214
A3_boundary_025,T0_standard,0.25,1.0,1.0,239,2,2,1,0.8943425351519662,0.3982835653995236,0.8165390496069044,11.538461538461538,18,0.5865500555555556,0.07780348554506177,0.02785397930297212,0.8943425351519662
A3_boundary_025,T0_standard,0.25,1.0,1.0,242,2,2,1,0.7072528993510108,0.7283000354408561,0.45839485086756826,9.8,15,0.6072851333333332,0.24885804848344248,0.043889052165546616,0.7072528993510108
A3_boundary_025,T0_standard,0.25,1.0,1.0,244,2,2,1,0.8923938161135226,0.37812897111212196,0.7963206663858785,85.78706199460916,108,1.5329172870370373,0.011533034158833251,0.09607314972764416,0.8923938161135226
A3_boundary_025,T0_standard,0.25,1.0,1.0,245,2,2,1,0.9628496859372686,0.18355976076441688,0.9400476387009536,8.344827586206897,13,0.5391935384615386,0.014348266826416477,0.02280204723631501,0.9628496859372686
A3_boundary_025,T0_standard,0.25,1.0,1.0,249,0,0,1,0.7587582402922133,0.694690802623439,0.58416106808214,21.81132075471698,32,0.737368,0.7587582402922133,0.06664458749771346,0.17459717221007331
A3_boundary_025,T0_standard,0.25,1.0,1.0,253,0,0,1,0.9035547350091451,0.3735623140979115,0.8332588843074538,73.49464668094218,94,1.2869785319148936,0.9035547350091451,0.02614941428916347,0.07029585070169136
A3_boundary_025,T0_standard,0.25,1.0,1.0,259,1,0,0,0.6895177921298048,0.8161163314141983,0.48111382495668137,10.0,10,0.49205679999999996,0.6895177921298048,0.20840396717312343,0.10207824069707166
A3_boundary_025,T0_standard,0.25,1.0,1.0,260,1,1,1,0.8338321439125453,0.5130471904505696,0.6887878016991202,8.333333333333334,12,0.5609836666666668,0.021123513874029623,0.8338321439125453,0.14504434221342505
A3_boundary_025,T0_standard,0.25,1.0,1.0,269,1,1,1,0.9139335078817477,0.3098798799301211,0.8319859892051384,11.0,11,0.3788078181818182,0.004118973441643194,0.9139335078817477,0.08194751867660921
A3_boundary_025,T0_standard,0.25,1.0,1.0,270,1,1,1,0.9875223642740496,0.0725295187898817,0.9770077839731734,7.0,7,0.36814757142857146,0.001963055425074358,0.9875223642740496,0.010514580300876203
A3_boundary_025,T0_standard,0.25,1.0,1.0,271,2,0,0,0.5013966387353697,0.9049587161917307,0.0781915082591279,4.0,4,0.6352672500000001,0.5013966387353697,0.07539823078838857,0.42320513047624175
A3_boundary_025,T0_standard,0.25,1.0,1.0,276,1,2,0,0.6399068939735925,0.6909054458859124,0.2875685074915478,8.0,8,0.425745125,0.007754719544362846,0.3523383864820447,0.6399068939735925
A3_boundary_025,T0_standard,0.25,1.0,1.0,278,1,1,1,0.9225149784709016,0.28041553946854825,0.8466404629502444,6.76,10,0.49930959999999996,0.0016105060084411513,0.9225149784709016,0.0758745155206571
A3_boundary_025,T0_standard,0.25,1.0,1.0,290,2,2,1,0.5981173097333854,0.7163762627574514,0.20510768170586313,7.142857142857143,11,0.6727623636363637,0.00887306223909242,0.39300962802752226,0.5981173097333854
A3_boundary_025,T0_standard,0.25,1.0,1.0,293,2,2,1,0.9574829722419285,0.18426855511114562,0.9170801799917844,11.709677419354838,18,0.6691911666666666,0.0021142355079274934,0.040402792250144044,0.9574829722419285
A3_boundary_025,T0_standard,0.25,1.0,1.0,297,2,2,1,0.6868472621257224,0.8275671232479853,0.4888411450104678,6.76,10,0.4448850999999999,0.19800611711525462,0.11514662075902297,0.6868472621257224
A3_boundary_025,T0_standard,0.25,1.0,1.0,298,2,2,1,0.7922317855603669,0.6532580926794993,0.6749198008123065,10.31578947368421,16,0.6169322500000001,0.09045622969157274,0.11731198474806039,0.7922317855603669
A3_boundary_025,T0_standard,0.25,1.0,1.0,299,1,1,1,0.9132764442382076,0.3017174100809571,0.8278709999575655,10.922077922077921,17,0.6325850000000001,0.0013181114811501454,0.9132764442382076,0.08540544428064206
A3_boundary_025,T0_standard,0.25,1.0,1.0,304,1,1,1,0.9947703484958539,0.03624335215750914,0.991725548418861,14.285714285714286,22,0.6175126818181818,0.003044800076992972,0.9947703484958539,0.002184851427153005
A3_boundary_025,T0_standard,0.25,1.0,1.0,308,2,2,1,0.9067515147035896,0.33976540371010694,0.822584647027606,14.0,21,0.744395857142857,0.009081617620426707,0.08416686767598358,0.9067515147035896
A3_boundary_025,T0_standard,0.25,1.0,1.0,311,1,1,1,0.7895604259918446,0.5409184767983928,0.5848734482912057,16.0,25,0.62898604,0.005752596307516516,0.7895604259918446,0.20468697770063896
A3_boundary_025,T0_standard,0.25,1.0,1.0,314,1,1,1,0.9467916244491721,0.2148455995076345,0.8951280542227125,9.0,9,0.4122361111111112,0.0015448053243683469,0.9467916244491721,0.05166357022645959
A3_boundary_025,T0_standard,0.25,1.0,1.0,321,2,2,1,0.93037145692449,0.27269720437529493,0.8665654054950321,4.0,4,0.34794725,0.0058224916460521475,0.06380605142945786,0.93037145692449
A3_boundary_025,T0_standard,0.25,1.0,1.0,322,1,1,1,0.9167794410500864,0.30064478731183103,0.8369201352806752,8.344827586206897,13,0.5984578461538462,0.0033612531805025697,0.9167794410500864,0.07985930576941117
A3_boundary_025,T0_standard,0.25,1.0,1.0,324,1,2,0,0.6459197400651823,0.6735636940126184,0.2962276786813063,7.0,7,0.3544742857142857,0.004388198550941738,0.349692061383876,0.6459197400651823
A3_boundary_025,T0_standard,0.25,1.0,1.0,326,2,2,1,0.9261798511812832,0.2844898300734234,0.8584719544478727,7.0,7,0.42478699999999997,0.0061122520853065,0.06770789673341046,0.9261798511812832
A3_boundary_025,T0_standard,0.25,1.0,1.0,327,1,1,1,0.919270978447854,0.28469702507688555,0.8392695731608057,9.0,9,0.38338188888888886,0.000727616265097568,0.919270978447854,0.0800014052870483
A3_boundary_025,T0_standard,0.25,1.0,1.0,329,1,1,1,0.8797580316764232,0.4095323896786713,0.7729636291953238,6.0,6,0.44581633333333337,0.10679440248109937,0.8797580316764232,0.013447565842477471
A3_boundary_025,T0_standard,0.25,1.0,1.0,331,1,1,1,0.7981224937177765,0.5173338691093515,0.5989470547327232,7.0,7,0.4697390000000001,0.0027020672971700957,0.7981224937177765,0.19917543898505327
A3_boundary_025,T0_standard,0.25,1.0,1.0,332,2,2,1,0.6085469150209777,0.9348936101522269,0.3791112350125959,11.709677419354838,18,0.71271,0.16201740497064063,0.22943568000838174,0.6085469150209777
A3_boundary_025,T0_standard,0.25,1.0,1.0,334,1,1,1,0.9830840554042457,0.09187861556855406,0.9681437855470599,10.922077922077921,17,0.6182341764705882,0.001975674738568412,0.9830840554042457,0.014940269857185735
A3_boundary_025,T0_standard,0.25,1.0,1.0,338,1,0,0,0.9274000567045048,0.3104351033715619,0.8884055345338812,138.27677185721677,163,1.9818752024539878,0.9274000567045048,0.03360542112487157,0.03899452217062364
A3_boundary_025,T0_standard,0.25,1.0,1.0,339,1,0,0,0.8780369611995669,0.45044763063786,0.7998709945312211,43.27038626609442,61,0.9155766885245903,0.8780369611995669,0.04379707213208741,0.07816596666834578
A3_boundary_025,T0_standard,0.25,1.0,1.0,340,0,0,1,0.9119609452820521,0.35850893856090815,0.8632902649396751,61.252873563218394,78,1.3844180128205126,0.9119609452820521,0.03936837437557082,0.04867068034237694
A3_boundary_025,T0_standard,0.25,1.0,1.0,347,0,0,1,0.7973530145011543,0.6325249303742924,0.6615237228420002,14.0,14,0.44679828571428576,0.7973530145011543,0.06681769383969167,0.135829291659154
A3_boundary_025,T0_standard,0.25,1.0,1.0,360,2,2,1,0.8492203588222229,0.43412373344416644,0.7003100840365288,7.714285714285714,12,0.5786047499999999,0.0018693663920830372,0.14891027478569405,0.8492203588222229
A3_boundary_025,T0_standard,0.25,1.0,1.0,361,2,2,1,0.8072196078484177,0.6063779641270666,0.6704186320171793,6.76,10,0.5130506,0.055979416320343825,0.13680097583123843,0.8072196078484177
A3_boundary_025,T0_standard,0.25,1.0,1.0,362,2,2,1,0.8695727283122148,0.4711352571265635,0.783992646199267,7.538461538461538,11,0.5684201818181817,0.04484718957483744,0.08558008211294775,0.8695727283122148
A3_boundary_025,T0_standard,0.25,1.0,1.0,366,0,0,1,0.8474723840289392,0.4906985975682231,0.7173403875462258,6.0,6,0.3645646666666667,0.8474723840289392,0.02239561948834738,0.13013199648271342
A3_boundary_025,T0_standard,0.25,1.0,1.0,374,0,0,1,0.9560433292028903,0.21019300640452815,0.9304527486810553,11.571428571428571,18,0.5402341666666667,0.9560433292028903,0.025590580521834973,0.018366090275274784
A3_boundary_025,T0_standard,0.25,1.0,1.0,376,0,0,1,0.9570637794350111,0.20633874689362786,0.9320500716239156,11.571428571428571,18,0.5590460555555555,0.9570637794350111,0.025013707811095503,0.017922512753893397
A3_boundary_025,T0_standard,0.25,1.0,1.0,378,0,0,1,0.9458041417350469,0.24824981343914868,0.918338833919675,11.64516129032258,16,0.487147875,0.9458041417350469,0.027465307815371983,0.02673055044958112
A3_boundary_025,T0_standard,0.25,1.0,1.0,380,0,0,1,0.9467010280115028,0.2448464912828573,0.9176641755759852,12.25,19,0.48924563157894735,0.9467010280115028,0.02903685243551753,0.02426211955297953
A3_boundary_025,T0_standard,0.25,1.0,1.0,387,0,0,1,0.8920933131673234,0.39863632365169444,0.8076614713104379,32.35294117647059,44,1.1116842272727274,0.8920933131673234,0.023474844975790974,0.08443184185688554
A3_boundary_025,T0_standard,0.25,1.0,1.0,388,0,0,1,0.88690395648239,0.426345683602402,0.8136886667760562,15.125,23,0.6896618260869564,0.88690395648239,0.039880753811276155,0.07321528970633376
A3_boundary_025,T0_standard,0.25,1.0,1.0,389,0,0,1,0.9666109055699065,0.16904070043661848,0.9472264141170883,16.0,24,0.8380092500000001,0.9666109055699065,0.019384491452818123,0.014004602977275406
A3_boundary_025,T0_standard,0.25,1.0,1.0,391,0,0,1,0.9645148598758052,0.17788046676745528,0.9459724264581093,23.672131147540984,34,0.927025911764706,0.9645148598758052,0.01854243341769589,0.01694270670649898
A3_boundary_025,T0_standard,0.25,1.0,1.0,400,0,0,1,0.9600890080064995,0.19506755601973647,0.9378677680026921,9.6,15,0.5019540666666668,0.9600890080064995,0.017689751989693074,0.02222124000380747
A3_boundary_025,T0_standard,0.25,1.0,1.0,403,0,0,1,0.9392351532720205,0.2693217643815903,0.9013658314938784,8.395348837209303,13,0.619328,0.9392351532720205,0.022895524949837525,0.03786932177814212
A3_boundary_025,T0_standard,0.25,1.0,1.0,405,0,0,1,0.9062385889658083,0.3623834833843641,0.8346004833855267,34.793611793611795,47,1.081583680851064,0.9062385889658083,0.02212330545391008,0.07163810558028161
A3_boundary_025,T0_standard,0.25,1.0,1.0,411,2,2,1,0.8746805609714112,0.4343979029531242,0.7705868321563781,3.0,3,0.201223,0.02122571021355556,0.10409372881503312,0.8746805609714112
A3_boundary_025,T0_standard,0.25,1.0,1.0,413,0,0,1,0.951504316071202,0.2276638968507334,0.9267042899996717,61.73626373626374,83,1.1146613373493979,0.951504316071202,0.024800026071530274,0.02369565785726761
A3_boundary_025,T0_standard,0.25,1.0,1.0,421,0,0,1,0.9293574904686469,0.30298197790247294,0.8873289572402456,40.344,60,0.8280121,0.9293574904686469,0.02861397630295178,0.0420285332284013
A3_boundary_025,T0_standard,0.25,1.0,1.0,422,0,0,1,0.9638083719242291,0.1806369550191744,0.9444004563960049,52.02061855670103,72,0.9631183333333332,0.9638083719242291,0.016783712547546726,0.01940791552822422
A3_boundary_025,T0_standard,0.25,1.0,1.0,426,0,0,1,0.9693972901416427,0.15545532233013695,0.9478935980215922,27.990291262135923,39,1.0525164615384617,0.9693972901416427,0.02150369212005046,0.009099017738306998
A3_boundary_025,T0_standard,0.25,1.0,1.0,429,0,0,1,0.9514287344268009,0.22673520947429787,0.9217259728360165,50.943396226415096,66,1.4506720606060608,0.9514287344268009,0.018868503982414922,0.0297027615907843
A3_boundary_025,T0_standard,0.25,1.0,1.0,430,0,0,1,0.9399311147098068,0.2668908184177834,0.9023771684690975,54.378102189781025,70,1.3141251428571425,0.9399311147098068,0.022514939049483765,0.03755394624070926
A3_boundary_025,T0_standard,0.25,1.0,1.0,432,0,0,1,0.9394236340089407,0.2684470636126467,0.901222001610467,78.42603550295858,99,1.6191042626262624,0.9394236340089407,0.022374733592585627,0.03820163239847373
A3_boundary_025,T0_standard,0.25,1.0,1.0,433,0,0,1,0.9435515815253783,0.25512314226949095,0.9098108723420428,49.47715736040609,66,1.1340002424242426,0.9435515815253783,0.02270770929128621,0.03374070918333545
A3_boundary_025,T0_standard,0.25,1.0,1.0,438,0,0,1,0.9682187792672782,0.1626022039191666,0.9501222028754045,134.7614973262032,160,2.0565121187499997,0.9682187792672782,0.018096576391873728,0.013684644340848214
A3_boundary_025,T0_standard,0.25,1.0,1.0,439,0,0,1,0.9609410571268739,0.19192246336220267,0.9400649368233479,118.86245353159852,144,1.8719137986111112,0.9609410571268739,0.020876120303526032,0.018182822569599997
A3_boundary_025,T0_standard,0.25,1.0,1.0,452,1,1,1,0.9319779937804704,0.26081832635228486,0.8669656292333919,10.245901639344263,16,0.5164338125,0.00300964167245098,0.9319779937804704,0.0650123645470785
A4_gradual_050_075_100,T0_standard,0.5,0.75,1.0,1,1,1,1,0.9613860647706335,0.1884444566998828,0.9361752905544453,177.60204081632654,191,1.7893955968586386,0.013403161013178242,0.9613860647706335,0.02521077421618825
A4_gradual_050_075_100,T0_standard,0.5,0.75,1.0,2,0,0,1,0.47687154158886275,1.0484865955919256,0.17513170568848319,27.28421052631579,29,0.9194155862068966,0.47687154158886275,0.30173983590037956,0.2213886225107577
A4_gradual_050_075_100,T0_standard,0.5,0.75,1.0,7,0,0,1,0.7599883788578605,0.6615109833903947,0.5614129208102663,64.78086956521739,70,1.2559205428571434,0.7599883788578605,0.04143616309454532,0.19857545804759422
A4_gradual_050_075_100,T0_standard,0.5,0.75,1.0,8,0,0,1,0.9049544254556983,0.3634639938211193,0.830292439987158,63.78983050847457,69,1.4160222753623186,0.9049544254556983,0.0203835890757616,0.07466198546854026
A4_gradual_050_075_100,T0_standard,0.5,0.75,1.0,9,0,0,1,0.9402800105269803,0.2667543017507305,0.9054330168705454,89.75620767494357,97,1.6381157731958764,0.9402800105269803,0.02487299581658485,0.03484699365643489
A4_gradual_050_075_100,T0_standard,0.5,0.75,1.0,12,0,0,1,0.9315563777499659,0.29411607082639146,0.887410301675182,60.264591439688715,65,1.1779163384615385,0.9315563777499659,0.024297546175250057,0.044146076074783894
A4_gradual_050_075_100,T0_standard,0.5,0.75,1.0,15,1,1,1,0.9929212360869514,0.04681998988388779,0.9885766200945877,35.50566037735849,38,1.0010864210526318,0.0027341479206851194,0.9929212360869514,0.004344615992363653
A4_gradual_050_075_100,T0_standard,0.5,0.75,1.0,18,1,0,0,0.9409080852998069,0.25974102221883877,0.8986197341776829,88.70983213429257,96,1.3256457604166665,0.9409080852998069,0.0422883511221239,0.01680356357806923
A4_gradual_050_075_100,T0_standard,0.5,0.75,1.0,22,1,1,1,0.9840870102583636,0.0899854578098985,0.9716164637902689,18.306930693069308,19,0.8067329999999999,0.0034424432735415027,0.9840870102583636,0.012470546468094765
A4_gradual_050_075_100,T0_standard,0.5,0.75,1.0,28,1,1,1,0.8956097877689679,0.3556848226155497,0.796554410453411,20.26605504587156,21,0.7458260476190477,0.005334834915475035,0.8956097877689679,0.09905537731555693
A4_gradual_050_075_100,T0_standard,0.5,0.75,1.0,29,1,1,1,0.6498413056853404,0.7362318862374733,0.32414471322777716,12.789473684210526,13,0.504573923076923,0.024462101857096408,0.6498413056853404,0.3256965924575632
A4_gradual_050_075_100,T0_standard,0.5,0.75,1.0,32,0,0,1,0.4683640363741594,0.8934657001222117,0.004223849521224898,107.38294010889292,116,1.5386575431034482,0.4683640363741594,0.06749577677290611,0.4641401868529345
A4_gradual_050_075_100,T0_standard,0.5,0.75,1.0,35,0,0,1,0.7292995227063704,0.7667570018088463,0.5684504832710664,32.675392670157066,34,0.681779294117647,0.7292995227063704,0.10985143785832552,0.160849039435304
A4_gradual_050_075_100,T0_standard,0.5,0.75,1.0,37,0,0,1,0.9564584980566108,0.2084131320849376,0.930506938266094,170.54211663066954,184,1.7882877282608698,0.9564584980566108,0.02595155979051676,0.01758994215287242
A4_gradual_050_075_100,T0_standard,0.5,0.75,1.0,38,0,0,1,0.8935962788726081,0.40525260506169325,0.820746787350388,34.97520661157025,37,0.9075333243243243,0.8935962788726081,0.03355422960517176,0.0728494915222201
A4_gradual_050_075_100,T0_standard,0.5,0.75,1.0,39,0,0,1,0.9285954369810215,0.3066335680240453,0.8908467682418917,31.68020304568528,33,0.8299917878787879,0.9285954369810215,0.03774866873912982,0.03365589427984856
A4_gradual_050_075_100,T0_standard,0.5,0.75,1.0,41,0,0,1,0.9588994924992452,0.19991427114744018,0.9382567200885054,64.6416,70,1.2843535142857143,0.9588994924992452,0.02045773509001498,0.02064277241073987
A4_gradual_050_075_100,T0_standard,0.5,0.75,1.0,44,0,0,1,0.9264784006280221,0.3133795636011015,0.8867728390403049,24.3,25,0.5948057999999999,0.9264784006280221,0.03970556158771723,0.03381603778426058
A4_gradual_050_075_100,T0_standard,0.5,0.75,1.0,49,1,0,0,0.6082504350079468,0.9160677445655239,0.3431575351877803,16.0,16,0.37066231250000004,0.6082504350079468,0.12665666517188662,0.26509289982016654
A4_gradual_050_075_100,T0_standard,0.5,0.75,1.0,51,0,0,1,0.6984268349607922,0.7347559840949651,0.4393159209790653,17.609756097560975,18,0.5287885,0.6984268349607922,0.042462251057480846,0.25911091398172686
A4_gradual_050_075_100,T0_standard,0.5,0.75,1.0,55,0,0,1,0.9645036961266547,0.17601626350675556,0.940934648624888,37.656716417910445,39,0.6499513846153847,0.9645036961266547,0.023569047501766714,0.011927256371578623
A4_gradual_050_075_100,T0_standard,0.5,0.75,1.0,60,0,0,1,0.9570621061873507,0.20627595645187785,0.9318459189116537,47.23960880195599,51,1.224436588235294,0.9570621061873507,0.025216187275696987,0.01772170653695234
A4_gradual_050_075_100,T0_standard,0.5,0.75,1.0,61,0,0,1,0.9252358559911007,0.3127870692636249,0.8745674988329801,30.89237668161435,33,0.9699814242424242,0.9252358559911007,0.024095786850778844,0.050668357158120556
A4_gradual_050_075_100,T0_standard,0.5,0.75,1.0,71,2,2,1,0.9733836360719823,0.1405396766250507,0.9570683696138536,13.636363636363637,14,0.6911514999999999,0.016315266458128756,0.010301097469888847,0.9733836360719823
A4_gradual_050_075_100,T0_standard,0.5,0.75,1.0,75,0,1,0,0.6193031868771044,0.8798398843970681,0.3350251338308187,18.306930693069308,19,0.7114136315789473,0.09641876007661007,0.6193031868771044,0.2842780530462857
A4_gradual_050_075_100,T0_standard,0.5,0.75,1.0,77,0,0,1,0.7338041269086931,0.7127257519098837,0.5209068559597034,9.0,9,0.3371106666666667,0.7338041269086931,0.053298602142317214,0.21289727094898975
A4_gradual_050_075_100,T0_standard,0.5,0.75,1.0,84,2,2,1,0.6276128816126348,0.6882284025450043,0.26057668698363573,8.0,8,0.40794074999999996,0.005350923758366028,0.3670361946289991,0.6276128816126348
A4_gradual_050_075_100,T0_standard,0.5,0.75,1.0,85,2,0,0,0.6121946216975416,0.8219277386779955,0.27711257056333244,9.68,10,0.6327266,0.6121946216975416,0.05272332716824926,0.33508205113420914
A4_gradual_050_075_100,T0_standard,0.5,0.75,1.0,86,0,2,0,0.875915007334761,0.41435109500365813,0.7637998156963214,13.636363636363637,14,0.5406887857142857,0.011969801026799363,0.11211519163843962,0.875915007334761
A4_gradual_050_075_100,T0_standard,0.5,0.75,1.0,87,0,2,0,0.7336209854596003,0.6602468013073849,0.49123039224953513,7.0,7,0.5237958571428571,0.24239059321006518,0.023988421330334443,0.7336209854596003
A4_gradual_050_075_100,T0_standard,0.5,0.75,1.0,88,0,0,1,0.5139846558964088,0.8213021920202915,0.06405476521221232,8.0,8,0.40546887499999995,0.5139846558964088,0.036085453419394654,0.44992989068419653
A4_gradual_050_075_100,T0_standard,0.5,0.75,1.0,89,0,2,0,0.5368911951064625,0.8485208638962143,0.12359458890062897,7.0,7,0.3756504285714285,0.4132966062058336,0.0498121986877038,0.5368911951064625
A4_gradual_050_075_100,T0_standard,0.5,0.75,1.0,90,0,0,1,0.5089757776087905,0.9609299632325792,0.13352380775221473,8.804878048780488,9,0.6029300000000001,0.5089757776087905,0.11557225253463377,0.3754519698565758
A4_gradual_050_075_100,T0_standard,0.5,0.75,1.0,93,0,0,1,0.6743094626205424,0.8117364462415911,0.42780754172139923,10.666666666666666,11,0.3752034545454545,0.6743094626205424,0.07918861648031458,0.24650192089914313
A4_gradual_050_075_100,T0_standard,0.5,0.75,1.0,98,0,0,1,0.7641310946770735,0.6453306386931734,0.5632723312013415,17.0,17,0.4362414705882353,0.7641310946770735,0.03501014184719447,0.2008587634757321
A4_gradual_050_075_100,T0_standard,0.5,0.75,1.0,101,0,0,1,0.8862592363215127,0.43064915463522946,0.8176144862713011,13.0,13,0.519376153846154,0.8862592363215127,0.04509601362827556,0.0686447500502116
A4_gradual_050_075_100,T0_standard,0.5,0.75,1.0,102,0,0,1,0.9419662229967117,0.26164842943087896,0.9112440061935964,12.0,12,0.54038,0.9419662229967117,0.03072221680311539,0.027311560200172953
A4_gradual_050_075_100,T0_standard,0.5,0.75,1.0,106,0,0,1,0.7396403873585528,0.7095794518161187,0.535745007513711,93.27438370846731,101,1.456544306930693,0.7396403873585528,0.056464232796605514,0.2038953798448417
A4_gradual_050_075_100,T0_standard,0.5,0.75,1.0,118,0,0,1,0.8062964748863816,0.582741786211028,0.647382121658501,25.623529411764707,27,0.771531037037037,0.8062964748863816,0.0347891718857378,0.1589143532278806
A4_gradual_050_075_100,T0_standard,0.5,0.75,1.0,119,0,0,1,0.9576900170547543,0.20450328556833552,0.9356047185980912,89.92271105826397,97,1.3621651546391753,0.9576900170547543,0.02208529845666302,0.020224684488582473
A4_gradual_050_075_100,T0_standard,0.5,0.75,1.0,120,0,0,1,0.9438587362765872,0.2507793569413147,0.9048829266188485,71.09315866084425,77,1.3922861558441562,0.9438587362765872,0.017165454065674005,0.03897580965773874
A4_gradual_050_075_100,T0_standard,0.5,0.75,1.0,123,0,0,1,0.9466827301435944,0.24499475674146481,0.9181545635636292,19.776470588235295,20,0.5155320999999999,0.9466827301435944,0.024789103276440322,0.02852816657996521
A4_gradual_050_075_100,T0_standard,0.5,0.75,1.0,124,0,0,1,0.9628180311753893,0.18461476811851424,0.9433617748405841,44.50684931506849,47,0.8481854893617022,0.9628180311753893,0.017725712489805572,0.019456256334805192
A4_gradual_050_075_100,T0_standard,0.5,0.75,1.0,129,0,0,1,0.9184555141243451,0.3333905438849385,0.8626742090896766,59.11450381679389,64,1.315091625,0.9184555141243451,0.02576318084098635,0.05578130503466854
A4_gradual_050_075_100,T0_standard,0.5,0.75,1.0,130,0,0,1,0.9324656270238109,0.29107226968747535,0.8887863395620361,69.33962264150944,75,1.3049385733333334,0.9324656270238109,0.02385508551441435,0.04367928746177479
A4_gradual_050_075_100,T0_standard,0.5,0.75,1.0,134,1,1,1,0.9435423001840741,0.2557198912212221,0.9114843226805344,23.142857142857142,24,0.7835483333333334,0.03205797750353973,0.9435423001840741,0.024399722312386195
A4_gradual_050_075_100,T0_standard,0.5,0.75,1.0,136,1,1,1,0.8898505211190565,0.38244987030025723,0.7906316860347221,94.53259779338013,102,1.6543439509803923,0.010930643796609038,0.8898505211190565,0.09921883508433438
A4_gradual_050_075_100,T0_standard,0.5,0.75,1.0,138,1,1,1,0.6186168792295055,0.726448698010665,0.25175874883121974,7.0,7,0.46868471428571423,0.014524990372208703,0.6186168792295055,0.36685813039828574
A4_gradual_050_075_100,T0_standard,0.5,0.75,1.0,140,1,0,0,0.7560840941182967,0.7244967891848366,0.6302272423215942,11.0,11,0.4528042727272727,0.7560840941182967,0.12585685179670245,0.11805905408500092
A4_gradual_050_075_100,T0_standard,0.5,0.75,1.0,145,1,1,1,0.9461978943433825,0.23357250701875293,0.9012205586381072,84.17391304347827,91,1.4519752857142858,0.008824769951342269,0.9461978943433825,0.04497733570527524
A4_gradual_050_075_100,T0_standard,0.5,0.75,1.0,149,2,2,1,0.8072956489129967,0.623561692915569,0.7073855444778865,13.78688524590164,14,0.40021921428571433,0.09279424665189305,0.09991010443511018,0.8072956489129967
A4_gradual_050_075_100,T0_standard,0.5,0.75,1.0,150,2,2,1,0.8211096636158942,0.5695928233117205,0.6863010741061026,8.0,8,0.35506275,0.04408174687431419,0.13480858950979158,0.8211096636158942
A4_gradual_050_075_100,T0_standard,0.5,0.75,1.0,151,2,2,1,0.9618151902589933,0.1870626089080406,0.9373424824962682,10.666666666666666,11,0.5133822727272727,0.01371210197828158,0.024472707762725178,0.9618151902589933
A4_gradual_050_075_100,T0_standard,0.5,0.75,1.0,152,2,2,1,0.874843526991303,0.4415691131217408,0.7760982020535965,5.0,5,0.2464702,0.09874532493770652,0.02641114807099064,0.874843526991303
A4_gradual_050_075_100,T0_standard,0.5,0.75,1.0,160,2,2,1,0.9831193333896848,0.0920228173543747,0.9683618313666604,12.64516129032258,13,0.5016772307692308,0.0021231645872907675,0.014757502023024416,0.9831193333896848
A4_gradual_050_075_100,T0_standard,0.5,0.75,1.0,168,1,1,1,0.8980802510358001,0.3945740678380454,0.830751768470778,13.0,13,0.4162788461538462,0.03459126639917762,0.8980802510358001,0.06732848256502212
A4_gradual_050_075_100,T0_standard,0.5,0.75,1.0,169,2,2,1,0.9349679979756672,0.2748948462929709,0.8842703615235407,10.795918367346939,11,0.44178781818181817,0.014334365572206319,0.05069763645212651,0.9349679979756672
A4_gradual_050_075_100,T0_standard,0.5,0.75,1.0,174,2,2,1,0.7817028656332407,0.6050874169896575,0.5897242690667307,5.0,5,0.3432982,0.19197859656650998,0.02631853780024941,0.7817028656332407
A4_gradual_050_075_100,T0_standard,0.5,0.75,1.0,176,2,2,1,0.7235460273014913,0.6038927343458134,0.4496062701462191,28.8,30,0.8189938999999999,0.002514215543236584,0.2739397571552722,0.7235460273014913
A4_gradual_050_075_100,T0_standard,0.5,0.75,1.0,178,2,2,1,0.9829806792571819,0.09127432537754743,0.9674608728661511,29.958904109589042,32,0.95442090625,0.0014995143517874175,0.015519806391030799,0.9829806792571819
A4_gradual_050_075_100,T0_standard,0.5,0.75,1.0,184,2,2,1,0.8689633913516852,0.4447437336159211,0.7581650795861097,14.52,15,0.7859551333333333,0.11079831176557554,0.02023829688273935,0.8689633913516852
A4_gradual_050_075_100,T0_standard,0.5,0.75,1.0,186,1,0,0,0.9041224993407677,0.3821521671266848,0.8528331613233329,14.52,15,0.6404765999999998,0.9041224993407677,0.04458816264179763,0.0512893380174348
A4_gradual_050_075_100,T0_standard,0.5,0.75,1.0,187,2,2,1,0.6914201645438897,0.7805025058146393,0.45068815398891726,13.78688524590164,14,0.5083184285714285,0.2407320105549724,0.0678478249011379,0.6914201645438897
A4_gradual_050_075_100,T0_standard,0.5,0.75,1.0,194,2,2,1,0.9528702564663861,0.19598805179992157,0.9070581854155633,11.655172413793103,12,0.537488,0.0013176724827910597,0.045812071050822856,0.9528702564663861
A4_gradual_050_075_100,T0_standard,0.5,0.75,1.0,198,1,1,1,0.5208489608611142,0.8046524667981163,0.07177546627822973,14.52,15,0.7177088000000001,0.4490734945828845,0.5208489608611142,0.03007754455600152
A4_gradual_050_075_100,T0_standard,0.5,0.75,1.0,200,2,2,1,0.9496972673421632,0.2341863979083792,0.9230716948545369,5.0,5,0.2278204,0.02662557248762628,0.023677160170210588,0.9496972673421632
A4_gradual_050_075_100,T0_standard,0.5,0.75,1.0,202,2,2,1,0.8765149716560966,0.4175523062632113,0.7670723914146972,21.333333333333332,22,0.5913674545454545,0.014042448102504022,0.1094425802413994,0.8765149716560966
A4_gradual_050_075_100,T0_standard,0.5,0.75,1.0,205,1,1,1,0.884257609297875,0.3712041407191027,0.7712242440957557,52.15238095238095,56,1.062304125,0.002709025500005533,0.884257609297875,0.1130333652021193
A4_gradual_050_075_100,T0_standard,0.5,0.75,1.0,206,2,2,1,0.885672912268636,0.4088996100074016,0.7916224444021817,21.1864406779661,22,0.6087270454545455,0.020276619864909737,0.09405046786645437,0.885672912268636
A4_gradual_050_075_100,T0_standard,0.5,0.75,1.0,212,2,2,1,0.9160725545440258,0.3444780967995051,0.8650883006201087,24.961038961038962,26,0.8470876538461538,0.03294319153205695,0.05098425392391711,0.9160725545440258
A4_gradual_050_075_100,T0_standard,0.5,0.75,1.0,214,2,2,1,0.9345231719570741,0.27691505248975073,0.8839630845391262,42.35294117647059,46,1.0707565,0.014916740624978038,0.05056008741794793,0.9345231719570741
A4_gradual_050_075_100,T0_standard,0.5,0.75,1.0,222,2,2,1,0.9122197250972378,0.3478805460017621,0.847459959607929,4.0,4,0.5312697500000001,0.023020509413453367,0.06475976548930885,0.9122197250972378
A4_gradual_050_075_100,T0_standard,0.5,0.75,1.0,229,1,1,1,0.8148198210357867,0.4908416589027481,0.6317819677092998,20.775280898876403,21,0.46933819047619046,0.002142325637726392,0.8148198210357867,0.18303785332648684
A4_gradual_050_075_100,T0_standard,0.5,0.75,1.0,231,2,2,1,0.9367305858629704,0.24213066084965768,0.8747413688500714,5.0,5,0.4425108,0.001280197124130608,0.06198921701289905,0.9367305858629704
A4_gradual_050_075_100,T0_standard,0.5,0.75,1.0,233,2,2,1,0.7586117143062551,0.622292535807419,0.537497369032983,61.55871886120996,67,1.22872771641791,0.020273940420472786,0.22111434527327206,0.7586117143062551
A4_gradual_050_075_100,T0_standard,0.5,0.75,1.0,235,2,2,1,0.8110954541039954,0.5259811447799655,0.6329762751471855,24.3,25,0.58303204,0.010785366939194676,0.17811917895680998,0.8110954541039954
A4_gradual_050_075_100,T0_standard,0.5,0.75,1.0,239,2,2,1,0.8475646616115515,0.5110328995436763,0.7318168358406008,17.391304347826086,18,0.5865500555555556,0.11574782577095077,0.03668751261749785,0.8475646616115515
A4_gradual_050_075_100,T0_standard,0.5,0.75,1.0,242,2,2,1,0.7146518184116245,0.7212989566965211,0.4737090281998121,14.628571428571428,15,0.6072851333333332,0.2409427902118124,0.04440539137656313,0.7146518184116245
A4_gradual_050_075_100,T0_standard,0.5,0.75,1.0,244,2,2,1,0.8943476434648868,0.3724064396761281,0.7995967104636018,99.98905472636815,108,1.5329172870370373,0.01090142353382827,0.09475093300128498,0.8943476434648868
A4_gradual_050_075_100,T0_standard,0.5,0.75,1.0,245,2,2,1,0.9605190817448992,0.1919466942154801,0.9350103808087347,12.552238805970148,13,0.5391935384615386,0.013972217318936227,0.025508700936164575,0.9605190817448992
A4_gradual_050_075_100,T0_standard,0.5,0.75,1.0,249,0,0,1,0.6461026961550013,0.8461917691064612,0.37831260163101166,30.72340425531915,32,0.737368,0.6461026961550013,0.08610720932100911,0.2677900945239896
A4_gradual_050_075_100,T0_standard,0.5,0.75,1.0,253,0,0,1,0.861561742007717,0.4748453312004127,0.7534087799968017,87.25703794369645,94,1.2869785319148936,0.861561742007717,0.030285295981367852,0.10815296201091523
A4_gradual_050_075_100,T0_standard,0.5,0.75,1.0,259,1,0,0,0.6895177921298048,0.8161163314141983,0.48111382495668137,10.0,10,0.49205679999999996,0.6895177921298048,0.20840396717312343,0.10207824069707166
A4_gradual_050_075_100,T0_standard,0.5,0.75,1.0,260,1,1,1,0.8017636610760656,0.5730653371773358,0.6285274247972601,11.79245283018868,12,0.5609836666666668,0.02500010264512902,0.8017636610760656,0.17323623627880544
A4_gradual_050_075_100,T0_standard,0.5,0.75,1.0,269,1,1,1,0.9139335078817477,0.3098798799301211,0.8319859892051384,11.0,11,0.3788078181818182,0.004118973441643194,0.9139335078817477,0.08194751867660921
A4_gradual_050_075_100,T0_standard,0.5,0.75,1.0,270,1,1,1,0.9875223642740496,0.0725295187898817,0.9770077839731734,7.0,7,0.36814757142857146,0.001963055425074358,0.9875223642740496,0.010514580300876203
A4_gradual_050_075_100,T0_standard,0.5,0.75,1.0,271,2,0,0,0.5013966387353697,0.9049587161917307,0.0781915082591279,4.0,4,0.6352672500000001,0.5013966387353697,0.07539823078838857,0.42320513047624175
A4_gradual_050_075_100,T0_standard,0.5,0.75,1.0,276,1,2,0,0.6399068939735925,0.6909054458859124,0.2875685074915478,8.0,8,0.425745125,0.007754719544362846,0.3523383864820447,0.6399068939735925
A4_gradual_050_075_100,T0_standard,0.5,0.75,1.0,278,1,1,1,0.9281161238475999,0.2665328948694036,0.857932979452434,9.8,10,0.49930959999999996,0.0017007317572342064,0.9281161238475999,0.07018314439516594
A4_gradual_050_075_100,T0_standard,0.5,0.75,1.0,290,2,2,1,0.6592884201420194,0.6902450929534028,0.32962207499396173,10.59322033898305,11,0.6727623636363637,0.011045234709922908,0.32966634514805765,0.6592884201420194
A4_gradual_050_075_100,T0_standard,0.5,0.75,1.0,293,2,2,1,0.9379396755351913,0.24249860187561245,0.878198859367168,17.329896907216494,18,0.6691911666666666,0.002319508296785488,0.05974081616802328,0.9379396755351913
A4_gradual_050_075_100,T0_standard,0.5,0.75,1.0,297,2,2,1,0.7104703788775548,0.79321380209217,0.5294003713449952,9.8,10,0.4448850999999999,0.18107000753255967,0.1084596135898854,0.7104703788775548
A4_gradual_050_075_100,T0_standard,0.5,0.75,1.0,298,2,2,1,0.8057082462930709,0.6149832678391328,0.6746709934188025,15.428571428571429,16,0.6169322500000001,0.06325450083266068,0.1310372528742684,0.8057082462930709
A4_gradual_050_075_100,T0_standard,0.5,0.75,1.0,299,1,1,1,0.8749570666687487,0.3850491645292241,0.7514299561803707,16.40909090909091,17,0.6325850000000001,0.0015158228428731743,0.8749570666687487,0.12352711048837803
A4_gradual_050_075_100,T0_standard,0.5,0.75,1.0,304,1,1,1,0.9944894365441722,0.03791057471738507,0.9913107062324447,21.1864406779661,22,0.6175126818181818,0.003178730311727507,0.9944894365441722,0.0023318331441002597
A4_gradual_050_075_100,T0_standard,0.5,0.75,1.0,308,2,2,1,0.8987872930486193,0.3680404464316699,0.8113694306058643,20.176470588235293,21,0.744395857142857,0.013794844508625734,0.08741786244275496,0.8987872930486193
A4_gradual_050_075_100,T0_standard,0.5,0.75,1.0,311,1,1,1,0.7148623449246941,0.6337941099977844,0.4376061176690491,24.2,25,0.62898604,0.00788142781966082,0.7148623449246941,0.277256227255645
A4_gradual_050_075_100,T0_standard,0.5,0.75,1.0,314,1,1,1,0.9467916244491721,0.2148455995076345,0.8951280542227125,9.0,9,0.4122361111111112,0.0015448053243683469,0.9467916244491721,0.05166357022645959
A4_gradual_050_075_100,T0_standard,0.5,0.75,1.0,321,2,2,1,0.93037145692449,0.27269720437529493,0.8665654054950321,4.0,4,0.34794725,0.0058224916460521475,0.06380605142945786,0.93037145692449
A4_gradual_050_075_100,T0_standard,0.5,0.75,1.0,322,1,1,1,0.8775582730330362,0.3891026707242874,0.7590345967571599,12.552238805970148,13,0.5984578461538462,0.003918050691087423,0.8775582730330362,0.11852367627587629
A4_gradual_050_075_100,T0_standard,0.5,0.75,1.0,324,1,2,0,0.6459197400651823,0.6735636940126184,0.2962276786813063,7.0,7,0.3544742857142857,0.004388198550941738,0.349692061383876,0.6459197400651823
A4_gradual_050_075_100,T0_standard,0.5,0.75,1.0,326,2,2,1,0.9261798511812832,0.2844898300734234,0.8584719544478727,7.0,7,0.42478699999999997,0.0061122520853065,0.06770789673341046,0.9261798511812832
A4_gradual_050_075_100,T0_standard,0.5,0.75,1.0,327,1,1,1,0.919270978447854,0.28469702507688555,0.8392695731608057,9.0,9,0.38338188888888886,0.000727616265097568,0.919270978447854,0.0800014052870483
A4_gradual_050_075_100,T0_standard,0.5,0.75,1.0,329,1,1,1,0.8797580316764232,0.4095323896786713,0.7729636291953238,6.0,6,0.44581633333333337,0.10679440248109937,0.8797580316764232,0.013447565842477471
A4_gradual_050_075_100,T0_standard,0.5,0.75,1.0,331,1,1,1,0.7981224937177765,0.5173338691093515,0.5989470547327232,7.0,7,0.4697390000000001,0.0027020672971700957,0.7981224937177765,0.19917543898505327
A4_gradual_050_075_100,T0_standard,0.5,0.75,1.0,332,2,2,1,0.578867898347896,0.954265162472737,0.30668671559630056,17.329896907216494,18,0.71271,0.14895091890050874,0.2721811827515954,0.578867898347896
A4_gradual_050_075_100,T0_standard,0.5,0.75,1.0,334,1,1,1,0.9769949356743763,0.11661833725210272,0.9561230120856596,16.40909090909091,17,0.6182341764705882,0.0021331407369069126,0.9769949356743763,0.02087192358871666
A4_gradual_050_075_100,T0_standard,0.5,0.75,1.0,338,1,0,0,0.9185225532137021,0.3380782845098041,0.8722258631458024,152.49484536082474,163,1.9818752024539878,0.9185225532137021,0.035180756718398154,0.046296690067899694
A4_gradual_050_075_100,T0_standard,0.5,0.75,1.0,339,1,0,0,0.8398208905531819,0.5392180709861679,0.7294028844200604,58.577836411609496,61,0.9155766885245903,0.8398208905531819,0.049761103313696646,0.11041800613312151
A4_gradual_050_075_100,T0_standard,0.5,0.75,1.0,340,0,0,1,0.8801849729027923,0.44949400866300576,0.8176907671772413,72.38573508005823,78,1.3844180128205126,0.8801849729027923,0.05732082137165679,0.06249420572555097
A4_gradual_050_075_100,T0_standard,0.5,0.75,1.0,347,0,0,1,0.7973530145011543,0.6325249303742924,0.6615237228420002,14.0,14,0.44679828571428576,0.7973530145011543,0.06681769383969167,0.135829291659154
A4_gradual_050_075_100,T0_standard,0.5,0.75,1.0,360,2,2,1,0.847967443704233,0.43584545369174943,0.6977015474439741,11.655172413793103,12,0.5786047499999999,0.0017666600355078538,0.15026589626025902,0.847967443704233
A4_gradual_050_075_100,T0_standard,0.5,0.75,1.0,361,2,2,1,0.7876909721335124,0.6435815544728057,0.6355682097921331,9.8,10,0.5130506,0.06018626552510851,0.1521227623413792,0.7876909721335124
A4_gradual_050_075_100,T0_standard,0.5,0.75,1.0,362,2,2,1,0.8443597645836715,0.5330977644193771,0.7431288676849331,10.795918367346939,11,0.5684201818181817,0.05440933851759031,0.10123089689873829,0.8443597645836715
A4_gradual_050_075_100,T0_standard,0.5,0.75,1.0,366,0,0,1,0.8474723840289392,0.4906985975682231,0.7173403875462258,6.0,6,0.3645646666666667,0.8474723840289392,0.02239561948834738,0.13013199648271342
A4_gradual_050_075_100,T0_standard,0.5,0.75,1.0,374,0,0,1,0.9561662772204572,0.20977822694251225,0.9307937523471765,17.482758620689655,18,0.5402341666666667,0.9561662772204572,0.025372524873280646,0.018461197906262185
A4_gradual_050_075_100,T0_standard,0.5,0.75,1.0,376,0,0,1,0.9546102287116175,0.21554318411232387,0.9281465965846951,17.482758620689655,18,0.5590460555555555,0.9546102287116175,0.026463632126922355,0.018926139161460145
A4_gradual_050_075_100,T0_standard,0.5,0.75,1.0,378,0,0,1,0.9443187790740173,0.2535093229752309,0.9163113206614377,15.782608695652174,16,0.487147875,0.9443187790740173,0.027673762513403182,0.028007458412579525
A4_gradual_050_075_100,T0_standard,0.5,0.75,1.0,380,0,0,1,0.9466106602124275,0.24514737540756049,0.9174088064700806,18.47252747252747,19,0.48924563157894735,0.9466106602124275,0.029201853742346903,0.024187486045225717
A4_gradual_050_075_100,T0_standard,0.5,0.75,1.0,387,0,0,1,0.8842697279958274,0.4199781967691796,0.794533822203676,40.71345029239766,44,1.1116842272727274,0.8842697279958274,0.025994366212021384,0.08973590579215136
A4_gradual_050_075_100,T0_standard,0.5,0.75,1.0,388,0,0,1,0.8576888718399998,0.4971811278173473,0.7594186234719198,22.118110236220474,23,0.6896618260869564,0.8576888718399998,0.04404087979192016,0.09827024836808
A4_gradual_050_075_100,T0_standard,0.5,0.75,1.0,389,0,0,1,0.9638978078442971,0.1799797002124418,0.9431751897244426,23.058823529411764,24,0.8380092500000001,0.9638978078442971,0.0207226181198545,0.015379574035848482
A4_gradual_050_075_100,T0_standard,0.5,0.75,1.0,391,0,0,1,0.9623751269537,0.1863511069947978,0.9425984490699667,31.82819383259912,34,0.927025911764706,0.9623751269537,0.019776677883733287,0.017848195162566798
A4_gradual_050_075_100,T0_standard,0.5,0.75,1.0,400,0,0,1,0.9608273931736893,0.19224286637600588,0.9391899796371449,14.52,15,0.5019540666666668,0.9608273931736893,0.017535193289766365,0.02163741353654432
A4_gradual_050_075_100,T0_standard,0.5,0.75,1.0,403,0,0,1,0.929073485272708,0.3018918921548476,0.882877628335194,12.64516129032258,13,0.619328,0.929073485272708,0.024730657789777843,0.04619585693751409
A4_gradual_050_075_100,T0_standard,0.5,0.75,1.0,405,0,0,1,0.8866554585326893,0.41105229695242135,0.7966250963932543,43.76750700280112,47,1.081583680851064,0.8866554585326893,0.023314179327875613,0.09003036213943506
A4_gradual_050_075_100,T0_standard,0.5,0.75,1.0,411,2,2,1,0.8746805609714112,0.4343979029531242,0.7705868321563781,3.0,3,0.201223,0.02122571021355556,0.10409372881503312,0.8746805609714112
A4_gradual_050_075_100,T0_standard,0.5,0.75,1.0,413,0,0,1,0.9473427058991956,0.24275535052077635,0.9204939594391873,77.24764890282131,83,1.1146613373493979,0.9473427058991956,0.026848746460008285,0.025808547640796077
A4_gradual_050_075_100,T0_standard,0.5,0.75,1.0,421,0,0,1,0.9031273187530647,0.38179353979150576,0.8417311497978043,56.36729222520107,60,0.8280121,0.9031273187530647,0.03547651229167476,0.06139616895526046
A4_gradual_050_075_100,T0_standard,0.5,0.75,1.0,422,0,0,1,0.9554950862565094,0.21193526151141462,0.9287362011599801,67.30739299610894,72,0.9631183333333332,0.9554950862565094,0.017746028646961322,0.0267588850965292
A4_gradual_050_075_100,T0_standard,0.5,0.75,1.0,426,0,0,1,0.9680878494483993,0.16113640403636956,0.9461340337786528,36.496350364963504,39,1.0525164615384617,0.9680878494483993,0.021953815669746572,0.009958334881854145
A4_gradual_050_075_100,T0_standard,0.5,0.75,1.0,429,0,0,1,0.9404192328184275,0.26367512981893076,0.9006107069269141,60.93793103448276,66,1.4506720606060608,0.9404192328184275,0.019772241290058955,0.03980852589151344
A4_gradual_050_075_100,T0_standard,0.5,0.75,1.0,430,0,0,1,0.928722853574672,0.3018019424305659,0.8805097825895686,64.81342062193126,70,1.3141251428571425,0.928722853574672,0.023064075440224617,0.048213070985103426
A4_gradual_050_075_100,T0_standard,0.5,0.75,1.0,432,0,0,1,0.9188213427276526,0.33178180406082436,0.8626655439589048,91.68057080131723,99,1.6191042626262624,0.9188213427276526,0.025022858503599678,0.056155798768747725
A4_gradual_050_075_100,T0_standard,0.5,0.75,1.0,433,0,0,1,0.9310062316839268,0.2960657561436174,0.8867734531376175,61.0074487895717,66,1.1340002424242426,0.9310062316839268,0.02476098976976368,0.044232778546309366
A4_gradual_050_075_100,T0_standard,0.5,0.75,1.0,438,0,0,1,0.9680174874614571,0.16343903097557247,0.9498503033547693,149.34259259259258,160,2.0565121187499997,0.9680174874614571,0.01816718410668784,0.013815328431855064
A4_gradual_050_075_100,T0_standard,0.5,0.75,1.0,439,0,0,1,0.9610883010977865,0.19135242863332758,0.9403169419365826,133.89114266396214,144,1.8719137986111112,0.9610883010977865,0.02077135916120396,0.0181403397410094
A4_gradual_050_075_100,T0_standard,0.5,0.75,1.0,452,1,1,1,0.9053371839906348,0.32729930254004763,0.8139101933089385,15.50632911392405,16,0.5164338125,0.003235825327669037,0.9053371839906348,0.09142699068169627
A5_hard_1px,T0_standard,0.0,1.0,1.0,1,1,1,1,0.9747241413360525,0.12873994996626653,0.9533207815088883,130.0,191,1.7893955968586386,0.0038724988367833204,0.9747241413360525,0.021403359827164157
A5_hard_1px,T0_standard,0.0,1.0,1.0,2,0,0,1,0.5571274887513514,0.9884449207007935,0.3020304127007587,12.0,29,0.9194155862068966,0.5571274887513514,0.25509707605059273,0.1877754351980557
A5_hard_1px,T0_standard,0.0,1.0,1.0,7,0,0,1,0.7867794210459313,0.6059636099040837,0.6042011211629591,38.0,70,1.2559205428571434,0.7867794210459313,0.030642279071096307,0.18257829988297228
A5_hard_1px,T0_standard,0.0,1.0,1.0,8,0,0,1,0.9517844661790696,0.22372585112966395,0.9193700174276453,39.0,69,1.4160222753623186,0.9517844661790696,0.015801085069505942,0.032414448751424296
A5_hard_1px,T0_standard,0.0,1.0,1.0,9,0,0,1,0.9483241165810203,0.23910719574400474,0.9206379393225007,59.0,97,1.6381157731958764,0.9483241165810203,0.023989706160460048,0.02768617725851959
A5_hard_1px,T0_standard,0.0,1.0,1.0,12,0,0,1,0.9531809055322987,0.22148106822081667,0.9292413988526491,34.0,65,1.1779163384615385,0.9531809055322987,0.023939506679649645,0.022879587788051572
A5_hard_1px,T0_standard,0.0,1.0,1.0,15,1,1,1,0.9921496781182089,0.05092064946423684,0.986994076154616,17.0,38,1.0010864210526318,0.0026947199181982856,0.9921496781182089,0.00515560196359291
A5_hard_1px,T0_standard,0.0,1.0,1.0,18,1,0,0,0.9618930208723084,0.18649237379663774,0.9370266208190018,55.0,96,1.3256457604166665,0.9618930208723084,0.02486640005330665,0.013240579074384865
A5_hard_1px,T0_standard,0.0,1.0,1.0,22,1,1,1,0.9906612815403855,0.0594096101955981,0.9858591023689635,5.0,19,0.8067329999999999,0.004536539288192447,0.9906612815403855,0.004802179171421975
A5_hard_1px,T0_standard,0.0,1.0,1.0,28,1,1,1,0.8890379927916199,0.3758281836663331,0.7855221433008812,5.0,21,0.7458260476190477,0.007446157717641375,0.8890379927916199,0.10351584949073861
A5_hard_1px,T0_standard,0.0,1.0,1.0,29,1,1,1,0.9546747986640878,0.1948278345844835,0.9120789547255623,1.0,13,0.504573923076923,0.002729357397386744,0.9546747986640878,0.0425958439385255
A5_hard_1px,T0_standard,0.0,1.0,1.0,32,0,0,1,0.5245113849289704,0.8784998582859621,0.11233716244685243,73.0,116,1.5386575431034482,0.5245113849289704,0.0633143925889117,0.412174222482118
A5_hard_1px,T0_standard,0.0,1.0,1.0,35,0,0,1,0.8514144971885951,0.5204676636379393,0.7628170034954168,11.0,34,0.681779294117647,0.8514144971885951,0.059988009118226764,0.08859749369317822
A5_hard_1px,T0_standard,0.0,1.0,1.0,37,0,0,1,0.9651636052334268,0.1746280871950287,0.9442898711159805,121.0,184,1.7882877282608698,0.9651636052334268,0.02087373411744633,0.013962660649126987
A5_hard_1px,T0_standard,0.0,1.0,1.0,38,0,0,1,0.9284303349659226,0.30463802328861644,0.8829668095886257,16.0,37,0.9075333243243243,0.9284303349659226,0.026106139656780398,0.04546352537729696
A5_hard_1px,T0_standard,0.0,1.0,1.0,39,0,0,1,0.9338112615342617,0.2891353318968634,0.8970366245005361,13.0,33,0.8299917878787879,0.9338112615342617,0.0367746370337256,0.02941410143201262
A5_hard_1px,T0_standard,0.0,1.0,1.0,41,0,0,1,0.9611329005677963,0.19124777574953902,0.9410805324349295,41.0,70,1.2843535142857143,0.9611329005677963,0.020052368132866823,0.0188147312993368
A5_hard_1px,T0_standard,0.0,1.0,1.0,44,0,0,1,0.939261008258722,0.27108529246710134,0.9082921424633605,4.0,25,0.5948057999999999,0.939261008258722,0.030968865795361483,0.029770125945916444
A5_hard_1px,T0_standard,0.0,1.0,1.0,51,0,0,1,0.7992811800388284,0.6222570496449248,0.6567669852139456,2.0,18,0.5287885,0.7992811800388284,0.05820462513628879,0.1425141948248828
A5_hard_1px,T0_standard,0.0,1.0,1.0,55,0,0,1,0.9700727174591202,0.15315952931357413,0.9496038314412597,9.0,39,0.6499513846153847,0.9700727174591202,0.02046888601786046,0.009458396523019264
A5_hard_1px,T0_standard,0.0,1.0,1.0,60,0,0,1,0.9605670739132499,0.19206262168248173,0.9356134553211444,27.0,51,1.224436588235294,0.9605670739132499,0.024953618592105573,0.014479307494644494
A5_hard_1px,T0_standard,0.0,1.0,1.0,61,0,0,1,0.9567117002988877,0.20825981262723414,0.934828037317404,14.0,33,0.9699814242424242,0.9567117002988877,0.021883662981483747,0.02140463671962844
A5_hard_1px,T0_standard,0.0,1.0,1.0,71,2,2,1,0.9924837523365738,0.04757598394986492,0.9861844959817573,2.0,14,0.6911514999999999,0.0012169913086095975,0.006299256354816538,0.9924837523365738
A5_hard_1px,T0_standard,0.0,1.0,1.0,75,0,2,0,0.5252293875640661,0.820375769776212,0.08687881505019174,5.0,19,0.7114136315789473,0.036420039922059375,0.4383505725138744,0.5252293875640661
A5_hard_1px,T0_standard,0.0,1.0,1.0,85,2,0,0,0.7713778083380705,0.632832704088071,0.5762402092648898,2.0,10,0.6327266,0.7713778083380705,0.03348459258874892,0.19513759907318062
A5_hard_1px,T0_standard,0.0,1.0,1.0,86,0,2,0,0.8725527145662092,0.43632286460962444,0.764772411763925,2.0,14,0.5406887857142857,0.01966698263150656,0.10778030280228422,0.8725527145662092
A5_hard_1px,T0_standard,0.0,1.0,1.0,90,0,2,0,0.4403953057350827,1.0599083942144372,0.09825688161297674,1.0,9,0.6029300000000001,0.34213842412210593,0.2174662701428114,0.4403953057350827
A5_hard_1px,T0_standard,0.0,1.0,1.0,93,0,0,1,0.802254432255039,0.6342875234373767,0.7013819052636553,2.0,11,0.3752034545454545,0.802254432255039,0.10087252699138376,0.09687304075357729
A5_hard_1px,T0_standard,0.0,1.0,1.0,106,0,0,1,0.7699817650736475,0.6714001829748739,0.6000446952016812,61.0,101,1.456544306930693,0.7699817650736475,0.060081165054386196,0.16993706987196622
A5_hard_1px,T0_standard,0.0,1.0,1.0,118,0,0,1,0.9474362672910919,0.24173559897138036,0.9168908769083085,11.0,27,0.771531037037037,0.9474362672910919,0.022018342326124592,0.03054539038278334
A5_hard_1px,T0_standard,0.0,1.0,1.0,119,0,0,1,0.964670089597182,0.17677473233984856,0.9439782952320028,57.0,97,1.3621651546391753,0.964670089597182,0.020691794365179178,0.014638116037638895
A5_hard_1px,T0_standard,0.0,1.0,1.0,120,0,0,1,0.9578435328222914,0.20243033986722114,0.9311241835378438,45.0,77,1.3922861558441562,0.9578435328222914,0.015437117893260934,0.02671934928444766
A5_hard_1px,T0_standard,0.0,1.0,1.0,123,0,0,1,0.972983374587103,0.14293632854300675,0.9592505945241733,1.0,20,0.5155320999999999,0.972983374587103,0.013283845349967231,0.013732780062929724
A5_hard_1px,T0_standard,0.0,1.0,1.0,124,0,0,1,0.9747534055121194,0.13510829716215597,0.9605419929249481,18.0,47,0.8481854893617022,0.9747534055121194,0.014211412587171235,0.011035181900709477
A5_hard_1px,T0_standard,0.0,1.0,1.0,129,0,0,1,0.9610793286477803,0.1913654987251116,0.9401503822091288,34.0,64,1.315091625,0.9610793286477803,0.0179917249135683,0.020928946438651456
A5_hard_1px,T0_standard,0.0,1.0,1.0,130,0,0,1,0.9536568103461203,0.21908744634706873,0.9266459737081184,42.0,75,1.3049385733333334,0.9536568103461203,0.019332353015877927,0.027010836638001877
A5_hard_1px,T0_standard,0.0,1.0,1.0,134,1,1,1,0.9960741075483489,0.02815910019979226,0.9934453552314112,6.0,24,0.7835483333333334,0.0012971401347133197,0.9960741075483489,0.0026287523169377103
A5_hard_1px,T0_standard,0.0,1.0,1.0,136,1,1,1,0.9218440617041455,0.2832309382478453,0.8456016613327936,66.0,102,1.6543439509803923,0.0019135379245026505,0.9218440617041455,0.07624240037135192
A5_hard_1px,T0_standard,0.0,1.0,1.0,145,1,1,1,0.9887661240058321,0.06938228968398862,0.9830474879493165,55.0,91,1.4519752857142858,0.005718636056515525,0.9887661240058321,0.0055152399376523975
A5_hard_1px,T0_standard,0.0,1.0,1.0,149,2,2,1,0.9881629235217859,0.06935279735867723,0.9781403259217691,1.0,14,0.40021921428571433,0.001814478878197378,0.010022597600016728,0.9881629235217859
A5_hard_1px,T0_standard,0.0,1.0,1.0,151,2,2,1,0.9754055816595355,0.1318062830026266,0.9602747469873253,2.0,11,0.5133822727272727,0.015130834672210177,0.009463583668254364,0.9754055816595355
A5_hard_1px,T0_standard,0.0,1.0,1.0,160,2,2,1,0.9926522093966443,0.04612710170960085,0.9861901621591893,2.0,13,0.5016772307692308,0.0008857433659007183,0.006462047237454993,0.9926522093966443
A5_hard_1px,T0_standard,0.0,1.0,1.0,169,2,2,1,0.9720433686449006,0.14616858283074943,0.9547883042088813,1.0,11,0.44178781818181817,0.010701566919080115,0.017255064436019284,0.9720433686449006
A5_hard_1px,T0_standard,0.0,1.0,1.0,176,2,2,1,0.7168713845125892,0.6057465092455527,0.43533999385706906,12.0,30,0.8189938999999999,0.001597224831890439,0.2815313906555202,0.7168713845125892
A5_hard_1px,T0_standard,0.0,1.0,1.0,178,2,2,1,0.9879327187695734,0.06919846369780923,0.9770617798898379,14.0,32,0.95442090625,0.0011963423506909248,0.010870938879735533,0.9879327187695734
A5_hard_1px,T0_standard,0.0,1.0,1.0,184,2,2,1,0.9865799981863222,0.07966699606794336,0.9775508404343587,3.0,15,0.7859551333333333,0.004390844061714141,0.00902915775196355,0.9865799981863222
A5_hard_1px,T0_standard,0.0,1.0,1.0,186,1,0,0,0.9329466769368033,0.2903113571087305,0.891042476945354,3.0,15,0.6404765999999998,0.9329466769368033,0.02514912307174734,0.04190419999144934
A5_hard_1px,T0_standard,0.0,1.0,1.0,187,2,2,1,0.64112072933786,0.7153485623986013,0.29732832412966925,1.0,14,0.5083184285714285,0.015086865453949192,0.34379240520819077,0.64112072933786
A5_hard_1px,T0_standard,0.0,1.0,1.0,194,2,2,1,0.8847499663894732,0.36737699657538014,0.7714834982451325,2.0,12,0.537488,0.0019835654661860013,0.11326646814434076,0.8847499663894732
A5_hard_1px,T0_standard,0.0,1.0,1.0,198,1,1,1,0.5216526899134963,0.8688573401742602,0.10127608284636369,3.0,15,0.7177088000000001,0.42037660706713265,0.5216526899134963,0.05797070301937099
A5_hard_1px,T0_standard,0.0,1.0,1.0,202,2,2,1,0.7998897104620757,0.5104322362511635,0.6014958651589246,4.0,22,0.5913674545454545,0.0017164442347732246,0.19839384530315113,0.7998897104620757
A5_hard_1px,T0_standard,0.0,1.0,1.0,205,1,1,1,0.9754820006973289,0.12222079069223729,0.9530288776996226,28.0,56,1.062304125,0.0020648763049647585,0.9754820006973289,0.022453122997706337
A5_hard_1px,T0_standard,0.0,1.0,1.0,206,2,2,1,0.9168560074005592,0.3007705880246887,0.837172485230741,6.0,22,0.6087270454545455,0.0034604704296226007,0.0796835221698182,0.9168560074005592
A5_hard_1px,T0_standard,0.0,1.0,1.0,212,2,2,1,0.978490880378731,0.11769818511127264,0.9643780438371414,10.0,26,0.8470876538461538,0.007396283079679481,0.014112836541589567,0.978490880378731
A5_hard_1px,T0_standard,0.0,1.0,1.0,214,2,2,1,0.9574920392185778,0.19229468397012822,0.9205290178329059,20.0,46,1.0707565,0.00554493939575025,0.036963021385672014,0.9574920392185778
A5_hard_1px,T0_standard,0.0,1.0,1.0,229,1,1,1,0.9969343988395879,0.022898167098533387,0.9951880606319073,1.0,21,0.46933819047619046,0.0013192629527315454,0.9969343988395879,0.00174633820768058
A5_hard_1px,T0_standard,0.0,1.0,1.0,233,2,2,1,0.8006048926612097,0.5377893412296596,0.6107226911324579,35.0,67,1.22872771641791,0.009512905810038575,0.18988220152875182,0.8006048926612097
A5_hard_1px,T0_standard,0.0,1.0,1.0,235,2,2,1,0.729043835396975,0.626674367438105,0.46798358957909475,4.0,25,0.58303204,0.009895918785144632,0.2610602458178803,0.729043835396975
A5_hard_1px,T0_standard,0.0,1.0,1.0,239,2,2,1,0.9878982843285583,0.07073511746570636,0.9777113720504015,4.0,18,0.5865500555555556,0.0019148033932848705,0.010186912278156851,0.9878982843285583
A5_hard_1px,T0_standard,0.0,1.0,1.0,242,2,2,1,0.6835763579377434,0.7484835835969903,0.4093894825365192,2.0,15,0.6072851333333332,0.2741868754012242,0.04223676666103235,0.6835763579377434
A5_hard_1px,T0_standard,0.0,1.0,1.0,244,2,2,1,0.8892306197578387,0.38634485413172776,0.79056979192153,67.0,108,1.5329172870370373,0.012108552405852756,0.09866082783630867,0.8892306197578387
A5_hard_1px,T0_standard,0.0,1.0,1.0,245,2,2,1,0.9673555207041661,0.16634983311266727,0.9497863372817344,3.0,13,0.5391935384615386,0.015075295873402218,0.01756918342243162,0.9673555207041661
A5_hard_1px,T0_standard,0.0,1.0,1.0,249,0,0,1,0.9014552636427045,0.3890999231724146,0.844902460339432,12.0,32,0.737368,0.9014552636427045,0.04199193305402303,0.0565528033032725
A5_hard_1px,T0_standard,0.0,1.0,1.0,253,0,0,1,0.9485892104002474,0.23764631044343526,0.9188444297903584,56.0,94,1.2869785319148936,0.9485892104002474,0.021666008989863646,0.029744780609888957
A5_hard_1px,T0_standard,0.0,1.0,1.0,260,1,1,1,0.9941745736066515,0.039335834429508366,0.9900897153567078,1.0,12,0.5609836666666668,0.0017405681434046433,0.9941745736066515,0.004084858249943807
A5_hard_1px,T0_standard,0.0,1.0,1.0,278,1,1,1,0.8989901676129487,0.33394757181383133,0.7992118930849647,1.0,10,0.49930959999999996,0.0012315578590672727,0.8989901676129487,0.09977827452798405
A5_hard_1px,T0_standard,0.0,1.0,1.0,290,2,1,0,0.4985817638179401,0.7223140635765524,0.0024163025039013464,3.0,11,0.6727623636363637,0.005252774868021097,0.4985817638179401,0.49616546131403877
A5_hard_1px,T0_standard,0.0,1.0,1.0,293,2,2,1,0.9895339789721348,0.06290087379036804,0.9808455460770923,5.0,18,0.6691911666666666,0.0017775881328227754,0.008688432895042496,0.9895339789721348
A5_hard_1px,T0_standard,0.0,1.0,1.0,297,2,2,1,0.587630168525117,0.9440111903704319,0.3184923888376065,1.0,10,0.4448850999999999,0.26913777968751046,0.14323205178737256,0.587630168525117
A5_hard_1px,T0_standard,0.0,1.0,1.0,298,2,2,1,0.7679741565013039,0.697785706429022,0.6285548153880945,4.0,16,0.6169322500000001,0.1394193411132093,0.09260650238548686,0.7679741565013039
A5_hard_1px,T0_standard,0.0,1.0,1.0,299,1,1,1,0.9860832619482837,0.0767560505478519,0.9731089837887509,4.0,17,0.6325850000000001,0.0009424598921835174,0.9860832619482837,0.012974278159532823
A5_hard_1px,T0_standard,0.0,1.0,1.0,304,1,1,1,0.9952385350633525,0.033428904686104856,0.9924169520353644,6.0,22,0.6175126818181818,0.00282158302798804,0.9952385350633525,0.0019398819086594756
A5_hard_1px,T0_standard,0.0,1.0,1.0,308,2,2,1,0.91790142515941,0.2949972100973833,0.8382859502135896,7.0,21,0.744395857142857,0.0024830998947697174,0.07961547494582033,0.91790142515941
A5_hard_1px,T0_standard,0.0,1.0,1.0,311,1,1,1,0.953896203499194,0.19196025677271436,0.9088615740031373,5.0,25,0.62898604,0.0010691670047492032,0.953896203499194,0.045034629496056786
A5_hard_1px,T0_standard,0.0,1.0,1.0,322,1,1,1,0.9926070314969111,0.048215881075732964,0.9874988410021399,3.0,13,0.5984578461538462,0.0022847780083178485,0.9926070314969111,0.005108190494771218
A5_hard_1px,T0_standard,0.0,1.0,1.0,332,2,2,1,0.6572205014677239,0.8796097061289043,0.47377405973702774,5.0,18,0.71271,0.18344644173069619,0.15933305680157978,0.6572205014677239
A5_hard_1px,T0_standard,0.0,1.0,1.0,334,1,1,1,0.9946533824100671,0.03662718110468698,0.9909832541742964,4.0,17,0.6182341764705882,0.0016764893541622364,0.9946533824100671,0.003670128235770662
A5_hard_1px,T0_standard,0.0,1.0,1.0,338,1,0,0,0.937759220121376,0.27621713029239725,0.9059789254640469,118.0,163,1.9818752024539878,0.937759220121376,0.03178029465732911,0.030460485221294856
A5_hard_1px,T0_standard,0.0,1.0,1.0,339,1,0,0,0.9202161799828003,0.3333631700876688,0.877646908782646,27.0,61,0.9155766885245903,0.9202161799828003,0.03721454881704538,0.04256927120015435
A5_hard_1px,T0_standard,0.0,1.0,1.0,340,0,0,1,0.9451040511448118,0.2489254047202792,0.9106432698510801,47.0,78,1.3844180128205126,0.9451040511448118,0.020435167561456496,0.034460781293731646
A5_hard_1px,T0_standard,0.0,1.0,1.0,360,2,2,1,0.8524779381651402,0.4295548773589535,0.7070922792524217,2.0,12,0.5786047499999999,0.0021364029221413576,0.14538565891271849,0.8524779381651402
A5_hard_1px,T0_standard,0.0,1.0,1.0,361,2,2,1,0.8892398741144073,0.41952686051444743,0.8167903986940862,1.0,10,0.5130506,0.03831065046527157,0.07244947542032111,0.8892398741144073
A5_hard_1px,T0_standard,0.0,1.0,1.0,362,2,2,1,0.9855523692288143,0.07882445290941183,0.971966039950772,1.0,11,0.5684201818181817,0.0008613014931435502,0.013586329278042215,0.9855523692288143
A5_hard_1px,T0_standard,0.0,1.0,1.0,374,0,0,1,0.9557236643371246,0.21126039107398803,0.9295661390934146,3.0,18,0.5402341666666667,0.9557236643371246,0.026157525243710022,0.01811881041916542
A5_hard_1px,T0_standard,0.0,1.0,1.0,376,0,0,1,0.9634430113658009,0.18169942943400663,0.9421991068053828,3.0,18,0.5590460555555555,0.9634430113658009,0.021243904560418102,0.015313084073781074
A5_hard_1px,T0_standard,0.0,1.0,1.0,378,0,0,1,0.9556075342730556,0.21174485413770056,0.9295180273208716,1.0,16,0.487147875,0.9556075342730556,0.02608950695218389,0.018302958774760594
A5_hard_1px,T0_standard,0.0,1.0,1.0,380,0,0,1,0.9469480333270048,0.24401806157876435,0.9183621844598883,3.0,19,0.48924563157894735,0.9469480333270048,0.02858584886711655,0.024466117805878596
A5_hard_1px,T0_standard,0.0,1.0,1.0,387,0,0,1,0.9031706537465486,0.3681802019214245,0.826944471798268,22.0,44,1.1116842272727274,0.9031706537465486,0.02060316430517087,0.07622618194828056
A5_hard_1px,T0_standard,0.0,1.0,1.0,388,0,0,1,0.9311439417078324,0.2983763711520293,0.8958690178976638,7.0,23,0.6896618260869564,0.9311439417078324,0.033581134481999016,0.03527492381016864
A5_hard_1px,T0_standard,0.0,1.0,1.0,389,0,0,1,0.9704092424530981,0.1533261420304871,0.9528981283673429,8.0,24,0.8380092500000001,0.9704092424530981,0.017511114085755248,0.012079643461146674
A5_hard_1px,T0_standard,0.0,1.0,1.0,391,0,0,1,0.9674181847100131,0.16616287125503765,0.9504708603446881,14.0,34,0.927025911764706,0.9674181847100131,0.016947324365324923,0.015634490924661903
A5_hard_1px,T0_standard,0.0,1.0,1.0,400,0,0,1,0.9584645606078738,0.20122168869377258,0.9349589023517283,3.0,15,0.5019540666666668,0.9584645606078738,0.01802978113598051,0.023505658256145527
A5_hard_1px,T0_standard,0.0,1.0,1.0,403,0,0,1,0.9676878249524384,0.16492802815851937,0.9499306721860169,2.0,13,0.619328,0.9676878249524384,0.017757152766421494,0.014555022281140088
A5_hard_1px,T0_standard,0.0,1.0,1.0,405,0,0,1,0.9282187084967616,0.30151936689822256,0.8773365916748604,24.0,47,1.081583680851064,0.9282187084967616,0.02089917468133734,0.05088211682190109
A5_hard_1px,T0_standard,0.0,1.0,1.0,413,0,0,1,0.9561517843790678,0.21036597308221544,0.9336714864743793,43.0,83,1.1146613373493979,0.9561517843790678,0.022480297904688515,0.021367917716243676
A5_hard_1px,T0_standard,0.0,1.0,1.0,421,0,0,1,0.9672953313892344,0.16634817230838775,0.9485800399281795,21.0,60,0.8280121,0.9672953313892344,0.018715291461054908,0.013989377149710625
A5_hard_1px,T0_standard,0.0,1.0,1.0,422,0,0,1,0.9735761614623756,0.13996143621092655,0.9579694071771432,34.0,72,0.9631183333333332,0.9735761614623756,0.015606754285232338,0.010817084252391975
A5_hard_1px,T0_standard,0.0,1.0,1.0,426,0,0,1,0.9709398745517761,0.148691935178017,0.9500175372803645,18.0,39,1.0525164615384617,0.9709398745517761,0.020922337271411618,0.00813778817681248
A5_hard_1px,T0_standard,0.0,1.0,1.0,429,0,0,1,0.9639684724354295,0.1800914981670818,0.945688406841711,38.0,66,1.4506720606060608,0.9639684724354295,0.017751461970851975,0.018280065593718583
A5_hard_1px,T0_standard,0.0,1.0,1.0,430,0,0,1,0.9532533058690296,0.22109097784524906,0.9281132502408277,41.0,70,1.3141251428571425,0.9532533058690296,0.02160663850276855,0.025140055628201916
A5_hard_1px,T0_standard,0.0,1.0,1.0,432,0,0,1,0.9616927022326912,0.1890788937216248,0.9424385356234656,61.0,99,1.6191042626262624,0.9616927022326912,0.019254166609225663,0.019053131158083093
A5_hard_1px,T0_standard,0.0,1.0,1.0,433,0,0,1,0.9582700040810073,0.20230807746295712,0.9367482366074783,35.0,66,1.1340002424242426,0.9582700040810073,0.02020822844546365,0.021521767473528994
A5_hard_1px,T0_standard,0.0,1.0,1.0,438,0,0,1,0.9685807449625357,0.1611024763379996,0.9506424661463132,114.0,160,2.0565121187499997,0.9685807449625357,0.017938278816222415,0.01348097622124193
A5_hard_1px,T0_standard,0.0,1.0,1.0,439,0,0,1,0.9612336819368014,0.1907790690902486,0.94049324362666,98.0,144,1.8719137986111112,0.9612336819368014,0.0207404383101414,0.018025879753057143
A5_hard_1px,T0_standard,0.0,1.0,1.0,452,1,1,1,0.994139883165618,0.039954586307152,0.9907616461425682,3.0,16,0.5164338125,0.002481879811332274,0.994139883165618,0.0033782370230497545
