parcel_id,truth,pred,epistemic,prob_0,prob_1,prob_2
107,0,0,0.0016688108444213867,0.9808342,0.0080268765,0.011139084
107,0,0,0.0012111291289329529,0.98363435,0.008124168,0.008241645
107,0,0,0.0023171231150627136,0.97947866,0.0057205977,0.014800769
107,0,0,0.0020799338817596436,0.97339183,0.013112379,0.013495746
107,0,0,0.04529374837875366,0.6822669,0.15635715,0.16137604
107,0,0,0.03975409269332886,0.6880001,0.2666224,0.04537763
107,0,0,0.0034702569246292114,0.9689024,0.024833877,0.006263837
107,0,0,0.0018714368343353271,0.9829837,0.008472365,0.008543988
107,0,0,0.0026494935154914856,0.97881407,0.0104560545,0.010729988
107,0,0,0.002666786313056946,0.9785396,0.008255848,0.013204608
107,0,0,0.0033374279737472534,0.9636185,0.016455473,0.019926164
107,0,0,0.017709881067276,0.88198334,0.102514744,0.015501889
107,0,0,0.007032275199890137,0.95015496,0.032492626,0.017352445
107,0,0,0.003943383693695068,0.9557577,0.034609634,0.009632716
107,0,0,0.008868932723999023,0.8957188,0.09101592,0.013265414
107,0,0,0.012212693691253662,0.81408817,0.17504357,0.010868331
107,0,0,0.00852811336517334,0.81717294,0.17294854,0.009878634
107,0,0,0.0038847029209136963,0.94081706,0.053392652,0.0057904124
107,0,0,0.003644898533821106,0.9537005,0.0339116,0.012388042
107,0,0,0.0031304210424423218,0.9644416,0.018180108,0.017378371
107,0,0,0.008516639471054077,0.94629896,0.021320213,0.032380886
107,0,0,0.009342223405838013,0.9017014,0.09338159,0.004917079
107,0,0,0.00416390597820282,0.96044517,0.032049872,0.0075050974
107,0,0,0.004738569259643555,0.95364594,0.016737994,0.029616244
107,0,0,0.0036656707525253296,0.9627312,0.021553742,0.015715128
107,0,0,0.0036754310131073,0.9564933,0.035776947,0.007729825
107,0,0,0.00608217716217041,0.91952217,0.06630295,0.014174997
107,0,0,0.005173325538635254,0.9440928,0.046177693,0.009729603
107,0,0,0.003122463822364807,0.9560367,0.030565303,0.013398078
107,0,0,0.0022200047969818115,0.9743281,0.015573319,0.010098596
107,0,0,0.00362357497215271,0.96117127,0.028024737,0.010804043
107,0,0,0.004663407802581787,0.9377109,0.03334642,0.02894285
107,0,0,0.015830963850021362,0.89704347,0.097257465,0.005699127
107,0,0,0.005260109901428223,0.96235067,0.015861994,0.021787457
107,0,2,0.012008368968963623,0.18160251,0.015059492,0.8033381
107,0,2,0.0031822174787521362,0.03333657,0.014532593,0.952131
107,0,0,0.04327660799026489,0.5916516,0.02741646,0.38093194
107,0,0,0.006585463881492615,0.9436626,0.029856449,0.026481055
107,0,0,0.003788664937019348,0.96135414,0.024792906,0.013853119
107,0,0,0.0026976317167282104,0.9739773,0.016071318,0.009951428
107,0,0,0.0019878223538398743,0.9773582,0.014148162,0.008493626
107,0,0,0.0019425824284553528,0.98211646,0.010498441,0.0073852506
107,0,0,0.002731047570705414,0.9781393,0.011369658,0.0104911495
107,0,0,0.02843940258026123,0.5302258,0.017631287,0.45214295
107,0,0,0.009531885385513306,0.9345799,0.012460009,0.052960165
107,0,0,0.007628113031387329,0.93723166,0.01413258,0.048635796
107,0,0,0.0035546869039535522,0.9585038,0.010626742,0.03086953
107,0,0,0.004446923732757568,0.9681948,0.013652641,0.018152649
107,0,0,0.0027109235525131226,0.9705725,0.010606042,0.018821554
107,0,0,0.0031169652938842773,0.96928513,0.0077134557,0.023001552
107,0,0,0.002552613615989685,0.9664463,0.0065933974,0.026960367
107,0,0,0.0031637772917747498,0.9789357,0.004986457,0.016077932
107,0,0,0.0017750784754753113,0.98358136,0.0050704866,0.011348274
107,0,0,0.0010654106736183167,0.9850407,0.0069388933,0.008020442
107,0,0,0.0018984004855155945,0.97838485,0.009680129,0.011935088
107,0,0,0.0017595812678337097,0.97941995,0.010109037,0.010471073
107,0,0,0.0023484304547309875,0.97705305,0.011470366,0.011476646
107,0,0,0.00309184193611145,0.9710555,0.016361747,0.0125828255
107,0,0,0.011754423379898071,0.9537329,0.012855398,0.0334118
107,0,0,0.0027441680431365967,0.9572142,0.009828397,0.0329575
107,0,0,0.005699872970581055,0.9436165,0.0077732666,0.048610244
107,0,0,0.002255171537399292,0.97205335,0.0075090635,0.020437747
107,0,0,0.0035147666931152344,0.97329557,0.018372381,0.0083320495
107,0,0,0.004512026906013489,0.9553081,0.039228264,0.005463734
107,0,0,0.02799367904663086,0.5877944,0.14774941,0.26445624
107,0,0,0.003593623638153076,0.9744806,0.013640772,0.0118786795
107,0,0,0.0010430589318275452,0.9803747,0.011037693,0.008587683
107,0,0,0.003148294985294342,0.9764155,0.012626786,0.010957752
107,0,0,0.004911333322525024,0.97353125,0.016628928,0.009839867
107,0,0,0.004614725708961487,0.96332544,0.015470417,0.021204246
107,0,0,0.0034164339303970337,0.9561272,0.010456952,0.03341583
107,0,0,0.006263867020606995,0.9424652,0.009531116,0.048003834
107,0,0,0.0063192397356033325,0.96512455,0.010510538,0.024364999
107,0,0,0.0068960487842559814,0.9232053,0.04931278,0.027482022
107,0,0,0.029062628746032715,0.6903143,0.1073003,0.20238551
107,0,0,0.002326682209968567,0.97519004,0.015411133,0.009398929
107,0,0,0.003652706742286682,0.9684813,0.02061397,0.010904846
107,0,0,0.003443121910095215,0.97337544,0.015784498,0.01084015
107,0,0,0.004147619009017944,0.9645697,0.020453267,0.014977179
107,0,0,0.008986324071884155,0.9323082,0.009385076,0.05830682
107,0,0,0.012250244617462158,0.887791,0.02798886,0.08422021
107,0,0,0.0016800984740257263,0.97858655,0.014396319,0.007017122
107,0,0,0.0022976920008659363,0.9784935,0.013488302,0.008018412
395,0,0,0.002659156918525696,0.9744182,0.013624157,0.011957617
395,0,0,0.002104461193084717,0.9811692,0.009777712,0.00905307
395,0,0,0.002471044659614563,0.97632253,0.013447843,0.01022974
395,0,0,0.0022894665598869324,0.9776275,0.011793778,0.010578828
395,0,0,0.0022763535380363464,0.9808142,0.011271764,0.007914094
395,0,0,0.0026854947209358215,0.97876406,0.013209048,0.008026976
395,0,0,0.002695739269256592,0.9712565,0.01227182,0.016471723
395,0,0,0.00163249671459198,0.9778138,0.01347903,0.008707191
395,0,0,0.002385661005973816,0.9735091,0.011139768,0.015351284
395,0,0,0.004592135548591614,0.9552273,0.033279993,0.011492818
404,0,2,0.021884441375732422,0.20783676,0.07034609,0.7218172
404,0,0,0.04388618469238281,0.48897716,0.035510406,0.4755124
404,0,2,0.017174959182739258,0.13368736,0.07792255,0.7883902
404,0,2,0.018491089344024658,0.3982887,0.07643961,0.5252718
404,0,0,0.041814565658569336,0.6989047,0.025462398,0.27563295
404,0,0,0.033341169357299805,0.5357327,0.03712816,0.42713925
404,0,2,0.02851969003677368,0.3068551,0.041485604,0.6516593
404,0,2,0.014757722616195679,0.114602946,0.030610505,0.8547866
404,0,2,0.011532217264175415,0.11398273,0.026753176,0.85926414
404,0,2,0.030214011669158936,0.4580259,0.07233214,0.46964198
404,0,0,0.021608054637908936,0.4871291,0.039239816,0.4736312
404,0,0,0.019597113132476807,0.48866245,0.02922323,0.48211437
404,0,2,0.015537083148956299,0.28915682,0.025159009,0.68568426
404,0,2,0.02360612154006958,0.2650631,0.026461435,0.7084755
404,0,2,0.006934046745300293,0.14278233,0.021612078,0.8356057
404,0,2,0.010677516460418701,0.2616751,0.024546929,0.7137781
404,0,2,0.015675604343414307,0.25186926,0.02473753,0.72339326
404,0,2,0.010563135147094727,0.15007967,0.018616466,0.83130383
404,0,2,0.012843728065490723,0.28572303,0.059515644,0.6547614
404,0,2,0.020467638969421387,0.2797743,0.03631897,0.68390685
404,0,2,0.013625025749206543,0.3276923,0.025220707,0.64708704
404,0,2,0.013018548488616943,0.38190374,0.018555319,0.599541
404,0,2,0.01849263906478882,0.28644168,0.020048767,0.6935096
404,0,2,0.007704794406890869,0.09656276,0.021489868,0.88194734
404,0,2,0.009083420038223267,0.12060053,0.028317772,0.85108167
404,0,2,0.014004766941070557,0.23757374,0.021547308,0.74087906
404,0,2,0.01415860652923584,0.2672916,0.07429209,0.65841633
404,0,2,0.021185457706451416,0.3912732,0.035554823,0.573172
404,0,2,0.016434967517852783,0.3574508,0.022992542,0.6195568
404,0,2,0.018599271774291992,0.26740274,0.015961258,0.7166361
404,0,2,0.004968047142028809,0.073755644,0.013394233,0.91285026
404,0,2,0.004342794418334961,0.056944344,0.01813034,0.9249254
404,0,2,0.004507780075073242,0.06669552,0.022341404,0.91096324
404,0,2,0.007318854331970215,0.100138545,0.018272119,0.8815894
404,0,2,0.015677988529205322,0.27773547,0.084594235,0.63767034
404,0,2,0.01928156614303589,0.25320458,0.09886648,0.647929
404,0,0,0.02462029457092285,0.51850957,0.029592343,0.4518982
404,0,0,0.021759390830993652,0.5015065,0.017062914,0.48143068
404,0,0,0.02483445405960083,0.5645612,0.012337651,0.42310125
404,0,2,0.01398313045501709,0.32536644,0.01688217,0.6577514
404,0,2,0.014337480068206787,0.15792397,0.024350394,0.8177257
404,0,2,0.00539889931678772,0.09431022,0.01888907,0.88680077
404,0,2,0.01872551441192627,0.30597472,0.026931657,0.6670937
404,0,2,0.020506620407104492,0.36660913,0.020657102,0.61273384
404,0,2,0.02650320529937744,0.4791061,0.013846686,0.5070473
404,0,2,0.02378213405609131,0.31083846,0.018925644,0.670236
404,0,2,0.017422497272491455,0.18170945,0.025133967,0.7931566
404,0,2,0.005164623260498047,0.055441227,0.040620577,0.90393835
396,0,0,0.0027785450220108032,0.97464794,0.018652385,0.0066996748
396,0,0,0.0022767558693885803,0.9784964,0.011273977,0.010229653
396,0,0,0.0020804107189178467,0.97916067,0.012832083,0.008007304
396,0,0,0.0012416541576385498,0.9814094,0.012608736,0.005981994
396,0,0,0.0017035827040672302,0.97778773,0.015968468,0.006243908
396,0,0,0.0018303245306015015,0.98142755,0.011140114,0.0074323043
396,0,0,0.0023222118616104126,0.9793191,0.013762752,0.0069182445
396,0,0,0.0013080313801765442,0.97912264,0.015840702,0.0050367145
396,0,0,0.003828376531600952,0.96237564,0.031179566,0.006444867
396,0,0,0.0024182796478271484,0.97722584,0.01579708,0.006977091
396,0,0,0.003074556589126587,0.9767895,0.018283684,0.0049269083
396,0,0,0.002159431576728821,0.9722643,0.022377096,0.005358689
396,0,0,0.0031165629625320435,0.9701426,0.024952527,0.0049050613
396,0,0,0.006111055612564087,0.9362591,0.05403034,0.009710692
396,0,0,0.009368687868118286,0.9155456,0.07529551,0.009158898
396,0,0,0.009950801730155945,0.9447989,0.050345644,0.004855564
396,0,0,0.005758687853813171,0.9542204,0.0411476,0.00463216
396,0,0,0.019192993640899658,0.8067095,0.18364146,0.00964916
396,0,0,0.01793724298477173,0.7712118,0.21911602,0.009672369
396,0,0,0.04007613658905029,0.62708455,0.36275986,0.010155752
396,0,0,0.04015052318572998,0.5976822,0.39332676,0.00899112
396,0,0,0.02032870054244995,0.604709,0.38099104,0.014300035
399,0,0,0.0030834972858428955,0.9666015,0.029080864,0.0043178434
399,0,0,0.0020432770252227783,0.9765334,0.018155722,0.005310939
399,0,0,0.002090178430080414,0.97565186,0.019261226,0.0050870054
399,0,0,0.002575114369392395,0.97464234,0.020525193,0.004832478
399,0,0,0.0027275681495666504,0.97490656,0.020365426,0.004728044
399,0,0,0.0016186460852622986,0.9789657,0.014611241,0.00642314
399,0,0,0.0018380284309387207,0.98104817,0.0130198775,0.0059319413
399,0,0,0.002658158540725708,0.9795019,0.013933751,0.0065644137
399,0,0,0.0030315369367599487,0.97316724,0.021287894,0.005545043
399,0,0,0.00403527170419693,0.9829036,0.008329705,0.008766778
399,0,0,0.002211049199104309,0.98244524,0.007375548,0.010179144
399,0,0,0.0021548569202423096,0.98273593,0.009940652,0.007323461
399,0,0,0.0024389177560806274,0.97459525,0.020072509,0.0053322446
399,0,0,0.0018606036901474,0.97615474,0.009043199,0.014802104
399,0,0,0.001909688115119934,0.9805145,0.0078061773,0.011679377
399,0,0,0.0027099698781967163,0.98236316,0.010036142,0.007600698
399,0,0,0.014014989137649536,0.8456326,0.14238162,0.011985828
399,0,0,0.0037276744842529297,0.96101266,0.028319616,0.010667891
399,0,0,0.0033103972673416138,0.9693124,0.020174885,0.010512718
399,0,0,0.005425795912742615,0.96411306,0.030083766,0.0058032605
399,0,0,0.005778282880783081,0.9363372,0.04267509,0.020987757
6,0,2,0.019241154193878174,0.22815436,0.036750678,0.7350951
6,0,2,0.0151442289352417,0.15743011,0.1041458,0.73842424
6,0,2,0.005458831787109375,0.034817066,0.043320287,0.9218627
6,0,2,0.020132601261138916,0.14416945,0.2468135,0.6090171
6,0,1,0.019911885261535645,0.30483848,0.3633116,0.33184993
6,0,0,0.013140082359313965,0.51324016,0.19246554,0.2942944
6,0,2,0.01688992977142334,0.3465453,0.20434523,0.44910958
6,0,2,0.01908433437347412,0.37157175,0.22068083,0.40774748
6,0,0,0.016861796379089355,0.62264794,0.15265909,0.224693
6,0,0,0.013005733489990234,0.84724945,0.098764345,0.053986263
6,0,0,0.010540246963500977,0.7078697,0.10982801,0.18230234
6,0,0,0.013490676879882812,0.7829292,0.14728682,0.06978409
6,0,2,0.006578713655471802,0.024697898,0.032646947,0.9426551
6,0,2,0.007646083831787109,0.044057228,0.042696122,0.9132467
6,0,2,0.022377371788024902,0.14560859,0.164766,0.6896255
6,0,2,0.018230319023132324,0.27626243,0.22743262,0.496305
6,0,2,0.01866769790649414,0.31430545,0.20620118,0.47949344
6,0,2,0.013738751411437988,0.31506985,0.20339411,0.48153606
6,0,0,0.017455101013183594,0.4510659,0.21227431,0.3366599
6,0,0,0.012306928634643555,0.7597894,0.14649573,0.093714915
6,0,0,0.009592890739440918,0.85421497,0.0901932,0.055591922
6,0,0,0.009633570909500122,0.88049054,0.078237064,0.0412725
6,0,0,0.00543445348739624,0.88865274,0.07085451,0.040492874
6,0,0,0.0048007965087890625,0.92255414,0.05683334,0.020612543
6,0,0,0.005380690097808838,0.9177831,0.061097007,0.02111999
6,0,0,0.0038307011127471924,0.92664576,0.054130346,0.019224023
6,0,0,0.0034737586975097656,0.9317098,0.050301347,0.017988827
6,0,0,0.005488783121109009,0.92522585,0.05247989,0.022294315
6,0,2,0.0722617506980896,0.22471914,0.0896842,0.68559676
6,0,2,0.03483402729034424,0.3069283,0.034006927,0.6590649
6,0,2,0.015446603298187256,0.20232134,0.07891826,0.7187605
6,0,2,0.012954294681549072,0.1849548,0.18629396,0.6287513
6,0,2,0.01760411262512207,0.2500898,0.23479648,0.5151138
6,0,0,0.017907023429870605,0.49225307,0.26720852,0.24053845
6,0,0,0.010502636432647705,0.77436095,0.147945,0.07769412
6,0,0,0.008370697498321533,0.86737967,0.08810988,0.04451057
6,0,0,0.0038971900939941406,0.930515,0.045068525,0.024416612
6,0,0,0.005916386842727661,0.93324655,0.04387335,0.022880187
6,0,0,0.00829225778579712,0.93222743,0.043842234,0.02393037
6,0,0,0.004164010286331177,0.93788826,0.042049184,0.020062672
6,0,0,0.0021987110376358032,0.9471127,0.033394415,0.019493
6,0,0,0.0035940855741500854,0.9471648,0.034759644,0.018075569
6,0,2,0.022843241691589355,0.39550453,0.04891059,0.555585
6,0,2,0.010056495666503906,0.08440362,0.05321816,0.8623783
6,0,2,0.011152565479278564,0.07651727,0.15043108,0.77305174
6,0,2,0.017515182495117188,0.12120411,0.2990874,0.5797085
6,0,1,0.011154890060424805,0.34675825,0.3719183,0.28132355
6,0,0,0.01572549343109131,0.76063097,0.16479346,0.07457566
6,0,0,0.005842149257659912,0.91468966,0.0557168,0.029593648
6,0,0,0.0020437538623809814,0.9514849,0.031741463,0.016773708
6,0,0,0.003864273428916931,0.95200646,0.031803302,0.016190408
6,0,0,0.0031079649925231934,0.9527964,0.031101203,0.01610239
6,0,0,0.0037980079650878906,0.9501488,0.028251387,0.02159989
6,0,2,0.005057007074356079,0.01707732,0.047012735,0.93591
6,0,2,0.007430553436279297,0.031858373,0.08095154,0.88719016
6,0,2,0.017799556255340576,0.13158047,0.30194023,0.5664793
6,0,2,0.020367741584777832,0.24481551,0.3185401,0.43664446
6,0,0,0.018542885780334473,0.5978,0.20589246,0.19630761
6,0,0,0.007706046104431152,0.87098646,0.07673756,0.052276086
6,0,0,0.003526434302330017,0.9516224,0.032477316,0.015900359
6,0,0,0.00420813262462616,0.9571631,0.02715552,0.015681459
6,0,0,0.0031618624925613403,0.962855,0.021220163,0.015924942
6,0,2,0.01098257303237915,0.08253654,0.14312235,0.77434117
6,0,2,0.017072677612304688,0.12698296,0.16899581,0.7040213
6,0,1,0.013556361198425293,0.27967316,0.36933798,0.35098898
6,0,0,0.018939495086669922,0.6227166,0.24388821,0.13339527
6,0,0,0.007762730121612549,0.88829803,0.07832611,0.033375982
6,0,0,0.0032935738563537598,0.9482228,0.03249536,0.01928186
6,0,2,0.009328067302703857,0.08060571,0.06455771,0.8548367
6,0,2,0.0250241756439209,0.25855243,0.059841365,0.6816062
6,0,0,0.025514721870422363,0.5381672,0.17577372,0.2860592
6,0,0,0.018061399459838867,0.6412807,0.25233006,0.106389284
6,0,0,0.01371753215789795,0.7215292,0.21260288,0.06586798
6,0,2,0.02128446102142334,0.37000024,0.026373627,0.60362613
6,0,0,0.02853614091873169,0.57098246,0.110717066,0.31830052
58,0,0,0.0020813047885894775,0.97412306,0.015641093,0.010235927
58,0,0,0.002330183982849121,0.9593469,0.027065594,0.013587723
58,0,0,0.004873842000961304,0.9378904,0.039127693,0.022981994
58,0,0,0.00594039261341095,0.9478351,0.03548247,0.016682591
58,0,0,0.002073928713798523,0.9638901,0.02430168,0.0118084205
58,0,0,0.004743680357933044,0.9456333,0.036695737,0.017671065
58,0,0,0.0027215033769607544,0.95194453,0.033166002,0.014889508
58,0,0,0.0026480257511138916,0.9594579,0.027518148,0.013024068
57,0,0,0.004438281059265137,0.94504917,0.027157845,0.027793191
57,0,0,0.0024315714836120605,0.9591497,0.023270799,0.01757956
57,0,0,0.006908386945724487,0.9479124,0.03295106,0.01913669
57,0,0,0.004191100597381592,0.94688284,0.031894345,0.021222804
57,0,0,0.011423557996749878,0.8533639,0.038416315,0.10821983
57,0,0,0.0033066868782043457,0.9304499,0.026019914,0.04353015
57,0,0,0.004292279481887817,0.9453711,0.034015603,0.020613281
57,0,0,0.006435990333557129,0.9332684,0.036438078,0.030293588
57,0,0,0.00929763913154602,0.8963962,0.04088559,0.062718295
57,0,0,0.00897952914237976,0.86696887,0.04643122,0.08660002
57,0,0,0.004988342523574829,0.92878175,0.04451229,0.026706062
57,0,0,0.0017166882753372192,0.9580034,0.028434163,0.013562593
57,0,0,0.00883147120475769,0.8983895,0.0676814,0.033929076
57,0,0,0.012866973876953125,0.8556652,0.08003231,0.06430245
57,0,0,0.01806640625,0.72012794,0.11173449,0.1681376
57,0,0,0.006058484315872192,0.89834374,0.06543705,0.03621939
57,0,0,0.009664744138717651,0.89284086,0.083203256,0.023955967
57,0,0,0.015826106071472168,0.7707785,0.14067785,0.08854373
57,0,0,0.014977812767028809,0.6390537,0.20839761,0.15254872
57,0,0,0.007858633995056152,0.8434205,0.06949943,0.087080084
57,0,0,0.00855591893196106,0.91150063,0.07467133,0.013828066
57,0,0,0.007700681686401367,0.89094627,0.08986648,0.019187408
57,0,0,0.019873857498168945,0.7290121,0.20571652,0.065271445
57,0,0,0.014120042324066162,0.71174437,0.17928703,0.10896873
57,0,0,0.004875853657722473,0.94533163,0.024328236,0.030340243
57,0,0,0.006501525640487671,0.9282344,0.042449374,0.029316252
57,0,0,0.00898599624633789,0.8542442,0.10201635,0.043739613
57,0,0,0.006661057472229004,0.93369544,0.014803925,0.051500753
57,0,0,0.005235344171524048,0.93571126,0.016988063,0.047300674
57,0,0,0.005222707986831665,0.9348279,0.025499627,0.039672595
57,0,0,0.008352428674697876,0.9092398,0.04777483,0.042985413
57,0,0,0.006983339786529541,0.88330525,0.033185747,0.083509035
57,0,0,0.007486134767532349,0.89396423,0.027453575,0.07858233
57,0,0,0.008868038654327393,0.9103259,0.02666753,0.06300672
57,0,0,0.0050262510776519775,0.93210745,0.02612569,0.0417669
57,0,0,0.01221168041229248,0.6952459,0.10521762,0.19953658
57,0,0,0.008715271949768066,0.80272406,0.05829189,0.13898411
57,0,0,0.00767180323600769,0.8627179,0.042412862,0.09486923
57,0,0,0.00638735294342041,0.88275987,0.047804017,0.06943625
57,0,2,0.01934635639190674,0.24575391,0.30901173,0.44523442
57,0,0,0.01943904161453247,0.5658845,0.17143884,0.2626767
57,0,0,0.021340370178222656,0.638585,0.09965517,0.26175988
57,0,0,0.015344858169555664,0.6989454,0.07569787,0.2253568
57,0,2,0.02906477451324463,0.3328502,0.1796375,0.48751235
57,0,2,0.018312931060791016,0.39278522,0.18243463,0.42478022
390,0,0,0.01532047986984253,0.8237251,0.12476802,0.05150694
390,0,0,0.01771494746208191,0.89001423,0.08256265,0.027423207
390,0,0,0.002579241991043091,0.93810713,0.046940416,0.014952483
390,0,0,0.0056667327880859375,0.9359787,0.05090035,0.013121086
390,0,0,0.0038529187440872192,0.95805335,0.031177508,0.010769252
390,0,0,0.004128202795982361,0.9610348,0.029723305,0.0092420075
390,0,0,0.0031481683254241943,0.96765614,0.024603235,0.0077407206
390,0,0,0.0025543272495269775,0.97467977,0.020023016,0.005297276
390,0,0,0.002470731735229492,0.96638227,0.02860106,0.0050167358
390,0,0,0.0015677139163017273,0.97575134,0.02003405,0.004214634
390,0,0,0.002377256751060486,0.97848207,0.017073631,0.004444429
390,0,0,0.0018476247787475586,0.98113126,0.014237489,0.004631325
390,0,0,0.004530295729637146,0.945712,0.04947087,0.0048172516
390,0,0,0.0035959333181381226,0.9449515,0.049708884,0.005339738
390,0,0,0.00200006365776062,0.97147006,0.024632951,0.0038971393
390,0,0,0.002850756049156189,0.96565104,0.029051911,0.005297158
390,0,0,0.012312650680541992,0.9226523,0.071487926,0.005859853
390,0,0,0.006271839141845703,0.9129671,0.08122059,0.005812369
390,0,0,0.0054521262645721436,0.93485343,0.060879625,0.0042670975
390,0,0,0.007229119539260864,0.93232685,0.06353476,0.0041385074
390,0,0,0.0071287453174591064,0.94119686,0.052481093,0.006322208
390,0,0,0.009831398725509644,0.916144,0.07816864,0.0056873695
390,0,0,0.012910723686218262,0.8454884,0.14953934,0.0049723717
390,0,0,0.009566247463226318,0.90586895,0.09029557,0.0038355908
412,0,1,0.008234560489654541,0.1923427,0.7813806,0.026276726
412,0,1,0.019223034381866455,0.23186393,0.7402204,0.027915707
412,0,1,0.01874995231628418,0.2539604,0.70317,0.04286968
412,0,1,0.006960868835449219,0.25305176,0.69305855,0.053889725
412,0,1,0.023521602153778076,0.42994297,0.53124803,0.03880904
412,0,1,0.028803765773773193,0.42907366,0.5455601,0.025366215
412,0,1,0.02633577585220337,0.35578933,0.6236715,0.020539219
412,0,1,0.020930171012878418,0.38956058,0.58756965,0.022869771
412,0,1,0.020443201065063477,0.4234719,0.55271614,0.02381207
412,0,0,0.020680010318756104,0.6517132,0.32587492,0.022411892
412,0,0,0.007485479116439819,0.8899708,0.09958969,0.010439689
412,0,0,0.004510045051574707,0.94065255,0.046536848,0.012810702
412,0,0,0.006150633096694946,0.94627696,0.045406234,0.008316907
412,0,0,0.0033141374588012695,0.93358904,0.0580377,0.00837332
412,0,0,0.002301618456840515,0.9585514,0.034269962,0.0071787997
412,0,0,0.004278957843780518,0.93717253,0.05381311,0.009014435
412,0,0,0.0058228373527526855,0.8933066,0.09749717,0.009196346
412,0,0,0.012309551239013672,0.8268859,0.16150168,0.011612527
412,0,0,0.019825845956802368,0.8491573,0.13994384,0.010898966
412,0,0,0.011654317378997803,0.8488263,0.1415068,0.009667006
412,0,0,0.009423226118087769,0.9206094,0.07093923,0.008451392
412,0,0,0.0028279125690460205,0.96557796,0.027649216,0.0067729815
412,0,0,0.002743929624557495,0.97019994,0.022822093,0.00697803
412,0,0,0.0023251324892044067,0.96588796,0.027681926,0.006430246
412,0,0,0.002320006489753723,0.96538997,0.02799918,0.006610929
412,0,0,0.005124419927597046,0.93311363,0.058795307,0.008091094
412,0,0,0.00390625,0.9373811,0.054913443,0.0077055697
412,0,0,0.004383280873298645,0.94534194,0.04714644,0.007511714
412,0,0,0.004335939884185791,0.9556367,0.03474386,0.009619533
412,0,0,0.009539186954498291,0.9278436,0.06252503,0.009631425
412,0,0,0.01947253942489624,0.85744804,0.13215351,0.010398483
412,0,0,0.02096503973007202,0.78825426,0.20274357,0.00900224
412,0,0,0.02826148271560669,0.7502824,0.24051844,0.00919924
412,0,0,0.0193326473236084,0.87944895,0.11278863,0.007762418
412,0,0,0.005849108099937439,0.95620674,0.0383367,0.005456636
412,0,0,0.0017554759979248047,0.97449374,0.019761091,0.0057452666
412,0,0,0.0031083524227142334,0.97207177,0.021372247,0.006556015
412,0,0,0.003485456109046936,0.9599808,0.032377355,0.0076419306
412,0,0,0.006947755813598633,0.91724545,0.07507636,0.0076782596
412,0,0,0.009153753519058228,0.9147553,0.078285635,0.006959159
412,0,0,0.01609116792678833,0.8028355,0.18938212,0.0077824206
412,0,0,0.01669597625732422,0.82280755,0.1688372,0.008355396
412,0,0,0.0057215094566345215,0.9088084,0.08241111,0.008780539
412,0,0,0.003967612981796265,0.9532032,0.038835973,0.007960884
412,0,0,0.005054682493209839,0.9291552,0.06137878,0.009466067
412,0,0,0.0322226881980896,0.6869085,0.30175522,0.011336327
412,0,0,0.022670328617095947,0.5693664,0.4225214,0.008112229
412,0,0,0.018263399600982666,0.63938904,0.3537899,0.006821144
412,0,0,0.02059638500213623,0.7598331,0.23409747,0.006069461
412,0,0,0.0086745023727417,0.8926996,0.10200232,0.005298108
412,0,0,0.003139600157737732,0.9528855,0.041757394,0.005357187
412,0,0,0.002696216106414795,0.9622351,0.031411514,0.006353514
412,0,0,0.010124579071998596,0.9493232,0.04312426,0.007552576
412,0,0,0.007592946290969849,0.9145254,0.076638915,0.008835815
412,0,0,0.005725592374801636,0.87625086,0.11439194,0.009357301
412,0,1,0.027646958827972412,0.32880747,0.6633575,0.007835123
412,0,1,0.024035334587097168,0.31860933,0.6739787,0.007411925
412,0,1,0.02837657928466797,0.43109167,0.5611161,0.007792275
412,0,0,0.026485979557037354,0.72575516,0.26468515,0.009559737
412,0,0,0.006468862295150757,0.90486175,0.08641917,0.008719123
397,0,0,0.005510762333869934,0.9687632,0.025567822,0.005669112
397,0,0,0.01109766960144043,0.90132344,0.093476795,0.005199894
397,0,0,0.007220476865768433,0.8634324,0.13144156,0.0051260456
397,0,0,0.001620963215827942,0.97623855,0.01911597,0.004645569
397,0,0,0.00207635760307312,0.96983683,0.025798997,0.004364164
397,0,0,0.00607609748840332,0.94454134,0.051042885,0.0044159847
397,0,0,0.009433090686798096,0.9298406,0.06532447,0.00483499
397,0,0,0.004763007164001465,0.9652235,0.029667439,0.0051091756
397,0,0,0.003489583730697632,0.9608927,0.033379104,0.0057283416
397,0,0,0.0012893378734588623,0.974577,0.021621216,0.0038018117
397,0,0,0.002443760633468628,0.9620922,0.033275343,0.0046325442
397,0,0,0.002764791250228882,0.96832067,0.028121788,0.003557573
397,0,0,0.0024291127920150757,0.9710059,0.024602754,0.004391366
397,0,0,0.003288447856903076,0.97153693,0.022426302,0.0060367384
397,0,0,0.00227181613445282,0.96202767,0.033180602,0.0047918744
397,0,0,0.003003060817718506,0.97145516,0.022227716,0.0063171964
397,0,0,0.0017561912536621094,0.98028946,0.015117199,0.0045933845
397,0,0,0.010080605745315552,0.91402596,0.07999122,0.005982878
397,0,0,0.003104180097579956,0.9773608,0.01715057,0.0054887733
397,0,0,0.002622157335281372,0.9812636,0.012210129,0.0065262155
397,0,1,0.023765623569488525,0.46787086,0.5180869,0.014042257
397,0,0,0.025394737720489502,0.61837286,0.37394312,0.0076840357
397,0,0,0.015409141778945923,0.8683423,0.12417631,0.007481433
397,0,0,0.013352513313293457,0.9379753,0.04833729,0.013687567
397,0,0,0.012513279914855957,0.5875554,0.40373886,0.008705787
104,0,0,0.025393187999725342,0.71655774,0.25090516,0.032537196
104,0,0,0.017536699771881104,0.53883773,0.4388912,0.02227122
104,0,0,0.021258831024169922,0.62719494,0.35867998,0.014125263
104,0,0,0.014760971069335938,0.6591765,0.3143417,0.026481826
104,0,0,0.005830630660057068,0.94305485,0.039503153,0.01744218
104,0,0,0.009610176086425781,0.775947,0.18990582,0.034147397
104,0,0,0.014702677726745605,0.76857996,0.19848874,0.032931473
104,0,0,0.006445348262786865,0.89764047,0.06545296,0.03690672
104,0,0,0.0010637715458869934,0.9845222,0.009313534,0.0061642528
104,0,0,0.0014039725065231323,0.9823929,0.009832457,0.0077746273
104,0,0,0.0015879049897193909,0.9813617,0.008740703,0.009897729
104,0,0,0.0017582401633262634,0.9839423,0.0058322223,0.010225444
104,0,0,0.0027426257729530334,0.9812653,0.011239416,0.007495409
104,0,0,0.0019135624170303345,0.9837613,0.009169552,0.0070691304
104,0,0,0.0013846158981323242,0.98630935,0.0070329765,0.00665772
104,0,0,0.0011925026774406433,0.9866088,0.0066959285,0.006695363
104,0,0,0.002223081886768341,0.98153776,0.0112999575,0.00716236
104,0,0,0.0011869445443153381,0.9863033,0.0063008727,0.007395908
104,0,0,0.0013110637664794922,0.9863541,0.0065376465,0.007108279
104,0,0,0.0014690980315208435,0.98481125,0.008509546,0.006679247
104,0,0,0.0014528259634971619,0.9800756,0.013212229,0.0067122797
104,0,0,0.0010878443717956543,0.9841833,0.0060916007,0.009725224
104,0,0,0.002077624201774597,0.9830811,0.0065529896,0.010365883
104,0,0,0.0017388314008712769,0.9837065,0.01035659,0.0059370575
104,0,0,0.002222597599029541,0.97203046,0.021519996,0.0064496538
104,0,0,0.0038510113954544067,0.9752204,0.008250059,0.016529594
104,0,0,0.003213852643966675,0.9703946,0.0064265863,0.023178738
104,0,0,0.0013876482844352722,0.98296785,0.0071833227,0.009848716
398,0,0,0.005065098404884338,0.95880795,0.035398953,0.0057932134
398,0,0,0.0034972652792930603,0.97785604,0.009474561,0.012669463
398,0,0,0.00317227840423584,0.9727088,0.007305687,0.019985566
398,0,0,0.003895595669746399,0.97288597,0.0058366875,0.021277435
398,0,0,0.002654246985912323,0.98036045,0.007266677,0.012372935
398,0,0,0.0036855340003967285,0.9722421,0.022835102,0.004922888
398,0,0,0.0014657005667686462,0.9811857,0.009473911,0.00934049
398,0,0,0.0024852678179740906,0.9789518,0.007873628,0.013174589
398,0,0,0.0022912025451660156,0.9751007,0.0053732973,0.019526068
398,0,0,0.002545565366744995,0.9728707,0.021748787,0.00538053
398,0,0,0.001701056957244873,0.9810644,0.012450519,0.006485146
398,0,0,0.0015288814902305603,0.9836459,0.009338491,0.0070157372
167,0,0,0.06173205375671387,0.44935387,0.39838508,0.15226114
167,0,0,0.030897080898284912,0.5543779,0.37461525,0.07100684
167,0,1,0.02142798900604248,0.41704792,0.5515049,0.03144725
167,0,1,0.02706754207611084,0.27522966,0.64559865,0.079171814
167,0,1,0.04467344284057617,0.29431602,0.57608896,0.1295952
167,0,0,0.021891355514526367,0.5111402,0.46942937,0.019430472
167,0,1,0.015525758266448975,0.19644922,0.71429753,0.089253426
167,0,1,0.03931379318237305,0.28727597,0.48463452,0.2280896
167,0,0,0.031397461891174316,0.66048104,0.32537812,0.014140965
167,0,1,0.012453913688659668,0.26894915,0.66639835,0.06465256
167,0,1,0.022439658641815186,0.39288658,0.52651125,0.080602214
59,0,0,0.017937958240509033,0.8357251,0.031147717,0.13312727
59,0,0,0.002495676279067993,0.9724356,0.012460082,0.015104324
59,0,0,0.00204361230134964,0.98121196,0.009362116,0.009425979
59,0,0,0.0014636218547821045,0.98406464,0.007573561,0.008361837
59,0,0,0.0020602047443389893,0.98119193,0.009246,0.009562158
59,0,0,0.0016426891088485718,0.9786846,0.012456089,0.008859453
59,0,0,0.00756286084651947,0.94599,0.011667187,0.042342883
59,0,0,0.0018984973430633545,0.98069865,0.011035388,0.008266043
59,0,0,0.001438826322555542,0.9820117,0.0083768265,0.009611523
59,0,0,0.0021864622831344604,0.9812117,0.010076441,0.008711904
59,0,0,0.001456625759601593,0.9823633,0.009652207,0.007984526
59,0,0,0.0015508383512496948,0.98178446,0.01171946,0.0064960807
59,0,0,0.0012836158275604248,0.9835284,0.011324316,0.0051473626
59,0,0,0.002177812159061432,0.9807192,0.009636043,0.009644786
59,0,0,0.0009968206286430359,0.98483956,0.0077105574,0.0074499985
59,0,0,0.0011827200651168823,0.9844995,0.009245763,0.006254722
59,0,0,0.0014304593205451965,0.9826681,0.011763747,0.005568208
59,0,0,0.0017781034111976624,0.98475915,0.0107370615,0.0045038704
59,0,0,0.0009240433573722839,0.9836526,0.011448252,0.004899166
59,0,0,0.004484415054321289,0.9730477,0.012315739,0.014636625
59,0,0,0.001744598150253296,0.9819146,0.0073194704,0.010766064
59,0,0,0.0013552606105804443,0.98429626,0.008176377,0.007527412
59,0,0,0.0018767639994621277,0.980112,0.0118660955,0.00802198
59,0,0,0.0013781636953353882,0.9839612,0.010528656,0.0055102296
59,0,0,0.0018294155597686768,0.9836925,0.009582496,0.0067249793
59,0,0,0.002461165189743042,0.9717745,0.010835555,0.017390018
59,0,0,0.0029247701168060303,0.9738496,0.008545601,0.017604792
59,0,0,0.0012705996632575989,0.9835147,0.008724546,0.007760786
59,0,0,0.001216106116771698,0.9791874,0.013263282,0.007549281
59,0,0,0.0022122636437416077,0.98116434,0.012970398,0.005865287
59,0,0,0.0006998851895332336,0.9857412,0.008514663,0.005744201
59,0,0,0.008870244026184082,0.92457193,0.018268608,0.057159584
59,0,0,0.012268215417861938,0.8998164,0.04297667,0.057207003
59,0,0,0.005501881241798401,0.9531175,0.030455964,0.016426623
59,0,0,0.003253549337387085,0.95349514,0.03411307,0.012391823
59,0,0,0.0038048475980758667,0.9660032,0.026203748,0.007793167
59,0,2,0.025753319263458252,0.28175098,0.04491427,0.6733348
59,0,0,0.027800321578979492,0.47572583,0.23968038,0.2845939
59,0,0,0.014531254768371582,0.7860988,0.1426806,0.07122073
59,0,0,0.006152451038360596,0.9271332,0.04290322,0.029963635
59,0,0,0.008431613445281982,0.88688755,0.09294798,0.020164514
393,0,0,0.006643384695053101,0.89658266,0.07989638,0.023521185
393,0,0,0.017652571201324463,0.7596727,0.23039354,0.009933834
393,0,1,0.01305079460144043,0.44174188,0.5493514,0.008906797
393,0,1,0.013574600219726562,0.21673708,0.7689872,0.01427587
393,0,1,0.010192573070526123,0.16299358,0.8286521,0.008354487
393,0,1,0.009090423583984375,0.22888526,0.76356727,0.007547636
393,0,1,0.02275228500366211,0.38968903,0.60101587,0.009295237
393,0,1,0.009250789880752563,0.093593284,0.8884372,0.017969547
393,0,1,0.007975786924362183,0.08467653,0.9004889,0.014834642
393,0,1,0.021870732307434082,0.18455108,0.7997467,0.015702303
393,0,0,0.03451108932495117,0.7154948,0.26830426,0.016200949
393,0,1,0.00831514596939087,0.076641165,0.89489365,0.028465271
393,0,1,0.007132351398468018,0.08155053,0.90317184,0.01527772
393,0,1,0.025080084800720215,0.35348368,0.62488496,0.021631477
393,0,0,0.022464066743850708,0.8523504,0.13239944,0.015250134
416,0,0,0.02024894952774048,0.69610274,0.29406387,0.009833478
416,0,0,0.019261598587036133,0.4988015,0.4807222,0.020476436
416,0,1,0.03435027599334717,0.4346293,0.4866137,0.078757085
416,0,0,0.024106204509735107,0.657106,0.3281104,0.014783701
416,0,1,0.02709871530532837,0.46670106,0.5060833,0.027215617
416,0,0,0.028919219970703125,0.4807943,0.48041037,0.03879543
416,0,0,0.04523742198944092,0.6776182,0.2810058,0.04137607
416,0,0,0.01421588659286499,0.78858757,0.18053061,0.030881908
416,0,0,0.013764142990112305,0.68707615,0.21833481,0.09458911
416,0,0,0.03494077920913696,0.7106537,0.2793905,0.009955851
416,0,0,0.046181559562683105,0.5350163,0.44487453,0.020109259
416,0,0,0.03375697135925293,0.69888717,0.27378157,0.027331296
416,0,0,0.027096033096313477,0.72554195,0.25313646,0.021321647
416,0,0,0.025741934776306152,0.68827325,0.28990537,0.02182153
416,0,0,0.01728898286819458,0.6768737,0.30353674,0.019589582
416,0,0,0.036951541900634766,0.64130914,0.34507394,0.013617045
416,0,0,0.05570077896118164,0.60212725,0.3764076,0.021465253
416,0,0,0.021818339824676514,0.7770403,0.20334661,0.019613083
416,0,0,0.00966373085975647,0.8334231,0.15279593,0.013780988
416,0,0,0.02146744728088379,0.70048445,0.28231138,0.017204236
416,0,0,0.014359891414642334,0.6408972,0.34565768,0.013445214
416,0,0,0.022113680839538574,0.5856309,0.40454528,0.009823894
416,0,0,0.03577160835266113,0.5360229,0.44900343,0.014973694
416,0,0,0.04366147518157959,0.69911784,0.28547448,0.015407782
416,0,0,0.013439267873764038,0.8430007,0.14362085,0.013378543
416,0,0,0.013406842947006226,0.8464647,0.14172493,0.011810605
416,0,0,0.02361297607421875,0.6480385,0.33577666,0.016184935
416,0,0,0.015421032905578613,0.505949,0.47760597,0.016445102
416,0,0,0.030035436153411865,0.6694937,0.31458,0.0159264
416,0,0,0.03692829608917236,0.6086017,0.37856448,0.012833901
416,0,0,0.03353184461593628,0.59750956,0.3870015,0.015489025
416,0,0,0.03033292293548584,0.7565658,0.23087654,0.012557561
416,0,0,0.01146775484085083,0.8165,0.16984643,0.013653527
416,0,0,0.02173548936843872,0.6714852,0.3135938,0.014921001
416,0,1,0.016097605228424072,0.34082478,0.63624966,0.022925662
416,0,0,0.024772942066192627,0.8085399,0.17290746,0.018552726
416,0,0,0.010528802871704102,0.87012064,0.12260557,0.007273819
416,0,0,0.019297003746032715,0.7631883,0.22763069,0.009181155
416,0,0,0.018980860710144043,0.65353835,0.33611426,0.010347438
416,0,0,0.025076448917388916,0.7046924,0.28362268,0.011684942
416,0,0,0.01732611656188965,0.842114,0.14831501,0.009571066
416,0,0,0.011676192283630371,0.8087222,0.17802246,0.013255424
416,0,0,0.022472679615020752,0.59378767,0.38375127,0.022461085
416,0,0,0.017686784267425537,0.84635067,0.14133783,0.012311711
416,0,0,0.018338948488235474,0.86278445,0.12828436,0.008931289
416,0,0,0.010318845510482788,0.8544002,0.137917,0.0076828594
416,0,0,0.016600191593170166,0.7175198,0.27404875,0.008431544
416,0,0,0.018544793128967285,0.75952876,0.23161013,0.008861203
416,0,0,0.004458367824554443,0.8884195,0.10404239,0.007538184
416,0,0,0.009076058864593506,0.8752447,0.111987375,0.012768093
416,0,0,0.00877639651298523,0.8600402,0.12329511,0.016664727
416,0,0,0.028568685054779053,0.74739754,0.24287286,0.0097297095
416,0,0,0.009308815002441406,0.85839677,0.1338322,0.0077711437
416,0,0,0.010061860084533691,0.90664923,0.08691376,0.0064370385
416,0,0,0.012143343687057495,0.85339004,0.13929784,0.007312239
416,0,0,0.012045145034790039,0.88669044,0.107187465,0.0061221793
416,0,0,0.005160659551620483,0.922673,0.06934544,0.0079816
416,0,0,0.008671104907989502,0.90858155,0.079740904,0.011677673
416,0,0,0.008981585502624512,0.87747157,0.1034165,0.019111944
416,0,0,0.023549318313598633,0.49403316,0.49370974,0.01225714
416,0,0,0.033812880516052246,0.67287946,0.31607166,0.011048978
416,0,0,0.016042262315750122,0.84713364,0.14532577,0.007540668
416,0,0,0.00801759958267212,0.934708,0.06026912,0.005022909
416,0,0,0.00862109661102295,0.911965,0.08174477,0.0062903445
416,0,0,0.004871994256973267,0.9220066,0.07238816,0.0056053204
416,0,0,0.006699591875076294,0.93059146,0.06267825,0.0067304038
416,0,0,0.00712236762046814,0.91783524,0.07044479,0.011720126
416,0,0,0.015234708786010742,0.7999739,0.16577373,0.034252506
416,0,0,0.03866177797317505,0.6667998,0.32492164,0.008278645
416,0,0,0.035884737968444824,0.7559824,0.2349081,0.009109554
416,0,0,0.023581475019454956,0.8845191,0.10547326,0.010007684
416,0,0,0.0046067386865615845,0.95140165,0.0426095,0.0059887776
416,0,0,0.003425031900405884,0.9447076,0.048722606,0.006569947
416,0,0,0.005043968558311462,0.9420627,0.05205535,0.005882078
416,0,0,0.005397379398345947,0.9353657,0.057701077,0.0069333795
416,0,0,0.007371187210083008,0.91359836,0.07340509,0.012996654
416,0,0,0.009730339050292969,0.834232,0.13225538,0.03351271
416,0,0,0.014891862869262695,0.78879416,0.20123257,0.009973447
416,0,0,0.01215893030166626,0.9036099,0.08660056,0.009789603
416,0,0,0.005005702376365662,0.9414961,0.048631344,0.009872686
416,0,0,0.003644511103630066,0.9591362,0.033563826,0.0073000523
416,0,0,0.0039624422788619995,0.94920105,0.042161718,0.008637198
416,0,0,0.002548888325691223,0.95168525,0.042446043,0.005868762
416,0,0,0.0031979382038116455,0.94494253,0.048116248,0.0069413353
416,0,0,0.00836154818534851,0.9082389,0.078846134,0.012915057
416,0,0,0.011140763759613037,0.87069523,0.09206552,0.03723935
416,0,0,0.007976144552230835,0.8545971,0.13028507,0.015117941
416,0,0,0.019479691982269287,0.8298492,0.15494792,0.015202955
416,0,0,0.009645819664001465,0.9181223,0.07209143,0.009786402
416,0,0,0.004350513219833374,0.9587901,0.03257385,0.008636098
416,0,0,0.00212252140045166,0.9698543,0.023632523,0.0065132673
416,0,0,0.0037584155797958374,0.9610967,0.03078465,0.008118773
416,0,0,0.004117786884307861,0.9627659,0.03182979,0.0054044873
416,0,0,0.0023086220026016235,0.9596406,0.03401013,0.0063493764
416,0,0,0.004701465368270874,0.90710485,0.07881858,0.014076509
416,0,0,0.024011552333831787,0.7510697,0.22044563,0.028484657
416,0,0,0.0211942195892334,0.68325746,0.29653051,0.020212045
416,0,0,0.011298596858978271,0.8003546,0.18538803,0.014257386
416,0,0,0.0072793662548065186,0.9335768,0.05856036,0.007862848
416,0,0,0.005090966820716858,0.96375394,0.02930183,0.0069443416
416,0,0,0.0016132891178131104,0.97205293,0.02198678,0.0059602293
416,0,0,0.0038670748472213745,0.9719364,0.021241983,0.0068215798
416,0,0,0.003369435667991638,0.9649189,0.029535195,0.0055460925
416,0,0,0.0026382654905319214,0.96432054,0.030075977,0.0056035775
416,0,0,0.016711294651031494,0.7339204,0.25088736,0.015192339
416,0,1,0.018119513988494873,0.30442643,0.655473,0.040100668
416,0,0,0.006606727838516235,0.9105158,0.0807845,0.00869989
416,0,0,0.003499850630760193,0.96542346,0.028645227,0.0059314435
416,0,0,0.0012622177600860596,0.9772439,0.017911153,0.004845036
416,0,0,0.0015611201524734497,0.9757175,0.018871503,0.0054110885
416,0,0,0.0025195181369781494,0.9692925,0.02443656,0.0062710247
416,0,0,0.0057457685470581055,0.9358387,0.05695436,0.007207082
416,0,1,0.02587372064590454,0.42789954,0.5565771,0.01552343
416,0,1,0.013933777809143066,0.250113,0.724072,0.025815
416,0,0,0.006395310163497925,0.92133945,0.070442595,0.008218029
416,0,0,0.02031111717224121,0.8221585,0.16513577,0.0127058765
416,0,1,0.015427887439727783,0.3243787,0.6631423,0.012479078
416,0,0,0.034693121910095215,0.44078943,0.43681666,0.122394
21,0,1,0.014934897422790527,0.41745093,0.5361537,0.046395477
21,0,0,0.015146493911743164,0.5418081,0.42606446,0.032127563
21,0,0,0.017705082893371582,0.58527905,0.38567296,0.029047975
21,0,0,0.009166121482849121,0.8361778,0.13458951,0.02923291
21,0,0,0.015280961990356445,0.7589315,0.2095176,0.031550925
21,0,0,0.009118199348449707,0.8888889,0.09273641,0.018374799
21,0,0,0.004265099763870239,0.9622063,0.02326838,0.014525422
21,0,0,0.004050195217132568,0.9581146,0.019455377,0.02243012
21,0,0,0.0016112178564071655,0.97477293,0.012137551,0.013089504
116,0,1,0.024083375930786133,0.42647555,0.5531233,0.020401243
116,0,0,0.011816740036010742,0.72944945,0.2530187,0.017531892
116,0,0,0.01870894432067871,0.7387486,0.23787743,0.023374112
116,0,0,0.009262651205062866,0.91814345,0.07038387,0.011472777
116,0,0,0.016998291015625,0.6864214,0.29650056,0.017078077
116,0,0,0.030170023441314697,0.76104593,0.20961414,0.029339936
116,0,0,0.010602056980133057,0.87091047,0.107081816,0.02200789
116,0,0,0.006197601556777954,0.9432587,0.045272153,0.01146919
116,0,0,0.004001826047897339,0.9622544,0.02912578,0.008619959
116,0,0,0.004596218466758728,0.9474142,0.042554963,0.010030994
116,0,0,0.005262091755867004,0.9466919,0.03729102,0.016017158
116,0,0,0.007713243365287781,0.95603997,0.030845517,0.013114537
116,0,0,0.0016797631978988647,0.9719634,0.01841178,0.009624856
116,0,0,0.0024161040782928467,0.9699616,0.019944558,0.010093937
116,0,0,0.0033315420150756836,0.9552869,0.03492722,0.009785935
116,0,0,0.006112009286880493,0.95194715,0.03314877,0.014904063
116,0,0,0.0021816790103912354,0.97171503,0.017385583,0.010899496
116,0,0,0.005217373371124268,0.9664059,0.021318931,0.012275332
116,0,0,0.002032831311225891,0.96376705,0.025828619,0.0104044145
116,0,0,0.003852546215057373,0.9246959,0.06515837,0.010145922
116,0,0,0.00484880805015564,0.95609754,0.032575555,0.011327108
116,0,0,0.0027268677949905396,0.9706297,0.021989254,0.007381181
116,0,0,0.004463717341423035,0.9575891,0.0345561,0.007854961
116,0,0,0.00950700044631958,0.94500685,0.04591222,0.009081099
116,0,0,0.0044706761837005615,0.9489193,0.041929655,0.00915115
116,0,0,0.005747959017753601,0.9540188,0.036108747,0.00987246
116,0,0,0.002730265259742737,0.96512204,0.025471512,0.009406592
116,0,0,0.004260048270225525,0.9597009,0.03357302,0.0067261853
116,0,0,0.0074127912521362305,0.94943357,0.043643508,0.006922963
116,0,0,0.0029059648513793945,0.95367616,0.041067988,0.005255913
116,0,0,0.008454620838165283,0.926278,0.0668913,0.0068307584
116,0,0,0.003307819366455078,0.9645773,0.026134841,0.009287856
116,0,0,0.004654929041862488,0.9618446,0.029414795,0.008740716
116,0,0,0.0021084100008010864,0.9708728,0.021264264,0.007863044
116,0,0,0.003358006477355957,0.9630339,0.028814236,0.008151948
116,0,0,0.0034462064504623413,0.9511769,0.040439148,0.008384019
116,0,0,0.007068663835525513,0.938492,0.054050233,0.007457868
116,0,0,0.006993502378463745,0.9163375,0.06597179,0.017690761
116,0,0,0.006994456052780151,0.94082636,0.04493052,0.014243273
116,0,0,0.0038321763277053833,0.95819,0.0335801,0.008229843
116,0,0,0.0038112401962280273,0.9637862,0.027432943,0.008780924
116,0,0,0.0027811676263809204,0.9643063,0.026198795,0.009494958
116,0,0,0.004472583532333374,0.9509404,0.03821087,0.01084877
116,0,0,0.006774485111236572,0.9342421,0.05412514,0.011632829
116,0,0,0.02577468752861023,0.8570272,0.13402267,0.008950283
116,0,0,0.026685327291488647,0.85454667,0.12285771,0.022595694
116,0,0,0.00595344603061676,0.9430082,0.04754731,0.00944461
116,0,0,0.0040012747049331665,0.9612159,0.031462107,0.007322057
116,0,0,0.0034928470849990845,0.96460336,0.02603045,0.009366278
116,0,0,0.002186506986618042,0.97068596,0.021090679,0.008223402
116,0,0,0.005192086100578308,0.95553404,0.034278434,0.010187676
116,0,0,0.005818575620651245,0.9344201,0.0552163,0.0103636095
116,0,0,0.007013827562332153,0.88097113,0.10892182,0.010107099
116,0,0,0.01784074306488037,0.84231675,0.14610806,0.01157526
116,0,0,0.013645201921463013,0.8676935,0.120744735,0.011561883
116,0,0,0.008816033601760864,0.92287815,0.06686523,0.010256701
116,0,0,0.006412237882614136,0.9608331,0.030587057,0.008579902
116,0,0,0.005624786019325256,0.9657764,0.025614021,0.008609681
116,0,0,0.004212737083435059,0.9657203,0.026665337,0.007614392
116,0,0,0.004537999629974365,0.9441751,0.049473584,0.006351442
116,0,0,0.010832041501998901,0.8752667,0.114583254,0.010150175
116,0,0,0.008067518472671509,0.8580185,0.13408062,0.007900939
116,0,0,0.007947862148284912,0.9094516,0.083667584,0.0068809297
116,0,0,0.00496143102645874,0.8869879,0.10350101,0.009511194
116,0,0,0.0084608793258667,0.8508792,0.13840355,0.010717354
116,0,0,0.007780492305755615,0.91243404,0.07518842,0.012377615
116,0,0,0.0029845088720321655,0.9584318,0.03131412,0.010254159
116,0,0,0.0021797269582748413,0.97461057,0.018597921,0.0067915414
116,0,0,0.003097236156463623,0.96400595,0.030073553,0.005920624
116,0,0,0.004385858774185181,0.9449075,0.048700772,0.0063918196
116,0,0,0.008875936269760132,0.88992184,0.102762,0.007316177
116,0,0,0.03137308359146118,0.6162795,0.33577165,0.04794886
116,0,0,0.006512999534606934,0.8775265,0.11459219,0.00788134
116,0,0,0.005196183919906616,0.91812253,0.07415732,0.007720193
116,0,0,0.005961239337921143,0.8883736,0.10215382,0.0094726
116,0,0,0.01390761137008667,0.8677888,0.12193344,0.010277891
116,0,0,0.013541877269744873,0.8912432,0.09580989,0.01294696
402,0,0,0.00240364670753479,0.96442246,0.031734593,0.003843075
402,0,0,0.00202728807926178,0.9594077,0.03616557,0.0044269226
402,0,0,0.004286274313926697,0.9494164,0.044435535,0.006148131
402,0,0,0.003246113657951355,0.9603676,0.033818036,0.005814423
402,0,0,0.001034960150718689,0.9832838,0.010958014,0.005758308
402,0,0,0.0014066174626350403,0.98183274,0.011835157,0.006332215
402,0,0,0.0016714110970497131,0.9795033,0.01379565,0.0067011057
402,0,0,0.0011809542775154114,0.98275036,0.007446653,0.009802959
402,0,0,0.002629779279232025,0.9845762,0.007565552,0.0078582615
402,0,0,0.0015994757413864136,0.9830377,0.008706705,0.0082556745
402,0,0,0.0017629489302635193,0.9811674,0.0131459925,0.005686634
402,0,0,0.0017795935273170471,0.98024213,0.010140132,0.009617823
402,0,0,0.00168551504611969,0.9828832,0.009441485,0.007675419
402,0,0,0.0016518086194992065,0.982861,0.00990843,0.0072306893
402,0,0,0.0011927634477615356,0.98195577,0.011136922,0.006907324
402,0,0,0.0016339793801307678,0.9766826,0.015256127,0.008061395
415,0,0,0.00407002866268158,0.954588,0.03801838,0.007393697
415,0,0,0.005524426698684692,0.9303288,0.06344385,0.0062274146
415,0,0,0.00952988862991333,0.9075942,0.085114166,0.0072915955
415,0,0,0.008230984210968018,0.8763781,0.11600139,0.007620636
415,0,0,0.007832765579223633,0.92229134,0.068671346,0.009037353
415,0,0,0.005668371915817261,0.9199682,0.07065383,0.009378067
415,0,0,0.008909046649932861,0.9170268,0.07367269,0.009300544
415,0,0,0.005410373210906982,0.9121986,0.078893654,0.00890777
415,0,0,0.005856961011886597,0.94398165,0.048043095,0.007975348
415,0,0,0.004478633403778076,0.9607883,0.031978514,0.007233279
415,0,0,0.004107475280761719,0.94966227,0.043790847,0.0065469677
415,0,0,0.00533902645111084,0.929958,0.062585816,0.0074562966
415,0,0,0.006202995777130127,0.90794927,0.08410292,0.007947962
415,0,0,0.006494075059890747,0.921267,0.07196229,0.0067707594
415,0,0,0.006530672311782837,0.92790973,0.06326474,0.008825621
415,0,0,0.0046509504318237305,0.9331663,0.058889836,0.007943976
415,0,0,0.00870060920715332,0.9394423,0.053551838,0.007006032
415,0,0,0.0037103742361068726,0.9483865,0.043762635,0.007851006
415,0,0,0.0035673975944519043,0.9431249,0.049450446,0.0074247834
415,0,0,0.002821013331413269,0.945574,0.047185767,0.007240356
415,0,0,0.004733085632324219,0.9597743,0.034544412,0.00568133
415,0,0,0.0037450790405273438,0.97000945,0.02405072,0.005939875
415,0,0,0.0036071985960006714,0.9670411,0.027845433,0.005113661
415,0,0,0.0041951388120651245,0.9565882,0.03799003,0.0054218895
415,0,0,0.005095183849334717,0.926071,0.06724444,0.006684705
415,0,0,0.004547059535980225,0.933759,0.059376977,0.0068641743
415,0,0,0.010745018720626831,0.89293665,0.09593048,0.011132982
415,0,0,0.005117863416671753,0.91244256,0.077160016,0.010397497
415,0,0,0.005630761384963989,0.935409,0.056007154,0.008583896
415,0,0,0.0038196146488189697,0.94680554,0.046254765,0.006939747
415,0,0,0.007016807794570923,0.9622121,0.030977372,0.0068105618
415,0,0,0.004885077476501465,0.944358,0.04929562,0.006346443
415,0,0,0.002446189522743225,0.9574794,0.036899026,0.0056215944
415,0,0,0.003674626350402832,0.9544985,0.03990099,0.0056005195
415,0,0,0.0023892223834991455,0.97437525,0.019639049,0.005985734
415,0,0,0.0023580044507980347,0.97177815,0.022632914,0.0055889674
415,0,0,0.002788558602333069,0.96154064,0.032899037,0.0055603655
415,0,0,0.004319176077842712,0.95075214,0.04248189,0.0067660734
415,0,0,0.006915569305419922,0.9329344,0.060413003,0.006652611
415,0,0,0.007869243621826172,0.81468135,0.17345108,0.011867612
415,0,0,0.00653761625289917,0.88792413,0.1003158,0.011760107
415,0,0,0.013206779956817627,0.88388294,0.10332635,0.01279075
415,0,0,0.004922837018966675,0.9279394,0.063098855,0.008961788
415,0,0,0.0023862719535827637,0.963751,0.030785818,0.005463346
415,0,0,0.0017956942319869995,0.97274894,0.021305248,0.005945903
415,0,0,0.0030058175325393677,0.96541137,0.0288745,0.0057142754
415,0,0,0.004444032907485962,0.96402025,0.030510603,0.0054692156
415,0,0,0.003326594829559326,0.9669918,0.028809298,0.0041989535
415,0,0,0.002025038003921509,0.9765979,0.017870843,0.005531411
415,0,0,0.0026985108852386475,0.97417635,0.020308841,0.0055148033
415,0,0,0.0033566057682037354,0.96878296,0.025015205,0.0062019564
415,0,0,0.0028403103351593018,0.96074945,0.034204528,0.0050461525
415,0,0,0.006459057331085205,0.9333786,0.060342204,0.0062792026
415,0,0,0.02001667022705078,0.6310729,0.35393235,0.014994772
415,0,0,0.00905635952949524,0.834754,0.15470277,0.010543436
415,0,0,0.010049045085906982,0.8353471,0.14823434,0.016418729
415,0,0,0.0090104341506958,0.8934614,0.09413185,0.012406888
415,0,0,0.003639504313468933,0.94154495,0.050713528,0.0077416846
415,0,0,0.0025628656148910522,0.95716393,0.037054587,0.0057815453
415,0,0,0.0028832554817199707,0.9628838,0.03061635,0.006499963
415,0,0,0.004562988877296448,0.961885,0.032290637,0.0058244597
415,0,0,0.0016729533672332764,0.9748004,0.020035028,0.005164626
415,0,0,0.00206814706325531,0.97693855,0.017469514,0.0055919825
415,0,0,0.001684717833995819,0.9812966,0.012961624,0.005741838
415,0,0,0.0019290521740913391,0.98003054,0.014283578,0.005685932
415,0,0,0.0032324418425559998,0.9758274,0.01902822,0.0051443907
415,0,0,0.0036419332027435303,0.95995927,0.035047457,0.0049932976
415,0,0,0.005300968885421753,0.933095,0.062518746,0.004386316
415,0,0,0.0073784589767456055,0.87927866,0.11312289,0.007598487
415,0,0,0.014084011316299438,0.8585751,0.12966917,0.011755806
415,0,0,0.008663535118103027,0.88208073,0.10627616,0.011643122
415,0,0,0.006679505109786987,0.9292785,0.061307464,0.009414103
415,0,0,0.0030923932790756226,0.94694465,0.044906843,0.008148513
415,0,0,0.006044104695320129,0.94198734,0.049653284,0.008359552
415,0,0,0.004219189286231995,0.96113217,0.03222231,0.0066455854
415,0,0,0.002303294837474823,0.97748244,0.016689394,0.005828213
415,0,0,0.0017008334398269653,0.9809706,0.0131395245,0.0058899256
415,0,0,0.0016411840915679932,0.98373026,0.010430703,0.005839031
415,0,0,0.0015167668461799622,0.9814068,0.01249273,0.006100548
415,0,0,0.0020411163568496704,0.97613996,0.017634744,0.00622539
415,0,0,0.004897758364677429,0.9576983,0.037482586,0.0048192386
415,0,0,0.005845874547958374,0.9189428,0.07726049,0.003796808
415,0,0,0.010273188352584839,0.8793102,0.11288629,0.007803594
415,0,0,0.008068829774856567,0.86791664,0.122184865,0.00989856
415,0,0,0.008761793375015259,0.8901566,0.10048322,0.009360245
415,0,0,0.011077702045440674,0.89679956,0.0940464,0.009154099
415,0,0,0.012447863817214966,0.88736004,0.10146256,0.011177493
415,0,0,0.005888164043426514,0.9139244,0.07665979,0.009415956
415,0,0,0.0037003904581069946,0.94209653,0.049696654,0.00820691
415,0,0,0.0033268481492996216,0.9693873,0.023963073,0.0066497726
415,0,0,0.001280263066291809,0.982534,0.012091925,0.0053741066
415,0,0,0.0011973902583122253,0.9847701,0.009487015,0.005742914
415,0,0,0.0016691237688064575,0.98359007,0.009809678,0.0066003613
415,0,0,0.0014212056994438171,0.98100007,0.013671534,0.00532847
415,0,0,0.006937071681022644,0.95200396,0.04397477,0.0040212846
415,0,0,0.009580433368682861,0.8959416,0.0990276,0.0050308863
415,0,0,0.02257174253463745,0.4992605,0.49549273,0.005246833
415,0,0,0.01609593629837036,0.7894514,0.19933693,0.011211736
415,0,0,0.011287093162536621,0.85551155,0.13385266,0.010635912
415,0,0,0.012842297554016113,0.8866108,0.10544326,0.007945975
415,0,0,0.01919454336166382,0.871051,0.12240212,0.006546927
415,0,0,0.03774619102478027,0.812404,0.17741168,0.010184481
415,0,0,0.006429940462112427,0.8544032,0.13437615,0.011220668
415,0,0,0.0109061598777771,0.92116684,0.071474634,0.0073586516
415,0,0,0.003026112914085388,0.9537174,0.039958697,0.0063239653
415,0,0,0.010608166456222534,0.8568389,0.124392174,0.01876902
415,0,0,0.013321250677108765,0.8364354,0.15102415,0.012540585
115,0,0,0.006795614957809448,0.867257,0.11959199,0.013151039
115,0,0,0.009811073541641235,0.8807109,0.10527328,0.014015941
115,0,0,0.0044744908809661865,0.9329752,0.05262216,0.014402849
115,0,0,0.008538931608200073,0.89116514,0.09395519,0.014879691
115,0,0,0.011915802955627441,0.82034343,0.16901912,0.010637515
115,0,0,0.017068326473236084,0.83241594,0.15345378,0.014130349
115,0,0,0.008700847625732422,0.9248176,0.06344376,0.011738666
115,0,0,0.009768366813659668,0.9153367,0.07707099,0.0075923563
115,0,0,0.010335713624954224,0.9125274,0.08091195,0.0065607307
115,0,0,0.016049981117248535,0.87445796,0.1153701,0.0101720365
115,0,0,0.01104918122291565,0.8873141,0.09954464,0.013141279
115,0,0,0.010126501321792603,0.9089222,0.07566797,0.015410009
115,0,0,0.005162984132766724,0.9382384,0.049623046,0.012138783
115,0,0,0.005397826433181763,0.9260745,0.061663672,0.012261946
115,0,0,0.009689748287200928,0.853559,0.13417862,0.0122624375
115,0,0,0.007614761590957642,0.86999094,0.119865775,0.010143377
115,0,0,0.005932539701461792,0.9187803,0.07081838,0.010401324
115,0,0,0.01130017638206482,0.8929205,0.10098833,0.00609131
115,0,0,0.0074377357959747314,0.9126633,0.07948223,0.007854597
115,0,0,0.010321170091629028,0.93181854,0.059066758,0.009114837
115,0,0,0.0050934553146362305,0.9464095,0.041313376,0.012277145
115,0,0,0.004101738333702087,0.9540367,0.036987327,0.008976098
115,0,0,0.0036300569772720337,0.9486584,0.04320242,0.008139302
115,0,0,0.009395241737365723,0.8855033,0.10510489,0.0093918415
115,0,0,0.009231984615325928,0.90778244,0.08243936,0.009778332
115,0,0,0.003895804286003113,0.94960785,0.042836983,0.007555234
115,0,0,0.0173795223236084,0.86329657,0.12596817,0.010735439
115,0,0,0.010436594486236572,0.9093413,0.08119949,0.009459317
115,0,0,0.003316029906272888,0.95786345,0.034005336,0.008131275
115,0,0,0.0036714375019073486,0.9589697,0.033225495,0.0078048743
115,0,0,0.0033722668886184692,0.9696415,0.024351345,0.006007119
115,0,0,0.003272339701652527,0.9547581,0.03964238,0.00559955
115,0,0,0.009201675653457642,0.9105611,0.08097731,0.008461743
115,0,0,0.008900851011276245,0.91168225,0.07643744,0.01188047
115,0,0,0.010337486863136292,0.939363,0.048624747,0.012012268
115,0,0,0.020060420036315918,0.6991659,0.2726437,0.02819047
115,0,0,0.014338970184326172,0.86655957,0.12204866,0.011391951
115,0,0,0.005341768264770508,0.9474512,0.04364568,0.008903175
115,0,0,0.004017502069473267,0.96004623,0.032921705,0.0070320643
115,0,0,0.0035510212182998657,0.9583945,0.03552364,0.006081846
115,0,0,0.0032561570405960083,0.9597504,0.034732886,0.0055168183
115,0,0,0.003430992364883423,0.9429788,0.04953934,0.0074820006
115,0,0,0.008458942174911499,0.897854,0.090350784,0.011795388
115,0,0,0.01866137981414795,0.8423812,0.115691,0.041927885
115,0,1,0.028528034687042236,0.48813322,0.49122503,0.020641824
115,0,0,0.015298724174499512,0.7619362,0.21759357,0.020470306
115,0,0,0.007246524095535278,0.9392226,0.052872796,0.007904704
115,0,0,0.004156902432441711,0.9518662,0.04122956,0.0069043334
115,0,0,0.0037377625703811646,0.9543563,0.039443355,0.0062003746
115,0,0,0.0032467544078826904,0.9654785,0.029502885,0.005018727
115,0,0,0.007757246494293213,0.92415583,0.06740505,0.008439158
115,0,0,0.011879712343215942,0.852803,0.1311912,0.016005866
115,0,1,0.023140430450439453,0.36605895,0.61059135,0.023349829
115,0,0,0.02251964807510376,0.69652677,0.28038523,0.023088058
115,0,0,0.007580578327178955,0.91714746,0.07341986,0.009432795
115,0,0,0.005154997110366821,0.95120114,0.040579583,0.008219275
115,0,0,0.00504322350025177,0.94904953,0.04557052,0.005379968
115,0,0,0.005522146821022034,0.95634633,0.03810877,0.0055449503
115,0,0,0.009309113025665283,0.9266355,0.06547628,0.007888303
115,0,0,0.00545230507850647,0.90287554,0.085009195,0.012115271
115,0,0,0.0186234712600708,0.5360495,0.4278828,0.03606781
115,0,0,0.01566445827484131,0.783665,0.20003681,0.016298238
115,0,0,0.0053567588329315186,0.93513507,0.056666784,0.008198231
115,0,0,0.005121931433677673,0.95131683,0.039504614,0.009178654
115,0,0,0.003365129232406616,0.9639724,0.029808786,0.0062188474
115,0,0,0.005172595381736755,0.94605863,0.04760482,0.006336613
115,0,0,0.011387914419174194,0.9184641,0.07255399,0.008981959
115,0,0,0.008005619049072266,0.9149085,0.07686902,0.008222517
115,0,0,0.0022719651460647583,0.97223866,0.021268908,0.0064924634
115,0,0,0.0021670907735824585,0.9727827,0.019742182,0.0074751354
115,0,0,0.00582537055015564,0.9514905,0.03624813,0.012261425
115,0,0,0.009609133005142212,0.8983101,0.090453506,0.011236474
115,0,0,0.006293773651123047,0.92965853,0.053923592,0.016417883
115,0,0,0.00821918249130249,0.94788647,0.045439992,0.006673676
115,0,0,0.0018378868699073792,0.9764869,0.01696575,0.0065474454
115,0,0,0.0036890804767608643,0.9713114,0.021501398,0.0071872626
115,0,0,0.005360439419746399,0.9514371,0.036759194,0.011803843
115,0,0,0.016845911741256714,0.8199162,0.16762084,0.012463129
115,0,0,0.0020782649517059326,0.96808463,0.027413571,0.0045018713
115,0,0,0.004045888781547546,0.9652329,0.027953956,0.0068132184
115,0,0,0.00640559196472168,0.95134443,0.037900727,0.010754812
115,0,0,0.010133683681488037,0.8994182,0.079382464,0.021199415
115,0,0,0.005993589758872986,0.93909454,0.053885587,0.00701993
115,0,0,0.013568699359893799,0.81540745,0.17403018,0.0105624115
115,0,0,0.016610801219940186,0.77902603,0.20689446,0.01407967
115,0,0,0.012259721755981445,0.88645697,0.102843896,0.010699171
115,0,0,0.013564050197601318,0.8160024,0.16988195,0.014115682
115,0,0,0.023951172828674316,0.671455,0.31887016,0.0096749235
115,0,0,0.025914669036865234,0.69971836,0.29367808,0.0066036577
154,0,0,0.009614944458007812,0.8508139,0.14255372,0.0066324603
154,0,0,0.012130767107009888,0.8899288,0.10185306,0.008218232
154,0,0,0.020585715770721436,0.75567913,0.24013242,0.004188545
154,0,0,0.008138865232467651,0.822192,0.17244351,0.005364603
154,0,0,0.011669367551803589,0.8766376,0.115907505,0.007454995
154,0,0,0.006235390901565552,0.90939397,0.083226666,0.0073794886
154,0,0,0.017008274793624878,0.80828667,0.18669191,0.0050214916
154,0,0,0.013153314590454102,0.8544261,0.13904746,0.006526611
154,0,0,0.014750301837921143,0.8683027,0.12337313,0.008324282
154,0,0,0.016562461853027344,0.8675455,0.12135354,0.011101044
154,0,0,0.004538595676422119,0.95042676,0.041249916,0.008323377
154,0,0,0.005384981632232666,0.9399369,0.052425414,0.007637825
154,0,0,0.014309823513031006,0.9160549,0.074874006,0.009071115
154,0,0,0.01947540044784546,0.8637755,0.12232402,0.013900584
154,0,0,0.004991158843040466,0.958848,0.023873892,0.017278325
154,0,0,0.002905413508415222,0.961246,0.025540581,0.013213376
154,0,0,0.004709690809249878,0.95504713,0.031041695,0.013911285
154,0,0,0.008962035179138184,0.9356742,0.048802815,0.015523112
154,0,0,0.003186836838722229,0.96053255,0.028522974,0.010944526
154,0,0,0.0033721327781677246,0.96275955,0.02249011,0.014750373
154,0,0,0.00613829493522644,0.95609415,0.027123466,0.01678251
154,0,0,0.003976732492446899,0.9528256,0.032610804,0.014563698
392,0,0,0.01957803964614868,0.76425165,0.21854275,0.017205745
392,0,0,0.006267905235290527,0.9382601,0.048788223,0.012951833
392,0,0,0.005578711628913879,0.9438701,0.050259545,0.005870419
392,0,0,0.004209637641906738,0.9541982,0.040975552,0.00482631
392,0,0,0.0035339146852493286,0.9435342,0.05132471,0.005141149
392,0,0,0.00665321946144104,0.92759776,0.06751413,0.004888243
392,0,0,0.006531715393066406,0.91565865,0.079642616,0.004698689
392,0,0,0.008219629526138306,0.91101044,0.0833088,0.005680791
392,0,0,0.019362181425094604,0.8139977,0.17702685,0.008975554
392,0,0,0.006988495588302612,0.90979487,0.08240288,0.007802452
103,0,0,0.002068072557449341,0.9697004,0.020533215,0.009766445
103,0,0,0.0012030676007270813,0.9808235,0.011923028,0.0072534946
103,0,0,0.002807408571243286,0.9723452,0.01519139,0.012463491
103,0,0,0.001062832772731781,0.97815984,0.013555578,0.008284561
103,0,0,0.0018725991249084473,0.980918,0.010956168,0.008125935
103,0,0,0.0012177824974060059,0.98158187,0.009879755,0.008538395
103,0,0,0.001908428966999054,0.9836094,0.009215489,0.0071751066
103,0,0,0.0019604265689849854,0.9841626,0.008253089,0.007584294
103,0,0,0.001646876335144043,0.9868354,0.0070729777,0.0060917228
103,0,0,0.0019112154841423035,0.98085326,0.012565563,0.006581288
103,0,0,0.001162596046924591,0.9858397,0.00946637,0.004693991
103,0,0,0.0020027607679367065,0.97981834,0.013756729,0.006425033
103,0,0,0.002261154353618622,0.97987974,0.015578176,0.0045421845
103,0,0,0.0024190619587898254,0.97725546,0.017922277,0.004822349
103,0,0,0.0019204020500183105,0.97940934,0.015904164,0.004686532
103,0,0,0.0024048909544944763,0.97871685,0.015490459,0.0057928176
103,0,0,0.00316031277179718,0.97100365,0.023572545,0.0054238625
103,0,0,0.0031906962394714355,0.96915346,0.026117561,0.0047290423
103,0,0,0.004537224769592285,0.9658023,0.029671993,0.0045257863
103,0,0,0.005163908004760742,0.9701495,0.02484573,0.005004789
103,0,0,0.0030678212642669678,0.97324955,0.01979511,0.00695541
103,0,0,0.00792732834815979,0.95512664,0.038077626,0.006795892
103,0,0,0.008411526679992676,0.91469747,0.081410445,0.0038921768
103,0,0,0.007650256156921387,0.91944736,0.07604347,0.0045092595
414,0,0,0.006658822298049927,0.9184828,0.07314213,0.008375124
414,0,0,0.009381353855133057,0.89756334,0.09469371,0.0077430652
414,0,0,0.015788167715072632,0.8420145,0.14597248,0.012013196
414,0,0,0.01601305603981018,0.85887253,0.13243294,0.008694669
414,0,0,0.006997168064117432,0.9252674,0.06860763,0.0061250874
414,0,0,0.004256293177604675,0.9599859,0.034601443,0.005412776
414,0,0,0.0028921663761138916,0.9568625,0.037315108,0.0058224658
414,0,0,0.005935057997703552,0.94317883,0.04997559,0.006845611
414,0,0,0.0037861019372940063,0.94905794,0.04223316,0.008708914
414,0,0,0.008435964584350586,0.92997086,0.053752948,0.01627629
414,0,0,0.03405940532684326,0.8091405,0.1800861,0.010773459
414,0,0,0.007671922445297241,0.92467296,0.06917504,0.0061521344
414,0,0,0.002373799681663513,0.96099657,0.03387719,0.005126358
414,0,0,0.0034619271755218506,0.94762695,0.04681902,0.005554048
414,0,0,0.005545318126678467,0.9336222,0.059697565,0.006680337
414,0,0,0.0071336328983306885,0.92381036,0.06783677,0.008352903
414,0,0,0.0039037466049194336,0.9297964,0.05703489,0.013168735
414,0,0,0.011569738388061523,0.84463966,0.14599282,0.009367667
414,0,0,0.004954040050506592,0.9058453,0.08857494,0.0055798125
414,0,0,0.0042571574449539185,0.9564307,0.038783092,0.004786284
414,0,0,0.0050383806228637695,0.95525944,0.038154744,0.006585862
414,0,0,0.00869607925415039,0.91091967,0.07986846,0.009212084
414,0,0,0.009143292903900146,0.9042489,0.08792441,0.007826781
414,0,0,0.01203945279121399,0.87516725,0.11553719,0.009295724
414,0,0,0.010214895009994507,0.8989949,0.09263993,0.008365243
414,0,0,0.0041640400886535645,0.9513665,0.042422045,0.0062115183
414,0,0,0.0039414167404174805,0.956289,0.037342627,0.0063685765
414,0,0,0.009067684412002563,0.91376173,0.07608333,0.010155011
414,0,0,0.025644779205322266,0.791441,0.19783357,0.010725517
414,0,0,0.006794363260269165,0.89931285,0.09245379,0.008233487
414,0,0,0.013646602630615234,0.91879,0.07391283,0.0072973
414,0,0,0.0031051933765411377,0.9519762,0.040568575,0.0074552544
414,0,0,0.004856079816818237,0.96011025,0.032857776,0.0070320047
414,0,0,0.008666068315505981,0.92718226,0.0616171,0.01120067
414,0,0,0.011643052101135254,0.85206753,0.13321303,0.014719522
414,0,0,0.006048873066902161,0.9433621,0.04904962,0.0075884177
414,0,0,0.003266066312789917,0.9587004,0.03460246,0.006697234
414,0,0,0.0039014071226119995,0.96049386,0.032087564,0.0074186507
414,0,0,0.00282248854637146,0.96447474,0.028790077,0.0067352713
414,0,0,0.005077660083770752,0.9458893,0.04789446,0.0062163393
414,0,0,0.004122674465179443,0.9527601,0.04182401,0.005415931
414,0,0,0.0039687007665634155,0.9637971,0.029813087,0.006389881
414,0,0,0.002567693591117859,0.9617997,0.029821405,0.008379047
414,0,0,0.0038878321647644043,0.9183626,0.074364804,0.007272688
414,0,0,0.0032096505165100098,0.93481857,0.059684988,0.0054965317
414,0,0,0.003520295023918152,0.9478406,0.04558308,0.006576501
414,0,0,0.010619044303894043,0.87392646,0.11760889,0.008464669
414,0,0,0.007050246000289917,0.88595444,0.10748219,0.006563406
414,0,0,0.005339622497558594,0.8927176,0.09952792,0.0077546085
414,0,0,0.012030601501464844,0.77652997,0.21132377,0.012146344
414,0,0,0.016439855098724365,0.79187137,0.19353396,0.014594795
414,0,0,0.016156256198883057,0.5495179,0.43424547,0.016236657
414,0,1,0.01712954044342041,0.292478,0.7019097,0.0056123035
414,0,1,0.0062754154205322266,0.18254,0.8118618,0.0055982843
406,0,2,0.017158865928649902,0.1990672,0.029455513,0.7714773
406,0,2,0.03840041160583496,0.46240252,0.04690928,0.49068826
406,0,2,0.02331143617630005,0.3023436,0.014295113,0.6833613
406,0,0,0.03155827522277832,0.667623,0.024787132,0.30758992
406,0,0,0.023753464221954346,0.6534108,0.038601924,0.3079874
406,0,2,0.02890723943710327,0.4345008,0.021903621,0.5435957
406,0,0,0.013978302478790283,0.67799807,0.019056125,0.30294585
406,0,0,0.00948302447795868,0.94078934,0.015590505,0.043620195
406,0,0,0.0021436065435409546,0.9704789,0.013886742,0.015634464
406,0,0,0.005773648619651794,0.9576651,0.02028495,0.022050017
406,0,0,0.004613429307937622,0.948135,0.014221862,0.03764319
406,0,0,0.002495884895324707,0.9699825,0.014803988,0.015213564
406,0,0,0.0031319111585617065,0.9734178,0.015069362,0.011512762
406,0,0,0.004813835024833679,0.97174,0.020330414,0.007929718
406,0,0,0.020269334316253662,0.5715472,0.01688601,0.41156682
406,0,0,0.003237619996070862,0.96852267,0.009680065,0.02179734
406,0,0,0.0019488632678985596,0.97641414,0.013159571,0.010426342
406,0,0,0.004261672496795654,0.9742691,0.016300991,0.009429993
406,0,0,0.0035781413316726685,0.9675582,0.02546853,0.006973286
406,0,2,0.007913172245025635,0.06178085,0.029672623,0.9085467
406,0,0,0.04413712024688721,0.5096773,0.021120694,0.4692021
406,0,0,0.007814466953277588,0.93397194,0.006683644,0.059344437
406,0,0,0.0024476349353790283,0.9742475,0.00805792,0.017694615
406,0,0,0.0023926421999931335,0.9769032,0.01633134,0.0067655575
113,0,0,0.016393840312957764,0.5028426,0.4849174,0.012240015
113,0,0,0.013893067836761475,0.76913655,0.22322974,0.007633772
113,0,0,0.0073941051959991455,0.9054648,0.0873914,0.007143836
113,0,0,0.011219710111618042,0.9021119,0.08676612,0.011122211
113,0,0,0.010313302278518677,0.8718004,0.1035425,0.024657076
113,0,0,0.02609884738922119,0.5929588,0.39382434,0.013216955
113,0,0,0.01933997869491577,0.853294,0.13910076,0.007605273
113,0,0,0.008011788129806519,0.9168644,0.075450145,0.00768556
113,0,0,0.008582353591918945,0.8975786,0.09174433,0.010677159
113,0,0,0.013387024402618408,0.89135814,0.09603976,0.012602256
113,0,0,0.005668848752975464,0.92901,0.06130523,0.009684899
113,0,0,0.004455775022506714,0.93313986,0.058486518,0.008373692
113,0,0,0.01665380597114563,0.8544303,0.12988536,0.015684396
113,0,0,0.023229897022247314,0.73579365,0.24752639,0.016679991
113,0,0,0.006683558225631714,0.93101317,0.060538843,0.008448112
113,0,0,0.00793081521987915,0.91365075,0.07724382,0.009105568
113,0,0,0.005306124687194824,0.927193,0.063640215,0.009166837
113,0,0,0.006891995668411255,0.9214721,0.06911917,0.009408834
113,0,0,0.007981866598129272,0.9246551,0.06680491,0.00854002
113,0,0,0.010251075029373169,0.8925123,0.09768613,0.009801688
113,0,0,0.02302241325378418,0.8333976,0.15786031,0.008742157
113,0,0,0.024348676204681396,0.7120939,0.27900442,0.008901694
113,0,0,0.01794123649597168,0.6757922,0.31419456,0.010013303
113,0,0,0.021066009998321533,0.727964,0.2569394,0.015096777
113,0,0,0.011717677116394043,0.7713508,0.20722695,0.021422317
113,0,0,0.0034044981002807617,0.9568689,0.03460895,0.008522252
113,0,0,0.010063260793685913,0.91720474,0.07429732,0.008498021
113,0,0,0.006149470806121826,0.9193067,0.073110014,0.0075833397
113,0,0,0.014990270137786865,0.88112456,0.11048319,0.008392291
113,0,0,0.02984333038330078,0.7132003,0.2750243,0.011775505
113,0,0,0.043347835540771484,0.62477773,0.3643843,0.01083801
113,0,0,0.03573352098464966,0.60059005,0.38922232,0.010187686
113,0,0,0.03178250789642334,0.6423932,0.3470224,0.010584469
113,0,0,0.017689526081085205,0.67890567,0.30888933,0.0122050475
113,0,0,0.05317413806915283,0.60017526,0.3844363,0.015388537
113,0,0,0.012105047702789307,0.70244575,0.27371827,0.023836024
113,0,0,0.003136932849884033,0.96269387,0.029759582,0.0075466535
113,0,0,0.007237106561660767,0.9298104,0.062485382,0.007704295
113,0,0,0.011685788631439209,0.90987146,0.08396077,0.006167743
113,0,0,0.01076933741569519,0.874922,0.118470706,0.006607478
113,0,0,0.032658934593200684,0.7690926,0.22258285,0.008324671
113,0,0,0.017858803272247314,0.69672245,0.29065192,0.012625661
113,0,0,0.022190868854522705,0.71803564,0.27148,0.010484438
113,0,0,0.018012523651123047,0.7264064,0.2632548,0.010338896
113,0,0,0.0251389741897583,0.75121367,0.23980461,0.008981783
113,0,0,0.020858466625213623,0.65850806,0.3166679,0.024823984
113,0,0,0.024593591690063477,0.74075156,0.23257731,0.026671268
113,0,0,0.0041084736585617065,0.96018815,0.03222662,0.007585314
113,0,0,0.007019013166427612,0.92660576,0.066962466,0.0064318595
113,0,0,0.010127007961273193,0.91181415,0.08353641,0.0046495446
113,0,0,0.009977638721466064,0.8824742,0.11093442,0.0065914793
113,0,0,0.011244982481002808,0.87566924,0.116282746,0.008048029
113,0,0,0.009584546089172363,0.810027,0.17467295,0.015300101
113,0,0,0.018614888191223145,0.8209865,0.15960325,0.01941029
113,0,0,0.01486697793006897,0.8472881,0.13664715,0.016064819
113,0,0,0.017492592334747314,0.8851501,0.10509339,0.009756632
113,0,0,0.014972686767578125,0.8371569,0.14398113,0.018862028
113,0,0,0.020093917846679688,0.75034595,0.19625609,0.053398028
113,0,0,0.004416331648826599,0.9539437,0.04092304,0.005133249
113,0,0,0.0062970370054244995,0.94451123,0.049749356,0.0057395273
113,0,0,0.004161044955253601,0.9531616,0.03910569,0.0077327895
113,0,0,0.003023684024810791,0.96560895,0.025895314,0.008495822
113,0,0,0.0035503357648849487,0.9538483,0.032039236,0.014112498
113,0,0,0.0054145753383636475,0.9321826,0.052723087,0.015094424
113,0,0,0.008815467357635498,0.92726445,0.057751447,0.014984201
113,0,0,0.0042781829833984375,0.94090074,0.04691715,0.012182162
113,0,0,0.00496026873588562,0.9419731,0.042606495,0.015420572
113,0,0,0.0049444884061813354,0.9571036,0.03741714,0.00547937
113,0,0,0.006007209420204163,0.95183295,0.04117776,0.006989312
113,0,0,0.002730146050453186,0.9698609,0.022729374,0.007409749
113,0,0,0.0021125972270965576,0.9766942,0.014427539,0.0088783195
113,0,0,0.0023180991411209106,0.97598124,0.014522783,0.009495986
113,0,0,0.0023582428693771362,0.971209,0.018732747,0.010058343
113,0,0,0.0032945722341537476,0.9605238,0.027890075,0.011586239
113,0,0,0.0038487762212753296,0.9574997,0.02929402,0.013206421
113,0,0,0.0025639235973358154,0.96546686,0.02215811,0.012375053
113,0,0,0.005480840802192688,0.9445227,0.049614858,0.005862564
113,0,0,0.006630152463912964,0.9403044,0.05332763,0.006368154
113,0,0,0.0036268234252929688,0.9645153,0.028986404,0.006498361
113,0,0,0.002311989665031433,0.9760718,0.015734421,0.00819378
113,0,0,0.0016737878322601318,0.979238,0.01310991,0.007652323
113,0,0,0.0032843053340911865,0.9758932,0.013990934,0.010115936
113,0,0,0.0014359652996063232,0.97489566,0.016901243,0.008203142
113,0,0,0.0025127679109573364,0.9606011,0.0256885,0.0137104625
113,0,0,0.009548693895339966,0.9317493,0.04618522,0.022065504
113,0,0,0.0074876099824905396,0.9398776,0.05279491,0.0073276144
113,0,0,0.0030601471662521362,0.96830094,0.024829244,0.00686995
113,0,0,0.002824530005455017,0.9685343,0.025923176,0.0055427137
113,0,0,0.0031468868255615234,0.9704308,0.022069199,0.0075001535
113,0,0,0.002064257860183716,0.9657587,0.026117131,0.008124238
113,0,0,0.005688995122909546,0.94118845,0.03952247,0.019289134
113,0,0,0.017484009265899658,0.84783113,0.121215925,0.030953009
108,0,2,0.008960068225860596,0.0760092,0.023577739,0.90041316
108,0,0,0.02224820852279663,0.5021094,0.014563817,0.48332685
108,0,0,0.00575903058052063,0.9152641,0.008075248,0.07666079
108,0,2,0.03412836790084839,0.48583454,0.014083698,0.5000818
108,0,0,0.018066346645355225,0.86199343,0.008324937,0.12968165
108,0,0,0.007133007049560547,0.92029023,0.01534317,0.06436666
108,0,0,0.00878104567527771,0.8979574,0.018886363,0.08315631
108,0,0,0.012566179037094116,0.90794283,0.026410153,0.065647066
108,0,0,0.06895846128463745,0.5505549,0.02193778,0.42750737
108,0,0,0.031026124954223633,0.7992016,0.03586724,0.16493122
108,0,0,0.006537586450576782,0.93206507,0.02246036,0.045474607
108,0,0,0.01227685809135437,0.9045872,0.026510222,0.068902574
108,0,0,0.02680802345275879,0.6761214,0.050761092,0.27311748
108,0,0,0.007694840431213379,0.90755814,0.0743966,0.018045384
108,0,0,0.018114328384399414,0.9036026,0.022598697,0.073798865
108,0,0,0.010287970304489136,0.9181135,0.022709977,0.0591765
108,0,0,0.016926050186157227,0.91926706,0.01442994,0.06630305
108,0,0,0.02459239959716797,0.69548696,0.021363754,0.2831493
108,0,2,0.028927385807037354,0.3293371,0.03423776,0.6364252
108,0,0,0.0060697197914123535,0.93502533,0.045799132,0.019175662
108,0,0,0.014047473669052124,0.8767473,0.04185638,0.08139634
108,0,0,0.014211595058441162,0.5071674,0.0142716635,0.478561
108,0,2,0.020946979522705078,0.30386442,0.012717532,0.6834181
108,0,2,0.026473641395568848,0.43542194,0.016396174,0.548182
108,0,0,0.016228914260864258,0.7731697,0.013426423,0.21340388
108,0,0,0.0034218281507492065,0.9501633,0.031364582,0.018472137
108,0,0,0.02266085147857666,0.78612447,0.050883304,0.16299234
108,0,2,0.018208861351013184,0.36381802,0.028485935,0.60769606
108,0,2,0.006105154752731323,0.08414398,0.009848513,0.9060076
108,0,2,0.030050277709960938,0.42227566,0.011591704,0.5661328
108,0,0,0.01649641990661621,0.80378157,0.016330281,0.1798883
108,0,0,0.013826429843902588,0.90216964,0.021407893,0.07642261
108,0,2,0.0022777318954467773,0.011681309,0.015059297,0.9732594
108,0,2,0.002130851149559021,0.012828614,0.014962097,0.97220933
108,0,2,0.006629720330238342,0.036565762,0.014657479,0.94877684
108,0,0,0.00983893871307373,0.802032,0.014332169,0.18363595
108,0,0,0.015750527381896973,0.8735916,0.016218085,0.11019038
108,0,0,0.04765677452087402,0.78144455,0.0423808,0.17617461
108,0,2,0.010504543781280518,0.15602079,0.051044445,0.7929349
108,0,2,0.003425493836402893,0.029395426,0.022551816,0.9480528
108,0,2,0.0040543824434280396,0.0336085,0.021267768,0.94512385
108,0,0,0.01855623722076416,0.8046424,0.021848224,0.17350946
108,0,0,0.018154680728912354,0.8211038,0.013999944,0.16489628
108,0,0,0.010443329811096191,0.9392359,0.01414226,0.046621908
108,0,0,0.008030802011489868,0.91548544,0.05357611,0.030938467
108,0,2,0.0023599714040756226,0.0256189,0.02559384,0.9487873
108,0,2,0.00203879177570343,0.02568856,0.018092694,0.95621884
108,0,0,0.02704334259033203,0.7764705,0.024048904,0.19948076
108,0,0,0.009678959846496582,0.90179545,0.01332514,0.08487954
108,0,0,0.01772969961166382,0.8707008,0.013398846,0.115900405
108,0,2,0.0033110380172729492,0.038422275,0.030019717,0.931558
108,0,2,0.0021674036979675293,0.016086044,0.015188013,0.96872604
108,0,2,0.023872852325439453,0.38071066,0.020084022,0.5992054
108,0,0,0.0185965895652771,0.7761392,0.012337163,0.21152376
108,0,0,0.01577448844909668,0.87088346,0.011833379,0.11728317
108,0,0,0.028480708599090576,0.6480234,0.01736265,0.33461398
108,0,2,0.0028581321239471436,0.016424956,0.020899972,0.96267515
108,0,2,0.002243533730506897,0.017283171,0.015035769,0.96768117
108,0,2,0.012029290199279785,0.22419357,0.01313564,0.7626709
108,0,2,0.040447235107421875,0.44470817,0.01661215,0.5386798
114,0,0,0.00332854688167572,0.95564276,0.038589593,0.0057676784
114,0,0,0.001926422119140625,0.95754707,0.036179703,0.0062733726
114,0,0,0.005742758512496948,0.9290093,0.062187176,0.008803605
114,0,0,0.00636976957321167,0.9390861,0.052767932,0.008146108
114,0,0,0.00915592908859253,0.93690133,0.05204109,0.011057664
114,0,0,0.003850504755973816,0.9472055,0.041523453,0.011271081
114,0,0,0.014545202255249023,0.92501944,0.06603598,0.008944663
114,0,0,0.007292509078979492,0.9009518,0.09072612,0.008322107
114,0,0,0.012090981006622314,0.8878698,0.103052594,0.009077683
114,0,0,0.01192423701286316,0.88678044,0.1049278,0.00829177
114,0,0,0.022814065217971802,0.85467637,0.13433781,0.010985926
114,0,0,0.02496051788330078,0.75482285,0.23273358,0.012443729
114,0,0,0.011006712913513184,0.8231906,0.16395138,0.012858003
114,0,0,0.008452534675598145,0.8227439,0.1602627,0.01699354
114,0,0,0.028038978576660156,0.7841915,0.20211968,0.013688788
114,0,0,0.013374865055084229,0.861937,0.12858583,0.009477281
114,0,0,0.01684364676475525,0.87670875,0.11628267,0.0070087085
114,0,0,0.010232299566268921,0.90545404,0.08791942,0.0066266404
114,0,0,0.008567780256271362,0.94010544,0.054142475,0.00575221
114,0,0,0.0038839876651763916,0.95101684,0.041022804,0.007960375
114,0,0,0.0047477781772613525,0.9454685,0.043771338,0.010760198
114,0,0,0.0030664056539535522,0.95491034,0.033632163,0.01145759
114,0,0,0.004956960678100586,0.9620577,0.025632953,0.012309416
114,0,0,0.001997902989387512,0.9730282,0.016594345,0.010377525
114,0,0,0.003349617123603821,0.9706221,0.02155461,0.007823303
114,0,0,0.0030694305896759033,0.9678822,0.0252924,0.0068255006
114,0,0,0.0038676410913467407,0.9689911,0.022948736,0.008060253
114,0,0,0.0036803632974624634,0.97184235,0.020514263,0.007643388
114,0,0,0.005498573184013367,0.95313245,0.03911329,0.0077543603
114,0,0,0.014828115701675415,0.8607192,0.1282826,0.010998258
114,0,0,0.015063822269439697,0.8057904,0.18270177,0.011507871
114,0,0,0.017108619213104248,0.7090336,0.27160203,0.019364437
114,0,0,0.031943321228027344,0.69378376,0.2843412,0.021875069
114,0,0,0.02645641565322876,0.8279423,0.16004078,0.012016984
114,0,0,0.012454867362976074,0.8600139,0.13258846,0.0073977034
114,0,0,0.016086816787719727,0.86973184,0.12263428,0.007633969
114,0,0,0.008476167917251587,0.91177857,0.08142153,0.006799986
114,0,0,0.006157130002975464,0.93483067,0.057599872,0.00756955
114,0,0,0.0019009709358215332,0.96514374,0.026506227,0.008350019
114,0,0,0.001741744577884674,0.9783061,0.014460358,0.007233579
114,0,0,0.0010613054037094116,0.9836261,0.009189108,0.0071848333
114,0,0,0.0016628056764602661,0.9809707,0.010489779,0.008539494
114,0,0,0.002354852855205536,0.9828608,0.009664983,0.007474191
114,0,0,0.0012493431568145752,0.98249793,0.011444562,0.0060575255
114,0,0,0.0027769505977630615,0.978865,0.012875845,0.008259211
114,0,0,0.0014916211366653442,0.9826799,0.010353208,0.0069670184
114,0,0,0.0025863274931907654,0.97708255,0.015951177,0.0069662905
114,0,0,0.012041926383972168,0.92953146,0.061151017,0.009317594
114,0,0,0.018708407878875732,0.81003714,0.18100806,0.008954858
114,0,0,0.03085249662399292,0.58169943,0.3889079,0.02939281
114,0,0,0.027416467666625977,0.6717615,0.3034645,0.024774106
114,0,0,0.032776713371276855,0.8042269,0.17748371,0.01828957
114,0,0,0.02941441535949707,0.77550983,0.21157895,0.012911314
114,0,0,0.02255702018737793,0.7185446,0.26821095,0.013244638
114,0,0,0.014008492231369019,0.8409319,0.148893,0.0101752
114,0,0,0.006019890308380127,0.92343944,0.068200886,0.00835968
114,0,0,0.0058580487966537476,0.9485517,0.041237,0.010211391
114,0,0,0.005153760313987732,0.96362406,0.027244162,0.009131848
114,0,0,0.0028078854084014893,0.9744371,0.017137587,0.008425326
114,0,0,0.0015364959836006165,0.9805242,0.013086053,0.0063898326
114,0,0,0.0009407922625541687,0.98548514,0.010305235,0.0042096754
114,0,0,0.0014432892203330994,0.98054963,0.015223026,0.004227383
114,0,0,0.0028005391359329224,0.9749997,0.019376805,0.0056234985
114,0,0,0.0011652559041976929,0.9790535,0.015328551,0.0056180465
114,0,0,0.0020287930965423584,0.9772748,0.014047421,0.0086779855
114,0,0,0.006180018186569214,0.95965165,0.030228285,0.010120164
114,0,0,0.021097779273986816,0.771163,0.21583247,0.013004751
114,0,1,0.026001393795013428,0.4117175,0.56720734,0.021075152
114,0,0,0.026584208011627197,0.6051503,0.36406505,0.030784743
114,0,0,0.03926658630371094,0.7335568,0.24115174,0.025291562
114,0,0,0.016315311193466187,0.8736408,0.110233,0.016126357
114,0,0,0.02204185724258423,0.73872733,0.23898822,0.022284552
114,0,0,0.044736385345458984,0.61870426,0.36655867,0.0147370715
114,0,0,0.03650224208831787,0.69773084,0.2890212,0.013247992
114,0,0,0.01327463984489441,0.8826174,0.10421829,0.01316441
114,0,0,0.008756309747695923,0.92044824,0.06826288,0.011289018
114,0,0,0.013686835765838623,0.8836824,0.104981124,0.0113365045
114,0,0,0.009122252464294434,0.9100237,0.07812463,0.011851794
114,0,0,0.002281099557876587,0.9661809,0.026812587,0.0070065465
114,0,0,0.0030843019485473633,0.96719646,0.0259483,0.0068553193
401,0,0,0.0035282373428344727,0.9702865,0.025817199,0.0038963587
401,0,0,0.002305068075656891,0.97781885,0.018158363,0.0040228344
401,0,0,0.001100890338420868,0.9857579,0.008736315,0.005505857
401,0,0,0.0009620338678359985,0.9864622,0.0069073997,0.0066304114
401,0,0,0.0036101192235946655,0.9731332,0.022803536,0.0040632444
401,0,0,0.0017100051045417786,0.979636,0.016002059,0.004361907
401,0,0,0.0020618438720703125,0.98473954,0.009026096,0.006234417
401,0,0,0.0013339817523956299,0.9858657,0.007953121,0.0061812955
401,0,0,0.00183144211769104,0.9839031,0.0118437605,0.0042532454
401,0,0,0.0016348287463188171,0.97887844,0.016526418,0.004595207
401,0,0,0.002388879656791687,0.9800297,0.013816519,0.0061538094
401,0,0,0.001107536256313324,0.98524964,0.009551562,0.005198929
401,0,0,0.003353133797645569,0.96949863,0.022750156,0.007751337
401,0,0,0.0025861188769340515,0.97600985,0.01866444,0.005325681
401,0,0,0.0018812119960784912,0.9820384,0.013336563,0.0046251942
401,0,0,0.0019268393516540527,0.98050094,0.013315784,0.0061834147
401,0,0,0.006091475486755371,0.9527456,0.025135316,0.022119157
401,0,0,0.004217669367790222,0.96413094,0.023717709,0.012151519
401,0,0,0.0034349560737609863,0.96235067,0.028830804,0.008818658
401,0,0,0.0031304508447647095,0.9647283,0.028331487,0.006940362
401,0,0,0.0039412230253219604,0.9575046,0.019136462,0.023359077
401,0,0,0.004231676459312439,0.955747,0.03743777,0.0068152333
394,0,0,0.005572989583015442,0.95086545,0.02498384,0.024150686
394,0,0,0.0057062506675720215,0.9316782,0.0304858,0.037836056
394,0,0,0.0034770220518112183,0.9632338,0.018716887,0.01804935
394,0,0,0.004596233367919922,0.9358397,0.029250652,0.034909718
394,0,0,0.011453598737716675,0.88361895,0.035959467,0.08042167
394,0,0,0.0035630464553833008,0.9546039,0.017237509,0.028158681
394,0,0,0.002552628517150879,0.9731193,0.010822161,0.016058607
394,0,0,0.016941308975219727,0.7655376,0.090739965,0.14372262
394,0,0,0.012409865856170654,0.7840476,0.06674418,0.14920826
394,0,0,0.005845844745635986,0.9139869,0.016652653,0.069360584
394,0,0,0.005029410123825073,0.93749225,0.015138573,0.0473693
394,0,0,0.02114623785018921,0.6259885,0.01501313,0.3589984
394,0,0,0.006898432970046997,0.90458906,0.013872639,0.081538305
105,0,0,0.006964832544326782,0.8913347,0.0571914,0.051474016
105,0,0,0.002358943223953247,0.9669154,0.012556286,0.020528354
105,0,0,0.003186136484146118,0.9745906,0.013927865,0.011481567
105,0,0,0.0024984627962112427,0.9685864,0.011436395,0.019977314
105,0,0,0.0031533464789390564,0.9766431,0.00852354,0.014833361
105,0,0,0.0018440037965774536,0.98039293,0.009259033,0.010347981
105,0,0,0.0012295693159103394,0.98596567,0.004831358,0.009202974
105,0,0,0.0010992437601089478,0.98542815,0.0066462886,0.007925613
105,0,0,0.001001693308353424,0.9868742,0.0076457104,0.005480102
105,0,0,0.0014528483152389526,0.9861485,0.007736769,0.006114731
105,0,0,0.0011167973279953003,0.9848637,0.010047127,0.0050892304
105,0,0,0.0019748806953430176,0.9826736,0.012187862,0.0051386883
105,0,0,0.001443430781364441,0.98376775,0.01099159,0.005240767
105,0,0,0.002587519586086273,0.98003197,0.014422105,0.005546053
105,0,0,0.0014645904302597046,0.98318875,0.012489829,0.0043214704
105,0,0,0.0018851682543754578,0.9831288,0.011641246,0.00523001
105,0,0,0.0023094862699508667,0.9794128,0.015785214,0.004802108
105,0,0,0.0023142993450164795,0.9789755,0.016936136,0.004088475
105,0,0,0.0012186169624328613,0.98551106,0.008158092,0.006330935
105,0,0,0.002499036490917206,0.9824257,0.011725698,0.005848642
105,0,0,0.002389155328273773,0.9802012,0.01502004,0.0047788494
135,1,1,0.02872997522354126,0.30808097,0.6576668,0.034252275
135,1,1,0.010437577962875366,0.1051964,0.87043774,0.024366038
135,1,1,0.005283474922180176,0.06666245,0.9164609,0.016876763
135,1,1,0.007981181144714355,0.06637344,0.92264616,0.010980431
135,1,1,0.006895154714584351,0.06447066,0.9241729,0.011356415
135,1,1,0.011310160160064697,0.11373464,0.8749628,0.011302699
135,1,1,0.003848254680633545,0.06479029,0.92612934,0.009080498
135,1,1,0.005568653345108032,0.037300315,0.935924,0.026775714
135,1,1,0.017000317573547363,0.21493484,0.7592733,0.02579193
135,1,1,0.012572526931762695,0.14116564,0.84133536,0.017499112
135,1,1,0.006052672863006592,0.06852019,0.9194933,0.011986451
135,1,1,0.004465878009796143,0.06382578,0.92579097,0.010383316
135,1,1,0.004956632852554321,0.06368833,0.92467433,0.011637372
135,1,1,0.005709826946258545,0.07893059,0.9118507,0.009218838
135,1,1,0.00568699836730957,0.06256235,0.9274262,0.01001145
135,1,1,0.004564717411994934,0.036625225,0.94479126,0.018583583
135,1,1,0.01007932424545288,0.17202328,0.81223774,0.01573911
135,1,1,0.012676656246185303,0.1644503,0.81777763,0.017772157
135,1,1,0.008523613214492798,0.095771156,0.88748,0.016748788
135,1,1,0.006221383810043335,0.062919095,0.9222947,0.014786337
135,1,1,0.00503268837928772,0.054123014,0.9332325,0.012644561
135,1,1,0.004080057144165039,0.065859094,0.9237432,0.010397838
135,1,1,0.0037110745906829834,0.057593595,0.93400854,0.008397943
135,1,1,0.002915605902671814,0.039189715,0.95114124,0.00966914
135,1,1,0.008777976036071777,0.185915,0.8026326,0.0114525985
135,1,1,0.017641901969909668,0.17009549,0.8143063,0.015598282
135,1,1,0.010213911533355713,0.09313847,0.8842006,0.022660984
135,1,1,0.0061991214752197266,0.06624454,0.9176408,0.016114758
135,1,1,0.00761374831199646,0.054830868,0.9311164,0.01405278
135,1,1,0.0031001269817352295,0.063355796,0.9269297,0.009714563
135,1,1,0.0035127997398376465,0.06374442,0.9283297,0.00792598
135,1,1,0.00370924174785614,0.04444813,0.94794804,0.0076039312
135,1,1,0.0074498653411865234,0.13314235,0.8558471,0.011010606
135,1,1,0.008808732032775879,0.13546479,0.85271406,0.011821242
135,1,1,0.010100901126861572,0.09601144,0.89171606,0.012272627
135,1,1,0.005690336227416992,0.0728911,0.9157428,0.011366205
135,1,1,0.0036107003688812256,0.05334266,0.93624836,0.01040905
135,1,1,0.005116820335388184,0.075715534,0.91541946,0.008865112
135,1,1,0.006309926509857178,0.06396514,0.92827386,0.0077610556
135,1,1,0.004190802574157715,0.04547965,0.9466771,0.007843302
135,1,1,0.003536626696586609,0.03777954,0.95361245,0.008608092
135,1,1,0.012126624584197998,0.12988675,0.85963506,0.010478251
135,1,1,0.0057489871978759766,0.11095241,0.87778056,0.011267088
135,1,1,0.008102834224700928,0.091248445,0.8989326,0.009819164
135,1,1,0.00394245982170105,0.07719385,0.914319,0.008487363
135,1,1,0.003870725631713867,0.06567127,0.92474043,0.009588416
135,1,1,0.006780385971069336,0.080030635,0.9103385,0.009631017
135,1,1,0.005929827690124512,0.06555449,0.925844,0.008601593
135,1,1,0.0038737952709198,0.04818481,0.9448509,0.0069643175
135,1,1,0.004879996180534363,0.040146712,0.9501852,0.009668127
135,1,1,0.015052855014801025,0.23296046,0.75829506,0.008744617
135,1,1,0.008354216814041138,0.11616449,0.87562025,0.008215302
135,1,1,0.00529932975769043,0.08888608,0.90311044,0.008003548
135,1,1,0.007801651954650879,0.09387326,0.8981437,0.007983137
135,1,1,0.006411105394363403,0.08563964,0.90612936,0.008231068
135,1,1,0.005977660417556763,0.07092169,0.92213273,0.006945653
135,1,1,0.004368960857391357,0.06539199,0.9247108,0.009897215
135,1,1,0.003018289804458618,0.041115522,0.952031,0.006853538
135,1,1,0.005047798156738281,0.037818804,0.9503178,0.011863515
135,1,1,0.011992454528808594,0.28565937,0.7048354,0.009505273
135,1,1,0.007361292839050293,0.13210058,0.8590407,0.008858803
135,1,1,0.004174083471298218,0.07881625,0.9135689,0.0076148463
135,1,1,0.005546003580093384,0.07844058,0.91199183,0.009567698
135,1,1,0.00432470440864563,0.06258492,0.9250756,0.012339681
135,1,1,0.003660440444946289,0.06335243,0.9248043,0.011843314
135,1,1,0.005568027496337891,0.056684595,0.9332314,0.010084098
135,1,1,0.0029657483100891113,0.031280026,0.95587444,0.012845619
135,1,1,0.0030318349599838257,0.020070748,0.9602524,0.01967697
135,1,1,0.010079562664031982,0.20840946,0.78002733,0.011563283
135,1,1,0.011399835348129272,0.16534209,0.8268491,0.0078088795
135,1,1,0.0057014524936676025,0.07212341,0.9195588,0.008317763
135,1,1,0.003910869359970093,0.06599734,0.9260449,0.007957828
135,1,1,0.007186859846115112,0.06691965,0.91903263,0.014047648
135,1,1,0.004597276449203491,0.0630217,0.92516863,0.011809766
135,1,1,0.006633400917053223,0.05962212,0.92960554,0.010772457
135,1,1,0.0025304853916168213,0.02384143,0.96366274,0.0124958875
135,1,1,0.0044381022453308105,0.012999133,0.95229304,0.03470787
135,1,1,0.014017462730407715,0.20712078,0.78333664,0.009542644
135,1,1,0.004387021064758301,0.12614155,0.86620575,0.007652717
135,1,1,0.009656816720962524,0.069238715,0.9238464,0.006914956
135,1,1,0.005054175853729248,0.052032147,0.9409289,0.007038986
135,1,1,0.004829719662666321,0.05222094,0.9396364,0.008142699
135,1,1,0.005121022462844849,0.057227466,0.9359284,0.0068441588
135,1,1,0.005263090133666992,0.06346472,0.9298269,0.006708434
135,1,1,0.00266893208026886,0.022280207,0.968314,0.009405945
135,1,1,0.004467964172363281,0.013201038,0.9595996,0.027199414
135,1,1,0.008856713771820068,0.13500783,0.84415203,0.020840162
135,1,1,0.0207253098487854,0.14121553,0.7987838,0.06000071
135,1,1,0.021711885929107666,0.0782678,0.82148975,0.10024257
135,1,1,0.014969944953918457,0.05390121,0.7792603,0.1668385
135,1,1,0.030540287494659424,0.048713174,0.7238261,0.22746079
135,1,1,0.026033341884613037,0.1011157,0.8169628,0.08192159
135,1,1,0.009945899248123169,0.10074666,0.8860056,0.013247828
135,1,1,0.0039388686418533325,0.032239348,0.9532624,0.014498325
135,1,1,0.009896606206893921,0.013737614,0.93196595,0.054296475
135,1,1,0.04660952091217041,0.2552292,0.69809,0.046680875
135,1,1,0.01902216672897339,0.2236631,0.64762974,0.12870732
135,1,1,0.03466939926147461,0.35147524,0.5055125,0.1430124
135,1,1,0.032873570919036865,0.33701256,0.49190804,0.17107941
135,1,1,0.03442502021789551,0.3453701,0.39994484,0.25468513
166,1,2,0.007445573806762695,0.09487928,0.2864611,0.6186597
166,1,2,0.056204140186309814,0.20685366,0.32664764,0.4664988
166,1,1,0.021570861339569092,0.054189004,0.71634203,0.22946915
166,1,1,0.043793439865112305,0.16106218,0.66666293,0.17227495
166,1,1,0.010025948286056519,0.027647423,0.84813154,0.12422117
131,1,0,0.021489977836608887,0.69137204,0.1490334,0.15959466
131,1,1,0.01572173833847046,0.067242034,0.71415395,0.21860419
131,1,1,0.003844842314720154,0.020118427,0.95071733,0.029164331
248,1,1,0.019880473613739014,0.048503123,0.8238192,0.1276778
248,1,0,0.0247880220413208,0.47033525,0.31829256,0.2113723
248,1,1,0.012670457363128662,0.09706894,0.8049443,0.0979869
248,1,1,0.0031790733337402344,0.020311698,0.95917964,0.020508777
248,1,1,0.0020322054624557495,0.01604532,0.97313035,0.0108244065
248,1,1,0.0029262006282806396,0.022965243,0.96690977,0.010125096
248,1,1,0.010283023118972778,0.046370085,0.8939452,0.059684798
248,1,1,0.0033158957958221436,0.01852247,0.9663586,0.015118973
248,1,1,0.0024795979261398315,0.01624337,0.97501653,0.008740111
248,1,1,0.0013139396905899048,0.01562538,0.9768194,0.0075552263
248,1,1,0.01602327823638916,0.10236884,0.7960991,0.101532064
248,1,1,0.0024778246879577637,0.020164048,0.9654168,0.014419341
248,1,1,0.0026204586029052734,0.017921498,0.9750981,0.0069805156
248,1,1,0.001496925950050354,0.01706415,0.97566897,0.007266944
248,1,1,0.005032598972320557,0.051431816,0.92647976,0.022088522
248,1,1,0.004319503903388977,0.02835046,0.95967335,0.011976225
248,1,1,0.003555983304977417,0.022448352,0.9674665,0.010085272
248,1,1,0.0022999197244644165,0.019448895,0.97187144,0.008679645
248,1,1,0.013981401920318604,0.39158392,0.56243885,0.045977257
248,1,1,0.007656395435333252,0.11950709,0.8440422,0.036450826
248,1,1,0.004471004009246826,0.037362367,0.9337029,0.028934807
248,1,1,0.0024123191833496094,0.031922814,0.95233554,0.015741738
47,1,1,0.016340047121047974,0.067026384,0.8707155,0.062258143
47,1,1,0.003164142370223999,0.025388094,0.9639207,0.010691296
47,1,1,0.0017810612916946411,0.009635813,0.97992384,0.010440331
47,1,0,0.012504547834396362,0.870659,0.08795442,0.04138675
47,1,1,0.02196604013442993,0.25573722,0.7012555,0.043007277
47,1,1,0.03283333778381348,0.36243874,0.58296466,0.054596715
344,1,1,0.0017482489347457886,0.026369633,0.9673683,0.0062621264
344,1,1,0.002493947744369507,0.026710594,0.9659607,0.0073289177
344,1,1,0.0021113455295562744,0.027378822,0.96558535,0.0070358845
344,1,1,0.0016233175992965698,0.024868922,0.9676133,0.0075177914
344,1,1,0.003660067915916443,0.02589315,0.96616054,0.007946438
344,1,1,0.0021863728761672974,0.020035421,0.9730649,0.0068996996
344,1,1,0.001957029104232788,0.022126848,0.9687291,0.00914407
344,1,1,0.0021062642335891724,0.019951511,0.9729041,0.0071444656
344,1,1,0.0012842416763305664,0.017489709,0.97623426,0.0062760506
344,1,1,0.0028106868267059326,0.025258051,0.965274,0.0094680935
344,1,1,0.0018775016069412231,0.020208146,0.97275865,0.007033215
344,1,1,0.0020514726638793945,0.016609512,0.97607124,0.0073193205
344,1,1,0.0015885233879089355,0.016920768,0.9760585,0.0070208074
344,1,1,0.002201184630393982,0.018370446,0.9739967,0.0076328157
344,1,1,0.001684442162513733,0.020210218,0.9725611,0.007228665
344,1,1,0.003288447856903076,0.025826378,0.96660525,0.007568492
46,1,1,0.0022987723350524902,0.014787867,0.9727996,0.012412552
46,1,1,0.0019213855266571045,0.010130258,0.9771693,0.0127005335
46,1,1,0.002045854926109314,0.009618845,0.9739218,0.016459405
46,1,1,0.002753645181655884,0.008567347,0.97335386,0.018078852
46,1,1,0.001775786280632019,0.009666297,0.97725236,0.013081417
46,1,1,0.0014070123434066772,0.009419365,0.97423124,0.016349424
46,1,1,0.003842175006866455,0.0083975755,0.95426,0.037342492
343,1,1,0.01881086826324463,0.074762784,0.8413195,0.083917774
343,1,1,0.008189231157302856,0.026201522,0.91695917,0.056839343
343,1,1,0.012272268533706665,0.018767375,0.89871764,0.082515076
343,1,1,0.008418798446655273,0.03663969,0.9269372,0.036423165
343,1,1,0.0060494691133499146,0.031485714,0.9449579,0.0235565
343,1,1,0.0035160034894943237,0.014133428,0.97169584,0.0141708
343,1,1,0.018883943557739258,0.03951489,0.87270534,0.08777983
343,1,1,0.002740219235420227,0.02456276,0.9666436,0.008793745
56,1,1,0.020786941051483154,0.057153575,0.8395081,0.10333837
56,1,1,0.006131678819656372,0.03515268,0.9301075,0.034739852
56,1,1,0.00787624716758728,0.06491165,0.8989739,0.036114473
56,1,1,0.0066852867603302,0.027402077,0.89784807,0.07474997
56,1,1,0.007856965065002441,0.017908301,0.8833783,0.09871344
56,1,1,0.025379657745361328,0.035224,0.5716576,0.39311844
266,1,1,0.0034942924976348877,0.023830729,0.9662741,0.009895224
266,1,1,0.002108544111251831,0.018762264,0.9715772,0.009660569
266,1,1,0.0020426809787750244,0.022473093,0.96745455,0.010072416
266,1,1,0.0024788230657577515,0.019494452,0.9698371,0.010668502
266,1,1,0.002161666750907898,0.013001439,0.9714857,0.015512915
266,1,1,0.002762332558631897,0.02127396,0.9653335,0.01339265
266,1,1,0.002271100878715515,0.018133262,0.9707843,0.011082569
266,1,1,0.001201823353767395,0.016180243,0.97291225,0.010907487
266,1,1,0.0019084066152572632,0.013667473,0.97104955,0.015283009
266,1,1,0.00219590961933136,0.01890164,0.9686294,0.012468984
266,1,1,0.0023034363985061646,0.017868226,0.9683919,0.013739933
266,1,1,0.002108365297317505,0.011059188,0.96799165,0.020949252
266,1,1,0.004269704222679138,0.010935099,0.95513177,0.033933293
165,2,2,0.045071423053741455,0.41751298,0.14126407,0.44122306
165,2,2,0.017392396926879883,0.15798645,0.41517735,0.42683625
165,2,2,0.0028741806745529175,0.019992856,0.033078913,0.9469283
165,2,1,0.02356332540512085,0.107543506,0.4601352,0.4323213
165,2,2,0.006662577390670776,0.035369854,0.054839965,0.9097903
165,2,1,0.019285738468170166,0.16395216,0.55158573,0.28446224
165,2,2,0.010690033435821533,0.04762288,0.11338456,0.8389926
165,2,1,0.020983576774597168,0.31427842,0.507104,0.17861761
342,2,2,0.012423455715179443,0.012220683,0.48374972,0.5040297
342,2,2,0.015388071537017822,0.010483708,0.40423924,0.58527714
342,2,1,0.024224936962127686,0.0086893635,0.5425328,0.4487779
342,2,1,0.014217972755432129,0.008353392,0.6478527,0.34379396
342,2,1,0.014064371585845947,0.013437638,0.53628767,0.4502748
342,2,1,0.019680500030517578,0.0109569635,0.53290075,0.45614237
342,2,1,0.017524003982543945,0.008784446,0.58381045,0.40740517
342,2,1,0.007781624794006348,0.005986063,0.8570273,0.13698667
342,2,1,0.014819204807281494,0.045539197,0.79361284,0.16084807
342,2,1,0.02029198408126831,0.016414415,0.7975876,0.18599807
342,2,1,0.016388535499572754,0.011026489,0.7978236,0.19114998
330,2,2,0.013638794422149658,0.010008782,0.37311968,0.61687154
330,2,1,0.00832781195640564,0.0048509124,0.83177716,0.16337198
330,2,1,0.010834217071533203,0.0050500305,0.7047683,0.29018176
330,2,1,0.016730964183807373,0.0075228224,0.50877756,0.48369962
330,2,1,0.016737163066864014,0.00834765,0.5494442,0.44220823
330,2,1,0.008785903453826904,0.00557518,0.85107917,0.14334568
330,2,1,0.011004388332366943,0.006042893,0.80548996,0.1884672
330,2,1,0.014981448650360107,0.00622444,0.7290363,0.26473942
330,2,1,0.00956660509109497,0.008280584,0.6231102,0.3686093
330,2,1,0.010520994663238525,0.012298626,0.6378118,0.34988967
330,2,1,0.011629194021224976,0.014306235,0.8826302,0.10306365
330,2,1,0.011400163173675537,0.009557007,0.72656584,0.2638773
330,2,1,0.021391093730926514,0.010852029,0.6941035,0.29504454
330,2,1,0.014268636703491211,0.015042252,0.5896255,0.39533243
330,2,1,0.012692511081695557,0.011626729,0.7335732,0.25480023
330,2,2,0.02085655927658081,0.01288995,0.4544141,0.532696
287,2,2,0.015300273895263672,0.12716998,0.059583522,0.81324655
287,2,2,0.007258117198944092,0.103693366,0.054666724,0.84164006
287,2,2,0.008347928524017334,0.10813179,0.063741975,0.8281263
287,2,2,0.014223098754882812,0.17004481,0.043881636,0.7860736
185,2,2,0.006903648376464844,0.035538197,0.06138176,0.90308017
185,2,2,0.004710301756858826,0.020753352,0.029003792,0.9502429
185,2,2,0.016399234533309937,0.088115446,0.04894629,0.86293834
185,2,2,0.0023473352193832397,0.009816093,0.027512886,0.9626712
185,2,2,0.005413517355918884,0.017208116,0.032687314,0.95010465
185,2,2,0.0029926598072052,0.016475456,0.020489711,0.96303487
185,2,2,0.005297377705574036,0.015324371,0.030580172,0.9540955
221,2,2,0.01558685302734375,0.02085431,0.08583078,0.893315
221,2,2,0.002093583345413208,0.011828048,0.027831296,0.9603408
221,2,2,0.0023522526025772095,0.009007938,0.039265506,0.95172656
221,2,2,0.01666271686553955,0.01727541,0.26250017,0.7202246
221,2,2,0.0033094435930252075,0.008189776,0.044250622,0.94755965
221,2,2,0.005704820156097412,0.012537655,0.1703371,0.8171254
289,2,2,0.006191045045852661,0.07004953,0.054087684,0.8758628
289,2,2,0.007847994565963745,0.037996028,0.06225197,0.8997521
289,2,2,0.0075945258140563965,0.046087112,0.0619634,0.89194965
289,2,2,0.007518291473388672,0.04499849,0.066554,0.88844764
289,2,2,0.00968971848487854,0.04896757,0.089958295,0.8610742
289,2,2,0.005720555782318115,0.036380578,0.095531344,0.8680881
289,2,2,0.008029401302337646,0.037756532,0.066958025,0.89528567
289,2,2,0.0034544765949249268,0.029535556,0.053545505,0.91691893
289,2,2,0.005143105983734131,0.02838867,0.06957152,0.90203995
289,2,2,0.0089072585105896,0.032062862,0.12562107,0.84231615
289,2,2,0.007048606872558594,0.041053236,0.08675021,0.8721967
289,2,2,0.006401807069778442,0.039167024,0.07048698,0.8903461
289,2,2,0.006036043167114258,0.030539691,0.07689972,0.89256066
182,2,2,0.015194177627563477,0.1236604,0.08660995,0.7897297
182,2,2,0.009294092655181885,0.044141218,0.04578316,0.91007566
182,2,2,0.003165140748023987,0.02468932,0.01968043,0.95563036
182,2,2,0.005475819110870361,0.032583088,0.0153103545,0.95210654
182,2,2,0.005080044269561768,0.05217268,0.022144958,0.9256825
182,2,2,0.03236734867095947,0.116306156,0.05388461,0.82980937
182,2,2,0.019957125186920166,0.17942303,0.055487424,0.7650896
182,2,2,0.006613731384277344,0.058766607,0.03724989,0.9039836
182,2,2,0.0044679343700408936,0.034614176,0.027886404,0.9374995
182,2,2,0.0032913684844970703,0.029449726,0.019570913,0.95097935
182,2,2,0.004862979054450989,0.03050488,0.023222197,0.94627297
182,2,2,0.012232691049575806,0.052783083,0.055382438,0.89183456
182,2,2,0.02822554111480713,0.08428595,0.18826903,0.7274452
182,2,2,0.03387916088104248,0.16230196,0.04969992,0.78799826
182,2,2,0.013142704963684082,0.13147902,0.06550432,0.80301684
182,2,2,0.01667332649230957,0.07131437,0.054272957,0.8744128
182,2,2,0.005808979272842407,0.031580854,0.036945313,0.93147385
182,2,2,0.003702014684677124,0.023372881,0.03822002,0.93840724
182,2,2,0.005864173173904419,0.022938846,0.07332865,0.9037326
182,2,2,0.007449895143508911,0.076353274,0.031297747,0.89234906
182,2,2,0.02337777614593506,0.123202756,0.052056704,0.82474065
182,2,2,0.030090808868408203,0.17385423,0.076239966,0.7499058
182,2,2,0.01538628339767456,0.11137286,0.06502207,0.8236051
182,2,2,0.01016727089881897,0.06318446,0.05480341,0.8820121
182,2,2,0.0049249231815338135,0.033926465,0.04231768,0.9237559
182,2,2,0.012250542640686035,0.0498398,0.102835216,0.84732515
182,2,2,0.006382972002029419,0.04592741,0.021405373,0.93266726
182,2,2,0.0058065056800842285,0.050219517,0.033378456,0.9164021
182,2,2,0.02028822898864746,0.100350395,0.07206402,0.82758564
182,2,2,0.013486385345458984,0.048852544,0.04643269,0.9047149
182,2,2,0.00779685378074646,0.034258176,0.04194035,0.92380154
182,2,2,0.0055426061153411865,0.036128554,0.042971652,0.92089987
182,2,2,0.006932616233825684,0.0540521,0.080624945,0.8653231
182,2,2,0.0019674450159072876,0.028041666,0.02332242,0.9486359
182,2,2,0.006611526012420654,0.031322714,0.026522707,0.9421546
182,2,2,0.0049162209033966064,0.034469225,0.03499504,0.9305358
182,2,2,0.006081253290176392,0.029361797,0.03734996,0.9332884
182,2,2,0.003993034362792969,0.0319918,0.029996308,0.938012
182,2,2,0.003330826759338379,0.037635263,0.034735486,0.9276294
182,2,2,0.007184624671936035,0.047613423,0.088066824,0.8643199
182,2,2,0.0036734938621520996,0.029895702,0.029546311,0.9405582
182,2,2,0.003918260335922241,0.023656689,0.028288841,0.94805455
182,2,2,0.003575623035430908,0.02136788,0.022748865,0.9558833
182,2,2,0.0046349018812179565,0.024591219,0.029525852,0.94588304
182,2,2,0.003694206476211548,0.028227337,0.028644077,0.94312865
182,2,2,0.0060536861419677734,0.047755945,0.03233819,0.9199059
182,2,2,0.0052224695682525635,0.047521383,0.028892722,0.923586
182,2,2,0.0049448162317276,0.023913244,0.02595036,0.95013654
182,2,2,0.003955334424972534,0.01578188,0.02684605,0.9573722
182,2,2,0.003448113799095154,0.022314623,0.029090934,0.9485945
182,2,2,0.003297567367553711,0.043404523,0.028592722,0.9280028
182,2,2,0.01357334852218628,0.07958392,0.0474311,0.8729852
182,2,2,0.028436720371246338,0.22459063,0.07619862,0.69921076
182,2,2,0.008639693260192871,0.07399069,0.0287978,0.89721155
182,2,2,0.003338754177093506,0.022113921,0.022603115,0.95528305
182,2,2,0.0038806945085525513,0.01746874,0.024680616,0.9578507
182,2,2,0.004894182085990906,0.024595961,0.02522067,0.9501834
182,2,2,0.0077655017375946045,0.064587526,0.034206647,0.90120584
182,2,2,0.06240105628967285,0.30178082,0.10000207,0.5982172
182,2,2,0.01916402578353882,0.2210713,0.038707826,0.74022096
182,2,2,0.012110143899917603,0.112530015,0.024408894,0.8630612
182,2,2,0.005396991968154907,0.033483837,0.022594139,0.94392216
182,2,2,0.0029458999633789062,0.02243811,0.021361243,0.9562007
182,2,2,0.0045201778411865234,0.025037466,0.021107275,0.9538554
182,2,2,0.00738111138343811,0.06042519,0.027274769,0.91230017
182,2,2,0.04640227556228638,0.27557933,0.09508979,0.62933093
182,2,2,0.013301372528076172,0.18778811,0.028861525,0.78335035
182,2,2,0.011420220136642456,0.088123225,0.017914126,0.89396274
182,2,2,0.005432784557342529,0.05029892,0.042114,0.9075872
182,2,2,0.006993532180786133,0.040693425,0.042300165,0.9170066
182,2,2,0.009130358695983887,0.056357283,0.034292627,0.9093502
182,2,2,0.012949734926223755,0.0881758,0.020152057,0.8916722
182,2,2,0.011295139789581299,0.07937679,0.07909889,0.84152436
182,2,2,0.021194875240325928,0.22395854,0.07398652,0.70205504
182,2,0,0.04408341646194458,0.48062783,0.11677654,0.40259567
247,2,2,0.00916743278503418,0.028575942,0.06850839,0.9029158
247,2,2,0.009764552116394043,0.016460802,0.09050841,0.8930309
247,2,2,0.010392248630523682,0.06038525,0.11736231,0.82225263
247,2,2,0.005989044904708862,0.024882758,0.028871313,0.94624597
247,2,2,0.005705296993255615,0.012483024,0.053894013,0.933623
247,2,2,0.007173940539360046,0.02621721,0.02447451,0.9493083
247,2,2,0.004661053419113159,0.015820056,0.02267261,0.96150744
247,2,2,0.003248363733291626,0.030005435,0.028265705,0.941729
247,2,2,0.004836082458496094,0.013585182,0.053967062,0.9324478
247,2,2,0.007218062877655029,0.074208856,0.06215993,0.8636314
177,2,2,0.004973471164703369,0.060934387,0.030022519,0.9090432
177,2,2,0.0035567879676818848,0.029533913,0.02251729,0.9479488
177,2,2,0.004293859004974365,0.010028253,0.034982238,0.95498955
177,2,2,0.0031702518463134766,0.0098721115,0.026207384,0.9639207
177,2,2,0.0024140477180480957,0.0064255293,0.032645896,0.9609287
177,2,2,0.007952272891998291,0.06082916,0.028340032,0.91083086
177,2,2,0.006544262170791626,0.035471473,0.022176402,0.9423523
177,2,2,0.004510700702667236,0.02402437,0.02158995,0.9543858
177,2,2,0.0038583874702453613,0.017369723,0.016860304,0.96577007
177,2,2,0.002453625202178955,0.016556982,0.0133401435,0.970103
177,2,2,0.004025936126708984,0.01943016,0.01790241,0.96266764
177,2,2,0.0015927404165267944,0.010299669,0.02397021,0.9657302
177,2,2,0.002261236310005188,0.014065256,0.02357905,0.96235585
177,2,2,0.005096793174743652,0.04235418,0.029506937,0.9281389
177,2,2,0.00813785195350647,0.045599952,0.02469489,0.9297052
177,2,2,0.007407099008560181,0.042559538,0.024314221,0.93312633
177,2,2,0.006283164024353027,0.030916324,0.025472144,0.9436116
177,2,2,0.003158062696456909,0.02066718,0.015994659,0.96333826
177,2,2,0.00206620991230011,0.01462602,0.015950013,0.969424
177,2,2,0.0019978731870651245,0.013951255,0.018636355,0.9674124
177,2,2,0.003964096307754517,0.0222652,0.024349853,0.9533849
177,2,2,0.003599226474761963,0.031581443,0.026233345,0.94218534
177,2,2,0.0059005022048950195,0.043426562,0.024736786,0.9318366
177,2,2,0.003921806812286377,0.031049673,0.023826217,0.9451242
177,2,2,0.0070749372243881226,0.029878959,0.025767645,0.94435346
177,2,2,0.002824455499649048,0.01799782,0.016025394,0.96597695
177,2,2,0.002855464816093445,0.0153500335,0.0221579,0.96249217
177,2,2,0.002474963665008545,0.016458808,0.024782293,0.95875895
177,2,2,0.002801358699798584,0.021498907,0.022564735,0.9559365
177,2,2,0.00498943030834198,0.032878086,0.019466784,0.9476551
177,2,2,0.006877124309539795,0.04929904,0.03364314,0.9170579
177,2,2,0.008036643266677856,0.042374067,0.034652423,0.9229736
177,2,2,0.003622099757194519,0.028791387,0.01694819,0.95426047
177,2,2,0.0025648176670074463,0.015288031,0.026082236,0.9586298
177,2,2,0.004881501197814941,0.026118558,0.038565,0.9353165
177,2,2,0.004775434732437134,0.034546208,0.022383641,0.9430703
207,2,0,0.012033224105834961,0.85155797,0.056873072,0.091568924
207,2,2,0.01410648226737976,0.036722448,0.10892267,0.8543549
207,2,2,0.006042361259460449,0.044191867,0.01666042,0.9391479
207,2,2,0.006201744079589844,0.08426841,0.010065089,0.90566653
207,2,0,0.024518072605133057,0.6381834,0.01037053,0.35144618
207,2,2,0.018164455890655518,0.23232175,0.012844405,0.75483394
207,2,2,0.006705284118652344,0.09727775,0.010655344,0.892067
207,2,2,0.0036753714084625244,0.03769704,0.009526141,0.9527769
207,2,2,0.0026127398014068604,0.03188335,0.009597197,0.95851946
207,2,2,0.0021883249282836914,0.015865656,0.018081388,0.96605307
207,2,2,0.009259134531021118,0.106649645,0.015594647,0.87775576
207,2,2,0.002678990364074707,0.030602122,0.0102222795,0.95917565
207,2,2,0.0028125643730163574,0.026796322,0.008242447,0.9649613
207,2,2,0.0030197501182556152,0.013890763,0.008464366,0.977645
207,2,2,0.0017787963151931763,0.015726252,0.0108007975,0.973473
207,2,2,0.002196267247200012,0.01903923,0.013242813,0.96771795
207,2,2,0.004057884216308594,0.032197356,0.018581908,0.94922066
207,2,2,0.006743431091308594,0.06415079,0.011863159,0.92398614
207,2,2,0.0021948963403701782,0.019988362,0.012112781,0.96789885
207,2,2,0.0009639635682106018,0.010264691,0.011400565,0.9783348
207,2,2,0.0021993517875671387,0.0111966655,0.015302611,0.9735008
207,2,2,0.0032970458269119263,0.009190541,0.015257647,0.9755519
207,2,2,0.0026582330465316772,0.010210072,0.015747203,0.97404283
207,2,2,0.00256367027759552,0.015945368,0.016877865,0.96717685
207,2,2,0.008666306734085083,0.10178832,0.008631256,0.8895804
207,2,2,0.0034404397010803223,0.031195138,0.009209089,0.959596
207,2,2,0.0023336410522460938,0.01524743,0.01162843,0.97312415
207,2,2,0.0010205954313278198,0.007277004,0.010196444,0.9825266
207,2,2,0.002055943012237549,0.009312899,0.014810653,0.9758765
207,2,2,0.016274750232696533,0.22825213,0.013494928,0.75825304
207,2,2,0.006245642900466919,0.0682404,0.00857508,0.9231846
207,2,2,0.0023623406887054443,0.026001843,0.0074796136,0.96651876
207,2,2,0.0011383965611457825,0.012808467,0.009817685,0.9773739
207,2,2,0.002576008439064026,0.009440094,0.02045509,0.9701049
207,2,2,0.0064470767974853516,0.10008145,0.010571739,0.88934696
207,2,2,0.005074530839920044,0.059479557,0.013030697,0.9274898
179,2,2,0.006465792655944824,0.040720373,0.05287151,0.9064082
179,2,2,0.0018250644207000732,0.04958299,0.013319194,0.93709785
179,2,2,0.0015248507261276245,0.022766829,0.010083973,0.9671493
179,2,2,0.002885863184928894,0.013795288,0.011598532,0.9746062
179,2,2,0.002378121018409729,0.029755112,0.01132538,0.95891964
179,2,2,0.0025572776794433594,0.025556479,0.0102229575,0.9642208
179,2,2,0.004938587546348572,0.023654394,0.012014657,0.964331
179,2,2,0.0024704113602638245,0.011235563,0.01159517,0.9771693
179,2,2,0.0010678544640541077,0.0090131415,0.012994156,0.97799283
179,2,2,0.002845749258995056,0.011342778,0.016976224,0.97168106
179,2,2,0.002714991569519043,0.012901879,0.017226161,0.969872
179,2,2,0.004235967993736267,0.007248951,0.04365945,0.94909173
179,2,2,0.0029316246509552,0.006973389,0.05187862,0.941148
179,2,2,0.0018758624792099,0.007920279,0.017746557,0.97433317
179,2,2,0.0033309757709503174,0.016707717,0.012772112,0.9705202
179,2,2,0.0025658905506134033,0.015759822,0.012677439,0.97156274
179,2,2,0.0017233192920684814,0.012644265,0.012839097,0.97451675
179,2,2,0.0022650957107543945,0.011359074,0.012414652,0.97622633
179,2,2,0.0015539675951004028,0.00893584,0.011801666,0.97926265
179,2,2,0.0013131052255630493,0.009950161,0.014690632,0.9753593
179,2,2,0.0029089897871017456,0.016289249,0.016335841,0.967375
179,2,2,0.005465656518936157,0.00950211,0.083179556,0.9073184
179,2,2,0.0038851499557495117,0.0071788784,0.044910945,0.9479103
179,2,2,0.0031104683876037598,0.00907317,0.017929543,0.9729974
179,2,2,0.0013894587755203247,0.010741943,0.012697415,0.97656065
179,2,2,0.0018862038850784302,0.011174264,0.014090746,0.9747351
179,2,2,0.0036036521196365356,0.011945603,0.01579812,0.9722564
179,2,2,0.0018842369318008423,0.011709964,0.014198552,0.97409153
179,2,2,0.0015948712825775146,0.011173715,0.013778768,0.9750476
179,2,2,0.0028387457132339478,0.012737383,0.014142085,0.97312057
179,2,2,0.0026117414236068726,0.020044714,0.013437414,0.9665179
179,2,2,0.0017005503177642822,0.0074954666,0.01896267,0.973542
179,2,2,0.0018342137336730957,0.009670842,0.014382514,0.9759467
179,2,2,0.0019636601209640503,0.010560443,0.01485782,0.97458184
179,2,2,0.002798110246658325,0.0140743675,0.023467073,0.96245867
179,2,2,0.003419026732444763,0.015090897,0.017530113,0.967379
179,2,2,0.002821296453475952,0.015949922,0.01521926,0.9688309
179,2,2,0.0024052560329437256,0.016662972,0.012774286,0.9705628
179,2,2,0.0031383782625198364,0.023872001,0.013837327,0.9622908
179,2,2,0.0031594783067703247,0.020693958,0.014239009,0.96506715
179,2,2,0.002241969108581543,0.019778281,0.0128630325,0.9673587
179,2,2,0.003280654549598694,0.03280859,0.018732484,0.9484589
226,2,0,0.025666654109954834,0.7158186,0.17479935,0.1093821
226,2,0,0.030925512313842773,0.5086031,0.26664665,0.22475031
226,2,0,0.04243326187133789,0.40572003,0.2109072,0.38337287
226,2,0,0.0321124792098999,0.44460863,0.217647,0.33774456
226,2,0,0.03314995765686035,0.44168064,0.29286945,0.26544997
226,2,1,0.040689170360565186,0.25261188,0.52754176,0.21984647
226,2,1,0.028758704662322998,0.13170698,0.49414155,0.37415162
226,2,1,0.05927276611328125,0.31568322,0.34281802,0.34149876
226,2,2,0.06372326612472534,0.37043512,0.2126611,0.4169038
226,2,2,0.03346884250640869,0.35858777,0.19870897,0.44270334
226,2,2,0.04981863498687744,0.29675776,0.22966151,0.47358078
226,2,2,0.024965345859527588,0.16220558,0.15316324,0.68463135
226,2,2,0.007438570261001587,0.044313483,0.029457923,0.9262287
226,2,2,0.029568374156951904,0.05012583,0.37767178,0.57220244
226,2,2,0.018518447875976562,0.04289487,0.1660904,0.79101485
226,2,2,0.027666807174682617,0.13523114,0.09631818,0.76845086
226,2,2,0.031225740909576416,0.33139798,0.06635803,0.6022441
226,2,2,0.03104710578918457,0.24169111,0.06392088,0.69438803
226,2,2,0.020380020141601562,0.1835552,0.031763896,0.78468096
226,2,2,0.02374279499053955,0.05188194,0.3760694,0.5720487
226,2,2,0.018763422966003418,0.02387113,0.26787156,0.7082573
226,2,2,0.0036458075046539307,0.014732948,0.056635257,0.9286318
226,2,2,0.016123533248901367,0.25264165,0.1569655,0.5903929
226,2,2,0.024393916130065918,0.30586967,0.16332987,0.5308006
363,2,2,0.0027392208576202393,0.0114565855,0.041788176,0.94675523
363,2,2,0.002961963415145874,0.013892135,0.028068034,0.95804006
363,2,2,0.004691869020462036,0.0101631,0.03166146,0.9581755
363,2,2,0.0018012374639511108,0.008086862,0.026957836,0.9649554
363,2,2,0.002663910388946533,0.0146063315,0.024329802,0.9610639
363,2,2,0.0013835877180099487,0.009437069,0.023388594,0.9671745
363,2,2,0.0030483603477478027,0.009415216,0.02454811,0.96603674
363,2,2,0.003707200288772583,0.014873158,0.019691495,0.9654354
363,2,2,0.002184748649597168,0.008534887,0.02336999,0.9680952
363,2,2,0.0029294192790985107,0.010028072,0.02535089,0.9646211
181,2,2,0.004215598106384277,0.015580725,0.039868433,0.94455093
181,2,2,0.002945646643638611,0.024164584,0.023308825,0.9525266
181,2,2,0.003271639347076416,0.014658381,0.025692994,0.95964867
181,2,2,0.002466067671775818,0.018600067,0.016865885,0.9645341
181,2,2,0.003438711166381836,0.019399146,0.0138359545,0.966765
181,2,2,0.002405300736427307,0.015354835,0.013359266,0.97128594
181,2,2,0.0019004791975021362,0.0075448514,0.025531407,0.9669238
181,2,2,0.004512488842010498,0.009027577,0.05240716,0.93856543
181,2,2,0.0032434463500976562,0.015542051,0.019709112,0.96474886
181,2,2,0.0020477324724197388,0.010654008,0.015054839,0.97429115
181,2,2,0.0026762187480926514,0.013564132,0.015402434,0.9710335
181,2,2,0.0021079927682876587,0.012609254,0.012449588,0.97494125
181,2,2,0.0025446265935897827,0.010022087,0.016518256,0.9734597
181,2,2,0.005103975534439087,0.0112637095,0.022145841,0.9665905
181,2,2,0.0027669519186019897,0.017683446,0.018440077,0.96387666
181,2,2,0.002586066722869873,0.027873376,0.01862836,0.95349824
181,2,2,0.0020271390676498413,0.012556975,0.018675445,0.96876776
181,2,2,0.002333998680114746,0.012369685,0.018518465,0.9691119
181,2,2,0.0015246272087097168,0.013521963,0.016826395,0.9696517
181,2,2,0.0016788914799690247,0.010566064,0.012323711,0.97711027
181,2,2,0.001637391746044159,0.010006286,0.013092256,0.97690153
181,2,2,0.003868699073791504,0.012450674,0.017583784,0.9699655
181,2,2,0.0030462443828582764,0.012422861,0.01591159,0.9716656
181,2,2,0.002688378095626831,0.019364316,0.016173549,0.9644622
181,2,2,0.002980664372444153,0.0111697195,0.023034275,0.9657961
181,2,2,0.002509206533432007,0.012577408,0.022998009,0.96442467
181,2,2,0.003082484006881714,0.0147393625,0.018555364,0.9667054
181,2,2,0.0009377449750900269,0.013295501,0.014406593,0.97229797
181,2,2,0.0020010769367218018,0.011273521,0.0106031345,0.9781234
181,2,2,0.001600310206413269,0.010375273,0.011768162,0.97785664
181,2,2,0.002405300736427307,0.00978038,0.01888026,0.9713394
181,2,2,0.0024723708629608154,0.0075033046,0.024132641,0.96836424
181,2,2,0.00209982693195343,0.0067013837,0.02752553,0.9657731
181,2,2,0.0039041340351104736,0.020889157,0.029650226,0.9494607
181,2,2,0.00393339991569519,0.012594747,0.021932926,0.96547246
181,2,2,0.003246709704399109,0.015317474,0.014461806,0.9702208
181,2,2,0.004767268896102905,0.019053949,0.014715465,0.9662306
181,2,2,0.0030206143856048584,0.015511947,0.012042325,0.9724458
181,2,2,0.0016329661011695862,0.008990332,0.012789237,0.97822046
181,2,2,0.0018310695886611938,0.006999791,0.019340929,0.97365934
181,2,2,0.0032057762145996094,0.005722892,0.034965847,0.95931137
181,2,2,0.0013932660222053528,0.009892842,0.010659862,0.97944736
181,2,2,0.0019417554140090942,0.0065611247,0.02688544,0.96655357
181,2,2,0.0043802410364151,0.0077780685,0.04217291,0.95004904
288,2,2,0.00985148549079895,0.0435857,0.099665105,0.85674924
288,2,2,0.005599498748779297,0.058561374,0.07479878,0.8666399
288,2,2,0.006961196660995483,0.055942856,0.0827174,0.86133975
219,2,2,0.00465315580368042,0.025821175,0.02542108,0.94875777
219,2,2,0.004964232444763184,0.026485918,0.05161042,0.92190367
219,2,2,0.0023769885301589966,0.010768579,0.014738127,0.9744933
219,2,2,0.0015311241149902344,0.006903017,0.013307017,0.97979003
219,2,2,0.0010583102703094482,0.0073603005,0.013185826,0.979454
219,2,2,0.00160246342420578,0.0093538705,0.013798604,0.9768476
219,2,2,0.003814488649368286,0.018315002,0.02452522,0.9571598
219,2,2,0.0019696056842803955,0.0134060355,0.012925692,0.9736683
219,2,2,0.0018545463681221008,0.008837496,0.012802953,0.9783596
219,2,2,0.0013973712921142578,0.008012735,0.0128501095,0.9791372
219,2,2,0.0037123411893844604,0.01097952,0.015333676,0.97368693
219,2,2,0.0026674121618270874,0.012505455,0.032119412,0.9553752
219,2,2,0.003084123134613037,0.010706371,0.017393626,0.97190005
389,0,1,0.017100751399993896,0.24872042,0.71053827,0.040741418
389,0,0,0.022393465042114258,0.7830458,0.18651076,0.030443491
389,0,0,0.004764720797538757,0.94569737,0.042171102,0.012131608
389,0,0,0.0093269944190979,0.89680624,0.09193422,0.0112596275
389,0,0,0.0043843090534210205,0.94763684,0.042025704,0.010337501
389,0,0,0.005778372287750244,0.9450545,0.044834256,0.010111486
389,0,0,0.0018210560083389282,0.97178245,0.020463498,0.007754105
389,0,0,0.002031765878200531,0.9804703,0.012511897,0.0070178686
389,0,0,0.0008494704961776733,0.9860524,0.0083012525,0.005646461
389,0,0,0.0012785717844963074,0.9837875,0.010130631,0.00608184
389,0,0,0.0010107606649398804,0.98411953,0.010294151,0.0055864207
389,0,0,0.003153592348098755,0.9820166,0.010638687,0.0073447027
389,0,0,0.0034028589725494385,0.9824275,0.008754163,0.0088184485
389,0,0,0.001431979238986969,0.9860452,0.008191772,0.005763137
389,0,0,0.0036032944917678833,0.98017836,0.0127536105,0.0070681125
389,0,0,0.002181410789489746,0.9816313,0.012828259,0.005540481
389,0,0,0.0028788819909095764,0.9820419,0.010505977,0.007452177
389,0,0,0.001498498022556305,0.9838612,0.010251856,0.005887011
389,0,0,0.004368379712104797,0.9688514,0.026417162,0.0047314516
389,0,0,0.0017503872513771057,0.9774384,0.0174876,0.0050741127
389,0,0,0.0017829686403274536,0.98137784,0.012719055,0.0059031346
389,0,0,0.003280743956565857,0.9501936,0.04568548,0.0041209953
389,0,0,0.004052907228469849,0.96320313,0.030283533,0.0065134717
389,0,0,0.002904742956161499,0.96986055,0.023130879,0.0070087053
106,0,2,0.00525239109992981,0.030682797,0.026512327,0.9428049
106,0,2,0.008893340826034546,0.085999586,0.021159165,0.89284134
106,0,2,0.002742297947406769,0.013322916,0.009841837,0.9768353
106,0,2,0.002140447497367859,0.015102264,0.01083954,0.9740583
106,0,2,0.001800641417503357,0.018825669,0.0072363834,0.97393787
106,0,2,0.00354728102684021,0.030806212,0.008850131,0.9603437
106,0,2,0.001558750867843628,0.037812024,0.008655491,0.9535325
106,0,2,0.007102757692337036,0.08120492,0.03262926,0.88616586
106,0,2,0.0020393282175064087,0.013776724,0.011920021,0.9743033
106,0,2,0.002577751874923706,0.016568007,0.009987729,0.9734443
106,0,2,0.001743420958518982,0.018816246,0.008856053,0.9723277
106,0,2,0.0015175938606262207,0.01664708,0.009293407,0.9740595
106,0,2,0.0021952688694000244,0.020806244,0.00921846,0.96997535
106,0,2,0.0033351480960845947,0.028636426,0.010835716,0.96052796
106,0,2,0.0023650825023651123,0.02410548,0.008009905,0.9678846
106,0,2,0.0027931928634643555,0.031051885,0.009830295,0.9591179
106,0,2,0.005637168884277344,0.055218842,0.011690336,0.9330909
106,0,2,0.008158713579177856,0.09221525,0.029102685,0.87868214
106,0,2,0.010705769062042236,0.1357238,0.034380656,0.8298956
106,0,2,0.0012160241603851318,0.01220023,0.012524587,0.9752752
106,0,2,0.004286617040634155,0.023276532,0.009814951,0.9669086
106,0,2,0.0038147270679473877,0.05181557,0.010224463,0.93796
106,0,2,0.01017385721206665,0.13827044,0.013055967,0.8486737
106,0,2,0.00521126389503479,0.06307661,0.011564255,0.9253593
106,0,2,0.005120635032653809,0.07112489,0.016132055,0.91274315
106,0,2,0.005959033966064453,0.06178826,0.012028248,0.9261837
106,0,2,0.00541532039642334,0.06393437,0.011174541,0.9248912
106,0,2,0.0019872933626174927,0.018738855,0.009354249,0.97190696
106,0,2,0.0023639798164367676,0.023732897,0.010318806,0.96594834
106,0,2,0.006139814853668213,0.10156978,0.00927722,0.8891531
106,0,2,0.007228940725326538,0.13207164,0.009493079,0.85843533
106,0,2,0.009252369403839111,0.16830249,0.011076742,0.8206209
106,0,2,0.006126046180725098,0.04851314,0.012606782,0.9388802
106,0,2,0.014691352844238281,0.2730957,0.01829969,0.70860463
106,0,2,0.004922658205032349,0.06350568,0.010292663,0.92620176
106,0,2,0.02407437562942505,0.39705276,0.014423812,0.5885235
106,0,0,0.029347896575927734,0.56665194,0.0292402,0.40410787
106,0,2,0.02713751792907715,0.44844806,0.04108938,0.51046264
106,0,0,0.026441991329193115,0.6097428,0.041994,0.34826317
106,0,0,0.03348386287689209,0.581306,0.028591141,0.39010295
106,0,0,0.029292166233062744,0.5733892,0.03236231,0.3942486
106,0,2,0.019156932830810547,0.21794553,0.022761256,0.75929326
106,0,2,0.029666662216186523,0.35055745,0.028823415,0.62061924
106,0,0,0.01786664128303528,0.85972565,0.023365416,0.116908945
106,0,0,0.028349757194519043,0.5854832,0.013903142,0.40061373
106,0,2,0.011151820421218872,0.10411969,0.010125217,0.8857552
106,0,2,0.005467444658279419,0.08935677,0.009012307,0.901631
106,0,2,0.0345231294631958,0.4017755,0.013772146,0.5844524
106,0,0,0.020774245262145996,0.85987943,0.016195389,0.12392524
106,0,2,0.005003511905670166,0.08660041,0.013327618,0.900072
106,0,0,0.029113709926605225,0.63898367,0.0210961,0.3399203
106,0,0,0.028742730617523193,0.60076857,0.036293864,0.36293763
106,0,0,0.03662222623825073,0.5290706,0.07760897,0.39332047
106,0,0,0.03578466176986694,0.59011596,0.12088691,0.28899714
106,0,0,0.02919715642929077,0.7561064,0.045533445,0.19836025
106,0,0,0.02725374698638916,0.7335395,0.042358607,0.224102
106,0,0,0.02428913116455078,0.8033446,0.04268785,0.1539676
106,0,0,0.014445841312408447,0.86925024,0.03429409,0.09645577
106,0,0,0.0070459842681884766,0.92740446,0.023835741,0.048759874
106,0,0,0.013791143894195557,0.90224546,0.013359183,0.084395446
106,0,0,0.022630810737609863,0.7751832,0.011258275,0.21355863
106,0,0,0.0137406587600708,0.7725984,0.01468753,0.21271417
106,0,0,0.009880483150482178,0.9127014,0.013360922,0.0739378
106,0,0,0.011613190174102783,0.8900353,0.018174917,0.091789976
106,0,2,0.014174699783325195,0.18464434,0.01431357,0.80104214
106,0,0,0.033260345458984375,0.7130401,0.034146752,0.25281328
106,0,0,0.03257763385772705,0.637861,0.037846755,0.32429227
106,0,0,0.05774873495101929,0.52869004,0.058438346,0.41287175
106,0,0,0.03195512294769287,0.5322819,0.10833151,0.35938665
106,0,0,0.04318958520889282,0.5882903,0.1362441,0.27546576
106,0,0,0.04090893268585205,0.67319757,0.089484826,0.23731767
106,0,0,0.02837061882019043,0.7415937,0.07384357,0.1845628
106,0,0,0.019584059715270996,0.78410405,0.05432982,0.16156624
106,0,0,0.013660252094268799,0.8344418,0.027143631,0.13841462
106,0,0,0.013090759515762329,0.8662118,0.014651658,0.11913671
106,0,0,0.009826064109802246,0.8615319,0.010725062,0.12774311
106,0,0,0.01064559817314148,0.9223357,0.012427203,0.06523716
106,0,0,0.004209607839584351,0.9515656,0.011060707,0.0373738
106,0,0,0.021320998668670654,0.7103588,0.028937152,0.26070416
106,0,2,0.0035954564809799194,0.040282622,0.013702064,0.94601536
106,0,0,0.018748462200164795,0.88749355,0.015934559,0.09657193
106,0,0,0.10404789447784424,0.5401286,0.11682641,0.34304503
106,0,0,0.06461751461029053,0.41577443,0.3421894,0.24203625
106,0,1,0.05500978231430054,0.28403637,0.47501707,0.2409466
106,0,0,0.0681028962135315,0.4507538,0.37296048,0.17628576
106,0,0,0.055374860763549805,0.57452595,0.26831996,0.15715425
106,0,0,0.0330357551574707,0.6098977,0.21333458,0.17676786
106,0,0,0.03836411237716675,0.7159562,0.10275948,0.1812844
106,0,0,0.016270697116851807,0.77509606,0.017021386,0.20788266
106,0,0,0.014635145664215088,0.9149325,0.007931799,0.07713579
106,0,0,0.0037478208541870117,0.96059597,0.0072100176,0.032194167
106,0,0,0.06758201122283936,0.63286555,0.2998082,0.06732635
106,0,1,0.0434269905090332,0.43375576,0.508957,0.057287283
106,0,1,0.05434131622314453,0.28026634,0.61732656,0.10240711
106,0,2,0.03809833526611328,0.072639234,0.40068242,0.52667844
106,0,2,0.00361025333404541,0.014468951,0.054387286,0.9311438
106,0,2,0.008508801460266113,0.021513578,0.053515714,0.9249708
106,0,2,0.040834903717041016,0.17635334,0.1152215,0.7084252
106,0,0,0.03481703996658325,0.7637889,0.21646358,0.019747574
106,0,2,0.08341389894485474,0.3134449,0.23325825,0.4532969
106,0,2,0.0183560848236084,0.050147317,0.07742086,0.87243193
39,0,0,0.005418360233306885,0.93324447,0.057417624,0.009337938
39,0,0,0.002940058708190918,0.95855147,0.034369428,0.00707924
39,0,0,0.006627887487411499,0.9475613,0.04043498,0.012003743
39,0,0,0.009801417589187622,0.9210803,0.02578706,0.053132698
39,0,0,0.0044155120849609375,0.9648604,0.02387129,0.011268442
39,0,0,0.0038894861936569214,0.9491315,0.035901967,0.01496662
39,0,0,0.0032543540000915527,0.9549681,0.02780371,0.017228274
39,0,0,0.004005894064903259,0.97092,0.0117359515,0.01734399
39,0,0,0.0017270296812057495,0.9711328,0.016297197,0.0125700515
39,0,0,0.004041492938995361,0.9557079,0.02128664,0.023005622
39,0,0,0.0041621774435043335,0.9521185,0.026184974,0.02169648
39,0,0,0.005139976739883423,0.94331014,0.025763635,0.030926276
39,0,0,0.0040876418352127075,0.9478164,0.027019331,0.02516432
39,0,0,0.005692958831787109,0.93459266,0.036315605,0.029091911
39,0,0,0.011561870574951172,0.85968274,0.091364324,0.048952978
39,0,0,0.010595738887786865,0.82462186,0.122757144,0.052621044
39,0,0,0.005500048398971558,0.9311817,0.032165937,0.036652427
39,0,0,0.007830262184143066,0.90936774,0.045562543,0.04506988
39,0,0,0.008836030960083008,0.84838766,0.110386066,0.041226346
39,0,0,0.019666731357574463,0.7640954,0.20094523,0.034959503
39,0,0,0.005588501691818237,0.94048005,0.023814728,0.035705294
39,0,0,0.007210344076156616,0.942164,0.03236679,0.025469242
39,0,0,0.006546825170516968,0.88117564,0.08809808,0.030726273
39,0,0,0.0231056809425354,0.77036035,0.20415463,0.025485106
39,0,0,0.006137281656265259,0.91296905,0.015491441,0.07153955
39,0,0,0.005661994218826294,0.9289179,0.021028696,0.05005346
39,0,0,0.007324099540710449,0.9329124,0.028338451,0.038749218
39,0,0,0.013105511665344238,0.88923806,0.06715129,0.043610774
39,0,0,0.005936682224273682,0.89489543,0.08036513,0.02473957
39,0,0,0.007073104381561279,0.9301905,0.021119028,0.048690546
39,0,0,0.008973926305770874,0.9158357,0.025776979,0.058387443
39,0,0,0.011997908353805542,0.8900258,0.04550593,0.06446845
39,0,0,0.005401790142059326,0.92129195,0.018068554,0.060639527
60,0,0,0.0017874836921691895,0.9753286,0.011494517,0.01317692
60,0,0,0.0023839473724365234,0.97304106,0.013558209,0.013400717
60,0,0,0.0009497702121734619,0.98479766,0.008522089,0.0066803047
60,0,0,0.0021868497133255005,0.9824152,0.010112528,0.007472274
60,0,0,0.0019476786255836487,0.9826349,0.010328618,0.007036496
60,0,0,0.0008363425731658936,0.9813068,0.011923927,0.006769333
60,0,0,0.0038560032844543457,0.97377,0.015407731,0.010822358
60,0,0,0.00535835325717926,0.9621721,0.010773063,0.027054913
60,0,0,0.0010930374264717102,0.98206794,0.011854083,0.0060781003
60,0,0,0.0013731122016906738,0.98429596,0.009482014,0.0062220064
60,0,0,0.0008403435349464417,0.98522544,0.009003721,0.005770955
60,0,0,0.0011807829141616821,0.9836444,0.010431245,0.0059244134
60,0,0,0.002132609486579895,0.9820769,0.010555066,0.0073681353
60,0,0,0.0015515685081481934,0.98309255,0.009261908,0.007645652
60,0,0,0.0014056041836738586,0.981399,0.008906393,0.009694718
60,0,0,0.0017833635210990906,0.9791641,0.012811174,0.008024849
60,0,0,0.001075245440006256,0.98380846,0.00808147,0.008110086
60,0,0,0.002846039831638336,0.9814779,0.009167427,0.009354655
60,0,0,0.0008174777030944824,0.98444104,0.008441271,0.007117773
60,0,0,0.0012907758355140686,0.9830957,0.010083002,0.0068213874
60,0,0,0.0009385421872138977,0.98284346,0.008358241,0.008798409
60,0,0,0.0029661208391189575,0.9795216,0.0080560995,0.01242238
60,0,0,0.0024662911891937256,0.97316504,0.015224312,0.011610628
60,0,0,0.0012678876519203186,0.9785758,0.010476871,0.010947427
60,0,0,0.001581035554409027,0.9797062,0.008851054,0.011442751
60,0,0,0.001321449875831604,0.98333645,0.0076646404,0.008999055
60,0,0,0.0014196410775184631,0.98402596,0.008149734,0.0078244265
60,0,0,0.0015126317739486694,0.9824891,0.007838213,0.009672719
60,0,0,0.002025984227657318,0.9781207,0.008069159,0.013810287
60,0,0,0.0030709952116012573,0.965332,0.02381513,0.01085296
60,0,0,0.0017500519752502441,0.9746483,0.01393189,0.011419983
60,0,0,0.001611262559890747,0.9767613,0.01035418,0.012884597
60,0,0,0.0014339759945869446,0.980632,0.008303038,0.0110649485
60,0,0,0.002751074731349945,0.9793462,0.010404395,0.010249481
60,0,0,0.002133868634700775,0.97708136,0.009419814,0.01349895
60,0,0,0.004189416766166687,0.96626496,0.013581516,0.020153508
60,0,0,0.0029435455799102783,0.9662984,0.025762461,0.007939196
60,0,0,0.004245638847351074,0.959367,0.03234681,0.008286288
60,0,0,0.001983657479286194,0.97404766,0.018848056,0.00710443
60,0,0,0.002479240298271179,0.97802746,0.013456848,0.008515764
60,0,0,0.0015838146209716797,0.9800615,0.011620166,0.00831833
60,0,0,0.002218388020992279,0.9781855,0.012015292,0.0097993
60,0,0,0.003217563033103943,0.9685164,0.011374597,0.020109022
60,0,0,0.002576276659965515,0.9692516,0.00950787,0.021240668
60,0,0,0.003937453031539917,0.97451365,0.020150581,0.00533581
60,0,0,0.0010031536221504211,0.98102045,0.013440143,0.005539369
60,0,0,0.002156265079975128,0.9776605,0.015894467,0.006445045
60,0,0,0.0021607279777526855,0.9759383,0.015923727,0.00813801
60,0,0,0.004509225487709045,0.96196514,0.017203407,0.020831486
60,0,0,0.003089427947998047,0.95288455,0.014564602,0.03255094
60,0,0,0.0073836445808410645,0.95732296,0.019358238,0.023318896
405,0,2,0.002766042947769165,0.033573303,0.012883977,0.95354277
405,0,2,0.02452850341796875,0.3586107,0.04889067,0.5924986
405,0,0,0.02589881420135498,0.5806678,0.039900728,0.37943155
405,0,2,0.011430025100708008,0.35670802,0.05116795,0.59212416
405,0,2,0.013710618019104004,0.25139722,0.066079624,0.68252325
405,0,2,0.014486074447631836,0.20078485,0.060021184,0.73919404
405,0,2,0.009829223155975342,0.10167118,0.06209912,0.83622974
405,0,0,0.03289586305618286,0.60750955,0.03494562,0.3575448
405,0,0,0.02079916000366211,0.8214192,0.04745559,0.13112536
405,0,0,0.017887800931930542,0.8715536,0.028476251,0.09997022
405,0,0,0.015126228332519531,0.8420973,0.052358698,0.105544165
405,0,0,0.033514559268951416,0.7293559,0.08222418,0.18842001
405,0,0,0.018486857414245605,0.6436668,0.118467286,0.237866
405,0,2,0.026291847229003906,0.3844016,0.12998836,0.48561016
405,0,0,0.020796924829483032,0.85631317,0.02907972,0.11460716
405,0,0,0.011153221130371094,0.9052927,0.030590747,0.064116664
405,0,0,0.008859336376190186,0.852147,0.039175328,0.1086778
405,0,0,0.016173183917999268,0.7686346,0.061158642,0.17020674
405,0,0,0.016957581043243408,0.68363035,0.086072,0.2302977
405,0,0,0.016603946685791016,0.57805496,0.09785345,0.32409167
405,0,0,0.01836252212524414,0.5375857,0.08253274,0.3798817
405,0,0,0.025345981121063232,0.54072666,0.104609676,0.3546637
405,0,0,0.01668083667755127,0.78672576,0.047843356,0.16543101
405,0,0,0.009985476732254028,0.91523266,0.03042026,0.05434714
405,0,0,0.012935876846313477,0.8858509,0.042309146,0.071839966
405,0,0,0.030108153820037842,0.76165175,0.07762944,0.1607189
405,0,0,0.016637563705444336,0.47475255,0.13774954,0.387498
405,0,0,0.022427022457122803,0.4517776,0.1401084,0.40811405
405,0,2,0.026443183422088623,0.35215768,0.12116504,0.52667737
405,0,0,0.03003484010696411,0.67578954,0.06936437,0.2548461
405,0,0,0.03085029125213623,0.6873859,0.035405934,0.2772082
405,0,0,0.032195985317230225,0.8066666,0.033145063,0.16018842
405,0,0,0.01705583930015564,0.8629964,0.03316431,0.103839435
405,0,0,0.01529759168624878,0.80947274,0.066608705,0.123918675
405,0,0,0.030708789825439453,0.66155636,0.12609491,0.21234877
405,0,0,0.03248703479766846,0.4324051,0.14348866,0.4241063
405,0,2,0.022030353546142578,0.33651286,0.1290088,0.5344785
405,0,2,0.01683253049850464,0.26111466,0.0965562,0.64232916
405,0,2,0.014430999755859375,0.24502705,0.01361182,0.74136114
405,0,2,0.021439790725708008,0.33703718,0.023326447,0.63963646
405,0,0,0.019330382347106934,0.6653649,0.061584197,0.27305087
405,0,0,0.023813843727111816,0.45436445,0.22320406,0.32243162
405,0,2,0.02221083641052246,0.38984448,0.18009245,0.43006313
405,0,2,0.015636682510375977,0.2840075,0.12380286,0.59218967
405,0,2,0.01339942216873169,0.24847806,0.092853405,0.6586686
405,0,2,0.02737361192703247,0.27694732,0.13286957,0.5901831
405,0,2,0.01505213975906372,0.23314176,0.10420432,0.662654
61,0,0,0.03769063949584961,0.5782565,0.28061426,0.14112917
61,0,0,0.02342808246612549,0.6565285,0.2978188,0.045652796
61,0,0,0.017198681831359863,0.73281837,0.24741498,0.019766733
61,0,0,0.03198409080505371,0.61106485,0.30435523,0.084579974
61,0,0,0.02392679452896118,0.75288606,0.2008375,0.046276465
61,0,0,0.012448251247406006,0.8886811,0.09471661,0.016602337
61,0,0,0.010740876197814941,0.86621904,0.12694548,0.0068355617
61,0,0,0.0037689805030822754,0.91686213,0.077195175,0.0059427735
61,0,0,0.00933140516281128,0.89514244,0.06475524,0.04010246
61,0,0,0.005406558513641357,0.90987635,0.06380338,0.026320245
61,0,0,0.00365564227104187,0.9513806,0.034474988,0.014144465
61,0,0,0.0037355273962020874,0.9565066,0.033988107,0.0095054265
61,0,0,0.004604965448379517,0.9184424,0.07378451,0.0077731367
61,0,0,0.005958974361419678,0.9226426,0.046367567,0.030989965
61,0,0,0.003962621092796326,0.9487126,0.035287663,0.015999846
61,0,0,0.0031859129667282104,0.9621978,0.023489246,0.014312997
61,0,0,0.002371490001678467,0.9703384,0.017072696,0.0125888875
61,0,0,0.0016922801733016968,0.9744057,0.016182782,0.009411562
61,0,0,0.007409870624542236,0.8957942,0.08747392,0.016731864
61,0,0,0.004648864269256592,0.9441691,0.038637012,0.017193984
61,0,0,0.002069920301437378,0.96662134,0.022265885,0.011112848
61,0,0,0.0014586150646209717,0.97942066,0.012245451,0.008333976
61,0,0,0.0014300420880317688,0.98010343,0.011256987,0.008639587
61,0,0,0.0032081305980682373,0.929769,0.050353263,0.019877836
61,0,0,0.0032487809658050537,0.94176674,0.040991493,0.017241834
61,0,0,0.001961037516593933,0.9666123,0.022423612,0.010964186
61,0,0,0.0020371749997138977,0.9773725,0.012140236,0.010487293
61,0,0,0.0012227147817611694,0.98000026,0.010234507,0.009765313
61,0,0,0.007019519805908203,0.92674196,0.027624566,0.045633547
61,0,0,0.0045809149742126465,0.938134,0.040816903,0.021049185
61,0,0,0.0019146651029586792,0.96253073,0.024958251,0.012511103
61,0,0,0.0021474510431289673,0.9726709,0.015404417,0.011924757
61,0,0,0.0053844153881073,0.9457198,0.044615958,0.00966442
403,0,0,0.0010023489594459534,0.9846332,0.010192634,0.00517423
403,0,0,0.0020064115524291992,0.9795532,0.015861865,0.004584964
403,0,0,0.0021781399846076965,0.9846197,0.0074874824,0.007892863
403,0,0,0.0013855025172233582,0.9816016,0.012993364,0.0054051415
403,0,0,0.0015264376997947693,0.9759698,0.020547736,0.0034825657
403,0,0,0.00126715749502182,0.9824469,0.01083074,0.0067223823
403,0,0,0.0012814849615097046,0.97953033,0.012819771,0.007649919
403,0,0,0.002664312720298767,0.97114336,0.022154434,0.00670225
403,0,0,0.0025079697370529175,0.9785004,0.013180678,0.008319024
403,0,0,0.0018672198057174683,0.97982055,0.01075113,0.009428438
403,0,0,0.0029179006814956665,0.9613237,0.03280202,0.0058744284
403,0,0,0.0036309659481048584,0.96106994,0.02529313,0.013637032
403,0,0,0.0064292848110198975,0.9409306,0.029291283,0.02977827
391,0,0,0.004064127802848816,0.95428944,0.03664277,0.009067863
391,0,0,0.002829819917678833,0.95598584,0.038137164,0.0058771153
391,0,0,0.00584748387336731,0.95161253,0.04053,0.00785756
391,0,0,0.005706727504730225,0.93829226,0.0521665,0.009541375
391,0,0,0.0013810992240905762,0.9812554,0.012484714,0.0062599676
391,0,0,0.0022045373916625977,0.970567,0.024500037,0.00493303
391,0,0,0.004606068134307861,0.96082467,0.034420237,0.004755198
391,0,0,0.0065971314907073975,0.9255637,0.06839151,0.0060449047
391,0,0,0.013129591941833496,0.77118456,0.22195946,0.0068560448
391,0,0,0.0013251155614852905,0.9830019,0.012140931,0.0048572985
391,0,0,0.0023866668343544006,0.97761923,0.018354986,0.0040258686
391,0,0,0.0035966336727142334,0.96411324,0.031637184,0.0042496207
391,0,0,0.004719212651252747,0.947686,0.04813205,0.004181981
391,0,0,0.0050087571144104,0.9268795,0.06910217,0.0040183254
391,0,0,0.0013174191117286682,0.9829806,0.012831586,0.004187802
391,0,0,0.0026827752590179443,0.9798832,0.015899334,0.0042176056
391,0,0,0.0031047016382217407,0.96903706,0.026133494,0.0048295585
391,0,0,0.004239395260810852,0.9673741,0.02829749,0.0043284576
391,0,0,0.004406929016113281,0.9573204,0.038110167,0.004569548
391,0,0,0.001690700650215149,0.982015,0.013961504,0.004023485
391,0,0,0.0019177943468093872,0.9816358,0.014966207,0.003398079
391,0,0,0.0038148388266563416,0.97740644,0.018611295,0.003982261
391,0,0,0.001790061593055725,0.9728329,0.023199182,0.003967923
391,0,0,0.0022946596145629883,0.97303206,0.023538614,0.0034293255
391,0,0,0.00176316499710083,0.97513855,0.02100652,0.003854994
391,0,0,0.004799798130989075,0.96838784,0.027538605,0.0040736874
391,0,0,0.002765759825706482,0.96762156,0.028706916,0.0036716303
391,0,0,0.002382829785346985,0.962334,0.0343174,0.0033486972
391,0,0,0.004777789115905762,0.9538678,0.042813998,0.0033182832
391,0,0,0.002338409423828125,0.96992785,0.02631125,0.0037610058
391,0,0,0.006922602653503418,0.94133615,0.054551333,0.0041125542
391,0,0,0.006576180458068848,0.92556095,0.07063418,0.0038049165
391,0,0,0.0047113001346588135,0.93762845,0.058343653,0.004028067
391,0,0,0.005733460187911987,0.9218853,0.07448117,0.0036336523
86,0,2,0.004648715257644653,0.012730389,0.033800296,0.95346946
86,0,2,0.0042012035846710205,0.0146388365,0.060944032,0.92441726
86,0,2,0.0019955337047576904,0.007341779,0.027000515,0.9656577
86,0,2,0.0028839558362960815,0.008211123,0.02219154,0.9695973
86,0,2,0.013388574123382568,0.053629838,0.13675539,0.80961484
86,0,2,0.00702279806137085,0.025338242,0.043102447,0.9315594
86,0,2,0.002348661422729492,0.010798974,0.01983241,0.9693687
86,0,2,0.0014092326164245605,0.0091425525,0.017777767,0.97307974
86,0,2,0.00287841260433197,0.009063453,0.015699122,0.9752375
86,0,2,0.001273415982723236,0.009513389,0.010194995,0.98029166
86,0,2,0.00759318470954895,0.076828875,0.022496015,0.9006752
86,0,2,0.0023635923862457275,0.01954865,0.015802784,0.96464866
86,0,2,0.0019081979990005493,0.015482749,0.012896841,0.9716205
86,0,2,0.0016397833824157715,0.014125789,0.012496651,0.97337765
38,0,0,0.010190784931182861,0.8466921,0.09537122,0.057936843
38,0,0,0.0038600564002990723,0.9337086,0.04578017,0.020511242
38,0,0,0.006982922554016113,0.9109902,0.07571581,0.013294149
38,0,0,0.008128881454467773,0.86649203,0.11736881,0.016139243
38,0,0,0.01892244815826416,0.58094674,0.23893948,0.18011387
38,0,0,0.009201228618621826,0.8514514,0.10351404,0.04503459
38,0,0,0.004698812961578369,0.933407,0.050776683,0.01581642
38,0,0,0.004537492990493774,0.94091207,0.04943987,0.009648162
38,0,0,0.00572127103805542,0.9342354,0.057280563,0.008484146
38,0,0,0.018851876258850098,0.7294298,0.19516173,0.07540861
38,0,0,0.008794695138931274,0.8710635,0.0973281,0.03160856
38,0,0,0.005607321858406067,0.9510574,0.039319895,0.009622736
38,0,0,0.002858385443687439,0.96316,0.027765833,0.009074351
38,0,0,0.010463058948516846,0.77816033,0.16384844,0.05799136
38,0,0,0.0075272321701049805,0.89884055,0.079166435,0.02199318
38,0,0,0.0037685036659240723,0.95252764,0.0362552,0.011217186
38,0,0,0.005059570074081421,0.96717864,0.023914602,0.00890681
38,0,0,0.012987017631530762,0.61532,0.2560597,0.12862033
38,0,0,0.012827575206756592,0.82455295,0.12706345,0.04838371
38,0,0,0.007943332195281982,0.91900116,0.060069963,0.02092888
38,0,0,0.006009846925735474,0.94683284,0.036442213,0.016724957
38,0,0,0.0031762421131134033,0.950262,0.029351844,0.020386223
38,0,0,0.011658072471618652,0.64522123,0.26473165,0.09004717
38,0,0,0.014107286930084229,0.84550697,0.11428066,0.04021241
38,0,0,0.005226939916610718,0.9261729,0.046716884,0.027110185
38,0,0,0.008508294820785522,0.94289005,0.034467556,0.02264252
38,0,0,0.007607996463775635,0.9261705,0.031521082,0.042308472
38,0,0,0.023623347282409668,0.47178292,0.4577041,0.070513085
38,0,0,0.016174018383026123,0.765474,0.18504083,0.04948518
38,0,0,0.004223465919494629,0.93409455,0.04733135,0.018574215
38,0,0,0.007278770208358765,0.94159704,0.03279353,0.025609545
38,0,0,0.006623178720474243,0.94013387,0.023222014,0.03664416
38,0,0,0.018832921981811523,0.7107325,0.24731028,0.041957334
38,0,0,0.00847923755645752,0.8231282,0.15255314,0.024318768
38,0,0,0.006215929985046387,0.94935465,0.039606497,0.011038914
38,0,0,0.0033317506313323975,0.9652588,0.018529719,0.016211698
38,0,0,0.003280356526374817,0.96130866,0.01132989,0.027361523
8,0,0,0.05837869644165039,0.6077259,0.036131386,0.3561428
8,0,0,0.002440020442008972,0.9659209,0.008702994,0.025376154
8,0,0,0.003738880157470703,0.96654814,0.00597939,0.027472582
8,0,0,0.00273992121219635,0.978651,0.008245607,0.0131034795
8,0,0,0.0033061951398849487,0.9829325,0.0076893764,0.00937808
8,0,0,0.0025770962238311768,0.9812422,0.0098861735,0.008871764
8,0,0,0.0023483186960220337,0.9722916,0.018583322,0.009125188
8,0,0,0.0026240944862365723,0.97566164,0.013706533,0.010631978
8,0,0,0.0030268877744674683,0.97240704,0.01055093,0.017042033
8,0,0,0.002205967903137207,0.97518766,0.014200238,0.010612143
8,0,0,0.0029812827706336975,0.97696793,0.013857948,0.009174126
8,0,0,0.001995280385017395,0.9760745,0.01852815,0.005397402
8,0,0,0.0026357918977737427,0.96961254,0.022670792,0.007716774
8,0,0,0.004467308521270752,0.947086,0.033916894,0.018997215
8,0,0,0.0037516355514526367,0.9576036,0.029541159,0.012855306
8,0,0,0.0029989778995513916,0.96496856,0.023782358,0.01124919
8,0,0,0.0020475536584854126,0.97549725,0.016651446,0.007851403
8,0,0,0.0018254294991493225,0.98029643,0.012013763,0.007689724
8,0,0,0.001837708055973053,0.9785719,0.015723674,0.005704502
8,0,0,0.0017564967274665833,0.97976744,0.014330439,0.0059021916
8,0,0,0.005949258804321289,0.9297194,0.039945364,0.030335361
8,0,0,0.00596928596496582,0.9456645,0.038482446,0.015853109
8,0,0,0.0034507066011428833,0.9618632,0.030404408,0.007732535
8,0,0,0.0035494714975357056,0.97033095,0.022016937,0.007652137
8,0,0,0.0020557940006256104,0.97648716,0.015437875,0.008075102
8,0,0,0.00271587073802948,0.97605,0.01669518,0.0072548366
8,0,0,0.00243377685546875,0.9811015,0.011810036,0.007088519
8,0,0,0.003949850797653198,0.945574,0.0320284,0.02239772
8,0,0,0.0030170828104019165,0.9605543,0.029332137,0.010113733
8,0,0,0.0035319924354553223,0.96319467,0.029932756,0.0068726856
8,0,0,0.0015601664781570435,0.9706026,0.02326524,0.0061322944
8,0,0,0.004602640867233276,0.96992165,0.020496087,0.009582276
8,0,0,0.0033230185508728027,0.973546,0.01628351,0.010170494
8,0,0,0.0014130398631095886,0.98515904,0.0076778787,0.0071631586
8,0,0,0.0005196630954742432,0.9859308,0.008561426,0.0055077733
8,0,0,0.0018750876188278198,0.9661454,0.024529375,0.009325381
8,0,0,0.003413662314414978,0.97181493,0.022446532,0.0057386295
8,0,0,0.0038168132305145264,0.96309656,0.02867696,0.008226634
8,0,0,0.010744303464889526,0.9476498,0.040443648,0.0119066825
8,0,0,0.004324078559875488,0.9462829,0.03781507,0.015901972
8,0,0,0.0026717931032180786,0.9688159,0.018920334,0.012263776
8,0,0,0.0016802698373794556,0.9840392,0.007875198,0.008085675
8,0,0,0.0019443556666374207,0.98463464,0.007663186,0.007702146
8,0,0,0.0030124783515930176,0.9708002,0.023456352,0.0057435515
8,0,0,0.0029957443475723267,0.97311616,0.020527292,0.006356538
8,0,0,0.0015579164028167725,0.9723357,0.02159115,0.0060731405
8,0,0,0.005860388278961182,0.95541775,0.033213228,0.011369218
8,0,0,0.004433959722518921,0.9471898,0.03257567,0.020234497
8,0,0,0.0029077529907226562,0.96473634,0.012500102,0.022763595
8,0,0,0.0023097842931747437,0.9746362,0.006676798,0.018687064
8,0,0,0.002191118896007538,0.97730404,0.0070817717,0.015614297
8,0,0,0.003913745284080505,0.9669774,0.016790122,0.016232522
8,0,0,0.00429476797580719,0.97235435,0.018377857,0.009267814
8,0,0,0.0017586573958396912,0.9779552,0.0138869425,0.008157824
8,0,0,0.0018349513411521912,0.9800961,0.013323779,0.0065801647
8,0,0,0.002539597451686859,0.97751415,0.013682204,0.008803744
8,0,0,0.0035710185766220093,0.9746454,0.0080577405,0.017296996
8,0,0,0.003258123993873596,0.9625657,0.0058533903,0.03158096
8,0,0,0.0035720467567443848,0.9617037,0.005600298,0.032696042
8,0,0,0.004779517650604248,0.9202711,0.005941394,0.07378762
8,0,0,0.0040703266859054565,0.9645979,0.008051479,0.027350664
8,0,0,0.005598708987236023,0.96349716,0.008029216,0.02847382
8,0,0,0.0015789344906806946,0.98020345,0.007115435,0.012681164
8,0,0,0.0017891377210617065,0.98190093,0.0066535245,0.011445643
8,0,0,0.0034272223711013794,0.9672612,0.017036118,0.015702873
8,0,0,0.0025668591260910034,0.97336674,0.008263244,0.01837007
8,0,0,0.002258315682411194,0.96561474,0.0056368997,0.02874838
8,0,0,0.005051642656326294,0.94346577,0.0067985496,0.049735744
8,0,0,0.01122063398361206,0.918959,0.0068890224,0.07415203
9,0,0,0.009813517332077026,0.9040033,0.054477338,0.041519433
9,0,0,0.006733506917953491,0.9130923,0.037510425,0.049397312
9,0,0,0.004578083753585815,0.93799776,0.023958556,0.03804385
9,0,0,0.0053538978099823,0.9385072,0.030598376,0.030894566
9,0,0,0.0036836862564086914,0.93075603,0.02562905,0.04361495
9,0,0,0.004657238721847534,0.9332573,0.02725081,0.039492015
9,0,0,0.0028663575649261475,0.94748515,0.020068016,0.03244697
9,0,0,0.0029900074005126953,0.95269066,0.024263648,0.023045719
9,0,0,0.004921823740005493,0.94056475,0.029767565,0.029667728
9,0,0,0.004990488290786743,0.92396307,0.029075755,0.046961293
9,0,0,0.005703657865524292,0.9109783,0.032432348,0.056589488
9,0,0,0.00852552056312561,0.93450993,0.01997742,0.045512702
9,0,0,0.004816561937332153,0.9490163,0.015341852,0.035641894
9,0,0,0.003326728940010071,0.9472145,0.014620992,0.038164545
9,0,0,0.003706604242324829,0.95544475,0.0135319475,0.031023396
9,0,0,0.0012683272361755371,0.96318185,0.012446987,0.02437119
9,0,0,0.004378765821456909,0.9572155,0.018456738,0.024327837
9,0,0,0.007365509867668152,0.9505866,0.01932182,0.030091586
9,0,0,0.009871035814285278,0.92442757,0.020522688,0.05504985
9,0,0,0.005408644676208496,0.93820566,0.016792452,0.045002017
9,0,0,0.0047956109046936035,0.93940383,0.017159045,0.04343725
9,0,0,0.003649383783340454,0.95359826,0.010801797,0.0356
9,0,0,0.006025731563568115,0.9487924,0.011954162,0.039253518
9,0,0,0.00340937077999115,0.96360064,0.010707627,0.025691845
9,0,0,0.004129722714424133,0.9548373,0.014757247,0.030405445
9,0,0,0.002325892448425293,0.9502429,0.018031657,0.031725567
9,0,0,0.0062446147203445435,0.94279385,0.019149244,0.038057067
9,0,0,0.002814367413520813,0.9545866,0.012009216,0.033404183
9,0,0,0.003480866551399231,0.9464187,0.01494177,0.038639657
9,0,0,0.0031439661979675293,0.9469829,0.01192536,0.04109171
9,0,0,0.007822319865226746,0.94855314,0.011975363,0.03947159
9,0,0,0.0031841695308685303,0.9557755,0.011647837,0.032576744
9,0,0,0.006006300449371338,0.9505883,0.012809683,0.03660212
9,0,0,0.0023443102836608887,0.94669205,0.01595858,0.037349366
9,0,0,0.003961116075515747,0.9628609,0.011667582,0.025471622
9,0,0,0.004013195633888245,0.9506092,0.013034693,0.036356192
9,0,0,0.0053397417068481445,0.9451381,0.013468757,0.041393157
9,0,0,0.0026966333389282227,0.94937235,0.012355212,0.038272522
9,0,0,0.006622180342674255,0.9525039,0.012575207,0.03492099
9,0,0,0.0038030147552490234,0.953058,0.01155916,0.035382893
9,0,0,0.003902912139892578,0.9520488,0.01114716,0.03680407
9,0,0,0.004074886441230774,0.9594588,0.010826842,0.029714348
9,0,0,0.0035506486892700195,0.95522094,0.013199193,0.03158003
9,0,0,0.002429753541946411,0.9612652,0.010862472,0.027872352
9,0,0,0.003755345940589905,0.9602596,0.010704222,0.029036198
9,0,0,0.0036560148000717163,0.9612295,0.010260155,0.028510457
9,0,0,0.005536511540412903,0.9493325,0.01112507,0.039542552
9,0,0,0.003657415509223938,0.9599681,0.011159222,0.028872723
9,0,0,0.006572231650352478,0.955499,0.012754729,0.03174637
9,0,0,0.0037454813718795776,0.9579899,0.010784257,0.031225929
9,0,0,0.0027082860469818115,0.9639134,0.0100915395,0.025995135
9,0,0,0.002194732427597046,0.97265625,0.007897599,0.019446177
9,0,0,0.002511531114578247,0.9692203,0.008877964,0.02190184
9,0,0,0.0024562478065490723,0.9662254,0.009294612,0.024480147
9,0,0,0.004453584551811218,0.96746516,0.009846635,0.02268835
9,0,0,0.002287238836288452,0.97048473,0.007586924,0.021928478
9,0,0,0.0034333616495132446,0.95860654,0.009249573,0.032143965
9,0,0,0.0031964629888534546,0.9582417,0.007211417,0.034546956
9,0,0,0.0020544826984405518,0.9664756,0.006937067,0.026587443
9,0,0,0.0021680593490600586,0.9714417,0.0073208846,0.021237463
9,0,0,0.002372175455093384,0.97450346,0.007931084,0.017565465
9,0,0,0.0032121390104293823,0.97381854,0.008813072,0.01736848
9,0,0,0.002719700336456299,0.9707035,0.0068491832,0.02244736
9,0,0,0.004031121730804443,0.96733934,0.00625299,0.02640782
9,0,0,0.002820059657096863,0.9638283,0.0067774076,0.029394353
9,0,0,0.001704096794128418,0.97430354,0.006573952,0.01912255
9,0,0,0.0028502270579338074,0.97949827,0.006805887,0.013695892
9,0,0,0.0014977306127548218,0.9805053,0.007825307,0.011669506
9,0,0,0.002277158200740814,0.97714645,0.0077393963,0.015114258
9,0,0,0.003973931074142456,0.97359866,0.0058743474,0.020527033
9,0,0,0.0023816972970962524,0.9715538,0.006984684,0.021461563
9,0,0,0.0011821985244750977,0.9783027,0.006121184,0.015576201
9,0,0,0.001565694808959961,0.98067105,0.0077303383,0.011598637
9,0,0,0.0016753897070884705,0.9832468,0.008133932,0.0086192805
9,0,0,0.0020763948559761047,0.9797052,0.010548938,0.009745882
9,0,0,0.001390017569065094,0.9811542,0.009045606,0.009800285
9,0,0,0.002373911440372467,0.9778476,0.005949445,0.016203005
9,0,0,0.0019209831953048706,0.97488695,0.0063203024,0.01879285
9,0,0,0.001432172954082489,0.97976404,0.0065127765,0.01372321
9,0,0,0.001979552209377289,0.98243135,0.0069139604,0.01065472
9,0,0,0.002449527382850647,0.9818403,0.009760952,0.008398812
9,0,0,0.0014508143067359924,0.98297447,0.008899784,0.008125818
9,0,0,0.0010648071765899658,0.9820637,0.009485188,0.008451182
9,0,0,0.003925710916519165,0.9769985,0.0067304876,0.016270982
9,0,0,0.002827659249305725,0.9717734,0.0070812926,0.021145312
9,0,0,0.0020088255405426025,0.97282887,0.006311671,0.02085957
9,0,0,0.0015691965818405151,0.97567505,0.0065106554,0.01781424
9,0,0,0.0013490915298461914,0.9798147,0.0075212116,0.012664159
9,0,0,0.002938970923423767,0.9765038,0.010854022,0.012642239
9,0,0,0.0024106651544570923,0.9741811,0.010042614,0.015776372
9,0,0,0.0026205331087112427,0.97347087,0.0067899385,0.019739337
9,0,0,0.002546459436416626,0.9648961,0.008436599,0.026667435
9,0,0,0.005444332957267761,0.94543713,0.009282667,0.045280226
9,0,0,0.0031062960624694824,0.9562269,0.008176572,0.0355967
9,0,0,0.0013807564973831177,0.96774566,0.008431379,0.023822997
9,0,0,0.003118664026260376,0.95551705,0.014472458,0.030010536
9,0,0,0.0041375309228897095,0.9651771,0.014219461,0.020603538
413,0,0,0.012869656085968018,0.8559362,0.13785285,0.0062109856
413,0,0,0.005909323692321777,0.91773874,0.075343385,0.006917967
413,0,0,0.00597459077835083,0.9330475,0.058044586,0.008908012
413,0,0,0.009727627038955688,0.9125301,0.07656373,0.010906245
413,0,0,0.007252126932144165,0.8880551,0.09999298,0.011952064
413,0,1,0.02610725164413452,0.21786861,0.77294844,0.009182998
413,0,0,0.02015841007232666,0.6117097,0.37852412,0.009766249
413,0,0,0.009896993637084961,0.8878749,0.10515626,0.0069688684
413,0,0,0.008981257677078247,0.92436606,0.06943039,0.0062035597
413,0,0,0.013376563787460327,0.8157782,0.17541169,0.008810185
413,0,0,0.01564621925354004,0.72237027,0.26686555,0.010764257
413,0,0,0.025848805904388428,0.7114102,0.27922845,0.00936138
413,0,0,0.024884283542633057,0.75488824,0.23776938,0.0073423916
413,0,0,0.012662351131439209,0.8513991,0.14258488,0.006016031
413,0,0,0.014329254627227783,0.86890566,0.12349814,0.007596314
413,0,0,0.00985264778137207,0.89923173,0.09320822,0.007560106
413,0,0,0.00411754846572876,0.93625623,0.054301832,0.009442007
413,0,0,0.006016969680786133,0.91292185,0.07286891,0.014209409
413,0,0,0.014702200889587402,0.8284037,0.13755341,0.03404306
413,0,1,0.016545414924621582,0.24966015,0.73478156,0.015558415
413,0,1,0.021105289459228516,0.24213149,0.7428861,0.01498253
413,0,0,0.03735482692718506,0.52256715,0.46349254,0.01394039
413,0,0,0.015503108501434326,0.7834629,0.206465,0.010072098
413,0,0,0.003832578659057617,0.94015115,0.053756293,0.0060926494
413,0,0,0.004545748233795166,0.9327141,0.06261648,0.0046694167
413,0,0,0.014772474765777588,0.83350325,0.15869646,0.007800376
413,0,0,0.021649837493896484,0.7832452,0.20556942,0.01118547
413,0,0,0.021298468112945557,0.808754,0.17986852,0.011377658
413,0,0,0.015875399112701416,0.87622887,0.11369424,0.010076927
413,0,0,0.008009076118469238,0.9142863,0.079410724,0.006303024
413,0,0,0.00825616717338562,0.9273779,0.06579975,0.0068224934
413,0,0,0.007231652736663818,0.92060405,0.0721512,0.007244773
413,0,0,0.009039998054504395,0.9233582,0.06684486,0.0097970385
413,0,0,0.014899522066116333,0.8898984,0.091507964,0.018593777
413,0,0,0.01872435212135315,0.857353,0.12110445,0.021542562
413,0,1,0.024708271026611328,0.4766724,0.50207365,0.02125397
413,0,0,0.02233821153640747,0.56904924,0.4164967,0.014454153
413,0,0,0.028552591800689697,0.6223466,0.36328307,0.014370297
413,0,0,0.015495151281356812,0.84378946,0.14543185,0.010778706
413,0,0,0.002866029739379883,0.94781524,0.04546152,0.006723357
413,0,0,0.00426444411277771,0.9638978,0.029845566,0.0062566586
413,0,0,0.0024961382150650024,0.96545386,0.029616067,0.004930114
413,0,0,0.009651005268096924,0.92578816,0.06604508,0.008166842
413,0,0,0.011324554681777954,0.91611296,0.073859066,0.010028062
413,0,0,0.005279168486595154,0.958959,0.033500772,0.0075403047
413,0,0,0.004462137818336487,0.9579262,0.034226634,0.0078471955
413,0,0,0.006163641810417175,0.9471272,0.046143882,0.006728999
413,0,0,0.005964100360870361,0.9345313,0.058733717,0.0067351335
413,0,0,0.0061626136302948,0.92679167,0.066411145,0.0067972825
413,0,0,0.010648459196090698,0.9086228,0.08120544,0.010171949
413,0,0,0.006502747535705566,0.91068923,0.07775028,0.011560632
413,0,0,0.012317746877670288,0.8745158,0.09189882,0.033585567
413,0,0,0.014269798994064331,0.8228505,0.16517206,0.011977567
413,0,0,0.017684966325759888,0.8658429,0.12289791,0.011259333
413,0,0,0.005567580461502075,0.9420624,0.05087053,0.007067169
413,0,0,0.0030145347118377686,0.9604034,0.032874927,0.0067217825
413,0,0,0.0031203478574752808,0.9635513,0.02951196,0.0069368253
413,0,0,0.0016604363918304443,0.9739482,0.020292636,0.005759231
413,0,0,0.004876568913459778,0.9646971,0.029951395,0.0053516366
413,0,0,0.0038552582263946533,0.9549542,0.039787617,0.0052582114
413,0,0,0.00842912495136261,0.9440634,0.047248032,0.008688709
413,0,0,0.002662554383277893,0.96934336,0.024641996,0.006014729
413,0,0,0.0038148611783981323,0.95423394,0.03847317,0.0072929617
413,0,0,0.0048729777336120605,0.93306077,0.061878823,0.005060465
413,0,0,0.005975693464279175,0.9132771,0.07973018,0.0069928253
413,0,0,0.00698477029800415,0.9129472,0.0810831,0.005969775
413,0,0,0.006597310304641724,0.9173473,0.07286662,0.009786145
413,0,0,0.009504765272140503,0.901525,0.08509596,0.013379066
413,0,0,0.011693447828292847,0.8868363,0.10356591,0.0095978845
413,0,0,0.010890603065490723,0.90558976,0.08581627,0.008593996
413,0,0,0.005147874355316162,0.9561374,0.037460726,0.0064019863
413,0,0,0.002457663416862488,0.96989787,0.024060098,0.0060420893
413,0,0,0.0021103769540786743,0.9676093,0.026240064,0.006150709
413,0,0,0.0016525834798812866,0.97234744,0.021872941,0.005779707
413,0,0,0.0016948729753494263,0.978756,0.016466234,0.0047778473
413,0,0,0.0033413320779800415,0.9647059,0.028451638,0.006842619
413,0,0,0.00654582679271698,0.9407068,0.05150581,0.0077874577
413,0,0,0.005752995610237122,0.94211274,0.049073704,0.008813648
413,0,0,0.0073539018630981445,0.944887,0.04623567,0.008877532
413,0,0,0.007103174924850464,0.93187976,0.06040803,0.0077123223
413,0,0,0.007425516843795776,0.90969855,0.08468944,0.00561207
413,0,0,0.007217824459075928,0.8967315,0.09569355,0.0075749727
413,0,0,0.0075266361236572266,0.8952107,0.097095236,0.007694118
400,0,0,0.000998474657535553,0.9864024,0.0064118174,0.0071858275
400,0,0,0.001969344913959503,0.9837576,0.010377515,0.0058649066
400,0,0,0.005277454853057861,0.9731916,0.02026776,0.0065407236
400,0,0,0.002798125147819519,0.9726901,0.0062342808,0.021075714
400,0,0,0.0016788840293884277,0.9748096,0.0061555854,0.019034974
400,0,0,0.001845136284828186,0.97769195,0.007989295,0.014318854
400,0,0,0.0014451369643211365,0.98269564,0.00887201,0.00843234
400,0,0,0.001613132655620575,0.9831859,0.0063324478,0.010481698
400,0,0,0.004173196852207184,0.97960585,0.0072411057,0.013153103
400,0,0,0.002010039985179901,0.97780246,0.00685443,0.015343205
400,0,0,0.0013721063733100891,0.9817881,0.0066364845,0.011575476
400,0,0,0.0011780411005020142,0.9834761,0.010716172,0.0058077145
400,0,0,0.0009166300296783447,0.9832501,0.008122436,0.00862755
400,0,0,0.0021010637283325195,0.97940445,0.0075122225,0.013083357
400,0,0,0.0015998408198356628,0.98123085,0.0086542405,0.010114968
269,1,1,0.0019155889749526978,0.012302151,0.9741334,0.013564611
269,1,1,0.00188542902469635,0.019335654,0.9697654,0.01089907
269,1,1,0.0035161972045898438,0.024546782,0.96290976,0.012543515
269,1,1,0.0058100223541259766,0.012035822,0.9027616,0.08520271
269,1,1,0.004155546426773071,0.0060951337,0.9328493,0.061055623
269,1,1,0.00325968861579895,0.008251739,0.9706508,0.021097563
269,1,1,0.001756325364112854,0.01854864,0.9674742,0.013977317
269,1,1,0.007759615778923035,0.027969047,0.9461289,0.025902048
269,1,1,0.020401060581207275,0.0075477045,0.7502247,0.24222776
269,1,1,0.00268515944480896,0.007250735,0.9605905,0.032158915
269,1,1,0.0024945884943008423,0.013645169,0.96390384,0.02245112
331,1,1,0.02904486656188965,0.011398895,0.5419924,0.4466088
331,1,1,0.018533647060394287,0.005803031,0.704129,0.29006806
331,1,1,0.013766169548034668,0.0077623883,0.63643163,0.35580596
331,1,2,0.014527440071105957,0.009134552,0.3174054,0.6734601
331,1,1,0.00838702917098999,0.005639774,0.8268751,0.1674852
331,1,1,0.00671696662902832,0.00572352,0.8632587,0.1310179
331,1,1,0.005563616752624512,0.004911511,0.8996896,0.09539901
299,1,1,0.0025901496410369873,0.010840506,0.97588116,0.013278406
299,1,1,0.002643302083015442,0.008822785,0.9585697,0.032607637
299,1,1,0.0014196410775184631,0.010882406,0.97826844,0.010849281
299,1,1,0.0015638619661331177,0.0131012,0.97632873,0.010570226
299,1,1,0.0016739070415496826,0.008448342,0.9769634,0.014588261
299,1,1,0.0019588470458984375,0.008617255,0.9496647,0.041718096
299,1,1,0.0008994191884994507,0.01103902,0.979023,0.009938027
299,1,1,0.0015559345483779907,0.009612312,0.9756559,0.014731845
299,1,1,0.0034108757972717285,0.008497644,0.96167976,0.029822685
299,1,1,0.004760324954986572,0.011050227,0.87922823,0.109721616
299,1,1,0.01770961284637451,0.022373132,0.6563938,0.32123303
299,1,1,0.003336191177368164,0.009656806,0.97000444,0.020338729
299,1,1,0.0024519264698028564,0.008482864,0.9580129,0.0335043
299,1,1,0.005561858415603638,0.011377309,0.91627586,0.072346866
299,1,1,0.006849884986877441,0.016250847,0.74236757,0.24138168
299,1,1,0.0016018152236938477,0.0066920626,0.9637416,0.029566433
299,1,1,0.0046634674072265625,0.009220504,0.9223596,0.068419985
198,1,1,0.0027140676975250244,0.031732325,0.9594058,0.008862018
198,1,1,0.0021208375692367554,0.02253735,0.9654536,0.0120090665
198,1,1,0.004272282123565674,0.07353596,0.9177669,0.008697203
198,1,1,0.019014835357666016,0.22985293,0.7489148,0.021232354
198,1,0,0.019133925437927246,0.44970202,0.4315765,0.11872154
198,1,0,0.01833045482635498,0.7741514,0.19871572,0.027132992
198,1,1,0.009735405445098877,0.13135122,0.8585756,0.010073266
198,1,1,0.015596270561218262,0.24606965,0.7214107,0.032519784
198,1,1,0.013814389705657959,0.38275203,0.5341875,0.08306055
198,1,1,0.0073060691356658936,0.10800396,0.8849188,0.007077276
198,1,1,0.012704133987426758,0.17241518,0.81365067,0.013934223
198,1,1,0.010331034660339355,0.17601241,0.78519577,0.038791835
198,1,1,0.006910771131515503,0.10943086,0.88432467,0.0062445397
198,1,1,0.008550882339477539,0.11759112,0.8517875,0.030621402
198,1,1,0.012177526950836182,0.1199435,0.8160666,0.06398991
28,1,1,0.0020859241485595703,0.013777775,0.97319347,0.013028845
28,1,1,0.0014186650514602661,0.011454795,0.9755813,0.0129640475
28,1,1,0.0022477060556411743,0.009909536,0.966109,0.023981616
28,1,1,0.0015814155340194702,0.013662443,0.9753366,0.011001001
28,1,1,0.0015787780284881592,0.012474891,0.97437173,0.013153461
28,1,1,0.0019245743751525879,0.013588493,0.97225475,0.014156873
28,1,1,0.0009699910879135132,0.016544733,0.9717082,0.011747166
28,1,1,0.0023456066846847534,0.017506456,0.9696403,0.012853265
28,1,1,0.0023319125175476074,0.015661767,0.9696592,0.014679029
28,1,1,0.0020586401224136353,0.019857662,0.96886164,0.011280785
28,1,1,0.0012639611959457397,0.018864557,0.97013205,0.011003389
28,1,1,0.001643642783164978,0.016104793,0.97263825,0.011256956
28,1,1,0.003556773066520691,0.019379409,0.9681525,0.012468122
28,1,1,0.0018967092037200928,0.015442506,0.97299904,0.011558515
28,1,1,0.002723202109336853,0.015353613,0.969884,0.01476249
28,1,1,0.0014065355062484741,0.01244593,0.9749899,0.012564209
28,1,1,0.0017348378896713257,0.0076339366,0.9757619,0.016604207
28,1,1,0.0032550394535064697,0.01208411,0.9562019,0.031714186
28,1,1,0.004701972007751465,0.013103624,0.95956075,0.027335722
28,1,1,0.0032995492219924927,0.011212426,0.95958525,0.029202439
28,1,1,0.008293390274047852,0.01865102,0.7743599,0.20698918
145,1,1,0.010413885116577148,0.02493049,0.89444494,0.08062468
145,1,1,0.005385994911193848,0.056516275,0.91124743,0.03223632
145,1,1,0.003721386194229126,0.07171427,0.9158394,0.012446417
145,1,1,0.007894337177276611,0.11515844,0.8737068,0.011134882
145,1,1,0.007472127676010132,0.12614419,0.86161834,0.012237559
145,1,1,0.0033238232135772705,0.08537946,0.9051813,0.00943936
145,1,1,0.005529910326004028,0.12814581,0.86182785,0.010026494
145,1,1,0.011092126369476318,0.17668876,0.8129516,0.010359736
145,1,1,0.01117485761642456,0.17941897,0.8087734,0.011807772
145,1,1,0.004485398530960083,0.06061241,0.9226939,0.01669377
145,1,1,0.004575759172439575,0.054913457,0.93249094,0.012595636
145,1,1,0.007053017616271973,0.06284906,0.9256884,0.011462711
145,1,1,0.0076141357421875,0.08999794,0.89907026,0.010931835
145,1,1,0.006684005260467529,0.11836274,0.87190527,0.009732187
145,1,1,0.006708413362503052,0.15753292,0.83185345,0.010613707
145,1,1,0.003840923309326172,0.08653081,0.90376014,0.009709141
145,1,1,0.003254115581512451,0.06675839,0.92401564,0.009225966
145,1,1,0.004517078399658203,0.0806202,0.9098541,0.0095258225
145,1,1,0.006417304277420044,0.11503375,0.87647593,0.00849033
145,1,1,0.008611828088760376,0.1434187,0.84655344,0.010027861
145,1,1,0.009067237377166748,0.14710127,0.8427548,0.010144069
145,1,1,0.005106329917907715,0.07759006,0.9125467,0.009863295
145,1,1,0.008461207151412964,0.11369154,0.8756321,0.0106764715
145,1,1,0.007670849561691284,0.1191051,0.87078685,0.010108107
145,1,1,0.005238622426986694,0.12738131,0.8648287,0.0077900947
145,1,1,0.006789028644561768,0.11138807,0.88034374,0.008268136
145,1,1,0.01571756601333618,0.16188608,0.82290286,0.015211178
145,1,1,0.010374605655670166,0.16095537,0.8244698,0.014574904
145,1,1,0.00954177975654602,0.14040335,0.8482263,0.011370482
145,1,1,0.010864824056625366,0.10854565,0.88280576,0.008648676
145,1,1,0.0039674341678619385,0.08271144,0.90826803,0.009020597
145,1,1,0.007830888032913208,0.11999763,0.8697653,0.010237093
145,1,1,0.006145507097244263,0.119865514,0.87039024,0.009744284
145,1,1,0.016959697008132935,0.16714188,0.82361174,0.009246446
145,1,1,0.009889483451843262,0.14361088,0.84869874,0.0076905494
145,1,1,0.009503602981567383,0.18434542,0.80854714,0.0071074935
145,1,1,0.006857454776763916,0.19829667,0.794034,0.0076694735
145,1,1,0.006916165351867676,0.1599769,0.83237183,0.0076512834
145,1,1,0.015094548463821411,0.15095456,0.83983797,0.009207543
145,1,1,0.015843868255615234,0.1588643,0.80823714,0.03289873
145,1,1,0.016911864280700684,0.3116543,0.6686212,0.019724697
145,1,1,0.011076360940933228,0.1463991,0.84115446,0.012446584
145,1,1,0.0069735050201416016,0.11770761,0.8726157,0.009676816
145,1,1,0.004032909870147705,0.10482821,0.8863788,0.008792982
145,1,1,0.004181116819381714,0.118972674,0.8732904,0.0077369423
145,1,1,0.009215980768203735,0.16437842,0.8280663,0.007555385
145,1,1,0.01046442985534668,0.19242653,0.80068105,0.0068925377
145,1,1,0.008373558521270752,0.33630532,0.655618,0.008076724
145,1,1,0.01566445827484131,0.34014392,0.6498325,0.010023654
145,1,1,0.013213515281677246,0.2345213,0.75651413,0.008964621
145,1,1,0.014070451259613037,0.17243017,0.8170745,0.010495327
145,1,1,0.01304006576538086,0.18595444,0.796746,0.01729957
145,1,1,0.018964827060699463,0.22460939,0.68873584,0.086654834
145,1,1,0.010680228471755981,0.1666574,0.82231987,0.011022867
145,1,1,0.006702005863189697,0.11349754,0.8786867,0.007815864
145,1,1,0.006345838308334351,0.124591656,0.8691284,0.006280131
145,1,1,0.011701047420501709,0.1694515,0.8236016,0.0069470205
145,1,1,0.011586546897888184,0.23484433,0.7565779,0.008577849
145,1,1,0.02499985694885254,0.3897675,0.6010607,0.009171865
145,1,1,0.015064895153045654,0.36183438,0.62917,0.008995722
145,1,1,0.010789334774017334,0.2781576,0.71207416,0.009768317
145,1,1,0.015351474285125732,0.17599434,0.81470275,0.009302904
145,1,1,0.009324133396148682,0.13920341,0.8506955,0.010101193
145,1,2,0.020152390003204346,0.1442509,0.29475665,0.5609926
145,1,1,0.014233052730560303,0.23753786,0.7461701,0.016292145
145,1,1,0.008103549480438232,0.16838041,0.82342887,0.008190753
145,1,1,0.0050490498542785645,0.14072117,0.85271055,0.0065683494
145,1,1,0.007554441690444946,0.16998918,0.8233034,0.0067074583
145,1,1,0.011050581932067871,0.2103645,0.78217506,0.0074604615
145,1,1,0.02258056402206421,0.31360945,0.67810327,0.008287311
145,1,1,0.019097328186035156,0.28609186,0.70487523,0.009033007
145,1,1,0.01007920503616333,0.25578415,0.7346599,0.009556022
145,1,1,0.008051931858062744,0.15269895,0.8380539,0.009247217
145,1,1,0.003483891487121582,0.032630052,0.95582,0.011550014
145,1,1,0.02077549695968628,0.3670055,0.62000555,0.012988953
145,1,1,0.011707603931427002,0.22470614,0.7664572,0.008836716
145,1,1,0.009405732154846191,0.12985055,0.8615358,0.008613726
145,1,1,0.005706816911697388,0.111918695,0.8790356,0.009045726
145,1,1,0.010755419731140137,0.10446546,0.8872652,0.008269465
145,1,1,0.010695785284042358,0.16435628,0.82824874,0.0073951003
145,1,1,0.018244683742523193,0.1982807,0.7911937,0.010525644
145,1,1,0.005913585424423218,0.09889759,0.88900936,0.012093199
145,1,1,0.025693416595458984,0.44864646,0.5391489,0.012204674
145,1,1,0.015624463558197021,0.24220467,0.7451822,0.01261327
145,1,1,0.011546492576599121,0.115392305,0.8727489,0.011858878
145,1,1,0.004765689373016357,0.06571729,0.9206156,0.013667115
145,1,1,0.0037364065647125244,0.05599455,0.93327504,0.01073052
145,1,1,0.005035579204559326,0.07522021,0.9135104,0.011269436
145,1,1,0.0375630259513855,0.32994556,0.6178558,0.052198745
145,1,1,0.01246553659439087,0.15773289,0.82719684,0.015070345
145,1,1,0.009130209684371948,0.06875131,0.8931491,0.038099784
270,1,1,0.002726346254348755,0.020795617,0.9719415,0.007262981
270,1,1,0.0010461807250976562,0.011659473,0.9797696,0.008571062
270,1,1,0.0022750049829483032,0.018483764,0.97400075,0.0075155473
270,1,1,0.0013560503721237183,0.015670367,0.9777089,0.0066208635
270,1,1,0.0013390332460403442,0.0094195185,0.9821452,0.008435364
270,1,1,0.0016176030039787292,0.013210358,0.9785915,0.008198145
270,1,1,0.0020619407296180725,0.011309654,0.97727877,0.0114116045
136,1,1,0.0019824057817459106,0.023989737,0.9676133,0.008397031
136,1,1,0.004270404577255249,0.039465208,0.9515335,0.009001352
136,1,1,0.004157349467277527,0.044418108,0.94569176,0.009890176
136,1,1,0.00944092869758606,0.009273871,0.9119922,0.07873395
136,1,1,0.015517592430114746,0.010167468,0.74826854,0.24156412
136,1,2,0.020378828048706055,0.012663464,0.47364572,0.5136909
136,1,1,0.017655611038208008,0.04808753,0.8091252,0.14278738
136,1,1,0.027227699756622314,0.056887284,0.7656352,0.17747757
136,1,1,0.0075179338455200195,0.033289135,0.91008043,0.056630507
136,1,1,0.0035745948553085327,0.02013528,0.9601704,0.019694416
136,1,1,0.004418238997459412,0.02629809,0.96300024,0.010701798
136,1,1,0.002888426184654236,0.018069312,0.97120833,0.010722377
136,1,1,0.003647744655609131,0.012246001,0.96795946,0.019794514
136,1,1,0.005594193935394287,0.010687336,0.9427749,0.046537813
136,1,1,0.009480386972427368,0.010236161,0.9164378,0.073326126
136,1,1,0.009675741195678711,0.053589836,0.8512828,0.095127456
136,1,1,0.01606130599975586,0.04538932,0.8282807,0.12632999
136,1,1,0.009249120950698853,0.031274974,0.8876113,0.08111382
136,1,1,0.003535836935043335,0.019823585,0.9510499,0.029126465
136,1,1,0.0023140013217926025,0.015327578,0.96165687,0.023015637
136,1,1,0.004095003008842468,0.014239036,0.964795,0.020966053
136,1,1,0.0029885172843933105,0.011974369,0.9611803,0.026845349
136,1,1,0.0038151443004608154,0.013117308,0.9496954,0.037187375
136,1,1,0.0026476383209228516,0.012814704,0.95426095,0.032924514
136,1,1,0.004750847816467285,0.03685099,0.9404298,0.022719292
136,1,1,0.008807271718978882,0.03125547,0.9220309,0.046713687
136,1,1,0.006036490201950073,0.024548268,0.9314093,0.044042505
136,1,1,0.0028717219829559326,0.019399699,0.94259614,0.03800428
136,1,1,0.003752991557121277,0.014476861,0.95184916,0.033674005
136,1,1,0.004268020391464233,0.013464185,0.9541069,0.03242893
136,1,1,0.0037718117237091064,0.014601366,0.94621944,0.039179325
136,1,1,0.002925962209701538,0.017008951,0.9501985,0.032792605
136,1,1,0.004370987415313721,0.017616061,0.9524744,0.029909607
136,1,1,0.0030330270528793335,0.03362941,0.9546919,0.011678887
136,1,1,0.002587929368019104,0.027559085,0.9520923,0.020348715
136,1,1,0.003907263278961182,0.023000283,0.95130646,0.025693202
136,1,1,0.0021988898515701294,0.017523611,0.9497442,0.032732286
136,1,1,0.004255026578903198,0.017010815,0.94234335,0.04064591
136,1,1,0.004695326089859009,0.014177633,0.9386557,0.047166858
136,1,1,0.004364013671875,0.01631301,0.93285555,0.050831515
136,1,1,0.0032302886247634888,0.017033542,0.9436372,0.039329357
136,1,1,0.0017464607954025269,0.014460489,0.94892025,0.036619402
136,1,1,0.0029250532388687134,0.029001135,0.9574256,0.013573345
136,1,1,0.004705473780632019,0.02740086,0.9501976,0.022401612
136,1,1,0.006659716367721558,0.024352007,0.9305397,0.04510834
136,1,1,0.0039799511432647705,0.022540523,0.92631817,0.051141445
136,1,1,0.007120460271835327,0.020718355,0.9106741,0.06860766
136,1,1,0.004303544759750366,0.016419433,0.9263456,0.057235077
136,1,1,0.007256180047988892,0.014691956,0.93129534,0.054012887
136,1,1,0.004585921764373779,0.012568901,0.93476754,0.052663576
136,1,1,0.0029089748859405518,0.034704868,0.9481708,0.017124444
136,1,1,0.005021572113037109,0.032458752,0.9382846,0.029256748
136,1,1,0.006756246089935303,0.027790112,0.9217255,0.050484482
136,1,1,0.004953563213348389,0.020618245,0.9267829,0.05259889
136,1,1,0.0073089599609375,0.020907942,0.9100506,0.06904165
136,1,1,0.0049002766609191895,0.015472808,0.91881037,0.06571695
136,1,1,0.008731842041015625,0.012466577,0.91332114,0.07421243
136,1,1,0.004704028367996216,0.010426048,0.92914593,0.060428225
136,1,1,0.005316868424415588,0.02654395,0.94899625,0.024459893
136,1,1,0.009982019662857056,0.027383588,0.92123485,0.051381603
136,1,1,0.016819357872009277,0.02000599,0.88601816,0.093975894
136,1,1,0.016582995653152466,0.020444369,0.89305794,0.086497694
136,1,1,0.011285722255706787,0.019795846,0.86585325,0.114350975
136,1,1,0.012577861547470093,0.018151222,0.86662,0.115229
136,1,1,0.005715101957321167,0.014659794,0.8718225,0.113517866
136,1,1,0.007392168045043945,0.011600463,0.90695935,0.08144026
136,1,2,0.04337185621261597,0.019968929,0.44733867,0.53269255
136,1,1,0.015056133270263672,0.023631856,0.90926886,0.06709932
136,1,1,0.012229770421981812,0.016554432,0.89792347,0.08552213
136,1,1,0.026417285203933716,0.022870801,0.8400625,0.13706677
136,1,1,0.010856062173843384,0.018337,0.8640954,0.11756776
136,1,1,0.01422196626663208,0.02300486,0.80980575,0.16718951
136,1,1,0.017594903707504272,0.016944457,0.8677012,0.11535445
136,1,1,0.004888564348220825,0.0127610015,0.9027659,0.08447323
136,1,1,0.010136127471923828,0.0113064675,0.9072515,0.08144217
136,1,1,0.02287071943283081,0.010086767,0.7571293,0.23278393
136,1,1,0.016393542289733887,0.01618289,0.85971975,0.12409746
136,1,1,0.01933884620666504,0.014782093,0.792499,0.19271906
136,1,1,0.021091938018798828,0.020652348,0.7572579,0.22208981
136,1,1,0.03591710329055786,0.019237403,0.76517546,0.2155872
136,1,1,0.01569080352783203,0.020287687,0.8630649,0.116647534
136,1,1,0.006741553544998169,0.0119221695,0.92063546,0.06744247
136,1,1,0.005972772836685181,0.010021538,0.91996187,0.07001662
136,1,1,0.007542461156845093,0.009093618,0.87574,0.115166456
136,1,1,0.015503168106079102,0.009222805,0.7526318,0.23814543
136,1,1,0.006937861442565918,0.014726121,0.9274587,0.057815317
136,1,1,0.009261280298233032,0.01706918,0.8946994,0.08823149
136,1,1,0.007146239280700684,0.015283512,0.9178754,0.06684111
136,1,1,0.008906334638595581,0.01564495,0.91843843,0.06591676
136,1,1,0.01074361801147461,0.017471548,0.89623505,0.08629348
136,1,1,0.014844894409179688,0.015918897,0.85367095,0.13041022
136,1,1,0.020852088928222656,0.017648851,0.8581813,0.12416997
136,1,1,0.024387478828430176,0.016310537,0.71798825,0.26570135
136,1,1,0.027414143085479736,0.016445002,0.56006104,0.42349398
136,1,1,0.009371757507324219,0.018657638,0.89585793,0.085484505
136,1,1,0.022500991821289062,0.018568171,0.7736306,0.20780134
136,1,1,0.00669175386428833,0.013810886,0.92401546,0.062173747
136,1,1,0.028659939765930176,0.03205296,0.7155156,0.25243154
136,1,1,0.0460394024848938,0.08375886,0.47263068,0.44361046
136,1,2,0.067818284034729,0.17214356,0.34812164,0.4797349
136,1,0,0.0650896430015564,0.602527,0.1843826,0.21309054
136,1,0,0.04544776678085327,0.54652756,0.17378774,0.2796847
212,2,0,0.029767394065856934,0.5976469,0.1174013,0.28495193
212,2,2,0.027791917324066162,0.022756457,0.21114723,0.7660964
212,2,2,0.009927600622177124,0.061664306,0.027549291,0.9107865
212,2,2,0.010671555995941162,0.12675907,0.023424668,0.8498164
212,2,2,0.013702690601348877,0.193307,0.09907121,0.7076218
212,2,2,0.011455357074737549,0.011199822,0.07759499,0.9112053
212,2,2,0.00300733745098114,0.012685433,0.04043663,0.946878
212,2,2,0.0028292685747146606,0.024660965,0.016546825,0.95879227
212,2,2,0.0022584348917007446,0.022055715,0.013146043,0.96479833
212,2,2,0.003155529499053955,0.023745427,0.022199947,0.95405465
212,2,2,0.004449397325515747,0.01956295,0.047869015,0.9325681
212,2,2,0.008883535861968994,0.009922888,0.06345175,0.9266254
212,2,2,0.003133222460746765,0.010394146,0.026091328,0.96351457
212,2,2,0.002148464322090149,0.010551177,0.013182676,0.9762662
212,2,2,0.002115771174430847,0.012559801,0.016191194,0.97124904
212,2,2,0.0016229748725891113,0.013832491,0.014467151,0.9717005
212,2,2,0.0038477033376693726,0.023877602,0.024603587,0.95151895
212,2,2,0.0048988014459609985,0.011716471,0.04102883,0.9472548
212,2,2,0.002426713705062866,0.0120114265,0.021836862,0.9661518
212,2,2,0.002537146210670471,0.010966377,0.016868088,0.9721656
212,2,2,0.002830296754837036,0.012870904,0.015759101,0.97137
212,2,2,0.003174617886543274,0.020860361,0.016677072,0.96246266
212,2,2,0.0053977370262146,0.019772295,0.05590037,0.9243274
212,2,2,0.002949535846710205,0.0168979,0.038180042,0.94492215
212,2,2,0.0019724369049072266,0.015802339,0.030740745,0.953457
212,2,2,0.0062451958656311035,0.013275438,0.06999972,0.9167249
184,2,2,0.013702392578125,0.063306466,0.10687647,0.8298172
184,2,2,0.002496883273124695,0.022946548,0.013943062,0.96311057
184,2,2,0.002421364188194275,0.019086745,0.012471149,0.96844226
184,2,2,0.0025626718997955322,0.025448348,0.018674986,0.95587665
184,2,2,0.00235883891582489,0.017616993,0.0129876835,0.96939546
184,2,2,0.004836216568946838,0.016140042,0.012769809,0.97109014
184,2,2,0.0037545114755630493,0.020122321,0.017470373,0.9624074
184,2,2,0.0019585788249969482,0.018775977,0.013826392,0.9673978
184,2,2,0.002187013626098633,0.017194852,0.014352794,0.96845245
184,2,2,0.005481228232383728,0.03264131,0.013210988,0.95414776
184,2,2,0.007452458143234253,0.06955259,0.014827302,0.9156202
184,2,2,0.007738828659057617,0.06591299,0.018531812,0.91555524
184,2,2,0.008498549461364746,0.13719946,0.010940194,0.8518604
184,2,2,0.007986187934875488,0.122073784,0.013036066,0.8648902
184,2,0,0.018023967742919922,0.7745442,0.017180584,0.20827529
242,2,2,0.0368838906288147,0.33908835,0.16692829,0.49398336
242,2,2,0.004443466663360596,0.048049018,0.029368727,0.92258227
242,2,2,0.0174294114112854,0.12643062,0.13114472,0.7424247
242,2,0,0.026424050331115723,0.46309283,0.32471785,0.21218936
242,2,2,0.008580118417739868,0.05536788,0.044461053,0.9001713
242,2,2,0.024308085441589355,0.098838665,0.14746842,0.7536931
242,2,2,0.020111680030822754,0.23636952,0.24520266,0.51842797
242,2,2,0.02358955144882202,0.22458106,0.23932059,0.5360984
242,2,2,0.00421673059463501,0.023169097,0.01885988,0.9579711
242,2,2,0.005871593952178955,0.04800943,0.022266733,0.9297239
242,2,2,0.01138603687286377,0.096604966,0.08505497,0.81834024
242,2,2,0.006926625967025757,0.073180415,0.045465153,0.8813545
242,2,2,0.00581812858581543,0.04744027,0.04104753,0.9115123
242,2,2,0.004313409328460693,0.09257347,0.024707338,0.8827193
242,2,2,0.004384845495223999,0.08980683,0.024493618,0.8856996
298,2,2,0.021801352500915527,0.27938712,0.327458,0.3931549
298,2,1,0.020864009857177734,0.07967409,0.50248104,0.41784498
298,2,2,0.02110898494720459,0.3382803,0.16105436,0.50066537
298,2,0,0.027366995811462402,0.42391986,0.16878003,0.40730023
298,2,0,0.02811288833618164,0.41092858,0.21222813,0.37684342
298,2,2,0.022763609886169434,0.28034794,0.26354006,0.45611206
298,2,2,0.01467067003250122,0.1211434,0.21891296,0.6599437
298,2,2,0.014474272727966309,0.07521969,0.33950633,0.58527404
298,2,2,0.022603988647460938,0.30875733,0.17271283,0.5185299
298,2,2,0.026224851608276367,0.30978605,0.19935639,0.49085754
298,2,2,0.017015039920806885,0.32956386,0.1712487,0.49918747
298,2,2,0.02219146490097046,0.20496318,0.1872602,0.6077767
298,2,2,0.019121289253234863,0.07071061,0.32844952,0.6008399
298,2,2,0.01606529951095581,0.14156964,0.20121531,0.6572152
298,2,2,0.012142419815063477,0.15155457,0.14391536,0.7045301
298,2,2,0.006900608539581299,0.066188686,0.25924617,0.67456514
178,2,2,0.002360507845878601,0.014228271,0.014373923,0.9713978
178,2,2,0.0031597763299942017,0.021005213,0.013712136,0.9652828
178,2,2,0.00289839506149292,0.017007384,0.013292115,0.9697006
178,2,2,0.002404153347015381,0.013454327,0.012571754,0.97397405
178,2,2,0.0018881559371948242,0.01089202,0.011905974,0.9772022
178,2,2,0.00388529896736145,0.01254625,0.014958194,0.9724957
178,2,2,0.0053910017013549805,0.028424172,0.018704364,0.9528715
178,2,2,0.004112064838409424,0.03212026,0.022591725,0.94528806
178,2,2,0.00403343141078949,0.029234923,0.019123731,0.9516414
178,2,2,0.0024212896823883057,0.021580296,0.013647245,0.9647726
178,2,2,0.0015225186944007874,0.01260296,0.010077714,0.9773193
178,2,2,0.0019197165966033936,0.014272616,0.010189707,0.9755376
178,2,2,0.005226314067840576,0.028452113,0.015885761,0.9556622
178,2,2,0.0028575360774993896,0.030900804,0.021782465,0.94731677
178,2,2,0.00819215178489685,0.047585983,0.032390304,0.9200238
178,2,2,0.0038543343544006348,0.04472729,0.030604739,0.9246682
178,2,2,0.006554126739501953,0.05045344,0.02753027,0.92201626
178,2,2,0.0041415393352508545,0.02675722,0.018088916,0.95515394
178,2,2,0.004587769508361816,0.03216011,0.019947473,0.94789255
178,2,2,0.007241338491439819,0.046823185,0.029122448,0.9240544
178,2,2,0.005652278661727905,0.037281774,0.025529556,0.9371888
178,2,2,0.007322520017623901,0.055200744,0.045061197,0.89973825
178,2,2,0.008618772029876709,0.051259525,0.03421584,0.9145248
178,2,2,0.004738301038742065,0.046898622,0.030499207,0.9226022
178,2,2,0.0034504234790802,0.026444418,0.024640417,0.9489151
178,2,2,0.0054326653480529785,0.024576366,0.025495669,0.9499281
178,2,2,0.007653534412384033,0.032959413,0.0299566,0.937084
178,2,2,0.0067414939403533936,0.045930944,0.0382557,0.9158134
178,2,2,0.009015411138534546,0.04711291,0.031654175,0.92123294
178,2,2,0.003402993083000183,0.021861825,0.022797389,0.95534086
178,2,2,0.003052935004234314,0.019546185,0.026838975,0.95361483
178,2,2,0.00456652045249939,0.02774037,0.034338083,0.9379216
85,2,0,0.009947091341018677,0.84687,0.13048443,0.022645641
85,2,0,0.011090099811553955,0.8758904,0.071749076,0.052360598
85,2,0,0.015384256839752197,0.757852,0.15744026,0.08470784
85,2,0,0.00909656286239624,0.7691302,0.17409128,0.0567786
85,2,0,0.02974224090576172,0.7088025,0.04162506,0.24957255
85,2,0,0.01624995470046997,0.7798082,0.08066915,0.13952275
85,2,0,0.02435225248336792,0.5986954,0.15993921,0.2413654
85,2,0,0.030303120613098145,0.49843243,0.16103296,0.34053475
85,2,0,0.022905468940734863,0.5515844,0.026313953,0.4221017
85,2,2,0.028276920318603516,0.41858113,0.021452969,0.55996597
176,2,2,0.0021765530109405518,0.023634426,0.022548836,0.9538169
176,2,2,0.003429204225540161,0.018068587,0.027613213,0.95431834
176,2,2,0.0027872174978256226,0.02012775,0.029371697,0.9505006
176,2,2,0.005602240562438965,0.03766127,0.027860658,0.9344782
176,2,2,0.0031216293573379517,0.028662033,0.022264037,0.9490739
176,2,2,0.0017588138580322266,0.013103685,0.01949524,0.96740115
176,2,2,0.003215298056602478,0.01231881,0.02689927,0.9607821
176,2,2,0.004205971956253052,0.011639026,0.03184769,0.9565134
176,2,2,0.007027924060821533,0.015100204,0.06676307,0.9181369
176,2,2,0.008725732564926147,0.014599256,0.1300468,0.8553541
176,2,2,0.006553947925567627,0.05082314,0.040474225,0.90870285
176,2,2,0.0054125189781188965,0.03541007,0.029849842,0.93474025
176,2,2,0.003560110926628113,0.018528577,0.022588525,0.9588831
176,2,2,0.003160923719406128,0.013040984,0.036838472,0.95012057
176,2,2,0.004887521266937256,0.013217541,0.060451716,0.9263308
176,2,2,0.01690089702606201,0.017913297,0.23027116,0.7518156
176,2,2,0.023348510265350342,0.016964627,0.46405277,0.51898265
176,2,2,0.014106392860412598,0.014740452,0.4359331,0.5493265
176,2,2,0.005060434341430664,0.039826564,0.0301435,0.93003
176,2,2,0.005598157644271851,0.038332853,0.03187388,0.9297934
176,2,2,0.007444024085998535,0.029405294,0.053959407,0.9166354
176,2,2,0.008842378854751587,0.04213655,0.096951336,0.8609121
176,2,2,0.019944071769714355,0.03692675,0.25665775,0.7064156
176,2,1,0.029530227184295654,0.026713053,0.52702284,0.4462642
176,2,1,0.023384451866149902,0.017422238,0.7213305,0.26124737
176,2,1,0.014196395874023438,0.013413126,0.68424994,0.30233693
176,2,1,0.034899115562438965,0.19440876,0.5511507,0.25444067
176,2,1,0.015608072280883789,0.03389911,0.6472144,0.31888664
176,2,1,0.011002957820892334,0.023520943,0.78729355,0.18918568
176,2,1,0.01287931203842163,0.013429644,0.8165669,0.17000355
231,2,2,0.0021815448999404907,0.0060265944,0.02034466,0.9736288
231,2,2,0.0032209306955337524,0.009490585,0.03280941,0.9577002
231,2,2,0.003917291760444641,0.010109244,0.047860626,0.9420302
231,2,2,0.0017373710870742798,0.008412764,0.034304786,0.9572826
231,2,2,0.002436727285385132,0.008466773,0.016860193,0.97467315
308,2,2,0.0033044815063476562,0.023935592,0.041220468,0.934844
308,2,2,0.004924267530441284,0.017475963,0.049080327,0.9334437
308,2,2,0.005110710859298706,0.026838087,0.034413453,0.93874854
308,2,2,0.0018867403268814087,0.020236129,0.027825488,0.95193845
308,2,2,0.004345595836639404,0.018661223,0.039833833,0.941505
308,2,2,0.003104165196418762,0.019338759,0.03281186,0.94784945
308,2,2,0.002919912338256836,0.021041473,0.030953268,0.9480053
308,2,2,0.0021637678146362305,0.016525762,0.023422346,0.960052
308,2,2,0.007195562124252319,0.016174426,0.06994563,0.91388005
308,2,2,0.012643814086914062,0.014829119,0.097472765,0.8876982
308,2,2,0.0070820152759552,0.038334556,0.06379406,0.89787143
308,2,2,0.014701783657073975,0.042763516,0.17477971,0.7824568
308,2,2,0.0036374032497406006,0.024065193,0.04647275,0.929462
308,2,2,0.004169970750808716,0.016969766,0.0431453,0.9398851
308,2,2,0.010126769542694092,0.012708367,0.13648622,0.85080546
308,2,2,0.014775276184082031,0.011721008,0.09197675,0.89630234
308,2,2,0.007147341966629028,0.016081175,0.06876026,0.9151586
308,2,1,0.05143648386001587,0.07179483,0.6237117,0.30449358
308,2,2,0.011206477880477905,0.013073155,0.09999554,0.8869314
308,2,2,0.021454036235809326,0.013179113,0.13966395,0.84715706
308,2,1,0.016339600086212158,0.025662482,0.7553325,0.21900518
