parcel_id,truth,pred,epistemic,prob_0,prob_1,prob_2
107,0,0,0.0,0.85621166,0.088409945,0.0553784
107,0,0,2.9802322387695312e-08,0.8734927,0.09340167,0.033105668
107,0,0,0.0,0.8990812,0.038591634,0.06232722
107,0,0,0.0,0.8950902,0.09026496,0.014645023
107,0,2,0.0,0.35013315,0.035207458,0.6146594
107,0,0,0.0,0.596645,0.044353522,0.3590016
107,0,0,0.0,0.8656993,0.11506601,0.019234737
107,0,0,0.0,0.9228192,0.066694215,0.010486678
107,0,0,0.0,0.90162086,0.083134115,0.0152453575
107,0,0,2.9802322387695312e-08,0.84990567,0.13036443,0.019729955
107,0,0,0.0,0.8245606,0.049390603,0.12604886
107,0,0,0.0,0.60755724,0.07020677,0.32223612
107,0,0,0.0,0.64354014,0.040765505,0.3156944
107,0,0,0.0,0.7850872,0.16633764,0.048575196
107,0,0,0.0,0.8473087,0.119956054,0.032735325
107,0,0,0.0,0.94949764,0.04130022,0.009202294
107,0,0,0.0,0.91831607,0.06774868,0.013935272
107,0,0,0.0,0.70092714,0.051619068,0.24745394
107,0,0,0.0,0.8193852,0.14671671,0.03389806
107,0,0,5.960464477539063e-08,0.6086117,0.06069704,0.33069134
107,0,0,0.0,0.74529785,0.23198,0.022722196
107,0,0,0.0,0.9414148,0.042981006,0.015604406
107,0,0,0.0,0.94865245,0.038713954,0.012633646
107,0,0,0.0,0.83248085,0.029127453,0.13839164
107,0,0,0.0,0.80861676,0.03021183,0.16117145
107,0,0,5.960464477539063e-08,0.81613594,0.025332032,0.15853205
107,0,0,0.0,0.8864332,0.025041351,0.088525556
107,0,0,0.0,0.73963654,0.0522355,0.20812802
107,0,0,0.0,0.6462288,0.056884866,0.29688644
107,0,0,0.0,0.8445825,0.13518353,0.020234194
107,0,0,0.0,0.7284794,0.058128815,0.2133918
107,0,0,5.960464477539063e-08,0.6958165,0.06279547,0.2413879
107,0,0,0.0,0.9178852,0.052303802,0.029811218
107,0,0,0.0,0.8460437,0.025842212,0.12811418
107,0,0,0.0,0.80937916,0.0359511,0.1546699
107,0,0,0.0,0.80405253,0.03947552,0.15647204
107,0,0,0.0,0.8524884,0.02803501,0.11947674
107,0,0,0.0,0.9379047,0.015452635,0.04664273
107,0,0,0.0,0.944236,0.042507812,0.013256309
107,0,0,0.0,0.9486019,0.03907679,0.012321355
107,0,0,0.0,0.9363002,0.024370413,0.039329443
107,0,0,0.0,0.9541579,0.03786555,0.0079766875
107,0,0,2.9802322387695312e-08,0.94633245,0.04574264,0.007924944
107,0,0,0.0,0.8496434,0.032604862,0.117751844
107,0,0,5.960464477539063e-08,0.8160259,0.028428176,0.15554585
107,0,0,0.0,0.78884727,0.03503332,0.17611955
107,0,0,0.0,0.7596855,0.03954324,0.20077133
107,0,0,0.0,0.8012089,0.033849258,0.16494192
107,0,0,0.0,0.9493824,0.0443229,0.0062947073
107,0,0,0.0,0.93655723,0.011535076,0.051907796
107,0,0,0.0,0.93946666,0.011889832,0.04864355
107,0,0,8.940696716308594e-08,0.9634735,0.02542126,0.011105241
107,0,0,0.0,0.95839745,0.0275075,0.014095155
107,0,0,0.0,0.94939387,0.042010147,0.008596156
107,0,0,0.0,0.9254476,0.04160489,0.03294768
107,0,0,5.960464477539063e-08,0.9249579,0.05181237,0.023229834
107,0,0,0.0,0.9329704,0.04527894,0.021750731
107,0,0,0.0,0.94276243,0.04397509,0.013262612
107,0,0,0.0,0.9642067,0.01283873,0.022954814
107,0,0,0.0,0.92689323,0.017157178,0.055949677
107,0,0,0.0,0.9695686,0.016386738,0.014044756
107,0,0,0.0,0.92646974,0.015474137,0.058056258
107,0,0,0.0,0.9291682,0.060266577,0.010565373
107,0,0,0.0,0.91099495,0.07733984,0.01166524
107,0,0,0.0,0.7905493,0.034295898,0.17515497
107,0,0,2.9802322387695312e-08,0.94181585,0.040404037,0.017780108
107,0,0,5.960464477539063e-08,0.94200957,0.043546427,0.01444406
107,0,0,0.0,0.93280745,0.052063294,0.0151293
107,0,0,0.0,0.8895356,0.02867928,0.08178516
107,0,0,0.0,0.9271928,0.023670787,0.04913646
107,0,0,0.0,0.950592,0.04119221,0.0082160495
107,0,0,0.0,0.95039123,0.0198944,0.029714605
107,0,0,0.0,0.9195909,0.03337707,0.047032252
107,0,0,0.0,0.8367577,0.054992188,0.108250365
107,0,0,0.0,0.8211419,0.054918025,0.123940155
107,0,0,0.0,0.9353475,0.04413446,0.020518178
107,0,0,2.9802322387695312e-08,0.92640513,0.042550366,0.031044548
107,0,0,2.9802322387695312e-08,0.907826,0.07499953,0.017174393
107,0,0,2.9802322387695312e-08,0.90130186,0.081016704,0.01768144
107,0,0,0.0,0.7438623,0.11549552,0.1406423
107,0,0,0.0,0.65613854,0.020829815,0.3230317
107,0,0,0.0,0.9034504,0.071811624,0.02473812
107,0,0,5.960464477539063e-08,0.8924505,0.07891407,0.028635455
395,0,0,0.0,0.9630496,0.028005507,0.008945005
395,0,0,0.0,0.897747,0.09382531,0.008427894
395,0,0,0.0,0.92054075,0.07011747,0.00934187
395,0,0,0.0,0.9573073,0.033844154,0.00884864
395,0,0,0.0,0.9425146,0.046829693,0.010655726
395,0,0,0.0,0.95113504,0.03492772,0.013937213
395,0,0,0.0,0.9424306,0.04755367,0.010015734
395,0,0,0.0,0.90091383,0.087713614,0.011372596
395,0,0,0.0,0.9001869,0.07158726,0.02822592
395,0,0,0.0,0.8029973,0.18091175,0.016091185
404,0,0,0.0,0.4867733,0.03131007,0.48191658
404,0,2,0.0,0.39898086,0.036982875,0.56403637
404,0,2,0.0,0.21492605,0.040059313,0.7450148
404,0,0,0.0,0.94656414,0.011558834,0.041877132
404,0,0,0.0,0.91702384,0.03006594,0.05291025
404,0,0,0.0,0.7204248,0.066833764,0.21274163
404,0,2,0.0,0.29613078,0.042953447,0.6609159
404,0,2,0.0,0.4003461,0.03479276,0.56486124
404,0,2,0.0,0.47099373,0.029530682,0.49947572
404,0,0,0.0,0.7873088,0.035871603,0.17681962
404,0,0,0.0,0.8858069,0.023547797,0.090645425
404,0,0,0.0,0.86761147,0.023543216,0.108845316
404,0,0,0.0,0.9305278,0.017923158,0.051549193
404,0,0,0.0,0.8897263,0.022006972,0.0882668
404,0,0,0.0,0.919315,0.02303142,0.057653647
404,0,0,0.0,0.84351635,0.024599446,0.1318843
404,0,0,0.0,0.7669598,0.030318348,0.20272197
404,0,0,0.0,0.52366924,0.023846887,0.4524839
404,0,0,0.0,0.85872084,0.03425991,0.107019365
404,0,0,0.0,0.7764742,0.03420762,0.18931833
404,0,0,0.0,0.8424912,0.020164097,0.13734479
404,0,0,0.0,0.83009535,0.018826038,0.15107885
404,0,0,0.0,0.8325387,0.01926603,0.14819536
404,0,0,0.0,0.8861389,0.025477907,0.08838324
404,0,0,0.0,0.84624404,0.029615412,0.124140546
404,0,0,0.0,0.90449864,0.032360062,0.06314155
404,0,0,0.0,0.87314606,0.032459285,0.09439473
404,0,0,0.0,0.7946951,0.026544696,0.17876033
404,0,0,0.0,0.90516424,0.016886631,0.077949144
404,0,0,0.0,0.8686992,0.02541208,0.10588885
404,0,0,0.0,0.85520333,0.022642996,0.1221537
404,0,0,5.960464477539063e-08,0.82937294,0.021820972,0.14880602
404,0,0,0.0,0.81705374,0.024297161,0.15864928
404,0,0,0.0,0.6963618,0.019345326,0.28429294
404,0,0,0.0,0.80715746,0.03816719,0.15467551
404,0,0,0.0,0.8821155,0.033905167,0.08397947
404,0,0,0.0,0.91604704,0.015947556,0.06800554
404,0,0,2.9802322387695312e-08,0.9010641,0.017778235,0.0811577
404,0,0,0.0,0.8082638,0.02836096,0.1633753
404,0,0,0.0,0.80885714,0.027955689,0.16318722
404,0,0,0.0,0.677711,0.036110967,0.28617814
404,0,0,0.0,0.6150046,0.047429107,0.3375664
404,0,0,0.0,0.84974164,0.031457677,0.118800655
404,0,0,0.0,0.8655559,0.027208364,0.10723588
404,0,0,0.0,0.91530704,0.017416224,0.06727688
404,0,0,0.0,0.9383441,0.015776772,0.04587921
404,0,0,0.0,0.7270051,0.027119748,0.24587537
404,0,2,0.0,0.2354777,0.027695023,0.7368274
396,0,0,0.0,0.9413774,0.036081802,0.02254085
396,0,0,0.0,0.94171435,0.044715505,0.013570355
396,0,0,0.0,0.9618096,0.02148768,0.016702889
396,0,0,0.0,0.96367025,0.025986003,0.010343793
396,0,0,0.0,0.967186,0.024993015,0.007821114
396,0,0,2.9802322387695312e-08,0.9606917,0.02601298,0.013295336
396,0,0,0.0,0.96056235,0.028490065,0.010947657
396,0,0,5.960464477539063e-08,0.96839064,0.024555914,0.0070533897
396,0,0,0.0,0.96949714,0.023819663,0.0066834083
396,0,0,0.0,0.9237333,0.0640908,0.012175994
396,0,0,0.0,0.9652498,0.023356715,0.011393586
396,0,0,0.0,0.9691991,0.021690411,0.009110571
396,0,0,0.0,0.9605118,0.03252051,0.0069677387
396,0,0,0.0,0.76852304,0.21379048,0.01768661
396,0,0,0.0,0.9193951,0.07260985,0.007995004
396,0,0,0.0,0.9483494,0.041897494,0.009753227
396,0,0,0.0,0.913826,0.07623973,0.009934497
396,0,0,0.0,0.44897914,0.16002288,0.39099798
396,0,0,0.0,0.6319077,0.23209324,0.13599916
396,0,0,0.0,0.7397148,0.23806672,0.022218475
396,0,0,0.0,0.8506488,0.12939961,0.01995184
396,0,0,0.0,0.44845057,0.1034602,0.44808933
399,0,0,0.0,0.9164038,0.06981455,0.013781803
399,0,0,0.0,0.95122856,0.033041544,0.015729822
399,0,0,0.0,0.94224685,0.039938267,0.017815046
399,0,0,5.960464477539063e-08,0.96172017,0.020468794,0.017811054
399,0,0,0.0,0.92713934,0.051348697,0.021511983
399,0,0,0.0,0.9447395,0.043537904,0.011722696
399,0,0,0.0,0.9523777,0.03437265,0.013249736
399,0,0,7.450580596923828e-08,0.9673392,0.020135209,0.012525609
399,0,0,0.0,0.9531223,0.03657716,0.010300765
399,0,0,0.0,0.93602705,0.054883327,0.009089789
399,0,0,0.0,0.95081663,0.03866901,0.010514397
399,0,0,0.0,0.9524746,0.036880717,0.010644731
399,0,0,0.0,0.96216637,0.027827168,0.0100064725
399,0,0,0.0,0.8575029,0.12856247,0.0139348805
399,0,0,0.0,0.94810647,0.043511316,0.008382212
399,0,0,2.9802322387695312e-08,0.9560648,0.034302954,0.009632224
399,0,0,0.0,0.8292918,0.08974513,0.080963194
399,0,0,0.0,0.84086365,0.04910178,0.11003472
399,0,0,0.0,0.8767925,0.10212195,0.021085717
399,0,0,0.0,0.9350149,0.050190166,0.014795004
399,0,0,0.0,0.6784783,0.049067374,0.27245432
6,0,2,0.0,0.29307634,0.24046494,0.4664588
6,0,0,0.0,0.45302197,0.40829378,0.13868436
6,0,2,0.0,0.34141818,0.30516866,0.3534133
6,0,0,0.0,0.7940879,0.10828335,0.09762876
6,0,0,0.0,0.90827423,0.055517063,0.03620874
6,0,0,0.0,0.8814311,0.0503451,0.06822394
6,0,0,0.0,0.8575045,0.04499568,0.09749992
6,0,0,5.960464477539063e-08,0.84906065,0.046561252,0.10437806
6,0,0,0.0,0.8913785,0.037039824,0.07158174
6,0,0,0.0,0.926991,0.028805897,0.04420329
6,0,0,0.0,0.8138876,0.07513186,0.11098077
6,0,0,0.0,0.77563286,0.1039969,0.12037036
6,0,2,0.0,0.16306628,0.21091299,0.6260207
6,0,1,0.0,0.39726672,0.5481814,0.054551862
6,0,0,0.0,0.7858944,0.060339257,0.15376645
6,0,0,0.0,0.909853,0.04329864,0.046848565
6,0,0,0.0,0.8883028,0.03450685,0.07719052
6,0,0,0.0,0.94081795,0.040593326,0.018588755
6,0,0,0.0,0.9339017,0.04690127,0.01919727
6,0,0,0.0,0.9478508,0.034857024,0.017292297
6,0,0,1.4901161193847656e-08,0.9560806,0.025848443,0.018070845
6,0,0,0.0,0.9308192,0.023731511,0.045449372
6,0,0,0.0,0.9088545,0.06122978,0.029915847
6,0,0,0.0,0.91985095,0.05757841,0.022570651
6,0,0,0.0,0.9402413,0.04726202,0.012496758
6,0,0,0.0,0.92569166,0.061654627,0.012653885
6,0,0,0.0,0.9246303,0.053083684,0.02228621
6,0,0,0.0,0.8457665,0.123203784,0.031029876
6,0,1,0.0,0.3880058,0.5922778,0.019716403
6,0,0,0.0,0.6909724,0.21824235,0.09078535
6,0,0,0.0,0.7642614,0.057237286,0.1785014
6,0,0,0.0,0.91196674,0.031839825,0.056193702
6,0,0,0.0,0.874026,0.081896044,0.044078015
6,0,0,2.9802322387695312e-08,0.9010126,0.06519073,0.03379663
6,0,0,0.0,0.92920303,0.060669348,0.0101278005
6,0,0,2.9802322387695312e-08,0.9457514,0.037799325,0.016449228
6,0,0,0.0,0.94718546,0.02608065,0.026734123
6,0,0,0.0,0.9378625,0.035374325,0.026763314
6,0,0,0.0,0.9190078,0.04744053,0.0335519
6,0,0,0.0,0.9309598,0.04848116,0.02055908
6,0,0,0.0,0.9034056,0.085296586,0.011297867
6,0,0,0.0,0.90474725,0.081256784,0.013996058
6,0,1,0.0,0.0787899,0.7333891,0.18782115
6,0,1,0.0,0.37154555,0.47239754,0.15605697
6,0,0,0.0,0.68346614,0.21473624,0.10179773
6,0,0,0.0,0.80911106,0.12451112,0.06637779
6,0,0,0.0,0.8367363,0.12301969,0.04024411
6,0,0,0.0,0.8937149,0.07675665,0.029528577
6,0,0,0.0,0.90901816,0.05643348,0.03454835
6,0,0,0.0,0.91745085,0.04665209,0.035897218
6,0,0,0.0,0.9228611,0.05104212,0.026096934
6,0,0,0.0,0.9089803,0.06427831,0.026741575
6,0,0,0.0,0.9104633,0.07198927,0.017547777
6,0,1,0.0,0.06086446,0.79171383,0.14742184
6,0,1,0.0,0.0454829,0.7949162,0.1596011
6,0,1,0.0,0.2869559,0.65564466,0.05739954
6,0,0,2.9802322387695312e-08,0.8390722,0.1511926,0.009735135
6,0,0,0.0,0.9071466,0.044049814,0.04880372
6,0,0,0.0,0.8834182,0.096320406,0.020261431
6,0,0,0.0,0.9251486,0.046059083,0.028792378
6,0,0,0.0,0.93025076,0.042297017,0.02745233
6,0,0,0.0,0.9217063,0.032673232,0.045620535
6,0,1,0.0,0.034725945,0.936274,0.02900021
6,0,2,0.0,0.11440053,0.2888249,0.5967747
6,0,2,0.0,0.2808501,0.23127498,0.48787498
6,0,0,0.0,0.899958,0.08288255,0.017159518
6,0,0,0.0,0.939032,0.04126274,0.019705303
6,0,0,2.9802322387695312e-08,0.9494662,0.03546968,0.015064159
6,0,1,5.960464477539063e-08,0.037491526,0.89922345,0.06328499
6,0,2,0.0,0.05164518,0.37332678,0.575028
6,0,0,5.960464477539063e-08,0.69353247,0.15644385,0.1500238
6,0,0,0.0,0.88149893,0.031096019,0.08740505
6,0,0,0.0,0.9227954,0.046119124,0.03108556
6,0,2,0.0,0.04164718,0.25664604,0.701707
6,0,2,0.0,0.20566161,0.30278024,0.49155813
58,0,0,0.0,0.9521341,0.03289223,0.014973702
58,0,0,0.0,0.6179515,0.18658821,0.1954604
58,0,0,1.4901161193847656e-08,0.9470373,0.02772636,0.0252362
58,0,0,0.0,0.96200573,0.018750992,0.019243384
58,0,0,0.0,0.9683792,0.018005107,0.013615812
58,0,0,0.0,0.93768847,0.03315349,0.029157976
58,0,0,0.0,0.9263327,0.04939589,0.024271565
58,0,0,0.0,0.9369251,0.045380257,0.017694674
57,0,0,0.0,0.9082489,0.025585439,0.06616566
57,0,0,0.0,0.8101115,0.02392396,0.16596453
57,0,0,0.0,0.9358253,0.015690943,0.048484012
57,0,0,0.0,0.7848323,0.0686066,0.14656122
57,0,0,0.0,0.8689875,0.04984663,0.08116604
57,0,0,0.0,0.87588596,0.03798822,0.0861259
57,0,0,0.0,0.8721137,0.027784944,0.10010138
57,0,0,0.0,0.8976247,0.049359936,0.05301545
57,0,0,0.0,0.9514575,0.03796408,0.010578561
57,0,0,2.9802322387695312e-08,0.9490987,0.013676717,0.037224483
57,0,0,5.960464477539063e-08,0.9054419,0.028476184,0.06608197
57,0,0,0.0,0.78964627,0.09789739,0.11245645
57,0,0,0.0,0.8907796,0.09968687,0.009533589
57,0,0,0.0,0.95185375,0.025633167,0.022513056
57,0,0,0.0,0.9583045,0.019472176,0.022223482
57,0,0,0.0,0.8307916,0.043418035,0.12579043
57,0,0,0.0,0.89501196,0.092175685,0.012812432
57,0,0,0.0,0.8161747,0.16173145,0.022093853
57,0,0,0.0,0.73315465,0.17450528,0.09234032
57,0,0,0.0,0.45644245,0.21304016,0.33051744
57,0,0,0.0,0.8585777,0.12847903,0.012943325
57,0,0,0.0,0.8279763,0.16103157,0.010992307
57,0,0,0.0,0.90438455,0.070782155,0.024833575
57,0,0,0.0,0.7130067,0.1755769,0.11141651
57,0,0,0.0,0.9206085,0.05070724,0.028684285
57,0,0,0.0,0.9100405,0.06994616,0.020013412
57,0,0,0.0,0.76782584,0.18746118,0.04471303
57,0,0,0.0,0.84249616,0.063612975,0.09389083
57,0,0,5.960464477539063e-08,0.9433671,0.024626845,0.032006092
57,0,0,0.0,0.9454953,0.026426895,0.028077854
57,0,0,0.0,0.5941411,0.22189632,0.1839626
57,0,0,8.940696716308594e-08,0.8860479,0.03397393,0.0799781
57,0,0,0.0,0.8833524,0.033834267,0.08281346
57,0,0,0.0,0.94720703,0.022554273,0.030238688
57,0,0,0.0,0.82165766,0.12279611,0.055546373
57,0,0,0.0,0.69747126,0.076609895,0.22591892
57,0,0,5.960464477539063e-08,0.6429699,0.062667936,0.2943622
57,0,0,0.0,0.89574003,0.034752063,0.06950805
57,0,2,0.0,0.3893441,0.07672533,0.53393054
57,0,2,5.960464477539063e-08,0.24815017,0.08663612,0.6652137
57,0,2,0.0,0.32118326,0.09909323,0.5797235
57,0,2,5.960464477539063e-08,0.39816692,0.11037935,0.4914537
57,0,0,0.0,0.5496874,0.039541647,0.41077098
57,0,2,0.0,0.2698616,0.058675744,0.67146266
57,0,2,0.0,0.21161547,0.038514342,0.7498703
390,0,0,0.0,0.7566666,0.1513796,0.09195397
390,0,0,1.1920928955078125e-07,0.8667509,0.11583852,0.01741052
390,0,0,0.0,0.82389164,0.15402181,0.022086648
390,0,0,0.0,0.8687729,0.1156193,0.015607911
390,0,0,0.0,0.9261179,0.06520237,0.008679786
390,0,0,0.0,0.91557115,0.07643185,0.0079970965
390,0,0,0.0,0.93044144,0.06183859,0.007720027
390,0,0,0.0,0.95051235,0.03957816,0.009909512
390,0,0,0.0,0.9342856,0.05936895,0.006345681
390,0,0,1.4901161193847656e-08,0.948248,0.046146117,0.0056058974
390,0,0,1.4901161193847656e-08,0.96469355,0.029912323,0.0053942143
390,0,0,0.0,0.9694847,0.021884724,0.008630705
390,0,0,0.0,0.9552384,0.03983483,0.0049268287
390,0,0,0.0,0.9656859,0.02829365,0.006020456
390,0,0,4.470348358154297e-08,0.97337204,0.019382613,0.0072452226
390,0,0,0.0,0.97089726,0.019781036,0.009321722
390,0,0,4.470348358154297e-08,0.95901793,0.036091518,0.004890553
390,0,0,0.0,0.961269,0.03322609,0.00550487
390,0,0,0.0,0.9527059,0.042163633,0.005130481
390,0,0,0.0,0.9444408,0.048335917,0.0072234315
390,0,0,0.0,0.92227876,0.06553182,0.012189541
390,0,0,0.0,0.9244003,0.06633506,0.009264692
390,0,0,0.0,0.87758774,0.11563838,0.006773915
390,0,0,0.0,0.92579806,0.06022151,0.01398049
412,0,1,0.0,0.22063714,0.7006667,0.078696325
412,0,1,0.0,0.1851062,0.61768144,0.19721237
412,0,0,0.0,0.4023261,0.24354368,0.35413027
412,0,2,1.1920928955078125e-07,0.3871319,0.18700132,0.4258668
412,0,1,0.0,0.47003666,0.47388178,0.05608161
412,0,1,0.0,0.3765114,0.6027513,0.020737307
412,0,0,0.0,0.5811658,0.4071178,0.011716453
412,0,0,0.0,0.5764823,0.41067025,0.012847603
412,0,0,0.0,0.6247663,0.35540918,0.019824676
412,0,0,0.0,0.64058936,0.32994783,0.029462866
412,0,0,5.960464477539063e-08,0.70558435,0.27137172,0.023044052
412,0,0,0.0,0.88778394,0.10227999,0.009936268
412,0,0,0.0,0.8700086,0.11546196,0.01452946
412,0,0,5.960464477539063e-08,0.78083235,0.20753248,0.011635158
412,0,0,0.0,0.70516694,0.28660336,0.008229773
412,0,0,0.0,0.51824546,0.47245145,0.009303241
412,0,0,0.0,0.5892418,0.40318733,0.0075709284
412,0,0,0.0,0.83621126,0.15847914,0.00530981
412,0,0,0.0,0.8945934,0.09823358,0.007173212
412,0,0,0.0,0.8550087,0.13248397,0.012507453
412,0,0,0.0,0.7051702,0.28450027,0.010329533
412,0,0,0.0,0.7516903,0.23187904,0.01643075
412,0,0,0.0,0.54209787,0.44106838,0.016833778
412,0,0,0.0,0.70241266,0.2888128,0.008774641
412,0,0,0.0,0.88251793,0.06642316,0.051058907
412,0,0,0.0,0.8688764,0.117255755,0.013868121
412,0,0,0.0,0.8546352,0.13879411,0.006570812
412,0,0,0.0,0.9137298,0.08044317,0.005827093
412,0,0,0.0,0.8191814,0.17527081,0.005547907
412,0,0,0.0,0.84972334,0.14318779,0.0070889345
412,0,0,0.0,0.919447,0.0708905,0.009662554
412,0,0,0.0,0.93230104,0.057172928,0.010526171
412,0,0,0.0,0.8656828,0.12354827,0.010768836
412,0,0,0.0,0.868103,0.12221546,0.009681597
412,0,0,0.0,0.7231139,0.26732472,0.0095614595
412,0,0,0.0,0.84265953,0.14547627,0.011864307
412,0,0,0.0,0.8027331,0.1887281,0.008539031
412,0,0,0.0,0.74332625,0.23722775,0.019446168
412,0,0,0.0,0.67641073,0.3038823,0.01970704
412,0,0,0.0,0.82330483,0.14646813,0.030227061
412,0,0,0.0,0.88678974,0.10006382,0.013146394
412,0,0,2.9802322387695312e-08,0.8599096,0.1314905,0.008599911
412,0,0,0.0,0.8330516,0.16064425,0.0063043796
412,0,0,0.0,0.7094999,0.27947757,0.011022719
412,0,0,0.0,0.71612054,0.26282895,0.02105063
412,0,0,0.0,0.9183355,0.056033216,0.025631353
412,0,0,0.0,0.91662514,0.06694527,0.016429514
412,0,0,0.0,0.9178724,0.06773967,0.014387892
412,0,0,0.0,0.88181967,0.100047596,0.018132761
412,0,0,0.0,0.760321,0.227121,0.0125580765
412,0,0,0.0,0.71213496,0.2804205,0.007444647
412,0,0,0.0,0.7574963,0.2317893,0.010714445
412,0,0,0.0,0.76550764,0.20469643,0.029796153
412,0,0,0.0,0.65664625,0.3145576,0.028796338
412,0,0,0.0,0.6824841,0.23743762,0.08007843
412,0,0,0.0,0.5440395,0.36657143,0.08938916
412,0,0,0.0,0.5361415,0.32810342,0.13575502
412,0,0,0.0,0.55682427,0.405428,0.03774782
412,0,1,0.0,0.41773817,0.5666099,0.015651979
412,0,0,0.0,0.653618,0.32092392,0.025458137
397,0,0,0.0,0.9414764,0.040660787,0.017862843
397,0,0,0.0,0.86034536,0.12029249,0.019362265
397,0,0,0.0,0.87857074,0.106255464,0.015173934
397,0,0,0.0,0.9516058,0.03986683,0.008527393
397,0,0,0.0,0.92077976,0.06600079,0.013219375
397,0,0,0.0,0.86147535,0.12641649,0.012108265
397,0,0,0.0,0.8577724,0.103894256,0.038333412
397,0,0,0.0,0.92333364,0.06333189,0.013334528
397,0,0,0.0,0.9306661,0.055780496,0.013553496
397,0,0,0.0,0.9116349,0.07352751,0.0148377195
397,0,0,0.0,0.96317637,0.03121146,0.005612298
397,0,0,7.450580596923828e-08,0.9490816,0.043132022,0.007786362
397,0,0,0.0,0.8694739,0.1019264,0.028599752
397,0,0,0.0,0.91377395,0.06433071,0.021895394
397,0,0,1.4901161193847656e-08,0.9622389,0.030212102,0.007548993
397,0,0,0.0,0.96181417,0.029003343,0.009182551
397,0,0,0.0,0.95083725,0.034430202,0.014732666
397,0,0,2.9802322387695312e-08,0.93961585,0.050309334,0.010074721
397,0,0,2.9802322387695312e-08,0.9355594,0.058060743,0.006379974
397,0,0,0.0,0.9385791,0.05087577,0.010545437
397,0,2,0.0,0.36415347,0.23777038,0.39807627
397,0,0,0.0,0.77146053,0.21496561,0.013573882
397,0,0,0.0,0.8266489,0.16523764,0.008113451
397,0,0,0.0,0.8655151,0.12476109,0.009723856
397,0,2,1.1920928955078125e-07,0.43952447,0.05658919,0.5038864
104,0,1,0.0,0.41080472,0.5050827,0.084112614
104,0,1,0.0,0.32670787,0.505811,0.16748129
104,0,1,0.0,0.36860725,0.53256416,0.09882874
104,0,1,0.0,0.37155372,0.4580458,0.17040052
104,0,0,5.960464477539063e-08,0.9182448,0.06305187,0.018703347
104,0,0,0.0,0.751678,0.21325557,0.0350666
104,0,1,0.0,0.35446224,0.601791,0.04374676
104,0,0,0.0,0.85047764,0.13955934,0.009962994
104,0,0,5.960464477539063e-08,0.94532984,0.038621254,0.016048817
104,0,0,0.0,0.9556491,0.029777909,0.014573
104,0,0,0.0,0.88695234,0.097503215,0.015544622
104,0,0,0.0,0.913436,0.07335836,0.013205805
104,0,0,0.0,0.95871305,0.023775175,0.017511874
104,0,0,5.960464477539063e-08,0.95762885,0.021665283,0.020705802
104,0,0,0.0,0.96215296,0.023934154,0.01391293
104,0,0,0.0,0.9348393,0.05327652,0.011884209
104,0,0,0.0,0.95875734,0.023523299,0.017719558
104,0,0,5.960464477539063e-08,0.9423124,0.04610924,0.011578324
104,0,0,0.0,0.9665524,0.017550305,0.015897378
104,0,0,0.0,0.9564978,0.03105136,0.012450976
104,0,0,0.0,0.95191467,0.033211075,0.014874322
104,0,0,2.9802322387695312e-08,0.9619562,0.028219096,0.009824766
104,0,0,1.4901161193847656e-08,0.95798224,0.01815411,0.023863614
104,0,0,0.0,0.9668389,0.017231338,0.015929878
104,0,0,0.0,0.93158394,0.051759142,0.01665706
104,0,0,0.0,0.9172841,0.053252973,0.029463071
104,0,0,0.0,0.94651073,0.026822632,0.026666652
104,0,0,0.0,0.95176405,0.027055573,0.02118051
398,0,0,0.0,0.93291676,0.042209454,0.024873838
398,0,0,0.0,0.9158683,0.04554518,0.03858654
398,0,0,0.0,0.93546546,0.037299827,0.027234772
398,0,0,0.0,0.92636484,0.047605377,0.026029997
398,0,0,2.9802322387695312e-08,0.8986942,0.04437985,0.05692591
398,0,0,4.470348358154297e-08,0.95342463,0.028267106,0.018308252
398,0,0,0.0,0.9277334,0.037292767,0.034973957
398,0,0,0.0,0.93563694,0.045736562,0.018626539
398,0,0,0.0,0.92953295,0.044520464,0.025946753
398,0,0,0.0,0.92947584,0.054828733,0.015695425
398,0,0,0.0,0.9432191,0.03652456,0.020256413
398,0,0,0.0,0.9318067,0.04640079,0.021792522
167,0,2,0.0,0.07938894,0.1435851,0.7770261
167,0,0,0.0,0.5513145,0.23970178,0.20898393
167,0,1,0.0,0.16557677,0.63194686,0.2024764
167,0,1,0.0,0.41480616,0.5511076,0.03408639
167,0,2,0.0,0.030809894,0.15644018,0.81275004
167,0,1,0.0,0.331287,0.63441974,0.034293402
167,0,0,0.0,0.539042,0.42843533,0.032522604
167,0,2,0.0,0.09943931,0.047548853,0.853012
167,0,1,0.0,0.26743495,0.7115615,0.021003671
167,0,1,0.0,0.33703354,0.6156976,0.047268853
167,0,0,0.0,0.46495995,0.44040087,0.094639294
59,0,0,5.960464477539063e-08,0.5711266,0.051347535,0.37752593
59,0,0,0.0,0.92794806,0.044764433,0.027287602
59,0,0,0.0,0.8521757,0.13797522,0.009849091
59,0,0,0.0,0.89126605,0.047741693,0.060992435
59,0,0,0.0,0.8771811,0.04008621,0.0827329
59,0,0,5.960464477539063e-08,0.73669493,0.0329003,0.23040484
59,0,0,0.0,0.65877134,0.033997554,0.30723122
59,0,0,0.0,0.9329509,0.05339805,0.013651236
59,0,0,0.0,0.9782604,0.01811538,0.0036242716
59,0,0,0.0,0.97357786,0.017678447,0.008743767
59,0,0,0.0,0.9668274,0.024205932,0.008966947
59,0,0,0.0,0.8313093,0.16157022,0.0071206414
59,0,0,5.960464477539063e-08,0.6879668,0.2954209,0.016612189
59,0,0,0.0,0.9551021,0.037373263,0.0075247954
59,0,0,0.0,0.97316927,0.019575814,0.0072551062
59,0,0,0.0,0.97546494,0.018062584,0.0064724954
59,0,0,0.0,0.96767414,0.024185862,0.00814014
59,0,0,0.0,0.86382544,0.12748012,0.008694483
59,0,0,0.0,0.7952143,0.19723739,0.0075484137
59,0,0,0.0,0.93493414,0.025966845,0.03909914
59,0,0,0.0,0.9730029,0.022549015,0.0044481796
59,0,0,2.9802322387695312e-08,0.91909426,0.07427077,0.0066348836
59,0,0,0.0,0.96685165,0.027891736,0.0052565215
59,0,0,0.0,0.9341455,0.060115512,0.0057390234
59,0,0,0.0,0.9470577,0.047542416,0.0053999713
59,0,0,0.0,0.92316633,0.043394417,0.033439405
59,0,0,0.0,0.94052166,0.02990706,0.029571377
59,0,0,0.0,0.80651915,0.18656257,0.006918241
59,0,0,5.960464477539063e-08,0.96566314,0.029185679,0.0051511605
59,0,0,4.470348358154297e-08,0.966641,0.028470123,0.004888856
59,0,0,0.0,0.9396396,0.05549364,0.004866769
59,0,0,0.0,0.8050833,0.11830973,0.07660722
59,0,0,0.0,0.8660298,0.09250594,0.041464373
59,0,0,0.0,0.7945595,0.18476686,0.020673838
59,0,0,0.0,0.66972053,0.3152719,0.0150076905
59,0,0,0.0,0.9370046,0.05623117,0.0067642056
59,0,2,0.0,0.08130345,0.06266913,0.85602754
59,0,1,0.0,0.13796403,0.5723743,0.28966174
59,0,2,0.0,0.32197964,0.2884958,0.3895247
59,0,2,0.0,0.3267591,0.10505331,0.56818765
59,0,0,0.0,0.7341463,0.2358051,0.030048799
393,0,2,0.0,0.2649954,0.115904056,0.6191007
393,0,2,0.0,0.21675494,0.06774138,0.7155038
393,0,2,0.0,0.35142908,0.05568138,0.59288955
393,0,1,0.0,0.19212514,0.6165786,0.19129637
393,0,0,0.0,0.5561655,0.35914084,0.08469372
393,0,0,1.1920928955078125e-07,0.66915375,0.17017886,0.16066746
393,0,0,5.960464477539063e-08,0.92431945,0.04236926,0.033311177
393,0,1,0.0,0.31322095,0.6169474,0.06983168
393,0,0,0.0,0.80026644,0.18655118,0.013182431
393,0,0,0.0,0.92967474,0.0573791,0.0129462015
393,0,0,0.0,0.94728714,0.040017646,0.012695315
393,0,1,0.0,0.41808444,0.5045353,0.07738028
393,0,1,0.0,0.3771879,0.58458287,0.03822922
393,0,0,0.0,0.65420276,0.32893577,0.016861696
393,0,0,0.0,0.8867056,0.088832825,0.024461454
416,0,0,0.0,0.60311437,0.071171984,0.3257137
416,0,0,0.0,0.4841168,0.07686013,0.4390231
416,0,0,0.0,0.6212487,0.06682145,0.31192973
416,0,0,0.0,0.768467,0.21007292,0.021460202
416,0,0,5.960464477539063e-08,0.82105833,0.15600787,0.022933818
416,0,0,0.0,0.92982787,0.058993082,0.011179161
416,0,0,0.0,0.60121244,0.3737823,0.025005382
416,0,0,0.0,0.65387726,0.25479147,0.09133139
416,0,0,0.0,0.5817874,0.13670835,0.28150442
416,0,0,0.0,0.90132284,0.09274444,0.0059328633
416,0,0,0.0,0.892698,0.100050814,0.007251333
416,0,0,0.0,0.8884956,0.096202515,0.015301815
416,0,0,0.0,0.9448357,0.048573066,0.006591278
416,0,0,0.0,0.60405946,0.38015416,0.015786508
416,0,1,0.0,0.4240756,0.54786927,0.028055202
416,0,0,0.0,0.96772873,0.023124576,0.009146577
416,0,0,1.4901161193847656e-08,0.9624091,0.026036588,0.011554432
416,0,0,0.0,0.9593296,0.03039288,0.010277518
416,0,0,0.0,0.97445583,0.020150572,0.005393731
416,0,0,0.0,0.93681633,0.05812664,0.00505711
416,0,0,0.0,0.6912619,0.26033276,0.048405387
416,0,0,0.0,0.9362472,0.027340846,0.036412034
416,0,0,0.0,0.97224134,0.016624425,0.011134367
416,0,0,0.0,0.9726486,0.01798478,0.009366752
416,0,0,0.0,0.9683285,0.026607113,0.0050646635
416,0,0,0.0,0.9773912,0.016960923,0.005647979
416,0,0,0.0,0.9342348,0.05949201,0.006273307
416,0,0,0.0,0.65422255,0.25575382,0.09002378
416,0,0,0.0,0.93005705,0.019801274,0.050141763
416,0,0,0.0,0.9691562,0.014214825,0.016629165
416,0,0,0.0,0.9712639,0.013119497,0.015616777
416,0,0,0.0,0.9718467,0.021547303,0.006606124
416,0,0,0.0,0.97068155,0.023386164,0.005932377
416,0,0,0.0,0.9072819,0.08616996,0.006548385
416,0,0,0.0,0.6393691,0.2965035,0.064127535
416,0,0,0.0,0.92666095,0.021674227,0.05166486
416,0,0,5.960464477539063e-08,0.97121066,0.01542839,0.013360954
416,0,0,0.0,0.9718398,0.020155141,0.008005205
416,0,0,0.0,0.9608408,0.020815678,0.018343594
416,0,0,0.0,0.9515601,0.042937037,0.0055029434
416,0,0,0.0,0.9526428,0.04215772,0.005199507
416,0,0,0.0,0.9061884,0.08724629,0.006565447
416,0,0,0.0,0.7772318,0.16895661,0.053811714
416,0,0,0.0,0.9235763,0.04605694,0.030366998
416,0,0,0.0,0.9698543,0.016845744,0.013300034
416,0,0,0.0,0.9697666,0.013511077,0.016722342
416,0,0,0.0,0.96888584,0.020681681,0.010432448
416,0,0,0.0,0.9368969,0.05881374,0.0042894315
416,0,0,0.0,0.9513622,0.044009253,0.004628598
416,0,0,0.0,0.90999377,0.08141619,0.008590096
416,0,0,0.0,0.8712265,0.09546868,0.033304863
416,0,0,0.0,0.9459782,0.037247676,0.016774269
416,0,0,0.0,0.9726071,0.01918596,0.008207071
416,0,0,5.960464477539063e-08,0.9713213,0.022110837,0.006567898
416,0,0,0.0,0.9648706,0.0293837,0.005745642
416,0,0,0.0,0.95585173,0.039209526,0.004938752
416,0,0,0.0,0.9601527,0.034261603,0.0055858614
416,0,0,0.0,0.96168345,0.029656872,0.008659842
416,0,0,0.0,0.84576315,0.10655179,0.047685236
416,0,0,0.0,0.7624937,0.12464324,0.112863034
416,0,0,0.0,0.9383988,0.049783744,0.011817518
416,0,0,0.0,0.958332,0.03466423,0.0070040184
416,0,0,0.0,0.9580413,0.035899106,0.0060596056
416,0,0,0.0,0.96908796,0.02559609,0.0053161206
416,0,0,0.0,0.9591462,0.035334364,0.005519633
416,0,0,0.0,0.9550414,0.038932815,0.006025876
416,0,0,0.0,0.9276348,0.06283097,0.009534498
416,0,0,0.0,0.57448727,0.325711,0.09980197
416,0,0,0.0,0.70683193,0.25685945,0.03630883
416,0,0,0.0,0.8770535,0.11391348,0.0090330625
416,0,0,0.0,0.9505209,0.04368066,0.0057985056
416,0,0,5.960464477539063e-08,0.94866234,0.04529304,0.00604455
416,0,0,1.4901161193847656e-08,0.9590522,0.035153158,0.005794724
416,0,0,5.960464477539063e-08,0.9591534,0.03569846,0.005148192
416,0,0,0.0,0.95156085,0.042839997,0.0055992296
416,0,0,0.0,0.90441245,0.08650363,0.0090839835
416,0,0,0.0,0.71694595,0.1829641,0.100090116
416,0,0,0.0,0.63637596,0.35365635,0.009967646
416,0,0,0.0,0.88034815,0.11355665,0.0060954015
416,0,0,0.0,0.9563714,0.038067106,0.00556167
416,0,0,0.0,0.95006084,0.044361256,0.0055779293
416,0,0,0.0,0.9602165,0.033416994,0.006366694
416,0,0,0.0,0.9427061,0.05138909,0.005905024
416,0,0,0.0,0.8010712,0.1916698,0.007259145
416,0,0,0.0,0.946415,0.04505922,0.00852582
416,0,0,0.0,0.72405976,0.20953667,0.06640356
416,0,0,0.0,0.89627093,0.07427711,0.029451925
416,0,0,0.0,0.8979778,0.09237632,0.009645921
416,0,0,0.0,0.95762485,0.036908705,0.005466465
416,0,0,1.4901161193847656e-08,0.9508931,0.04214363,0.006963258
416,0,0,0.0,0.95797014,0.03485889,0.007171184
416,0,0,0.0,0.9631334,0.03065132,0.0062153167
416,0,0,0.0,0.9387055,0.05486137,0.006433304
416,0,0,0.0,0.9102345,0.0824439,0.007321617
416,0,0,0.0,0.91171706,0.08084922,0.0074338526
416,0,0,0.0,0.8836303,0.06173515,0.05463462
416,0,1,0.0,0.37212172,0.5541874,0.07369089
416,0,0,2.9802322387695312e-08,0.83250093,0.15419437,0.0133046955
416,0,0,0.0,0.93312025,0.061059013,0.0058207507
416,0,0,0.0,0.9364029,0.058854688,0.0047424384
416,0,0,0.0,0.95452654,0.04090789,0.0045656823
416,0,0,0.0,0.9557898,0.040006027,0.0042042085
416,0,0,0.0,0.9317717,0.06403554,0.0041929195
416,0,0,0.0,0.93674225,0.05737735,0.0058805607
416,0,0,0.0,0.94284075,0.05130266,0.005856682
416,0,0,0.0,0.46713376,0.07317773,0.45968848
416,0,0,1.1920928955078125e-07,0.72437537,0.2605263,0.015098482
416,0,0,5.960464477539063e-08,0.91241616,0.082069576,0.0055143856
416,0,0,0.0,0.92563474,0.06882653,0.0055387565
416,0,0,0.0,0.9249301,0.0704632,0.0046068127
416,0,0,0.0,0.94102204,0.05502054,0.003957523
416,0,0,0.0,0.8882095,0.106072694,0.0057179388
416,0,0,0.0,0.54994434,0.43710834,0.012947436
416,0,2,0.0,0.096510835,0.056119125,0.84737015
416,0,0,0.0,0.83623457,0.15578872,0.007976824
416,0,0,0.0,0.75590146,0.23322038,0.010878353
416,0,1,0.0,0.4747613,0.50279456,0.022444151
416,0,2,2.9802322387695312e-08,0.083840676,0.033903398,0.882256
21,0,1,0.0,0.42897582,0.48039487,0.090629354
21,0,0,0.0,0.7208143,0.23775499,0.041430686
21,0,0,0.0,0.86579275,0.10669304,0.027514428
21,0,0,0.0,0.9655023,0.019042727,0.01545497
21,0,0,0.0,0.9256115,0.068699926,0.0056886654
21,0,0,1.4901161193847656e-08,0.9501892,0.043301158,0.006509563
21,0,0,0.0,0.9569513,0.02568815,0.017360706
21,0,0,0.0,0.97140837,0.017451754,0.011139943
21,0,0,0.0,0.9743819,0.018504314,0.007113874
116,0,2,0.0,0.12981728,0.044122245,0.8260607
116,0,0,0.0,0.7721951,0.06673444,0.16107048
116,0,0,0.0,0.87185186,0.0662675,0.0618808
116,0,0,0.0,0.9526701,0.027554998,0.019775005
116,0,0,0.0,0.6915426,0.055926416,0.25253105
116,0,0,0.0,0.8369517,0.05699893,0.106049456
116,0,0,0.0,0.96705914,0.027944548,0.0049963295
116,0,0,0.0,0.96180487,0.025575502,0.012619696
116,0,0,0.0,0.9632013,0.03064752,0.0061513013
116,0,0,0.0,0.77684253,0.0821846,0.14097299
116,0,0,0.0,0.9670448,0.017962411,0.014993092
116,0,0,0.0,0.9728986,0.014841144,0.012260355
116,0,0,0.0,0.9686961,0.016752973,0.014550954
116,0,0,0.0,0.97395575,0.018874587,0.0071697272
116,0,0,0.0,0.9437852,0.03427007,0.021944914
116,0,0,0.0,0.95188385,0.043484766,0.0046315263
116,0,0,0.0,0.94531345,0.049948446,0.0047383285
116,0,0,7.450580596923828e-08,0.96442854,0.019779239,0.015792223
116,0,0,5.960464477539063e-08,0.9619562,0.028253948,0.00978972
116,0,0,0.0,0.9092328,0.056870036,0.033897407
116,0,0,0.0,0.85653555,0.13739504,0.0060694953
116,0,0,5.960464477539063e-08,0.814179,0.17044093,0.015380102
116,0,0,0.0,0.8707957,0.10255408,0.026650157
116,0,0,2.9802322387695312e-08,0.9354717,0.04681939,0.017708914
116,0,0,0.0,0.9161601,0.027499737,0.056340195
116,0,0,2.9802322387695312e-08,0.9166189,0.07252698,0.010854068
116,0,0,0.0,0.89525956,0.096110724,0.008629866
116,0,0,0.0,0.90833807,0.08478003,0.0068820124
116,0,0,4.470348358154297e-08,0.9562708,0.032704666,0.011024481
116,0,0,0.0,0.9577676,0.027003733,0.015228719
116,0,0,0.0,0.80488837,0.091693096,0.10341865
116,0,0,0.0,0.9478093,0.0259696,0.026221154
116,0,0,0.0,0.95451826,0.03858896,0.006892899
116,0,0,0.0,0.9511787,0.044124402,0.004696848
116,0,0,0.0,0.9545041,0.039267864,0.0062283413
116,0,0,0.0,0.97046894,0.023901746,0.005629336
116,0,0,0.0,0.95229805,0.038778767,0.008923308
116,0,0,0.0,0.9350429,0.026038848,0.03891844
116,0,0,0.0,0.97345114,0.013245251,0.013303706
116,0,0,1.4901161193847656e-08,0.96552,0.023227386,0.0112526985
116,0,0,0.0,0.96455395,0.029312352,0.006133663
116,0,0,0.0,0.96133083,0.03291567,0.0057536284
116,0,0,1.4901161193847656e-08,0.9546275,0.03920836,0.006164106
116,0,0,0.0,0.8930044,0.0972737,0.009722103
116,0,0,5.960464477539063e-08,0.8257871,0.06350878,0.11070413
116,0,0,0.0,0.89999676,0.07469982,0.025303533
116,0,0,0.0,0.97263944,0.012911676,0.014448833
116,0,0,0.0,0.96716464,0.017368885,0.0154665755
116,0,0,0.0,0.9696659,0.016411552,0.013922679
116,0,0,5.960464477539063e-08,0.96935856,0.02319662,0.0074447575
116,0,0,0.0,0.9517584,0.03873788,0.009503759
116,0,0,0.0,0.8924026,0.09699818,0.0105994195
116,0,0,0.0,0.9018602,0.07812254,0.020017473
116,0,0,0.0,0.92775446,0.061720856,0.010524645
116,0,0,0.0,0.97111374,0.012387623,0.016498677
116,0,0,0.0,0.9731111,0.0099664675,0.016922437
116,0,0,0.0,0.968535,0.022266818,0.009198288
116,0,0,0.0,0.971598,0.020185893,0.00821603
116,0,0,0.0,0.9294225,0.06066958,0.009908075
116,0,0,0.0,0.8104388,0.17815833,0.011402962
116,0,0,0.0,0.6762788,0.3083198,0.015401451
116,0,0,0.0,0.8976536,0.08531526,0.017031293
116,0,0,0.0,0.8935876,0.09628076,0.010131728
116,0,0,0.0,0.92797476,0.06300475,0.009020593
116,0,0,0.0,0.9499058,0.023012642,0.027081722
116,0,0,0.0,0.9235912,0.050298285,0.026110614
116,0,0,0.0,0.7694742,0.21514289,0.015383051
116,0,0,0.0,0.8823053,0.109289825,0.008404894
116,0,0,2.9802322387695312e-08,0.8749238,0.114166886,0.010909256
116,0,0,0.0,0.578588,0.40137672,0.02003544
116,0,0,0.0,0.5870586,0.3782535,0.03468789
116,0,2,0.0,0.09552526,0.108963035,0.7955118
116,0,0,0.0,0.54555935,0.40033197,0.054108758
116,0,0,0.0,0.85934204,0.12242217,0.018235978
116,0,0,0.0,0.8657646,0.11353161,0.020703917
116,0,0,5.960464477539063e-08,0.7670757,0.17487663,0.05804774
116,0,0,0.0,0.53373617,0.4214106,0.04485334
402,0,0,0.0,0.9368983,0.04651186,0.016590025
402,0,0,0.0,0.9156428,0.073264234,0.011093154
402,0,0,0.0,0.9204098,0.06300099,0.016589304
402,0,0,0.0,0.95781153,0.028539816,0.013648782
402,0,0,0.0,0.96760696,0.020904385,0.011488686
402,0,0,0.0,0.9715442,0.015715068,0.012740792
402,0,0,0.0,0.9715876,0.020260865,0.00815158
402,0,0,0.0,0.95942414,0.025485689,0.0150903
402,0,0,0.0,0.97438765,0.01460571,0.011006746
402,0,0,0.0,0.97412467,0.016488729,0.009386746
402,0,0,5.960464477539063e-08,0.96432745,0.025616061,0.010056382
402,0,0,0.0,0.9488574,0.029565144,0.021577444
402,0,0,0.0,0.9708299,0.018220412,0.010949927
402,0,0,0.0,0.96473706,0.02748482,0.0077782017
402,0,0,0.0,0.9600849,0.030523503,0.009391604
402,0,0,0.0,0.96340656,0.02629764,0.010296064
415,0,0,0.0,0.9063283,0.083602905,0.010068881
415,0,1,0.0,0.45565012,0.51625884,0.028091118
415,0,0,0.0,0.6349264,0.3345904,0.03048323
415,0,0,0.0,0.87584317,0.10294894,0.021207947
415,0,0,0.0,0.91847855,0.0573733,0.024148256
415,0,0,0.0,0.9514543,0.035751622,0.012794177
415,0,0,5.960464477539063e-08,0.8649821,0.09750728,0.037510544
415,0,0,0.0,0.8651706,0.120348915,0.014480678
415,0,0,0.0,0.90040606,0.09004265,0.009551298
415,0,0,5.960464477539063e-08,0.94337523,0.047737163,0.008887583
415,0,0,1.4901161193847656e-08,0.9493813,0.039441533,0.0111771785
415,0,0,0.0,0.8257347,0.15398197,0.020283485
415,0,0,5.960464477539063e-08,0.91586506,0.06771551,0.016419372
415,0,0,0.0,0.8350267,0.13515177,0.029821659
415,0,0,0.0,0.80217177,0.14899069,0.04883779
415,0,0,0.0,0.9299107,0.049723614,0.020365728
415,0,0,0.0,0.967897,0.015367537,0.016735392
415,0,0,0.0,0.9437442,0.042495,0.0137608815
415,0,0,0.0,0.92487586,0.06708674,0.008037417
415,0,0,0.0,0.8620569,0.12764736,0.010295815
415,0,0,2.9802322387695312e-08,0.93864316,0.05431726,0.0070395726
415,0,0,0.0,0.9553436,0.036418345,0.008238144
415,0,0,0.0,0.9563843,0.035901275,0.0077144555
415,0,0,0.0,0.94217837,0.050034054,0.0077875466
415,0,0,0.0,0.92730325,0.06153229,0.011164693
415,0,0,0.0,0.9415633,0.047058992,0.01137775
415,0,0,0.0,0.77184147,0.20906524,0.019093297
415,0,0,0.0,0.8167261,0.1665176,0.016756361
415,0,0,2.9802322387695312e-08,0.92439294,0.06544978,0.01015739
415,0,0,0.0,0.95427376,0.038787905,0.006938311
415,0,0,0.0,0.9623523,0.030342342,0.007305586
415,0,0,0.0,0.9663216,0.028423378,0.005255221
415,0,0,0.0,0.9364139,0.05268661,0.010899548
415,0,0,0.0,0.8880429,0.09699644,0.014960761
415,0,0,0.0,0.9286152,0.059177138,0.012207706
415,0,0,0.0,0.9664747,0.024945093,0.008580279
415,0,0,4.470348358154297e-08,0.9636923,0.02564247,0.010665246
415,0,0,2.9802322387695312e-08,0.9544282,0.035326142,0.01024584
415,0,0,0.0,0.93515974,0.053189225,0.011651197
415,0,0,0.0,0.8245774,0.12780891,0.047613844
415,0,0,0.0,0.94668734,0.027906056,0.02540658
415,0,0,2.9802322387695312e-08,0.949482,0.036722876,0.013795078
415,0,0,7.450580596923828e-08,0.96719414,0.025260027,0.0075457394
415,0,0,0.0,0.96905494,0.024966035,0.0059790933
415,0,0,0.0,0.9696727,0.021625692,0.008701745
415,0,0,0.0,0.9705144,0.019197293,0.01028834
415,0,0,1.4901161193847656e-08,0.9638319,0.02205497,0.014113117
415,0,0,0.0,0.97049534,0.020049617,0.009455046
415,0,0,0.0,0.96213925,0.024358945,0.013501944
415,0,0,0.0,0.9672432,0.023864325,0.008892589
415,0,0,0.0,0.9439769,0.03922796,0.016795326
415,0,0,2.9802322387695312e-08,0.86604613,0.10798581,0.025968011
415,0,0,2.9802322387695312e-08,0.91112155,0.072819695,0.016058737
415,0,0,0.0,0.44412765,0.12319824,0.43267423
415,0,0,0.0,0.7433606,0.09933366,0.15730588
415,0,0,0.0,0.94744843,0.019846827,0.03270472
415,0,0,0.0,0.9683344,0.01877791,0.0128877
415,0,0,0.0,0.9707408,0.018545112,0.010714134
415,0,0,0.0,0.95352167,0.035839494,0.010639002
415,0,0,0.0,0.9486818,0.03826867,0.013049811
415,0,0,0.0,0.9463182,0.043461986,0.01021996
415,0,0,0.0,0.9360424,0.05471848,0.009239143
415,0,0,0.0,0.9634771,0.02967082,0.0068522734
415,0,0,5.960464477539063e-08,0.9658285,0.026835866,0.007335676
415,0,0,1.4901161193847656e-08,0.97073853,0.022313869,0.0069475574
415,0,0,0.0,0.9717944,0.018288445,0.009917217
415,0,0,0.0,0.96034485,0.026896326,0.012758945
415,0,0,2.9802322387695312e-08,0.85710377,0.12950635,0.013389916
415,0,0,0.0,0.6175344,0.19962512,0.18284048
415,0,0,0.0,0.9502536,0.025896143,0.023850184
415,0,0,0.0,0.9511553,0.023434198,0.025410578
415,0,0,0.0,0.9622337,0.026461823,0.011304543
415,0,0,0.0,0.9464351,0.03723923,0.01632572
415,0,0,0.0,0.94010353,0.04468708,0.015209459
415,0,0,0.0,0.94675606,0.043122962,0.010121008
415,0,0,0.0,0.9561582,0.032936484,0.010905376
415,0,0,0.0,0.9643518,0.027353892,0.008294427
415,0,0,2.9802322387695312e-08,0.9682376,0.021371614,0.01039082
415,0,0,5.960464477539063e-08,0.96554685,0.02680095,0.0076521956
415,0,0,2.9802322387695312e-08,0.9633069,0.03012128,0.0065719276
415,0,0,0.0,0.9652277,0.027886124,0.0068861055
415,0,0,0.0,0.92546815,0.0634194,0.011112462
415,0,0,0.0,0.57174397,0.14764035,0.28061572
415,0,0,0.0,0.8093129,0.1460163,0.04467084
415,0,0,0.0,0.8498396,0.116965905,0.033194497
415,0,0,0.0,0.88613796,0.06367848,0.05018362
415,0,0,0.0,0.914321,0.042692114,0.04298701
415,0,0,2.9802322387695312e-08,0.86240786,0.10855301,0.029039051
415,0,0,0.0,0.88977826,0.09527663,0.014945183
415,0,0,0.0,0.92447865,0.06359523,0.011926344
415,0,0,0.0,0.9553501,0.03492526,0.009724802
415,0,0,0.0,0.95552725,0.03282661,0.01164626
415,0,0,0.0,0.9614003,0.028702378,0.009897404
415,0,0,0.0,0.9451947,0.041491646,0.013313662
415,0,0,0.0,0.8829843,0.10215726,0.0148585215
415,0,0,0.0,0.8560333,0.1272699,0.01669683
415,0,0,0.0,0.6917668,0.28830314,0.019930061
415,0,2,0.0,0.3173293,0.17460288,0.5080679
415,0,0,0.0,0.63546926,0.18490915,0.17962164
415,0,0,0.0,0.74179184,0.15777515,0.10043314
415,0,0,0.0,0.8581318,0.0960021,0.045866273
415,0,0,0.0,0.9035152,0.0464136,0.050071277
415,0,0,0.0,0.8646274,0.09848512,0.036887452
415,0,0,0.0,0.8757755,0.106799394,0.017425079
415,0,0,0.0,0.9405546,0.049208686,0.010236694
415,0,0,0.0,0.40824875,0.29823273,0.29351848
415,0,0,0.0,0.40864608,0.2891459,0.30220816
115,0,0,0.0,0.8202057,0.1662704,0.013524026
115,0,0,0.0,0.8583714,0.13228604,0.009342709
115,0,0,5.960464477539063e-08,0.88637465,0.10626628,0.0073589813
115,0,0,0.0,0.9326649,0.050820075,0.016515153
115,0,0,2.9802322387695312e-08,0.8981125,0.09470952,0.007177951
115,0,0,0.0,0.9197007,0.072729826,0.007569564
115,0,0,0.0,0.6204561,0.32289523,0.05664875
115,0,0,0.0,0.7539205,0.22562435,0.020455437
115,0,0,0.0,0.92813075,0.061966248,0.009903007
115,0,0,0.0,0.95238847,0.040443882,0.007167683
115,0,0,2.9802322387695312e-08,0.9179203,0.0775811,0.004498558
115,0,0,0.0,0.9304343,0.06413171,0.0054339347
115,0,0,0.0,0.92371553,0.0717592,0.004525398
115,0,0,0.0,0.9355675,0.05192355,0.012509004
115,0,0,0.0,0.69274,0.2982692,0.008990726
115,0,0,0.0,0.7577925,0.23216048,0.010047251
115,0,0,0.0,0.79567355,0.18444161,0.019884882
115,0,0,2.9802322387695312e-08,0.92137015,0.05923692,0.019392943
115,0,0,0.0,0.93397194,0.019025581,0.047002513
115,0,0,7.450580596923828e-08,0.95740956,0.0384921,0.0040983395
115,0,0,0.0,0.9686948,0.027687801,0.003617462
115,0,0,0.0,0.9531126,0.04238002,0.004507424
115,0,0,0.0,0.93627113,0.04747239,0.01625652
115,0,0,0.0,0.7501268,0.23430993,0.015563438
115,0,0,5.960464477539063e-08,0.76576656,0.21159792,0.022635562
115,0,0,0.0,0.84145266,0.09684326,0.061704144
115,0,0,0.0,0.8851033,0.03044037,0.08445639
115,0,0,0.0,0.9593655,0.015421807,0.025212703
115,0,0,4.470348358154297e-08,0.97176856,0.018578652,0.009652671
115,0,0,0.0,0.958282,0.019867748,0.02185046
115,0,0,5.960464477539063e-08,0.9523737,0.027176784,0.020449502
115,0,0,0.0,0.93291426,0.047470998,0.019614777
115,0,0,5.960464477539063e-08,0.9274027,0.052186977,0.020410331
115,0,0,0.0,0.94451517,0.040784735,0.014700337
115,0,0,0.0,0.8551718,0.12202361,0.022804558
115,0,0,0.0,0.7710489,0.07212601,0.15682527
115,0,0,1.4901161193847656e-08,0.97427386,0.013797933,0.011928186
115,0,0,7.450580596923828e-08,0.97514206,0.016943302,0.0079145515
115,0,0,0.0,0.97363573,0.020381548,0.005982821
115,0,0,0.0,0.97124,0.021854784,0.0069054007
115,0,0,0.0,0.9490796,0.042351145,0.008569357
115,0,0,2.9802322387695312e-08,0.94026905,0.042714562,0.017016388
115,0,0,0.0,0.96359634,0.023595802,0.012807984
115,0,0,0.0,0.72374594,0.081588574,0.19466552
115,0,1,0.0,0.41675234,0.5506183,0.03262958
115,0,0,2.9802322387695312e-08,0.951552,0.04240718,0.006040822
115,0,0,1.4901161193847656e-08,0.9681894,0.026776532,0.0050339918
115,0,0,0.0,0.9709446,0.024194982,0.0048604007
115,0,0,0.0,0.9717659,0.019510685,0.008723494
115,0,0,0.0,0.93024075,0.06548186,0.0042773914
115,0,0,0.0,0.9373783,0.057394523,0.005227329
115,0,0,0.0,0.8205625,0.14683731,0.03260019
115,0,0,0.0,0.7892337,0.16541111,0.04535533
115,0,0,2.9802322387695312e-08,0.88251543,0.103588894,0.013895705
115,0,0,0.0,0.96908224,0.025660323,0.0052575446
115,0,0,0.0,0.9675808,0.024335066,0.00808438
115,0,0,0.0,0.9650476,0.028365761,0.006586738
115,0,0,0.0,0.96626896,0.027568713,0.0061623426
115,0,0,0.0,0.968213,0.025699714,0.006087338
115,0,0,0.0,0.9035231,0.054762408,0.041714575
115,0,0,0.0,0.742805,0.21938455,0.03781047
115,0,0,0.0,0.8395917,0.14148696,0.01892143
115,0,0,0.0,0.924419,0.043582074,0.031999037
115,0,0,0.0,0.94012827,0.022137903,0.03773398
115,0,0,5.960464477539063e-08,0.96158427,0.032047823,0.0063677565
115,0,0,0.0,0.9428797,0.036539447,0.020581169
115,0,0,0.0,0.9393809,0.046614155,0.014005051
115,0,0,0.0,0.56822485,0.40322992,0.028545165
115,0,0,0.0,0.8948718,0.06942398,0.03570443
115,0,0,0.0,0.9026048,0.05721029,0.04018497
115,0,0,0.0,0.8816685,0.09128054,0.027051058
115,0,0,5.960464477539063e-08,0.7405893,0.22718091,0.032229852
115,0,0,5.960464477539063e-08,0.707657,0.26987842,0.022464732
115,0,0,1.1920928955078125e-07,0.63178897,0.3467896,0.021421356
115,0,0,0.0,0.89327395,0.09081312,0.015913062
115,0,0,0.0,0.85659504,0.1274496,0.015955392
115,0,0,0.0,0.91575664,0.06832404,0.0159193
115,0,0,1.1920928955078125e-07,0.64801764,0.20430277,0.14767976
115,0,0,0.0,0.6250041,0.35735565,0.017640345
115,0,0,0.0,0.7419729,0.24304591,0.014981343
115,0,0,0.0,0.6894355,0.29313093,0.01743359
115,0,0,0.0,0.7846527,0.19055311,0.024794213
115,0,0,0.0,0.82590526,0.16436295,0.009731821
115,0,0,5.960464477539063e-08,0.72983307,0.25140974,0.018757096
115,0,0,5.960464477539063e-08,0.7909819,0.18932758,0.019690495
115,0,0,0.0,0.6951908,0.18249263,0.122316636
115,0,0,0.0,0.91009176,0.0494598,0.040448546
115,0,0,0.0,0.8947322,0.08160404,0.02366391
115,0,0,0.0,0.6609715,0.032872546,0.3061561
154,0,0,5.960464477539063e-08,0.594939,0.2680551,0.13700593
154,0,0,0.0,0.5967024,0.08123477,0.32206285
154,0,0,0.0,0.9085437,0.073453456,0.018002883
154,0,0,0.0,0.8782193,0.07799543,0.043785356
154,0,0,0.0,0.85320807,0.12303257,0.023759376
154,0,0,5.960464477539063e-08,0.8125126,0.068325095,0.11916239
154,0,0,0.0,0.9283213,0.046938937,0.024739947
154,0,0,0.0,0.8388645,0.13153069,0.029604696
154,0,0,0.0,0.854949,0.12624174,0.018809505
154,0,0,0.0,0.8205816,0.1660913,0.013327033
154,0,0,5.960464477539063e-08,0.8362152,0.100566216,0.06321859
154,0,0,0.0,0.8778557,0.09470778,0.027436534
154,0,0,0.0,0.7705206,0.18355665,0.04592278
154,0,0,0.0,0.7988014,0.16549975,0.035698943
154,0,0,0.0,0.8656325,0.10369468,0.030672936
154,0,0,0.0,0.9088036,0.05767493,0.03352151
154,0,0,0.0,0.8874921,0.058142774,0.054365207
154,0,0,0.0,0.7149471,0.21405944,0.070993535
154,0,0,5.960464477539063e-08,0.83261025,0.14300779,0.024381872
154,0,0,0.0,0.7762454,0.17895831,0.04479636
154,0,0,5.960464477539063e-08,0.6853217,0.2211801,0.09349832
154,0,0,5.960464477539063e-08,0.71536976,0.20654182,0.0780885
392,0,0,0.0,0.7365895,0.25278762,0.010622937
392,0,0,8.940696716308594e-08,0.91877425,0.0746224,0.006603195
392,0,0,0.0,0.93404543,0.060223002,0.0057316204
392,0,0,0.0,0.9498229,0.04518405,0.004993059
392,0,0,0.0,0.96365786,0.029986363,0.006355959
392,0,0,0.0,0.9730164,0.021406189,0.0055773393
392,0,0,0.0,0.9664816,0.023785705,0.0097328285
392,0,0,0.0,0.96765435,0.02688269,0.005463062
392,0,0,0.0,0.93649346,0.041371606,0.022134993
392,0,0,0.0,0.90940434,0.07835871,0.0122370105
103,0,0,0.0,0.905956,0.08573655,0.0083075045
103,0,0,0.0,0.87416023,0.111820705,0.0140192555
103,0,0,0.0,0.7732659,0.2034679,0.023266256
103,0,0,0.0,0.9355961,0.057372645,0.0070312764
103,0,0,4.470348358154297e-08,0.95415556,0.03455877,0.01128565
103,0,0,0.0,0.951086,0.037657678,0.011256423
103,0,0,0.0,0.94278246,0.05016308,0.0070545534
103,0,0,0.0,0.94681406,0.0463569,0.006828987
103,0,0,7.450580596923828e-08,0.957719,0.03131108,0.010969881
103,0,0,0.0,0.96105665,0.031375423,0.0075681135
103,0,0,0.0,0.9666285,0.023862181,0.009509489
103,0,0,5.960464477539063e-08,0.9653742,0.01971456,0.014911221
103,0,0,0.0,0.9544116,0.03929884,0.006289553
103,0,0,0.0,0.96770763,0.025897786,0.0063946852
103,0,0,1.4901161193847656e-08,0.96999645,0.02150166,0.008501876
103,0,0,0.0,0.96495575,0.022194592,0.012849877
103,0,0,0.0,0.9639583,0.021510784,0.014531103
103,0,0,0.0,0.9533005,0.03581245,0.010887217
103,0,0,0.0,0.9541931,0.037574388,0.008232583
103,0,0,0.0,0.9382516,0.051468715,0.010279788
103,0,0,0.0,0.9455661,0.039201126,0.015232867
103,0,0,0.0,0.9326536,0.055454187,0.011892174
103,0,0,0.0,0.91918796,0.07063379,0.010178422
103,0,0,0.0,0.9230151,0.068169,0.008816136
414,0,0,0.0,0.8635866,0.12612297,0.010290445
414,0,0,0.0,0.8392448,0.1540388,0.0067166565
414,0,0,0.0,0.71540034,0.27128318,0.013316507
414,0,0,0.0,0.6540528,0.33395153,0.011995789
414,0,0,0.0,0.9408956,0.052943274,0.006161138
414,0,0,0.0,0.9224802,0.07107844,0.0064414353
414,0,0,0.0,0.8663689,0.12645598,0.0071751103
414,0,0,0.0,0.8835031,0.10878338,0.0077135144
414,0,0,0.0,0.8676578,0.12474123,0.007601147
414,0,0,0.0,0.83648074,0.1518444,0.011674872
414,0,0,0.0,0.721213,0.2655896,0.013197508
414,0,0,0.0,0.9124198,0.080582686,0.0069975085
414,0,0,0.0,0.9322868,0.06189423,0.005819019
414,0,0,2.9802322387695312e-08,0.87844205,0.11525834,0.0062996675
414,0,0,0.0,0.8810741,0.110925846,0.007999953
414,0,0,0.0,0.7780402,0.21056473,0.011395227
414,0,0,0.0,0.83371395,0.13842979,0.027856275
414,0,0,0.0,0.70235074,0.28386799,0.013781414
414,0,0,0.0,0.8250109,0.16626836,0.008720828
414,0,0,0.0,0.9356265,0.056770965,0.0076027024
414,0,0,0.0,0.9451539,0.04578159,0.009064574
414,0,0,0.0,0.808536,0.18083496,0.010629292
414,0,0,0.0,0.8482276,0.14113843,0.010634031
414,0,0,0.0,0.73261464,0.24953055,0.01785495
414,0,0,0.0,0.7206476,0.26876047,0.010592048
414,0,0,0.0,0.9314366,0.06232242,0.0062409556
414,0,0,0.0,0.94290537,0.05035652,0.006738397
414,0,0,2.9802322387695312e-08,0.8406559,0.1498689,0.009475212
414,0,0,2.9802322387695312e-08,0.90526503,0.08556756,0.009167366
414,0,0,0.0,0.6903824,0.27751687,0.032100763
414,0,0,0.0,0.9252824,0.06641303,0.008304824
414,0,0,0.0,0.9424478,0.050741743,0.0068106297
414,0,0,0.0,0.91842324,0.074605696,0.006971119
414,0,0,0.0,0.9320516,0.05645625,0.011492254
414,0,0,0.0,0.88993466,0.09722909,0.012836263
414,0,0,0.0,0.947608,0.04322395,0.00916803
414,0,0,0.0,0.86865723,0.11652315,0.014819611
414,0,0,0.0,0.9191288,0.07009735,0.010773921
414,0,0,0.0,0.83384985,0.15117994,0.014970346
414,0,0,0.0,0.93617254,0.04952197,0.014305587
414,0,0,0.0,0.93908274,0.054373465,0.0065439087
414,0,0,5.960464477539063e-08,0.9538561,0.040652156,0.00549164
414,0,0,0.0,0.62596047,0.3438192,0.03022031
414,0,0,0.0,0.9248538,0.06400146,0.011144923
414,0,0,0.0,0.9172022,0.07663072,0.0061671105
414,0,0,5.960464477539063e-08,0.9389755,0.05437805,0.006646403
414,0,0,0.0,0.9015984,0.08530637,0.013095353
414,0,0,5.960464477539063e-08,0.8061129,0.18406264,0.009824503
414,0,0,0.0,0.7827873,0.20291056,0.014302238
414,0,0,0.0,0.5424639,0.41446698,0.043069165
414,0,0,0.0,0.5443164,0.42893267,0.026751032
414,0,1,0.0,0.36339363,0.59692156,0.039684825
414,0,0,5.960464477539063e-08,0.69897896,0.26208118,0.03893986
414,0,1,0.0,0.17717642,0.6831858,0.13963784
406,0,0,0.0,0.64870036,0.029704496,0.3215952
406,0,0,2.9802322387695312e-08,0.879328,0.020379588,0.10029247
406,0,0,0.0,0.68139285,0.029555392,0.2890518
406,0,0,2.9802322387695312e-08,0.882327,0.026373086,0.0912998
406,0,0,0.0,0.9056926,0.026938895,0.06736865
406,0,0,0.0,0.85725176,0.046231713,0.096516564
406,0,0,0.0,0.65546894,0.036470156,0.30806106
406,0,0,0.0,0.8264286,0.02703385,0.14653759
406,0,0,0.0,0.92520773,0.021147218,0.0536452
406,0,0,0.0,0.94438267,0.016380154,0.03923718
406,0,0,0.0,0.7949642,0.03095811,0.17407776
406,0,0,1.4901161193847656e-08,0.9492956,0.023513613,0.02719079
406,0,0,0.0,0.933468,0.03097684,0.03555528
406,0,0,0.0,0.95242745,0.026250757,0.021321962
406,0,0,0.0,0.7159561,0.029019305,0.25502473
406,0,0,0.0,0.9224981,0.039417118,0.038084835
406,0,0,0.0,0.9508534,0.017770937,0.031375557
406,0,0,0.0,0.87913513,0.031391554,0.08947343
406,0,0,5.960464477539063e-08,0.89812964,0.07901492,0.022855386
406,0,2,0.0,0.3167868,0.026377551,0.6568357
406,0,0,0.0,0.5059629,0.039264947,0.45477223
406,0,0,5.960464477539063e-08,0.9409319,0.03047564,0.028592339
406,0,0,0.0,0.9401313,0.027144633,0.032724187
406,0,0,0.0,0.91482514,0.06252847,0.0226465
113,0,0,0.0,0.712152,0.1363659,0.15148225
113,0,0,4.470348358154297e-08,0.94269437,0.046668436,0.0106372265
113,0,0,2.9802322387695312e-08,0.8443185,0.14665838,0.009023036
113,0,0,0.0,0.9414,0.049448386,0.009151599
113,0,0,0.0,0.906094,0.02650105,0.06740507
113,0,0,0.0,0.7261505,0.07002576,0.20382382
113,0,0,0.0,0.9689537,0.023848813,0.0071975794
113,0,0,0.0,0.9755889,0.018702531,0.005708608
113,0,0,5.960464477539063e-08,0.9303381,0.06319528,0.006466502
113,0,0,0.0,0.93512195,0.050640963,0.014237026
113,0,0,0.0,0.96073955,0.01707908,0.0221814
113,0,0,0.0,0.9502239,0.016541634,0.03323458
113,0,0,0.0,0.9518171,0.031485584,0.016697442
113,0,0,0.0,0.93932647,0.040934455,0.019739268
113,0,0,0.0,0.9513812,0.019955484,0.028663352
113,0,0,0.0,0.9646284,0.019632809,0.015738774
113,0,0,0.0,0.9317447,0.06262231,0.0056331973
113,0,0,0.0,0.89634037,0.09793469,0.0057251574
113,0,0,0.0,0.95727193,0.03656301,0.0061650733
113,0,0,0.0,0.97363913,0.01816646,0.008194463
113,0,0,0.0,0.9719018,0.02078176,0.007316494
113,0,0,0.0,0.97596663,0.01515353,0.008879924
113,0,0,0.0,0.9688902,0.011890979,0.01921895
113,0,0,0.0,0.96425545,0.016807094,0.0189376
113,0,0,0.0,0.7284178,0.22177318,0.04980914
113,0,0,2.9802322387695312e-08,0.96036357,0.028753536,0.010882893
113,0,0,0.0,0.88393456,0.10816046,0.007905108
113,0,0,0.0,0.8828692,0.109168075,0.007962873
113,0,0,0.0,0.90350246,0.08443036,0.012067261
113,0,0,0.0,0.95531434,0.038203966,0.006481699
113,0,0,0.0,0.96220416,0.0315222,0.0062736836
113,0,0,1.4901161193847656e-08,0.9765302,0.016351677,0.007118231
113,0,0,0.0,0.97433084,0.020143721,0.0055255583
113,0,0,0.0,0.97516966,0.017925806,0.0069046565
113,0,0,0.0,0.95462954,0.040475328,0.0048952503
113,0,0,0.0,0.9591386,0.023657618,0.017203907
113,0,0,0.0,0.948636,0.04486238,0.006501925
113,0,0,0.0,0.9085999,0.08476929,0.0066309674
113,0,0,2.9802322387695312e-08,0.9213186,0.062656045,0.016025271
113,0,0,0.0,0.91686666,0.07120856,0.011924786
113,0,0,2.9802322387695312e-08,0.93606853,0.057879157,0.0060523227
113,0,0,1.4901161193847656e-08,0.9622861,0.023622839,0.014091068
113,0,0,0.0,0.9705831,0.015566258,0.013850668
113,0,0,0.0,0.9710941,0.021285946,0.0076200324
113,0,0,0.0,0.9458233,0.046049487,0.008127167
113,0,0,0.0,0.94843477,0.043666985,0.00789845
113,0,0,1.4901161193847656e-08,0.95984024,0.021205733,0.018954135
113,0,0,0.0,0.9200825,0.060978185,0.01893937
113,0,0,2.9802322387695312e-08,0.9008609,0.08215511,0.016984012
113,0,0,0.0,0.93513453,0.05020083,0.0146647785
113,0,0,0.0,0.94686896,0.0485626,0.0045685438
113,0,0,0.0,0.93856657,0.056704655,0.0047288104
113,0,0,1.4901161193847656e-08,0.95992154,0.030857896,0.009220654
113,0,0,0.0,0.9643141,0.021667387,0.014018714
113,0,0,0.0,0.9659862,0.020551352,0.013462555
113,0,0,0.0,0.8932092,0.096909225,0.009881602
113,0,0,0.0,0.9107389,0.08194512,0.007316138
113,0,0,0.0,0.9169574,0.04613375,0.036908943
113,0,0,0.0,0.93786275,0.054020666,0.008116613
113,0,0,0.0,0.96555823,0.023340879,0.01110089
113,0,0,0.0,0.9561024,0.038146175,0.0057515875
113,0,0,7.450580596923828e-08,0.9440882,0.04902832,0.0068834927
113,0,0,0.0,0.95310247,0.035278797,0.011618747
113,0,0,0.0,0.94685906,0.03843228,0.0147086885
113,0,0,0.0,0.942155,0.042229697,0.015615288
113,0,0,0.0,0.8936291,0.097444564,0.008926581
113,0,0,0.0,0.83357596,0.1585848,0.007839278
113,0,0,0.0,0.88767993,0.10577777,0.006542368
113,0,0,0.0,0.9096089,0.084196195,0.006195146
113,0,0,0.0,0.94967073,0.04362157,0.0067078997
113,0,0,0.0,0.9496742,0.042021375,0.008304467
113,0,0,0.0,0.9610948,0.031852517,0.0070529184
113,0,0,0.0,0.94539446,0.046580784,0.008024975
113,0,0,0.0,0.93061084,0.06080125,0.00858795
113,0,0,5.960464477539063e-08,0.9245759,0.06501244,0.010411522
113,0,0,0.0,0.93924946,0.04465255,0.016098145
113,0,0,0.0,0.9315691,0.057461295,0.010969651
113,0,0,0.0,0.87560433,0.117705956,0.006689887
113,0,0,0.0,0.9581919,0.03541011,0.0063981437
113,0,0,2.9802322387695312e-08,0.93329495,0.060791176,0.0059139505
113,0,0,0.0,0.94025433,0.053483024,0.0062628067
113,0,0,0.0,0.9537378,0.038794886,0.0074673127
113,0,0,0.0,0.9482337,0.043077562,0.008688813
113,0,0,0.0,0.9515053,0.0373914,0.011103363
113,0,0,0.0,0.9041252,0.025018943,0.070856
113,0,0,0.0,0.945828,0.04769153,0.0064804936
113,0,0,0.0,0.9002448,0.090249896,0.0095056
113,0,0,0.0,0.92264044,0.063619904,0.013739736
113,0,0,0.0,0.91570336,0.07340361,0.01089308
113,0,0,0.0,0.9079724,0.08287919,0.009148697
113,0,0,0.0,0.9120065,0.08066178,0.0073318994
113,0,0,0.0,0.87265307,0.026837014,0.10051008
108,0,2,0.0,0.21240847,0.02357964,0.7640119
108,0,0,0.0,0.8608047,0.017203309,0.12199217
108,0,0,0.0,0.9272875,0.015070331,0.057642333
108,0,0,0.0,0.505214,0.046370696,0.44841552
108,0,0,0.0,0.95469046,0.015483525,0.029826233
108,0,0,0.0,0.908104,0.01644355,0.07545254
108,0,0,0.0,0.92101866,0.015319556,0.06366185
108,0,0,0.0,0.94624245,0.031604942,0.022152806
108,0,0,0.0,0.7495365,0.035511557,0.214952
108,0,0,2.9802322387695312e-08,0.9046394,0.01377635,0.08158419
108,0,0,0.0,0.9134125,0.014071166,0.07251646
108,0,0,0.0,0.9303401,0.011991391,0.057668507
108,0,0,0.0,0.8398325,0.023004903,0.13716266
108,0,0,0.0,0.71820533,0.06879949,0.21299529
108,0,0,0.0,0.65534455,0.040575404,0.30408004
108,0,0,0.0,0.69812405,0.038633328,0.26324254
108,0,0,0.0,0.726103,0.033623487,0.24027371
108,0,0,0.0,0.9326224,0.016575206,0.050802488
108,0,0,5.960464477539063e-08,0.83709395,0.029005568,0.13390054
108,0,0,0.0,0.855487,0.13161837,0.012894683
108,0,0,0.0,0.83154255,0.14975242,0.018705148
108,0,0,0.0,0.89537483,0.05194209,0.05268318
108,0,0,0.0,0.7699749,0.038643297,0.19138181
108,0,0,0.0,0.7445001,0.038071763,0.21742839
108,0,0,0.0,0.88683754,0.02346299,0.08969941
108,0,0,0.0,0.8225714,0.052417304,0.12501153
108,0,0,0.0,0.62521267,0.062427893,0.31235954
108,0,0,0.0,0.5813458,0.06928039,0.34937385
108,0,0,0.0,0.52715087,0.050090574,0.4227586
108,0,0,0.0,0.70891386,0.043979242,0.24710697
108,0,0,0.0,0.92819214,0.035914864,0.035893153
108,0,2,0.0,0.3958032,0.1446485,0.4595483
108,0,0,0.0,0.6057134,0.06263812,0.33164853
108,0,0,0.0,0.61206734,0.06097807,0.32695466
108,0,0,0.0,0.6903179,0.06746058,0.2422216
108,0,0,0.0,0.7294182,0.035660192,0.23492162
108,0,0,0.0,0.7851716,0.021228345,0.19360018
108,0,0,0.0,0.6082497,0.025663957,0.36608633
108,0,0,0.0,0.6718754,0.057156257,0.27096832
108,0,0,0.0,0.6911004,0.052070733,0.25682893
108,0,0,0.0,0.70489126,0.051090367,0.24401848
108,0,0,0.0,0.8731381,0.017142197,0.10971987
108,0,0,0.0,0.870185,0.027319057,0.1024961
108,0,0,0.0,0.8446994,0.09516904,0.060131777
108,0,0,0.0,0.91682106,0.07034619,0.012832847
108,0,0,0.0,0.8340521,0.039056532,0.12689151
108,0,0,0.0,0.58963114,0.06065966,0.34970933
108,0,0,0.0,0.6678832,0.036827415,0.29528943
108,0,0,0.0,0.8730274,0.025058862,0.101913765
108,0,0,0.0,0.5872144,0.037328366,0.3754573
108,0,0,5.960464477539063e-08,0.6013575,0.07032672,0.32831588
108,0,0,5.960464477539063e-08,0.53824836,0.07014772,0.39160398
108,0,0,5.960464477539063e-08,0.55622125,0.04119751,0.40258127
108,0,0,0.0,0.920725,0.038228855,0.041046295
108,0,0,0.0,0.885634,0.019612987,0.09475311
108,0,0,0.0,0.8686177,0.020868734,0.110513486
108,0,0,0.0,0.7623998,0.04672964,0.19087067
108,0,0,5.960464477539063e-08,0.8059336,0.050618134,0.14344817
108,0,0,5.960464477539063e-08,0.74857384,0.039692312,0.21173382
108,0,0,5.960464477539063e-08,0.48410177,0.06078393,0.4551144
114,0,0,0.0,0.6006833,0.39118037,0.008136419
114,0,0,5.960464477539063e-08,0.6981382,0.2902847,0.011577043
114,0,0,0.0,0.7699571,0.21194164,0.018101297
114,0,0,0.0,0.86519766,0.0887753,0.046026986
114,0,0,2.9802322387695312e-08,0.89982814,0.075351685,0.024820114
114,0,0,2.9802322387695312e-08,0.89336365,0.08684706,0.019789452
114,0,0,0.0,0.7817363,0.19153218,0.026731605
114,0,0,0.0,0.82014936,0.15469389,0.025156882
114,0,0,0.0,0.8826152,0.10000684,0.017378006
114,0,0,0.0,0.8959419,0.08214134,0.021916706
114,0,0,0.0,0.6207083,0.3608309,0.018460976
114,0,0,0.0,0.5294594,0.4482505,0.022290137
114,0,0,0.0,0.66845906,0.20364654,0.1278944
114,0,0,0.0,0.8231422,0.15800126,0.01885665
114,0,0,0.0,0.70554495,0.28343654,0.0110185305
114,0,0,0.0,0.78368753,0.20965481,0.0066576535
114,0,0,0.0,0.81178397,0.182037,0.006179047
114,0,0,0.0,0.7933979,0.19856161,0.008040633
114,0,0,0.0,0.79982007,0.19214849,0.008031452
114,0,0,0.0,0.72418815,0.26354435,0.012267543
114,0,0,0.0,0.7898246,0.19544876,0.014726802
114,0,0,0.0,0.86815494,0.124142975,0.0077022417
114,0,0,0.0,0.91717255,0.0762195,0.0066080014
114,0,0,0.0,0.91007483,0.07919696,0.010728321
114,0,0,0.0,0.77608776,0.20632793,0.017584337
114,0,0,0.0,0.83274597,0.14848545,0.01876863
114,0,0,0.0,0.9254574,0.0639487,0.010593953
114,0,0,0.0,0.9224925,0.07066085,0.0068465807
114,0,0,0.0,0.92560285,0.06674335,0.0076539177
114,0,0,0.0,0.875709,0.11240959,0.011881609
114,0,0,0.0,0.719204,0.124721006,0.15607512
114,0,0,5.960464477539063e-08,0.7190728,0.21963872,0.061288655
114,0,0,0.0,0.78460044,0.20749296,0.007906589
114,0,0,0.0,0.77529883,0.21695152,0.0077497326
114,0,0,0.0,0.87735885,0.1175859,0.005055343
114,0,0,0.0,0.8990698,0.09747772,0.0034527085
114,0,0,0.0,0.9140398,0.08128696,0.004673277
114,0,0,0.0,0.93074745,0.0626834,0.00656922
114,0,0,0.0,0.90028685,0.090186186,0.009527044
114,0,0,8.940696716308594e-08,0.9495474,0.03800904,0.012443539
114,0,0,0.0,0.96190697,0.029336318,0.008756788
114,0,0,0.0,0.96247435,0.026635453,0.010890223
114,0,0,0.0,0.95351136,0.040421456,0.0060672676
114,0,0,0.0,0.8813667,0.11262138,0.006011916
114,0,0,0.0,0.90308875,0.09212908,0.00478226
114,0,0,5.960464477539063e-08,0.9257023,0.061317902,0.012979759
114,0,0,0.0,0.8908926,0.093361706,0.01574579
114,0,0,0.0,0.8720822,0.10236635,0.025551593
114,0,0,5.960464477539063e-08,0.60787374,0.16650628,0.22562005
114,0,0,0.0,0.6258748,0.3088701,0.06525516
114,0,0,0.0,0.79956734,0.18138377,0.019048907
114,0,0,0.0,0.8612262,0.12851757,0.010256281
114,0,0,0.0,0.83600724,0.15439592,0.009596933
114,0,0,0.0,0.81083226,0.18242317,0.006744675
114,0,0,2.9802322387695312e-08,0.8323204,0.16064858,0.0070310957
114,0,0,0.0,0.86862844,0.12417378,0.007197885
114,0,0,0.0,0.8793827,0.110944994,0.009672262
114,0,0,0.0,0.9139048,0.07472815,0.011366986
114,0,0,0.0,0.932982,0.061037883,0.0059802285
114,0,0,0.0,0.9112283,0.082945615,0.005826121
114,0,0,0.0,0.70084965,0.29244164,0.0067088404
114,0,0,0.0,0.6378487,0.35362723,0.008524162
114,0,0,0.0,0.80378884,0.18970276,0.0065084547
114,0,0,0.0,0.862443,0.12852368,0.009033532
114,0,0,2.9802322387695312e-08,0.8865324,0.096871875,0.016595658
114,0,0,0.0,0.84444714,0.13661641,0.018936457
114,0,0,0.0,0.7711855,0.12802313,0.100791395
114,0,0,0.0,0.5889105,0.3405073,0.07058231
114,0,0,0.0,0.6282191,0.33070168,0.04107931
114,0,0,0.0,0.7245275,0.24440034,0.031072296
114,0,0,0.0,0.83186483,0.14502639,0.023108732
114,0,0,0.0,0.85695285,0.13282587,0.010221315
114,0,0,0.0,0.6788145,0.30300322,0.018182276
114,0,0,0.0,0.7564069,0.23579353,0.007799636
114,0,0,0.0,0.73220587,0.25960422,0.008189948
114,0,0,0.0,0.66572917,0.32175213,0.0125187775
114,0,0,5.960464477539063e-08,0.7494494,0.23679744,0.013753239
114,0,0,5.960464477539063e-08,0.80602705,0.18135749,0.012615394
114,0,0,0.0,0.73481786,0.2563246,0.008857658
114,0,0,0.0,0.64889884,0.3399116,0.011189641
401,0,0,0.0,0.9612706,0.030860377,0.007869094
401,0,0,0.0,0.9533491,0.036738254,0.009912764
401,0,0,7.450580596923828e-08,0.95214665,0.034978893,0.012874427
401,0,0,0.0,0.95756865,0.025409948,0.017021453
401,0,0,0.0,0.9526711,0.039592873,0.00773609
401,0,0,0.0,0.94641066,0.046814922,0.00677459
401,0,0,0.0,0.9526176,0.036233068,0.01114952
401,0,0,8.940696716308594e-08,0.95087165,0.038098313,0.011030075
401,0,0,4.470348358154297e-08,0.9472547,0.043139838,0.009605489
401,0,0,0.0,0.9357161,0.056099225,0.008184819
401,0,0,0.0,0.9533476,0.038606547,0.008045876
401,0,0,0.0,0.9310161,0.057473697,0.011510346
401,0,0,0.0,0.9098474,0.08028219,0.009870487
401,0,0,0.0,0.9165548,0.07350605,0.009939084
401,0,0,0.0,0.90062153,0.08748485,0.011893762
401,0,0,0.0,0.9146883,0.06361441,0.021697368
401,0,0,0.0,0.7197677,0.03790766,0.24232472
401,0,0,0.0,0.9045791,0.076006986,0.019414185
401,0,0,0.0,0.86535573,0.12249172,0.012152585
401,0,0,0.0,0.89232105,0.09728627,0.010392797
401,0,0,0.0,0.5800393,0.04205345,0.37790734
401,0,0,0.0,0.74776864,0.036793556,0.21543781
394,0,0,0.0,0.8958101,0.09476996,0.00941998
394,0,0,0.0,0.75242215,0.23563077,0.01194725
394,0,0,0.0,0.83189213,0.15277743,0.015330466
394,0,0,0.0,0.8093415,0.17959113,0.011067407
394,0,0,0.0,0.88182104,0.10743984,0.010739247
394,0,0,0.0,0.9150009,0.07846199,0.0065372847
394,0,0,0.0,0.9401793,0.052471768,0.007349033
394,0,0,0.0,0.660965,0.16916828,0.16986686
394,0,0,0.0,0.57256436,0.3556803,0.07175552
394,0,0,0.0,0.7841598,0.19525234,0.020588055
394,0,0,0.0,0.8997417,0.08931654,0.01094178
394,0,0,0.0,0.6743807,0.029751135,0.29586834
394,0,0,2.9802322387695312e-08,0.8941237,0.035786316,0.070089966
105,0,0,0.0,0.7286855,0.162264,0.109050594
105,0,0,0.0,0.9206391,0.06223201,0.017128978
105,0,0,0.0,0.9069094,0.08221076,0.010879764
105,0,0,0.0,0.8216869,0.16543563,0.012877663
105,0,0,0.0,0.9626085,0.02526113,0.012130405
105,0,0,1.4901161193847656e-08,0.96006596,0.030908724,0.00902533
105,0,0,5.960464477539063e-08,0.95064986,0.039947074,0.009402999
105,0,0,0.0,0.96636504,0.020050917,0.013584178
105,0,0,1.4901161193847656e-08,0.96429586,0.022796284,0.012907934
105,0,0,0.0,0.9552485,0.036398206,0.008353332
105,0,0,0.0,0.9491123,0.032727238,0.018160613
105,0,0,0.0,0.951222,0.029799799,0.018978257
105,0,0,0.0,0.94452107,0.048047032,0.0074318503
105,0,0,0.0,0.9255061,0.067014255,0.0074797818
105,0,0,0.0,0.9454586,0.041199975,0.013341441
105,0,0,0.0,0.9472542,0.043968633,0.008777236
105,0,0,0.0,0.94933456,0.041298434,0.009367118
105,0,0,0.0,0.94994926,0.036586747,0.013464108
105,0,0,2.9802322387695312e-08,0.87278324,0.10554517,0.021671766
105,0,0,5.960464477539063e-08,0.84111905,0.14789228,0.010988728
105,0,0,0.0,0.9311635,0.056831338,0.01200515
135,1,1,0.0,0.13507533,0.623842,0.24108273
135,1,1,0.0,0.08307949,0.59661174,0.32030874
135,1,1,0.0,0.03358768,0.9214239,0.044988543
135,1,1,0.0,0.039695054,0.92389965,0.036405515
135,1,1,8.940696716308594e-08,0.028780786,0.94228417,0.02893497
135,1,1,0.0,0.026297526,0.9330002,0.04070226
135,1,1,5.960464477539063e-08,0.030063681,0.7534591,0.2164773
135,1,1,0.0,0.030977225,0.49024376,0.47877902
135,1,1,0.0,0.06513775,0.6457478,0.28911453
135,1,1,0.0,0.038215224,0.86886954,0.09291535
135,1,1,0.0,0.02446472,0.92771393,0.047821376
135,1,1,0.0,0.025129821,0.8146125,0.16025771
135,1,1,0.0,0.02427171,0.7815342,0.19419424
135,1,1,1.1920928955078125e-07,0.01740851,0.732762,0.24982944
135,1,1,0.0,0.019332979,0.79168624,0.18898094
135,1,1,0.0,0.020041933,0.7599243,0.22003375
135,1,1,0.0,0.054181125,0.70573896,0.24008012
135,1,1,0.0,0.02553257,0.6797108,0.29475677
135,1,1,0.0,0.022243254,0.7553545,0.22240235
135,1,1,0.0,0.027598478,0.65779537,0.31460625
135,1,1,0.0,0.030278256,0.518245,0.4514768
135,1,1,0.0,0.01913008,0.8051342,0.17573579
135,1,1,0.0,0.016348675,0.95084095,0.032810535
135,1,1,2.9802322387695312e-08,0.0164122,0.95725936,0.02632848
135,1,1,0.0,0.051766116,0.90016186,0.04807208
135,1,1,0.0,0.028076774,0.58957833,0.3823449
135,1,2,0.0,0.02839768,0.44628534,0.525317
135,1,2,0.0,0.024993801,0.3773527,0.5976537
135,1,1,0.0,0.01862106,0.67037046,0.31100866
135,1,1,0.0,0.01587566,0.820395,0.16372956
135,1,1,0.0,0.015004206,0.9581351,0.026860759
135,1,1,0.0,0.016410002,0.94619846,0.037391633
135,1,1,2.9802322387695312e-08,0.044927552,0.8992811,0.05579139
135,1,1,0.0,0.019650739,0.85019416,0.1301551
135,1,1,0.0,0.018611548,0.8407836,0.14060493
135,1,1,0.0,0.022506144,0.69911563,0.2783783
135,1,1,5.960464477539063e-08,0.01813358,0.7341658,0.24770069
135,1,1,0.0,0.019606674,0.8469443,0.13344902
135,1,1,0.0,0.015855892,0.9558687,0.028275423
135,1,1,5.960464477539063e-08,0.016664067,0.95283043,0.030505382
135,1,1,0.0,0.018251777,0.9127608,0.06898747
135,1,1,0.0,0.057879295,0.8350024,0.107118405
135,1,1,5.960464477539063e-08,0.024153829,0.86860675,0.107239485
135,1,1,0.0,0.019385329,0.8842899,0.09632478
135,1,1,0.0,0.014742828,0.9130383,0.072218925
135,1,1,0.0,0.018191563,0.8869348,0.094873704
135,1,1,0.0,0.01698965,0.93070805,0.052302368
135,1,1,2.9802322387695312e-08,0.0144393975,0.9638926,0.021668
135,1,1,4.470348358154297e-08,0.014607236,0.94696623,0.038426474
135,1,1,0.0,0.015892588,0.8941951,0.08991241
135,1,1,0.0,0.17080075,0.73855096,0.090648435
135,1,1,0.0,0.022659343,0.9402709,0.037069846
135,1,1,1.1920928955078125e-07,0.017679326,0.9431707,0.03914991
135,1,1,0.0,0.015880996,0.9468603,0.037258763
135,1,1,0.0,0.01588127,0.9420015,0.042117413
135,1,1,0.0,0.014184099,0.9179258,0.06789031
135,1,1,1.4901161193847656e-08,0.01241676,0.95836896,0.029214388
135,1,1,0.0,0.01289338,0.9470841,0.04002257
135,1,1,0.0,0.014836488,0.85689276,0.12827079
135,1,1,0.0,0.08173186,0.88660145,0.03166678
135,1,1,0.0,0.022548482,0.9370947,0.04035697
135,1,1,0.0,0.016724447,0.9579192,0.025356414
135,1,1,0.0,0.016693056,0.9524967,0.030810283
135,1,1,0.0,0.015266818,0.9594173,0.025316104
135,1,1,0.0,0.02046232,0.8614092,0.118128724
135,1,1,0.0,0.01683891,0.9096175,0.07354374
135,1,1,5.960464477539063e-08,0.014709081,0.92809546,0.05719541
135,1,1,0.0,0.021751583,0.5769645,0.40128398
135,1,1,0.0,0.060488895,0.74826354,0.19124761
135,1,1,5.960464477539063e-08,0.019403743,0.7135105,0.26708588
135,1,1,2.9802322387695312e-08,0.019963454,0.8596479,0.12038858
135,1,1,0.0,0.021478608,0.79209864,0.18642278
135,1,1,0.0,0.01790071,0.9154111,0.066688314
135,1,1,0.0,0.02314701,0.8976125,0.07924069
135,1,1,0.0,0.019487184,0.93643665,0.04407628
135,1,1,0.0,0.020671058,0.9153173,0.064011715
135,1,1,0.0,0.08132098,0.71198756,0.20669165
135,1,1,0.0,0.036477488,0.9260608,0.037461746
135,1,1,0.0,0.011749233,0.95501804,0.033232976
135,1,1,0.0,0.013770019,0.96446097,0.021769103
135,1,1,5.960464477539063e-08,0.019193284,0.72110814,0.25969854
135,1,1,0.0,0.021839304,0.8850032,0.09315757
135,1,1,0.0,0.016615143,0.95668375,0.02670107
135,1,1,0.0,0.014044079,0.970016,0.015940014
135,1,1,0.0,0.0191502,0.90283066,0.07801918
135,1,1,5.960464477539063e-08,0.042060517,0.5159092,0.44203025
135,1,1,0.0,0.07322134,0.91340345,0.013375443
135,1,1,0.0,0.017276505,0.96938527,0.013338292
135,1,1,0.0,0.015086774,0.97636235,0.008551006
135,1,1,0.0,0.017090697,0.9517288,0.031180646
135,1,1,0.0,0.020579854,0.8608209,0.11859935
135,1,1,0.0,0.020168139,0.84758794,0.132244
135,1,1,2.9802322387695312e-08,0.019321145,0.8498913,0.1307876
135,1,1,0.0,0.20270908,0.7723776,0.024913222
135,1,1,0.0,0.1745614,0.5303492,0.29508954
135,1,0,0.0,0.49434713,0.2895774,0.21607554
135,1,0,0.0,0.8316661,0.15232442,0.016009638
135,1,0,0.0,0.9525282,0.039939664,0.0075321295
135,1,0,1.4901161193847656e-08,0.956925,0.03252221,0.010552953
135,1,2,0.0,0.45825058,0.027313078,0.51443636
166,1,1,1.1920928955078125e-07,0.11624766,0.7180487,0.16570379
166,1,2,0.0,0.073742315,0.20036738,0.72589034
166,1,1,0.0,0.030169003,0.6569414,0.31288972
166,1,2,0.0,0.10235859,0.2587411,0.63890046
166,1,1,5.960464477539063e-08,0.05143461,0.61719567,0.33136967
131,1,0,0.0,0.5106029,0.11125452,0.37814265
131,1,1,0.0,0.052824844,0.54346657,0.40370858
131,1,1,0.0,0.01043127,0.9326748,0.056894038
248,1,1,0.0,0.043763373,0.8639197,0.09231695
248,1,1,0.0,0.31719422,0.51450425,0.16830163
248,1,1,2.9802322387695312e-08,0.023101758,0.8949151,0.08198325
248,1,1,0.0,0.01251417,0.96127427,0.026211597
248,1,1,0.0,0.010812279,0.96379846,0.02538946
248,1,1,0.0,0.014780479,0.9652072,0.02001242
248,1,1,0.0,0.014870201,0.90875494,0.0763749
248,1,1,0.0,0.014646084,0.96631855,0.019035462
248,1,1,0.0,0.012448097,0.9682135,0.019338492
248,1,1,1.4901161193847656e-08,0.020121237,0.9622156,0.017663205
248,1,1,0.0,0.07975198,0.8102657,0.109982274
248,1,1,0.0,0.014407575,0.9385886,0.04700398
248,1,1,4.470348358154297e-08,0.011555539,0.9718042,0.016640222
248,1,1,1.4901161193847656e-08,0.011286752,0.97516406,0.013549232
248,1,1,0.0,0.024699222,0.88514817,0.090152755
248,1,1,1.4901161193847656e-08,0.011978933,0.9613156,0.026705515
248,1,1,0.0,0.009531743,0.9613162,0.029152082
248,1,1,0.0,0.009594146,0.9738183,0.016587555
248,1,0,0.0,0.7771425,0.16831744,0.0545402
248,1,1,5.960464477539063e-08,0.37044927,0.55612427,0.07342648
248,1,1,0.0,0.026845356,0.85939455,0.113760136
248,1,1,0.0,0.021726979,0.92012125,0.058151703
47,1,1,0.0,0.013147723,0.60316235,0.38368997
47,1,1,2.9802322387695312e-08,0.005139127,0.9314119,0.0634489
47,1,1,0.0,0.01453183,0.9505925,0.03487575
47,1,2,0.0,0.31245983,0.15356727,0.53397304
47,1,1,0.0,0.10528352,0.7227766,0.17193997
47,1,1,0.0,0.11385016,0.657196,0.22895388
344,1,1,0.0,0.011570497,0.9832449,0.0051847557
344,1,1,0.0,0.018455282,0.9773888,0.004155999
344,1,1,0.0,0.00939176,0.981634,0.008974317
344,1,1,0.0,0.012931234,0.9823934,0.0046753786
344,1,1,1.4901161193847656e-08,0.0133677665,0.981953,0.004679208
344,1,1,0.0,0.008036953,0.98471165,0.007251544
344,1,1,0.0,0.010437908,0.98445,0.005112181
344,1,1,0.0,0.01151291,0.9835977,0.0048895814
344,1,1,0.0,0.00812026,0.9827472,0.009132696
344,1,1,4.470348358154297e-08,0.009634838,0.97637427,0.013990808
344,1,1,4.470348358154297e-08,0.0072204354,0.9752889,0.017490534
344,1,1,5.960464477539063e-08,0.009331858,0.9817297,0.008938336
344,1,1,0.0,0.011253622,0.97950834,0.009238205
344,1,1,0.0,0.0072429217,0.9793906,0.0133664915
344,1,1,0.0,0.007321918,0.97845656,0.0142215835
344,1,1,0.0,0.0075672367,0.97364056,0.018792193
46,1,1,0.0,0.01585754,0.972326,0.011816576
46,1,1,0.0,0.014071321,0.9699126,0.016016135
46,1,1,0.0,0.0090297675,0.9713742,0.019596042
46,1,1,0.0,0.01083829,0.9485592,0.040602576
46,1,1,0.0,0.011590935,0.97085947,0.017549766
46,1,1,0.0,0.00808615,0.9602109,0.03170303
46,1,1,5.960464477539063e-08,0.009033963,0.8971106,0.0938554
343,1,1,0.0,0.16452193,0.5022762,0.33320194
343,1,1,5.960464477539063e-08,0.04515489,0.84376776,0.11107731
343,1,1,0.0,0.014647991,0.95393,0.03142206
343,1,1,2.9802322387695312e-08,0.025896769,0.92406386,0.050039377
343,1,1,0.0,0.017095,0.92832416,0.054580912
343,1,1,0.0,0.009246274,0.97686636,0.0138874585
343,1,1,0.0,0.014233469,0.9100835,0.07568305
343,1,1,0.0,0.007178344,0.91233635,0.08048549
56,1,1,0.0,0.03491313,0.5924622,0.3726247
56,1,1,0.0,0.008586181,0.87970734,0.11170662
56,1,1,0.0,0.07815535,0.8080698,0.11377491
56,1,1,0.0,0.008241008,0.89158726,0.10017176
56,1,1,0.0,0.011753385,0.8599506,0.1282962
56,1,2,0.0,0.03189872,0.21409252,0.7540089
266,1,1,0.0,0.007593011,0.9786026,0.013804553
266,1,1,5.960464477539063e-08,0.007135461,0.96822095,0.024643684
266,1,1,0.0,0.007792959,0.9727875,0.019419607
266,1,1,0.0,0.0074819396,0.9753338,0.017184239
266,1,1,4.470348358154297e-08,0.0077405404,0.96304196,0.029217439
266,1,1,0.0,0.008009993,0.9636321,0.028357904
266,1,1,0.0,0.00880473,0.97038925,0.020806067
266,1,1,0.0,0.008010726,0.9715596,0.020429835
266,1,1,0.0,0.0074591273,0.961955,0.030586058
266,1,1,0.0,0.005231851,0.9767099,0.018058416
266,1,1,0.0,0.0071584946,0.9764148,0.016426772
266,1,1,2.9802322387695312e-08,0.012941757,0.92094153,0.066116735
266,1,1,0.0,0.018059896,0.9184027,0.06353745
165,2,2,0.0,0.21788709,0.06374986,0.7183632
165,2,0,5.960464477539063e-08,0.55515534,0.37803385,0.066810824
165,2,1,0.0,0.12272832,0.7574235,0.11984815
165,2,0,0.0,0.7992642,0.12279816,0.077937655
165,2,1,0.0,0.088533215,0.7698885,0.14157824
165,2,0,0.0,0.5700664,0.18828289,0.2416509
165,2,1,0.0,0.029206408,0.7198632,0.25093052
165,2,0,0.0,0.68205374,0.2739785,0.043967806
342,2,1,0.0,0.026604468,0.6993115,0.27408403
342,2,1,0.0,0.014406414,0.58874744,0.3968463
342,2,1,0.0,0.016736055,0.4984112,0.48485276
342,2,2,0.0,0.036689017,0.3243149,0.63899624
342,2,2,0.0,0.07449699,0.27539143,0.65011156
342,2,1,0.0,0.039778586,0.8089129,0.15130872
342,2,2,5.960464477539063e-08,0.044901147,0.44747803,0.5076208
342,2,1,0.0,0.031974815,0.7101465,0.2578788
342,2,2,1.1920928955078125e-07,0.09024179,0.15605739,0.75370085
342,2,2,0.0,0.09097285,0.32761553,0.5814118
342,2,2,0.0,0.080003835,0.18724641,0.73274994
330,2,2,0.0,0.040976677,0.34616137,0.6128621
330,2,1,0.0,0.011396531,0.952991,0.03561247
330,2,1,0.0,0.025601072,0.6555345,0.3188645
330,2,1,0.0,0.039715532,0.7662462,0.19403836
330,2,1,0.0,0.03295391,0.7784134,0.18863267
330,2,1,0.0,0.020618962,0.75066197,0.22871915
330,2,1,0.0,0.030355837,0.70567167,0.26397258
330,2,1,0.0,0.100807235,0.48910472,0.4100883
330,2,1,0.0,0.06658887,0.49686626,0.43654495
330,2,1,0.0,0.05835477,0.50549483,0.43615055
330,2,2,0.0,0.22177494,0.37606248,0.4021626
330,2,1,0.0,0.2507836,0.5516424,0.19757402
330,2,1,0.0,0.06941402,0.49115643,0.43942958
330,2,1,0.0,0.07113464,0.5105868,0.41827866
330,2,1,0.0,0.08767677,0.6133942,0.2989291
330,2,2,0.0,0.060396038,0.3212192,0.61838484
287,2,2,0.0,0.08559769,0.022075223,0.89232725
287,2,2,0.0,0.12293584,0.0370563,0.84000784
287,2,2,0.0,0.123142555,0.051130984,0.8257265
287,2,2,0.0,0.16665126,0.09128526,0.7420636
185,2,2,1.7881393432617188e-07,0.035570245,0.13401482,0.83041495
185,2,2,0.0,0.023441395,0.057505082,0.91905355
185,2,2,0.0,0.11799313,0.1457317,0.73627526
185,2,2,0.0,0.01857492,0.11495723,0.8664679
185,2,2,0.0,0.021423977,0.06572451,0.9128515
185,2,2,0.0,0.015634421,0.032675028,0.9516907
185,2,2,0.0,0.025832832,0.06198432,0.9121829
221,2,2,0.0,0.014187169,0.20807123,0.77774173
221,2,2,0.0,0.0123688765,0.10266627,0.88496494
221,2,2,0.0,0.017104646,0.05013808,0.93275744
221,2,2,8.940696716308594e-08,0.031221716,0.11754702,0.85123116
221,2,2,0.0,0.02385058,0.07737164,0.898778
221,2,2,0.0,0.022722054,0.20624559,0.77103245
289,2,2,0.0,0.15309837,0.06878102,0.77812064
289,2,2,0.0,0.08636502,0.033141356,0.8804937
289,2,2,0.0,0.1159921,0.031671267,0.85233676
289,2,2,0.0,0.10655106,0.07369124,0.8197578
289,2,2,0.0,0.08219547,0.1859477,0.7318568
289,2,2,0.0,0.056462914,0.09093419,0.85260296
289,2,2,0.0,0.09161128,0.032281116,0.8761077
289,2,2,5.960464477539063e-08,0.085624814,0.038121026,0.87625426
289,2,2,0.0,0.077353306,0.048476763,0.87417
289,2,2,5.960464477539063e-08,0.085706405,0.22943063,0.6848631
289,2,2,0.0,0.031382088,0.3014738,0.66714424
289,2,2,0.0,0.031908825,0.09625859,0.8718325
289,2,2,0.0,0.038604695,0.109405786,0.8519897
182,2,2,0.0,0.03709737,0.13448262,0.8284201
182,2,2,0.0,0.033352792,0.24110402,0.7255432
182,2,2,0.0,0.013997253,0.062425952,0.9235769
182,2,2,0.0,0.010928906,0.028018309,0.96105295
182,2,2,0.0,0.036723744,0.051853683,0.9114227
182,2,2,0.0,0.041210227,0.18469895,0.7740909
182,2,2,0.0,0.04070007,0.21082856,0.7484714
182,2,2,0.0,0.066416636,0.31400475,0.6195786
182,2,2,0.0,0.025671853,0.13702616,0.8373022
182,2,2,2.9802322387695312e-08,0.025918076,0.11235126,0.8617307
182,2,2,0.0,0.04775123,0.18183985,0.7704089
182,2,1,1.1920928955078125e-07,0.12810266,0.4496276,0.4222698
182,2,2,5.960464477539063e-08,0.05243014,0.34179112,0.6057788
182,2,2,0.0,0.043500893,0.07879263,0.8777066
182,2,1,0.0,0.059381973,0.4935982,0.44701985
182,2,1,0.0,0.06717722,0.5273576,0.4054654
182,2,1,0.0,0.114475645,0.44698235,0.4385421
182,2,1,0.0,0.10637429,0.47252047,0.42110524
182,2,2,0.0,0.045556832,0.37467712,0.5797662
182,2,2,0.0,0.056438163,0.059118826,0.884443
182,2,2,0.0,0.06193017,0.08489838,0.85317147
182,2,2,0.0,0.033984493,0.29359016,0.67242545
182,2,2,0.0,0.04661288,0.19078177,0.7626054
182,2,2,2.9802322387695312e-08,0.041216142,0.06915545,0.8896284
182,2,2,0.0,0.039370824,0.26175106,0.6988782
182,2,1,0.0,0.06198397,0.55845976,0.37955642
182,2,2,0.0,0.020872146,0.03552404,0.943604
182,2,2,0.0,0.039331626,0.059073307,0.9015951
182,2,2,0.0,0.018407864,0.13659061,0.8450016
182,2,2,5.960464477539063e-08,0.039424215,0.1102047,0.850371
182,2,2,0.0,0.026084369,0.08476712,0.8891487
182,2,2,2.9802322387695312e-08,0.03752456,0.040880337,0.921595
182,2,2,5.960464477539063e-08,0.033200037,0.32581052,0.6409896
182,2,2,0.0,0.028882526,0.13909088,0.8320266
182,2,2,0.0,0.020978173,0.125489,0.8535329
182,2,2,0.0,0.013873697,0.06439088,0.9217354
182,2,2,0.0,0.04377885,0.032007918,0.9242134
182,2,2,0.0,0.046607077,0.02967418,0.92371887
182,2,2,0.0,0.04760273,0.06108527,0.89131206
182,2,2,0.0,0.03141498,0.41093546,0.55764955
182,2,2,0.0,0.02937218,0.24659325,0.7240347
182,2,2,2.9802322387695312e-08,0.0154134855,0.12472017,0.8598663
182,2,2,2.9802322387695312e-08,0.009767059,0.11508578,0.87514704
182,2,2,0.0,0.012362898,0.07144425,0.91619295
182,2,2,0.0,0.030230809,0.0641611,0.9056082
182,2,2,0.0,0.041127466,0.11276598,0.84610665
182,2,2,0.0,0.032242265,0.3647931,0.6029647
182,2,2,0.0,0.041369658,0.3829715,0.5756589
182,2,2,0.0,0.12080431,0.29428223,0.5849135
182,2,2,0.0,0.038104136,0.21018735,0.75170857
182,2,2,0.0,0.031851906,0.17969306,0.788455
182,2,2,0.0,0.026705444,0.30867302,0.66462165
182,2,2,0.0,0.032119032,0.33171174,0.63616925
182,2,2,0.0,0.01725333,0.15627412,0.82647276
182,2,2,0.0,0.043996893,0.32591203,0.630091
182,2,2,0.0,0.15316816,0.173569,0.6732629
182,2,2,0.0,0.06657873,0.24207379,0.69134754
182,2,2,0.0,0.035323456,0.4448498,0.5198269
182,2,1,0.0,0.1130939,0.5193497,0.3675564
182,2,2,0.0,0.038249597,0.20955947,0.752191
182,2,2,0.0,0.015229547,0.14224097,0.84252965
182,2,2,5.960464477539063e-08,0.018212786,0.19901827,0.78276885
182,2,2,0.0,0.019368915,0.052814417,0.92781675
182,2,2,0.0,0.019591087,0.089784525,0.8906245
182,2,2,0.0,0.037373383,0.3131536,0.6494732
182,2,1,0.0,0.105483085,0.48333603,0.411181
182,2,2,0.0,0.03196006,0.08020451,0.8878355
182,2,2,0.0,0.02156637,0.05082719,0.9276065
182,2,2,0.0,0.022465814,0.2473728,0.7301614
182,2,2,0.0,0.026438931,0.11807221,0.855489
182,2,2,0.0,0.10137897,0.3421894,0.5564317
182,2,2,0.0,0.0289065,0.03520592,0.93588775
182,2,2,5.960464477539063e-08,0.29350007,0.053191688,0.6533084
182,2,2,0.0,0.3482291,0.06577397,0.58599705
182,2,2,0.0,0.34205675,0.08505065,0.57289267
247,2,2,0.0,0.06833205,0.42138597,0.51028204
247,2,2,0.0,0.019984674,0.103514336,0.8765011
247,2,2,0.0,0.04075013,0.3081931,0.6510568
247,2,2,0.0,0.033153724,0.060333673,0.9065127
247,2,2,0.0,0.017063003,0.054326374,0.9286107
247,2,2,0.0,0.030136516,0.16939068,0.8004728
247,2,2,0.0,0.0142785525,0.030016119,0.9557056
247,2,2,0.0,0.07904816,0.25852147,0.66243035
247,2,2,0.0,0.068639845,0.059905488,0.87145483
247,2,0,0.0,0.5330605,0.030439477,0.43650013
177,2,2,0.0,0.03245274,0.24861819,0.7189292
177,2,2,0.0,0.021063413,0.3178659,0.6610707
177,2,2,0.0,0.010805038,0.1821287,0.8070663
177,2,2,0.0,0.011116781,0.160183,0.8287002
177,2,2,0.0,0.016944643,0.037786998,0.94526833
177,2,2,5.960464477539063e-08,0.030826367,0.035833374,0.93334025
177,2,2,5.960464477539063e-08,0.02781715,0.046461407,0.92572135
177,2,2,0.0,0.025345286,0.117583744,0.85707104
177,2,2,0.0,0.027667832,0.124869294,0.84746283
177,2,2,0.0,0.022151776,0.057086598,0.92076164
177,2,2,0.0,0.037410278,0.032491118,0.93009865
177,2,2,0.0,0.017475154,0.041958366,0.94056654
177,2,2,0.0,0.017531892,0.04503555,0.93743277
177,2,2,0.0,0.047657706,0.06896633,0.88337606
177,2,2,2.9802322387695312e-08,0.034183286,0.063586295,0.90223044
177,2,2,0.0,0.032877803,0.08668732,0.880435
177,2,2,5.960464477539063e-08,0.031037644,0.09818603,0.8707764
177,2,2,0.0,0.022262981,0.08685832,0.89087874
177,2,2,2.9802322387695312e-08,0.0123572685,0.07420135,0.91344136
177,2,2,0.0,0.009968074,0.032209046,0.9578229
177,2,2,1.4901161193847656e-08,0.009632896,0.027479747,0.96288735
177,2,2,0.0,0.024704523,0.029773707,0.94552183
177,2,2,0.0,0.027749605,0.060239416,0.9120112
177,2,2,5.960464477539063e-08,0.04377716,0.09186042,0.8643625
177,2,2,5.960464477539063e-08,0.026380267,0.04704192,0.92657775
177,2,2,5.960464477539063e-08,0.02181912,0.04419743,0.9339834
177,2,2,0.0,0.012259853,0.052904736,0.9348355
177,2,2,0.0,0.013000987,0.0755387,0.9114604
177,2,2,0.0,0.023459386,0.025268527,0.95127213
177,2,2,0.0,0.026445087,0.09672759,0.8768274
177,2,2,0.0,0.047482885,0.16531196,0.78720516
177,2,2,2.9802322387695312e-08,0.033258896,0.0897845,0.8769566
177,2,2,0.0,0.03113891,0.107918896,0.8609424
177,2,2,0.0,0.022300763,0.07855534,0.8991438
177,2,2,0.0,0.022740556,0.082803704,0.8944559
177,2,2,0.0,0.021315688,0.06747446,0.9112101
207,2,0,5.960464477539063e-08,0.6083114,0.05377843,0.33791023
207,2,2,0.0,0.21021412,0.2963267,0.4934592
207,2,2,0.0,0.34304893,0.1533373,0.50361377
207,2,0,0.0,0.66226304,0.03985834,0.29787856
207,2,0,0.0,0.61183995,0.03971983,0.34844023
207,2,2,5.960464477539063e-08,0.29458404,0.04500248,0.6604135
207,2,2,0.0,0.14803164,0.124799654,0.7271687
207,2,2,0.0,0.06846264,0.013684859,0.9178526
207,2,2,0.0,0.23812822,0.010207741,0.75166416
207,2,2,0.0,0.096899085,0.018569808,0.8845312
207,2,2,0.0,0.29890656,0.042927034,0.65816647
207,2,2,0.0,0.09362038,0.0135342125,0.8928455
207,2,2,0.0,0.037003893,0.012144787,0.95085144
207,2,2,7.450580596923828e-08,0.021924876,0.008551952,0.969523
207,2,2,0.0,0.041086487,0.013361706,0.9455519
207,2,2,0.0,0.19995128,0.017036377,0.78301245
207,2,2,0.0,0.3329307,0.02806697,0.63900226
207,2,2,5.960464477539063e-08,0.3801727,0.07793372,0.54189354
207,2,2,0.0,0.15231542,0.03024,0.81744474
207,2,2,0.0,0.027676165,0.013207926,0.959116
207,2,2,0.0,0.024250977,0.016661668,0.95908743
207,2,2,4.470348358154297e-08,0.018431,0.011975734,0.9695932
207,2,2,0.0,0.032548856,0.014930937,0.9525203
207,2,2,0.0,0.04588829,0.016981583,0.93713033
207,2,2,0.0,0.15387025,0.043552417,0.80257744
207,2,2,0.0,0.11837358,0.050564155,0.8310623
207,2,2,0.0,0.026155986,0.01959266,0.9542514
207,2,2,0.0,0.016129056,0.012465602,0.97140545
207,2,2,0.0,0.016348146,0.012076943,0.9715749
207,2,0,0.0,0.62776047,0.036682483,0.33555713
207,2,2,0.0,0.47305328,0.050829735,0.47611713
207,2,2,0.0,0.09204679,0.025697632,0.8822557
207,2,2,0.0,0.011591622,0.021824485,0.96658415
207,2,2,0.0,0.023438692,0.031504225,0.94505703
207,2,2,0.0,0.27069992,0.062197763,0.66710234
207,2,2,0.0,0.029703852,0.031507544,0.9387886
179,2,2,0.0,0.07350162,0.1826559,0.7438426
179,2,1,0.0,0.30480778,0.44070482,0.2544874
179,2,2,0.0,0.04190777,0.11701912,0.84107316
179,2,2,0.0,0.0111669935,0.038962547,0.9498706
179,2,2,1.1920928955078125e-07,0.30116928,0.20147993,0.49735093
179,2,2,0.0,0.24566643,0.3096822,0.44465142
179,2,2,5.960464477539063e-08,0.043799408,0.04670892,0.9094917
179,2,2,1.4901161193847656e-08,0.021753082,0.027355282,0.9508916
179,2,2,0.0,0.026145829,0.04848571,0.9253685
179,2,2,0.0,0.023183722,0.093184784,0.88363165
179,2,2,0.0,0.01661158,0.036382426,0.94700617
179,2,2,4.470348358154297e-08,0.010042825,0.028214272,0.96174294
179,2,2,4.470348358154297e-08,0.019797862,0.024759078,0.9554431
179,2,2,0.0,0.025665922,0.062017288,0.9123168
179,2,2,0.0,0.0630234,0.038309734,0.8986669
179,2,2,0.0,0.0730849,0.034063216,0.892852
179,2,2,2.9802322387695312e-08,0.016440602,0.029525783,0.95403343
179,2,2,0.0,0.0125608845,0.024842972,0.9625961
179,2,2,0.0,0.012551712,0.032170136,0.95527834
179,2,2,4.470348358154297e-08,0.01372702,0.02545728,0.9608156
179,2,2,0.0,0.04789813,0.07695942,0.8751426
179,2,2,0.0,0.03595747,0.09361148,0.87043107
179,2,2,0.0,0.027052071,0.015901085,0.9570469
179,2,2,0.0,0.011810966,0.021610802,0.9665784
179,2,2,0.0,0.018078456,0.056454193,0.9254675
179,2,2,0.0,0.017569847,0.019952087,0.96247816
179,2,2,7.450580596923828e-08,0.017436732,0.021001413,0.9615618
179,2,2,2.9802322387695312e-08,0.025710398,0.024101729,0.95018786
179,2,2,0.0,0.01337927,0.020783663,0.9658371
179,2,2,2.9802322387695312e-08,0.01150102,0.027325701,0.96117324
179,2,2,0.0,0.017200872,0.08043381,0.9023653
179,2,2,0.0,0.008983699,0.03081547,0.9602009
179,2,2,0.0,0.02180274,0.025736246,0.9524612
179,2,2,0.0,0.023657512,0.029516771,0.9468259
179,2,2,0.0,0.02741465,0.039738424,0.9328471
179,2,2,0.0,0.020901378,0.027245827,0.95185286
179,2,2,0.0,0.014627784,0.019905856,0.9654665
179,2,2,0.0,0.027551293,0.030110883,0.94233805
179,2,2,0.0,0.027079722,0.111382365,0.861538
179,2,2,0.0,0.01634576,0.02312724,0.96052706
179,2,2,0.0,0.025534851,0.039800465,0.93466467
179,2,2,0.0,0.027308278,0.1808005,0.79189134
226,2,2,0.0,0.12412054,0.058378067,0.8175015
226,2,2,5.960464477539063e-08,0.068650186,0.20287657,0.72847337
226,2,2,0.0,0.03753033,0.076581694,0.8858881
226,2,2,0.0,0.027330918,0.027645657,0.94502354
226,2,2,0.0,0.019158803,0.027459053,0.9533822
226,2,2,0.0,0.05200872,0.10685081,0.8411407
226,2,2,0.0,0.1609398,0.2895088,0.5495514
226,2,2,0.0,0.04786974,0.08702927,0.86510104
226,2,2,5.960464477539063e-08,0.027551293,0.08804718,0.8844015
226,2,2,0.0,0.031158967,0.13705687,0.83178425
226,2,2,5.960464477539063e-08,0.033952348,0.12960546,0.8364422
226,2,2,0.0,0.07833856,0.29855946,0.62310195
226,2,2,0.0,0.019251132,0.08500506,0.8957439
226,2,2,5.960464477539063e-08,0.046654586,0.12129444,0.8320509
226,2,2,0.0,0.022541586,0.13043202,0.8470265
226,2,1,0.0,0.056717645,0.4823741,0.46090823
226,2,2,0.0,0.045443565,0.23074986,0.72380674
226,2,2,0.0,0.036265384,0.15464966,0.8090851
226,2,2,0.0,0.13224359,0.4293463,0.43841028
226,2,2,0.0,0.12046829,0.065040804,0.814491
226,2,2,0.0,0.035694763,0.1410591,0.8232461
226,2,2,0.0,0.026805742,0.21520145,0.7579928
226,2,1,0.0,0.11410501,0.70574296,0.18015209
226,2,1,0.0,0.1352367,0.7145705,0.15019284
363,2,2,0.0,0.034358434,0.20639901,0.75924265
363,2,2,0.0,0.0289879,0.044454604,0.9265576
363,2,2,0.0,0.036975328,0.112926066,0.8500987
363,2,2,2.9802322387695312e-08,0.05056963,0.07728822,0.8721423
363,2,2,0.0,0.039393254,0.0059689092,0.9546379
363,2,2,0.0,0.03626911,0.008064851,0.9556661
363,2,2,2.9802322387695312e-08,0.032453988,0.037381686,0.9301644
363,2,2,5.960464477539063e-08,0.058908865,0.07543559,0.8656556
363,2,2,0.0,0.039640617,0.011590532,0.94876903
363,2,2,0.0,0.02860801,0.01379069,0.9576013
181,2,2,0.0,0.024836138,0.29425275,0.6809111
181,2,1,0.0,0.038625307,0.53150636,0.42986846
181,2,2,0.0,0.020574741,0.28843102,0.6909943
181,2,2,0.0,0.013697949,0.022425644,0.9638765
181,2,2,0.0,0.024581423,0.06809852,0.90732014
181,2,2,2.9802322387695312e-08,0.019585963,0.102957845,0.87745637
181,2,2,0.0,0.023078384,0.21608965,0.760832
181,2,2,0.0,0.02385202,0.09447811,0.8816699
181,2,2,5.960464477539063e-08,0.01721653,0.030455194,0.95232826
181,2,2,0.0,0.015782218,0.04161364,0.94260424
181,2,2,0.0,0.014421362,0.04108983,0.9444889
181,2,2,0.0,0.02796092,0.043378703,0.92866033
181,2,2,0.0,0.01956129,0.031863358,0.9485755
181,2,2,1.4901161193847656e-08,0.016198786,0.02557107,0.9582302
181,2,2,0.0,0.021691406,0.02760569,0.9507028
181,2,2,0.0,0.033341583,0.035248037,0.93141043
181,2,2,0.0,0.013386316,0.019978786,0.9666349
181,2,2,0.0,0.017066738,0.04097022,0.9419632
181,2,2,0.0,0.018349076,0.04094748,0.9407035
181,2,2,0.0,0.019357594,0.025738904,0.9549036
181,2,2,0.0,0.01754612,0.030715624,0.95173836
181,2,2,0.0,0.025679553,0.021605067,0.9527155
181,2,2,0.0,0.04132373,0.02205506,0.9366213
181,2,2,0.0,0.025095908,0.04560421,0.92929995
181,2,2,0.0,0.018184686,0.025999513,0.9558158
181,2,2,0.0,0.019732576,0.04144023,0.9388272
181,2,2,0.0,0.020357052,0.046430357,0.93321264
181,2,2,1.4901161193847656e-08,0.018721443,0.033233337,0.9480452
181,2,2,0.0,0.026901258,0.030511513,0.9425873
181,2,2,0.0,0.019514065,0.016560614,0.9639255
181,2,2,4.470348358154297e-08,0.018484874,0.020976031,0.96053904
181,2,2,4.470348358154297e-08,0.023764102,0.015434534,0.9608013
181,2,2,0.0,0.018448489,0.027472772,0.95407873
181,2,2,0.0,0.040150627,0.2114563,0.7483932
181,2,2,0.0,0.018227171,0.019995274,0.9617777
181,2,2,0.0,0.022892874,0.04364593,0.9334613
181,2,2,0.0,0.043053467,0.030240577,0.926706
181,2,2,0.0,0.06303204,0.06467999,0.872288
181,2,2,0.0,0.016736925,0.026423166,0.95684004
181,2,2,0.0,0.013585455,0.022424832,0.96398985
181,2,2,0.0,0.013169407,0.0134596145,0.973371
181,2,2,0.0,0.029229242,0.034233835,0.9365369
181,2,2,0.0,0.03396711,0.028464612,0.93756837
181,2,2,0.0,0.08168893,0.032310285,0.88600075
288,2,2,0.0,0.07362128,0.059926458,0.86645246
288,2,2,0.0,0.16226757,0.065088116,0.7726444
288,2,2,0.0,0.11640289,0.11207036,0.7715269
219,2,2,0.0,0.042883683,0.07397375,0.88314265
219,2,2,2.9802322387695312e-08,0.042273898,0.097350605,0.8603755
219,2,2,5.960464477539063e-08,0.012066496,0.023428706,0.9645048
219,2,2,0.0,0.0087404195,0.013131214,0.97812843
219,2,2,0.0,0.0079413885,0.013967651,0.9780912
219,2,2,0.0,0.01614373,0.020742198,0.96311414
219,2,2,0.0,0.052193683,0.033675328,0.91413116
219,2,2,0.0,0.026531473,0.018262032,0.9552065
219,2,2,0.0,0.014230659,0.012914535,0.9728548
219,2,2,5.21540641784668e-08,0.007838543,0.0150528,0.9771086
219,2,2,0.0,0.010955599,0.020475047,0.9685694
219,2,2,0.0,0.0545296,0.07194578,0.87352484
219,2,2,0.0,0.038264874,0.07502679,0.8867083
389,0,1,0.0,0.44836542,0.529279,0.022355657
389,0,0,0.0,0.816166,0.17360967,0.010224439
389,0,0,0.0,0.9138547,0.06960227,0.016542982
389,0,0,0.0,0.94856733,0.042333223,0.009099657
389,0,0,1.4901161193847656e-08,0.9622385,0.032125294,0.0056362874
389,0,0,0.0,0.94657385,0.044161867,0.009264311
389,0,0,0.0,0.96017027,0.030344078,0.009485794
389,0,0,0.0,0.96712494,0.020627214,0.012248038
389,0,0,0.0,0.97108245,0.021416955,0.007500733
389,0,0,0.0,0.9519703,0.03898886,0.009040969
389,0,0,0.0,0.9692225,0.023126524,0.007651068
389,0,0,0.0,0.96780944,0.019915443,0.012275074
389,0,0,0.0,0.97082996,0.018190246,0.010979845
389,0,0,0.0,0.9706813,0.017576022,0.011742562
389,0,0,0.0,0.9634801,0.029956413,0.0065635876
389,0,0,0.0,0.9594622,0.024457857,0.016080055
389,0,0,0.0,0.96625704,0.024237584,0.009505613
389,0,0,0.0,0.97212225,0.018763442,0.00911436
389,0,0,0.0,0.9564099,0.029464215,0.014125883
389,0,0,4.470348358154297e-08,0.96780074,0.025014268,0.007184926
389,0,0,0.0,0.96933746,0.02107693,0.009585695
389,0,0,0.0,0.94219995,0.03712,0.020680217
389,0,0,0.0,0.93758243,0.04574712,0.016670665
389,0,0,2.9802322387695312e-08,0.9362145,0.046214666,0.017570851
106,0,0,0.0,0.57588845,0.06275449,0.36135703
106,0,2,0.0,0.38696724,0.029988108,0.5830447
106,0,0,5.960464477539063e-08,0.5911445,0.030406084,0.3784494
106,0,0,0.0,0.5085358,0.029511297,0.461953
106,0,0,0.0,0.55418485,0.03034949,0.41546583
106,0,0,0.0,0.5544419,0.035332493,0.4102257
106,0,0,0.0,0.51503307,0.03151898,0.45344806
106,0,0,0.0,0.69571984,0.038714767,0.26556545
106,0,0,0.0,0.4831152,0.03490749,0.4819775
106,0,0,0.0,0.6906918,0.033521544,0.27578667
106,0,0,5.960464477539063e-08,0.69076324,0.035852253,0.2733845
106,0,0,0.0,0.53581953,0.03881162,0.42536902
106,0,0,5.960464477539063e-08,0.4693638,0.07368023,0.456956
106,0,0,0.0,0.5945229,0.039286837,0.36619046
106,0,0,0.0,0.54341215,0.035780627,0.42080733
106,0,0,0.0,0.63107556,0.03048932,0.33843517
106,0,0,0.0,0.6466147,0.033174567,0.32021096
106,0,0,0.0,0.8273632,0.023697203,0.14893967
106,0,0,0.0,0.8095022,0.02452417,0.1659738
106,0,2,0.0,0.14856131,0.02899503,0.8224436
106,0,0,0.0,0.53255314,0.027167248,0.4402797
106,0,2,0.0,0.39809844,0.032296434,0.5696052
106,0,2,0.0,0.2878825,0.03473033,0.6773873
106,0,2,0.0,0.38172427,0.07336626,0.5449095
106,0,2,0.0,0.27044132,0.072769955,0.6567889
106,0,2,0.0,0.42051223,0.06005864,0.5194292
106,0,2,0.0,0.47070023,0.050455738,0.4788442
106,0,0,0.0,0.54671663,0.03556872,0.41771477
106,0,0,0.0,0.72261804,0.03292644,0.24445564
106,0,0,0.0,0.7157025,0.033378553,0.250919
106,0,0,0.0,0.74995804,0.04215569,0.20788634
106,0,0,0.0,0.7547151,0.037987757,0.20729734
106,0,0,0.0,0.6628257,0.045494266,0.2916801
106,0,0,0.0,0.70707935,0.04327164,0.24964912
106,0,2,0.0,0.33658195,0.035682723,0.62773544
106,0,0,5.960464477539063e-08,0.55139506,0.049403355,0.39920166
106,0,0,0.0,0.5823049,0.049048904,0.36864638
106,0,2,0.0,0.368819,0.046908665,0.5842723
106,0,2,5.960464477539063e-08,0.35723403,0.048416387,0.5943497
106,0,0,0.0,0.47971854,0.080311075,0.43997046
106,0,0,0.0,0.5453621,0.039077193,0.41556078
106,0,0,0.0,0.5446061,0.045143683,0.41025028
106,0,0,5.960464477539063e-08,0.6132127,0.034471616,0.35231572
106,0,0,0.0,0.62196803,0.0365039,0.3415281
106,0,0,0.0,0.81247205,0.046559166,0.14096893
106,0,0,0.0,0.69908154,0.031805888,0.2691125
106,0,0,0.0,0.57887715,0.033903655,0.38721916
106,0,0,0.0,0.57937676,0.031666096,0.3889572
106,0,0,0.0,0.81321925,0.035289448,0.15149133
106,0,2,0.0,0.4171441,0.051500566,0.53135544
106,0,0,0.0,0.54326415,0.3033613,0.15337457
106,0,0,0.0,0.4388161,0.366139,0.19504501
106,0,2,0.0,0.31978387,0.20593083,0.47428536
106,0,0,0.0,0.4681661,0.077493764,0.45434025
106,0,0,0.0,0.66238153,0.07661112,0.26100752
106,0,0,0.0,0.67160964,0.056399357,0.27199104
106,0,0,0.0,0.5652505,0.043431286,0.3913183
106,0,0,0.0,0.5175828,0.06411617,0.4183011
106,0,0,5.960464477539063e-08,0.5307405,0.060143303,0.40911627
106,0,0,0.0,0.6934301,0.030469786,0.27610013
106,0,0,0.0,0.6747786,0.031531237,0.29369035
106,0,0,0.0,0.66788566,0.03504137,0.29707304
106,0,0,0.0,0.72218925,0.049381938,0.22842896
106,0,0,0.0,0.78079265,0.02727864,0.19192873
106,0,0,0.0,0.6899005,0.04725427,0.26284534
106,0,0,0.0,0.7216212,0.036846887,0.24153197
106,0,0,0.0,0.6410418,0.037636675,0.32132164
106,0,2,0.0,0.31133333,0.3157034,0.37296322
106,0,0,0.0,0.39685646,0.3049636,0.29818004
106,0,0,1.1920928955078125e-07,0.5129157,0.18398796,0.30309635
106,0,0,0.0,0.6938739,0.0850544,0.22107187
106,0,0,0.0,0.577469,0.07149846,0.35103258
106,0,2,5.960464477539063e-08,0.4622021,0.07401056,0.46378738
106,0,2,0.0,0.40443167,0.06331313,0.5322553
106,0,0,0.0,0.6216339,0.06094486,0.31742123
106,0,0,0.0,0.85749245,0.026826719,0.11568096
106,0,0,0.0,0.92622334,0.017881414,0.055895396
106,0,0,0.0,0.8688073,0.03399746,0.097195365
106,0,0,0.0,0.6423564,0.05995681,0.29768685
106,0,2,0.0,0.3646349,0.039274,0.5960912
106,0,0,0.0,0.61910295,0.046044063,0.33485317
106,0,1,0.0,0.2709611,0.52134037,0.20769863
106,0,1,0.0,0.30005857,0.4284248,0.2715167
106,0,1,0.0,0.2879964,0.48016384,0.23183978
106,0,0,0.0,0.5078506,0.25007227,0.24207713
106,0,0,0.0,0.50313115,0.14414601,0.3527229
106,0,0,0.0,0.5931733,0.089742474,0.31708437
106,0,0,1.1920928955078125e-07,0.46783638,0.109804764,0.42235902
106,0,0,0.0,0.5369067,0.24661079,0.2164827
106,0,0,0.0,0.6786426,0.04137448,0.279983
106,0,0,0.0,0.93832296,0.028925177,0.032751974
106,0,2,0.0,0.26326293,0.15064569,0.58609146
106,0,2,0.0,0.40952453,0.1256318,0.4648437
106,0,1,0.0,0.27513295,0.4381108,0.2867564
106,0,0,0.0,0.39319327,0.2236105,0.38319635
106,0,0,0.0,0.51718694,0.11227256,0.37054053
106,0,2,0.0,0.2537357,0.043336272,0.702928
106,0,2,5.960464477539063e-08,0.17033656,0.05054957,0.77911395
106,0,1,5.960464477539063e-08,0.40567026,0.48656937,0.10776051
106,0,2,0.0,0.40003476,0.15892076,0.4410445
106,0,2,0.0,0.10877112,0.07321375,0.8180152
39,0,0,0.0,0.91074604,0.08061949,0.008634571
39,0,0,0.0,0.9826532,0.011897761,0.0054492494
39,0,0,0.0,0.97252,0.017066022,0.010414128
39,0,0,5.960464477539063e-08,0.5781122,0.03116807,0.3907198
39,0,0,7.450580596923828e-08,0.96700925,0.02431366,0.008677132
39,0,0,0.0,0.9799947,0.010000466,0.010005036
39,0,0,0.0,0.9703437,0.009181457,0.020475047
39,0,0,0.0,0.7150387,0.017361542,0.26759985
39,0,0,0.0,0.9270233,0.055056334,0.017920464
39,0,0,0.0,0.9651394,0.026015831,0.00884492
39,0,0,0.0,0.9608154,0.018650606,0.020534009
39,0,0,1.4901161193847656e-08,0.95253575,0.036682263,0.01078198
39,0,0,0.0,0.9326411,0.032211225,0.03514777
39,0,0,0.0,0.8654065,0.10468914,0.029904393
39,0,0,0.0,0.92837733,0.03669774,0.03492501
39,0,0,0.0,0.7866818,0.16989404,0.043424223
39,0,0,4.470348358154297e-08,0.94622624,0.04820255,0.0055711144
39,0,0,0.0,0.93264496,0.054974332,0.012380837
39,0,0,0.0,0.9215252,0.049281936,0.029192986
39,0,0,0.0,0.6243745,0.33951938,0.036106206
39,0,0,7.450580596923828e-08,0.97274506,0.022469407,0.0047854623
39,0,0,0.0,0.968522,0.026243087,0.005235087
39,0,0,0.0,0.80715513,0.17838371,0.014461351
39,0,0,0.0,0.8519634,0.12522608,0.022810593
39,0,0,0.0,0.92632353,0.060609743,0.013066891
39,0,0,0.0,0.9690838,0.022832887,0.008083427
39,0,0,1.4901161193847656e-08,0.95062935,0.038007043,0.01136362
39,0,0,0.0,0.8057484,0.17318267,0.021068936
39,0,0,0.0,0.70095676,0.21589106,0.08315227
39,0,0,2.9802322387695312e-08,0.9296953,0.04012593,0.030178715
39,0,0,0.0,0.95141494,0.028660038,0.019925114
39,0,0,0.0,0.9451275,0.028668862,0.026203848
39,0,0,1.1920928955078125e-07,0.7813741,0.09428227,0.124343626
60,0,0,0.0,0.9279023,0.048710424,0.023387324
60,0,0,5.960464477539063e-08,0.83219874,0.10569369,0.062107574
60,0,0,8.940696716308594e-08,0.9039261,0.08993722,0.0061367843
60,0,0,0.0,0.8407132,0.15181348,0.007473282
60,0,0,0.0,0.7996927,0.19342524,0.00688216
60,0,0,8.940696716308594e-08,0.87633383,0.112168,0.011498119
60,0,0,1.1920928955078125e-07,0.7776686,0.19520903,0.027122391
60,0,0,0.0,0.7937274,0.041972943,0.16429967
60,0,0,0.0,0.93436253,0.05930544,0.0063320915
60,0,0,0.0,0.9039302,0.089133255,0.0069364947
60,0,0,0.0,0.8315172,0.16304046,0.005442542
60,0,0,0.0,0.86039066,0.13526203,0.004347378
60,0,0,0.0,0.7788683,0.2143388,0.0067928727
60,0,0,0.0,0.8247905,0.1690462,0.0061633596
60,0,0,0.0,0.8433391,0.12293812,0.033722807
60,0,0,0.0,0.91708964,0.073729254,0.009181193
60,0,0,0.0,0.9310198,0.06240569,0.0065747076
60,0,0,0.0,0.9049687,0.08934404,0.0056873695
60,0,0,0.0,0.9319029,0.05724866,0.010848578
60,0,0,0.0,0.83718216,0.15826194,0.004555985
60,0,0,2.9802322387695312e-08,0.8468392,0.14617646,0.006984454
60,0,0,0.0,0.9186735,0.04540436,0.035922237
60,0,0,0.0,0.91757596,0.07207325,0.010350834
60,0,0,2.9802322387695312e-08,0.9075486,0.021658605,0.070792705
60,0,0,2.9802322387695312e-08,0.927252,0.050146412,0.022601698
60,0,0,0.0,0.91143775,0.0767464,0.011816024
60,0,0,0.0,0.8308787,0.16484942,0.0042720893
60,0,0,0.0,0.8917174,0.10335029,0.0049324534
60,0,0,0.0,0.9397198,0.022267696,0.038012523
60,0,0,0.0,0.89250296,0.095233865,0.012263326
60,0,0,0.0,0.94396895,0.033555318,0.022475874
60,0,0,0.0,0.9751607,0.02168835,0.0031510042
60,0,0,0.0,0.98610646,0.008160684,0.00573305
60,0,0,0.0,0.9574081,0.038983967,0.0036080424
60,0,0,5.960464477539063e-08,0.8801299,0.11407845,0.005791732
60,0,0,2.9802322387695312e-08,0.914926,0.034017187,0.051056847
60,0,0,5.960464477539063e-08,0.87218213,0.1194461,0.008371875
60,0,0,0.0,0.8451931,0.14324744,0.011559475
60,0,0,8.940696716308594e-08,0.8821145,0.10665354,0.01123183
60,0,0,0.0,0.9756862,0.021463124,0.0028507798
60,0,0,0.0,0.9754133,0.022176746,0.0024101285
60,0,0,0.0,0.9319912,0.065209635,0.0027990635
60,0,0,0.0,0.63558733,0.3506709,0.013741833
60,0,0,0.0,0.8659529,0.052627932,0.0814193
60,0,0,0.0,0.9426556,0.039909083,0.017435377
60,0,0,0.0,0.9735184,0.021615773,0.004866003
60,0,0,0.0,0.9549204,0.04179103,0.0032886018
60,0,0,0.0,0.95188046,0.0441451,0.003974462
60,0,1,0.0,0.44809204,0.52756286,0.024345104
60,0,0,0.0,0.9000355,0.073300466,0.026664026
60,0,0,0.0,0.60455173,0.3865106,0.008937748
405,0,2,0.0,0.22379176,0.018344408,0.75786394
405,0,0,0.0,0.85996246,0.028905474,0.111132115
405,0,0,0.0,0.8885174,0.021961952,0.08952089
405,0,0,0.0,0.7868301,0.02251704,0.19065297
405,0,0,0.0,0.6015464,0.032343656,0.36611006
405,0,0,0.0,0.5001179,0.023289347,0.4765928
405,0,0,0.0,0.48710367,0.02704154,0.48585483
405,0,0,0.0,0.8443822,0.03608509,0.119532846
405,0,0,2.9802322387695312e-08,0.868869,0.020069977,0.111061
405,0,0,0.0,0.9101047,0.018774562,0.07112085
405,0,0,0.0,0.9019265,0.024020527,0.074053116
405,0,0,0.0,0.91995585,0.029705426,0.050338693
405,0,0,5.960464477539063e-08,0.8839647,0.035143983,0.08089123
405,0,0,0.0,0.74128336,0.04613935,0.21257748
405,0,0,0.0,0.88380784,0.02249535,0.09369691
405,0,0,0.0,0.89297014,0.017529612,0.08950049
405,0,0,0.0,0.92634594,0.024637457,0.049016558
405,0,0,0.0,0.93042755,0.01727139,0.052301247
405,0,0,0.0,0.93769836,0.02994434,0.03235737
405,0,0,0.0,0.9327087,0.03319305,0.034098454
405,0,0,0.0,0.91673607,0.01958892,0.063675016
405,0,0,0.0,0.7789319,0.03265064,0.18841745
405,0,0,0.0,0.7558894,0.050682824,0.19342785
405,0,0,0.0,0.89809763,0.01930001,0.08260243
405,0,0,0.0,0.82674843,0.051059622,0.12219197
405,0,0,0.0,0.85657877,0.06058703,0.08283435
405,0,0,0.0,0.84011114,0.05856342,0.10132547
405,0,0,0.0,0.8114113,0.044309277,0.14427951
405,0,0,0.0,0.8230128,0.039292317,0.13769501
405,0,0,0.0,0.5180729,0.19557478,0.28635243
405,0,0,0.0,0.70262015,0.0967773,0.2006026
405,0,0,0.0,0.90475696,0.016201474,0.0790415
405,0,0,0.0,0.9278064,0.015170976,0.05702264
405,0,0,0.0,0.8560652,0.0611149,0.082819976
405,0,0,0.0,0.9058943,0.027210817,0.06689501
405,0,0,0.0,0.79604065,0.08479098,0.119168475
405,0,0,0.0,0.7084183,0.048303787,0.24327794
405,0,0,0.0,0.7818216,0.03239396,0.1857846
405,0,0,0.0,0.6854422,0.041470394,0.27308747
405,0,0,0.0,0.80579484,0.026773792,0.1674315
405,0,0,0.0,0.8594767,0.032762744,0.10776061
405,0,0,0.0,0.74245304,0.16051814,0.09702889
405,0,0,0.0,0.8111768,0.068605356,0.12021803
405,0,0,0.0,0.78335774,0.04161861,0.1750237
405,0,0,0.0,0.83323824,0.035505503,0.1312563
405,0,0,0.0,0.5839849,0.07191316,0.34410205
405,0,0,0.0,0.72982407,0.036391847,0.23378427
61,0,2,0.0,0.11515792,0.30241454,0.58242744
61,0,0,0.0,0.4116299,0.366901,0.2214692
61,0,0,5.960464477539063e-08,0.7995383,0.13283223,0.067629434
61,0,2,0.0,0.22589542,0.25185013,0.5222546
61,0,0,5.960464477539063e-08,0.58562917,0.25164467,0.16272621
61,0,0,0.0,0.91164804,0.079046704,0.009305312
61,0,0,0.0,0.9333762,0.024336418,0.042287387
61,0,0,0.0,0.93938375,0.025655428,0.034960993
61,0,0,0.0,0.7833363,0.047197714,0.1694661
61,0,0,2.9802322387695312e-08,0.8696219,0.038061976,0.09231606
61,0,0,0.0,0.9559164,0.025535272,0.018548349
61,0,0,0.0,0.9672545,0.02384925,0.008896296
61,0,0,5.960464477539063e-08,0.9454128,0.022139901,0.03244725
61,0,0,0.0,0.81054115,0.072914846,0.11654426
61,0,0,2.9802322387695312e-08,0.92354643,0.062374182,0.014079321
61,0,0,0.0,0.9748673,0.014553015,0.010579742
61,0,0,0.0,0.9661154,0.02643475,0.0074500446
61,0,0,0.0,0.96114695,0.031329032,0.0075241425
61,0,0,0.0,0.7502093,0.24159755,0.008193315
61,0,0,0.0,0.9347235,0.055271648,0.010005032
61,0,0,0.0,0.96359533,0.025284376,0.011120371
61,0,0,0.0,0.96726525,0.021711402,0.011023386
61,0,0,0.0,0.97028786,0.02016736,0.009544902
61,0,0,0.0,0.8727946,0.109503545,0.017702067
61,0,0,0.0,0.838026,0.14284098,0.019133098
61,0,0,0.0,0.8765341,0.112639375,0.010826631
61,0,0,0.0,0.95681745,0.03507746,0.008105227
61,0,0,0.0,0.96787924,0.025451267,0.0066694575
61,0,0,0.0,0.8144908,0.10419822,0.081311084
61,0,0,0.0,0.6824871,0.29905993,0.018453144
61,0,0,0.0,0.83751017,0.14693847,0.015551532
61,0,0,0.0,0.93582195,0.052380513,0.011797614
61,0,0,5.960464477539063e-08,0.9354845,0.03163761,0.032877874
403,0,0,0.0,0.9542837,0.03406698,0.011649453
403,0,0,4.470348358154297e-08,0.9483234,0.042850118,0.00882642
403,0,0,0.0,0.9276973,0.06115637,0.011146453
403,0,0,0.0,0.9415098,0.04615932,0.012330841
403,0,0,0.0,0.95705134,0.03414042,0.008808429
403,0,0,0.0,0.9071833,0.07200972,0.020806964
403,0,0,2.9802322387695312e-08,0.9103704,0.07522243,0.014407149
403,0,0,0.0,0.914424,0.073981725,0.01159428
403,0,0,0.0,0.9210378,0.06336941,0.015592787
403,0,0,0.0,0.933102,0.0496219,0.017276209
403,0,0,0.0,0.84092915,0.1299589,0.02911209
403,0,0,5.960464477539063e-08,0.72512263,0.19886541,0.07601195
403,0,0,0.0,0.6640698,0.03866622,0.297264
391,0,0,0.0,0.87650585,0.10832686,0.015167294
391,0,0,0.0,0.91997904,0.06837457,0.01164667
391,0,0,0.0,0.90678936,0.0824653,0.0107454
391,0,0,0.0,0.90045273,0.06915557,0.030391835
391,0,0,0.0,0.9535933,0.032230806,0.014176011
391,0,0,0.0,0.96395797,0.027316293,0.008725823
391,0,0,0.0,0.966743,0.024040114,0.00921704
391,0,0,0.0,0.94412184,0.040683772,0.0151946135
391,0,0,0.0,0.72284734,0.249962,0.027190732
391,0,0,0.0,0.964369,0.019461958,0.016169067
391,0,0,0.0,0.9726206,0.017916312,0.009463097
391,0,0,0.0,0.9695663,0.023818487,0.0066152937
391,0,0,0.0,0.9530893,0.040600874,0.006309937
391,0,0,0.0,0.9356185,0.05782617,0.0065553864
391,0,0,0.0,0.95270365,0.024019284,0.023277214
391,0,0,0.0,0.9304213,0.058760736,0.010818008
391,0,0,0.0,0.9589395,0.030994814,0.010065809
391,0,0,0.0,0.9653921,0.02589807,0.008709898
391,0,0,0.0,0.96692854,0.025976866,0.0070947073
391,0,0,0.0,0.9190149,0.048062604,0.03292272
391,0,0,0.0,0.95827013,0.027231904,0.014498116
391,0,0,0.0,0.96035683,0.029425696,0.010217553
391,0,0,4.470348358154297e-08,0.9650599,0.0257265,0.009213543
391,0,0,0.0,0.9493517,0.04056929,0.0100789545
391,0,0,0.0,0.9544487,0.024975508,0.02057584
391,0,0,0.0,0.95400906,0.03209892,0.013892293
391,0,0,0.0,0.9524855,0.038770363,0.008744121
391,0,0,0.0,0.9494487,0.042458523,0.008092938
391,0,0,0.0,0.93630594,0.056289334,0.0074047726
391,0,0,0.0,0.93829215,0.04229496,0.019412993
391,0,0,0.0,0.8798828,0.10457219,0.015545096
391,0,0,0.0,0.8397951,0.1474371,0.012767788
391,0,0,0.0,0.868747,0.11505361,0.01619948
391,0,0,8.940696716308594e-08,0.8521315,0.1257857,0.022082705
86,0,2,0.0,0.035584234,0.055106055,0.9093098
86,0,2,0.0,0.03246791,0.09666725,0.870865
86,0,2,0.0,0.016935807,0.05450882,0.9285555
86,0,2,5.960464477539063e-08,0.011858289,0.04451837,0.94362324
86,0,2,0.0,0.05891885,0.16275996,0.77832127
86,0,2,0.0,0.044879656,0.14230238,0.81281805
86,0,2,0.0,0.020439014,0.05491101,0.92465013
86,0,2,0.0,0.009003339,0.029955393,0.9610415
86,0,2,5.960464477539063e-08,0.011215314,0.02301276,0.96577185
86,0,2,5.960464477539063e-08,0.027627992,0.039727442,0.9326445
86,0,2,0.0,0.08385587,0.04557502,0.8705693
86,0,2,0.0,0.023076607,0.028133208,0.9487902
86,0,2,0.0,0.05402748,0.049916465,0.89605623
86,0,2,0.0,0.035959605,0.037087817,0.9269527
38,0,0,0.0,0.9365172,0.047206108,0.01627691
38,0,0,0.0,0.859524,0.1062674,0.034208566
38,0,0,0.0,0.8401786,0.12777664,0.03204477
38,0,0,0.0,0.86799395,0.09558857,0.036417566
38,0,2,0.0,0.13327006,0.067417316,0.7993128
38,0,0,2.9802322387695312e-08,0.9132673,0.06320501,0.023527673
38,0,0,0.0,0.96633524,0.028998591,0.0046663806
38,0,0,0.0,0.9634232,0.03095916,0.0056177387
38,0,0,4.470348358154297e-08,0.9647738,0.029787531,0.0054386966
38,0,0,1.1920928955078125e-07,0.63536817,0.21007913,0.15455277
38,0,0,0.0,0.9050955,0.07086302,0.024041427
38,0,0,0.0,0.9591996,0.030194059,0.010606427
38,0,0,0.0,0.95955276,0.023331732,0.017115759
38,0,0,0.0,0.8455927,0.08196259,0.072444715
38,0,0,1.4901161193847656e-08,0.9640403,0.023140516,0.012819319
38,0,0,2.9802322387695312e-08,0.9578582,0.03282402,0.009317754
38,0,0,0.0,0.9616501,0.024277862,0.014072267
38,0,1,0.0,0.14199154,0.43934035,0.4186681
38,0,0,0.0,0.93680084,0.031186087,0.032013237
38,0,0,0.0,0.90580934,0.081952006,0.012238837
38,0,0,2.9802322387695312e-08,0.9058653,0.08430977,0.009824855
38,0,0,0.0,0.93605965,0.050558068,0.013382307
38,0,0,0.0,0.69875586,0.08020623,0.22103797
38,0,0,5.960464477539063e-08,0.9561602,0.0260003,0.01783952
38,0,0,5.960464477539063e-08,0.9652449,0.023395272,0.011359832
38,0,0,2.9802322387695312e-08,0.9269983,0.06505768,0.007944055
38,0,0,0.0,0.92771065,0.06414345,0.008145981
38,0,1,0.0,0.14697948,0.50930464,0.34371588
38,0,0,0.0,0.9167802,0.061888386,0.021331577
38,0,0,0.0,0.9554157,0.027599063,0.016985422
38,0,0,1.4901161193847656e-08,0.9557042,0.0348623,0.009433551
38,0,0,0.0,0.9456502,0.046787065,0.007562911
38,0,0,0.0,0.74841446,0.18273799,0.06884754
38,0,0,2.9802322387695312e-08,0.9242355,0.068459585,0.007304931
38,0,0,0.0,0.9201928,0.06250481,0.017302541
38,0,0,0.0,0.94420195,0.038223278,0.017574865
38,0,0,0.0,0.93446636,0.045717724,0.019816043
8,0,2,0.0,0.064896315,0.07279298,0.86231077
8,0,2,0.0,0.37373897,0.02974929,0.5965119
8,0,2,0.0,0.37734804,0.044507068,0.57814497
8,0,0,0.0,0.8054867,0.0151345525,0.17937894
8,0,0,0.0,0.9404082,0.01415952,0.045432378
8,0,0,0.0,0.9452848,0.014459227,0.04025618
8,0,0,0.0,0.9745961,0.0077284067,0.017675608
8,0,0,0.0,0.8569256,0.009498449,0.133576
8,0,0,0.0,0.92212576,0.008122731,0.06975167
8,0,0,0.0,0.918992,0.0075596953,0.07344852
8,0,0,0.0,0.9681839,0.0068534166,0.024962805
8,0,0,4.470348358154297e-08,0.973345,0.011904639,0.01475036
8,0,0,0.0,0.92339194,0.014804906,0.061803248
8,0,0,0.0,0.96055526,0.007080965,0.032363802
8,0,0,0.0,0.8838841,0.007813439,0.10830251
8,0,0,0.0,0.9553684,0.0080479365,0.03658371
8,0,0,0.0,0.9469271,0.00753652,0.04553657
8,0,0,7.450580596923828e-08,0.97181714,0.006609457,0.021573262
8,0,0,0.0,0.96446383,0.012080267,0.023456065
8,0,0,4.470348358154297e-08,0.9717704,0.009481213,0.018748194
8,0,0,0.0,0.9395284,0.009845428,0.050626326
8,0,0,0.0,0.95271444,0.009601601,0.037684184
8,0,0,0.0,0.9480448,0.0068365266,0.045118783
8,0,0,0.0,0.98007476,0.006306551,0.013618792
8,0,0,0.0,0.973735,0.0075547295,0.018710349
8,0,0,0.0,0.9576828,0.010415802,0.03190151
8,0,0,2.9802322387695312e-08,0.93475646,0.015058306,0.05018514
8,0,0,0.0,0.976202,0.008771446,0.015026753
8,0,0,0.0,0.9727316,0.009861366,0.01740719
8,0,0,1.4901161193847656e-08,0.96918887,0.007794806,0.023016347
8,0,0,0.0,0.97924864,0.007046844,0.013704691
8,0,0,0.0,0.9816647,0.007298295,0.011037114
8,0,0,1.4901161193847656e-08,0.9645514,0.009163214,0.026285468
8,0,0,0.0,0.96847534,0.010394101,0.021130702
8,0,0,0.0,0.97074896,0.013094011,0.01615713
8,0,0,0.0,0.97715676,0.0073688733,0.015474432
8,0,0,0.0,0.98221433,0.0065070335,0.011278721
8,0,0,0.0,0.97741306,0.0075341556,0.015052807
8,0,0,0.0,0.9774151,0.008756116,0.013828857
8,0,0,0.0,0.9836596,0.006066174,0.010274393
8,0,0,0.0,0.9826617,0.009312228,0.008026145
8,0,0,1.4901161193847656e-08,0.97474307,0.008583377,0.016673526
8,0,0,0.0,0.97108275,0.012577774,0.016339472
8,0,0,0.0,0.98158646,0.006038336,0.012375313
8,0,0,0.0,0.97542995,0.008292837,0.01627716
8,0,0,0.0,0.9733272,0.006426139,0.020246688
8,0,0,0.0,0.9446544,0.009162541,0.046183217
8,0,0,0.0,0.9461379,0.010248942,0.043613113
8,0,0,1.4901161193847656e-08,0.98097813,0.009361492,0.009660301
8,0,0,0.0,0.96883315,0.016177297,0.014989589
8,0,0,0.0,0.93894666,0.034931447,0.026122047
8,0,0,0.0,0.9552479,0.0072582583,0.037494
8,0,0,0.0,0.93168885,0.007284308,0.061026983
8,0,0,7.450580596923828e-08,0.95525795,0.009769407,0.034972638
8,0,0,0.0,0.9366274,0.011122683,0.052250005
8,0,0,0.0,0.95843166,0.009851308,0.031717077
8,0,0,0.0,0.93444216,0.015089458,0.050468393
8,0,0,0.0,0.9471263,0.011890643,0.040983077
8,0,0,5.960464477539063e-08,0.82522315,0.02071258,0.1540643
8,0,0,5.960464477539063e-08,0.5391393,0.08309836,0.3777624
8,0,0,0.0,0.80578285,0.038053375,0.15616378
8,0,0,0.0,0.79978657,0.031546127,0.16866742
8,0,0,0.0,0.7908317,0.013021168,0.1961472
8,0,0,0.0,0.62331235,0.009608321,0.36707932
8,0,0,0.0,0.64369744,0.018457834,0.33784485
8,0,0,0.0,0.6929331,0.038350847,0.26871613
8,0,0,0.0,0.76623577,0.03589432,0.19786994
8,0,0,0.0,0.773327,0.030428912,0.19624418
8,0,0,0.0,0.5669112,0.09570535,0.33738354
9,0,0,0.0,0.89920276,0.077305995,0.023491364
9,0,0,0.0,0.85575676,0.099416696,0.04482672
9,0,0,0.0,0.83130264,0.12902845,0.039668944
9,0,0,0.0,0.7067505,0.2081462,0.08510317
9,0,0,0.0,0.9653902,0.012380914,0.02222893
9,0,0,0.0,0.97593594,0.010861125,0.013203071
9,0,0,0.0,0.9725123,0.010405982,0.017081792
9,0,0,0.0,0.9732498,0.009041215,0.017708922
9,0,0,0.0,0.96955484,0.009266618,0.021178646
9,0,0,5.960464477539063e-08,0.92518723,0.01710657,0.057706084
9,0,0,0.0,0.94128424,0.018544104,0.040171705
9,0,0,2.9802322387695312e-08,0.87601966,0.032764252,0.09121614
9,0,0,0.0,0.9407411,0.014165585,0.045093372
9,0,0,0.0,0.94494647,0.011849195,0.04320455
9,0,0,0.0,0.9595375,0.014024237,0.026438296
9,0,0,0.0,0.9715056,0.014561601,0.0139329
9,0,0,0.0,0.96677774,0.009958805,0.023263648
9,0,0,0.0,0.91597974,0.012232828,0.07178752
9,0,0,2.9802322387695312e-08,0.93969077,0.014725263,0.045583893
9,0,0,2.9802322387695312e-08,0.93948233,0.015183713,0.045333914
9,0,0,0.0,0.96046364,0.01949438,0.020042071
9,0,0,0.0,0.8057178,0.012626021,0.18165624
9,0,0,0.0,0.93911755,0.014273515,0.04660897
9,0,0,0.0,0.9659586,0.012433166,0.021608528
9,0,0,0.0,0.96521,0.010198554,0.024591563
9,0,0,5.960464477539063e-08,0.9665682,0.011123431,0.022308437
9,0,0,0.0,0.9644,0.016159957,0.019440137
9,0,0,0.0,0.94174147,0.017748486,0.040510263
9,0,0,0.0,0.8223038,0.015439665,0.16225675
9,0,0,5.960464477539063e-08,0.91023755,0.015176765,0.07458569
9,0,0,0.0,0.9356737,0.012423068,0.051903255
9,0,0,5.960464477539063e-08,0.96095145,0.010328952,0.028719608
9,0,0,0.0,0.9654779,0.011177376,0.023344958
9,0,0,0.0,0.96957725,0.01611392,0.014308842
9,0,0,0.0,0.8920222,0.013471326,0.09450665
9,0,0,0.0,0.74415606,0.014908897,0.24093503
9,0,0,0.0,0.91663975,0.017817222,0.06554307
9,0,0,0.0,0.93611634,0.016651137,0.0472326
9,0,0,5.960464477539063e-08,0.95084876,0.01162639,0.03752477
9,0,0,0.0,0.94981384,0.01317121,0.03701503
9,0,0,0.0,0.9355946,0.018120289,0.046285134
9,0,0,0.0,0.90142673,0.01429587,0.08427739
9,0,0,0.0,0.86823094,0.024436502,0.10733266
9,0,0,0.0,0.89648575,0.02574789,0.07776639
9,0,0,2.9802322387695312e-08,0.9151711,0.02359087,0.061238043
9,0,0,0.0,0.86819595,0.018638182,0.11316603
9,0,0,0.0,0.93489975,0.019257106,0.045843214
9,0,0,0.0,0.94122624,0.019677332,0.039096426
9,0,0,0.0,0.8432342,0.040599704,0.11616623
9,0,0,0.0,0.897716,0.02309174,0.07919239
9,0,0,0.0,0.9078175,0.020234186,0.071948454
9,0,0,0.0,0.9045593,0.020546066,0.07489452
9,0,0,0.0,0.8871394,0.018427292,0.09443334
9,0,0,0.0,0.92316544,0.020473557,0.056361087
9,0,0,0.0,0.90130806,0.0207076,0.07798452
9,0,0,0.0,0.92113227,0.018491864,0.06037594
9,0,0,0.0,0.93480504,0.01710848,0.048086595
9,0,0,0.0,0.9312543,0.015521144,0.053224783
9,0,0,0.0,0.9002315,0.014979793,0.0847887
9,0,0,0.0,0.94031113,0.015108775,0.044580113
9,0,0,0.0,0.9418459,0.016082171,0.04207198
9,0,0,0.0,0.91843706,0.015673548,0.065889485
9,0,0,0.0,0.9200215,0.019403914,0.060574695
9,0,0,0.0,0.96077836,0.016901825,0.022319922
9,0,0,0.0,0.95324916,0.01410298,0.032647956
9,0,0,0.0,0.9419326,0.013299177,0.044768266
9,0,0,0.0,0.9586711,0.0144118825,0.026917247
9,0,0,0.0,0.9629652,0.016730716,0.020304164
9,0,0,0.0,0.94127464,0.015293368,0.043432146
9,0,0,0.0,0.9609117,0.016746305,0.022342114
9,0,0,0.0,0.9673449,0.013359011,0.019296203
9,0,0,4.470348358154297e-08,0.9531714,0.020531278,0.026297376
9,0,0,0.0,0.9592615,0.019709112,0.021029552
9,0,0,0.0,0.96732295,0.017136566,0.015540531
9,0,0,0.0,0.97003907,0.019701337,0.010259568
9,0,0,0.0,0.9281033,0.013626691,0.05827014
9,0,0,0.0,0.94663227,0.01651924,0.036848575
9,0,0,0.0,0.96145636,0.013210509,0.025333311
9,0,0,0.0,0.9689838,0.01280026,0.018216033
9,0,0,4.470348358154297e-08,0.9680989,0.012798137,0.019102952
9,0,0,0.0,0.9745294,0.014015072,0.011455646
9,0,0,0.0,0.9576732,0.014928024,0.027398916
9,0,0,0.0,0.92569464,0.017552404,0.056752935
9,0,0,0.0,0.9000296,0.023358548,0.07661197
9,0,0,2.9802322387695312e-08,0.952839,0.021748435,0.025412438
9,0,0,0.0,0.94396114,0.013681244,0.04235758
9,0,0,0.0,0.9326553,0.013587753,0.053757153
9,0,0,0.0,0.956503,0.013073374,0.030423807
9,0,0,0.0,0.9240242,0.013893082,0.062082753
9,0,0,0.0,0.8968391,0.01955072,0.08361038
9,0,0,0.0,0.82779264,0.018664319,0.15354311
9,0,0,0.0,0.8211051,0.043078654,0.1358163
9,0,0,2.9802322387695312e-08,0.8817856,0.026770437,0.09144397
9,0,0,0.0,0.8772484,0.027403273,0.09534839
9,0,0,5.960464477539063e-08,0.9119103,0.017699443,0.07039034
9,0,0,0.0,0.70516914,0.019340042,0.2754909
9,0,0,0.0,0.6851169,0.016999755,0.29788342
413,0,0,0.0,0.86774266,0.12472383,0.007533556
413,0,0,0.0,0.81081986,0.17821784,0.010962377
413,0,0,0.0,0.73861355,0.23608986,0.02529665
413,0,0,0.0,0.8074603,0.16546586,0.027073912
413,0,0,0.0,0.51444536,0.29530436,0.19025034
413,0,1,0.0,0.46569642,0.4932783,0.04102535
413,0,0,0.0,0.7061397,0.28027222,0.013588136
413,0,0,2.9802322387695312e-08,0.8424647,0.14459753,0.012937827
413,0,0,0.0,0.9151966,0.07153733,0.013266052
413,0,0,0.0,0.9381332,0.033542354,0.028324645
413,0,0,0.0,0.93644345,0.041787162,0.021769408
413,0,0,0.0,0.9208447,0.059441946,0.0197134
413,0,0,0.0,0.9245848,0.061307408,0.0141078755
413,0,0,0.0,0.92442936,0.061005134,0.014565588
413,0,0,0.0,0.9307036,0.0553511,0.013945396
413,0,0,2.9802322387695312e-08,0.8829322,0.10100968,0.016058188
413,0,0,0.0,0.90270054,0.06396408,0.033335455
413,0,0,0.0,0.91041243,0.05230399,0.0372836
413,0,0,0.0,0.59912443,0.077092305,0.32378334
413,0,1,0.0,0.35360852,0.5969493,0.049442217
413,0,1,0.0,0.33940345,0.6139257,0.046670962
413,0,1,0.0,0.3944163,0.57108384,0.034499902
413,0,0,0.0,0.65006137,0.33611777,0.013820867
413,0,0,0.0,0.7741667,0.21176079,0.014072529
413,0,0,0.0,0.7933061,0.18625058,0.02044334
413,0,0,0.0,0.82180136,0.14501572,0.03318296
413,0,0,0.0,0.80171454,0.17255545,0.025730222
413,0,0,0.0,0.8150043,0.16128442,0.023711503
413,0,0,0.0,0.88185614,0.0979886,0.020155303
413,0,0,0.0,0.9471182,0.039696302,0.01318565
413,0,0,0.0,0.91722965,0.06999498,0.0127755655
413,0,0,0.0,0.8815176,0.09763178,0.020850586
413,0,0,0.0,0.8868259,0.08018799,0.032986138
413,0,0,0.0,0.8544531,0.098713726,0.0468332
413,0,0,5.960464477539063e-08,0.61499053,0.25197282,0.13303669
413,0,1,0.0,0.37795812,0.5855264,0.03651555
413,0,1,0.0,0.45140183,0.5231857,0.025412546
413,0,0,1.1920928955078125e-07,0.6721178,0.31571364,0.012168537
413,0,0,0.0,0.75821877,0.23334806,0.008433228
413,0,0,5.960464477539063e-08,0.816013,0.173641,0.010346012
413,0,0,0.0,0.9094926,0.08249107,0.008016354
413,0,0,0.0,0.8094231,0.1792797,0.011297366
413,0,0,0.0,0.79532397,0.19264215,0.012033951
413,0,0,0.0,0.84204006,0.14764087,0.010319225
413,0,0,0.0,0.95550877,0.034662444,0.009828838
413,0,0,0.0,0.9172106,0.06949075,0.013298771
413,0,0,0.0,0.9476242,0.03644981,0.015926262
413,0,0,0.0,0.930314,0.053928204,0.015757922
413,0,0,0.0,0.8893663,0.086332105,0.02430154
413,0,0,0.0,0.8404028,0.14363791,0.015959432
413,0,0,0.0,0.7671824,0.21014743,0.022670323
413,0,0,0.0,0.51205534,0.33138835,0.15655641
413,0,0,0.0,0.7242645,0.26503977,0.010695855
413,0,0,0.0,0.86337715,0.12967198,0.006951024
413,0,0,0.0,0.84482574,0.14735416,0.00782026
413,0,0,0.0,0.79860556,0.19420047,0.0071940725
413,0,0,0.0,0.92828333,0.06639724,0.005319481
413,0,0,0.0,0.92996216,0.064379245,0.005658803
413,0,0,0.0,0.8865132,0.1068687,0.0066182213
413,0,0,0.0,0.8683481,0.12078392,0.010868207
413,0,0,0.0,0.8872223,0.104957275,0.007820517
413,0,0,0.0,0.96537983,0.02285381,0.0117664
413,0,0,0.0,0.91338056,0.07880541,0.007814266
413,0,0,0.0,0.94791317,0.037070084,0.015016868
413,0,0,1.1920928955078125e-07,0.93382186,0.043402467,0.022775717
413,0,0,5.960464477539063e-08,0.90713173,0.06372657,0.02914163
413,0,0,0.0,0.8929516,0.066227,0.040821392
413,0,0,0.0,0.8694779,0.103597164,0.026924979
413,0,0,5.960464477539063e-08,0.86514324,0.1180929,0.01676393
413,0,0,0.0,0.7507473,0.23327993,0.015972931
413,0,0,0.0,0.8334407,0.15341571,0.013143761
413,0,0,0.0,0.7754046,0.21614924,0.008446256
413,0,0,0.0,0.7368559,0.25380805,0.00933618
413,0,0,0.0,0.8160014,0.17812663,0.005872045
413,0,0,0.0,0.86582464,0.12773374,0.0064418684
413,0,0,0.0,0.8553037,0.13446118,0.010235263
413,0,0,0.0,0.9352013,0.048164595,0.016634202
413,0,0,0.0,0.94245625,0.042691767,0.014852081
413,0,0,0.0,0.93770117,0.045231454,0.017067527
413,0,0,0.0,0.92936105,0.054092273,0.01654674
413,0,0,0.0,0.89818627,0.08193962,0.019874126
413,0,0,0.0,0.8761921,0.09818399,0.025624117
413,0,0,0.0,0.82901627,0.13085929,0.04012457
400,0,0,0.0,0.89823073,0.0595609,0.04220843
400,0,0,5.960464477539063e-08,0.92312163,0.04726716,0.029611139
400,0,0,1.4901161193847656e-08,0.9484083,0.031138843,0.020452876
400,0,0,0.0,0.92733145,0.027238837,0.04542975
400,0,0,0.0,0.9181843,0.028672142,0.05314363
400,0,0,2.9802322387695312e-08,0.9369368,0.030526973,0.032536194
400,0,0,4.470348358154297e-08,0.959675,0.020687329,0.019637588
400,0,0,0.0,0.9404966,0.04082596,0.018677536
400,0,0,0.0,0.95221704,0.02840288,0.019380204
400,0,0,0.0,0.95389646,0.026320571,0.019783117
400,0,0,0.0,0.94852555,0.01987332,0.031601205
400,0,0,0.0,0.93924195,0.04417064,0.016587485
400,0,0,2.9802322387695312e-08,0.9453175,0.02563807,0.029044548
400,0,0,0.0,0.9470657,0.022797622,0.030136673
400,0,0,0.0,0.9464946,0.03233021,0.021175351
269,1,1,5.960464477539063e-08,0.013447933,0.9764101,0.010141902
269,1,1,0.0,0.023612088,0.9723526,0.0040353625
269,1,1,0.0,0.026130805,0.96835864,0.005510558
269,1,1,0.0,0.010644051,0.97669697,0.012659081
269,1,1,0.0,0.013304759,0.96343195,0.023263289
269,1,1,5.960464477539063e-08,0.0148659125,0.9796721,0.0054619573
269,1,1,4.470348358154297e-08,0.03116737,0.96507704,0.0037555688
269,1,1,8.940696716308594e-08,0.05441526,0.93504584,0.010538902
269,1,1,0.0,0.122255675,0.6482786,0.22946586
269,1,1,0.0,0.04275911,0.95045775,0.0067831366
269,1,1,4.470348358154297e-08,0.033124994,0.958769,0.008105926
331,1,2,0.0,0.08573729,0.39602414,0.5182386
331,1,1,0.0,0.02477816,0.8266345,0.14858735
331,1,1,0.0,0.012213552,0.9429922,0.044794455
331,1,2,0.0,0.042572893,0.3870555,0.5703716
331,1,1,0.0,0.027118681,0.7939304,0.17895095
331,1,1,5.960464477539063e-08,0.010276415,0.9568751,0.03284853
331,1,1,0.0,0.008649905,0.97104275,0.020307431
299,1,1,0.0,0.013163701,0.96809965,0.018736834
299,1,1,0.0,0.012264951,0.9303584,0.057376638
299,1,1,0.0,0.015275076,0.9626934,0.022031598
299,1,1,0.0,0.021769218,0.96305484,0.015175945
299,1,1,1.4901161193847656e-08,0.0058289855,0.97264874,0.021522293
299,1,1,0.0,0.010483228,0.9492373,0.04027945
299,1,1,0.0,0.013400717,0.9613785,0.025220972
299,1,1,0.0,0.013336251,0.9733115,0.013352286
299,1,1,1.4901161193847656e-08,0.00523206,0.95374596,0.041022014
299,1,1,0.0,0.008412215,0.8762714,0.11531636
299,1,2,0.0,0.13921972,0.31294104,0.5478393
299,1,1,0.0,0.013395025,0.97539115,0.011213881
299,1,1,5.960464477539063e-08,0.0050875293,0.9641272,0.030785244
299,1,1,1.4901161193847656e-08,0.004588829,0.94439375,0.05101753
299,1,2,5.960464477539063e-08,0.049472697,0.15750064,0.7930266
299,1,1,0.0,0.008489755,0.9640936,0.027416682
299,1,2,0.0,0.021671437,0.39880678,0.5795217
198,1,1,4.470348358154297e-08,0.014556235,0.96576524,0.01967849
198,1,1,2.9802322387695312e-08,0.024659194,0.8868953,0.08844549
198,1,1,0.0,0.030866735,0.9594689,0.009664591
198,1,1,0.0,0.18797521,0.7907843,0.02124061
198,1,0,0.0,0.75361365,0.22486888,0.021517456
198,1,0,0.0,0.9426426,0.044152953,0.013204463
198,1,1,0.0,0.04002232,0.94940186,0.010575908
198,1,0,0.0,0.79160565,0.19159126,0.016803177
198,1,0,0.0,0.8911869,0.099517226,0.009295973
198,1,1,0.0,0.04906991,0.9399028,0.011027367
198,1,1,0.0,0.042624693,0.9467854,0.010589967
198,1,1,0.0,0.45822245,0.52971965,0.012058035
198,1,1,0.0,0.0334518,0.95922464,0.0073237508
198,1,1,5.960464477539063e-08,0.1815573,0.8090993,0.009343421
198,1,0,0.0,0.7199502,0.27219993,0.007849906
28,1,1,0.0,0.013011071,0.95283234,0.03415678
28,1,1,8.940696716308594e-08,0.008303964,0.9009595,0.09073644
28,1,1,0.0,0.0075237877,0.9205262,0.07195001
28,1,1,0.0,0.029968394,0.9061132,0.06391847
28,1,1,5.960464477539063e-08,0.02328498,0.86822,0.108495004
28,1,1,0.0,0.018912977,0.8366886,0.1443986
28,1,1,0.0,0.027306644,0.90963656,0.063056804
28,1,1,0.0,0.034356613,0.8655858,0.10005762
28,1,1,0.0,0.017024552,0.7636502,0.21932535
28,1,1,0.0,0.02430084,0.92551863,0.05018046
28,1,1,0.0,0.025736243,0.9179903,0.05627354
28,1,1,0.0,0.016590213,0.9079634,0.0754465
28,1,1,2.9802322387695312e-08,0.023990704,0.90653765,0.06947162
28,1,1,0.0,0.01968072,0.9141351,0.06618428
28,1,1,0.0,0.020360421,0.9159681,0.063671574
28,1,1,2.9802322387695312e-08,0.020512635,0.8769662,0.102521256
28,1,1,0.0,0.010042073,0.95978606,0.030172009
28,1,1,0.0,0.0085200695,0.89245695,0.099023156
28,1,1,0.0,0.012289615,0.80452687,0.18318367
28,1,1,5.960464477539063e-08,0.01579272,0.7236315,0.26057565
28,1,2,0.0,0.017173713,0.33512613,0.6477003
145,1,1,0.0,0.022505516,0.69095165,0.28654292
145,1,2,0.0,0.02030456,0.47018036,0.5095151
145,1,1,0.0,0.012460521,0.5200453,0.46749422
145,1,1,0.0,0.015680747,0.96335363,0.020965572
145,1,1,0.0,0.045426656,0.8770485,0.07752507
145,1,1,2.9802322387695312e-08,0.011225335,0.9231226,0.06565205
145,1,1,0.0,0.016582811,0.8776193,0.10579794
145,1,1,0.0,0.01628747,0.9306669,0.05304573
145,1,1,0.0,0.07087505,0.58156633,0.34755856
145,1,1,0.0,0.019320624,0.8843311,0.096348315
145,1,1,0.0,0.016545981,0.9467217,0.036732316
145,1,1,0.0,0.015202231,0.91885465,0.065943174
145,1,1,0.0,0.01115762,0.9289729,0.059869576
145,1,1,0.0,0.018674197,0.9683551,0.012970905
145,1,1,8.940696716308594e-08,0.019167552,0.95730513,0.023527293
145,1,1,0.0,0.014232248,0.88141966,0.10434825
145,1,1,0.0,0.015213383,0.88665295,0.09813383
145,1,1,0.0,0.018496856,0.9194298,0.06207356
145,1,1,2.9802322387695312e-08,0.0142878285,0.9243727,0.061339483
145,1,1,0.0,0.028182741,0.93819946,0.03361789
145,1,1,0.0,0.015276714,0.96139044,0.023333028
145,1,1,0.0,0.022954268,0.94539547,0.03165054
145,1,1,0.0,0.016199227,0.9586448,0.025156077
145,1,1,0.0,0.013806943,0.95752347,0.02866962
145,1,1,0.0,0.01228057,0.96255064,0.025168976
145,1,1,0.0,0.020186212,0.9715175,0.008296543
145,1,1,2.9802322387695312e-08,0.06551261,0.9265034,0.007984012
145,1,1,0.0,0.014384318,0.9241372,0.0614786
145,1,1,0.0,0.009166006,0.922187,0.068647094
145,1,1,5.960464477539063e-08,0.010260708,0.9225031,0.0672362
145,1,1,0.0,0.0105992975,0.8939619,0.095438756
145,1,1,0.0,0.008633224,0.95220095,0.03916578
145,1,1,0.0,0.022009354,0.9560719,0.021918796
145,1,1,5.960464477539063e-08,0.013772415,0.9650948,0.021132732
145,1,1,0.0,0.017692676,0.9580394,0.024267966
145,1,1,0.0,0.01825739,0.9585399,0.023202889
145,1,1,0.0,0.03858962,0.9186603,0.04275018
145,1,1,0.0,0.014365885,0.96081734,0.024816943
145,1,1,0.0,0.020931913,0.9595999,0.01946829
145,1,1,0.0,0.028546602,0.9402796,0.031173866
145,1,1,0.0,0.077361606,0.9010338,0.02160464
145,1,1,0.0,0.04419769,0.92575026,0.03005215
145,1,1,0.0,0.010273673,0.97361135,0.016114958
145,1,1,0.0,0.009053355,0.97260296,0.01834376
145,1,1,0.0,0.015645264,0.9644165,0.019938378
145,1,1,0.0,0.016191859,0.95003414,0.033774134
145,1,1,0.0,0.022938024,0.9414259,0.035636142
145,1,1,0.0,0.020824483,0.96190023,0.017275268
145,1,1,0.0,0.026187465,0.95518225,0.018630173
145,1,1,0.0,0.03065292,0.92690283,0.042444482
145,1,1,5.960464477539063e-08,0.020868829,0.93756545,0.041565698
145,1,1,0.0,0.014452023,0.93450165,0.05104638
145,1,1,0.0,0.26645643,0.66698503,0.06655861
145,1,1,0.0,0.010124242,0.9681712,0.021704856
145,1,1,0.0,0.008545495,0.9585167,0.03293791
145,1,1,0.0,0.015642637,0.96852404,0.015833413
145,1,1,4.470348358154297e-08,0.012507852,0.97046584,0.017026274
145,1,1,0.0,0.02022922,0.9596701,0.020100841
145,1,1,0.0,0.020244401,0.96300614,0.016749602
145,1,1,2.9802322387695312e-08,0.027089342,0.9383489,0.034561776
145,1,1,0.0,0.02552428,0.94627136,0.028204305
145,1,1,0.0,0.017668277,0.9691858,0.013145986
145,1,1,0.0,0.009351377,0.9688887,0.021760011
145,1,0,0.0,0.7204406,0.16734828,0.11221112
145,1,1,0.0,0.0302528,0.8921094,0.07763792
145,1,1,0.0,0.010669504,0.97723806,0.012092485
145,1,1,1.4901161193847656e-08,0.011468758,0.96698916,0.021542095
145,1,1,0.0,0.017455267,0.9646,0.01794474
145,1,1,0.0,0.018078223,0.9645482,0.017373748
145,1,1,0.0,0.020280952,0.9666626,0.013056508
145,1,1,0.0,0.0181124,0.9539551,0.02793251
145,1,1,0.0,0.019786013,0.9282457,0.051968373
145,1,1,5.960464477539063e-08,0.020625453,0.9710104,0.008364121
145,1,1,0.0,0.018108437,0.947526,0.034365673
145,1,1,0.0,0.049468264,0.8971588,0.053372927
145,1,1,0.0,0.019522745,0.9310722,0.04940524
145,1,1,0.0,0.024229687,0.95370054,0.02206984
145,1,1,0.0,0.013646804,0.95260376,0.03374955
145,1,1,0.0,0.018313026,0.9693021,0.012384984
145,1,1,0.0,0.016354531,0.97358227,0.010063352
145,1,1,2.9802322387695312e-08,0.015469871,0.9636996,0.020830596
145,1,1,0.0,0.021952702,0.89755064,0.08049687
145,1,2,0.0,0.28477657,0.27804974,0.43717366
145,1,1,0.0,0.027664198,0.86591536,0.10642059
145,1,1,2.9802322387695312e-08,0.033647656,0.85809255,0.108259864
145,1,1,0.0,0.03358635,0.84069633,0.12571737
145,1,1,0.0,0.03250989,0.87255615,0.09493401
145,1,1,0.0,0.15884008,0.6761735,0.16498652
145,1,2,0.0,0.37773332,0.17645432,0.44581246
145,1,1,1.1920928955078125e-07,0.28409362,0.4349764,0.28093004
145,1,2,0.0,0.23289612,0.13590483,0.6311991
270,1,1,0.0,0.01315531,0.97802013,0.008824493
270,1,1,0.0,0.015053877,0.97630215,0.008644079
270,1,1,0.0,0.018532228,0.9722985,0.009169377
270,1,1,0.0,0.020493863,0.9684033,0.011102902
270,1,1,0.0,0.017697012,0.9710264,0.011276719
270,1,1,0.0,0.0127004245,0.97944015,0.007859546
270,1,1,0.0,0.030587444,0.9572744,0.0121383555
136,1,1,5.960464477539063e-08,0.018255059,0.67234045,0.30940464
136,1,1,0.0,0.023146845,0.7687732,0.20807996
136,1,1,0.0,0.016928224,0.9457512,0.03732065
136,1,1,0.0,0.016707532,0.9043679,0.078924745
136,1,2,0.0,0.03957109,0.47066328,0.48976573
136,1,2,0.0,0.06306667,0.4479482,0.48898524
136,1,2,0.0,0.049909696,0.32295883,0.6271315
136,1,2,0.0,0.047264952,0.2924736,0.6602615
136,1,1,0.0,0.02730214,0.68202174,0.29067624
136,1,1,0.0,0.023331046,0.6519637,0.32470527
136,1,1,0.0,0.01693839,0.9002691,0.082792535
136,1,1,5.960464477539063e-08,0.019352611,0.85383433,0.12681301
136,1,1,0.0,0.016857242,0.71648324,0.2666595
136,1,1,0.0,0.041182257,0.618331,0.34048674
136,1,1,0.0,0.047439612,0.68299687,0.2695636
136,1,1,0.0,0.028210055,0.64886665,0.32292342
136,1,2,5.960464477539063e-08,0.032485493,0.36654073,0.6009738
136,1,1,0.0,0.032910436,0.5343738,0.4327157
136,1,1,0.0,0.027617868,0.6028668,0.36951527
136,1,1,0.0,0.025427831,0.53021175,0.44436055
136,1,1,0.0,0.021271784,0.64372724,0.335001
136,1,1,0.0,0.019598678,0.63210934,0.34829196
136,1,1,0.0,0.038716704,0.7711754,0.19010803
136,1,1,0.0,0.045087848,0.7372257,0.21768647
136,1,1,5.960464477539063e-08,0.029825415,0.8116757,0.15849888
136,1,1,0.0,0.035169717,0.76934206,0.19548827
136,1,1,0.0,0.026793538,0.7122228,0.26098365
136,1,1,0.0,0.02580411,0.712198,0.26199794
136,1,1,0.0,0.02530845,0.6299678,0.3447238
136,1,2,0.0,0.02546717,0.44123626,0.5332966
136,1,2,0.0,0.029474936,0.24323659,0.72728866
136,1,1,0.0,0.06282147,0.5165107,0.42066774
136,1,2,0.0,0.04779555,0.45462257,0.49758193
136,1,1,0.0,0.015690695,0.9275013,0.056808114
136,1,1,0.0,0.015262668,0.92933697,0.05540035
136,1,1,2.9802322387695312e-08,0.022753404,0.870007,0.107239656
136,1,1,0.0,0.024281243,0.9104291,0.06528976
136,1,1,0.0,0.03215942,0.8080387,0.159802
136,1,1,0.0,0.025181904,0.49323943,0.48157883
136,1,2,0.0,0.033835694,0.26429564,0.70186865
136,1,1,5.960464477539063e-08,0.060197074,0.5002139,0.43958914
136,1,2,0.0,0.04037433,0.40396175,0.5556639
136,1,1,0.0,0.018473366,0.89687747,0.08464919
136,1,1,0.0,0.018545492,0.78266263,0.1987919
136,1,1,0.0,0.022685641,0.81177956,0.16553485
136,1,1,0.0,0.03234708,0.78758955,0.1800636
136,1,1,0.0,0.029687539,0.5143149,0.45599768
136,1,2,0.0,0.031652283,0.37354252,0.5948053
136,1,2,0.0,0.048984032,0.45750642,0.49350956
136,1,2,0.0,0.044749536,0.45628998,0.4989607
136,1,1,0.0,0.020288844,0.895321,0.08439029
136,1,1,0.0,0.029283237,0.88208693,0.088629864
136,1,1,5.960464477539063e-08,0.031685866,0.7265446,0.24176957
136,1,2,0.0,0.019951107,0.47347477,0.50657415
136,1,2,0.0,0.030242875,0.47027776,0.4994795
136,1,2,0.0,0.034457278,0.2562579,0.7092849
136,1,2,0.0,0.025617179,0.3252735,0.6491094
136,1,2,0.0,0.022683755,0.3678091,0.60950714
136,1,1,0.0,0.017612752,0.7978818,0.18450549
136,1,1,0.0,0.024611607,0.798323,0.17706552
136,1,1,0.0,0.021998059,0.8009922,0.17700985
136,1,1,0.0,0.026203735,0.74004096,0.23375529
136,1,1,0.0,0.02605876,0.8328322,0.14110906
136,1,2,0.0,0.03375499,0.26053765,0.70570743
136,1,2,0.0,0.021830939,0.26682508,0.71134406
136,1,2,0.0,0.020121839,0.40872082,0.5711574
136,1,1,0.0,0.035294503,0.65403724,0.31066826
136,1,2,0.0,0.034066558,0.46000648,0.505927
136,1,1,0.0,0.034371417,0.8403265,0.12530215
136,1,1,0.0,0.030400747,0.7700529,0.19954637
136,1,2,0.0,0.05137087,0.4556384,0.49299094
136,1,1,0.0,0.056445014,0.64904004,0.29451495
136,1,2,0.0,0.05956969,0.29630256,0.6441279
136,1,1,0.0,0.023087766,0.523159,0.45375344
136,1,2,0.0,0.024386909,0.4471546,0.52845854
136,1,1,0.0,0.0408525,0.8031136,0.15603402
136,1,1,0.0,0.09961144,0.62445784,0.2759308
136,1,1,0.0,0.067909785,0.5591522,0.37293813
136,1,1,0.0,0.046470173,0.63170284,0.321827
136,1,1,0.0,0.042095467,0.6204984,0.3374062
136,1,1,0.0,0.052715622,0.79709065,0.15019378
136,1,2,0.0,0.053249013,0.40691385,0.5398372
136,1,1,0.0,0.028203445,0.6139875,0.3578091
136,1,1,0.0,0.031035254,0.6668817,0.30208316
136,1,1,0.0,0.02491667,0.9000921,0.074991345
136,1,1,0.0,0.07824201,0.56977606,0.35198188
136,1,1,0.0,0.08050038,0.5720505,0.34744912
136,1,2,0.0,0.048250094,0.37096655,0.5807834
136,1,1,0.0,0.03480227,0.5869679,0.37822992
136,1,1,0.0,0.027665002,0.7357306,0.23660451
136,1,1,0.0,0.04676158,0.62241817,0.3308202
136,1,2,0.0,0.054035697,0.46552226,0.48044214
136,1,1,0.0,0.06614537,0.61734533,0.31650946
136,1,1,0.0,0.06466295,0.82636225,0.10897488
136,1,1,0.0,0.33576033,0.48852402,0.17571571
136,1,2,0.0,0.14133507,0.38786104,0.47080383
136,1,2,0.0,0.12085818,0.425911,0.45323086
136,1,1,0.0,0.3484402,0.46980074,0.18175916
136,1,2,0.0,0.19716965,0.36404324,0.43878722
136,1,1,0.0,0.2556124,0.40363118,0.34075648
136,1,2,0.0,0.19301236,0.15453498,0.65245277
136,1,2,0.0,0.27997214,0.24597614,0.47405192
212,2,0,0.0,0.57433057,0.057848945,0.36782062
212,2,2,0.0,0.03070664,0.12402224,0.8452711
212,2,2,0.0,0.11856228,0.05650201,0.82493556
212,2,2,0.0,0.23297274,0.036871064,0.7301563
212,2,2,0.0,0.3805687,0.034902304,0.58452904
212,2,2,0.0,0.0353749,0.05084331,0.9137821
212,2,2,0.0,0.033885635,0.051899035,0.91421545
212,2,2,0.0,0.086786956,0.031638812,0.8815743
212,2,2,2.9802322387695312e-08,0.046594236,0.022627093,0.9307787
212,2,2,5.960464477539063e-08,0.034218304,0.02461704,0.9411647
212,2,2,0.0,0.06774726,0.05586551,0.8763873
212,2,2,0.0,0.03758635,0.0697613,0.8926525
212,2,2,0.0,0.033421382,0.04460062,0.9219781
212,2,2,0.0,0.019039117,0.01828005,0.9626809
212,2,2,0.0,0.012011203,0.014915965,0.9730729
212,2,2,2.9802322387695312e-08,0.013637111,0.016523596,0.9698393
212,2,2,0.0,0.10606981,0.06645112,0.8274793
212,2,2,0.0,0.06934567,0.11989833,0.8107562
212,2,2,2.9802322387695312e-08,0.051579434,0.0241077,0.924313
212,2,2,0.0,0.013900629,0.01903746,0.96706206
212,2,2,2.9802322387695312e-08,0.0149403885,0.017812014,0.9672476
212,2,2,1.4901161193847656e-08,0.02939949,0.019198159,0.95140237
212,2,2,0.0,0.13431203,0.04270599,0.822982
212,2,2,2.9802322387695312e-08,0.073594764,0.03485968,0.8915455
212,2,2,0.0,0.043780584,0.042766202,0.9134533
212,2,2,0.0,0.07585553,0.051691484,0.8724532
184,2,0,0.0,0.50414115,0.1324343,0.36342475
184,2,2,0.0,0.21011305,0.12012443,0.6697626
184,2,2,0.0,0.12989028,0.09380702,0.77630275
184,2,2,0.0,0.10187507,0.031347524,0.86677754
184,2,2,0.0,0.07797495,0.023429919,0.8985953
184,2,2,0.0,0.018240718,0.02574244,0.9560169
184,2,2,0.0,0.032693714,0.013070705,0.9542356
184,2,2,0.0,0.017279008,0.017398952,0.965322
184,2,2,0.0,0.0120948665,0.018390257,0.96951497
184,2,2,5.960464477539063e-08,0.09080613,0.03350672,0.8756872
184,2,2,4.470348358154297e-08,0.027838275,0.022627544,0.94953406
184,2,2,0.0,0.06359542,0.10593609,0.8304686
184,2,2,0.0,0.38411143,0.07680752,0.5390811
184,2,2,0.0,0.17908698,0.06797417,0.752939
184,2,2,0.0,0.36878073,0.20014727,0.4310721
242,2,2,0.0,0.17768057,0.33753374,0.48478588
242,2,2,0.0,0.0764229,0.056639954,0.8669372
242,2,2,0.0,0.12802926,0.05509553,0.81687516
242,2,2,0.0,0.31227368,0.27751768,0.41020873
242,2,2,0.0,0.075976014,0.022613028,0.90141106
242,2,2,5.960464477539063e-08,0.05486323,0.14259785,0.80253905
242,2,2,0.0,0.07413347,0.11594603,0.8099205
242,2,2,1.7881393432617188e-07,0.08008454,0.13465862,0.78525686
242,2,2,0.0,0.1151401,0.044403635,0.84045637
242,2,2,0.0,0.14022858,0.05883645,0.8009349
242,2,2,0.0,0.045833837,0.021430353,0.93273586
242,2,2,0.0,0.048616387,0.02241443,0.9289693
242,2,2,0.0,0.033181142,0.018364213,0.94845486
242,2,2,0.0,0.1480861,0.08389098,0.768023
242,2,2,0.0,0.12802699,0.08276901,0.78920406
298,2,2,0.0,0.10101681,0.1904127,0.7085705
298,2,2,0.0,0.038387988,0.4523226,0.5092895
298,2,2,0.0,0.14806485,0.2321325,0.6198028
298,2,2,0.0,0.10302204,0.086783946,0.8101941
298,2,2,0.0,0.20929842,0.04993593,0.7407657
298,2,2,0.0,0.046943896,0.155265,0.79779106
298,2,2,0.0,0.07570434,0.20253304,0.72176284
298,2,2,0.0,0.17599197,0.3378378,0.48617023
298,2,2,0.0,0.10490061,0.17648797,0.71861154
298,2,2,0.0,0.102715984,0.04643066,0.8508534
298,2,2,0.0,0.09145054,0.19311692,0.71543264
298,2,2,0.0,0.051218554,0.16747208,0.78130937
298,2,2,0.0,0.11456298,0.3015101,0.5839269
298,2,2,0.0,0.13517566,0.09272359,0.77210087
298,2,2,0.0,0.10840564,0.13530988,0.75628465
298,2,2,0.0,0.12250538,0.094442315,0.78305244
178,2,2,4.470348358154297e-08,0.025430031,0.023030398,0.9515395
178,2,2,0.0,0.02173818,0.045977544,0.93228436
178,2,2,2.9802322387695312e-08,0.029991373,0.025416538,0.94459206
178,2,2,0.0,0.027731217,0.028328817,0.94394016
178,2,2,0.0,0.023365058,0.03451047,0.9421245
178,2,2,0.0,0.017726496,0.024055503,0.95821816
178,2,2,0.0,0.03248542,0.09707714,0.87043756
178,2,2,0.0,0.019819142,0.025020238,0.95516056
178,2,2,0.0,0.027584564,0.020863244,0.9515524
178,2,2,7.450580596923828e-08,0.023377936,0.024860505,0.9517614
178,2,2,0.0,0.016408172,0.037696414,0.9458954
178,2,2,8.940696716308594e-08,0.021264788,0.06465245,0.91408277
178,2,2,0.0,0.028183427,0.14193729,0.82987946
178,2,2,0.0,0.037460737,0.10597272,0.85656655
178,2,2,5.960464477539063e-08,0.023774689,0.054117106,0.92210823
178,2,2,0.0,0.031152884,0.032989904,0.9358572
178,2,2,0.0,0.022700053,0.03361745,0.9436827
178,2,2,0.0,0.024755767,0.03724657,0.9379978
178,2,2,0.0,0.02002671,0.030978,0.9489953
178,2,2,5.960464477539063e-08,0.025919195,0.03603843,0.93804234
178,2,2,0.0,0.044068154,0.1740896,0.78184235
178,2,2,0.0,0.074643664,0.11388744,0.81146914
178,2,2,0.0,0.063346826,0.16829102,0.7683622
178,2,2,0.0,0.043288488,0.0893843,0.86732733
178,2,2,0.0,0.03597502,0.08034076,0.8836843
178,2,2,4.470348358154297e-08,0.019283736,0.018488761,0.9622275
178,2,2,0.0,0.038034856,0.031718086,0.9302473
178,2,2,0.0,0.038073115,0.16177467,0.80015224
178,2,2,0.0,0.032894723,0.1223062,0.8447991
178,2,2,0.0,0.043430757,0.14896888,0.80760044
178,2,2,0.0,0.047730096,0.023549745,0.9287204
178,2,2,0.0,0.037121594,0.012908617,0.9499698
85,2,0,1.1920928955078125e-07,0.48661286,0.10573949,0.4076477
85,2,0,0.0,0.8395086,0.050059568,0.11043184
85,2,0,0.0,0.8449699,0.056604885,0.09842523
85,2,0,0.0,0.66499406,0.10014895,0.23485704
85,2,0,0.0,0.725202,0.11031332,0.16448481
85,2,0,5.960464477539063e-08,0.7157031,0.062462997,0.22183393
85,2,0,0.0,0.74652326,0.0569277,0.1965491
85,2,0,0.0,0.60992956,0.09055971,0.29951093
85,2,2,0.0,0.13683137,0.07574271,0.78742605
85,2,2,0.0,0.18815014,0.075548954,0.736301
176,2,2,2.9802322387695312e-08,0.010875288,0.058664426,0.93046016
176,2,2,5.960464477539063e-08,0.016487464,0.0974192,0.8860933
176,2,2,0.0,0.01754191,0.07209535,0.9103628
176,2,2,0.0,0.011170274,0.096278444,0.8925514
176,2,2,0.0,0.016845046,0.058361992,0.9247932
176,2,2,0.0,0.012040121,0.0843463,0.9036137
176,2,2,0.0,0.014357381,0.07668835,0.90895426
176,2,2,0.0,0.0058779423,0.06172342,0.9323988
176,2,2,0.0,0.0104198055,0.04450815,0.9450722
176,2,2,0.0,0.013017207,0.097108625,0.88987416
176,2,2,0.0,0.012834133,0.12895775,0.8582081
176,2,2,0.0,0.013684604,0.12711966,0.8591959
176,2,2,0.0,0.012474122,0.09641901,0.8911071
176,2,2,0.0,0.012281321,0.092653275,0.8950654
176,2,2,0.0,0.007187815,0.044719055,0.9480933
176,2,2,0.0,0.009309494,0.07012348,0.9205671
176,2,2,0.0,0.009258936,0.18956497,0.8011762
176,2,2,0.0,0.018788364,0.34477663,0.6364351
176,2,2,0.0,0.018701559,0.055958,0.92534065
176,2,2,0.0,0.01941184,0.15707803,0.8235103
176,2,2,0.0,0.016158508,0.23675734,0.74708426
176,2,2,0.0,0.012484732,0.16486228,0.822653
176,2,2,5.960464477539063e-08,0.009617342,0.1160015,0.8743813
176,2,2,0.0,0.017682461,0.46559674,0.5167209
176,2,2,0.0,0.012718346,0.33258086,0.6547009
176,2,2,0.0,0.027863901,0.39120552,0.58093065
176,2,2,0.0,0.038384005,0.42553115,0.5360849
176,2,2,0.0,0.009833418,0.12030236,0.86986446
176,2,2,0.0,0.007532826,0.15592201,0.83654517
176,2,2,0.0,0.010546488,0.45712277,0.5323308
231,2,2,0.0,0.0046455557,0.00880188,0.98655266
231,2,2,0.0,0.010658907,0.016043078,0.97329813
231,2,2,4.470348358154297e-08,0.015011069,0.031815022,0.9531738
231,2,2,0.0,0.009045455,0.021950886,0.9690038
231,2,2,0.0,0.015256156,0.027518589,0.9572253
308,2,2,0.0,0.061760027,0.18978588,0.7484542
308,2,2,0.0,0.04561803,0.26092622,0.6934558
308,2,1,0.0,0.034686428,0.50450975,0.46080402
308,2,2,0.0,0.04839935,0.31007755,0.6415231
308,2,2,0.0,0.041607052,0.2713289,0.6870642
308,2,2,0.0,0.043507688,0.30671945,0.64977294
308,2,2,0.0,0.037931837,0.23465008,0.72741807
308,2,2,0.0,0.04601267,0.21678187,0.7372056
308,2,2,0.0,0.03729234,0.16206713,0.8006407
308,2,2,0.0,0.044354305,0.34420222,0.61144346
308,2,1,0.0,0.038454913,0.63946223,0.32208288
308,2,2,0.0,0.10440986,0.18855606,0.7070341
308,2,2,0.0,0.047680937,0.12468622,0.82763296
308,2,2,0.0,0.05728123,0.20427467,0.73844427
308,2,2,0.0,0.044258304,0.14481492,0.8109268
308,2,2,0.0,0.06249844,0.20078637,0.73671544
308,2,2,0.0,0.026970115,0.2641081,0.70892185
308,2,2,0.0,0.094390705,0.35399753,0.55161184
308,2,2,0.0,0.04619606,0.1663918,0.78741217
308,2,2,0.0,0.0647574,0.38117954,0.5540632
308,2,2,0.0,0.07275028,0.3670546,0.56019527
