parcel_id,truth,pred,epistemic,prob_0,prob_1,prob_2
155,0,0,0.010054916143417358,0.92871195,0.05890278,0.012385384
155,0,0,0.007459372282028198,0.93067837,0.06017092,0.00915073
155,0,0,0.0053291916847229,0.9493824,0.04008122,0.01053643
155,0,0,0.008091896772384644,0.94269264,0.045981325,0.011326131
155,0,0,0.0058615803718566895,0.95169485,0.033572044,0.014733158
155,0,0,0.011021286249160767,0.8681471,0.12327763,0.008575358
155,0,0,0.020576685667037964,0.8778582,0.11110234,0.011039472
155,0,0,0.006752610206604004,0.8872709,0.104149505,0.008579665
155,0,0,0.008699536323547363,0.8708653,0.11596903,0.013165772
155,0,0,0.014039844274520874,0.872326,0.11359044,0.014083605
155,0,0,0.013222277164459229,0.6320562,0.3597226,0.00822127
155,0,0,0.011165529489517212,0.85026646,0.14142604,0.008307648
155,0,0,0.013939082622528076,0.8468805,0.14520128,0.007918304
155,0,0,0.01006382703781128,0.8256811,0.1667608,0.0075582243
155,0,0,0.014657735824584961,0.54779917,0.44142073,0.010780073
155,0,0,0.007810145616531372,0.8975063,0.086647764,0.015846012
155,0,1,0.0074100494384765625,0.22326866,0.769602,0.007129482
155,0,1,0.008717060089111328,0.21134911,0.78282434,0.0058265906
155,0,0,0.007343679666519165,0.87211293,0.12018055,0.0077065695
155,0,0,0.012951791286468506,0.8612279,0.1255282,0.013243938
155,0,1,0.008511662483215332,0.23078018,0.7556682,0.013551648
155,0,1,0.009320437908172607,0.24736236,0.741449,0.011188687
17,0,0,0.0203399658203125,0.7179535,0.057821993,0.22422463
17,0,0,0.011606276035308838,0.83322966,0.09544294,0.07132734
17,0,0,0.012919604778289795,0.7987018,0.086001776,0.11529649
17,0,2,0.014096617698669434,0.419704,0.058242906,0.5220532
17,0,2,0.010923206806182861,0.27778855,0.15637894,0.56583256
17,0,1,0.017979741096496582,0.46341613,0.49321517,0.043368693
17,0,0,0.007814228534698486,0.87240326,0.10788179,0.019715091
17,0,0,0.00840902328491211,0.91049606,0.06380418,0.025699826
17,0,0,0.01095271110534668,0.8319842,0.13356626,0.03444958
17,0,0,0.013648808002471924,0.8279089,0.10668285,0.06540831
17,0,0,0.01865839958190918,0.677523,0.25323313,0.06924385
17,0,0,0.010399669408798218,0.90592176,0.052620027,0.041458372
17,0,0,0.006654024124145508,0.91530985,0.03349704,0.051193256
17,0,0,0.008924514055252075,0.91554207,0.036222823,0.048235174
17,0,0,0.005540519952774048,0.95260626,0.025540734,0.021853117
17,0,0,0.0035914480686187744,0.9646728,0.022588208,0.012739097
17,0,0,0.00927811861038208,0.9284749,0.02164559,0.04987955
17,0,0,0.007900923490524292,0.89915806,0.009980045,0.090861894
17,0,0,0.007414877414703369,0.92112976,0.009068166,0.069802195
17,0,0,0.005187243223190308,0.92356694,0.008845566,0.067587584
17,0,0,0.007860183715820312,0.90430987,0.010476402,0.08521378
17,0,0,0.008655041456222534,0.8738437,0.026778396,0.0993779
17,0,0,0.0073181986808776855,0.8330742,0.08465585,0.082269914
17,0,0,0.010858803987503052,0.8854349,0.04319939,0.07136572
17,0,0,0.008731752634048462,0.9304641,0.02903424,0.040501777
17,0,0,0.005307585000991821,0.95741445,0.023710987,0.018874679
17,0,0,0.006917864084243774,0.95453286,0.024736587,0.020730635
17,0,0,0.00424233078956604,0.9600046,0.0132731395,0.026722303
17,0,0,0.0054168701171875,0.90249175,0.010711044,0.0867973
17,0,0,0.004632472991943359,0.9571871,0.010503558,0.03230935
17,0,0,0.008173763751983643,0.92840385,0.011147919,0.060448315
17,0,0,0.005893975496292114,0.9221337,0.011797069,0.06606936
17,0,0,0.010593593120574951,0.8404206,0.13060318,0.028976325
17,0,0,0.01550447940826416,0.8662264,0.11070814,0.023065615
17,0,0,0.004382684826850891,0.9517323,0.021557283,0.0267105
17,0,0,0.005153223872184753,0.95570797,0.01699836,0.027293742
17,0,0,0.009816020727157593,0.9480685,0.019151943,0.032779638
17,0,0,0.006047189235687256,0.93711066,0.018735243,0.044154175
17,0,0,0.00884920358657837,0.94349426,0.019094814,0.037410967
17,0,0,0.005664631724357605,0.9594922,0.028775398,0.01173251
17,0,0,0.004693537950515747,0.92998433,0.012239531,0.057776224
17,0,0,0.004103407263755798,0.9628374,0.016512396,0.020650325
17,0,0,0.00910496711730957,0.9364637,0.045486104,0.01805023
17,0,0,0.016763925552368164,0.5987936,0.3486817,0.052524664
17,0,2,0.01393812894821167,0.15638348,0.051039893,0.7925767
17,0,0,0.008125931024551392,0.8939986,0.055452615,0.050548896
17,0,0,0.007815927267074585,0.9309113,0.047746018,0.021342693
17,0,0,0.004706591367721558,0.9439766,0.03924296,0.016780604
17,0,0,0.006275951862335205,0.9421591,0.024166627,0.033674326
17,0,0,0.006525814533233643,0.95371383,0.014546306,0.031739857
17,0,0,0.004223659634590149,0.94596195,0.0106604565,0.043377742
17,0,0,0.003984466195106506,0.9550879,0.010303225,0.03460902
17,0,0,0.006759509444236755,0.9452682,0.013321486,0.041410472
17,0,0,0.008205115795135498,0.91253996,0.01795003,0.069510095
17,0,0,0.011284410953521729,0.91214234,0.037928894,0.049928952
17,0,0,0.01417607069015503,0.7857097,0.18203269,0.03225772
17,0,0,0.017501890659332275,0.46055147,0.116591334,0.42285725
17,0,0,0.00802624225616455,0.92989,0.043165445,0.026944632
17,0,0,0.006685197353363037,0.9359375,0.02996073,0.034101795
17,0,0,0.005879580974578857,0.94954723,0.026858365,0.023594504
17,0,0,0.007048428058624268,0.94129205,0.026450887,0.03225712
17,0,0,0.00401732325553894,0.95817184,0.014460497,0.027367707
17,0,0,0.0076937079429626465,0.9308815,0.010573049,0.058545448
17,0,0,0.00844833254814148,0.90666956,0.010630623,0.08269989
17,0,0,0.003904581069946289,0.96551245,0.017650653,0.016836982
17,0,0,0.010670095682144165,0.89909875,0.017874653,0.08302675
17,0,0,0.01153564453125,0.82859445,0.10068788,0.07071786
17,0,0,0.013522088527679443,0.51500976,0.4209663,0.064024016
17,0,2,0.00831952691078186,0.050211243,0.054935284,0.89485365
17,0,0,0.012387841939926147,0.8842192,0.06642872,0.049352147
17,0,0,0.01360708475112915,0.8298544,0.11608697,0.054058705
17,0,0,0.012131869792938232,0.8334779,0.112975836,0.053546347
17,0,0,0.008580893278121948,0.92236286,0.043073755,0.034563422
17,0,0,0.005149930715560913,0.9462605,0.033983264,0.01975626
17,0,0,0.01123058795928955,0.93570447,0.035103377,0.0291922
17,0,0,0.007472008466720581,0.9329177,0.028339552,0.03874278
17,0,0,0.00490783154964447,0.9521701,0.020643262,0.027186692
17,0,0,0.00813990831375122,0.9139597,0.049755447,0.03628498
17,0,0,0.026120781898498535,0.5481117,0.39871612,0.05317224
17,0,1,0.016617178916931152,0.3974607,0.45347822,0.14906119
17,0,1,0.018868744373321533,0.39368153,0.5385859,0.06773265
17,0,0,0.029359519481658936,0.63797295,0.27948916,0.082538076
17,0,0,0.015183627605438232,0.744093,0.18470486,0.07120233
17,0,0,0.014026820659637451,0.865134,0.09321527,0.041650783
17,0,0,0.007256835699081421,0.88671935,0.08159011,0.031690586
17,0,0,0.010961830615997314,0.7492479,0.22440118,0.026350973
17,0,0,0.010724872350692749,0.8690197,0.0723758,0.058604676
17,0,0,0.014944732189178467,0.71580553,0.25275573,0.031438936
17,0,0,0.017506003379821777,0.65921605,0.30398852,0.0367956
17,0,0,0.01890009641647339,0.49108076,0.43164885,0.07727043
3,0,0,0.01546698808670044,0.7797456,0.10866422,0.111590296
3,0,0,0.017446815967559814,0.61027634,0.37021142,0.01951227
3,0,0,0.009908169507980347,0.87067604,0.085479565,0.04384449
3,0,0,0.015739619731903076,0.8086214,0.13536234,0.05601633
3,0,0,0.018521904945373535,0.5780984,0.14685984,0.27504176
3,0,1,0.020368874073028564,0.13397092,0.82011384,0.045915388
3,0,0,0.012281030416488647,0.8629434,0.109025195,0.028031407
3,0,0,0.009875297546386719,0.89636856,0.04849516,0.05513632
3,0,0,0.009022295475006104,0.89667636,0.07480759,0.028516078
3,0,0,0.012407630681991577,0.90827954,0.07932847,0.0123921195
3,0,0,0.012908756732940674,0.8995967,0.085513875,0.01488948
3,0,0,0.01404041051864624,0.7980571,0.15115686,0.05078615
3,0,0,0.010976940393447876,0.88960785,0.08754528,0.02284698
3,0,0,0.016526758670806885,0.86475474,0.12178148,0.0134639535
3,0,0,0.012235969305038452,0.8678893,0.11976825,0.012342559
3,0,0,0.013751506805419922,0.7230889,0.2640995,0.012811643
3,0,0,0.021602988243103027,0.48616454,0.37113628,0.14269935
3,0,0,0.010516881942749023,0.8394436,0.11796905,0.042587433
3,0,0,0.008928149938583374,0.9436673,0.03229203,0.02404082
3,0,0,0.005838245153427124,0.95380527,0.031087857,0.015106873
3,0,0,0.00794801115989685,0.86577004,0.12375095,0.010479014
3,0,0,0.01859581470489502,0.48763075,0.4557063,0.056662988
3,0,0,0.015929222106933594,0.8277035,0.10213526,0.07016139
3,0,0,0.009880125522613525,0.9231545,0.05421803,0.022627518
3,0,0,0.004666566848754883,0.9485806,0.036042303,0.015377161
3,0,0,0.010599076747894287,0.8360772,0.1509356,0.012987281
3,0,2,0.015453338623046875,0.2608785,0.14177006,0.59735143
3,0,1,0.00994420051574707,0.10836514,0.83883315,0.052801736
3,0,0,0.014167368412017822,0.79787403,0.149699,0.05242708
3,0,0,0.011398643255233765,0.892271,0.07505461,0.03267456
3,0,0,0.005168825387954712,0.9317666,0.04630677,0.021926673
3,0,0,0.011039704084396362,0.9122884,0.071257435,0.016454272
3,0,0,0.009844303131103516,0.72754556,0.23669353,0.035760872
3,0,0,0.015126049518585205,0.76924086,0.19495483,0.035804436
3,0,0,0.008307039737701416,0.91944104,0.056092266,0.024466874
3,0,0,0.006307333707809448,0.9465354,0.031268034,0.022196636
95,0,0,0.0054168701171875,0.9575515,0.018014656,0.02443389
95,0,0,0.010012924671173096,0.94152063,0.023305286,0.035174225
95,0,0,0.003853142261505127,0.95814705,0.028769156,0.0130838435
95,0,0,0.005465567111968994,0.9440985,0.044070706,0.011830919
95,0,0,0.004824131727218628,0.95791835,0.016444132,0.02563761
95,0,0,0.0038046687841415405,0.96362096,0.019486317,0.016892897
95,0,0,0.005730181932449341,0.9692473,0.014539357,0.016213484
95,0,0,0.00540374219417572,0.9631284,0.020384867,0.016486851
95,0,0,0.00786598026752472,0.9559662,0.027387388,0.016646523
95,0,0,0.004427209496498108,0.96767133,0.018030228,0.014298494
95,0,0,0.008352652192115784,0.947711,0.013254804,0.039034348
95,0,0,0.012193024158477783,0.80729675,0.021262389,0.171441
95,0,0,0.010431110858917236,0.6860119,0.019456135,0.29453194
63,0,0,0.01670938730239868,0.69131476,0.10517288,0.20351242
63,0,2,0.01400083303451538,0.23519324,0.08060576,0.68420106
63,0,0,0.012536883354187012,0.45746702,0.12495765,0.4175754
63,0,0,0.016713976860046387,0.6712132,0.025304252,0.30348262
63,0,0,0.00950843095779419,0.9166817,0.03749241,0.045825947
63,0,0,0.009984105825424194,0.86737555,0.030903561,0.10172093
63,0,0,0.008965671062469482,0.8422363,0.071531825,0.0862319
63,0,0,0.005397111177444458,0.9212337,0.020972457,0.05779385
63,0,0,0.007490009069442749,0.9369982,0.025486752,0.03751522
63,0,0,0.005865439772605896,0.95138454,0.025232663,0.023382831
63,0,0,0.005474001169204712,0.9590781,0.023211781,0.01771024
63,0,0,0.0047139972448349,0.9606479,0.021979533,0.01737268
63,0,0,0.006722509860992432,0.94548035,0.015408885,0.039110877
357,0,2,0.007500708103179932,0.17354193,0.06439054,0.76206756
357,0,0,0.013103365898132324,0.81921965,0.1618615,0.018918868
357,0,0,0.026624321937561035,0.7224996,0.25496322,0.0225372
357,0,0,0.016241639852523804,0.8668907,0.1119713,0.021138065
357,0,2,0.023668110370635986,0.38721862,0.13348623,0.47929522
357,0,0,0.005334794521331787,0.93379956,0.058636848,0.007563701
357,0,0,0.0038039982318878174,0.9422884,0.04734091,0.010370857
357,0,0,0.005226209759712219,0.9521127,0.036929276,0.010958097
357,0,0,0.004942536354064941,0.9469257,0.04251252,0.010561817
357,0,0,0.005104348063468933,0.9595526,0.031208158,0.009239333
357,0,0,0.006035909056663513,0.95871824,0.025954524,0.015327331
357,0,0,0.02234596014022827,0.44156814,0.12935436,0.42907766
357,0,0,0.016894221305847168,0.49502838,0.494744,0.010227706
357,0,0,0.007206946611404419,0.91798806,0.051062085,0.030949924
357,0,0,0.0072873979806900024,0.94258887,0.040856678,0.016554488
357,0,0,0.009506076574325562,0.95563674,0.023103207,0.021260154
357,0,0,0.005445390939712524,0.9576785,0.032892738,0.009428915
357,0,0,0.0034785866737365723,0.96653837,0.025200017,0.00826168
357,0,0,0.01452481746673584,0.57098925,0.26044923,0.16856161
357,0,1,0.017498135566711426,0.30295435,0.53111404,0.16593161
357,0,0,0.01427161693572998,0.62899125,0.34868252,0.02232626
357,0,0,0.01194530725479126,0.6482081,0.3345422,0.017249752
357,0,0,0.009507864713668823,0.9231334,0.067021064,0.009845602
357,0,0,0.0075293779373168945,0.7668395,0.22694376,0.006216754
357,0,0,0.019573330879211426,0.57844484,0.24867809,0.17287716
357,0,1,0.014658868312835693,0.33305967,0.60856885,0.058371495
357,0,1,0.00840875506401062,0.14139594,0.84222853,0.016375594
357,0,1,0.012603998184204102,0.17873275,0.8102899,0.010977359
357,0,1,0.017556101083755493,0.1470298,0.8354594,0.017510805
357,0,0,0.01174628734588623,0.72394526,0.24577986,0.0302749
353,0,0,0.01216036081314087,0.73479176,0.25090232,0.014305949
353,0,0,0.011729896068572998,0.7396211,0.24986534,0.010513585
353,0,0,0.012898564338684082,0.84700084,0.14058611,0.012413179
353,0,0,0.015747517347335815,0.8695975,0.118409194,0.011993421
353,0,0,0.007728695869445801,0.89033854,0.10133796,0.00832352
353,0,0,0.012255728244781494,0.5464207,0.44448984,0.009089573
353,0,0,0.007239162921905518,0.75253433,0.23675346,0.010712295
353,0,0,0.010348647832870483,0.8835651,0.104907416,0.011527537
353,0,1,0.011796236038208008,0.33007878,0.6626743,0.0072470675
353,0,1,0.010500431060791016,0.22633754,0.76597166,0.007690897
353,0,1,0.01970595121383667,0.46150643,0.50047225,0.038021374
353,0,1,0.014673113822937012,0.39589557,0.5838819,0.020222528
353,0,1,0.009480595588684082,0.46291384,0.52627164,0.010814521
353,0,0,0.006639987230300903,0.93632627,0.029619075,0.0340547
353,0,0,0.002362847328186035,0.956995,0.027379155,0.015625924
353,0,0,0.01332467794418335,0.68036795,0.3053029,0.014329284
353,0,0,0.008607447147369385,0.81927747,0.16578114,0.014941463
353,0,0,0.015205562114715576,0.82933986,0.14435148,0.026308745
353,0,0,0.007963955402374268,0.86937153,0.11978727,0.010841364
353,0,0,0.004276201128959656,0.9443769,0.042607896,0.013015333
353,0,0,0.0031086355447769165,0.9408579,0.049360055,0.009782156
353,0,0,0.010188192129135132,0.900456,0.082808696,0.01673532
353,0,0,0.012577354907989502,0.54503787,0.438363,0.016599258
353,0,1,0.012947916984558105,0.43571916,0.5523252,0.01195565
353,0,1,0.005453348159790039,0.09094095,0.9026628,0.0063962713
353,0,0,0.005374103784561157,0.9420851,0.04381803,0.014096962
353,0,0,0.0056981295347213745,0.95543975,0.027682284,0.016878074
353,0,0,0.0068176984786987305,0.90705585,0.06930268,0.023641624
353,0,0,0.010599642992019653,0.90989584,0.06566047,0.024443796
353,0,0,0.010878592729568481,0.8402608,0.14957564,0.010163576
353,0,0,0.006529867649078369,0.93399954,0.0564422,0.009558355
353,0,0,0.0042153000831604,0.95582193,0.034625605,0.009552619
353,0,0,0.00517098605632782,0.9587688,0.033339866,0.007891467
353,0,0,0.00846494734287262,0.94947845,0.039968796,0.010552797
353,0,0,0.0035277754068374634,0.9566043,0.03346037,0.009935383
353,0,0,0.006661206483840942,0.9398515,0.047271106,0.012877392
353,0,0,0.010434001684188843,0.90125245,0.08574424,0.0130033055
353,0,0,0.006158709526062012,0.73837376,0.25407574,0.0075505553
353,0,0,0.004034087061882019,0.9478143,0.041889135,0.010296688
353,0,0,0.008550018072128296,0.9241538,0.059160154,0.016686045
353,0,0,0.011359214782714844,0.8734869,0.062321875,0.064191334
353,0,0,0.004829227924346924,0.84732205,0.14122462,0.011453346
353,0,0,0.01410055160522461,0.8455985,0.14454022,0.009861286
353,0,0,0.005028828978538513,0.96008825,0.028558148,0.011353659
353,0,0,0.0027102231979370117,0.9723181,0.016773013,0.010908933
353,0,0,0.0037320703268051147,0.96128637,0.030119376,0.0085943565
353,0,0,0.004528164863586426,0.95825315,0.026852245,0.014894728
353,0,0,0.008165568113327026,0.95354575,0.037715714,0.008738581
353,0,0,0.006650805473327637,0.9693996,0.021024197,0.00957628
353,0,0,0.004100874066352844,0.96291363,0.026479129,0.010607372
353,0,0,0.01376575231552124,0.6997009,0.27855664,0.02174252
353,0,0,0.015416622161865234,0.7130297,0.26812103,0.018849423
353,0,0,0.007155001163482666,0.7745759,0.21371605,0.011708093
353,0,0,0.008965075016021729,0.869366,0.121742465,0.008891546
353,0,0,0.003967881202697754,0.966736,0.02289563,0.0103684245
353,0,0,0.007364511489868164,0.96503603,0.018337805,0.016626248
353,0,0,0.003913894295692444,0.9733916,0.014041795,0.012566731
353,0,0,0.002527013421058655,0.9701417,0.020557446,0.00930085
353,0,0,0.005497261881828308,0.9610276,0.029607037,0.009365376
353,0,0,0.010381162166595459,0.83133185,0.153343,0.015325284
353,0,0,0.006310403347015381,0.9301748,0.0602937,0.009531517
353,0,0,0.004476726055145264,0.9685598,0.020732097,0.010708107
353,0,0,0.00533275306224823,0.95246893,0.039416574,0.0081144925
353,0,0,0.0050440579652786255,0.9561211,0.034849156,0.009029807
92,0,0,0.010562658309936523,0.6406878,0.31878623,0.04052596
92,0,0,0.00402425229549408,0.955296,0.01799794,0.0267061
92,0,0,0.009419620037078857,0.7913683,0.19560833,0.013023491
92,0,0,0.013057708740234375,0.659413,0.31366527,0.026921952
92,0,0,0.006106913089752197,0.89744747,0.009458,0.09309458
92,0,0,0.008292913436889648,0.87128866,0.011740334,0.11697117
92,0,0,0.008896782994270325,0.9424931,0.034625746,0.02288129
92,0,0,0.006841748952865601,0.9202641,0.067241654,0.012494184
92,0,0,0.006172239780426025,0.88426,0.011429161,0.10431091
92,0,0,0.011883795261383057,0.905865,0.036137678,0.057997458
92,0,0,0.00507122278213501,0.9567758,0.016986143,0.026238233
92,0,0,0.0039261579513549805,0.96314037,0.01768187,0.019177888
92,0,0,0.00470307469367981,0.9533348,0.016829966,0.029835321
92,0,0,0.008769571781158447,0.86566675,0.013547553,0.12078588
92,0,0,0.0044218748807907104,0.96786356,0.013256891,0.01887962
92,0,0,0.005323126912117004,0.9583577,0.013279533,0.028362893
92,0,0,0.006282225251197815,0.9546481,0.033244465,0.01210748
92,0,0,0.006990015506744385,0.9290299,0.021508433,0.049461696
92,0,0,0.011283308267593384,0.8383432,0.014054684,0.14760216
92,0,0,0.015586793422698975,0.7517309,0.015983993,0.23228519
91,0,0,0.020966410636901855,0.43909472,0.42882934,0.13207603
91,0,1,0.008723556995391846,0.10079147,0.86658347,0.032625157
91,0,0,0.009815424680709839,0.89804775,0.086825594,0.015126711
91,0,1,0.02236485481262207,0.36057463,0.4421968,0.19722867
91,0,1,0.010623931884765625,0.08451914,0.8723142,0.04316674
91,0,0,0.01396244764328003,0.7180659,0.27159083,0.010343349
91,0,1,0.008949339389801025,0.1930423,0.7715869,0.035370853
91,0,1,0.01469409465789795,0.117390215,0.8546885,0.027921345
91,0,1,0.014740407466888428,0.46272618,0.51747084,0.019803017
91,0,1,0.017215609550476074,0.26099607,0.68048364,0.058520302
91,0,1,0.023069441318511963,0.1484622,0.7823921,0.069145806
91,0,1,0.02012491226196289,0.24341466,0.44043943,0.31614596
91,0,1,0.027998149394989014,0.2392338,0.61846536,0.14230092
356,0,0,0.005752190947532654,0.95660836,0.031640243,0.011751435
356,0,0,0.007527187466621399,0.9460684,0.0428886,0.011043089
356,0,0,0.011860966682434082,0.95345414,0.032805555,0.013740372
356,0,0,0.005261674523353577,0.96697104,0.02371442,0.009314532
356,0,0,0.0046232640743255615,0.9667486,0.022150615,0.011100869
356,0,0,0.004872262477874756,0.946992,0.039612316,0.013395741
356,0,0,0.007087007164955139,0.9584063,0.03072862,0.010865207
356,0,0,0.004132986068725586,0.9681224,0.02173431,0.010143401
356,0,0,0.002894386649131775,0.95970476,0.030409144,0.009886093
356,0,0,0.0026870816946029663,0.95642513,0.035095602,0.008479285
356,0,0,0.006755173206329346,0.924342,0.06790266,0.0077554774
356,0,0,0.006730929017066956,0.94200164,0.049668238,0.008330187
356,0,0,0.007012516260147095,0.9460271,0.04667625,0.007296715
356,0,0,0.015028119087219238,0.72597224,0.25802267,0.016005196
356,0,0,0.01472705602645874,0.8115774,0.17396827,0.014454409
356,0,0,0.010926485061645508,0.7248604,0.2647303,0.010409422
209,0,0,0.015375137329101562,0.762073,0.031924557,0.20600256
209,0,0,0.03192871809005737,0.5586287,0.17370123,0.26767004
209,0,0,0.0067205727100372314,0.8795601,0.11036791,0.0100720115
209,0,0,0.004605546593666077,0.9462217,0.03839606,0.015382323
209,0,0,0.013731211423873901,0.8724821,0.11712105,0.01039696
209,0,0,0.005460202693939209,0.9572543,0.025431022,0.017314756
209,0,0,0.0056442320346832275,0.95151937,0.012745287,0.035735458
209,0,0,0.009739130735397339,0.9391019,0.04263228,0.018265942
209,0,0,0.007800191640853882,0.95106804,0.028534291,0.020397699
209,0,0,0.005110785365104675,0.9511389,0.03954935,0.009311776
209,0,0,0.006762087345123291,0.92593724,0.034629364,0.03943357
209,0,0,0.008743733167648315,0.9163346,0.030140746,0.05352462
209,0,0,0.005327880382537842,0.90946805,0.013761072,0.076770954
209,0,0,0.008452117443084717,0.9095379,0.012491205,0.07797092
209,0,0,0.010221153497695923,0.91641444,0.014776864,0.06880884
209,0,0,0.004372388124465942,0.9611443,0.021630151,0.017225595
209,0,0,0.006117314100265503,0.9585834,0.03199301,0.009423619
209,0,0,0.007310390472412109,0.9081103,0.07626663,0.01562307
209,0,0,0.02321678400039673,0.61894405,0.21714345,0.16391261
209,0,0,0.004842191934585571,0.96354955,0.01595759,0.02049293
209,0,0,0.0036263465881347656,0.9639433,0.011012228,0.025044546
209,0,0,0.008156806230545044,0.9123221,0.01455126,0.07312681
209,0,0,0.0024149268865585327,0.9564127,0.016147062,0.027440334
209,0,0,0.006194159388542175,0.95355344,0.027175352,0.019271225
209,0,0,0.0075514912605285645,0.93946934,0.040240932,0.020289864
209,0,0,0.007562458515167236,0.9263336,0.03323436,0.0404321
209,0,0,0.0024203509092330933,0.96589744,0.014588651,0.019514084
209,0,0,0.007480531930923462,0.9629339,0.017804066,0.01926211
209,0,0,0.004506200551986694,0.9419889,0.01036873,0.047642507
209,0,0,0.0049336254596710205,0.90010417,0.0105660735,0.08932983
209,0,0,0.004706323146820068,0.9614363,0.025688732,0.012875164
209,0,0,0.006588190793991089,0.9625885,0.0154369185,0.0219747
209,0,0,0.006267547607421875,0.9010068,0.02225494,0.07673839
209,0,0,0.005602747201919556,0.95022416,0.027488707,0.022287166
209,0,0,0.004001721739768982,0.9694709,0.014613834,0.0159154
209,0,0,0.008402183651924133,0.95394117,0.013351376,0.032707572
209,0,0,0.007205292582511902,0.9578234,0.013626691,0.028549956
209,0,0,0.003740280866622925,0.9517362,0.03383471,0.014429033
209,0,0,0.004655748605728149,0.9087831,0.0783133,0.012903774
209,0,0,0.005063891410827637,0.92551184,0.013963229,0.060524974
209,0,0,0.008890032768249512,0.89715534,0.017109353,0.085735306
209,0,0,0.007793933153152466,0.92598134,0.0187987,0.05522004
209,0,0,0.007766902446746826,0.9301474,0.057403814,0.0124488985
209,0,0,0.006093412637710571,0.9420624,0.018049574,0.03988824
209,0,0,0.008840173482894897,0.8950837,0.019559098,0.08535728
64,0,2,0.009544432163238525,0.23572753,0.074158326,0.6901143
64,0,0,0.014180004596710205,0.71246016,0.06838536,0.21915458
64,0,2,0.016192317008972168,0.32528186,0.051319264,0.623399
64,0,2,0.011939465999603271,0.18757863,0.049208254,0.76321316
64,0,1,0.0176088809967041,0.19039907,0.41136828,0.3982328
64,0,0,0.010026812553405762,0.7769081,0.20167184,0.021420209
64,0,0,0.008802741765975952,0.87294173,0.05033196,0.07672636
64,0,0,0.008455842733383179,0.918952,0.023445169,0.057602838
64,0,2,0.01133430004119873,0.45376503,0.01699435,0.5292407
64,0,2,0.00899195671081543,0.20678882,0.02500384,0.7682075
64,0,0,0.007385000586509705,0.9519934,0.027809778,0.020196827
64,0,0,0.004199221730232239,0.95722187,0.009182888,0.033595394
64,0,0,0.003726944327354431,0.9605646,0.0077355774,0.0316999
64,0,0,0.0055289119482040405,0.94167084,0.0072033987,0.051125877
64,0,0,0.01239699125289917,0.8023034,0.011083182,0.18661354
64,0,0,0.00402987003326416,0.94509983,0.0363624,0.018537808
64,0,0,0.004159361124038696,0.95383686,0.008862149,0.037301123
64,0,0,0.006203114986419678,0.964273,0.014690548,0.021036457
64,0,0,0.0032500028610229492,0.9640229,0.011883802,0.02409333
64,0,0,0.010174781084060669,0.8996107,0.016009133,0.08438027
64,0,0,0.00476442277431488,0.9519721,0.016369442,0.031658553
64,0,0,0.006857335567474365,0.9625512,0.023206037,0.014242866
64,0,0,0.009097099304199219,0.91900814,0.02900933,0.05198266
64,0,0,0.017545640468597412,0.7798941,0.10484338,0.1152626
0,0,0,0.007404953241348267,0.93383026,0.048976094,0.017193714
0,0,0,0.008089125156402588,0.8996152,0.021716397,0.07866856
0,0,0,0.012767493724822998,0.7596062,0.038927395,0.20146653
0,0,2,0.0066794753074646,0.035706237,0.057673305,0.90662056
0,0,0,0.011758983135223389,0.90730137,0.028963083,0.06373559
0,0,0,0.0052954405546188354,0.9474639,0.013078798,0.03945743
0,0,0,0.007381916046142578,0.921231,0.012221056,0.06654799
0,0,0,0.007315278053283691,0.9125404,0.0104933465,0.07696625
0,0,0,0.004954695701599121,0.9134925,0.011300399,0.07520721
0,0,0,0.010778605937957764,0.83720416,0.009825735,0.15297009
0,0,0,0.008303463459014893,0.9272638,0.011238789,0.06149744
0,0,0,0.008276134729385376,0.8823811,0.009004275,0.108614676
0,0,0,0.005523711442947388,0.8743033,0.0075570457,0.11813982
0,0,0,0.004549399018287659,0.94236934,0.009476807,0.048153985
0,0,0,0.00801578164100647,0.8939809,0.007619059,0.09840024
0,0,0,0.004218369722366333,0.9172574,0.0113390405,0.07140362
0,0,0,0.005012869834899902,0.9528459,0.01481858,0.032335583
0,0,0,0.006090506911277771,0.94886714,0.0118163,0.03931657
0,0,0,0.003658577799797058,0.95433664,0.007875374,0.037788033
0,0,0,0.004928171634674072,0.954984,0.011933522,0.033082545
0,0,0,0.003411993384361267,0.9628928,0.011633023,0.025474306
0,0,0,0.003870159387588501,0.9605328,0.0123572685,0.02711003
0,0,0,0.0040902793407440186,0.9519852,0.010681762,0.03733317
0,0,0,0.005531772971153259,0.94795567,0.01208684,0.039957535
0,0,0,0.009624391794204712,0.9243285,0.015607635,0.060063932
0,0,2,0.017469286918640137,0.37572742,0.10152642,0.5227462
0,0,0,0.011577963829040527,0.9027996,0.013839637,0.0833608
0,0,0,0.006096631288528442,0.9277886,0.011925701,0.06028582
0,0,0,0.007395893335342407,0.9154519,0.008067905,0.07648027
0,0,0,0.009626656770706177,0.8972849,0.009450178,0.093264975
0,0,0,0.009587645530700684,0.84801114,0.009829405,0.14215958
0,0,0,0.005791902542114258,0.91298807,0.009724236,0.07728779
0,0,0,0.004003450274467468,0.9531464,0.010952575,0.035901114
0,0,0,0.007245063781738281,0.93185484,0.0108102625,0.05733492
0,0,0,0.008367449045181274,0.9046326,0.013656105,0.08171143
0,0,0,0.009348735213279724,0.95328116,0.011216069,0.03550289
0,0,0,0.007230848073959351,0.9269297,0.010625176,0.062445294
0,0,0,0.004475593566894531,0.94101006,0.009443637,0.049546357
0,0,0,0.0056895911693573,0.93271273,0.010447807,0.05683948
0,0,0,0.004925936460494995,0.94669473,0.011997465,0.041307878
0,0,0,0.006835371255874634,0.9450797,0.012638002,0.042282507
0,0,0,0.0033850669860839844,0.95875967,0.01259512,0.02864532
0,0,0,0.008150964975357056,0.9607497,0.013361221,0.02588921
0,0,0,0.010349661111831665,0.9618352,0.013980317,0.024184566
0,0,0,0.004062950611114502,0.96599793,0.009599674,0.024402477
0,0,0,0.0038354843854904175,0.9600228,0.009852177,0.030125158
0,0,0,0.006801679730415344,0.94698095,0.03461334,0.018405711
0,0,0,0.006357043981552124,0.8466393,0.03044318,0.12291757
0,0,0,0.0075331926345825195,0.80384004,0.010397844,0.18576218
0,0,0,0.00600162148475647,0.906359,0.009303463,0.08433758
0,0,0,0.004113942384719849,0.9480788,0.008607929,0.0433133
0,0,0,0.005004793405532837,0.9496851,0.011439657,0.03887526
0,0,0,0.008084654808044434,0.9349169,0.01128496,0.053798243
0,0,0,0.006029397249221802,0.9385178,0.012932122,0.04855013
0,0,0,0.00269925594329834,0.9522495,0.010088292,0.037662353
0,0,0,0.005310848355293274,0.94837,0.01034992,0.041280232
0,0,0,0.0036947131156921387,0.95167404,0.01012529,0.038200747
0,0,0,0.004884243011474609,0.94210404,0.009875695,0.048020396
0,0,0,0.0077731311321258545,0.92544645,0.010075245,0.0644784
0,0,0,0.009082257747650146,0.89689445,0.00849465,0.09461103
0,0,0,0.007797926664352417,0.9225642,0.009144406,0.06829142
0,0,0,0.006586998701095581,0.9421341,0.008931269,0.04893475
0,0,0,0.0052745044231414795,0.9551242,0.012509684,0.032366157
0,0,0,0.004851222038269043,0.9561974,0.011548747,0.032253943
0,0,0,0.00523047149181366,0.95853573,0.014204518,0.027259804
0,0,0,0.006808385252952576,0.9590787,0.014551989,0.02636939
0,0,0,0.0053337812423706055,0.9590503,0.010398884,0.030550886
0,0,0,0.010312378406524658,0.76182884,0.011176961,0.22699435
0,0,0,0.009662479162216187,0.91451466,0.021349369,0.06413614
0,0,0,0.005076289176940918,0.96198046,0.020394798,0.017624833
0,0,0,0.006416231393814087,0.9222102,0.012756828,0.06503298
0,0,0,0.005873620510101318,0.93536586,0.010931585,0.05370267
0,0,0,0.006407737731933594,0.9364372,0.01036874,0.053194094
0,0,0,0.00368654727935791,0.9381977,0.008603869,0.053198576
0,0,0,0.006739675998687744,0.94002706,0.008150868,0.051822152
0,0,0,0.006364583969116211,0.9364435,0.011195058,0.052361473
0,0,0,0.005801886320114136,0.9193703,0.009401107,0.07122862
0,0,0,0.004559427499771118,0.93887633,0.010174762,0.050949037
0,0,0,0.006144732236862183,0.94337946,0.010885654,0.04573505
0,0,0,0.005325973033905029,0.9496938,0.008682546,0.041623656
0,0,0,0.005654126405715942,0.9311574,0.01068675,0.05815593
0,0,0,0.004394859075546265,0.9449505,0.010607954,0.044441603
0,0,0,0.005555629730224609,0.96215487,0.0145510165,0.023294196
0,0,0,0.004416763782501221,0.9499807,0.011529957,0.038489345
0,0,0,0.00814954936504364,0.95110965,0.015969647,0.032920763
0,0,0,0.004444718360900879,0.9505227,0.010462085,0.039015256
0,0,0,0.004264727234840393,0.9569283,0.012416725,0.030655049
0,0,0,0.007003575563430786,0.938564,0.013465495,0.047970608
0,0,0,0.0034230202436447144,0.95655024,0.0097076595,0.033742122
0,0,0,0.004664212465286255,0.911881,0.010535606,0.07758337
0,0,0,0.01546633243560791,0.71421415,0.010463381,0.27532256
0,0,0,0.005729049444198608,0.93741447,0.016134217,0.04645143
0,0,0,0.0073916614055633545,0.94580275,0.015731338,0.038465943
0,0,0,0.004989057779312134,0.94040114,0.0101614585,0.049437597
0,0,0,0.0063753873109817505,0.9594289,0.015677346,0.024893867
0,0,0,0.005611032247543335,0.9470323,0.0115105985,0.04145705
0,0,0,0.006806820631027222,0.9386618,0.011124083,0.0502142
0,0,0,0.005801215767860413,0.94836724,0.013443386,0.038189545
0,0,0,0.004371553659439087,0.9375539,0.00936171,0.05308442
0,0,0,0.004392862319946289,0.9245784,0.010186792,0.06523491
0,0,0,0.0059168338775634766,0.90607256,0.011185299,0.08274225
0,0,0,0.006650581955909729,0.9488607,0.009042289,0.042096972
0,0,0,0.006722539663314819,0.94395304,0.011078184,0.044968877
0,0,0,0.0056085288524627686,0.94721425,0.010820742,0.041965038
0,0,0,0.006690815091133118,0.95611656,0.01478291,0.02910064
0,0,0,0.005610823631286621,0.9533537,0.013386859,0.033259504
0,0,0,0.006615102291107178,0.9260045,0.012981115,0.061014444
0,0,0,0.007217347621917725,0.90056485,0.015260675,0.08417452
0,0,0,0.00551190972328186,0.93236977,0.013122231,0.054508075
0,0,0,0.0038197189569473267,0.95466805,0.012988501,0.03234357
0,0,0,0.00926847755908966,0.9423992,0.017456265,0.040144663
0,0,0,0.0077149271965026855,0.9478529,0.01996572,0.03218148
0,0,0,0.009654372930526733,0.91477585,0.012695315,0.07252895
0,0,0,0.011096030473709106,0.91612643,0.016168343,0.06770534
0,0,0,0.007625997066497803,0.9285404,0.010296418,0.06116324
0,0,0,0.007658600807189941,0.90759444,0.011658139,0.08074753
0,0,0,0.0043087005615234375,0.93435735,0.010724781,0.054917894
0,0,0,0.006510823965072632,0.932021,0.0108763,0.057102717
0,0,0,0.006877243518829346,0.90194446,0.011094349,0.08696124
0,0,0,0.0073433518409729,0.9446435,0.0121442955,0.043212328
0,0,0,0.004734471440315247,0.94765615,0.0097841155,0.042559844
0,0,0,0.007130444049835205,0.90895945,0.01210288,0.07893781
0,0,0,0.004433348774909973,0.9515082,0.011819794,0.036672
0,0,0,0.007747828960418701,0.95065653,0.0128652705,0.03647823
0,0,0,0.004573017358779907,0.9059087,0.013242296,0.0808491
0,0,0,0.007813185453414917,0.8511897,0.028443038,0.1203674
0,0,0,0.010601043701171875,0.9176021,0.036876258,0.04552173
0,0,0,0.0070514678955078125,0.76353014,0.018002866,0.21846712
0,0,2,0.008510291576385498,0.22999924,0.013239827,0.756761
0,0,0,0.00953453779220581,0.6123806,0.010897345,0.3767221
0,0,0,0.00701180100440979,0.8723541,0.033138316,0.0945077
0,0,0,0.007419228553771973,0.8083496,0.016061487,0.17558907
0,0,0,0.008092015981674194,0.8789592,0.009838023,0.11120286
0,0,0,0.00584372878074646,0.8996394,0.010079891,0.09028076
0,0,0,0.005662113428115845,0.93885523,0.012541481,0.048603408
0,0,0,0.004730969667434692,0.94262207,0.008574213,0.048803896
0,0,0,0.0038313865661621094,0.93547845,0.010386362,0.0541352
0,0,0,0.008858025074005127,0.86105144,0.011721035,0.12722753
109,0,2,0.017047107219696045,0.36364904,0.10407797,0.53227305
109,0,2,0.0088614821434021,0.06424529,0.034900837,0.90085393
109,0,0,0.013152778148651123,0.7369281,0.063564755,0.19950724
109,0,0,0.007826566696166992,0.9068564,0.018240187,0.07490352
109,0,0,0.006884589791297913,0.9496412,0.021933507,0.028425364
109,0,2,0.01719343662261963,0.31706542,0.105703555,0.5772311
109,0,0,0.005870550870895386,0.9663753,0.019505572,0.014119195
109,0,0,0.00517687201499939,0.96674925,0.02075043,0.012500458
109,0,0,0.0034356266260147095,0.97028905,0.019070728,0.010640351
109,0,0,0.0060891807079315186,0.95085335,0.03676101,0.012385751
109,0,2,0.015569746494293213,0.44170666,0.06518332,0.4931101
109,0,0,0.005603224039077759,0.962041,0.020004028,0.017955063
109,0,0,0.0017965584993362427,0.9671444,0.016356139,0.016499495
109,0,0,0.004583969712257385,0.9716966,0.012629026,0.015674453
109,0,0,0.0067128986120224,0.9514664,0.036429375,0.012104363
109,0,0,0.01035258173942566,0.8850301,0.0908121,0.0241579
109,0,0,0.01472693681716919,0.81401974,0.120315894,0.06566445
109,0,0,0.007640033960342407,0.9126417,0.015057745,0.072300605
109,0,0,0.004781782627105713,0.95958334,0.029554363,0.010862389
109,0,0,0.004877611994743347,0.9665881,0.016956467,0.01645553
109,0,0,0.0036881864070892334,0.9635973,0.018497214,0.017905569
109,0,0,0.008584797382354736,0.9344282,0.055417214,0.010154696
109,0,0,0.013206541538238525,0.9020649,0.08482391,0.013111236
109,0,0,0.010289967060089111,0.86928123,0.10105938,0.029659396
109,0,2,0.01107722520828247,0.23490682,0.067737065,0.6973563
109,0,0,0.006143495440483093,0.95828664,0.023385251,0.018328141
109,0,0,0.017895817756652832,0.6434937,0.3451301,0.011376264
109,0,0,0.005016058683395386,0.94313574,0.04721938,0.009644955
109,0,0,0.005180388689041138,0.9680891,0.016178655,0.015732367
109,0,0,0.004271596670150757,0.966074,0.014972787,0.018953342
109,0,0,0.003011554479598999,0.9569579,0.024910651,0.018131532
109,0,0,0.012812972068786621,0.85169905,0.124406494,0.023894409
109,0,0,0.01499474048614502,0.64064556,0.051047582,0.30830702
109,0,0,0.001833900809288025,0.9724737,0.017118288,0.0104081165
109,0,0,0.005481600761413574,0.96140987,0.030103762,0.008486416
109,0,0,0.005917906761169434,0.9606315,0.029792273,0.009576284
109,0,0,0.011084824800491333,0.9237293,0.065802075,0.010468696
109,0,0,0.004993647336959839,0.9627062,0.02182002,0.015473908
109,0,0,0.00674651563167572,0.9483475,0.03208951,0.019563047
109,0,0,0.006265848875045776,0.9357803,0.019362742,0.04485705
109,0,0,0.003866136074066162,0.97097147,0.01610176,0.012926746
109,0,0,0.003997132182121277,0.95831144,0.03218722,0.009501394
109,0,0,0.0054302215576171875,0.9424614,0.048315097,0.009223609
109,0,0,0.006518349051475525,0.9609512,0.030739712,0.0083091175
109,0,0,0.003740444779396057,0.9681016,0.012652112,0.019246357
109,0,0,0.007233142852783203,0.91464555,0.02311567,0.06223885
109,0,0,0.003694385290145874,0.9685982,0.019443687,0.011958153
109,0,0,0.004724353551864624,0.96647066,0.019087927,0.014441504
109,0,0,0.006396353244781494,0.9665426,0.013223933,0.020233592
109,0,0,0.0036642998456954956,0.9670235,0.022654228,0.010322365
109,0,0,0.00312592089176178,0.9732751,0.013265313,0.013459666
109,0,0,0.004837393760681152,0.93655574,0.017883928,0.045560457
109,0,0,0.010816752910614014,0.7377625,0.25027522,0.011962408
109,0,0,0.006348103284835815,0.93786234,0.05108713,0.01105059
109,0,0,0.00474432110786438,0.9590991,0.02737629,0.013524633
109,0,0,0.004836589097976685,0.96842194,0.017005648,0.014572569
109,0,0,0.012819945812225342,0.7380678,0.24071552,0.021216663
109,0,0,0.009746313095092773,0.69976074,0.2882623,0.011976991
197,0,0,0.01024511456489563,0.86883795,0.12091314,0.010248992
197,0,0,0.014209777116775513,0.8277875,0.16319239,0.009020188
197,0,0,0.01006770133972168,0.88992184,0.09872272,0.011355538
197,0,0,0.012908399105072021,0.66036934,0.32825026,0.011380414
197,0,0,0.01452985405921936,0.8439381,0.14210293,0.013959088
197,0,0,0.009086370468139648,0.91358787,0.07263489,0.013777309
197,0,0,0.016264617443084717,0.7896761,0.2032718,0.007052246
197,0,0,0.006459474563598633,0.9672681,0.024780303,0.007951646
197,0,0,0.006036058068275452,0.96140605,0.019457113,0.019136917
197,0,0,0.017653673887252808,0.8830431,0.10395373,0.01300325
197,0,0,0.0062738507986068726,0.9419234,0.045909125,0.012167666
197,0,0,0.006856381893157959,0.95680094,0.029503707,0.013695389
197,0,0,0.002778962254524231,0.967691,0.021423532,0.010885561
197,0,0,0.006567656993865967,0.9281224,0.06661676,0.0052609374
197,0,0,0.01089775562286377,0.830506,0.15981631,0.009677752
197,0,0,0.01521921157836914,0.6533598,0.31013644,0.03650375
197,0,0,0.017302513122558594,0.87871903,0.11408675,0.0071942443
197,0,0,0.0032956600189208984,0.966622,0.020423498,0.012954599
197,0,0,0.0028231143951416016,0.97049576,0.018340206,0.011164075
197,0,0,0.005833357572555542,0.9564847,0.029554222,0.013961225
197,0,0,0.00959254801273346,0.94517606,0.036816556,0.018007614
197,0,0,0.004453197121620178,0.96362805,0.027690284,0.008681789
197,0,0,0.004728063941001892,0.96345884,0.023844862,0.012696369
197,0,0,0.016557753086090088,0.6023139,0.39087418,0.0068119583
197,0,1,0.01248931884765625,0.37370297,0.6121975,0.01409957
197,0,0,0.012803852558135986,0.57529527,0.4100722,0.014632577
197,0,1,0.01764589548110962,0.31391487,0.6530801,0.033005185
197,0,0,0.0071350932121276855,0.91851634,0.07103145,0.010452356
197,0,0,0.008252620697021484,0.9379208,0.052006092,0.010073161
197,0,0,0.003920629620552063,0.9581697,0.031061193,0.010769263
197,0,0,0.007725387811660767,0.9366904,0.052312408,0.01099721
197,0,0,0.005903303623199463,0.9268498,0.062451024,0.010699349
197,0,0,0.005448698997497559,0.96303433,0.023266682,0.013699105
197,0,0,0.004134640097618103,0.96519226,0.017507408,0.017300364
197,0,0,0.007937103509902954,0.8845499,0.10936758,0.006082565
197,0,0,0.015226483345031738,0.53378195,0.44226295,0.023955187
197,0,0,0.02968055009841919,0.5975058,0.3773847,0.025109572
197,0,0,0.008581191301345825,0.929331,0.048339263,0.022329845
197,0,0,0.006650522351264954,0.9469647,0.039864063,0.013171329
197,0,0,0.008762359619140625,0.9066029,0.08409214,0.009304988
197,0,0,0.008063703775405884,0.9484255,0.040466074,0.011108552
197,0,0,0.019464194774627686,0.6967129,0.29280508,0.010482104
197,0,0,0.018545448780059814,0.71135557,0.27050278,0.018141849
197,0,0,0.016189277172088623,0.6596829,0.31780455,0.022512548
197,0,0,0.01565396785736084,0.76001126,0.22791432,0.012074462
197,0,0,0.010152846574783325,0.8495708,0.13953656,0.010892664
197,0,0,0.007313519716262817,0.92723733,0.043639876,0.029122952
197,0,0,0.01792806386947632,0.63064593,0.35378084,0.015573348
197,0,0,0.017429232597351074,0.5615008,0.40669236,0.031806953
110,0,0,0.006034299731254578,0.94548327,0.026959423,0.027557382
110,0,0,0.00791788101196289,0.88877964,0.02560872,0.08561173
110,0,0,0.009099841117858887,0.7929329,0.05388632,0.1531808
110,0,0,0.009360134601593018,0.91008246,0.0639498,0.025967801
110,0,0,0.0065465569496154785,0.9305899,0.020548286,0.04886178
110,0,0,0.013362526893615723,0.7811659,0.031709895,0.18712422
110,0,2,0.010023415088653564,0.4229959,0.03060201,0.5464021
110,0,0,0.01933211088180542,0.8388684,0.11439325,0.04673846
110,0,0,0.00840941071510315,0.9203184,0.028685104,0.050996516
110,0,0,0.009634077548980713,0.89192635,0.04704497,0.06102873
110,0,0,0.015239715576171875,0.6636225,0.052011434,0.28436604
110,0,0,0.012688279151916504,0.81557554,0.10771294,0.07671168
110,0,0,0.010158747434616089,0.89542973,0.07770149,0.02686885
110,0,0,0.010360181331634521,0.88040626,0.094249055,0.025344772
110,0,2,0.016501963138580322,0.19123998,0.09885914,0.7099011
33,0,1,0.015553414821624756,0.29228112,0.58272547,0.12499348
33,0,0,0.009896934032440186,0.73532826,0.22530067,0.039371192
33,0,0,0.008060991764068604,0.8927869,0.08592505,0.021288121
33,0,0,0.0048795342445373535,0.94601053,0.042612243,0.01137737
33,0,0,0.006620973348617554,0.9380295,0.052135766,0.00983475
33,0,0,0.004536867141723633,0.93205005,0.057132866,0.010817116
33,0,0,0.005496352910995483,0.95260507,0.03854111,0.008853929
33,0,0,0.004394009709358215,0.9458752,0.046930153,0.0071947793
33,0,0,0.01189228892326355,0.91992307,0.06602404,0.014052895
33,0,0,0.016286075115203857,0.58154756,0.40138835,0.017064158
33,0,0,0.0038240551948547363,0.95152116,0.033846408,0.014632535
33,0,0,0.0035394281148910522,0.96450454,0.020611359,0.014884135
33,0,0,0.004478514194488525,0.9662755,0.013405025,0.020319546
33,0,0,0.0024279803037643433,0.96817636,0.011447336,0.020376354
33,0,0,0.005444809794425964,0.9658254,0.017881636,0.016292961
33,0,0,0.0036346614360809326,0.96708393,0.022217115,0.010699022
33,0,0,0.005984961986541748,0.96712226,0.01890441,0.013973433
33,0,0,0.00310322642326355,0.97198325,0.017313955,0.010702819
33,0,0,0.008911043405532837,0.9641798,0.021365078,0.014455208
33,0,0,0.006596684455871582,0.9431928,0.04708999,0.009717315
33,0,0,0.011679381132125854,0.8775657,0.1068095,0.015624888
33,0,0,0.009852290153503418,0.89562905,0.08813297,0.01623812
33,0,0,0.012737035751342773,0.6923104,0.26593307,0.041756645
33,0,0,0.007340371608734131,0.92141324,0.06058388,0.018002978
33,0,0,0.007435977458953857,0.94215316,0.036953058,0.020893918
33,0,0,0.006765380501747131,0.95156306,0.028719185,0.019717753
33,0,0,0.004681572318077087,0.9626148,0.01937327,0.018011985
33,0,0,0.005163565278053284,0.9645146,0.017170569,0.018314993
33,0,0,0.003286704421043396,0.9679023,0.016705485,0.0153923035
33,0,0,0.003377765417098999,0.9723456,0.0147756515,0.012878799
33,0,0,0.007718697190284729,0.95052236,0.035369605,0.014108132
33,0,0,0.003985971212387085,0.9613812,0.016993247,0.02162565
33,0,0,0.006655991077423096,0.9565054,0.020549696,0.022944905
33,0,0,0.004946351051330566,0.9576128,0.025275696,0.017111572
33,0,0,0.01642143726348877,0.52148795,0.44485193,0.03366024
33,0,1,0.012983262538909912,0.33453447,0.64730304,0.018162528
33,0,0,0.007116079330444336,0.90013516,0.079845764,0.02001912
33,0,0,0.009525805711746216,0.9254704,0.05755125,0.016978474
33,0,0,0.00930526852607727,0.9224152,0.064292364,0.013292527
33,0,0,0.005193650722503662,0.95919013,0.029225731,0.011584173
33,0,0,0.004630059003829956,0.9505818,0.036003698,0.013414495
33,0,0,0.004330769181251526,0.96459764,0.022212977,0.013189555
33,0,0,0.004434630274772644,0.9605258,0.026952367,0.012521953
33,0,0,0.006626605987548828,0.96127945,0.01981813,0.018902441
33,0,0,0.004509657621383667,0.9573327,0.020507794,0.022159627
33,0,0,0.00483095645904541,0.965702,0.019227998,0.015070065
33,0,0,0.004393070936203003,0.9509245,0.030315883,0.018759672
33,0,0,0.011958420276641846,0.5728958,0.40580386,0.021300357
33,0,0,0.009039223194122314,0.5504265,0.42610317,0.023470303
33,0,0,0.014172852039337158,0.77692854,0.20912218,0.013949367
33,0,0,0.01485055685043335,0.7489057,0.2367741,0.014320342
33,0,0,0.023161768913269043,0.74083775,0.23494938,0.024212927
33,0,0,0.012459009885787964,0.859286,0.107155085,0.033558995
33,0,0,0.01045924425125122,0.82272387,0.16124232,0.016033977
33,0,0,0.006118506193161011,0.8984369,0.08625936,0.01530388
33,0,0,0.005978703498840332,0.9402238,0.041440167,0.018336117
33,0,0,0.00410836935043335,0.95405674,0.033892307,0.012051103
33,0,0,0.010367259383201599,0.9535584,0.032603394,0.013838244
33,0,0,0.002697557210922241,0.9639389,0.022450253,0.013611014
33,0,0,0.0084000825881958,0.90351546,0.082940504,0.01354411
33,0,0,0.019026875495910645,0.5595106,0.32648292,0.11400651
33,0,1,0.010282576084136963,0.30802894,0.6476214,0.044349767
33,0,0,0.015970051288604736,0.722811,0.24706922,0.030119993
33,0,0,0.01658397912979126,0.6572344,0.28392857,0.058837097
33,0,0,0.015697479248046875,0.5992337,0.30759448,0.09317186
33,0,0,0.014538049697875977,0.7489757,0.21008533,0.04093908
33,0,0,0.014413118362426758,0.699375,0.28518337,0.015441616
33,0,0,0.01628190279006958,0.7210676,0.2640245,0.014908022
33,0,0,0.00906980037689209,0.93127763,0.05165423,0.017068155
33,0,0,0.008934557437896729,0.8747055,0.10572155,0.01957307
33,0,0,0.013776183128356934,0.9095995,0.0725919,0.017808728
33,0,0,0.016032695770263672,0.8478114,0.10970237,0.042486288
33,0,0,0.014042973518371582,0.53301746,0.42862052,0.038362112
33,0,2,0.016245901584625244,0.3219478,0.13944396,0.5386083
33,0,0,0.02325505018234253,0.5541119,0.21370609,0.2321821
33,0,0,0.018236398696899414,0.5996541,0.34700662,0.053339295
33,0,0,0.015049576759338379,0.61821115,0.34631014,0.03547874
33,0,0,0.01664412021636963,0.74102503,0.23017885,0.028796194
33,0,0,0.012370705604553223,0.7756524,0.20913112,0.015216568
33,0,0,0.015419840812683105,0.70319694,0.27741712,0.019386027
33,0,0,0.026167631149291992,0.6509491,0.31806174,0.030989198
33,0,0,0.01940441131591797,0.49675944,0.4516562,0.051584426
33,0,0,0.01911759376525879,0.5285195,0.39836308,0.07311752
33,0,1,0.024875402450561523,0.4294546,0.46714038,0.103405155
33,0,1,0.023388683795928955,0.44724712,0.4747475,0.07800553
354,0,0,0.005543619394302368,0.9338646,0.05719983,0.008935622
354,0,0,0.012425482273101807,0.79870325,0.19017352,0.011123266
354,0,0,0.0075664520263671875,0.92405707,0.06908038,0.006862616
354,0,0,0.011363118886947632,0.9242946,0.06764896,0.008056575
354,0,0,0.005289167165756226,0.94769216,0.04453125,0.0077767293
354,0,0,0.012168824672698975,0.7791762,0.21248695,0.008337001
354,0,0,0.009086012840270996,0.7288223,0.26397556,0.0072022346
354,0,0,0.00407642126083374,0.94959533,0.0417511,0.0086536715
354,0,0,0.006711810827255249,0.95555377,0.0342058,0.010240589
354,0,0,0.0075685083866119385,0.9598038,0.028690556,0.011505633
354,0,0,0.00334969162940979,0.96302843,0.028348183,0.008623416
354,0,0,0.0039366185665130615,0.94470376,0.046455294,0.008841007
354,0,0,0.006517142057418823,0.94399023,0.045519028,0.010490904
354,0,0,0.0032073110342025757,0.96494466,0.021794736,0.013260658
354,0,0,0.008113205432891846,0.7211222,0.26122606,0.017651813
354,0,0,0.006011486053466797,0.7843954,0.20332499,0.012279674
354,0,0,0.005299776792526245,0.931062,0.06021186,0.008726181
354,0,0,0.004422292113304138,0.9582902,0.030257646,0.011452244
354,0,0,0.005219385027885437,0.9652041,0.024520775,0.010275171
354,0,0,0.005510926246643066,0.95798665,0.032055963,0.009957571
354,0,0,0.006253361701965332,0.9434039,0.046823487,0.009772678
354,0,0,0.004603266716003418,0.9444382,0.046699934,0.00886187
354,0,0,0.008255630731582642,0.872784,0.11794799,0.009268067
354,0,0,0.011303842067718506,0.65548307,0.32395402,0.02056287
354,0,0,0.013305604457855225,0.7748804,0.2078365,0.017283196
354,0,0,0.006489425897598267,0.9521387,0.033509158,0.01435226
354,0,0,0.006498709321022034,0.9564808,0.024564197,0.01895513
354,0,0,0.0073665231466293335,0.9463012,0.04429333,0.0094054835
354,0,0,0.005436807870864868,0.9515717,0.03765787,0.010770341
354,0,0,0.011194616556167603,0.91716176,0.0726317,0.010206616
354,0,0,0.012138932943344116,0.9082853,0.07813568,0.01357912
354,0,0,0.010806560516357422,0.596484,0.38635212,0.01716388
354,0,0,0.009409844875335693,0.62598383,0.36269993,0.011316333
354,0,0,0.00942295789718628,0.6772767,0.31482685,0.007896624
354,0,0,0.005391597747802734,0.93685204,0.051338412,0.011809603
354,0,0,0.007250800728797913,0.9555409,0.018466998,0.025992267
354,0,0,0.005814686417579651,0.9586851,0.025289554,0.016025363
354,0,0,0.01495736837387085,0.74263334,0.23266281,0.024703952
94,0,0,0.007129400968551636,0.9191752,0.058858633,0.021966236
94,0,0,0.007391422986984253,0.89625984,0.09648325,0.007256978
94,0,0,0.013991504907608032,0.92010057,0.06952635,0.010373067
94,0,1,0.014043152332305908,0.31400785,0.66284704,0.023145169
94,0,0,0.006968259811401367,0.9003463,0.08729702,0.012356816
94,0,0,0.007018357515335083,0.9331457,0.05815277,0.008701629
94,0,0,0.009854346513748169,0.8843747,0.104720466,0.01090496
94,0,0,0.016333818435668945,0.79657775,0.16107175,0.042350557
94,0,0,0.008168071508407593,0.9409201,0.04868596,0.010394006
94,0,0,0.009484291076660156,0.93052655,0.059889838,0.009583652
94,0,0,0.004962146282196045,0.95158213,0.032086045,0.01633187
94,0,0,0.007555574178695679,0.94082534,0.049151044,0.010023668
94,0,1,0.019383549690246582,0.3311385,0.345496,0.32336545
94,0,0,0.005438446998596191,0.95847946,0.028216155,0.0133044105
78,0,2,0.010190129280090332,0.12858,0.06067567,0.8107444
78,0,2,0.015733659267425537,0.3191306,0.051470287,0.6293992
78,0,0,0.013791263103485107,0.81744885,0.0893468,0.09320447
78,0,0,0.01347118616104126,0.7393184,0.025523659,0.23515809
78,0,0,0.007587730884552002,0.9203132,0.014610044,0.065076716
78,0,0,0.007037550210952759,0.944406,0.015993034,0.03960103
78,0,2,0.013175666332244873,0.4668471,0.017389588,0.5157634
78,0,0,0.013728171586990356,0.8995298,0.09322422,0.007246048
78,0,0,0.005515888333320618,0.9465528,0.039187666,0.01425959
78,0,0,0.015839815139770508,0.41667718,0.297831,0.2854918
355,0,0,0.007199302315711975,0.9609646,0.025617491,0.013417925
355,0,0,0.002349480986595154,0.96803606,0.021993723,0.0099702375
355,0,0,0.003930732607841492,0.9628089,0.026431356,0.010759782
355,0,0,0.00982692837715149,0.93516773,0.052219998,0.012612301
355,0,0,0.012506753206253052,0.9028262,0.090175204,0.00699876
355,0,0,0.006202682852745056,0.96305716,0.021517634,0.0154253
355,0,0,0.006357297301292419,0.9497569,0.03754157,0.012701504
355,0,0,0.007768720388412476,0.91248375,0.07294237,0.014574036
355,0,0,0.004480496048927307,0.9526343,0.030473432,0.016892383
355,0,0,0.005463719367980957,0.9545908,0.035219792,0.010189416
355,0,0,0.0076850950717926025,0.9473445,0.043025773,0.009629726
355,0,0,0.012603461742401123,0.70940894,0.25743496,0.033156205
355,0,0,0.010875284671783447,0.66684747,0.30788913,0.025263485
355,0,0,0.012160658836364746,0.71427107,0.2702867,0.015442286
371,0,2,0.008670151233673096,0.28373322,0.05212208,0.6641448
371,0,0,0.005328387022018433,0.94809943,0.032786507,0.01911415
371,0,0,0.02625429630279541,0.45288318,0.26711598,0.28000093
371,0,0,0.009427309036254883,0.90019166,0.07028282,0.029525537
371,0,0,0.008375406265258789,0.95426834,0.030509746,0.015222004
371,0,0,0.013401418924331665,0.8926784,0.04796545,0.05935628
371,0,2,0.018116891384124756,0.1199522,0.31324252,0.56680536
371,0,1,0.008443176746368408,0.27836576,0.70931935,0.012314923
371,0,0,0.009079128503799438,0.9472754,0.043783184,0.008941504
371,0,0,0.004827037453651428,0.9587573,0.03077936,0.010463501
371,0,0,0.0077054500579833984,0.80008066,0.19020706,0.00971234
371,0,0,0.013365864753723145,0.75087416,0.24220595,0.0069199866
371,0,1,0.015025496482849121,0.18594402,0.80760527,0.006450792
371,0,1,0.011984288692474365,0.27796775,0.7061779,0.015854416
351,0,2,0.012542963027954102,0.15187757,0.37237585,0.47574663
351,0,1,0.023949861526489258,0.29030216,0.6279408,0.08175716
351,0,1,0.017490923404693604,0.32929805,0.5657211,0.10498087
351,0,1,0.02116680145263672,0.41084412,0.5254888,0.06366712
351,0,1,0.015620172023773193,0.38906166,0.4969582,0.11398012
351,0,0,0.01262444257736206,0.83180887,0.023280121,0.1449111
351,0,2,0.011059790849685669,0.08014031,0.048186634,0.87167317
351,0,1,0.013615250587463379,0.27609816,0.6818205,0.042081453
351,0,0,0.004148215055465698,0.9539169,0.0149881095,0.031095011
351,0,0,0.008564203977584839,0.9297097,0.028085493,0.042204928
351,0,0,0.01276487112045288,0.57491297,0.4018904,0.023196682
351,0,0,0.007075518369674683,0.93642193,0.01645133,0.04712675
351,0,0,0.010499656200408936,0.6284443,0.028310467,0.34324524
351,0,0,0.0032708942890167236,0.9671533,0.017361773,0.015485016
351,0,0,0.0052664875984191895,0.94197583,0.040203627,0.017820628
351,0,0,0.01175639033317566,0.9125411,0.06608115,0.02137779
351,0,0,0.005989953875541687,0.94581085,0.0122537045,0.041935414
351,0,0,0.011264026165008545,0.90518963,0.08060413,0.014206395
351,0,0,0.004257380962371826,0.94837004,0.037808914,0.013821072
351,0,0,0.0075463056564331055,0.80350876,0.1856602,0.010831145
351,0,0,0.013263523578643799,0.71685946,0.2710647,0.012075907
351,0,1,0.010587692260742188,0.46113378,0.5298766,0.008989629
351,0,0,0.014975905418395996,0.7971,0.1884601,0.014440038
351,0,0,0.015980422496795654,0.69511706,0.24616912,0.05871392
62,0,2,0.01310819387435913,0.1378823,0.13356718,0.7285506
62,0,2,0.01207643747329712,0.14354886,0.12261069,0.7338405
62,0,0,0.01393347978591919,0.76516354,0.15850282,0.07633373
62,0,0,0.011129975318908691,0.8454294,0.13073912,0.02383154
62,0,0,0.007736027240753174,0.88456583,0.066362455,0.04907175
62,0,0,0.011158943176269531,0.84241796,0.13238914,0.025192972
62,0,0,0.01090654730796814,0.86966187,0.114016324,0.016321873
62,0,0,0.01396036148071289,0.5906393,0.046921637,0.36243922
62,0,2,0.009002625942230225,0.092915505,0.07358412,0.83350044
62,0,0,0.01566612720489502,0.7937774,0.19460045,0.011622228
62,0,0,0.011163055896759033,0.81648064,0.17279679,0.01072271
62,0,0,0.007426470518112183,0.92565644,0.055045336,0.019298328
62,0,0,0.014491021633148193,0.6384643,0.34765166,0.013884128
62,0,0,0.004186898469924927,0.9586613,0.029613059,0.011725738
62,0,0,0.005594730377197266,0.96022964,0.022191895,0.017578645
62,0,0,0.004531502723693848,0.9647822,0.019269658,0.01594834
170,1,1,0.0036622285842895508,0.014054523,0.9735451,0.012400518
170,1,1,0.00500941276550293,0.010910973,0.9751771,0.013911868
170,1,1,0.005173668265342712,0.04069163,0.9492608,0.010047744
170,1,1,0.004005566239356995,0.020235443,0.9711462,0.0086183725
170,1,1,0.00590883195400238,0.021716757,0.96750826,0.0107750725
170,1,1,0.0032055824995040894,0.012871113,0.97700113,0.010127825
170,1,1,0.002999439835548401,0.012321561,0.97448087,0.013197558
170,1,1,0.007282063364982605,0.03329181,0.95335025,0.0133581
170,1,1,0.003681361675262451,0.036920633,0.9540629,0.009016511
170,1,1,0.004965737462043762,0.027183583,0.9630833,0.009733296
170,1,1,0.004231706261634827,0.028673405,0.96286875,0.008458036
170,1,1,0.005220562219619751,0.02698566,0.9639047,0.009109741
170,1,1,0.004648953676223755,0.028283076,0.9612522,0.010464744
170,1,1,0.00537380576133728,0.024592603,0.9643168,0.011090658
170,1,1,0.003172650933265686,0.0149270715,0.97304726,0.012025793
170,1,1,0.003950148820877075,0.01229913,0.9714844,0.016216446
170,1,1,0.0041055381298065186,0.017768148,0.9662168,0.01601512
170,1,1,0.008720755577087402,0.052720018,0.93435395,0.012926099
170,1,1,0.00679779052734375,0.033361103,0.9575728,0.009066185
170,1,1,0.004830718040466309,0.031460937,0.95924366,0.00929553
170,1,1,0.0050637125968933105,0.03250029,0.9585264,0.008973478
170,1,1,0.007415443658828735,0.040550068,0.95032567,0.009124279
170,1,1,0.006045877933502197,0.03745635,0.9522297,0.010314049
170,1,1,0.0037309229373931885,0.027140187,0.9629975,0.009862471
170,1,1,0.005949869751930237,0.031669363,0.9567857,0.011545108
170,1,1,0.004507854580879211,0.023607878,0.9619445,0.014447676
170,1,1,0.005688846111297607,0.04050145,0.9386837,0.020814924
170,1,1,0.00766986608505249,0.03962222,0.8495683,0.110809594
170,1,1,0.01700630784034729,0.08053787,0.9017974,0.017664848
170,1,1,0.007276773452758789,0.03937656,0.94953233,0.011091112
170,1,1,0.003718465566635132,0.03271965,0.9583379,0.008942604
170,1,1,0.006035208702087402,0.05056685,0.9387989,0.010634402
170,1,1,0.010060057044029236,0.04990545,0.94009674,0.009997987
170,1,1,0.0022052377462387085,0.023647966,0.96979564,0.00655649
170,1,1,0.004601478576660156,0.024915367,0.96433043,0.0107542835
170,1,1,0.009062081575393677,0.030362451,0.95685047,0.012787127
170,1,1,0.013169944286346436,0.027011868,0.8934218,0.07956634
170,1,1,0.014870285987854004,0.041226465,0.8116912,0.14708248
170,1,1,0.025464385747909546,0.055400588,0.85197717,0.09262224
170,1,1,0.004249855875968933,0.026643412,0.9580242,0.015332388
170,1,1,0.006759017705917358,0.033962227,0.9538244,0.01221336
170,1,1,0.007254257798194885,0.044042423,0.94628316,0.0096744625
170,1,1,0.003982529044151306,0.04373511,0.94643074,0.009834135
170,1,1,0.003942936658859253,0.03963944,0.9505295,0.009831191
170,1,1,0.0033646374940872192,0.022113077,0.9703297,0.0075572156
170,1,1,0.006577134132385254,0.028580058,0.9584242,0.01299573
170,1,1,0.006352275609970093,0.06023358,0.922471,0.017295547
170,1,1,0.007116764783859253,0.03541523,0.93266594,0.03191896
170,1,1,0.009259551763534546,0.05057572,0.9174321,0.03199227
170,1,1,0.006294339895248413,0.043109495,0.93775314,0.01913741
170,1,1,0.00710943341255188,0.035595644,0.9519961,0.012408332
170,1,1,0.0032039284706115723,0.037759077,0.9538029,0.00843816
170,1,1,0.003119334578514099,0.028575268,0.9624572,0.008967742
170,1,1,0.016132891178131104,0.050050046,0.54010856,0.40984148
170,1,1,0.009805142879486084,0.038450684,0.89946944,0.062079895
170,1,1,0.007621705532073975,0.03684057,0.914531,0.048628535
170,1,1,0.009580940008163452,0.043721117,0.90864694,0.047632024
170,1,2,0.0064539313316345215,0.04019206,0.046971716,0.9128363
48,1,0,0.010458171367645264,0.791358,0.045252994,0.16338916
48,1,0,0.005942672491073608,0.8828808,0.102765456,0.0143538555
48,1,0,0.009550511837005615,0.63466823,0.35511628,0.010215482
48,1,1,0.009653329849243164,0.33592767,0.65305,0.011022309
48,1,0,0.014567017555236816,0.6761793,0.3066127,0.017208058
146,1,1,0.005283534526824951,0.016774531,0.97202635,0.011199121
146,1,1,0.008972764015197754,0.019343173,0.9645634,0.016093517
146,1,1,0.010894596576690674,0.015497728,0.8211744,0.16332793
146,1,1,0.005815744400024414,0.02222568,0.96647364,0.011300867
146,1,1,0.002653852105140686,0.021934208,0.9689181,0.0091477195
146,1,1,0.004181966185569763,0.021559605,0.97011316,0.00832728
146,1,1,0.003214433789253235,0.014548263,0.9760618,0.009390005
146,1,1,0.004435509443283081,0.017635139,0.969776,0.0125889825
146,1,1,0.006573468446731567,0.039437518,0.92017955,0.040382996
146,1,1,0.007550686597824097,0.013744428,0.8501025,0.13615316
146,1,1,0.0031889677047729492,0.014056419,0.9765488,0.0093948515
146,1,1,0.002230599522590637,0.013652237,0.97626,0.010087811
146,1,1,0.0032710283994674683,0.018697489,0.9722728,0.009029811
146,1,1,0.002939864993095398,0.019344648,0.96814835,0.012507084
146,1,1,0.008007526397705078,0.03321201,0.8278501,0.13893794
146,1,2,0.010187596082687378,0.060391385,0.068104185,0.8715045
146,1,2,0.009108543395996094,0.028375588,0.17098857,0.800636
146,1,1,0.012318849563598633,0.020469941,0.7851611,0.19436911
146,1,1,0.009298622608184814,0.020562889,0.81160486,0.16783242
146,1,2,0.0189322829246521,0.028613465,0.47538036,0.49600628
146,1,2,0.0067407190799713135,0.029703427,0.08193786,0.88835883
227,1,1,0.003944307565689087,0.030475577,0.9593977,0.010126781
227,1,1,0.008794546127319336,0.09620204,0.8804792,0.023318823
227,1,1,0.012186706066131592,0.12995498,0.82187,0.048175078
227,1,1,0.0045811086893081665,0.022781637,0.9559404,0.021277988
227,1,1,0.005451172590255737,0.023622146,0.9545578,0.02182023
227,1,1,0.005558758974075317,0.0349797,0.9510013,0.014019009
227,1,1,0.0044951289892196655,0.04832163,0.9414861,0.010192302
227,1,1,0.009362071752548218,0.07266004,0.91420513,0.013134983
227,1,1,0.00783345103263855,0.06605804,0.9200118,0.013930243
227,1,1,0.01174849271774292,0.04747092,0.8289761,0.1235531
227,1,1,0.012014657258987427,0.059437852,0.9087347,0.031827506
227,1,1,0.007838711142539978,0.038509052,0.94417816,0.01731289
227,1,1,0.004391670227050781,0.016859751,0.9634714,0.019668927
227,1,1,0.0029873549938201904,0.027043527,0.95969003,0.013266552
227,1,1,0.009136289358139038,0.046292786,0.9425772,0.011130122
227,1,1,0.004675537347793579,0.043843355,0.940503,0.015653696
227,1,1,0.013039886951446533,0.1534997,0.82774436,0.018756013
227,1,1,0.01604282855987549,0.15646924,0.7650117,0.07851914
227,1,1,0.019786417484283447,0.16193265,0.6139676,0.22409981
227,1,1,0.010772854089736938,0.06809011,0.89447206,0.03743795
227,1,1,0.0049563199281692505,0.02017845,0.95974195,0.02007969
227,1,1,0.0066332221031188965,0.031909898,0.95575094,0.012339163
227,1,1,0.01170031726360321,0.050063863,0.93851006,0.011426175
227,1,1,0.017689406871795654,0.10964066,0.79714775,0.09321164
227,1,1,0.017718493938446045,0.1576446,0.7533769,0.08897857
227,1,0,0.020366191864013672,0.45089635,0.34372997,0.20537372
227,1,1,0.006717085838317871,0.04086031,0.93114364,0.027996067
227,1,1,0.005062013864517212,0.030295977,0.95683247,0.012871591
227,1,1,0.003553912043571472,0.023104005,0.96338594,0.0135102
227,1,2,0.02267146110534668,0.32198563,0.25262684,0.42538756
227,1,0,0.013108611106872559,0.75171465,0.16712582,0.081159666
227,1,1,0.023350059986114502,0.042585526,0.67983884,0.27757567
227,1,1,0.02144622802734375,0.032922953,0.7869174,0.18015982
227,1,1,0.016439616680145264,0.02613013,0.7577867,0.21608329
310,1,1,0.009126901626586914,0.021177702,0.80151516,0.17730717
310,1,1,0.005797907710075378,0.011368737,0.96769804,0.020933291
310,1,1,0.003057241439819336,0.011658889,0.9710372,0.017303985
310,1,1,0.007089793682098389,0.016440697,0.9279837,0.055575587
310,1,2,0.008035510778427124,0.054255,0.07019894,0.8755461
310,1,1,0.004979521036148071,0.013587936,0.9410668,0.04534537
310,1,1,0.008753210306167603,0.015179102,0.906722,0.07809902
310,1,1,0.0025324076414108276,0.0157445,0.9718666,0.012388923
310,1,1,0.006002575159072876,0.02029166,0.9650117,0.014696658
310,1,2,0.00484234094619751,0.035093684,0.1516932,0.8132132
310,1,2,0.010443627834320068,0.030182015,0.1297734,0.8400447
215,1,1,0.0037599503993988037,0.037274715,0.95698255,0.005742867
215,1,1,0.00683826208114624,0.019633422,0.9461012,0.034265485
215,1,1,0.010265171527862549,0.10112009,0.8888055,0.010074457
215,1,1,0.011595815420150757,0.11345953,0.8757718,0.010768718
215,1,1,0.0054494887590408325,0.04996047,0.94124967,0.008789905
215,1,1,0.005615666508674622,0.038927164,0.9488096,0.012263261
215,1,1,0.015151679515838623,0.039827924,0.9448328,0.015339373
215,1,1,0.013465583324432373,0.071905285,0.91813135,0.0099634165
215,1,1,0.013221412897109985,0.10892348,0.87945336,0.011623164
215,1,1,0.009261220693588257,0.09132758,0.89860946,0.010062963
215,1,1,0.007870197296142578,0.056121185,0.9327844,0.011094513
215,1,1,0.009016871452331543,0.062176246,0.9256368,0.012186972
215,1,1,0.00795602798461914,0.055892438,0.9324177,0.011689924
215,1,1,0.006157815456390381,0.055427946,0.93333685,0.011235221
215,1,1,0.007254496216773987,0.0257365,0.94658357,0.027680026
215,1,1,0.008404761552810669,0.06814492,0.9221154,0.0097397035
215,1,1,0.009620815515518188,0.058256518,0.93246263,0.009280936
215,1,1,0.007134854793548584,0.07156202,0.91659313,0.011844749
215,1,1,0.008780241012573242,0.07389885,0.91404575,0.012055512
215,1,1,0.008546561002731323,0.06480493,0.9244562,0.010738977
215,1,1,0.010431051254272461,0.060307343,0.9297043,0.009988357
215,1,1,0.005837947130203247,0.06219416,0.9271164,0.010689568
215,1,1,0.010197624564170837,0.038532462,0.94608516,0.015382508
215,1,1,0.00757145881652832,0.0642441,0.9258407,0.009915274
215,1,1,0.007109910249710083,0.0890096,0.89914095,0.011849523
215,1,1,0.014620035886764526,0.09548011,0.8867784,0.017741522
215,1,1,0.008602827787399292,0.07266513,0.91431254,0.013022448
215,1,1,0.004102975130081177,0.046256077,0.94247776,0.011266293
215,1,1,0.01008579134941101,0.057250295,0.9291601,0.013589665
215,1,1,0.007071822881698608,0.04199995,0.9430194,0.014980779
215,1,1,0.007794111967086792,0.054930754,0.9298045,0.015264793
215,1,1,0.019165456295013428,0.1811727,0.7672694,0.051558077
215,1,2,0.008012086153030396,0.06631169,0.025805455,0.90788287
20,1,0,0.016325294971466064,0.52637273,0.094167724,0.37945962
20,1,1,0.005133688449859619,0.02123408,0.9602456,0.018520381
20,1,2,0.016365647315979004,0.14791736,0.2749967,0.57708603
20,1,1,0.012693464756011963,0.25053325,0.58661926,0.16284755
358,1,1,0.007003337144851685,0.07699571,0.9139381,0.009066259
358,1,1,0.01104801893234253,0.09718012,0.89055604,0.012263981
358,1,1,0.014056593179702759,0.090460666,0.898797,0.010742454
358,1,1,0.0040679872035980225,0.046607234,0.9437822,0.009610603
358,1,1,0.006398245692253113,0.03806775,0.9526997,0.009232612
358,1,1,0.012060314416885376,0.06727068,0.9228894,0.009839989
358,1,1,0.010892033576965332,0.083468005,0.9046761,0.011855949
358,1,1,0.007951438426971436,0.11183838,0.8754323,0.012729411
358,1,1,0.00644373893737793,0.05904098,0.9318357,0.009123434
358,1,1,0.007680058479309082,0.05757204,0.93411535,0.008312724
358,1,1,0.007328718900680542,0.06690214,0.9232934,0.009804521
358,1,1,0.0059590935707092285,0.048738766,0.9388812,0.012380135
358,1,1,0.01022648811340332,0.08731344,0.897289,0.01539764
358,1,1,0.007039487361907959,0.06846272,0.91960704,0.011930455
358,1,1,0.012077569961547852,0.14689533,0.8386169,0.014487806
358,1,1,0.006509870290756226,0.09339014,0.89726555,0.009344446
358,1,1,0.01017335057258606,0.09369807,0.8969418,0.009360165
358,1,1,0.009118795394897461,0.0979854,0.89061224,0.011402401
358,1,1,0.012059986591339111,0.08730522,0.79851186,0.11418297
358,1,1,0.01236659288406372,0.09928682,0.8909564,0.009756874
358,1,1,0.004669874906539917,0.07047829,0.916016,0.0135057755
358,1,1,0.013026624917984009,0.06860141,0.91627365,0.015124951
358,1,1,0.01264527440071106,0.08196213,0.9068785,0.011159488
358,1,1,0.014140009880065918,0.10520644,0.8789462,0.015847448
358,1,1,0.007990449666976929,0.102393955,0.88479596,0.012810177
358,1,1,0.00754547119140625,0.07122277,0.9042993,0.024477953
358,1,1,0.005863279104232788,0.047544025,0.9421178,0.010338315
358,1,1,0.005285978317260742,0.039286725,0.9496712,0.01104211
358,1,1,0.007758378982543945,0.09468861,0.8922499,0.01306159
358,1,1,0.01531556248664856,0.099887885,0.88719696,0.012915212
358,1,1,0.00586208701133728,0.058634017,0.9322808,0.009085258
358,1,1,0.009973287582397461,0.06013281,0.93061894,0.009248285
358,1,2,0.0240592360496521,0.06446825,0.2541488,0.68138295
359,1,1,0.00883704423904419,0.14164637,0.84497774,0.013375972
359,1,1,0.009619921445846558,0.11661647,0.8717223,0.011661347
359,1,1,0.008466601371765137,0.12939467,0.85825795,0.012347475
359,1,1,0.008138805627822876,0.086458646,0.9026491,0.010892425
359,1,1,0.017351090908050537,0.18106632,0.801926,0.017007709
359,1,1,0.016171634197235107,0.29675415,0.6823019,0.020944044
359,1,1,0.00863233208656311,0.13368423,0.85638785,0.009927995
359,1,1,0.010891318321228027,0.094279885,0.89461553,0.011104659
359,1,1,0.008935868740081787,0.07331707,0.91484153,0.011841451
359,1,1,0.005785852670669556,0.061848782,0.9292545,0.008896822
359,1,1,0.01127701997756958,0.10174462,0.88817847,0.010076935
359,1,1,0.012257754802703857,0.19762874,0.78782296,0.014548373
359,1,1,0.010313928127288818,0.045408357,0.90905994,0.045531802
359,1,1,0.00650063157081604,0.03104008,0.96033776,0.008622281
359,1,1,0.0108431875705719,0.06774557,0.9223999,0.009854592
359,1,1,0.011518895626068115,0.07304581,0.9159385,0.0110157095
359,1,1,0.006797164678573608,0.07299635,0.914775,0.012228715
359,1,1,0.01326972246170044,0.11195349,0.874904,0.013142696
359,1,1,0.013280689716339111,0.2159826,0.7711516,0.012865915
359,1,2,0.02561008930206299,0.14154212,0.32978147,0.5286764
359,1,1,0.0037794262170791626,0.011915618,0.9630919,0.024992555
359,1,1,0.006223022937774658,0.037717737,0.95162356,0.01065876
359,1,1,0.005435734987258911,0.029655563,0.9614175,0.0089269895
359,1,1,0.006628438830375671,0.040134586,0.9516349,0.008230605
359,1,1,0.011280626058578491,0.07090798,0.92046285,0.008629211
359,1,1,0.016882598400115967,0.17923771,0.5920025,0.22875988
359,1,1,0.004790008068084717,0.017812593,0.9730438,0.009143625
359,1,1,0.0032486170530319214,0.012461079,0.9643683,0.023170682
359,1,1,0.005351245403289795,0.020048963,0.960569,0.019382076
359,1,1,0.012489140033721924,0.04180868,0.51345086,0.44474056
359,1,2,0.0028952360153198242,0.03681688,0.020433249,0.94275
359,1,2,0.004901528358459473,0.0470446,0.02500667,0.92794883
141,1,1,0.003727450966835022,0.01503144,0.94998705,0.034981605
141,1,1,0.004234179854393005,0.014521032,0.97126573,0.014213352
141,1,1,0.005321621894836426,0.01271988,0.9641298,0.023150433
141,1,1,0.0026432573795318604,0.015494255,0.974878,0.009627853
141,1,1,0.004046216607093811,0.024019089,0.96549314,0.010487793
141,1,1,0.0057010650634765625,0.017898772,0.97083694,0.011264407
141,1,1,0.011500626802444458,0.012865368,0.89162564,0.09550902
141,1,1,0.007643267512321472,0.015581156,0.965209,0.019209906
141,1,1,0.00621485710144043,0.03300646,0.930735,0.03625858
162,2,2,0.01275491714477539,0.105499156,0.17024072,0.7242603
162,2,2,0.0062255859375,0.0458513,0.07357013,0.8805786
162,2,2,0.012436747550964355,0.15488334,0.18034707,0.6647697
162,2,2,0.013999640941619873,0.21738437,0.22877963,0.5538361
162,2,2,0.017843246459960938,0.31120595,0.3089423,0.3798518
162,2,1,0.005512312054634094,0.016276585,0.964774,0.018949514
162,2,2,0.005999207496643066,0.047252197,0.04533685,0.907411
162,2,2,0.014178752899169922,0.1746264,0.114201784,0.71117187
162,2,2,0.019295573234558105,0.21723253,0.097865,0.6849026
162,2,1,0.016032159328460693,0.05366604,0.61013746,0.33619657
162,2,2,0.010479211807250977,0.05673424,0.040516328,0.90274954
162,2,2,0.017931878566741943,0.16908702,0.15776353,0.6731496
162,2,0,0.02036464214324951,0.46415383,0.2054503,0.33039597
162,2,2,0.010307639837265015,0.034249518,0.076119624,0.88963085
162,2,2,0.006902039051055908,0.022966009,0.0461452,0.93088895
162,2,2,0.008067041635513306,0.04832831,0.059847213,0.8918246
162,2,2,0.008087337017059326,0.07504142,0.06880679,0.8561519
162,2,2,0.005577296018600464,0.036978204,0.034847975,0.9281739
162,2,2,0.0075325071811676025,0.037258204,0.029615996,0.9331258
162,2,2,0.009689152240753174,0.04852437,0.03085731,0.92061836
162,2,2,0.005842864513397217,0.066674516,0.045453094,0.8878726
162,2,2,0.006970643997192383,0.03396981,0.03034384,0.9356864
162,2,2,0.008477449417114258,0.14469688,0.030410629,0.8248926
162,2,2,0.008198648691177368,0.05797089,0.044571962,0.89745724
162,2,1,0.01677483320236206,0.44614512,0.46479774,0.08905719
173,2,2,0.0028476715087890625,0.036550503,0.009055747,0.9543938
173,2,2,0.006168290972709656,0.035733823,0.009356917,0.9549094
173,2,2,0.011882781982421875,0.08651477,0.05557504,0.85791034
173,2,2,0.010180294513702393,0.42039016,0.011221027,0.5683888
173,2,2,0.007882386445999146,0.100136794,0.008159116,0.8917042
173,2,2,0.00281369686126709,0.05985636,0.011437999,0.9287057
173,2,2,0.007335543632507324,0.10000124,0.033723414,0.86627555
193,2,2,0.003669753670692444,0.03184914,0.01784255,0.9503083
193,2,2,0.00519406795501709,0.027723892,0.012258993,0.96001726
193,2,2,0.004756465554237366,0.032052685,0.016739726,0.9512076
193,2,2,0.0047325193881988525,0.019739976,0.020915484,0.9593446
193,2,2,0.004322990775108337,0.027093722,0.015121849,0.95778453
243,2,0,0.012395679950714111,0.6584445,0.28542444,0.05613109
243,2,2,0.010061860084533691,0.025122602,0.35768512,0.6171924
243,2,2,0.0034767985343933105,0.03094628,0.041963827,0.92709
243,2,2,0.0076631903648376465,0.055307925,0.037834235,0.90685797
243,2,2,0.0082760751247406,0.076317236,0.04478647,0.8788964
243,2,0,0.03175097703933716,0.5383201,0.32731602,0.13436392
243,2,2,0.007846206426620483,0.031080663,0.034284763,0.9346346
243,2,2,0.004860103130340576,0.029809255,0.025721729,0.9444691
243,2,2,0.007425755262374878,0.03166556,0.023796305,0.9445382
243,2,2,0.006004542112350464,0.029983884,0.022496155,0.94752
243,2,2,0.005280345678329468,0.0357337,0.028639367,0.93562704
243,2,2,0.006032854318618774,0.035277326,0.029823167,0.93489957
243,2,2,0.007577747106552124,0.064867854,0.051510625,0.88362163
243,2,2,0.014776349067687988,0.2151593,0.107398115,0.67744267
243,2,2,0.004394501447677612,0.021885078,0.04975363,0.9283613
243,2,2,0.003572911024093628,0.019458635,0.028122352,0.9524191
243,2,2,0.003517627716064453,0.026326064,0.021333592,0.9523404
243,2,2,0.00581870973110199,0.025072489,0.021732207,0.9531954
243,2,2,0.0067175328731536865,0.025522623,0.024758192,0.9497193
243,2,2,0.005338549613952637,0.030648757,0.026164357,0.943187
243,2,0,0.013013064861297607,0.52621365,0.37864977,0.09513662
243,2,2,0.0050986409187316895,0.016093794,0.050844617,0.9330618
243,2,2,0.00392991304397583,0.029557934,0.026393177,0.9440489
243,2,2,0.0043611079454422,0.031515177,0.023173453,0.9453115
243,2,2,0.003421694040298462,0.03425243,0.02092358,0.94482404
243,2,2,0.004580274224281311,0.029608006,0.017232036,0.95316
243,2,2,0.0073739588260650635,0.03408532,0.024534753,0.94138
243,2,2,0.007029920816421509,0.03329962,0.019204754,0.9474957
243,2,2,0.006385698914527893,0.031284988,0.022691494,0.9460236
243,2,2,0.010370075702667236,0.021692982,0.06460464,0.9137024
243,2,2,0.006873801350593567,0.033191856,0.019010115,0.9477981
243,2,2,0.007291808724403381,0.02628308,0.02302319,0.9506938
243,2,2,0.005521297454833984,0.030843813,0.027572151,0.94158405
243,2,2,0.006164982914924622,0.03472868,0.017234838,0.94803655
243,2,2,0.0037594735622406006,0.03512041,0.022179697,0.94269997
243,2,2,0.00344279408454895,0.03976879,0.025340084,0.93489116
243,2,2,0.004743695259094238,0.03642873,0.027384777,0.93618643
243,2,2,0.0056066811084747314,0.0389238,0.022922395,0.93815386
243,2,2,0.0062941014766693115,0.017256696,0.10635471,0.87638867
243,2,2,0.006195560097694397,0.023396375,0.026980296,0.94962335
243,2,2,0.005092203617095947,0.021538751,0.0391669,0.9392944
243,2,2,0.006864443421363831,0.025769414,0.025949402,0.9482813
243,2,2,0.004939422011375427,0.02896481,0.024969274,0.946066
243,2,2,0.006212443113327026,0.02790892,0.029707635,0.9423835
243,2,2,0.004284560680389404,0.03538428,0.022184128,0.9424316
243,2,2,0.0068898797035217285,0.037386768,0.022899289,0.9397141
243,2,2,0.003413170576095581,0.029622465,0.017940182,0.95243746
243,2,1,0.0029848963022232056,0.01731076,0.95567656,0.027012749
243,2,2,0.014023393392562866,0.023978917,0.120953456,0.85506773
243,2,2,0.005709618330001831,0.03274311,0.04156208,0.9256949
243,2,2,0.0050987303256988525,0.027972436,0.039975334,0.93205225
243,2,2,0.00442737340927124,0.032087106,0.02003011,0.94788283
243,2,2,0.009286999702453613,0.033540323,0.020670088,0.94578964
243,2,2,0.005711972713470459,0.028837327,0.03470465,0.9364581
172,2,2,0.012611567974090576,0.25131142,0.012246671,0.73644197
172,2,2,0.014487147331237793,0.39728937,0.015388201,0.58732253
172,2,0,0.021284043788909912,0.6845229,0.033366878,0.28211033
172,2,0,0.007508218288421631,0.842494,0.015470787,0.14203529
172,2,0,0.012177348136901855,0.5045016,0.014175883,0.4813227
172,2,2,0.00665891170501709,0.052779507,0.013924206,0.9332963
172,2,0,0.00399211049079895,0.94558287,0.009230583,0.04518665
172,2,0,0.0049826353788375854,0.9633709,0.0106213065,0.026007839
195,2,2,0.01993858814239502,0.13405114,0.14451905,0.7214299
195,2,2,0.009545773267745972,0.0625577,0.068734236,0.86870813
195,2,2,0.0061661601066589355,0.062906824,0.021911142,0.9151821
195,2,2,0.01110529899597168,0.1236293,0.022759616,0.85361105
195,2,2,0.010048449039459229,0.21609478,0.027832415,0.7560728
27,2,0,0.007531106472015381,0.9174423,0.03720702,0.04535084
27,2,0,0.011055797338485718,0.88692635,0.040542565,0.07253114
27,2,0,0.01585710048675537,0.5206883,0.43698582,0.04232593
27,2,0,0.02394282817840576,0.44056723,0.2732805,0.28615227
27,2,0,0.018927454948425293,0.4205411,0.29021952,0.2892395
27,2,0,0.021149098873138428,0.82027364,0.1115354,0.06819103
27,2,1,0.017962753772735596,0.33033106,0.56466955,0.104999475
27,2,1,0.014289140701293945,0.30337444,0.66040045,0.03622521
27,2,0,0.01989966630935669,0.57151,0.3751013,0.05338872
27,2,0,0.01769566535949707,0.47373316,0.37528855,0.15097827
208,2,0,0.003535538911819458,0.9652475,0.018509181,0.016243339
208,2,0,0.00582452118396759,0.9643033,0.01919826,0.016498504
208,2,0,0.005021840333938599,0.958591,0.013248656,0.02816038
208,2,0,0.009918034076690674,0.8538711,0.015521083,0.1306079
208,2,0,0.00830620527267456,0.7101872,0.017323114,0.27248976
208,2,2,0.009196877479553223,0.103684984,0.017540313,0.8787748
208,2,0,0.00910329818725586,0.84435856,0.009082871,0.14655861
208,2,2,0.011866748332977295,0.31303146,0.011563929,0.6754047
208,2,2,0.01528942584991455,0.46025413,0.042555735,0.49719018
208,2,0,0.013264983892440796,0.9188682,0.02554549,0.05558649
208,2,0,0.006524622440338135,0.90436935,0.032094643,0.06353618
208,2,2,0.015250563621520996,0.39001578,0.031416006,0.57856834
208,2,0,0.011469900608062744,0.79234767,0.022365393,0.18528707
309,2,2,0.007252335548400879,0.0362061,0.053246133,0.91054785
309,2,2,0.010430067777633667,0.041513655,0.057599872,0.90088665
309,2,1,0.005648970603942871,0.014970203,0.8150129,0.17001699
309,2,1,0.014358818531036377,0.028877081,0.64476186,0.32636106
309,2,2,0.009088873863220215,0.029728003,0.28498247,0.6852896
309,2,2,0.010045260190963745,0.042506482,0.089014135,0.86847943
309,2,1,0.010794103145599365,0.01963486,0.7155982,0.26476702
216,2,2,0.004949033260345459,0.023765495,0.023047509,0.95318705
216,2,2,0.01146388053894043,0.036925815,0.06308082,0.8999934
216,2,2,0.0034390687942504883,0.023899911,0.0140484795,0.96205175
216,2,2,0.0034769773483276367,0.026695939,0.009973498,0.9633306
216,2,2,0.007381796836853027,0.023047563,0.014907034,0.96204555
216,2,2,0.006618231534957886,0.039366987,0.016593657,0.94403946
216,2,2,0.004948616027832031,0.038508262,0.009645319,0.9518465
216,2,2,0.006240248680114746,0.025920969,0.015181989,0.95889705
216,2,2,0.00838574767112732,0.07276429,0.022491708,0.90474415
216,2,2,0.0051907747983932495,0.022550913,0.02445627,0.9529929
216,2,2,0.00646480917930603,0.021776231,0.043661065,0.93456274
216,2,2,0.005776524543762207,0.061965913,0.029164812,0.9088694
216,2,2,0.007607191801071167,0.02604507,0.042164475,0.9317906
216,2,2,0.007948696613311768,0.0334706,0.053093962,0.9134355
192,2,2,0.006772458553314209,0.023291409,0.060832873,0.91587573
192,2,2,0.005790054798126221,0.040619176,0.09943419,0.8599467
192,2,2,0.009636223316192627,0.021125289,0.042311985,0.93656284
192,2,2,0.0054156482219696045,0.018531157,0.019865116,0.9616038
192,2,2,0.004445374011993408,0.026670538,0.019406281,0.9539233
192,2,2,0.003528282046318054,0.02343917,0.010771476,0.9657894
192,2,2,0.002992182970046997,0.019785337,0.012659927,0.9675548
223,2,2,0.007994294166564941,0.06287891,0.0613097,0.8758115
223,2,2,0.010178893804550171,0.07091452,0.05477705,0.8743085
223,2,2,0.015888869762420654,0.18977638,0.17438178,0.63584185
223,2,2,0.011291861534118652,0.07133743,0.10903398,0.8196286
223,2,2,0.011969506740570068,0.07999824,0.07308923,0.84691256
223,2,2,0.008220523595809937,0.05701818,0.0443895,0.8985924
223,2,2,0.010353773832321167,0.07015065,0.052350078,0.8774994
223,2,2,0.0076021552085876465,0.021627162,0.054657288,0.9237157
223,2,2,0.009308159351348877,0.034226235,0.36071548,0.6050584
223,2,2,0.008352100849151611,0.041791763,0.118843116,0.83936524
223,2,2,0.007506668567657471,0.08933505,0.15664609,0.754019
223,2,2,0.014908552169799805,0.06840929,0.09780507,0.83378565
223,2,2,0.00703275203704834,0.04661768,0.053290326,0.90009207
223,2,2,0.007975280284881592,0.028949007,0.034198698,0.93685234
223,2,2,0.008982658386230469,0.120687775,0.07071213,0.8086002
223,2,2,0.004060924053192139,0.015629716,0.025907489,0.95846283
223,2,2,0.008845210075378418,0.061716985,0.036547914,0.9017353
223,2,2,0.0072973668575286865,0.04267647,0.042132538,0.915191
223,2,2,0.005359217524528503,0.024404693,0.030309271,0.9452861
223,2,2,0.006448715925216675,0.07757349,0.023210224,0.89921635
223,2,2,0.018180787563323975,0.097366326,0.06022007,0.84241366
223,2,2,0.011456191539764404,0.08002545,0.05218242,0.8677922
223,2,2,0.00841870903968811,0.054251067,0.038607024,0.9071421
223,2,2,0.005898535251617432,0.028693894,0.0449416,0.92636454
223,2,2,0.012209057807922363,0.06382128,0.09047931,0.8456995
223,2,2,0.006505519151687622,0.077392705,0.031668957,0.8909384
223,2,2,0.010572612285614014,0.06849571,0.027795684,0.90370864
223,2,2,0.017168819904327393,0.25075436,0.0685254,0.6807203
223,2,2,0.018560290336608887,0.24936949,0.08194339,0.66868716
223,2,2,0.012027204036712646,0.20858876,0.063666865,0.72774446
223,2,2,0.009209156036376953,0.11699747,0.042662736,0.84033984
223,2,2,0.00857532024383545,0.055981535,0.027947305,0.91607124
223,2,2,0.010278195142745972,0.09826382,0.032381464,0.8693547
223,2,2,0.009102404117584229,0.10673499,0.032086164,0.861179
223,2,2,0.008552134037017822,0.1981216,0.054827753,0.74705064
223,2,2,0.012727975845336914,0.1602167,0.06735678,0.7724266
223,2,2,0.006658375263214111,0.09342659,0.026548317,0.88002515
325,2,2,0.0078112781047821045,0.031121058,0.06821579,0.90066326
325,2,2,0.011117398738861084,0.03373426,0.08619385,0.88007194
325,2,2,0.006833434104919434,0.029626174,0.08697468,0.8833992
325,2,2,0.00860336422920227,0.03022936,0.04002857,0.9297421
325,2,2,0.007538259029388428,0.030173613,0.05230646,0.9175199
325,2,2,0.007012367248535156,0.026656996,0.03705191,0.9362911
325,2,2,0.009909123182296753,0.035149664,0.06517883,0.8996716
325,2,2,0.009336233139038086,0.05398113,0.041262917,0.90475607
325,2,2,0.006870776414871216,0.025542738,0.033720545,0.9407369
325,2,2,0.0041044652462005615,0.03321859,0.02954126,0.9372402
325,2,2,0.005942702293395996,0.042264074,0.043882925,0.91385317
325,2,2,0.006342023611068726,0.042326808,0.037271157,0.9204021
286,2,2,0.006734937429428101,0.04072192,0.057725277,0.90155286
286,2,2,0.0047975629568099976,0.026596675,0.026626648,0.94677675
286,2,2,0.0043048858642578125,0.041472904,0.026690988,0.9318361
286,2,2,0.007805347442626953,0.024360495,0.07537618,0.90026337
286,2,2,0.007966071367263794,0.04802715,0.020303737,0.93166924
286,2,2,0.010934144258499146,0.020407727,0.13903892,0.8405534
171,2,2,0.004366159439086914,0.026954904,0.010557553,0.96248764
171,2,2,0.0071690380573272705,0.05249185,0.042391956,0.90511626
171,2,2,0.0063880980014801025,0.08562365,0.017738393,0.89663804
171,2,2,0.003554239869117737,0.030913869,0.012623173,0.95646304
171,2,2,0.008122920989990234,0.09175772,0.0203848,0.8878576
171,2,1,0.013968944549560547,0.1511483,0.8128113,0.036040474
171,2,2,0.005775779485702515,0.1192855,0.029281246,0.85143334
171,2,2,0.008887678384780884,0.1346166,0.009810983,0.85557264
225,2,1,0.018015027046203613,0.2343732,0.45663342,0.3089935
225,2,1,0.0130995512008667,0.042167783,0.583124,0.37470827
225,2,1,0.02111715078353882,0.19085105,0.60399526,0.20515373
225,2,2,0.01034247875213623,0.020177031,0.24241325,0.7374098
225,2,2,0.008833467960357666,0.022289386,0.43779847,0.53991216
225,2,1,0.00977778434753418,0.04473211,0.51616716,0.4391008
225,2,2,0.019382178783416748,0.15783545,0.2993798,0.5427848
225,2,1,0.02109670639038086,0.27596214,0.40041816,0.32361972
225,2,2,0.009785294532775879,0.02464161,0.1843101,0.79104835
225,2,1,0.015037477016448975,0.03123053,0.48919463,0.47957486
225,2,2,0.006376326084136963,0.030919721,0.06923375,0.89984655
225,2,2,0.006089955568313599,0.039631736,0.04112576,0.91924256
225,2,2,0.0072324275970458984,0.03030294,0.045464244,0.92423284
225,2,0,0.0309603214263916,0.42161527,0.3625877,0.21579716
225,2,2,0.016631603240966797,0.28573045,0.33116522,0.38310435
225,2,1,0.014234006404876709,0.036270656,0.61148316,0.3522462
225,2,1,0.011976957321166992,0.03414685,0.57688016,0.38897306
225,2,2,0.011296451091766357,0.06681441,0.11305961,0.82012606
225,2,2,0.014896631240844727,0.07268119,0.16831028,0.7590086
225,2,2,0.005738496780395508,0.019437324,0.032231744,0.94833106
225,2,2,0.011907339096069336,0.06514948,0.11887491,0.8159757
225,2,1,0.018503904342651367,0.36253715,0.41236198,0.22510092
225,2,1,0.025384485721588135,0.4672185,0.49280682,0.039974753
225,2,2,0.021172642707824707,0.122108124,0.26162836,0.6162636
225,2,2,0.008298933506011963,0.04281747,0.47328478,0.4838977
225,2,2,0.012229949235916138,0.025884299,0.095669985,0.8784458
225,2,2,0.011059224605560303,0.07085316,0.10494237,0.82420456
225,2,2,0.013615071773529053,0.11075249,0.16696681,0.72228074
225,2,2,0.0036953091621398926,0.027510006,0.046741683,0.92574835
225,2,2,0.02095770835876465,0.20329933,0.3082917,0.48840907
225,2,1,0.017836034297943115,0.43841913,0.52763677,0.033944182
225,2,1,0.01462024450302124,0.3045698,0.6841459,0.011284347
225,2,2,0.012434065341949463,0.086595185,0.12747261,0.78593224
225,2,2,0.008944183588027954,0.022697834,0.042715874,0.9345864
225,2,2,0.006223767995834351,0.05428763,0.048245918,0.89746654
225,2,2,0.006419554352760315,0.019542634,0.03767544,0.942782
225,2,2,0.016033321619033813,0.026958937,0.07419718,0.89884394
225,2,0,0.01289832592010498,0.5866579,0.39425293,0.019089278
225,2,0,0.01216953992843628,0.7959183,0.19371845,0.010363258
225,2,2,0.008994042873382568,0.10634671,0.05855793,0.83509547
225,2,2,0.01395106315612793,0.26008558,0.05369745,0.6862169
225,2,0,0.014947831630706787,0.80400884,0.10281763,0.0931737
225,2,0,0.02015519142150879,0.60769135,0.2887345,0.10357425
225,2,2,0.008875101804733276,0.057852007,0.062903106,0.8792449
225,2,2,0.01744997501373291,0.19208479,0.110354595,0.6975607
225,2,2,0.018780052661895752,0.22976117,0.059812468,0.7104264
225,2,2,0.007512599229812622,0.0379542,0.06252877,0.8995171
225,2,2,0.011480093002319336,0.06513249,0.22472632,0.7101413
225,2,2,0.014605045318603516,0.1905112,0.025416898,0.78407204
280,2,2,0.007736623287200928,0.026191693,0.10618739,0.867621
280,2,2,0.0060405731201171875,0.030267676,0.10716804,0.8625643
280,2,2,0.010956346988677979,0.029133996,0.15390475,0.81696135
280,2,2,0.00978386402130127,0.033160683,0.14272638,0.8241131
280,2,2,0.0067138671875,0.046269346,0.10271455,0.8510161
280,2,2,0.010966062545776367,0.036402296,0.16063344,0.8029643
387,0,0,0.012946784496307373,0.7145292,0.18239903,0.10307188
387,0,0,0.007054716348648071,0.9043614,0.030139936,0.06549875
387,0,0,0.003528907895088196,0.95710796,0.0110130785,0.03187898
387,0,0,0.006485044956207275,0.93098986,0.009723165,0.05928701
387,0,0,0.015232622623443604,0.8161,0.16569506,0.018205022
387,0,0,0.005410388112068176,0.9482214,0.024184335,0.027594272
387,0,0,0.0026477426290512085,0.9590385,0.008933275,0.032028344
387,0,0,0.0034401118755340576,0.96517575,0.01001686,0.024807565
387,0,0,0.007060930132865906,0.9601942,0.012278159,0.027527722
387,0,0,0.007714033126831055,0.948992,0.021572988,0.029435098
387,0,0,0.0072612762451171875,0.9366321,0.03114629,0.032221723
387,0,0,0.0033397674560546875,0.96341884,0.011889543,0.024691792
387,0,0,0.0040047913789749146,0.968561,0.01813857,0.013300535
387,0,0,0.00467585027217865,0.9583049,0.011089838,0.030605368
387,0,0,0.00530494749546051,0.9515048,0.008389398,0.04010586
387,0,0,0.003084048628807068,0.9629272,0.0106327385,0.026440205
387,0,0,0.006683126091957092,0.9555511,0.019556863,0.024892192
387,0,0,0.008483260869979858,0.92275614,0.02003781,0.057206064
387,0,0,0.006630629301071167,0.96118313,0.020487258,0.018329643
387,0,0,0.004962220788002014,0.95659846,0.010803038,0.032598656
387,0,0,0.006110355257987976,0.9709387,0.015916651,0.013144733
387,0,0,0.003656432032585144,0.96869355,0.016423482,0.014883092
387,0,0,0.007071390748023987,0.945485,0.010388982,0.04412619
387,0,0,0.006706312298774719,0.9617688,0.012291644,0.025939714
387,0,0,0.0034646838903427124,0.9603422,0.009424078,0.030233894
387,0,0,0.006274402141571045,0.95716494,0.020186052,0.022649068
387,0,0,0.013117164373397827,0.8645837,0.11247141,0.022944981
387,0,0,0.0038464367389678955,0.96037287,0.024182813,0.015444481
387,0,0,0.00538143515586853,0.9645088,0.012749914,0.022741498
387,0,0,0.006713896989822388,0.9506515,0.010913809,0.03843472
387,0,0,0.0062081217765808105,0.9379002,0.009965009,0.0521349
387,0,0,0.0031556040048599243,0.94781417,0.008232921,0.043952964
387,0,0,0.0028400272130966187,0.96231776,0.007494355,0.030187897
387,0,0,0.003261268138885498,0.9482103,0.007893171,0.04389657
387,0,0,0.006995260715484619,0.93555814,0.05243209,0.012009816
387,0,0,0.004091382026672363,0.9627188,0.011043257,0.026237994
387,0,0,0.002519175410270691,0.9529387,0.007935642,0.03912575
387,0,0,0.004197835922241211,0.95905244,0.008008568,0.032939173
387,0,0,0.004420414566993713,0.9465946,0.008939602,0.044465855
387,0,0,0.005490139126777649,0.9427127,0.045455094,0.011832353
387,0,0,0.0033999234437942505,0.9722761,0.00853776,0.019186165
387,0,0,0.007579207420349121,0.89838606,0.01054602,0.09106797
387,0,0,0.004217058420181274,0.959366,0.028752007,0.01188209
387,0,0,0.011138945817947388,0.8836002,0.043413375,0.07298655
249,0,2,0.013129711151123047,0.048941076,0.10995131,0.8411078
249,0,2,0.00811806321144104,0.04163407,0.0651244,0.89324164
249,0,2,0.007063567638397217,0.067315675,0.08853037,0.84415406
249,0,2,0.010435819625854492,0.08261978,0.14717905,0.77020127
249,0,0,0.011987447738647461,0.81998444,0.103211366,0.07680427
249,0,0,0.02003335952758789,0.6671129,0.109971836,0.22291535
249,0,2,0.014668703079223633,0.39276978,0.16293117,0.44429913
249,0,2,0.015008389949798584,0.13295741,0.24101101,0.62603164
249,0,0,0.010787248611450195,0.6572611,0.012560303,0.33017874
249,0,0,0.01619696617126465,0.61084116,0.032559544,0.35659933
249,0,0,0.017246603965759277,0.55828756,0.2684306,0.17328185
249,0,2,0.015456199645996094,0.14540614,0.25342482,0.60116905
249,0,0,0.008853495121002197,0.54910266,0.014988403,0.43590906
249,0,0,0.013296693563461304,0.88045955,0.03590415,0.08363637
249,0,0,0.01973402500152588,0.6548364,0.16649197,0.17867167
249,0,2,0.014693260192871094,0.13885093,0.26991883,0.5912303
249,0,0,0.012563735246658325,0.91713333,0.022245366,0.060621347
249,0,0,0.012248396873474121,0.92601305,0.021507166,0.05247994
249,0,0,0.011520624160766602,0.777587,0.13127404,0.09113904
249,0,2,0.011862337589263916,0.16583537,0.2522906,0.58187413
249,0,0,0.008393138647079468,0.92994136,0.021852909,0.048205767
249,0,0,0.011020094156265259,0.87231576,0.022546906,0.10513743
249,0,0,0.019727110862731934,0.7430305,0.09243499,0.16453467
249,0,2,0.014880001544952393,0.12689577,0.19180864,0.6812957
249,0,0,0.023862361907958984,0.5378361,0.09190463,0.3702593
249,0,0,0.01589268445968628,0.7414381,0.051905606,0.20665644
249,0,0,0.020984947681427002,0.5824062,0.11178596,0.30580795
249,0,2,0.01788032054901123,0.1634701,0.3154795,0.52105045
249,0,2,0.018885016441345215,0.37816373,0.23228656,0.38954982
249,0,2,0.017651081085205078,0.23027402,0.07029274,0.6994333
249,0,2,0.022724628448486328,0.35362875,0.08476849,0.5616029
249,0,2,0.016197144985198975,0.12460506,0.28187877,0.59351623
77,0,0,0.00902673602104187,0.85690045,0.13180764,0.01129198
77,0,0,0.014438539743423462,0.8449716,0.14480083,0.010227652
77,0,0,0.018511831760406494,0.5875068,0.085687205,0.32680613
77,0,0,0.005500882863998413,0.9035296,0.08100482,0.015465676
77,0,0,0.00492405891418457,0.9213126,0.032085,0.046602458
77,0,2,0.0050896406173706055,0.060550954,0.017297368,0.9221517
77,0,0,0.008692175149917603,0.8968897,0.01889976,0.084210694
77,0,0,0.005068004131317139,0.9264618,0.04224178,0.031296518
77,0,0,0.017718374729156494,0.7228815,0.038938906,0.23817971
90,0,0,0.018378496170043945,0.4166838,0.3606679,0.2226483
90,0,0,0.012665271759033203,0.5518131,0.1275583,0.32062855
90,0,0,0.01004493236541748,0.7174584,0.2597251,0.022816544
90,0,0,0.018690884113311768,0.51728535,0.38138726,0.101327494
90,0,0,0.020212888717651367,0.44810218,0.26145634,0.29044154
90,0,0,0.006475985050201416,0.93646556,0.043427072,0.020107418
90,0,2,0.010411739349365234,0.30069095,0.08397395,0.6153351
90,0,2,0.023768484592437744,0.1991533,0.13747549,0.66337126
90,0,0,0.005544304847717285,0.8877381,0.009630305,0.10263172
388,0,0,0.004457935690879822,0.94236094,0.048806313,0.008832887
388,0,0,0.004298344254493713,0.94945645,0.031124147,0.019419473
388,0,0,0.0031098872423171997,0.9632464,0.014751745,0.022002008
388,0,0,0.007370203733444214,0.9050752,0.086628474,0.008296512
388,0,0,0.005800962448120117,0.94127965,0.019299554,0.039420802
388,0,0,0.008610248565673828,0.9134813,0.0143472105,0.07217164
388,0,0,0.003865078091621399,0.96614546,0.017957374,0.015897265
388,0,0,0.0059337317943573,0.89925563,0.09319362,0.0075508365
388,0,0,0.011114358901977539,0.8274288,0.162111,0.010460263
388,0,0,0.006725102663040161,0.9513361,0.013140798,0.035523176
388,0,0,0.0030081719160079956,0.96419835,0.021621507,0.014180216
388,0,0,0.0027869343757629395,0.96209913,0.017279511,0.020621417
388,0,0,0.014914065599441528,0.8784337,0.04771973,0.0738467
388,0,0,0.015951156616210938,0.8071634,0.15508188,0.03775485
388,0,0,0.006177052855491638,0.95185006,0.027179105,0.02097091
388,0,0,0.004945844411849976,0.923652,0.06651163,0.00983641
388,0,0,0.009671032428741455,0.88242954,0.103861816,0.013708743
388,0,0,0.006440490484237671,0.9364412,0.03010512,0.033453744
388,0,0,0.02147841453552246,0.49243715,0.4360676,0.071495384
388,0,0,0.01005333662033081,0.8299009,0.04789016,0.12220914
388,0,0,0.004383489489555359,0.9517226,0.02034564,0.02793183
388,0,0,0.006830811500549316,0.844969,0.13594405,0.019087072
388,0,0,0.016245722770690918,0.58590555,0.059230637,0.35486385
93,0,1,0.01891428232192993,0.36316288,0.5490053,0.08783189
93,0,0,0.015964627265930176,0.6022425,0.3518102,0.04594723
93,0,0,0.006883174180984497,0.9258416,0.046466284,0.027692143
93,0,0,0.016521930694580078,0.5419104,0.391568,0.06652169
93,0,0,0.019295185804367065,0.8481204,0.12133748,0.030542094
93,0,0,0.0074828267097473145,0.9432369,0.020160275,0.036602896
93,0,2,0.015379726886749268,0.05457502,0.19577459,0.7496505
93,0,0,0.014816761016845703,0.8284988,0.12440243,0.047098927
93,0,0,0.010266363620758057,0.9238493,0.037163667,0.03898712
93,0,1,0.020525217056274414,0.23178017,0.46124554,0.30697435
93,0,2,0.01682746410369873,0.07448342,0.22330472,0.7022119
18,1,0,0.015157580375671387,0.6176791,0.3581393,0.024181716
18,1,0,0.015491485595703125,0.6658924,0.30958933,0.024518274
18,1,0,0.019184589385986328,0.77481484,0.19484189,0.030343348
18,1,0,0.01901024580001831,0.5329468,0.4458696,0.02118363
18,1,0,0.019945502281188965,0.6295496,0.32854864,0.04190184
18,1,0,0.013198137283325195,0.74223816,0.23051882,0.027243137
18,1,0,0.005041599273681641,0.93758696,0.03714051,0.025272641
18,1,0,0.00832068920135498,0.91795725,0.024539694,0.057503108
18,1,0,0.005632877349853516,0.94076973,0.028178466,0.031051788
18,1,0,0.003463342785835266,0.9627528,0.014809629,0.022437528
18,1,0,0.008158504962921143,0.95044816,0.025740795,0.0238111
18,1,0,0.004424750804901123,0.95415324,0.02751101,0.018335832
18,1,0,0.01172417402267456,0.92455965,0.049789835,0.025650475
18,1,0,0.010281413793563843,0.8964368,0.08243244,0.021130905
18,1,0,0.01778554916381836,0.69366753,0.2555422,0.050790373
18,1,0,0.014063775539398193,0.6643382,0.3091182,0.026543695
18,1,0,0.007073163986206055,0.9401657,0.039698355,0.020136025
18,1,0,0.004134222865104675,0.9653281,0.02147932,0.013192732
18,1,0,0.00464320182800293,0.9603182,0.021908926,0.017773014
18,1,0,0.00430925190448761,0.963371,0.015037075,0.02159207
18,1,0,0.003851652145385742,0.9515878,0.012100225,0.03631206
18,1,0,0.003734976053237915,0.96921635,0.014659066,0.016124697
18,1,0,0.010366678237915039,0.95463514,0.020444453,0.024920529
18,1,0,0.0039249807596206665,0.95963585,0.011985401,0.028378857
18,1,0,0.0038066357374191284,0.96641165,0.013624359,0.019964112
18,1,0,0.00477050244808197,0.9684509,0.014811811,0.01673742
18,1,0,0.00714777410030365,0.945839,0.039852034,0.01430908
18,1,0,0.020185232162475586,0.71241003,0.24812327,0.039466817
18,1,0,0.01971346139907837,0.6239008,0.3242236,0.05187568
18,1,0,0.005673661828041077,0.9521923,0.030949585,0.016858207
18,1,0,0.004682034254074097,0.9673324,0.018996881,0.013670804
18,1,0,0.0029402077198028564,0.9638617,0.02018609,0.015952364
18,1,0,0.0024283230304718018,0.9692545,0.014013495,0.016732097
18,1,0,0.006809636950492859,0.95960915,0.017493963,0.022896968
18,1,0,0.007146373391151428,0.9549637,0.019668981,0.025367456
18,1,0,0.003352433443069458,0.9709596,0.01213122,0.01690925
18,1,0,0.009155824780464172,0.9518051,0.0156164635,0.032578427
18,1,0,0.005061537027359009,0.9553579,0.018254858,0.026387313
18,1,0,0.0067365169525146484,0.9630923,0.01637257,0.020535266
18,1,0,0.00428423285484314,0.96960926,0.014365146,0.016025692
18,1,0,0.00540769100189209,0.94159704,0.026101967,0.032301053
18,1,0,0.013561248779296875,0.7849845,0.19211869,0.02289686
18,1,0,0.006282776594161987,0.96205246,0.019446572,0.018501025
18,1,0,0.006598800420761108,0.9630299,0.017163463,0.019806718
18,1,0,0.006337016820907593,0.964349,0.01479875,0.02085241
18,1,0,0.00698503851890564,0.96199507,0.015868008,0.02213712
18,1,0,0.008340254426002502,0.95574933,0.019148834,0.025101928
18,1,0,0.006697952747344971,0.95849824,0.02496547,0.01653631
18,1,0,0.00507943332195282,0.9658614,0.019120723,0.015018007
18,1,0,0.004648953676223755,0.96022004,0.022409454,0.017370567
18,1,0,0.009965002536773682,0.9570173,0.022430671,0.020552116
18,1,0,0.0072965919971466064,0.95865035,0.019941544,0.02140822
18,1,0,0.005005285143852234,0.9562596,0.018497359,0.025243225
18,1,0,0.004057139158248901,0.9538685,0.035341863,0.01078969
18,1,0,0.015958309173583984,0.8309804,0.14778283,0.02123687
18,1,0,0.004590258002281189,0.9679796,0.012501997,0.01951841
18,1,0,0.0050804466009140015,0.9654722,0.012828901,0.021698926
18,1,0,0.005332514643669128,0.9575077,0.014465923,0.028026367
18,1,0,0.003585636615753174,0.96283764,0.013174307,0.023988089
18,1,0,0.004785165190696716,0.9593373,0.016543929,0.02411891
18,1,0,0.00423799455165863,0.969705,0.019539904,0.010755247
18,1,0,0.00709158182144165,0.9340621,0.056151703,0.009786365
18,1,0,0.005035370588302612,0.954429,0.036859293,0.008711783
18,1,0,0.005397379398345947,0.9453915,0.0407537,0.013854922
18,1,0,0.002895250916481018,0.9624013,0.022970987,0.014627847
18,1,0,0.005280688405036926,0.9613735,0.022286354,0.016340291
18,1,0,0.010450214147567749,0.9121791,0.07785924,0.009961739
18,1,0,0.005217522382736206,0.9607888,0.011351466,0.027859887
18,1,0,0.009640589356422424,0.9516794,0.019270316,0.029050326
18,1,0,0.005360811948776245,0.96193916,0.01761161,0.020449288
18,1,0,0.004706472158432007,0.96377385,0.0134933265,0.02273301
18,1,0,0.00629037618637085,0.96149546,0.019118246,0.019386414
18,1,0,0.00720745325088501,0.9340146,0.054008897,0.011976568
18,1,0,0.012550145387649536,0.8484637,0.14061329,0.010923081
18,1,0,0.012426257133483887,0.8303855,0.15271175,0.016902808
18,1,0,0.00621989369392395,0.93559885,0.050392766,0.014008377
18,1,0,0.008107483386993408,0.91877997,0.066966265,0.014253777
18,1,0,0.011344999074935913,0.8844853,0.105649605,0.009865133
18,1,0,0.015407860279083252,0.91441303,0.05452968,0.031057402
18,1,0,0.0046379417181015015,0.9682725,0.014670458,0.017057048
18,1,0,0.0034788399934768677,0.9651078,0.013371706,0.021520652
18,1,0,0.006772220134735107,0.9619115,0.017739229,0.020349337
18,1,0,0.006168991327285767,0.9547896,0.02938628,0.015824212
18,1,0,0.014937877655029297,0.7234908,0.22810261,0.04840681
18,1,0,0.016682088375091553,0.6858766,0.25923002,0.05489343
18,1,0,0.008109956979751587,0.9350284,0.023624111,0.041347597
18,1,0,0.010228052735328674,0.95118994,0.019486923,0.02932323
18,1,0,0.0030764490365982056,0.96887964,0.012085988,0.019034492
18,1,0,0.0018236935138702393,0.9702946,0.016214559,0.013490933
18,1,0,0.005139842629432678,0.9565156,0.022685695,0.020798735
18,1,0,0.014742761850357056,0.8587036,0.11484922,0.026447345
18,1,1,0.015291571617126465,0.44332993,0.4854724,0.07119771
18,1,0,0.005342021584510803,0.9593958,0.0145332785,0.026070932
18,1,0,0.005265027284622192,0.9440377,0.023215793,0.0327467
18,1,0,0.005429983139038086,0.94045675,0.03673439,0.022808924
18,1,0,0.009156972169876099,0.9279932,0.05446595,0.017540917
22,1,1,0.017904609441757202,0.0729809,0.85792446,0.069094814
22,1,1,0.006921842694282532,0.032702312,0.95904213,0.008255615
22,1,1,0.0044378191232681274,0.041536532,0.9440369,0.014426659
22,1,1,0.004315286874771118,0.04636445,0.9444264,0.009209234
22,1,1,0.0051888227462768555,0.021130057,0.9453975,0.033472564
22,1,1,0.004726409912109375,0.037748277,0.9498075,0.0124443285
22,1,1,0.003629446029663086,0.050106253,0.9416245,0.00826933
22,1,1,0.011279135942459106,0.079811335,0.9076741,0.012514671
22,1,1,0.0032842159271240234,0.014408522,0.96281576,0.02277583
22,1,1,0.005383878946304321,0.028484596,0.96211535,0.009400206
22,1,1,0.004620581865310669,0.026741475,0.9614277,0.011831003
22,1,1,0.008473441004753113,0.036347397,0.95120144,0.012451214
22,1,1,0.014038681983947754,0.0923347,0.85027266,0.057392687
22,1,1,0.004824727773666382,0.021919847,0.96673393,0.011346288
22,1,1,0.0075583308935165405,0.03459963,0.95445293,0.010947495
22,1,1,0.0062898993492126465,0.04735747,0.94332236,0.009320268
22,1,1,0.008476823568344116,0.058036394,0.927694,0.0142697375
22,1,1,0.009234726428985596,0.08324839,0.9027159,0.014035758
22,1,1,0.010202258825302124,0.06444456,0.92061985,0.014935629
29,1,1,0.015306949615478516,0.2681905,0.66095394,0.07085562
29,1,1,0.024043738842010498,0.12699135,0.73152983,0.1414789
29,1,1,0.01926177740097046,0.059910428,0.49411708,0.4459726
29,1,1,0.012751787900924683,0.07607178,0.86821604,0.055712312
29,1,1,0.013145267963409424,0.121531755,0.836218,0.04225036
29,1,1,0.024193644523620605,0.09106145,0.4851383,0.42380035
29,1,1,0.010626465082168579,0.06102835,0.918314,0.020657815
29,1,1,0.016331076622009277,0.07120428,0.5217864,0.40700945
29,1,1,0.009966015815734863,0.057515256,0.89691865,0.04556617
29,1,1,0.013782501220703125,0.038884282,0.73137265,0.2297431
29,1,1,0.020479023456573486,0.42421216,0.5154694,0.06031856
29,1,2,0.02156388759613037,0.30209136,0.19980602,0.49810272
29,1,2,0.009852409362792969,0.113828965,0.11339007,0.772781
1,1,1,0.0057121217250823975,0.027138459,0.9616732,0.011188425
1,1,1,0.008007362484931946,0.0356171,0.95308435,0.011298621
1,1,1,0.006463900208473206,0.03474507,0.9542427,0.011012359
1,1,1,0.004900485277175903,0.03098328,0.958332,0.010684839
1,1,1,0.004242017865180969,0.029064866,0.9612308,0.009704346
1,1,1,0.006889775395393372,0.032426327,0.95752794,0.010045799
1,1,1,0.007332652807235718,0.032375086,0.9575092,0.010115816
1,1,1,0.006438061594963074,0.03519551,0.953806,0.010998583
1,1,1,0.005247980356216431,0.030745942,0.961532,0.007722089
1,1,1,0.012594640254974365,0.07771046,0.8971786,0.025111016
1,1,1,0.004412606358528137,0.019194158,0.9699432,0.010862741
1,1,1,0.006167784333229065,0.037324894,0.9522055,0.01046973
1,1,1,0.0073970407247543335,0.042763002,0.9442963,0.012940794
1,1,1,0.005428686738014221,0.038871918,0.9520227,0.009105503
1,1,1,0.006319999694824219,0.037901442,0.9493366,0.01276203
1,1,1,0.008455425500869751,0.039913937,0.94830894,0.0117772
1,1,1,0.004674121737480164,0.04377379,0.94842684,0.007799431
1,1,1,0.006028309464454651,0.040118024,0.9498662,0.010015882
1,1,1,0.004621520638465881,0.039354164,0.9511319,0.009514015
1,1,1,0.004442647099494934,0.049373344,0.9404678,0.010158998
1,1,1,0.01072286069393158,0.039400384,0.9512616,0.009337996
1,1,1,0.004399031400680542,0.018837903,0.9601036,0.021058567
1,1,1,0.0031699538230895996,0.015367873,0.9710799,0.013552333
1,1,1,0.005853533744812012,0.059688345,0.9303804,0.0099313045
1,1,1,0.007006049156188965,0.07033922,0.91678447,0.012876361
1,1,1,0.0054147690534591675,0.034633063,0.956599,0.008768033
1,1,1,0.007416263222694397,0.035062492,0.9555654,0.009372309
1,1,1,0.005651652812957764,0.04075637,0.94893324,0.010310391
1,1,1,0.006197839975357056,0.04030075,0.94970715,0.0099921115
1,1,1,0.005627304315567017,0.04240795,0.9481108,0.009481417
1,1,1,0.006435424089431763,0.034204226,0.954584,0.011211875
1,1,1,0.008360505104064941,0.032286942,0.95729345,0.010419716
1,1,1,0.003418058156967163,0.019428961,0.9667368,0.013834325
1,1,1,0.007631540298461914,0.030913634,0.9581713,0.010915197
1,1,1,0.005935698747634888,0.026281938,0.94863117,0.02508696
1,1,1,0.005635932087898254,0.025089651,0.96790576,0.0070046997
1,1,1,0.005106791853904724,0.046622872,0.9422299,0.011147288
1,1,1,0.008177876472473145,0.03198703,0.9578678,0.010145302
1,1,1,0.007192894816398621,0.036180843,0.953142,0.010677312
1,1,1,0.009294003248214722,0.025791345,0.963469,0.010739698
1,1,1,0.007097676396369934,0.024307285,0.9668924,0.008800415
1,1,1,0.005536466836929321,0.030873794,0.95976585,0.009360465
1,1,1,0.004560366272926331,0.032051224,0.956917,0.011031826
1,1,1,0.006252795457839966,0.030782975,0.95677626,0.012440893
1,1,1,0.004953861236572266,0.018765397,0.9611383,0.020096341
1,1,1,0.007947340607643127,0.026720429,0.96027607,0.013003572
1,1,1,0.01119239628314972,0.036866914,0.95214516,0.010988058
1,1,1,0.004739239811897278,0.038229194,0.95414305,0.0076278746
1,1,1,0.004395470023155212,0.026885498,0.9654057,0.0077088373
1,1,1,0.004165351390838623,0.019053893,0.9674898,0.013456291
1,1,1,0.0074982792139053345,0.03717329,0.95182705,0.010999843
1,1,1,0.0041649192571640015,0.02238019,0.9669386,0.010681252
1,1,1,0.003829851746559143,0.019884186,0.96672624,0.013389635
1,1,1,0.003419727087020874,0.030178744,0.9599923,0.009829133
1,1,1,0.0040642619132995605,0.024712877,0.9660401,0.009247072
1,1,1,0.00501348078250885,0.027586604,0.9580713,0.014342142
1,1,1,0.007700294256210327,0.022058198,0.962234,0.01570787
1,1,1,0.005990549921989441,0.018509198,0.96571934,0.015771603
1,1,1,0.007309168577194214,0.03605487,0.9514909,0.012454354
1,1,1,0.0038926154375076294,0.02431862,0.9637326,0.01194897
1,1,1,0.005172222852706909,0.028787894,0.9621557,0.009056516
1,1,1,0.004616186022758484,0.04276012,0.9466132,0.010626742
1,1,1,0.004121109843254089,0.040970482,0.9502422,0.008787332
1,1,1,0.004291534423828125,0.0425096,0.9476572,0.009833192
1,1,1,0.015524357557296753,0.06420199,0.922771,0.013027131
1,1,1,0.004466623067855835,0.02900498,0.94969034,0.02130466
1,1,1,0.002895832061767578,0.011150206,0.96547616,0.023373768
1,1,1,0.0035429149866104126,0.03544512,0.9560842,0.008470798
1,1,1,0.005308777093887329,0.030850004,0.95403016,0.015119903
1,1,1,0.004030078649520874,0.036567386,0.95359004,0.009842635
1,1,1,0.005417332053184509,0.044475723,0.9458986,0.009625686
1,1,1,0.005387991666793823,0.04955192,0.93981534,0.0106327385
1,1,1,0.004747733473777771,0.03590992,0.95228547,0.011804705
1,1,1,0.010321974754333496,0.05933507,0.9262133,0.014451804
1,1,1,0.006002709269523621,0.038500212,0.95054376,0.010956101
1,1,1,0.006247997283935547,0.031634256,0.8421376,0.12622821
1,1,1,0.005383580923080444,0.028547322,0.9588008,0.012651858
1,1,1,0.006491750478744507,0.04403276,0.9453347,0.010632596
1,1,1,0.0024049580097198486,0.024606526,0.96732163,0.0080720065
1,1,1,0.006548017263412476,0.035730705,0.9550643,0.009204971
1,1,1,0.0058443546295166016,0.03560096,0.9534693,0.010929859
1,1,1,0.009907305240631104,0.055064473,0.92878085,0.016154733
1,1,1,0.004288733005523682,0.031122046,0.96178865,0.0070894184
1,1,1,0.004778861999511719,0.030171735,0.9601539,0.0096744625
1,1,1,0.005732521414756775,0.022552794,0.96114564,0.016301682
1,1,1,0.006266921758651733,0.040318474,0.94194275,0.0177389
1,1,1,0.007633402943611145,0.03079114,0.9538199,0.015389081
1,1,1,0.0037843286991119385,0.028487457,0.96125054,0.0102621615
1,1,1,0.005252614617347717,0.034380335,0.95371324,0.011906519
1,1,1,0.007276087999343872,0.048886452,0.93765986,0.013453813
1,1,1,0.0054087042808532715,0.027824063,0.9648776,0.007298358
1,1,1,0.004339098930358887,0.03672103,0.9537186,0.009560512
1,1,1,0.0053272247314453125,0.03765415,0.95224273,0.010103249
1,1,1,0.009481191635131836,0.050707906,0.9387137,0.010578429
1,1,1,0.008411437273025513,0.049930703,0.9333976,0.016671745
1,1,1,0.008108988404273987,0.039746933,0.9501562,0.010096936
1,1,1,0.007033646106719971,0.04869165,0.9391741,0.012134408
1,1,1,0.00838729739189148,0.06354631,0.92588085,0.010572928
1,1,1,0.010521858930587769,0.077811085,0.9115561,0.01063288
1,1,1,0.009263753890991211,0.03756836,0.9551369,0.0072947773
1,1,1,0.01188594102859497,0.16616814,0.7747406,0.05909139
1,1,1,0.019395828247070312,0.16706899,0.8058284,0.027102733
1,1,1,0.008391886949539185,0.075666994,0.91262716,0.011705933
1,1,1,0.008838266134262085,0.072112955,0.9124872,0.015399961
1,1,1,0.007774919271469116,0.05376321,0.93736607,0.008870791
1,1,1,0.007809370756149292,0.05856825,0.93018824,0.011243651
1,1,1,0.009288311004638672,0.079174116,0.9105289,0.010297076
1,1,1,0.01342153549194336,0.09424559,0.8934416,0.0123129375
1,1,1,0.00760883092880249,0.06536727,0.92452425,0.010108564
1,1,1,0.010854095220565796,0.089456856,0.8918626,0.018680668
1,1,1,0.01046106219291687,0.109414026,0.8757633,0.014822777
1,1,1,0.006136387586593628,0.07251315,0.9166796,0.010807238
1,1,1,0.009626597166061401,0.0831007,0.9026215,0.01427792
1,1,1,0.010229378938674927,0.07895187,0.9099,0.011148174
1,1,1,0.009699881076812744,0.06517744,0.92477596,0.0100466665
1,1,1,0.013332098722457886,0.089662634,0.89986515,0.010472396
1,1,1,0.013144731521606445,0.1963517,0.78982896,0.013819531
1,1,1,0.019111454486846924,0.34365693,0.500429,0.15591411
1,1,1,0.006444752216339111,0.08205238,0.8965784,0.021369394
1,1,1,0.007557541131973267,0.07626294,0.9144873,0.009249793
1,1,1,0.005803883075714111,0.05582879,0.93504876,0.009122464
1,1,1,0.004753589630126953,0.043888595,0.9364077,0.019703677
1,1,1,0.011571675539016724,0.051703174,0.93334204,0.014954892
1,1,1,0.011299729347229004,0.070720084,0.91981834,0.009461527
1,1,1,0.003619283437728882,0.0656839,0.92633873,0.007977387
1,1,1,0.005931735038757324,0.0466492,0.9447736,0.0085773785
1,1,1,0.009404778480529785,0.080173716,0.9079229,0.011903458
1,1,1,0.005952775478363037,0.08320302,0.9051815,0.011615457
1,1,1,0.007102489471435547,0.046854418,0.922212,0.030933613
1,1,1,0.007276743650436401,0.033184122,0.93735236,0.029463716
1,1,1,0.004416629672050476,0.03801481,0.9517559,0.010229267
1,1,1,0.0052514225244522095,0.042787787,0.949831,0.0073812692
1,1,1,0.006347939372062683,0.0442639,0.94775957,0.007976585
1,1,1,0.006109356880187988,0.04220113,0.94636923,0.011429739
1,1,1,0.004951387643814087,0.04525838,0.94449407,0.010247628
1,1,1,0.009313106536865234,0.09300932,0.89532185,0.011669006
1,1,1,0.007611274719238281,0.07122591,0.91814697,0.010627163
1,1,1,0.0044601112604141235,0.050028,0.9407167,0.009255467
1,1,1,0.007483884692192078,0.040734097,0.9490612,0.010204742
1,1,1,0.007781773805618286,0.054786503,0.9355516,0.009661941
1,1,1,0.006450846791267395,0.049739305,0.9408744,0.009386352
1,1,1,0.006742805242538452,0.058545016,0.93106437,0.010390706
1,1,1,0.010686725378036499,0.051573187,0.9383086,0.010118315
1,1,1,0.003738000988960266,0.032202065,0.95941377,0.008384324
1,1,1,0.0059736669063568115,0.055389203,0.9366689,0.007941847
1,1,1,0.004787668585777283,0.038968835,0.9539262,0.0071051144
1,1,1,0.007556810975074768,0.037365228,0.953691,0.008943871
1,1,1,0.009363725781440735,0.049416576,0.9400154,0.01056816
1,1,1,0.007712990045547485,0.05996616,0.92852294,0.011511027
1,1,1,0.006528705358505249,0.061740905,0.92770797,0.010551242
1,1,1,0.0074006617069244385,0.06157583,0.92812026,0.010304011
1,1,1,0.007379651069641113,0.05382987,0.9382964,0.007873854
1,1,1,0.006414353847503662,0.054588266,0.93755007,0.007861702
1,1,0,0.015046954154968262,0.77350026,0.14482978,0.08166996
1,1,1,0.015604168176651001,0.059224255,0.93246734,0.008308547
1,1,1,0.005046099424362183,0.042765923,0.9499947,0.007239414
1,1,1,0.005388960242271423,0.045419447,0.9469564,0.0076241945
1,1,1,0.00848601758480072,0.045190483,0.9449575,0.009852088
1,1,1,0.0076420605182647705,0.047810424,0.9422219,0.009967765
1,1,1,0.009140074253082275,0.050303914,0.93994236,0.009753808
1,1,1,0.007875114679336548,0.032709625,0.95427245,0.013018059
1,1,1,0.0039820075035095215,0.029573927,0.9594783,0.010947897
1,1,1,0.007496953010559082,0.050440766,0.9392275,0.010331873
1,1,1,0.005355536937713623,0.04590789,0.9449215,0.009170715
1,1,1,0.005668669939041138,0.05668235,0.9343461,0.008971686
1,1,1,0.01094016432762146,0.08038531,0.90991,0.009704799
1,1,1,0.00830066204071045,0.16023205,0.8168707,0.022897372
1,1,1,0.008616045117378235,0.047126535,0.9430686,0.009804866
1,1,1,0.005459889769554138,0.043947387,0.9487476,0.0073050666
1,1,1,0.005178555846214294,0.047560677,0.944472,0.007967332
1,1,1,0.0027142763137817383,0.031691797,0.9598086,0.008499748
1,1,1,0.00508996844291687,0.02881552,0.96329767,0.0078869825
1,1,1,0.0035995692014694214,0.024941549,0.96518606,0.009872545
1,1,1,0.005200862884521484,0.031506777,0.9558206,0.01267267
1,1,1,0.003091946244239807,0.019818887,0.9674781,0.012703066
1,1,1,0.008318603038787842,0.02802109,0.93819,0.03378901
1,1,1,0.005487293004989624,0.02288411,0.9390574,0.038058594
1,1,1,0.006498456001281738,0.032754287,0.93187886,0.035366893
1,1,1,0.004187837243080139,0.034923647,0.95507455,0.010001917
1,1,1,0.006406337022781372,0.04609185,0.9399361,0.013972093
1,1,1,0.006464168429374695,0.03898406,0.95113903,0.009876943
1,1,1,0.005145236849784851,0.04353831,0.94616526,0.010296477
1,1,1,0.003514200448989868,0.021505475,0.96751815,0.01097649
1,1,1,0.0029572099447250366,0.018609446,0.9657545,0.015636135
1,1,1,0.011416137218475342,0.0767634,0.78642875,0.13680795
1,1,1,0.005974128842353821,0.027145661,0.95278144,0.020073017
1,1,1,0.007433786988258362,0.032075852,0.9468266,0.021097563
1,1,0,0.017564773559570312,0.48703286,0.4143114,0.0986558
1,1,0,0.024424254894256592,0.474849,0.4364897,0.088661395
1,1,0,0.01660466194152832,0.51874864,0.34812945,0.13312185
1,1,0,0.01895219087600708,0.51513916,0.33741263,0.14744826
260,1,1,0.01425105333328247,0.04989524,0.71086586,0.239239
260,1,1,0.01142352819442749,0.016944164,0.9321324,0.05092345
260,1,2,0.010340631008148193,0.057363946,0.12873125,0.813905
260,1,1,0.006922543048858643,0.041742504,0.9243371,0.03392043
260,1,1,0.003307819366455078,0.017172787,0.97008604,0.012741229
260,1,1,0.004291057586669922,0.021226043,0.9675276,0.011246439
260,1,1,0.003509417176246643,0.010141748,0.96807635,0.021781942
260,1,1,0.003410443663597107,0.010760952,0.96657425,0.022664882
260,1,0,0.02010732889175415,0.5910251,0.21326187,0.19571309
260,1,1,0.005991414189338684,0.021734128,0.9469829,0.031282995
260,1,1,0.002845391631126404,0.014692328,0.9714686,0.013839062
260,1,1,0.015436708927154541,0.23221977,0.61129755,0.15648276
259,1,0,0.009023308753967285,0.9077095,0.07913156,0.013159081
259,1,0,0.011380672454833984,0.8091945,0.1437004,0.04710522
259,1,0,0.014279723167419434,0.78862,0.17753844,0.033841673
259,1,0,0.01701796054840088,0.66113484,0.3231736,0.015691737
259,1,0,0.017609834671020508,0.6715482,0.2947067,0.033745196
259,1,0,0.0067746639251708984,0.93223625,0.05051379,0.017249942
259,1,0,0.022916436195373535,0.41710106,0.25692192,0.3259771
259,1,2,0.018851041793823242,0.32520798,0.19798456,0.4768075
259,1,0,0.010882139205932617,0.9101412,0.056118872,0.033739943
259,1,1,0.028096139430999756,0.24447921,0.61296254,0.14255829
205,1,1,0.01225900650024414,0.09533512,0.8065312,0.098133765
205,1,1,0.005297988653182983,0.044041015,0.91674197,0.039217126
205,1,1,0.012303382158279419,0.03674935,0.91537553,0.04787518
205,1,1,0.010501682758331299,0.052473985,0.9173322,0.03019387
205,1,1,0.011718928813934326,0.05092209,0.9192685,0.029809477
205,1,1,0.00783577561378479,0.051752493,0.9206052,0.027642395
205,1,1,0.010440647602081299,0.10650796,0.85602105,0.03747123
205,1,1,0.010689705610275269,0.046020973,0.91061443,0.043364704
205,1,1,0.01147770881652832,0.05486531,0.91400176,0.031132992
205,1,1,0.0045928508043289185,0.033188175,0.9490674,0.0177445
205,1,1,0.00477290153503418,0.037997387,0.9357057,0.026296914
205,1,1,0.0105934739112854,0.06055231,0.9080971,0.03135071
205,1,1,0.007467925548553467,0.05683143,0.9106795,0.032489173
205,1,1,0.008654266595840454,0.045630965,0.9263771,0.027991997
205,1,1,0.008963435888290405,0.0644476,0.9026633,0.03288928
205,1,1,0.012056827545166016,0.03166013,0.78624123,0.18209869
205,1,1,0.008101403713226318,0.06649361,0.9086433,0.024863124
205,1,1,0.004864215850830078,0.035660654,0.9491501,0.015189347
205,1,1,0.005196049809455872,0.025794495,0.9581038,0.01610177
205,1,1,0.004801228642463684,0.027739808,0.9585598,0.013700529
205,1,1,0.0055198222398757935,0.03431038,0.94794214,0.017747555
205,1,1,0.006379902362823486,0.034952924,0.94431853,0.020728657
205,1,1,0.006092190742492676,0.025538236,0.9597004,0.014761553
205,1,1,0.004212513566017151,0.020092519,0.9687071,0.011200526
205,1,1,0.013696551322937012,0.032289546,0.9076183,0.060092352
205,1,1,0.005395069718360901,0.035893608,0.95222986,0.011876624
205,1,1,0.004509583115577698,0.025856726,0.9617112,0.012432122
205,1,1,0.00644432008266449,0.026976496,0.95929503,0.013728591
205,1,1,0.008188039064407349,0.042015955,0.93815947,0.019824713
205,1,1,0.00508958101272583,0.03266054,0.94500893,0.022330638
205,1,1,0.004425719380378723,0.025009342,0.9648029,0.010187895
205,1,1,0.0037178397178649902,0.018384751,0.97295094,0.008664287
205,1,2,0.006086677312850952,0.03949275,0.03688643,0.9236209
205,1,1,0.006361275911331177,0.031797197,0.9402594,0.027943533
205,1,1,0.006170034408569336,0.020260543,0.9626716,0.017067958
205,1,1,0.005530893802642822,0.031026585,0.9482678,0.020705698
205,1,1,0.006267726421356201,0.032998465,0.9406447,0.026356988
205,1,1,0.007913604378700256,0.02397798,0.95652735,0.019494813
205,1,1,0.006440654397010803,0.020063413,0.960295,0.01964168
205,1,1,0.035362422466278076,0.020880515,0.58398443,0.39513507
205,1,1,0.015302121639251709,0.014834734,0.8221084,0.16305694
205,1,1,0.006062716245651245,0.018938629,0.93906844,0.04199304
205,1,1,0.005996242165565491,0.023898546,0.9489272,0.027174246
205,1,1,0.0025573372840881348,0.012040235,0.972636,0.015323772
205,1,1,0.005459040403366089,0.015843602,0.9526711,0.031485368
205,1,2,0.009385734796524048,0.027651094,0.045134623,0.9272143
205,1,1,0.015175104141235352,0.025628628,0.6936022,0.28076926
205,1,1,0.005836546421051025,0.025261959,0.9388676,0.03587058
205,1,1,0.004748612642288208,0.015074729,0.97059625,0.014329086
205,1,2,0.009194135665893555,0.06551696,0.03422241,0.90026075
205,1,2,0.01052480936050415,0.02273592,0.15472564,0.8225385
205,1,1,0.009181708097457886,0.021518292,0.9051592,0.07332256
205,1,1,0.0038792937994003296,0.014114578,0.96427864,0.021606876
205,1,2,0.01265782117843628,0.040120035,0.03496196,0.9249181
205,1,2,0.018140971660614014,0.022947142,0.3820156,0.59503734
205,1,2,0.006008833646774292,0.034902494,0.04292141,0.92217624
229,1,1,0.004070192575454712,0.011491427,0.94146466,0.04704397
229,1,2,0.013192176818847656,0.08155975,0.27477428,0.64366597
229,1,1,0.0036338120698928833,0.012331676,0.97339875,0.014269635
229,1,1,0.0036882013082504272,0.018081656,0.96713245,0.014785984
229,1,1,0.016112983226776123,0.027489742,0.8961849,0.07632547
229,1,1,0.0031938403844833374,0.010508147,0.9758805,0.013611482
229,1,1,0.006110161542892456,0.022020493,0.96384585,0.01413384
229,1,1,0.0036372914910316467,0.009072235,0.9762896,0.014638229
229,1,1,0.005106091499328613,0.031883694,0.95868766,0.009428695
229,1,1,0.004914373159408569,0.023903018,0.9645546,0.011542488
229,1,2,0.009786903858184814,0.056611635,0.24273275,0.7006557
229,1,1,0.005780428647994995,0.025088407,0.95569533,0.019216297
229,1,2,0.009410679340362549,0.09576584,0.09153548,0.81269884
229,1,2,0.006765604019165039,0.04711425,0.043601435,0.9092844
229,1,1,0.008293330669403076,0.0122067295,0.9144346,0.07335876
229,1,1,0.004357859492301941,0.016174102,0.9682577,0.015568241
229,1,1,0.005151182413101196,0.032358557,0.9557825,0.0118590975
229,1,2,0.00870448350906372,0.051682133,0.11566775,0.8326502
229,1,1,0.0204581618309021,0.028172484,0.6055264,0.36630127
229,1,1,0.003988608717918396,0.013659486,0.9666562,0.01968434
229,1,2,0.006985366344451904,0.037757155,0.035629474,0.92661345
134,1,1,0.008832842111587524,0.12481289,0.8452505,0.029936673
134,1,1,0.01136702299118042,0.07976041,0.9021088,0.01813078
134,1,1,0.0059008002281188965,0.06999954,0.91832733,0.011673287
134,1,1,0.006273970007896423,0.046934325,0.94190675,0.011159004
134,1,1,0.005720674991607666,0.036682248,0.95290655,0.010411368
134,1,1,0.003154367208480835,0.032113504,0.9585832,0.00930344
134,1,1,0.008980542421340942,0.045453034,0.9444735,0.010073487
134,1,1,0.006804808974266052,0.05271267,0.9403191,0.0069683134
134,1,1,0.01973402500152588,0.25391042,0.7000315,0.04605813
134,1,1,0.004942059516906738,0.038906623,0.9516313,0.0094621135
134,1,1,0.0045349448919296265,0.026001738,0.9649508,0.009047654
134,1,1,0.009064540266990662,0.030017048,0.95782506,0.012157922
134,1,1,0.00303785502910614,0.02573818,0.96549976,0.00876216
134,1,1,0.006825461983680725,0.039195966,0.9536651,0.0071390136
134,1,1,0.006577149033546448,0.038575463,0.94927144,0.012153106
134,1,1,0.00382348895072937,0.026356842,0.9648209,0.008822347
134,1,1,0.0054299235343933105,0.020484705,0.9671126,0.012402749
134,1,1,0.006171688437461853,0.022578552,0.9676846,0.009736884
134,1,1,0.009493857622146606,0.06443626,0.9187357,0.016828112
134,1,1,0.016016066074371338,0.25717685,0.72377425,0.019048974
134,1,1,0.019016683101654053,0.1106661,0.8764355,0.0128984405
134,1,1,0.008972108364105225,0.0844104,0.90221936,0.013370342
134,1,1,0.006062716245651245,0.051436268,0.93553436,0.013029547
134,1,1,0.00799328088760376,0.08608753,0.8999895,0.013922972
174,2,0,0.0064716339111328125,0.83846325,0.025805898,0.1357309
174,2,2,0.007750153541564941,0.25025794,0.016381389,0.73336077
174,2,2,0.004509866237640381,0.06111864,0.012137764,0.9267437
174,2,0,0.021401524543762207,0.602687,0.25873387,0.1385792
174,2,2,0.011259853839874268,0.26905265,0.02237133,0.7085761
169,2,2,0.00832250714302063,0.10240526,0.035729688,0.86186516
169,2,2,0.006642729043960571,0.10976039,0.021795392,0.86844426
169,2,2,0.008097708225250244,0.05703708,0.07083475,0.87212825
169,2,2,0.006833076477050781,0.09823756,0.03911716,0.8626454
169,2,2,0.006487607955932617,0.078270406,0.0142699145,0.90745974
169,2,2,0.006254673004150391,0.04653149,0.01686599,0.93660265
169,2,2,0.009091198444366455,0.10404799,0.08109581,0.81485623
169,2,2,0.012780725955963135,0.10970465,0.1089706,0.78132474
169,2,2,0.009962141513824463,0.08781407,0.11947521,0.7927108
169,2,2,0.007783561944961548,0.03234155,0.017818913,0.94983953
169,2,2,0.0075435638427734375,0.036180317,0.024170045,0.93964976
326,2,2,0.008343249559402466,0.024460971,0.09121475,0.8843243
326,2,2,0.009659886360168457,0.031969022,0.078309,0.8897221
326,2,2,0.005800217390060425,0.028398214,0.059004534,0.9125973
326,2,2,0.004709333181381226,0.02879044,0.048808757,0.9224009
326,2,2,0.01414412260055542,0.027671875,0.13838752,0.83394057
326,2,2,0.01588231325149536,0.092712715,0.191262,0.7160254
326,2,2,0.007715284824371338,0.08276048,0.055927243,0.8613123
235,2,2,0.008155256509780884,0.04254423,0.07793385,0.87952197
235,2,2,0.006688147783279419,0.05200416,0.029804474,0.91819143
235,2,2,0.015550732612609863,0.052777983,0.06395884,0.88326323
235,2,2,0.00811585783958435,0.043294456,0.04673837,0.9099673
235,2,2,0.00878220796585083,0.03649118,0.13793653,0.82557243
235,2,2,0.004668205976486206,0.032305244,0.029331233,0.93836355
235,2,2,0.005618274211883545,0.040289182,0.13269548,0.8270154
235,2,2,0.007690072059631348,0.035286862,0.042034753,0.9226784
235,2,2,0.009219944477081299,0.04215553,0.05352077,0.9043238
235,2,2,0.011849790811538696,0.03871556,0.055154305,0.9061302
235,2,2,0.00930514931678772,0.034842823,0.087635875,0.87752146
235,2,2,0.00897631049156189,0.040095795,0.050443936,0.90946037
235,2,2,0.0070431530475616455,0.034661934,0.048492994,0.91684514
235,2,2,0.010954320430755615,0.04382409,0.061455708,0.8947203
235,2,2,0.008967041969299316,0.051864464,0.03855428,0.9095813
235,2,2,0.0070955753326416016,0.04843731,0.040008996,0.9115538
235,2,2,0.010163336992263794,0.034934178,0.043398783,0.9216671
235,2,2,0.010683834552764893,0.03746438,0.11098394,0.8515517
235,2,2,0.012356460094451904,0.03723604,0.13338582,0.82937825
235,2,2,0.01496124267578125,0.043427907,0.3731648,0.58340734
235,2,2,0.011047571897506714,0.04069548,0.07288522,0.88641936
235,2,2,0.009643077850341797,0.05182902,0.034714226,0.9134569
235,2,2,0.006652891635894775,0.047342252,0.038479254,0.91417867
235,2,2,0.01315295696258545,0.028150924,0.0841759,0.8876733
235,2,2,0.006125152111053467,0.033406287,0.039279148,0.92731464
194,2,2,0.006562143564224243,0.015418175,0.037670456,0.9469114
194,2,2,0.005397230386734009,0.023809427,0.040502433,0.9356882
194,2,2,0.004350513219833374,0.01847737,0.038787838,0.94273484
194,2,2,0.005468651652336121,0.015640855,0.023706425,0.9606529
194,2,2,0.009649842977523804,0.022572907,0.082790084,0.8946371
194,2,2,0.0038882791996002197,0.020944763,0.044953976,0.9341013
194,2,2,0.006711035966873169,0.023810301,0.038778637,0.9374111
194,2,2,0.005664840340614319,0.016649311,0.031075066,0.95227563
194,2,2,0.011233925819396973,0.13504004,0.086409755,0.7785503
194,2,2,0.0068912506103515625,0.03360951,0.025787922,0.9406027
194,2,2,0.005411431193351746,0.023033835,0.023921462,0.9530448
194,2,2,0.007955193519592285,0.026690835,0.048332643,0.9249765
