parcel_id,truth,pred,epistemic,prob_0,prob_1,prob_2
97,0,2,0.016555607318878174,0.036011793,0.26650003,0.69748825
97,0,0,0.0065132975578308105,0.85880613,0.05665408,0.084539816
97,0,0,0.009237587451934814,0.867198,0.034820136,0.09798199
97,0,0,0.013654232025146484,0.60457337,0.059176605,0.33625013
97,0,0,0.006366819143295288,0.91178983,0.03658468,0.05162573
97,0,0,0.0025781840085983276,0.9616421,0.020878866,0.017479163
97,0,0,0.005363196134567261,0.93307024,0.03525887,0.03167095
97,0,2,0.01485586166381836,0.36444727,0.088658266,0.5468946
97,0,0,0.0034903883934020996,0.94413114,0.033129018,0.022739997
97,0,0,0.003795623779296875,0.9555511,0.024613272,0.019835757
97,0,0,0.004315435886383057,0.9561451,0.019275106,0.02457984
97,0,0,0.008437812328338623,0.58768123,0.033248167,0.37907067
97,0,0,0.003378361463546753,0.957691,0.025127603,0.017181493
97,0,0,0.003241896629333496,0.95746225,0.025684291,0.016853593
97,0,0,0.002630084753036499,0.9500077,0.02103908,0.028953245
97,0,0,0.005757808685302734,0.90598285,0.022809321,0.071207926
97,0,0,0.006282448768615723,0.9339899,0.027067948,0.038942255
97,0,0,0.004735887050628662,0.9417893,0.03211682,0.026093898
97,0,0,0.004578053951263428,0.83493996,0.024566127,0.14049403
97,0,2,0.013732731342315674,0.32598937,0.1264993,0.54751146
97,0,0,0.00564303994178772,0.88908154,0.043103065,0.067815535
373,0,0,0.007660508155822754,0.93251693,0.025103053,0.04238013
373,0,0,0.018892526626586914,0.46932283,0.42355987,0.10711734
373,0,0,0.006875395774841309,0.9056113,0.015827978,0.0785608
373,0,0,0.00791233777999878,0.94552374,0.024275802,0.030200543
373,0,0,0.00743846595287323,0.9487152,0.028790003,0.022494765
373,0,0,0.007846593856811523,0.9383516,0.02340158,0.0382469
373,0,0,0.00813324749469757,0.9472372,0.022767643,0.029995207
373,0,0,0.0047175586223602295,0.94677097,0.0288707,0.024358302
373,0,0,0.004195705056190491,0.94757104,0.022398366,0.030030727
373,0,0,0.0042723119258880615,0.9498398,0.026245145,0.023915175
373,0,0,0.005432620644569397,0.95106536,0.027918343,0.02101635
373,0,0,0.006322324275970459,0.94247806,0.024743676,0.03277837
373,0,0,0.0061986446380615234,0.9388345,0.034099735,0.02706585
373,0,0,0.006860017776489258,0.9285318,0.051120613,0.020347677
373,0,0,0.004871368408203125,0.92988056,0.04275651,0.027362984
365,0,0,0.011287391185760498,0.69763774,0.026532315,0.27583003
365,0,0,0.011721402406692505,0.86776185,0.021996828,0.11024131
365,0,0,0.006264537572860718,0.9291194,0.015423755,0.055456962
365,0,0,0.00472337007522583,0.9536886,0.021825166,0.024486272
365,0,0,0.009674251079559326,0.877975,0.01744207,0.104582995
365,0,0,0.0052044689655303955,0.9002259,0.01572615,0.08404804
365,0,0,0.004492372274398804,0.91203576,0.018530756,0.06943355
365,0,0,0.007386893033981323,0.88916624,0.016455332,0.09437853
365,0,0,0.005343049764633179,0.9357513,0.017232101,0.047016587
365,0,0,0.00481143593788147,0.9180845,0.042533092,0.0393824
365,0,0,0.008957862854003906,0.8509226,0.021128858,0.12794864
365,0,0,0.00871264934539795,0.9065495,0.033831824,0.059618752
365,0,0,0.008023560047149658,0.88655037,0.061427426,0.0520223
365,0,0,0.01525336503982544,0.697445,0.17052642,0.13202867
365,0,0,0.010855793952941895,0.5952447,0.16096489,0.24379049
68,0,0,0.01262432336807251,0.77162963,0.21630457,0.012065955
68,0,0,0.004255443811416626,0.91151965,0.07470557,0.013774851
68,0,0,0.011395424604415894,0.88138247,0.10132986,0.017287713
68,0,0,0.010413110256195068,0.74718034,0.24087586,0.011943872
68,0,0,0.013123571872711182,0.80391383,0.17131127,0.024774933
68,0,0,0.005177557468414307,0.9510797,0.027243488,0.02167693
68,0,0,0.004206061363220215,0.935261,0.053530723,0.011208288
68,0,1,0.009034693241119385,0.23092392,0.73960507,0.029471172
68,0,0,0.015183746814727783,0.7488821,0.20015016,0.050967794
68,0,0,0.0064237117767333984,0.94396347,0.037374467,0.018662091
68,0,0,0.007807046175003052,0.93033534,0.051519196,0.018145528
367,0,0,0.007691636681556702,0.95110714,0.01811413,0.030778814
367,0,0,0.005962640047073364,0.9395058,0.03378602,0.026708264
367,0,0,0.0048854053020477295,0.9492805,0.026842989,0.023876514
367,0,0,0.006161034107208252,0.93382186,0.030357921,0.03582031
367,0,0,0.006104201078414917,0.95244515,0.021053476,0.026501462
367,0,0,0.006594866514205933,0.9188338,0.032030314,0.049135987
367,0,0,0.005237370729446411,0.94378895,0.023962367,0.032248747
367,0,0,0.005722463130950928,0.94636303,0.032417633,0.02121942
367,0,0,0.009170830249786377,0.93360597,0.04257671,0.023817476
367,0,0,0.006125092506408691,0.9489779,0.025764931,0.025257288
367,0,0,0.004890143871307373,0.94739413,0.037074063,0.0155318715
367,0,0,0.008534759283065796,0.9381488,0.033915732,0.027935559
367,0,0,0.009750425815582275,0.9223424,0.0565473,0.021110328
367,0,0,0.009084731340408325,0.928553,0.045437325,0.02600979
367,0,0,0.006520330905914307,0.90425926,0.07771294,0.018027822
367,0,0,0.007943302392959595,0.9059921,0.079187185,0.014820783
367,0,0,0.007346630096435547,0.8870076,0.0958718,0.017120779
367,0,0,0.0034252554178237915,0.95122963,0.02668724,0.02208326
367,0,0,0.007300257682800293,0.88183075,0.10275897,0.015410287
367,0,0,0.008723944425582886,0.9105314,0.06993506,0.019533671
367,0,0,0.011008590459823608,0.87644017,0.027796432,0.09576356
50,0,1,0.00981748104095459,0.4436641,0.4792746,0.07706134
50,0,0,0.011911869049072266,0.80790114,0.15086317,0.041235693
50,0,0,0.00814896821975708,0.83191067,0.14322916,0.024860302
50,0,0,0.006858229637145996,0.8124858,0.15909068,0.028423658
50,0,0,0.005488961935043335,0.8903314,0.090139456,0.01952922
50,0,0,0.0049803853034973145,0.85163033,0.11588943,0.032480396
50,0,0,0.013596773147583008,0.6006218,0.38134673,0.01803151
50,0,0,0.011722803115844727,0.6897264,0.29334754,0.016926156
50,0,0,0.004403069615364075,0.943785,0.034537714,0.021677265
50,0,0,0.011908471584320068,0.8533563,0.1117947,0.034849092
50,0,0,0.009574532508850098,0.5487409,0.41877592,0.032483224
50,0,0,0.0043076276779174805,0.90144044,0.050579038,0.047980662
50,0,0,0.01463085412979126,0.53880346,0.121147886,0.34004873
50,0,2,0.014532864093780518,0.14163643,0.10417998,0.75418377
50,0,2,0.01545858383178711,0.16774443,0.16373387,0.6685217
70,0,0,0.004637688398361206,0.9269967,0.0198831,0.053120263
70,0,0,0.004445210099220276,0.94586354,0.016722405,0.037414152
70,0,0,0.00558924674987793,0.9401703,0.04261755,0.017212335
70,0,0,0.007033944129943848,0.79618603,0.03274328,0.17107084
70,0,0,0.00438787043094635,0.95129514,0.03397294,0.014731964
70,0,2,0.01627296209335327,0.11328939,0.0654258,0.82128495
70,0,0,0.009586453437805176,0.8546034,0.07864335,0.06675323
13,0,1,0.00912618637084961,0.24373446,0.6806904,0.07557522
13,0,0,0.007565796375274658,0.5250034,0.42426124,0.05073543
13,0,0,0.01338738203048706,0.69252133,0.25305736,0.0544214
100,0,0,0.006373479962348938,0.94598144,0.032681774,0.021336883
100,0,0,0.007078051567077637,0.94720775,0.026131826,0.026660435
100,0,0,0.008118033409118652,0.9386447,0.038355134,0.023000307
100,0,0,0.017304062843322754,0.68502825,0.07051769,0.24445415
100,0,0,0.0037220418453216553,0.9508931,0.03084284,0.018264087
100,0,0,0.007219403982162476,0.90833676,0.031117095,0.060546193
100,0,0,0.005398154258728027,0.9479849,0.02330799,0.028707232
100,0,0,0.006400108337402344,0.94185114,0.02247761,0.03567141
100,0,0,0.009701669216156006,0.82444394,0.041838422,0.13371779
100,0,0,0.0051507651805877686,0.94854724,0.020020332,0.031432495
100,0,0,0.007806539535522461,0.92352504,0.021890178,0.054584924
100,0,0,0.006501436233520508,0.92960954,0.050736386,0.019654188
100,0,0,0.007003754377365112,0.8970725,0.026095739,0.07683175
100,0,0,0.007307708263397217,0.9100733,0.024900265,0.06502659
100,0,0,0.0066339969635009766,0.9300759,0.04529031,0.024633946
100,0,2,0.013170957565307617,0.34050488,0.066419974,0.5930752
52,0,2,0.023591339588165283,0.2285832,0.14709622,0.6243207
52,0,0,0.011406123638153076,0.81489813,0.047729764,0.13737208
52,0,0,0.004342377185821533,0.9417399,0.03243129,0.025828902
52,0,0,0.0051514506340026855,0.79869026,0.16610584,0.03520398
52,0,0,0.0036665648221969604,0.96052176,0.020610642,0.018867709
52,0,0,0.005801334977149963,0.9438338,0.026539007,0.029627282
52,0,0,0.003703787922859192,0.9549972,0.023216302,0.021786591
52,0,0,0.005100682377815247,0.94401,0.03931806,0.016671952
52,0,0,0.013377666473388672,0.80101234,0.16550742,0.033480313
52,0,0,0.007634907960891724,0.93748915,0.024928909,0.037582025
52,0,0,0.006841182708740234,0.95232606,0.020949518,0.02672443
52,0,0,0.006450429558753967,0.9511468,0.017794373,0.031058861
52,0,0,0.006648927927017212,0.94635475,0.028498014,0.025147298
52,0,0,0.007008641958236694,0.9029715,0.07259711,0.02443144
52,0,0,0.00936231017112732,0.8642019,0.11099159,0.024806483
52,0,0,0.015942752361297607,0.57624274,0.06840182,0.35535547
52,0,1,0.015382170677185059,0.4339738,0.5431569,0.022869525
52,0,0,0.0055183470249176025,0.9467547,0.014274788,0.03897051
52,0,0,0.008075237274169922,0.9370345,0.021943968,0.041021664
52,0,0,0.006468832492828369,0.9334579,0.016530745,0.05001148
52,0,0,0.00758323073387146,0.9382184,0.026392553,0.03538908
52,0,0,0.006975710391998291,0.93617165,0.043969944,0.019858448
52,0,0,0.006517738103866577,0.8971807,0.08014098,0.022678416
52,0,0,0.017513275146484375,0.6235582,0.17233114,0.20411073
52,0,0,0.005739673972129822,0.94442177,0.040543657,0.015034702
52,0,0,0.0029411613941192627,0.9588644,0.02284749,0.018288122
52,0,0,0.0037250667810440063,0.95867646,0.027964514,0.013359062
52,0,0,0.003279760479927063,0.9572315,0.016984992,0.025783587
52,0,0,0.006582498550415039,0.9328065,0.04778632,0.01940718
52,0,0,0.004780620336532593,0.94688654,0.019842876,0.033270657
52,0,0,0.007779359817504883,0.9175729,0.059598148,0.022829022
52,0,0,0.014292657375335693,0.6800772,0.2076165,0.1123064
52,0,0,0.006116211414337158,0.9145228,0.07115788,0.014319448
52,0,0,0.005510687828063965,0.89088106,0.09450805,0.014611033
52,0,0,0.009468436241149902,0.81147826,0.17096427,0.01755756
52,0,0,0.006646335124969482,0.832827,0.14402395,0.023149151
52,0,0,0.01136857271194458,0.8324389,0.14998664,0.01757442
52,0,0,0.009153604507446289,0.90488523,0.07103369,0.02408119
52,0,0,0.01810985803604126,0.7368217,0.2405483,0.022630066
52,0,1,0.012887418270111084,0.42521837,0.5437963,0.0309854
52,0,0,0.010135948657989502,0.79334766,0.18285652,0.02379601
52,0,0,0.01576298475265503,0.7394257,0.24331778,0.017256515
52,0,0,0.013918101787567139,0.82721823,0.15506671,0.01771525
52,0,0,0.008233904838562012,0.838554,0.14271131,0.018734768
11,0,0,0.009400427341461182,0.8666099,0.067814976,0.065575235
11,0,0,0.009206265211105347,0.9232622,0.043472193,0.03326574
11,0,0,0.006695806980133057,0.9361192,0.033114977,0.030765865
11,0,0,0.005623146891593933,0.9451995,0.03273844,0.022062117
11,0,0,0.0042965710163116455,0.95734817,0.021753954,0.0208979
11,0,0,0.003366529941558838,0.93917394,0.01813634,0.042689793
11,0,0,0.006317198276519775,0.9367998,0.029212557,0.0339877
11,0,0,0.004498913884162903,0.9570642,0.019164553,0.023771236
11,0,0,0.0031213611364364624,0.9602759,0.015838677,0.02388553
11,0,0,0.0062666237354278564,0.95048314,0.020938221,0.028578723
11,0,0,0.003963589668273926,0.95468533,0.017138453,0.028176297
11,0,0,0.006838709115982056,0.9344452,0.015386432,0.05016844
11,0,0,0.005706280469894409,0.9518567,0.02585179,0.022291545
11,0,0,0.004618778824806213,0.95001614,0.025079675,0.024904327
11,0,0,0.0023706406354904175,0.9644447,0.017109713,0.018445723
11,0,0,0.004756629467010498,0.95514286,0.018270733,0.026586523
11,0,0,0.0044300854206085205,0.95513093,0.013962889,0.030906323
11,0,0,0.00527605414390564,0.9023414,0.014219163,0.08343949
11,0,0,0.0064643025398254395,0.95591617,0.02312692,0.02095695
11,0,0,0.002587258815765381,0.9623676,0.015073795,0.022558687
11,0,0,0.00569365918636322,0.94614315,0.018295214,0.035561707
11,0,0,0.006181433796882629,0.94589657,0.01610693,0.03799656
11,0,0,0.004965543746948242,0.9462132,0.015475988,0.03831092
11,0,0,0.0068465471267700195,0.9024365,0.019439844,0.078123756
11,0,0,0.00490039587020874,0.94908774,0.019198865,0.031713445
11,0,0,0.003026053309440613,0.9584179,0.012848037,0.028734155
11,0,0,0.005203232169151306,0.9580495,0.02017051,0.021780072
11,0,0,0.007130682468414307,0.9401587,0.018281896,0.041559573
11,0,0,0.0040176063776016235,0.9472494,0.011433844,0.041316785
11,0,0,0.009322136640548706,0.9171697,0.01734912,0.06548136
11,0,0,0.003942608833312988,0.94965976,0.021451455,0.028888758
11,0,0,0.003261357545852661,0.9461142,0.019475631,0.0344103
11,0,0,0.005899548530578613,0.95227027,0.019798608,0.027931152
11,0,0,0.005024939775466919,0.9383736,0.015052068,0.0465744
11,0,0,0.004471421241760254,0.92392796,0.015229967,0.060842097
11,0,0,0.011089056730270386,0.84121287,0.020575954,0.13821119
11,0,0,0.008382260799407959,0.9347319,0.038971707,0.026296435
11,0,0,0.0038150250911712646,0.9477247,0.03152846,0.020746937
11,0,0,0.00960347056388855,0.902994,0.065268725,0.031737354
11,0,0,0.0076332688331604,0.9296355,0.025953274,0.04441117
11,0,0,0.004574954509735107,0.9435851,0.032733817,0.023681186
11,0,0,0.008193492889404297,0.6918689,0.033673875,0.27445728
381,0,0,0.007149606943130493,0.8808671,0.035015117,0.084117845
381,0,0,0.0072931647300720215,0.76070637,0.027135089,0.21215865
381,0,0,0.006585538387298584,0.93685234,0.019434234,0.043713477
381,0,0,0.003861039876937866,0.94873214,0.018313255,0.03295469
381,0,0,0.006284952163696289,0.8065065,0.044723224,0.1487703
381,0,2,0.007940292358398438,0.19401707,0.03400118,0.77198184
381,0,0,0.0055150240659713745,0.95309365,0.022190746,0.024715764
381,0,0,0.0048115551471710205,0.9528198,0.023634313,0.023545977
381,0,0,0.003992006182670593,0.95177907,0.022577865,0.025643138
381,0,0,0.004217714071273804,0.9466292,0.029640663,0.023730136
381,0,0,0.0081387460231781,0.93182,0.027341224,0.040838778
381,0,0,0.004007399082183838,0.92845297,0.020531278,0.05101584
381,0,0,0.006910830736160278,0.92692494,0.032670017,0.040405087
381,0,0,0.006651446223258972,0.9468612,0.034847215,0.018291654
381,0,0,0.0030173659324645996,0.9575712,0.016890658,0.02553823
381,0,0,0.005276501178741455,0.9430545,0.036344502,0.020600988
381,0,0,0.0057487040758132935,0.9446682,0.04175805,0.013573961
381,0,0,0.003793001174926758,0.93400776,0.04976173,0.016230619
381,0,0,0.008319422602653503,0.9432987,0.019781673,0.03691986
381,0,0,0.007509872317314148,0.9505682,0.021502845,0.027928993
381,0,0,0.003398790955543518,0.95618516,0.019641953,0.024173036
381,0,0,0.004661783576011658,0.94514334,0.031387184,0.023469558
381,0,0,0.0068412721157073975,0.9421262,0.036834247,0.021039622
381,0,0,0.007154539227485657,0.9541408,0.02617065,0.019688698
381,0,0,0.0051594078540802,0.9414991,0.0373792,0.021121861
79,0,0,0.00544247031211853,0.9209575,0.015237719,0.0638049
79,0,0,0.007745027542114258,0.9100998,0.017076008,0.07282428
79,0,0,0.006355971097946167,0.938908,0.03682557,0.024266588
79,0,0,0.006864964962005615,0.91934115,0.04114915,0.039509796
79,0,0,0.005651742219924927,0.92917836,0.01943693,0.051384777
79,0,0,0.005740940570831299,0.93060607,0.02193903,0.047454998
79,0,0,0.004975676536560059,0.9219439,0.019689787,0.058366347
79,0,0,0.004432186484336853,0.9485716,0.025446849,0.02598156
79,0,0,0.007467925548553467,0.9236507,0.039778672,0.03657077
175,0,0,0.009902119636535645,0.86153984,0.11316046,0.02529979
175,0,0,0.004255473613739014,0.9421546,0.03422424,0.023621226
175,0,0,0.0058786869049072266,0.9249891,0.061459873,0.013551073
175,0,0,0.006762057542800903,0.8896678,0.097893625,0.012438638
175,0,0,0.0060867369174957275,0.9085881,0.07122299,0.020188928
175,0,0,0.010013997554779053,0.88517994,0.09870365,0.016116317
175,0,0,0.008621752262115479,0.889448,0.08329373,0.027258387
175,0,0,0.012778997421264648,0.7815575,0.17636004,0.042082485
175,0,0,0.005463600158691406,0.92691505,0.04601847,0.0270666
175,0,0,0.009379774332046509,0.9096329,0.07381936,0.016547795
175,0,0,0.00811612606048584,0.8704099,0.11547888,0.0141113745
175,0,0,0.0069717466831207275,0.8925937,0.09449808,0.012908371
175,0,0,0.007959723472595215,0.9207622,0.063664556,0.015573283
175,0,0,0.006211996078491211,0.9314366,0.054137703,0.01442584
175,0,0,0.0071287453174591064,0.9328222,0.0541439,0.013033947
175,0,0,0.005171775817871094,0.9040089,0.07898407,0.017007085
175,0,0,0.005574434995651245,0.9161457,0.06397639,0.019878006
175,0,0,0.009225308895111084,0.8483745,0.13003743,0.021588178
175,0,0,0.015601694583892822,0.6838721,0.2536502,0.062477697
175,0,0,0.008966177701950073,0.9187471,0.06373797,0.017514957
175,0,0,0.008993029594421387,0.9398516,0.046780135,0.013368328
175,0,0,0.005706280469894409,0.9228906,0.05982372,0.017285619
175,0,0,0.0056726038455963135,0.9279756,0.059191164,0.0128333485
175,0,0,0.0038284212350845337,0.95300466,0.026413063,0.020582432
175,0,0,0.007559150457382202,0.8906947,0.09431629,0.014989189
175,0,0,0.010497421026229858,0.84240556,0.14165771,0.015936846
175,0,0,0.0074936747550964355,0.89846885,0.08578573,0.015745463
175,0,0,0.011241257190704346,0.8469976,0.12754539,0.025457086
175,0,0,0.01440131664276123,0.7611509,0.20360003,0.035249155
175,0,0,0.015496313571929932,0.54720014,0.25126165,0.20153831
175,0,0,0.008195191621780396,0.9183018,0.06980083,0.011897472
175,0,0,0.0062334537506103516,0.9436815,0.042280875,0.014037793
175,0,0,0.011180013418197632,0.91992044,0.06192931,0.018150322
175,0,0,0.00938764214515686,0.9157535,0.07135408,0.012892556
175,0,0,0.006042420864105225,0.90258914,0.08419546,0.013215556
175,0,0,0.009718865156173706,0.8662463,0.11665601,0.017097829
175,0,0,0.0056161582469940186,0.84415025,0.13825384,0.017595913
175,0,0,0.008731305599212646,0.81944484,0.15912329,0.021431942
175,0,0,0.014468193054199219,0.6577121,0.31592143,0.026366504
175,0,0,0.012209892272949219,0.6195417,0.3382737,0.042184606
175,0,0,0.0054822564125061035,0.9380066,0.047215488,0.014778013
175,0,0,0.006512999534606934,0.8988172,0.08529708,0.015885927
175,0,0,0.0065711140632629395,0.9216383,0.061465252,0.016896524
175,0,0,0.00718805193901062,0.94143057,0.03430027,0.024269227
175,0,0,0.010832637548446655,0.9137992,0.06995956,0.016241271
175,0,0,0.011706233024597168,0.92086303,0.06414638,0.014990675
175,0,0,0.004900932312011719,0.8992172,0.086199775,0.014583136
175,0,0,0.008936583995819092,0.82402563,0.15440506,0.021569302
175,0,0,0.014367818832397461,0.8067771,0.16538067,0.02784221
175,0,0,0.005812108516693115,0.870247,0.107353576,0.022399519
175,0,0,0.006950706243515015,0.87134373,0.115986176,0.012670181
175,0,0,0.006667912006378174,0.9383712,0.043668903,0.01796003
175,0,0,0.005892008543014526,0.9409415,0.04271747,0.0163411
175,0,0,0.004364222288131714,0.93757915,0.047927316,0.014493666
175,0,0,0.004541575908660889,0.93768877,0.046477858,0.015833458
175,0,0,0.0033442825078964233,0.9541546,0.027611462,0.018234067
175,0,0,0.003969252109527588,0.934926,0.049852625,0.015221532
175,0,0,0.006162911653518677,0.9155543,0.06889653,0.015549293
175,0,0,0.010876655578613281,0.9066574,0.061941482,0.031401247
175,0,0,0.005555868148803711,0.91558015,0.049334288,0.035085585
175,0,0,0.006525397300720215,0.8936647,0.07423972,0.03209561
175,0,0,0.005103394389152527,0.94361347,0.041824795,0.014561831
175,0,0,0.0048708319664001465,0.9446779,0.039735913,0.015586215
175,0,0,0.004614636301994324,0.95411223,0.027662093,0.018225746
175,0,0,0.006838977336883545,0.92101896,0.05364012,0.02534093
175,0,0,0.007380783557891846,0.9276938,0.056027483,0.016278798
175,0,0,0.0056521594524383545,0.9163686,0.07017725,0.013454167
175,0,0,0.009982407093048096,0.7013858,0.27932003,0.01929424
175,0,0,0.006145507097244263,0.9075876,0.06299376,0.02941875
175,0,0,0.005009055137634277,0.89219785,0.07528141,0.03252083
175,0,0,0.006113171577453613,0.9096567,0.07147993,0.01886336
175,0,0,0.013107538223266602,0.8452389,0.1323261,0.02243505
175,0,0,0.00918567180633545,0.61976475,0.33133724,0.048898082
382,0,0,0.00750201940536499,0.6898218,0.025738776,0.28443953
382,0,0,0.004651919007301331,0.952515,0.023658019,0.023826933
382,0,2,0.012593269348144531,0.44527808,0.0225957,0.5321263
382,0,0,0.005638629198074341,0.9483928,0.019670432,0.031936903
382,0,0,0.006766647100448608,0.9394313,0.015357055,0.045211747
382,0,0,0.005564957857131958,0.95323104,0.021974616,0.024794338
382,0,0,0.0078238844871521,0.6233175,0.017976567,0.35870606
382,0,0,0.003908872604370117,0.93467677,0.016085094,0.049238157
382,0,0,0.0035696476697921753,0.9451361,0.01695106,0.03791294
382,0,0,0.007862269878387451,0.57031316,0.02360918,0.40607774
382,0,0,0.0037238001823425293,0.9439359,0.019550385,0.036513858
382,0,0,0.003598228096961975,0.9488574,0.017054567,0.03408807
382,0,0,0.004508286714553833,0.9331502,0.019248927,0.047601033
382,0,0,0.011860013008117676,0.6284849,0.05174768,0.31976745
382,0,0,0.004191860556602478,0.9609589,0.01718495,0.02185618
382,0,0,0.006036043167114258,0.9313702,0.016586252,0.052043527
382,0,2,0.011967122554779053,0.1490348,0.11557259,0.73539275
382,0,0,0.00984877347946167,0.78218573,0.02032996,0.19748442
382,0,0,0.005948960781097412,0.9420584,0.017322171,0.040619455
382,0,0,0.004768848419189453,0.9444074,0.015435579,0.040157128
382,0,0,0.005850046873092651,0.8570284,0.016025234,0.12694642
372,0,0,0.0028836429119110107,0.9524754,0.030809762,0.01671488
372,0,0,0.005796492099761963,0.9463536,0.03720428,0.01644217
372,0,0,0.009283065795898438,0.88674414,0.05713867,0.056117203
372,0,0,0.0068504661321640015,0.9462783,0.022997558,0.030724179
372,0,0,0.005151629447937012,0.94131297,0.039220303,0.019466784
372,0,0,0.0031548291444778442,0.9493313,0.03609168,0.014577101
372,0,0,0.004582107067108154,0.92278385,0.059321634,0.01789454
372,0,0,0.011584818363189697,0.69689333,0.2529841,0.05012261
372,0,0,0.006111159920692444,0.9456971,0.027409257,0.026893703
372,0,0,0.011053085327148438,0.9059393,0.07269317,0.021367645
372,0,0,0.013411372900009155,0.858859,0.0907963,0.05034479
372,0,0,0.006601542234420776,0.91900533,0.06438988,0.016604904
372,0,0,0.011821866035461426,0.7992039,0.18478763,0.016008692
372,0,0,0.0032520294189453125,0.9424372,0.028933335,0.02862953
372,0,0,0.006371289491653442,0.93853605,0.03765887,0.023805242
372,0,0,0.006001651287078857,0.9388524,0.036357444,0.024790242
372,0,0,0.0037321746349334717,0.94813067,0.01912479,0.032744575
372,0,0,0.005777508020401001,0.937169,0.032468785,0.030362278
417,0,1,0.012211382389068604,0.024694182,0.75835806,0.21694778
417,0,1,0.015341341495513916,0.019828968,0.76929194,0.21087922
417,0,1,0.007498115301132202,0.013297707,0.91583717,0.070865184
417,0,1,0.0067504048347473145,0.01553416,0.8998421,0.08462383
417,0,1,0.010881304740905762,0.01616822,0.8791305,0.1047014
417,0,1,0.0072479248046875,0.01802294,0.8065951,0.17538208
417,0,2,0.010141909122467041,0.02152059,0.32925797,0.64922154
417,0,1,0.010951876640319824,0.019830987,0.7325507,0.24761845
417,0,1,0.005847543478012085,0.015342679,0.87978977,0.1048676
417,0,1,0.006948381662368774,0.014388537,0.842554,0.14305761
417,0,1,0.009566545486450195,0.021200238,0.8610281,0.11777184
417,0,1,0.007861852645874023,0.018835366,0.80679363,0.1743711
417,0,1,0.010216206312179565,0.018669043,0.83400035,0.14733066
417,0,1,0.015895962715148926,0.023193598,0.8071293,0.16967711
417,0,2,0.009394943714141846,0.025514266,0.47572383,0.49876195
417,0,1,0.008859097957611084,0.019587005,0.6436101,0.336803
417,0,1,0.007045388221740723,0.014602661,0.8272152,0.15818226
417,0,1,0.015065789222717285,0.01973203,0.6205126,0.35975546
417,0,1,0.008747100830078125,0.015812779,0.7796377,0.20454964
417,0,1,0.005504041910171509,0.01553913,0.86540675,0.11905414
417,0,1,0.012566626071929932,0.015937658,0.708594,0.27546844
417,0,1,0.014655590057373047,0.031723347,0.57350886,0.39476785
417,0,1,0.008851706981658936,0.021838665,0.8109303,0.16723117
417,0,1,0.012285411357879639,0.022239633,0.72650456,0.25125593
417,0,1,0.010978519916534424,0.016953476,0.53065014,0.45239642
417,0,1,0.009730637073516846,0.022325186,0.7325134,0.24516149
417,0,1,0.014430105686187744,0.020260444,0.7962702,0.18346941
417,0,1,0.011061012744903564,0.022101944,0.721331,0.25656715
417,0,2,0.012714087963104248,0.026827186,0.3667776,0.6063953
417,0,1,0.0078200101852417,0.021152552,0.6398896,0.33895797
417,0,1,0.010305941104888916,0.024597153,0.6521059,0.32329696
417,0,2,0.016696274280548096,0.025406683,0.39783642,0.57675695
417,0,1,0.012796998023986816,0.022090508,0.61900824,0.35890132
417,0,1,0.011864066123962402,0.02036901,0.76362914,0.21600196
417,0,1,0.01562964916229248,0.023251517,0.7222153,0.2545332
417,0,2,0.007292419672012329,0.032031607,0.05180171,0.9161668
417,0,2,0.012214094400405884,0.025965137,0.10478531,0.8692497
417,0,2,0.01833367347717285,0.07830261,0.25844365,0.6632538
417,0,2,0.0060475170612335205,0.05691764,0.039231732,0.90385073
417,0,2,0.008399784564971924,0.025865365,0.15172076,0.8224139
417,0,1,0.02085024118423462,0.058136437,0.61284834,0.3290153
417,0,1,0.025895297527313232,0.07779183,0.59600997,0.32619825
383,0,0,0.004542872309684753,0.9478126,0.021131901,0.031055601
383,0,0,0.004662647843360901,0.94981694,0.015058989,0.035124097
383,0,0,0.0068855881690979,0.9379131,0.019292524,0.042794388
383,0,0,0.004490882158279419,0.9439173,0.019719472,0.036363363
383,0,0,0.004711538553237915,0.9514573,0.024048874,0.02449381
383,0,0,0.005573973059654236,0.9486095,0.024968792,0.026421761
383,0,0,0.006003528833389282,0.9518157,0.023898203,0.024286106
383,0,0,0.0040647536516189575,0.95329046,0.023149544,0.023560032
383,0,0,0.006782889366149902,0.93766177,0.02251843,0.039819967
383,0,0,0.0072341859340667725,0.9428465,0.021102367,0.036051244
383,0,0,0.0036249011754989624,0.9598379,0.017478438,0.02268372
383,0,0,0.0042150914669036865,0.954648,0.01435315,0.030998988
383,0,0,0.004747748374938965,0.94176793,0.022103842,0.03612833
383,0,0,0.008504286408424377,0.9526176,0.025639335,0.021743162
383,0,0,0.005250006914138794,0.9350529,0.018746942,0.046200298
383,0,0,0.004613906145095825,0.9404051,0.017404817,0.04219023
383,0,0,0.007659405469894409,0.9441336,0.021928864,0.03393763
383,0,0,0.0063062310218811035,0.91938335,0.036853082,0.043763626
383,0,0,0.008242905139923096,0.8266372,0.0314202,0.14194268
419,0,0,0.009355545043945312,0.82903135,0.027626166,0.1433426
419,0,0,0.008052796125411987,0.92916954,0.044255517,0.026575048
419,0,0,0.008089005947113037,0.94842404,0.02697319,0.024602812
419,0,0,0.002438083291053772,0.9587517,0.022746641,0.01850184
419,0,0,0.0041231513023376465,0.95058435,0.026008738,0.02340698
419,0,0,0.00826328992843628,0.876572,0.0417823,0.08164568
419,0,0,0.007622361183166504,0.92747617,0.03968616,0.032837696
419,0,0,0.0089741051197052,0.8790534,0.056135785,0.0648109
419,0,0,0.013620108366012573,0.8870328,0.035906762,0.07706041
419,0,0,0.007753491401672363,0.9093009,0.029016532,0.06168258
419,0,0,0.006443381309509277,0.89481366,0.029016374,0.07617005
419,0,0,0.0041604191064834595,0.9491007,0.027605137,0.023294302
419,0,0,0.005010008811950684,0.9525844,0.026561582,0.020854076
419,0,0,0.004580825567245483,0.90395135,0.031248294,0.0648005
419,0,0,0.006788343191146851,0.9159966,0.03356076,0.050442774
419,0,0,0.008683592081069946,0.8862943,0.060649388,0.053056404
419,0,0,0.006249547004699707,0.91897887,0.03135957,0.049661607
419,0,0,0.007064163684844971,0.88147694,0.024171889,0.09435122
419,0,0,0.0073001086711883545,0.8872774,0.023460869,0.0892617
419,0,0,0.007523864507675171,0.8837287,0.025547955,0.09072333
419,0,0,0.005746781826019287,0.914075,0.026122227,0.059802867
419,0,0,0.010349422693252563,0.8622412,0.03880632,0.09895259
419,0,0,0.004669666290283203,0.92134684,0.0445726,0.03408062
419,0,0,0.008090108633041382,0.9130202,0.044226546,0.04275331
419,0,0,0.010153383016586304,0.87160325,0.037170615,0.0912263
419,0,0,0.004040509462356567,0.92138946,0.03054608,0.04806452
419,0,0,0.0069811344146728516,0.8584823,0.023514416,0.11800343
419,0,0,0.010711491107940674,0.8394347,0.02692154,0.13364388
419,0,0,0.011842489242553711,0.734711,0.031453457,0.23383568
419,0,0,0.009926140308380127,0.79555625,0.027435258,0.17700864
419,0,0,0.00616532564163208,0.9433911,0.028022338,0.028586661
419,0,0,0.006712436676025391,0.9265127,0.044394337,0.029093008
419,0,0,0.008238613605499268,0.89083105,0.029130591,0.08003846
419,0,0,0.007407546043395996,0.8694245,0.02421099,0.106364526
419,0,0,0.005829304456710815,0.9122008,0.020535497,0.067263745
419,0,0,0.005551129579544067,0.9278884,0.029364072,0.042747457
419,0,0,0.00551113486289978,0.8702488,0.021592502,0.10815878
419,0,0,0.007336974143981934,0.7646423,0.02692134,0.20843635
419,0,0,0.00607144832611084,0.9119774,0.02446597,0.06355673
419,0,0,0.010135352611541748,0.84777045,0.039695233,0.11253444
419,0,0,0.01026618480682373,0.8022299,0.026492195,0.17127806
419,0,0,0.008084118366241455,0.9027384,0.021327991,0.075933754
419,0,0,0.007622718811035156,0.916305,0.021384127,0.062310938
419,0,0,0.005772024393081665,0.9386759,0.026930394,0.034393907
419,0,0,0.01004248857498169,0.7949887,0.027316926,0.17769445
419,0,0,0.008408546447753906,0.835336,0.021225173,0.14343894
419,0,0,0.009262174367904663,0.8556428,0.017000923,0.12735629
419,0,0,0.007773756980895996,0.8152637,0.023655843,0.1610806
419,0,0,0.008400559425354004,0.94572735,0.017601065,0.036671657
419,0,0,0.007861822843551636,0.94219106,0.023442207,0.034366805
419,0,0,0.008594661951065063,0.91865575,0.022755226,0.058589056
419,0,0,0.005107402801513672,0.9213877,0.018254422,0.060357932
419,0,0,0.004815101623535156,0.9132701,0.018202445,0.06852757
419,0,0,0.005934685468673706,0.9155033,0.02208998,0.06240673
419,0,0,0.006637454032897949,0.9325107,0.02229127,0.0451981
419,0,0,0.008790731430053711,0.9278401,0.033436824,0.0387231
419,0,0,0.0068281590938568115,0.92607987,0.018594304,0.05532597
419,0,0,0.010169565677642822,0.94282866,0.022981424,0.034190044
419,0,0,0.00489380955696106,0.9217598,0.016172783,0.062067494
419,0,0,0.0065840184688568115,0.8963311,0.018552301,0.08511666
419,0,0,0.006374746561050415,0.9037203,0.018658927,0.0776208
419,0,0,0.0071312785148620605,0.8959127,0.019366398,0.08472095
419,0,0,0.010279297828674316,0.79861474,0.025850348,0.17553501
419,0,0,0.0036760270595550537,0.9428078,0.021485243,0.035707124
419,0,0,0.008003950119018555,0.93946844,0.02210276,0.03842882
419,0,0,0.009151577949523926,0.86377543,0.021534448,0.11469018
419,0,0,0.01059618592262268,0.87352973,0.019664697,0.10680563
419,0,0,0.012614518404006958,0.90687805,0.018939491,0.07418252
419,0,0,0.007513701915740967,0.9071655,0.01873516,0.0740994
419,0,0,0.008245408535003662,0.8282266,0.022094,0.1496794
419,0,0,0.008184671401977539,0.81308687,0.023988232,0.16292503
419,0,0,0.005224406719207764,0.9093403,0.019358551,0.07130119
419,0,0,0.008192658424377441,0.84901977,0.025090434,0.12588984
419,0,0,0.007025003433227539,0.85707724,0.025031615,0.11789124
419,0,0,0.009538084268569946,0.8936684,0.02580942,0.08052232
419,0,0,0.008541285991668701,0.8828296,0.025875455,0.09129503
69,0,0,0.008672654628753662,0.86948276,0.1085596,0.021957753
69,0,0,0.009150683879852295,0.86786836,0.10293954,0.029192206
69,0,0,0.003831028938293457,0.9594007,0.022774007,0.01782537
69,0,0,0.0047153085470199585,0.9502326,0.028704753,0.021062724
69,0,0,0.006338566541671753,0.919273,0.06344935,0.017277667
69,0,0,0.011082112789154053,0.8910042,0.041032314,0.067963585
69,0,0,0.004925757646560669,0.95696545,0.020583672,0.022450926
69,0,0,0.0048188865184783936,0.9568777,0.024301274,0.018821105
69,0,0,0.003604978322982788,0.957273,0.016799122,0.025927885
69,0,0,0.005880594253540039,0.9525431,0.018730957,0.028726093
69,0,0,0.004900813102722168,0.9100951,0.06440626,0.025498722
69,0,0,0.006529033184051514,0.9527197,0.015738953,0.031541508
69,0,0,0.004399478435516357,0.9559676,0.017045448,0.026987128
69,0,0,0.004606187343597412,0.9502039,0.02334208,0.02645411
69,0,0,0.0029705017805099487,0.96127754,0.02227421,0.016448388
81,0,0,0.007589489221572876,0.9158547,0.07008221,0.014063191
81,0,0,0.0050799548625946045,0.9380396,0.04478332,0.017177185
81,0,0,0.011531531810760498,0.8836604,0.08378995,0.032549795
81,0,0,0.010304689407348633,0.936679,0.03259072,0.030730354
81,0,0,0.008776545524597168,0.8923811,0.08551029,0.022108681
81,0,0,0.006564050912857056,0.9291377,0.026563214,0.044299126
81,0,0,0.008404761552810669,0.92192495,0.033538558,0.044536546
81,0,0,0.006986796855926514,0.91434675,0.03319411,0.052459236
81,0,0,0.005495935678482056,0.91160065,0.051204585,0.037194815
81,0,0,0.007508695125579834,0.8067794,0.015786164,0.17743443
81,0,0,0.004647284746170044,0.936043,0.021615406,0.042341594
81,0,0,0.005836009979248047,0.9075105,0.021614315,0.07087526
117,0,0,0.006023824214935303,0.89919585,0.081005715,0.019798517
117,0,0,0.008776873350143433,0.9492529,0.031280488,0.019466728
117,0,0,0.006685346364974976,0.8631547,0.10405226,0.032793146
117,0,0,0.009364813566207886,0.91779995,0.057867914,0.024332216
117,0,0,0.003956854343414307,0.95178515,0.031517565,0.016697394
117,0,0,0.0035239458084106445,0.9547893,0.024337757,0.020873051
117,0,0,0.005394041538238525,0.9372714,0.039941903,0.022786785
117,0,0,0.0027248412370681763,0.95382196,0.022330796,0.023847189
117,0,0,0.004780858755111694,0.93383604,0.05197811,0.014185871
117,0,0,0.007117867469787598,0.93727684,0.046194263,0.016528994
117,0,0,0.0037809908390045166,0.94979036,0.015246164,0.03496351
117,0,0,0.006556957960128784,0.9103809,0.07462027,0.014998948
117,0,0,0.005121380090713501,0.9491586,0.035685446,0.015156031
117,0,0,0.00420910120010376,0.9493737,0.03571117,0.014915125
117,0,0,0.004387855529785156,0.92355937,0.024131697,0.05230894
117,0,0,0.0044227540493011475,0.9363772,0.021131132,0.042491667
117,0,0,0.008175313472747803,0.8429679,0.07203422,0.084997945
117,0,0,0.007392406463623047,0.91224754,0.047709957,0.04004263
117,0,0,0.003875941038131714,0.94186896,0.030096866,0.028034307
117,0,0,0.006184697151184082,0.9415991,0.03539496,0.023006005
117,0,0,0.007177799940109253,0.9270267,0.054929156,0.018044239
117,0,0,0.016995549201965332,0.69364244,0.22807272,0.07828494
254,0,2,0.012367546558380127,0.33704633,0.10646736,0.55648637
254,0,0,0.009895622730255127,0.61199456,0.071236216,0.31676936
254,0,0,0.013173699378967285,0.49767342,0.19637613,0.3059505
254,0,0,0.014477252960205078,0.48166472,0.08312133,0.43521407
254,0,0,0.009780168533325195,0.8365494,0.037749205,0.12570152
254,0,0,0.011644184589385986,0.6123299,0.32322007,0.06445014
254,0,0,0.012338876724243164,0.6984964,0.14335676,0.15814683
254,0,0,0.011271834373474121,0.5516255,0.30354327,0.14483128
254,0,2,0.01912558078765869,0.2559354,0.17371942,0.57034516
254,0,0,0.01584571599960327,0.75141996,0.095776506,0.15280361
254,0,0,0.013792872428894043,0.65024966,0.23064761,0.11910282
254,0,0,0.012600481510162354,0.68278146,0.15623884,0.16097979
254,0,0,0.011494934558868408,0.6594386,0.20733851,0.13322294
254,0,1,0.01601874828338623,0.3164092,0.46329713,0.2202937
254,0,0,0.010518074035644531,0.44857356,0.34739983,0.20402665
254,0,0,0.011487960815429688,0.73441625,0.18247184,0.083111934
254,0,0,0.011836886405944824,0.56859636,0.2410952,0.1903085
254,0,0,0.012794792652130127,0.75672525,0.1520937,0.09118114
254,0,0,0.01009601354598999,0.59482175,0.3167463,0.08843211
254,0,1,0.012605547904968262,0.31502274,0.41043568,0.27454165
254,0,0,0.006651759147644043,0.799393,0.04331077,0.1572963
254,0,0,0.0120086669921875,0.67044836,0.20097588,0.12857583
254,0,0,0.015663325786590576,0.4778712,0.37267423,0.1494547
254,0,0,0.013763248920440674,0.6425413,0.2880035,0.06945529
254,0,0,0.012526750564575195,0.7625204,0.1892996,0.04818014
254,0,0,0.012626171112060547,0.80282044,0.16042209,0.036757503
254,0,0,0.00625985860824585,0.81176716,0.15610676,0.03212617
254,0,0,0.012468159198760986,0.67559385,0.28144184,0.042964358
254,0,1,0.016065478324890137,0.30549982,0.44324896,0.25125128
254,0,0,0.0075328052043914795,0.86645687,0.029224519,0.104318716
254,0,0,0.012162923812866211,0.8268129,0.06344832,0.10973881
254,0,0,0.010880470275878906,0.77226907,0.13181254,0.09591846
254,0,0,0.0177915096282959,0.71740866,0.21615775,0.06643373
254,0,0,0.007680803537368774,0.88275445,0.096605875,0.020639729
254,0,0,0.006383031606674194,0.8902563,0.08931028,0.020433571
254,0,0,0.008109450340270996,0.9318687,0.0490657,0.019065708
254,0,0,0.014460653066635132,0.865805,0.10972607,0.02446912
254,0,0,0.009632468223571777,0.8336343,0.03543445,0.1309313
254,0,0,0.0062739551067352295,0.9131859,0.02739708,0.05941711
254,0,0,0.004516184329986572,0.9337095,0.026623523,0.039666917
254,0,0,0.005436718463897705,0.93270653,0.050994925,0.01629858
254,0,0,0.009503364562988281,0.89911413,0.08089596,0.019989932
254,0,0,0.00613856315612793,0.9053716,0.07376446,0.020864027
254,0,0,0.0052246153354644775,0.91238105,0.069570854,0.018048223
254,0,0,0.00894773006439209,0.8435705,0.12048169,0.03594793
254,0,0,0.00959557294845581,0.8644194,0.034576274,0.10100446
254,0,0,0.005322843790054321,0.90393513,0.026911162,0.06915373
254,0,0,0.004279285669326782,0.9466449,0.03696534,0.016389787
254,0,0,0.006928980350494385,0.92293954,0.062802196,0.014258346
254,0,0,0.006538987159729004,0.9274281,0.058120016,0.0144519685
254,0,0,0.006274670362472534,0.8879439,0.08613831,0.025917854
254,0,0,0.007671654224395752,0.8772563,0.09753223,0.02521169
254,0,0,0.01111757755279541,0.6833243,0.20026648,0.11640935
254,0,0,0.00661119818687439,0.8857722,0.028638704,0.08558912
254,0,0,0.003606274724006653,0.954023,0.030288098,0.015688974
254,0,0,0.006210952997207642,0.95421064,0.02311966,0.022669788
254,0,0,0.007218897342681885,0.92340374,0.058840856,0.017755436
254,0,0,0.0030879974365234375,0.93292636,0.041669846,0.02540389
254,0,0,0.00854271650314331,0.93101174,0.044231765,0.024756521
254,0,0,0.009480267763137817,0.87982213,0.094274625,0.025903283
254,0,0,0.01198798418045044,0.69768703,0.17742333,0.12488963
254,0,0,0.004576653242111206,0.9189201,0.056067783,0.025012061
254,0,0,0.004609003663063049,0.95331526,0.028381422,0.018303363
254,0,0,0.00669407844543457,0.9382527,0.0313577,0.030389667
254,0,0,0.008066028356552124,0.9363025,0.035529207,0.028168404
254,0,0,0.008161485195159912,0.9265201,0.038240816,0.035239138
254,0,0,0.005927145481109619,0.89651906,0.073023595,0.030457366
254,0,0,0.012165606021881104,0.73693687,0.21483934,0.04822396
254,0,0,0.012589573860168457,0.5281024,0.33979073,0.13210689
254,0,0,0.01884382963180542,0.66791356,0.19135061,0.14073597
254,0,0,0.008323967456817627,0.9279871,0.051097985,0.020914957
254,0,0,0.005583435297012329,0.94451964,0.03841092,0.017069506
254,0,0,0.0062125325202941895,0.9356021,0.051958796,0.012439179
254,0,0,0.010832160711288452,0.9063945,0.07778378,0.015821835
254,0,0,0.009797930717468262,0.90295786,0.081012145,0.01603017
254,0,0,0.0071992576122283936,0.9076637,0.06922212,0.023114227
254,0,0,0.016929209232330322,0.75648934,0.20685029,0.036660448
254,0,0,0.01476907730102539,0.52438325,0.40826568,0.06735118
254,0,0,0.017218589782714844,0.38863453,0.38345498,0.22791052
254,0,0,0.005908489227294922,0.94525903,0.038023356,0.016717678
254,0,0,0.0077188462018966675,0.9464267,0.036275387,0.01729798
254,0,0,0.009608030319213867,0.876222,0.10897527,0.01480281
254,0,0,0.004817962646484375,0.8950884,0.09220125,0.01271041
254,0,0,0.007375657558441162,0.9170369,0.06881663,0.014146564
254,0,0,0.009427785873413086,0.90202534,0.069552615,0.028422166
254,0,0,0.011343777179718018,0.7902111,0.13888486,0.070904195
254,0,1,0.02349567413330078,0.41296554,0.42878708,0.1582475
254,0,0,0.006837338209152222,0.9386911,0.039841898,0.021467116
254,0,0,0.0059371888637542725,0.93947923,0.04358572,0.016935136
254,0,0,0.0087357759475708,0.9064109,0.08024717,0.013342051
254,0,0,0.0035361945629119873,0.91945803,0.06678634,0.013755745
254,0,0,0.009749740362167358,0.9072646,0.07495486,0.017780667
254,0,0,0.006347775459289551,0.869016,0.09676197,0.03422215
254,0,0,0.014227330684661865,0.7594399,0.17994954,0.060610592
254,0,0,0.014188885688781738,0.615451,0.28568503,0.098864116
254,0,0,0.009701341390609741,0.9030911,0.078102656,0.018806376
254,0,0,0.0064382851123809814,0.9201843,0.060690917,0.019124847
254,0,0,0.004768341779708862,0.93346405,0.048409868,0.018126147
254,0,0,0.00580286979675293,0.9319364,0.05055412,0.017509578
254,0,0,0.003935277462005615,0.9343725,0.053073663,0.012553861
254,0,0,0.00486108660697937,0.871555,0.07449676,0.05394832
254,0,0,0.011744678020477295,0.6524622,0.24098004,0.10655784
254,0,0,0.014084994792938232,0.7103339,0.24921428,0.040451877
254,0,0,0.0037043094635009766,0.9366178,0.046891622,0.01649071
254,0,0,0.007451087236404419,0.9310407,0.051731557,0.017227845
254,0,0,0.007450789213180542,0.9269429,0.059486803,0.013570427
254,0,0,0.005302071571350098,0.9343707,0.0501205,0.015508891
254,0,0,0.007332831621170044,0.9246594,0.059551757,0.01578897
254,0,0,0.0060055553913116455,0.90979666,0.068152964,0.022050453
254,0,0,0.01139301061630249,0.5987979,0.20812377,0.19307843
254,0,0,0.00847598910331726,0.9066166,0.037944462,0.055438958
254,0,0,0.0060398876667022705,0.9254188,0.05812592,0.016455403
254,0,0,0.004495024681091309,0.91413563,0.07048412,0.015380211
254,0,0,0.009060144424438477,0.9074413,0.08109982,0.011459012
254,0,0,0.009104520082473755,0.92023844,0.06756557,0.0121961925
254,0,0,0.006656289100646973,0.9119215,0.07484732,0.013231306
254,0,0,0.00450703501701355,0.930172,0.055526767,0.014301311
254,0,0,0.015148580074310303,0.7928517,0.1487762,0.058372248
254,0,0,0.014245092868804932,0.7920524,0.176688,0.0312597
254,0,0,0.006478607654571533,0.93485016,0.049132086,0.016017854
254,0,0,0.0061605870723724365,0.9454798,0.03981005,0.01471021
254,0,0,0.008411616086959839,0.92779046,0.05653052,0.015679087
254,0,0,0.008126765489578247,0.91754586,0.06688519,0.01556902
254,0,0,0.00771176815032959,0.91628844,0.06997375,0.013737915
254,0,0,0.007505834102630615,0.90997446,0.074966,0.015059585
254,0,0,0.011634111404418945,0.7824204,0.16329272,0.054286912
254,0,0,0.012319505214691162,0.651916,0.1120345,0.23604947
254,0,0,0.012514173984527588,0.65564847,0.314337,0.030014535
254,0,0,0.006607323884963989,0.9279513,0.056652542,0.015396156
254,0,0,0.005496859550476074,0.9362155,0.050702214,0.013082315
254,0,0,0.008159995079040527,0.9286037,0.05657067,0.01482571
254,0,0,0.005297839641571045,0.9474076,0.035668682,0.016923817
254,0,0,0.006548017263412476,0.9372692,0.045309763,0.0174211
254,0,0,0.009323596954345703,0.9326047,0.04344012,0.023955317
254,0,0,0.012771308422088623,0.8013445,0.10579888,0.092856705
254,0,0,0.006553947925567627,0.817399,0.030385604,0.15221542
254,0,0,0.004517495632171631,0.92788357,0.053607572,0.01850885
254,0,0,0.004383206367492676,0.9365654,0.05056776,0.012866891
254,0,0,0.005578070878982544,0.9281687,0.058823038,0.013008267
254,0,0,0.004902243614196777,0.95185846,0.030732326,0.017409267
254,0,0,0.00420929491519928,0.956507,0.025256077,0.018237032
254,0,0,0.005459904670715332,0.92354035,0.055324927,0.021134753
254,0,0,0.010388761758804321,0.84659487,0.027397465,0.12600778
254,0,0,0.014647513628005981,0.87335455,0.023413423,0.10323206
254,0,0,0.007286161184310913,0.9385766,0.041783832,0.019639667
254,0,0,0.004717305302619934,0.94684935,0.034325026,0.018825624
254,0,0,0.0069258809089660645,0.93029153,0.0549541,0.014754482
254,0,0,0.00487324595451355,0.9373707,0.04845087,0.014178472
254,0,0,0.0059517621994018555,0.93709433,0.04742445,0.015481355
254,0,0,0.010032296180725098,0.92253524,0.0580665,0.019398311
254,0,0,0.005373746156692505,0.8878997,0.027176699,0.0849237
254,0,0,0.005450010299682617,0.9058314,0.020100826,0.07406789
254,0,0,0.007706403732299805,0.93472904,0.04532635,0.019944701
254,0,0,0.006769537925720215,0.94142115,0.044077065,0.014501857
254,0,0,0.004902243614196777,0.9250454,0.058702737,0.01625197
254,0,0,0.004858940839767456,0.9123572,0.075352624,0.012290272
254,0,0,0.006705582141876221,0.8634179,0.12335239,0.013229849
254,0,0,0.01795327663421631,0.73925185,0.18294474,0.07780346
254,0,0,0.008614391088485718,0.892097,0.021558851,0.08634427
254,0,0,0.004835903644561768,0.9064913,0.02104658,0.07246227
254,0,0,0.011418074369430542,0.8587007,0.12534839,0.015951024
254,0,0,0.00571635365486145,0.90950435,0.07726628,0.013229477
254,0,0,0.00639653205871582,0.91362447,0.0710736,0.01530199
254,0,0,0.006837218999862671,0.8864514,0.101497784,0.012050827
254,0,0,0.005885452032089233,0.83074915,0.15423527,0.015015586
254,0,0,0.012522697448730469,0.6211372,0.21372604,0.16513684
254,0,0,0.0085429847240448,0.8772754,0.026081758,0.096642934
254,0,0,0.013903975486755371,0.83984226,0.14093103,0.019226797
254,0,0,0.008717954158782959,0.8610043,0.117918804,0.0210769
254,0,0,0.0061897337436676025,0.89851344,0.08504659,0.016440045
254,0,0,0.006697028875350952,0.860413,0.122888334,0.016698677
254,0,0,0.006890982389450073,0.8684527,0.114509955,0.01703744
254,0,0,0.010585129261016846,0.8706176,0.112597786,0.01678463
254,0,0,0.009298861026763916,0.86162496,0.10925867,0.029116552
254,0,0,0.006546229124069214,0.8775603,0.026067913,0.096371844
254,0,0,0.004221826791763306,0.8742518,0.094906785,0.030841496
254,0,0,0.0041471123695373535,0.88002425,0.06524304,0.05473278
254,0,0,0.006214559078216553,0.9044432,0.06393083,0.031626068
254,0,0,0.01216799020767212,0.7814414,0.19838068,0.020177916
254,0,0,0.009751707315444946,0.85068834,0.1309964,0.018315315
254,0,0,0.01007649302482605,0.8457683,0.13798177,0.016250016
254,0,0,0.011847257614135742,0.76827383,0.10308343,0.12864271
254,0,0,0.00976628065109253,0.88142425,0.028379155,0.09019663
254,0,0,0.006310999393463135,0.8846278,0.02439164,0.0909806
254,0,0,0.014370858669281006,0.8158476,0.04742123,0.13673134
254,0,0,0.008023440837860107,0.9014471,0.060180455,0.03837252
254,0,0,0.007901489734649658,0.9096338,0.07456949,0.015796801
254,0,0,0.010564744472503662,0.8760248,0.10158748,0.02238773
254,0,0,0.009303092956542969,0.78967935,0.18591489,0.024405863
254,0,0,0.015605628490447998,0.71887904,0.15821913,0.12290198
254,0,0,0.007796347141265869,0.8428569,0.05203078,0.10511239
254,0,0,0.013796389102935791,0.7469868,0.18594077,0.0670726
254,0,0,0.011246442794799805,0.8311956,0.12691087,0.041893553
254,0,0,0.010528713464736938,0.8981467,0.07330912,0.028544301
254,0,0,0.006779193878173828,0.91285676,0.066443436,0.020699957
254,0,0,0.010547876358032227,0.900624,0.077535994,0.021840055
254,0,0,0.008485972881317139,0.71065676,0.2637846,0.025558745
254,0,0,0.010753989219665527,0.8125717,0.1015363,0.08589203
254,0,0,0.011321306228637695,0.8169188,0.055869415,0.1272119
254,0,0,0.01215672492980957,0.6872449,0.062773824,0.24998137
254,0,0,0.01094728708267212,0.78410125,0.17875749,0.037141345
254,0,0,0.00840139389038086,0.9202687,0.041932512,0.037798826
254,0,0,0.011187076568603516,0.8263229,0.14130601,0.03237119
254,0,0,0.008928656578063965,0.83081996,0.14429815,0.02488197
254,0,0,0.011755943298339844,0.79775465,0.12785923,0.07438625
254,0,0,0.005096107721328735,0.8700912,0.051723085,0.07818573
254,0,0,0.01366424560546875,0.84200215,0.08262799,0.07536998
254,0,0,0.011058807373046875,0.6610795,0.2672196,0.07170095
370,0,0,0.005126625299453735,0.9381303,0.02575739,0.03611243
370,0,0,0.007924079895019531,0.934356,0.030947866,0.034696247
370,0,0,0.01324242353439331,0.82497424,0.12120131,0.053824496
370,0,0,0.007445216178894043,0.9151257,0.029295513,0.0555789
370,0,0,0.004676192998886108,0.9517843,0.019986859,0.028228939
370,0,0,0.003319069743156433,0.95189786,0.027751304,0.020350913
370,0,0,0.010216712951660156,0.9192433,0.04460797,0.036148816
370,0,0,0.0036634504795074463,0.94231904,0.040701166,0.016979875
370,0,0,0.0077397823333740234,0.918018,0.053740904,0.028241124
370,0,0,0.004303842782974243,0.94629854,0.036148123,0.017553391
370,0,0,0.0069532692432403564,0.9361364,0.04481799,0.019045623
370,0,0,0.0055735111236572266,0.89910614,0.07487711,0.026016867
370,0,0,0.008495151996612549,0.92467254,0.02236709,0.052960496
379,0,0,0.007589489221572876,0.9285374,0.02900875,0.042453915
379,0,0,0.006010562181472778,0.94692194,0.027213283,0.025864774
379,0,0,0.007405310869216919,0.9202988,0.047694594,0.032006666
379,0,0,0.0056282877922058105,0.93128633,0.037444875,0.03126887
379,0,0,0.006244659423828125,0.9283309,0.022859871,0.04880934
379,0,0,0.006089240312576294,0.9243859,0.040344693,0.035269488
379,0,0,0.008050799369812012,0.8785091,0.064571485,0.056919504
379,0,0,0.003780871629714966,0.9550731,0.027604492,0.017322525
379,0,0,0.005129531025886536,0.9501527,0.031267624,0.018579742
379,0,0,0.010593891143798828,0.8341285,0.13858381,0.027287731
379,0,0,0.0064992159605026245,0.9431132,0.038286,0.018600954
379,0,0,0.005321145057678223,0.9497592,0.03408686,0.01615394
379,0,2,0.008656322956085205,0.02078989,0.098288864,0.88092124
379,0,1,0.013032495975494385,0.28991446,0.5556325,0.15445311
379,0,0,0.013055145740509033,0.8007293,0.16124219,0.038028654
53,0,1,0.01225268840789795,0.33242965,0.46606296,0.20150746
53,0,0,0.015515685081481934,0.44870308,0.34960303,0.20169392
53,0,0,0.011206269264221191,0.81108874,0.09845893,0.09045248
53,0,0,0.012816309928894043,0.64576834,0.20613873,0.14809304
53,0,0,0.007909834384918213,0.8448266,0.11581381,0.03935975
53,0,0,0.0067549049854278564,0.9014397,0.05799529,0.040565103
53,0,0,0.008597463369369507,0.89535785,0.060340036,0.044302233
53,0,0,0.010164141654968262,0.89417654,0.07610432,0.029719245
53,0,0,0.006953984498977661,0.90752697,0.07145245,0.021020604
53,0,0,0.005793392658233643,0.9054895,0.060138132,0.034372427
53,0,0,0.0063970983028411865,0.89801425,0.07157673,0.030409042
53,0,0,0.008347928524017334,0.9125829,0.05712765,0.030289512
53,0,0,0.006286025047302246,0.93291634,0.040021062,0.02706265
53,0,0,0.008011609315872192,0.90273494,0.044521015,0.052744184
53,0,0,0.00694391131401062,0.9077046,0.04249199,0.04980352
53,0,0,0.006555140018463135,0.8964859,0.08893842,0.014575717
53,0,0,0.0039310455322265625,0.9235649,0.037491955,0.03894323
53,0,0,0.006983131170272827,0.8657192,0.106391236,0.027889708
53,0,0,0.01258927583694458,0.8529332,0.10958388,0.037482917
53,0,0,0.006748199462890625,0.86677086,0.10405586,0.029173316
53,0,0,0.011599361896514893,0.83214957,0.13114877,0.03670179
53,0,0,0.01616346836090088,0.7717028,0.17753378,0.050763585
53,0,0,0.010014176368713379,0.73986536,0.21733423,0.04280051
53,0,0,0.006026208400726318,0.8698092,0.105713986,0.024476998
377,0,0,0.005843311548233032,0.9327071,0.029910719,0.0373823
377,0,0,0.00475737452507019,0.9397176,0.029296918,0.030985616
377,0,0,0.01077413558959961,0.79907984,0.036025867,0.1648944
377,0,0,0.0073958635330200195,0.9075908,0.06542323,0.026986042
377,0,0,0.008280962705612183,0.86924374,0.11500687,0.015749525
377,0,0,0.01119905710220337,0.77135116,0.1722748,0.056374095
377,0,0,0.0071755051612854,0.82607806,0.15503125,0.018890796
377,0,0,0.005284130573272705,0.94899607,0.03564397,0.015360057
377,0,0,0.009787797927856445,0.77200884,0.033360634,0.19463061
377,0,0,0.003803253173828125,0.9217676,0.035095528,0.04313697
377,0,0,0.005995959043502808,0.9016251,0.06636995,0.032005016
377,0,0,0.01027536392211914,0.74403334,0.05609711,0.19986962
377,0,0,0.008900076150894165,0.8989903,0.025140733,0.07586899
377,0,0,0.006229311227798462,0.91884995,0.01847773,0.06267236
377,0,0,0.00605425238609314,0.8669616,0.030345373,0.10269306
377,0,0,0.005721241235733032,0.9379679,0.022549847,0.039482262
377,0,0,0.005938053131103516,0.9005923,0.029584026,0.06982367
377,0,0,0.004596412181854248,0.93761206,0.025263852,0.037124116
377,0,0,0.004340797662734985,0.9185955,0.02110418,0.06030041
385,0,2,0.011260151863098145,0.059812564,0.08693102,0.85325646
385,0,0,0.01108253002166748,0.49385974,0.4195354,0.08660487
385,0,0,0.011360645294189453,0.8355149,0.13879955,0.025685633
385,0,0,0.008749544620513916,0.70015657,0.26558876,0.03425483
385,0,0,0.014541089534759521,0.5358378,0.27805486,0.18610737
385,0,0,0.008693724870681763,0.8734794,0.09893228,0.027588366
385,0,0,0.008482098579406738,0.8789873,0.084295504,0.036717363
385,0,0,0.010515213012695312,0.740705,0.1966639,0.06263119
385,0,0,0.003949269652366638,0.95567054,0.023322098,0.021007417
385,0,0,0.00603070855140686,0.92738,0.038053695,0.034566343
385,0,0,0.012543141841888428,0.76388216,0.20729709,0.028820824
385,0,1,0.011702895164489746,0.45978335,0.51358443,0.026632264
385,0,0,0.005635589361190796,0.9545319,0.03025135,0.015216793
385,0,0,0.005154907703399658,0.95225334,0.025552763,0.022193888
385,0,0,0.018707692623138428,0.58319926,0.37583145,0.040969282
385,0,0,0.006599783897399902,0.9313633,0.05108467,0.017552119
385,0,0,0.007677167654037476,0.93529874,0.047294576,0.01740676
385,0,0,0.006785959005355835,0.8861579,0.09126746,0.022574812
385,0,0,0.01172494888305664,0.7175422,0.25614107,0.026316877
385,0,0,0.006150484085083008,0.94246286,0.036736548,0.02080064
385,0,0,0.009524226188659668,0.90629786,0.059206944,0.03449526
5,0,0,0.00933954119682312,0.93277013,0.04358773,0.023642236
5,0,0,0.00580829381942749,0.9455962,0.019050231,0.03535356
5,0,0,0.0032719671726226807,0.95715857,0.014233564,0.028607845
5,0,0,0.006303131580352783,0.9479307,0.027770514,0.024298895
5,0,0,0.0032540559768676758,0.95895797,0.021327743,0.019714344
5,0,0,0.004675179719924927,0.95010304,0.027030498,0.022866467
5,0,0,0.005887344479560852,0.95399284,0.017045666,0.028961606
5,0,2,0.010966777801513672,0.14618275,0.05840106,0.79541636
5,0,2,0.005627989768981934,0.23663694,0.08299148,0.68037164
5,0,0,0.0066001564264297485,0.94472826,0.030011274,0.025260514
5,0,0,0.004238754510879517,0.9502433,0.029068818,0.020687904
5,0,0,0.0025316178798675537,0.9623568,0.01984346,0.017799933
5,0,0,0.005252376198768616,0.9504242,0.028592797,0.020983038
5,0,0,0.0031388401985168457,0.96326345,0.024067631,0.012668996
5,0,0,0.0024305880069732666,0.9596457,0.026350377,0.014004109
5,0,0,0.005066290497779846,0.95232964,0.024188943,0.023481531
5,0,0,0.009102940559387207,0.87292004,0.0817826,0.045297544
5,0,2,0.007179737091064453,0.08409482,0.06360816,0.8522971
5,0,0,0.0035734474658966064,0.9605017,0.019834703,0.019663712
5,0,0,0.004888132214546204,0.95338947,0.028111277,0.018499361
5,0,0,0.006440788507461548,0.95095307,0.023965463,0.025081493
5,0,0,0.0043324679136276245,0.95247227,0.028025813,0.019501926
5,0,0,0.003976300358772278,0.9545505,0.025569998,0.019879598
5,0,0,0.0035169273614883423,0.96369916,0.020371791,0.015929187
5,0,0,0.004703536629676819,0.9548714,0.02200004,0.023128597
5,0,0,0.013433188199996948,0.8518358,0.027009426,0.121154845
5,0,2,0.010444343090057373,0.13927022,0.07936365,0.7813662
5,0,0,0.003334522247314453,0.9548884,0.01715555,0.027956244
5,0,0,0.007898837327957153,0.94404453,0.032208066,0.023747409
5,0,0,0.006749272346496582,0.9531172,0.022879789,0.024003152
5,0,0,0.007471099495887756,0.9450014,0.038414557,0.016584076
5,0,0,0.00466194748878479,0.94768,0.036873665,0.015446439
5,0,0,0.004923373460769653,0.9572008,0.015454079,0.027345227
5,0,0,0.006270304322242737,0.95083565,0.033573166,0.015591174
5,0,0,0.0043234676122665405,0.9519067,0.02233298,0.0257604
5,0,2,0.01205676794052124,0.07021904,0.07260393,0.85717714
5,0,0,0.004099652171134949,0.9516436,0.014125674,0.03423075
5,0,0,0.006409749388694763,0.9562662,0.01721534,0.026518533
5,0,0,0.007266819477081299,0.9495469,0.03305909,0.017394124
5,0,0,0.006324887275695801,0.9509013,0.031898063,0.017200561
5,0,0,0.005303472280502319,0.95782566,0.021021219,0.021153137
5,0,0,0.0038564354181289673,0.9550444,0.0146204755,0.030335203
5,0,0,0.006660774350166321,0.94925714,0.034700647,0.016042221
5,0,0,0.0034684836864471436,0.95529926,0.024102625,0.020598229
5,0,2,0.0077353715896606445,0.13723278,0.09126311,0.7715041
5,0,0,0.0054093897342681885,0.90067065,0.018292237,0.08103718
5,0,0,0.006042227149009705,0.9500763,0.019594964,0.030328905
5,0,0,0.0028763264417648315,0.9580822,0.016760852,0.025156999
5,0,0,0.0038781166076660156,0.9589918,0.02060021,0.020408113
5,0,0,0.00803549587726593,0.9456028,0.01803543,0.03636179
5,0,0,0.004809960722923279,0.95216024,0.01470305,0.033136737
5,0,0,0.0040098875761032104,0.9611402,0.017422512,0.021437308
5,0,0,0.003155529499053955,0.95962405,0.015154108,0.025221964
5,0,2,0.009472131729125977,0.29256302,0.07509608,0.63234097
5,0,0,0.005956828594207764,0.9039378,0.017666398,0.07839578
5,0,0,0.005324453115463257,0.9234664,0.014611563,0.06192214
5,0,0,0.007584571838378906,0.9386187,0.014744446,0.04663699
5,0,0,0.0037349164485931396,0.94627005,0.014708513,0.03902149
5,0,0,0.0043187737464904785,0.92678434,0.014717921,0.0584978
5,0,0,0.00487247109413147,0.949013,0.016765121,0.034221888
5,0,0,0.004705607891082764,0.95130897,0.015772108,0.032918952
5,0,0,0.00862741470336914,0.89343387,0.058972042,0.047594298
5,0,2,0.008848905563354492,0.30494598,0.18381819,0.51123583
5,0,2,0.010809838771820068,0.19464678,0.05092606,0.7544273
5,0,2,0.012094974517822266,0.16333699,0.03838134,0.7982818
5,0,2,0.00844109058380127,0.29878977,0.039956413,0.661254
5,0,0,0.012977123260498047,0.52992505,0.047228612,0.42284638
5,0,0,0.009483754634857178,0.8140859,0.02254781,0.16336642
5,0,0,0.00805056095123291,0.6801228,0.023922002,0.29595524
5,0,2,0.007683753967285156,0.09420298,0.035842896,0.86995417
5,0,2,0.00827789306640625,0.09878245,0.05653656,0.8446811
5,0,2,0.006006062030792236,0.033008512,0.0815086,0.88548297
45,0,1,0.012026548385620117,0.1565382,0.6975557,0.14590615
45,0,0,0.010751187801361084,0.8347892,0.12913385,0.03607703
45,0,1,0.007248103618621826,0.35402292,0.56921154,0.07676556
45,0,0,0.007530331611633301,0.5099427,0.45521086,0.03484651
45,0,0,0.013156533241271973,0.7896416,0.19182436,0.018534118
45,0,0,0.004267990589141846,0.93710965,0.047344077,0.015546385
45,0,0,0.006838321685791016,0.935719,0.036448244,0.02783284
45,0,0,0.007768422365188599,0.8870138,0.07988615,0.033100102
45,0,0,0.0068034827709198,0.88055617,0.10440874,0.015035152
45,0,0,0.009732991456985474,0.86611015,0.062055048,0.0718349
45,0,0,0.010876446962356567,0.91747564,0.03928425,0.043240186
45,0,0,0.007187962532043457,0.9106858,0.05250984,0.036804542
45,0,0,0.008763611316680908,0.9194353,0.058409695,0.022155138
45,0,0,0.007259339094161987,0.9295064,0.041366216,0.029127404
45,0,0,0.00966411828994751,0.8346151,0.14847513,0.016909854
45,0,0,0.004408448934555054,0.9315914,0.035771467,0.032637216
45,0,0,0.004249289631843567,0.94576186,0.024171649,0.030066533
45,0,0,0.009516596794128418,0.9054777,0.07188184,0.022640616
45,0,0,0.0045223236083984375,0.9378102,0.04015187,0.02203803
45,0,0,0.004293918609619141,0.93800294,0.039989166,0.022007942
45,0,0,0.007034569978713989,0.9263072,0.046412393,0.02728051
45,0,0,0.0064743757247924805,0.910279,0.05987914,0.029842053
45,0,0,0.004907712340354919,0.94505346,0.034411155,0.020535542
368,0,0,0.006202250719070435,0.93699044,0.02038316,0.042626478
368,0,0,0.007308289408683777,0.9555273,0.02573027,0.0187425
368,0,0,0.0034025609493255615,0.9513885,0.020266075,0.02834554
368,0,0,0.0038453787565231323,0.945389,0.03597421,0.018636813
368,0,0,0.008656859397888184,0.9432394,0.036182057,0.020578658
368,0,0,0.008029133081436157,0.919203,0.021510942,0.059286073
368,0,0,0.00984281301498413,0.9144512,0.021052111,0.0644968
368,0,0,0.005888402462005615,0.9414038,0.033400744,0.025195524
368,0,0,0.006809353828430176,0.9391267,0.035738338,0.025135005
368,0,0,0.0046318769454956055,0.9377961,0.036263697,0.025940226
368,0,0,0.004983276128768921,0.9357055,0.041069124,0.023225442
368,0,0,0.0059798359870910645,0.9433516,0.028269364,0.028379094
368,0,0,0.007114619016647339,0.919188,0.05520525,0.025606766
368,0,0,0.004097312688827515,0.9343206,0.038415466,0.027263975
368,0,0,0.006804108619689941,0.9377698,0.038844306,0.023386018
368,0,0,0.005456268787384033,0.927062,0.023550149,0.04938796
418,0,0,0.017045795917510986,0.5094019,0.046839174,0.44375893
418,0,0,0.008579254150390625,0.73821944,0.040837437,0.22094329
418,0,0,0.005530208349227905,0.92192686,0.016780348,0.061292864
418,0,0,0.005385845899581909,0.9416046,0.015356037,0.04303953
418,0,0,0.003478720784187317,0.95791954,0.016653137,0.025427388
418,0,0,0.003499552607536316,0.95141876,0.017581126,0.031000238
418,0,0,0.007965505123138428,0.92486066,0.027183602,0.047955785
418,0,0,0.010383844375610352,0.63257784,0.033543106,0.3338792
418,0,0,0.01819002628326416,0.79521626,0.030943919,0.17383993
418,0,0,0.005729377269744873,0.9334393,0.02516174,0.04139902
418,0,0,0.0061907172203063965,0.9281925,0.017841825,0.053965736
418,0,0,0.007086142897605896,0.9440683,0.014909259,0.04102256
418,0,0,0.007739797234535217,0.9467632,0.01636962,0.036867224
418,0,0,0.0035127252340316772,0.952865,0.020112317,0.027022803
418,0,0,0.005219548940658569,0.9483556,0.023684414,0.027960042
418,0,0,0.00788167119026184,0.90656185,0.019869236,0.07356894
418,0,2,0.009853452444076538,0.12185509,0.025279667,0.8528653
418,0,0,0.00940626859664917,0.9248461,0.03670281,0.03845119
418,0,0,0.004600852727890015,0.9275679,0.018763132,0.053669073
418,0,0,0.006516754627227783,0.9321665,0.0194117,0.04842186
418,0,0,0.004990518093109131,0.9326312,0.018707355,0.048661437
418,0,0,0.004979357123374939,0.9523031,0.021287538,0.026409466
418,0,0,0.005968570709228516,0.9413112,0.030082762,0.028606128
418,0,0,0.005100339651107788,0.8804831,0.020879587,0.098637365
418,0,2,0.011576235294342041,0.07163109,0.039523795,0.8888453
418,0,0,0.01801919937133789,0.7785249,0.10862452,0.11285073
418,0,0,0.0047169029712677,0.95278084,0.02012938,0.027089827
418,0,0,0.00426386296749115,0.9424204,0.01468617,0.042893436
418,0,0,0.005326211452484131,0.93428767,0.01856066,0.047151703
418,0,0,0.007908135652542114,0.92792934,0.022097878,0.049972884
418,0,0,0.004764288663864136,0.92889637,0.030342972,0.040760696
418,0,0,0.0056001245975494385,0.88397413,0.031082084,0.08494385
418,0,2,0.01087835431098938,0.10733668,0.034846097,0.85781723
418,0,0,0.015346705913543701,0.5916322,0.3578643,0.050503638
418,0,0,0.004570454359054565,0.95262796,0.02069679,0.02667533
418,0,0,0.004898637533187866,0.9345826,0.016102292,0.049315188
418,0,0,0.004082918167114258,0.94200975,0.016178647,0.04181172
418,0,0,0.005543410778045654,0.94086134,0.017069692,0.04206904
418,0,0,0.008253306150436401,0.9285957,0.023746805,0.047657494
418,0,0,0.005790591239929199,0.9360332,0.023786237,0.040180575
418,0,0,0.009125828742980957,0.8400322,0.025290098,0.13467777
418,0,0,0.011128008365631104,0.7071521,0.15985808,0.13298985
418,0,0,0.008676320314407349,0.92005855,0.06031059,0.019630903
418,0,0,0.004516765475273132,0.9526359,0.020003205,0.027360948
418,0,0,0.004086881875991821,0.94906753,0.023698837,0.027233727
54,0,1,0.009817361831665039,0.31142932,0.41798177,0.27058902
54,0,1,0.013154983520507812,0.32839346,0.39587507,0.27573165
54,0,0,0.012225210666656494,0.4672646,0.4421341,0.09060138
54,0,0,0.011512994766235352,0.61763835,0.2868112,0.09555049
54,0,0,0.012951314449310303,0.6607844,0.23554397,0.10367178
54,0,0,0.012635111808776855,0.54760295,0.31919095,0.13320626
54,0,1,0.018626093864440918,0.4173518,0.45537975,0.12726851
54,0,0,0.012116789817810059,0.46975207,0.25341547,0.27683252
54,0,0,0.01209491491317749,0.5926898,0.27005318,0.13725705
54,0,0,0.017003178596496582,0.7825181,0.15963906,0.05784292
54,0,0,0.009437739849090576,0.80812114,0.13895497,0.05292394
54,0,0,0.009511709213256836,0.6557665,0.28785124,0.05638243
375,0,0,0.009013444185256958,0.8796628,0.029919669,0.09041761
375,0,0,0.008666127920150757,0.8983365,0.03600261,0.06566097
375,0,0,0.0082169771194458,0.93767846,0.045791984,0.016529642
375,0,0,0.0078019797801971436,0.91473323,0.06703396,0.01823291
375,0,0,0.006299197673797607,0.8339787,0.14719571,0.018825624
375,0,0,0.010583490133285522,0.873952,0.02698776,0.09906037
375,0,1,0.010161519050598145,0.026385609,0.8311567,0.14245783
375,0,0,0.0041380226612091064,0.9444649,0.017662758,0.037872456
375,0,0,0.010779738426208496,0.93944407,0.04106174,0.01949433
375,0,0,0.007113784551620483,0.93265,0.051258914,0.016091054
375,0,0,0.0060634613037109375,0.9231827,0.06196913,0.014848209
375,0,0,0.005686372518539429,0.9161765,0.07247796,0.011345585
375,0,0,0.004382655024528503,0.9470402,0.017981462,0.034978375
375,0,0,0.006298184394836426,0.9430643,0.032144263,0.024791596
375,0,0,0.0030767619609832764,0.9576125,0.02547795,0.016909508
375,0,0,0.01044929027557373,0.84705824,0.024301449,0.12864041
375,0,0,0.007912248373031616,0.8672187,0.11372746,0.01905394
375,0,0,0.004504337906837463,0.9511114,0.028601216,0.02028746
375,0,0,0.004430368542671204,0.94955015,0.02501688,0.025432967
375,0,0,0.006845414638519287,0.9370318,0.033898223,0.029070023
375,0,0,0.0028876960277557373,0.94169635,0.022478463,0.035825193
375,0,0,0.00522652268409729,0.93995476,0.02561732,0.034428027
375,0,0,0.0042649805545806885,0.95351875,0.025912534,0.020568822
375,0,0,0.004595041275024414,0.9418815,0.03541559,0.022703031
375,0,0,0.006897330284118652,0.93919575,0.034345385,0.026458992
375,0,0,0.009430557489395142,0.9283683,0.043020435,0.028611345
375,0,0,0.008782356977462769,0.8670829,0.039661285,0.09325588
375,0,0,0.009256750345230103,0.86184025,0.12278252,0.015377329
375,0,0,0.008538514375686646,0.87016845,0.108638704,0.02119288
375,0,0,0.012888431549072266,0.8308977,0.14182757,0.027274853
375,0,0,0.010410398244857788,0.8958651,0.07735997,0.026775109
375,0,0,0.0076982975006103516,0.8802259,0.07818979,0.041584324
375,0,0,0.01734769344329834,0.7503216,0.16545211,0.08422627
375,0,0,0.013228297233581543,0.716624,0.174116,0.1092601
386,0,0,0.004437103867530823,0.95286936,0.03290918,0.014221576
386,0,0,0.004112035036087036,0.9374504,0.045105457,0.017444316
386,0,0,0.005418047308921814,0.9585339,0.024498822,0.016967362
386,0,0,0.005369007587432861,0.95036775,0.029446933,0.020185446
386,0,0,0.005704045295715332,0.9433456,0.038925372,0.01772909
386,0,0,0.004212319850921631,0.9297706,0.051930748,0.018298745
386,0,0,0.007654130458831787,0.9406549,0.023735534,0.03560965
386,0,0,0.003987014293670654,0.9528772,0.025634266,0.021488525
386,0,0,0.006870239973068237,0.93246657,0.02865686,0.03887666
386,0,0,0.004665598273277283,0.9530489,0.023439048,0.023512112
386,0,0,0.005447745323181152,0.952031,0.018624252,0.029344726
386,0,0,0.0052718669176101685,0.9488945,0.026287215,0.024818292
386,0,0,0.006066828966140747,0.9413693,0.027899591,0.030731212
386,0,0,0.005159944295883179,0.95519733,0.021035006,0.023767756
386,0,0,0.0052291154861450195,0.9457683,0.0250812,0.02915056
386,0,0,0.004657953977584839,0.9260993,0.024007691,0.049893133
386,0,0,0.004229024052619934,0.9548506,0.019201724,0.025947748
386,0,0,0.004077643156051636,0.9602224,0.019212361,0.020565297
386,0,0,0.003006979823112488,0.9505487,0.026911786,0.022539588
386,0,0,0.005371898412704468,0.9561155,0.026801867,0.017082777
386,0,0,0.0025978833436965942,0.9504058,0.026064519,0.023529775
386,0,0,0.005547523498535156,0.92010576,0.021649467,0.05824485
386,0,0,0.0042313337326049805,0.95289993,0.024389815,0.02271034
386,0,0,0.0035657137632369995,0.94627553,0.04059254,0.013131978
386,0,0,0.007381081581115723,0.9410544,0.043664716,0.015281035
386,0,0,0.005717605352401733,0.93985003,0.045222916,0.014927099
386,0,2,0.01170206069946289,0.114229344,0.08407746,0.80169326
386,0,2,0.012587547302246094,0.41462818,0.08664566,0.49872625
386,0,0,0.010088205337524414,0.7745168,0.19688973,0.028593464
386,0,0,0.00788012146949768,0.8901667,0.09425279,0.015580658
386,0,1,0.010140657424926758,0.015125477,0.8605203,0.1243543
369,0,0,0.012034893035888672,0.8943854,0.053766597,0.05184808
369,0,0,0.005284667015075684,0.93085736,0.02699516,0.04214753
369,0,0,0.0074250102043151855,0.95484334,0.02128636,0.023870448
369,0,0,0.003927469253540039,0.9527324,0.024128545,0.023139153
369,0,0,0.004159674048423767,0.9462734,0.016103351,0.037623208
369,0,0,0.0027113109827041626,0.9552601,0.021232551,0.02350745
369,0,0,0.0051316916942596436,0.9428294,0.026613796,0.030556917
369,0,0,0.0061514973640441895,0.94169194,0.035001967,0.023306252
369,0,0,0.003947228193283081,0.9561303,0.022750432,0.021119313
369,0,0,0.0042428672313690186,0.9527893,0.01480576,0.03240501
369,0,0,0.0028233230113983154,0.9623766,0.020490356,0.017133143
369,0,0,0.0031153112649917603,0.9573654,0.018271701,0.02436294
369,0,0,0.008069068193435669,0.916076,0.04896495,0.034959126
369,0,0,0.008246541023254395,0.82701296,0.11801829,0.054968864
369,0,0,0.006990358233451843,0.9435061,0.024613168,0.031880844
369,0,0,0.0033703595399856567,0.9507954,0.019416375,0.029788183
369,0,0,0.003518998622894287,0.9550972,0.027537804,0.017365217
369,0,0,0.0052667707204818726,0.95444757,0.02154643,0.024006072
369,0,0,0.0050898343324661255,0.95648736,0.026672764,0.016839968
369,0,0,0.01012071967124939,0.8779635,0.024258953,0.09777763
369,0,0,0.007624208927154541,0.8262398,0.017795468,0.15596478
369,0,0,0.008224725723266602,0.60517186,0.22616741,0.16866085
369,0,0,0.004951417446136475,0.9387576,0.026854465,0.034388002
369,0,0,0.005403876304626465,0.94322294,0.025012134,0.03176507
369,0,0,0.004648089408874512,0.9463725,0.017383965,0.036243606
369,0,0,0.00369851291179657,0.9543079,0.019049602,0.02664263
369,0,0,0.004228159785270691,0.9472895,0.022601157,0.030109419
369,0,0,0.010266482830047607,0.902173,0.027481098,0.070346005
369,0,0,0.008014529943466187,0.9214801,0.019137288,0.05938267
369,0,0,0.008922964334487915,0.91097176,0.015422837,0.07360543
369,0,1,0.008768200874328613,0.38851893,0.44404706,0.16743407
369,0,0,0.005887359380722046,0.8977638,0.06368241,0.03855392
369,0,0,0.00654757022857666,0.94337094,0.03086959,0.025759539
369,0,0,0.0034738481044769287,0.9476192,0.022546612,0.029834254
369,0,0,0.003868281841278076,0.9430879,0.025055965,0.031856332
369,0,0,0.0042846351861953735,0.9538356,0.01665872,0.029505804
369,0,0,0.005187168717384338,0.9449792,0.021670872,0.033350002
369,0,0,0.007468670606613159,0.9420578,0.019446446,0.03849586
369,0,0,0.007752835750579834,0.9327499,0.021133266,0.04611687
369,0,0,0.00975733995437622,0.7061078,0.2571738,0.036718518
369,0,0,0.008029460906982422,0.93908656,0.033008292,0.027905146
369,0,0,0.004981443285942078,0.9482562,0.02494502,0.02679875
369,0,0,0.009399056434631348,0.94293016,0.019949727,0.03712032
369,0,0,0.004880964756011963,0.9425294,0.017328277,0.040142454
369,0,0,0.004529118537902832,0.93520755,0.025673803,0.03911873
369,0,0,0.005715429782867432,0.93397397,0.02726281,0.03876322
369,0,0,0.011711418628692627,0.6953295,0.12560496,0.17906559
369,0,0,0.005871772766113281,0.93737334,0.03456125,0.028065538
369,0,0,0.002660423517227173,0.9576558,0.016600447,0.025743902
369,0,0,0.0033956021070480347,0.95285136,0.018521087,0.028627645
369,0,0,0.008259832859039307,0.9463077,0.020840244,0.032852087
369,0,0,0.009651124477386475,0.92094827,0.018404126,0.06064764
369,0,0,0.005934476852416992,0.8694248,0.100620486,0.029954758
369,0,0,0.004510968923568726,0.93924063,0.026224384,0.034535114
369,0,0,0.0027416199445724487,0.96105874,0.015092206,0.023849087
369,0,0,0.0030387789011001587,0.95384943,0.015914254,0.030236395
369,0,0,0.00397607684135437,0.9561067,0.023151945,0.020741373
369,0,0,0.009889662265777588,0.60797113,0.135882,0.25614688
369,0,0,0.004989027976989746,0.9285697,0.04792573,0.023504702
369,0,0,0.007520556449890137,0.91806304,0.044042632,0.03789445
369,0,0,0.007580578327178955,0.9157902,0.047190636,0.03701922
369,0,0,0.010725080966949463,0.7343373,0.16271783,0.102944985
364,0,0,0.01064908504486084,0.8560948,0.031651836,0.11225337
364,0,0,0.006661802530288696,0.9117941,0.040564097,0.04764188
364,0,0,0.009499073028564453,0.87325585,0.028411279,0.09833291
364,0,0,0.009798973798751831,0.88990563,0.042013835,0.06808065
364,0,0,0.016248464584350586,0.7021558,0.09936357,0.19848062
364,0,0,0.010213375091552734,0.82741874,0.03354107,0.13904034
364,0,0,0.009031414985656738,0.81211406,0.02581335,0.1620726
364,0,0,0.006326109170913696,0.88256794,0.036610566,0.0808215
364,0,0,0.009804308414459229,0.89169765,0.03752218,0.0707802
364,0,0,0.006456315517425537,0.82034916,0.02226623,0.15738468
364,0,0,0.009007036685943604,0.9133933,0.02486788,0.06173884
364,0,0,0.011260122060775757,0.84679645,0.023767667,0.12943596
364,0,0,0.009297996759414673,0.8968644,0.022904191,0.080231465
364,0,0,0.00991147756576538,0.7259811,0.019713573,0.25430533
364,0,0,0.013257086277008057,0.48369354,0.05268367,0.4636228
364,0,0,0.014288663864135742,0.5870093,0.12614034,0.2868503
364,0,0,0.017315387725830078,0.6625163,0.19848172,0.13900204
364,0,0,0.013552427291870117,0.6813256,0.05515295,0.26352152
364,0,0,0.003609687089920044,0.8589581,0.019414745,0.1216272
364,0,0,0.006698310375213623,0.89364916,0.01517342,0.09117761
364,0,0,0.01006278395652771,0.93109417,0.01673334,0.05217252
364,0,0,0.009955406188964844,0.82589775,0.096127726,0.07797457
364,0,0,0.009044945240020752,0.57118815,0.12604192,0.30277002
364,0,0,0.012127518653869629,0.39631158,0.22651696,0.37717155
364,0,0,0.016590476036071777,0.48301724,0.043624125,0.47335875
364,0,0,0.011155307292938232,0.54150003,0.05828811,0.40021187
364,0,0,0.010526895523071289,0.62081456,0.11514213,0.26404342
364,0,0,0.011127948760986328,0.41041943,0.29522216,0.2943585
364,0,2,0.01422131061553955,0.2240554,0.3010491,0.47489557
121,0,0,0.013615667819976807,0.59758776,0.15488048,0.24753188
121,0,0,0.01662886142730713,0.42507806,0.33631498,0.23860699
121,0,0,0.015341222286224365,0.6386174,0.052500963,0.30888173
121,0,0,0.016074180603027344,0.550792,0.09323474,0.3559734
121,0,0,0.008291929960250854,0.84814316,0.028273456,0.12358341
121,0,0,0.005340889096260071,0.94345593,0.020639064,0.03590512
121,0,0,0.008096486330032349,0.92498296,0.028174283,0.046842877
121,0,0,0.004703313112258911,0.92051876,0.025615297,0.053866036
121,0,0,0.009546518325805664,0.903537,0.04791279,0.048550338
121,0,0,0.010493963956832886,0.8741694,0.03401978,0.09181094
121,0,0,0.008755475282669067,0.87078995,0.024063226,0.10514703
121,0,0,0.004614144563674927,0.92458117,0.031636033,0.04378288
121,0,0,0.007566690444946289,0.90607697,0.04455544,0.049367692
121,0,0,0.012277066707611084,0.8210414,0.11231002,0.066648625
121,0,0,0.01973593235015869,0.6304647,0.31107542,0.05846
121,0,0,0.03149986267089844,0.59153074,0.11980349,0.2886658
121,0,0,0.012935221195220947,0.7962691,0.032446567,0.17128438
121,0,0,0.00925549864768982,0.9486283,0.019185012,0.032186836
121,0,0,0.007553040981292725,0.9385848,0.019103361,0.042311955
121,0,0,0.002916097640991211,0.94347316,0.020825764,0.035701208
121,0,0,0.006856769323348999,0.9149764,0.02839357,0.056630086
121,0,0,0.007093071937561035,0.9088595,0.028134504,0.06300618
121,0,0,0.006343334913253784,0.9266642,0.031663444,0.04167247
121,0,0,0.00360909104347229,0.9384534,0.027900714,0.033645965
121,0,0,0.003950729966163635,0.9451751,0.027405206,0.027419696
121,0,0,0.008266478776931763,0.9094265,0.047028854,0.043544777
121,0,0,0.007180005311965942,0.902687,0.05024257,0.04707058
121,0,0,0.011299431324005127,0.872004,0.028047878,0.09994811
121,0,0,0.00937420129776001,0.820256,0.046536893,0.13320725
121,0,0,0.017124176025390625,0.76063824,0.13056783,0.1087941
121,0,0,0.016154050827026367,0.7560245,0.052751,0.19122462
121,0,0,0.005312234163284302,0.9360619,0.019349013,0.04458913
121,0,0,0.0041113197803497314,0.9445342,0.024227688,0.03123826
121,0,0,0.007171571254730225,0.9369335,0.032066762,0.03099984
121,0,0,0.004276260733604431,0.94809353,0.023592789,0.028313754
121,0,0,0.006026715040206909,0.9317326,0.025845176,0.042422246
121,0,0,0.007371276617050171,0.92957586,0.030451544,0.039972685
121,0,0,0.005320638418197632,0.93490285,0.031942114,0.033155147
121,0,0,0.005115866661071777,0.930951,0.03930849,0.029740645
121,0,0,0.0056002140045166016,0.9214051,0.049729493,0.028865585
121,0,0,0.006479978561401367,0.9094434,0.043579653,0.046977013
121,0,0,0.007763981819152832,0.8946578,0.056263264,0.049078967
121,0,0,0.005578428506851196,0.89377004,0.02795659,0.07827352
121,0,0,0.009293705224990845,0.9046432,0.034952026,0.060404934
121,0,0,0.010571479797363281,0.8025545,0.08980058,0.107645005
121,0,0,0.006576031446456909,0.9166947,0.022206571,0.061098773
121,0,0,0.0061216652393341064,0.89774096,0.020271605,0.081987455
121,0,0,0.008896499872207642,0.92298037,0.030588035,0.04643164
121,0,0,0.008380413055419922,0.92440546,0.037051722,0.038542856
121,0,0,0.009889602661132812,0.9342225,0.02739618,0.03838138
121,0,0,0.00787016749382019,0.9306534,0.034811445,0.03453522
121,0,0,0.005250126123428345,0.9494197,0.026975472,0.02360493
121,0,0,0.004942566156387329,0.93051356,0.0399379,0.029548543
121,0,0,0.008667469024658203,0.9081748,0.03692578,0.054899476
121,0,0,0.00657886266708374,0.9238858,0.03692065,0.03919358
121,0,0,0.0073552727699279785,0.9276543,0.035346203,0.03699955
121,0,0,0.0063401758670806885,0.9327557,0.03382657,0.033417847
121,0,0,0.0038456320762634277,0.93253064,0.029294718,0.038174745
121,0,0,0.005673855543136597,0.94285184,0.030052459,0.027095776
121,0,0,0.007480055093765259,0.9215247,0.051251326,0.027224021
121,0,0,0.008839607238769531,0.93165,0.034722887,0.033627223
121,0,0,0.014323711395263672,0.6230704,0.03855514,0.33837444
121,0,0,0.006853729486465454,0.9406191,0.028348446,0.031032553
121,0,0,0.004041761159896851,0.9493995,0.023326965,0.027273644
121,0,0,0.005604475736618042,0.9358871,0.02624661,0.037866317
121,0,0,0.007232636213302612,0.9357031,0.030902065,0.033394925
121,0,0,0.005376964807510376,0.93913865,0.030754732,0.03010679
121,0,0,0.004588305950164795,0.9275971,0.036266133,0.03613689
121,0,0,0.006496638059616089,0.9129074,0.05289152,0.034201138
121,0,0,0.005281925201416016,0.91835696,0.056064934,0.025578089
121,0,0,0.007192641496658325,0.906575,0.046876553,0.04654851
121,0,0,0.005056917667388916,0.9215289,0.03664942,0.041821796
121,0,0,0.00523751974105835,0.94312084,0.030106325,0.026772918
121,0,0,0.004180684685707092,0.9504382,0.023814643,0.025747271
121,0,0,0.005583345890045166,0.93356293,0.039040968,0.027396139
121,0,0,0.004403412342071533,0.94212955,0.03324754,0.024623
121,0,0,0.008177965879440308,0.9094621,0.040175017,0.050363015
121,0,0,0.004985153675079346,0.9129673,0.050075326,0.03695747
121,0,0,0.008962094783782959,0.9027486,0.02066748,0.07658401
121,0,0,0.007183492183685303,0.9104104,0.01913511,0.07045459
121,0,0,0.0045890212059021,0.94255376,0.02606805,0.031378303
121,0,0,0.0070753395557403564,0.891121,0.064489655,0.044389408
121,0,0,0.01620316505432129,0.7353452,0.22151025,0.04314464
121,0,0,0.007875263690948486,0.86072725,0.10247907,0.036793742
121,0,0,0.007834285497665405,0.90903574,0.059344962,0.031619374
121,0,0,0.005584001541137695,0.92524177,0.045283,0.029475374
121,0,0,0.004923641681671143,0.93557256,0.036819402,0.02760806
121,0,0,0.007514595985412598,0.93136156,0.033924878,0.034713548
121,0,0,0.009523093700408936,0.9414384,0.028874705,0.029687025
121,0,0,0.006607562303543091,0.9402614,0.024809033,0.034929655
99,0,0,0.012324333190917969,0.86146295,0.08189937,0.05663777
99,0,0,0.007255345582962036,0.9469796,0.02344567,0.029574802
99,0,0,0.009967327117919922,0.85632956,0.023215344,0.12045516
99,0,0,0.008225440979003906,0.41953734,0.2252005,0.3552622
99,0,0,0.005643784999847412,0.93200934,0.04933684,0.018653844
99,0,0,0.004945531487464905,0.9475568,0.024894271,0.027549034
99,0,0,0.006714582443237305,0.9041677,0.03280303,0.06302925
99,0,0,0.01111215353012085,0.638861,0.31163743,0.049501643
99,0,0,0.0075147151947021484,0.8153163,0.09395077,0.09073293
99,0,0,0.009834229946136475,0.8343208,0.05714413,0.108535096
99,0,2,0.01455777883529663,0.24957392,0.19279613,0.55763
99,0,0,0.015549421310424805,0.48972636,0.30470973,0.20556396
99,0,0,0.009432554244995117,0.73371875,0.1321946,0.13408676
99,0,0,0.011706173419952393,0.5625313,0.122361906,0.3151068
99,0,2,0.01098698377609253,0.21740593,0.1464668,0.63612735
99,0,2,0.014151692390441895,0.06566529,0.28170174,0.6526331
99,0,0,0.010258078575134277,0.62421525,0.043069944,0.33271497
99,0,2,0.011364400386810303,0.43091127,0.078818075,0.4902707
99,0,2,0.007097721099853516,0.12015468,0.16943172,0.71041363
80,0,0,0.0075189173221588135,0.8625609,0.023223389,0.11421565
80,0,0,0.007657796144485474,0.92199314,0.019060733,0.058946177
80,0,0,0.006544649600982666,0.87619114,0.018224819,0.10558416
80,0,0,0.00839686393737793,0.9277997,0.018396415,0.053804006
80,0,0,0.0043975114822387695,0.92770845,0.014445844,0.05784579
80,0,0,0.004515171051025391,0.9206209,0.01536544,0.0640137
80,0,0,0.009197384119033813,0.89694834,0.014841859,0.08820989
80,0,0,0.006465822458267212,0.92073464,0.021099394,0.05816593
80,0,0,0.00890997052192688,0.90083134,0.017686179,0.08148253
122,0,0,0.00872310996055603,0.85954714,0.11873226,0.021720702
122,0,0,0.008712619543075562,0.8661337,0.11853544,0.0153310215
122,0,0,0.008205831050872803,0.8916217,0.096298896,0.0120795695
122,0,0,0.0055637359619140625,0.8959734,0.09073094,0.013295741
122,0,0,0.004278004169464111,0.7983496,0.18578517,0.015865315
122,0,0,0.017456412315368652,0.70164394,0.26487067,0.033485398
122,0,0,0.007314532995223999,0.91918784,0.06606806,0.014744177
122,0,0,0.006781280040740967,0.8993621,0.08600145,0.014636478
122,0,0,0.00902026891708374,0.77525777,0.21028036,0.014461992
122,0,0,0.012806057929992676,0.65582055,0.31197953,0.032199915
122,0,0,0.0067736804485321045,0.93798715,0.0488502,0.013162865
122,0,0,0.008414775133132935,0.87159836,0.11584501,0.0125567475
122,0,0,0.00431409478187561,0.92069584,0.06785144,0.011452784
122,0,0,0.01252436637878418,0.7515629,0.23372571,0.014711402
122,0,0,0.008092343807220459,0.60271156,0.35907072,0.03821774
122,0,0,0.011169910430908203,0.81686306,0.14616606,0.036971007
122,0,0,0.006631225347518921,0.9405222,0.042832255,0.01664569
122,0,0,0.0068156421184539795,0.90958023,0.0785542,0.011865654
122,0,0,0.0036892592906951904,0.9193945,0.072047584,0.008557948
122,0,0,0.009579956531524658,0.7783315,0.19352323,0.028145378
122,0,0,0.013077378273010254,0.4788074,0.20539978,0.3157929
122,0,0,0.006777018308639526,0.8723353,0.10900702,0.018657744
122,0,0,0.008539587259292603,0.88234067,0.10759533,0.0100641055
122,0,0,0.005858242511749268,0.8542749,0.12615407,0.019571105
122,0,0,0.012488186359405518,0.63716424,0.30283576,0.06000006
122,0,0,0.009879887104034424,0.7301152,0.21842073,0.051464126
420,0,0,0.005871444940567017,0.90906537,0.06367746,0.0272573
420,0,0,0.00736844539642334,0.8942015,0.061878305,0.043920293
420,0,0,0.0150032639503479,0.80696887,0.15471648,0.038314782
420,0,0,0.011322617530822754,0.7608047,0.2092819,0.029913472
420,0,0,0.011262655258178711,0.82136875,0.15050413,0.028127179
420,0,0,0.0069932639598846436,0.9051647,0.06798887,0.026846496
420,0,0,0.009405672550201416,0.89004695,0.091251686,0.018701406
420,0,0,0.006698518991470337,0.9110966,0.07026191,0.018641751
420,0,0,0.007949292659759521,0.9166278,0.06548555,0.01788664
420,0,0,0.003489375114440918,0.95881885,0.025801852,0.015379434
420,0,0,0.003467082977294922,0.92200077,0.019778222,0.05822108
420,0,0,0.004963681101799011,0.9486687,0.037963573,0.013367779
420,0,0,0.004223361611366272,0.943525,0.043309838,0.013165244
420,0,0,0.0062536150217056274,0.94685847,0.027944872,0.02519676
420,0,0,0.006117403507232666,0.9235554,0.056417257,0.02002746
420,0,0,0.00784572958946228,0.903401,0.065780744,0.030818393
420,0,0,0.009840995073318481,0.8525168,0.12277365,0.024709659
420,0,0,0.019029080867767334,0.80757606,0.16267003,0.029753972
420,0,0,0.007106184959411621,0.7726724,0.19472778,0.03259986
420,0,0,0.012893140316009521,0.7980685,0.17511435,0.026817184
420,0,0,0.009415209293365479,0.8248994,0.14633225,0.028768444
420,0,0,0.005737870931625366,0.89233696,0.08782013,0.019843042
420,0,0,0.009294450283050537,0.8892976,0.09667299,0.014029487
420,0,0,0.005414724349975586,0.88558877,0.10032905,0.014082289
420,0,0,0.007856816053390503,0.9184027,0.06922967,0.012367762
420,0,0,0.0055493563413619995,0.9475083,0.018612897,0.033878885
420,0,0,0.0034945011138916016,0.9449087,0.023904933,0.031186422
420,0,0,0.005670487880706787,0.9433342,0.023334006,0.033331785
420,0,0,0.005889818072319031,0.94810176,0.03540031,0.016497971
420,0,0,0.005974948406219482,0.9299625,0.048978943,0.021058556
420,0,0,0.018418312072753906,0.7181788,0.26181155,0.020009758
420,0,0,0.012607872486114502,0.86269534,0.11631838,0.020986343
420,0,0,0.0059337317943573,0.9162303,0.051142603,0.032627206
420,0,0,0.006563276052474976,0.92037433,0.026159067,0.053466745
420,0,0,0.007616192102432251,0.90621024,0.027142594,0.0666472
420,0,0,0.005995243787765503,0.9217861,0.036531694,0.041682284
420,0,0,0.009544610977172852,0.7997206,0.17555302,0.024726456
420,0,1,0.0073645710945129395,0.04546432,0.9158521,0.03868358
420,0,1,0.011089503765106201,0.03338354,0.831629,0.13498758
420,0,2,0.014988601207733154,0.09277306,0.27526057,0.6319664
420,0,2,0.006741523742675781,0.15913871,0.029993234,0.81086814
420,0,0,0.006571486592292786,0.9452976,0.02695846,0.027744055
420,0,0,0.005280405282974243,0.92843693,0.031039013,0.040524077
420,0,0,0.0058442652225494385,0.92941505,0.023345191,0.047239885
420,0,0,0.007591605186462402,0.9141984,0.06804263,0.017759034
420,0,0,0.003276914358139038,0.9388841,0.03358286,0.027533235
420,0,0,0.0123615562915802,0.84815466,0.13363197,0.018213375
420,0,0,0.0045462846755981445,0.93418676,0.02706671,0.038746662
420,0,0,0.006585150957107544,0.87235516,0.01863951,0.10900537
420,0,0,0.011611849069595337,0.9201226,0.03819795,0.041679464
420,0,0,0.009246110916137695,0.9088933,0.034808673,0.056298096
420,0,0,0.006388962268829346,0.9235271,0.02997173,0.046501257
420,0,0,0.010437250137329102,0.93705344,0.028872922,0.03407364
420,0,0,0.005569338798522949,0.9290815,0.03736668,0.03355187
420,0,0,0.00905868411064148,0.9074452,0.059824985,0.03272986
420,0,0,0.021165430545806885,0.77680236,0.07609728,0.14710054
420,0,0,0.0037187933921813965,0.9126419,0.014176241,0.07318204
420,0,0,0.004722625017166138,0.92092335,0.022909915,0.056166805
420,0,0,0.0034894049167633057,0.9181759,0.026369117,0.05545507
420,0,0,0.009594947099685669,0.89445007,0.058896985,0.04665303
420,0,0,0.007467210292816162,0.9037812,0.06962246,0.026596466
420,0,0,0.005968034267425537,0.9171603,0.06960953,0.013230329
420,0,0,0.021198153495788574,0.72922593,0.21980771,0.050966408
420,0,0,0.009695172309875488,0.8429494,0.093329236,0.06372143
420,0,0,0.009237736463546753,0.8577462,0.02060462,0.12164921
420,0,0,0.0052988529205322266,0.9077676,0.029419858,0.06281257
420,0,0,0.01145780086517334,0.83958846,0.06681613,0.09359555
420,0,0,0.007123231887817383,0.9099371,0.057208914,0.032854076
420,0,0,0.01318448781967163,0.87923247,0.095243745,0.025523853
420,0,0,0.012790143489837646,0.6541937,0.31567916,0.030127125
420,0,0,0.010303199291229248,0.81422687,0.050668955,0.13510424
420,0,0,0.01338660717010498,0.600365,0.095559336,0.30407578
420,0,0,0.01020050048828125,0.7966245,0.02079059,0.18258503
384,0,0,0.006712108850479126,0.9164781,0.04462082,0.038901072
384,0,2,0.011690676212310791,0.3610036,0.09654658,0.5424499
384,0,0,0.014975190162658691,0.70556283,0.23241216,0.062025063
384,0,0,0.01211613416671753,0.910697,0.05476305,0.034540135
384,0,0,0.01460564136505127,0.6939881,0.19067939,0.11533264
384,0,0,0.004419252276420593,0.95099443,0.026112538,0.022893142
384,0,0,0.005236193537712097,0.94896334,0.035300042,0.01573662
384,0,0,0.005458042025566101,0.9468072,0.03771339,0.015479523
384,0,0,0.010125398635864258,0.9238593,0.062224355,0.013916394
73,1,0,0.01497948169708252,0.6348066,0.26539165,0.09980185
73,1,1,0.01873159408569336,0.35921896,0.3657317,0.2750495
73,1,0,0.01586151123046875,0.7556624,0.1670766,0.07726113
73,1,0,0.012208223342895508,0.668179,0.19381431,0.13800679
73,1,0,0.012674212455749512,0.67405623,0.17425133,0.15169254
73,1,0,0.013981819152832031,0.75621957,0.1421879,0.10159257
73,1,0,0.008635282516479492,0.8546302,0.085567415,0.0598023
73,1,0,0.004436910152435303,0.88892263,0.03710626,0.0739712
74,1,2,0.0111771821975708,0.28517383,0.03537855,0.67944765
74,1,0,0.00922173261642456,0.7920452,0.029956872,0.17799802
74,1,2,0.00609859824180603,0.05441889,0.035918597,0.9096627
74,1,0,0.006433427333831787,0.6194375,0.052902732,0.32765982
74,1,0,0.00644722580909729,0.89406645,0.046017155,0.05991649
74,1,0,0.008369266986846924,0.93387204,0.020648116,0.045479972
74,1,2,0.013250291347503662,0.04399468,0.1273972,0.8286083
74,1,2,0.009914219379425049,0.20855299,0.04296166,0.7484855
74,1,0,0.006011217832565308,0.93136406,0.021395331,0.047240708
74,1,0,0.006994187831878662,0.93045646,0.023755893,0.045787703
74,1,2,0.010259360074996948,0.050739557,0.078563385,0.87069726
74,1,0,0.00875997543334961,0.9279216,0.021619149,0.050459284
74,1,0,0.005087554454803467,0.9152873,0.027708067,0.057004713
74,1,0,0.02224719524383545,0.45499372,0.12084859,0.4241578
74,1,0,0.00956067442893982,0.91868955,0.024656108,0.05665441
74,1,0,0.007590830326080322,0.9305302,0.022010546,0.04745929
74,1,2,0.01130986213684082,0.07207679,0.17143472,0.75648856
74,1,0,0.006000220775604248,0.8420378,0.08782896,0.07013336
74,1,0,0.008949905633926392,0.85275507,0.044993017,0.10225195
446,1,1,0.004406645894050598,0.016257908,0.95309013,0.030651905
446,1,1,0.004939347505569458,0.01337244,0.9307086,0.055919014
446,1,0,0.01662302017211914,0.47073838,0.45010573,0.079155974
446,1,1,0.0056467801332473755,0.03901028,0.9427624,0.01822747
446,1,1,0.007852315902709961,0.019909088,0.9334103,0.046680618
446,1,1,0.005655884742736816,0.017623035,0.9405879,0.041789204
446,1,1,0.008016645908355713,0.3195644,0.60511655,0.075319126
446,1,1,0.002758622169494629,0.015360512,0.96274567,0.021893915
446,1,1,0.010989874601364136,0.012758179,0.872208,0.11503397
446,1,1,0.005835026502609253,0.016873753,0.93872494,0.04440139
446,1,1,0.006027877330780029,0.04484667,0.9264093,0.028744109
446,1,1,0.006093084812164307,0.013087556,0.93720704,0.049705517
446,1,1,0.009861350059509277,0.014956717,0.8262719,0.15877151
446,1,1,0.008294180035591125,0.018898278,0.9433538,0.03774807
267,1,1,0.0075075626373291016,0.016102599,0.9267642,0.05713325
267,1,1,0.005559861660003662,0.013908599,0.93803215,0.04805937
267,1,1,0.0050871968269348145,0.015123169,0.95092493,0.03395202
267,1,1,0.003983199596405029,0.016592247,0.938807,0.044600815
199,1,1,0.004794657230377197,0.023538716,0.94341344,0.033047903
199,1,1,0.003939121961593628,0.025397701,0.94765556,0.026946861
199,1,1,0.007112652063369751,0.029383205,0.9362739,0.034343004
199,1,1,0.00791427493095398,0.01860649,0.93015295,0.05124067
199,1,1,0.006527572870254517,0.01529296,0.9215371,0.06316996
199,1,1,0.008602708578109741,0.018043207,0.9057624,0.07619452
199,1,1,0.0037154853343963623,0.013863804,0.9426279,0.04350839
199,1,1,0.007004767656326294,0.022956714,0.9101663,0.06687709
199,1,1,0.011276811361312866,0.024740206,0.92631465,0.048945267
199,1,1,0.00521966814994812,0.019866928,0.9013121,0.07882099
199,1,1,0.002715975046157837,0.011001936,0.93528867,0.05370938
199,1,1,0.00658378005027771,0.015472889,0.913753,0.07077423
199,1,1,0.009578585624694824,0.016119061,0.9314751,0.05240587
199,1,1,0.008688479661941528,0.029288432,0.84811395,0.12259768
199,1,1,0.011561453342437744,0.0301922,0.87677026,0.093037665
199,1,1,0.006316244602203369,0.027088407,0.9222314,0.050680324
156,1,2,0.008897185325622559,0.012466962,0.34907436,0.6384588
156,1,1,0.01360410451889038,0.010677194,0.51508415,0.4742387
156,1,1,0.006458461284637451,0.013846765,0.9014333,0.08472
156,1,2,0.015164196491241455,0.014564248,0.39796725,0.5874685
156,1,1,0.011302351951599121,0.011887327,0.71382505,0.27428767
156,1,1,0.01221698522567749,0.015383373,0.7130839,0.2715327
156,1,2,0.018057584762573242,0.015848625,0.46277046,0.52138096
156,1,1,0.013936221599578857,0.014049511,0.52480066,0.4611499
156,1,1,0.0075234174728393555,0.015036522,0.8718137,0.113149844
156,1,2,0.012195050716400146,0.013253376,0.36057243,0.6261743
156,1,2,0.010297119617462158,0.013252605,0.4386484,0.548099
156,1,1,0.009577065706253052,0.017551783,0.90106606,0.08138223
156,1,1,0.010355591773986816,0.17373487,0.48074076,0.3455244
156,1,2,0.01332026720046997,0.025952054,0.102924936,0.8711231
157,1,2,0.011771798133850098,0.14410679,0.084765635,0.7711277
157,1,0,0.008705765008926392,0.90909165,0.061092578,0.029815873
157,1,0,0.009147703647613525,0.86228776,0.12064431,0.017068073
157,1,0,0.009468913078308105,0.8785753,0.10530656,0.016118215
157,1,1,0.006422638893127441,0.024302514,0.9129867,0.06271094
157,1,1,0.008194565773010254,0.013844296,0.81638306,0.16977258
157,1,0,0.010128319263458252,0.87872356,0.08084099,0.040435586
157,1,0,0.009679675102233887,0.69447356,0.2426785,0.062848
157,1,0,0.009985148906707764,0.84631705,0.1349442,0.018738791
157,1,2,0.01118314266204834,0.02223264,0.22548187,0.75228554
157,1,0,0.0079154372215271,0.8641481,0.09482113,0.041030865
447,1,1,0.009403377771377563,0.020935876,0.93177754,0.047286686
447,1,1,0.007753908634185791,0.013535665,0.8785331,0.10793134
447,1,2,0.012694239616394043,0.016248219,0.4848796,0.49887225
447,1,1,0.004083260893821716,0.017919824,0.95395947,0.02812071
447,1,1,0.0060651302337646484,0.024934473,0.9367992,0.038266424
447,1,1,0.008680373430252075,0.02734185,0.92488337,0.047774803
447,1,1,0.007103085517883301,0.019979358,0.755291,0.22472979
447,1,1,0.006748378276824951,0.012519243,0.86653143,0.12094949
447,1,1,0.005784943699836731,0.019947696,0.9504788,0.029573597
447,1,1,0.0034034699201583862,0.019972352,0.9447154,0.035312373
447,1,1,0.01485908031463623,0.0524347,0.7677952,0.1797702
447,1,1,0.007200151681900024,0.017377526,0.9030983,0.07952427
447,1,1,0.006112486124038696,0.019228093,0.93137884,0.049393084
447,1,1,0.004835754632949829,0.018704444,0.9365798,0.044715814
447,1,1,0.011032819747924805,0.06589643,0.77678573,0.15731795
447,1,1,0.004583030939102173,0.020338759,0.9543624,0.025298951
448,1,1,0.004462301731109619,0.012528488,0.914959,0.07251255
448,1,1,0.005226194858551025,0.012973948,0.9373734,0.049652737
448,1,1,0.009963572025299072,0.012997354,0.6166609,0.37034184
448,1,1,0.0053878724575042725,0.014498927,0.9520813,0.033419766
448,1,2,0.008174300193786621,0.011428142,0.473805,0.51476693
448,1,1,0.00371396541595459,0.015103178,0.94141215,0.04348479
448,1,1,0.00966346263885498,0.012105638,0.9312243,0.056670174
268,1,1,0.004868701100349426,0.017469399,0.9529464,0.029584238
268,1,1,0.005880400538444519,0.016596362,0.94491976,0.038484078
268,1,1,0.009833112359046936,0.021454867,0.94498295,0.03356228
268,1,1,0.007938563823699951,0.015180578,0.9144856,0.070333935
31,1,1,0.012202739715576172,0.08308428,0.56281775,0.35409802
31,1,1,0.010198712348937988,0.09555143,0.8487428,0.055705816
31,1,1,0.007073104381561279,0.075202815,0.8799919,0.04480538
31,1,1,0.0051933228969573975,0.017960219,0.9269209,0.05511892
31,1,2,0.013274908065795898,0.047671527,0.20876093,0.7435676
31,1,1,0.008952796459197998,0.04056546,0.8644242,0.09501032
31,1,1,0.0026533007621765137,0.013988767,0.9328683,0.053142935
31,1,1,0.006537705659866333,0.020584496,0.94135386,0.038061727
328,1,1,0.00517958402633667,0.013699857,0.88663703,0.09966316
328,1,1,0.012014389038085938,0.22304775,0.40372786,0.3732245
328,1,1,0.014269530773162842,0.07984963,0.46354035,0.45661002
328,1,1,0.012232840061187744,0.025631836,0.6913512,0.28301707
328,1,2,0.011508584022521973,0.02015629,0.38831398,0.5915297
328,1,1,0.010511219501495361,0.12270082,0.62771773,0.24958149
328,1,1,0.00589480996131897,0.05125867,0.8607146,0.088026755
328,1,1,0.006570547819137573,0.025583766,0.93959993,0.03481641
328,1,1,0.017235755920410156,0.28659573,0.36154655,0.35185778
274,1,1,0.004272580146789551,0.02819576,0.92615,0.045654308
274,1,1,0.008792847394943237,0.01656827,0.91986245,0.06356935
274,1,1,0.005421996116638184,0.019399486,0.94406474,0.03653583
274,1,1,0.013569861650466919,0.023350557,0.86017907,0.11647043
274,1,1,0.007576793432235718,0.01171156,0.87902296,0.10926559
274,1,1,0.008420169353485107,0.018329665,0.93193823,0.049732093
279,1,1,0.009194612503051758,0.0289595,0.9168197,0.054220892
279,1,1,0.004146665334701538,0.02374818,0.9366866,0.03956529
279,1,1,0.01206400990486145,0.02365894,0.88030183,0.096039236
279,1,1,0.007171213626861572,0.020730475,0.936201,0.043068662
279,1,1,0.01235496997833252,0.021416266,0.63270974,0.3458741
279,1,1,0.00708964467048645,0.028241979,0.90895337,0.06280477
279,1,1,0.004757493734359741,0.014628858,0.9298357,0.05553553
279,1,1,0.0035251379013061523,0.015606817,0.9497108,0.034682427
449,1,1,0.008230835199356079,0.016158786,0.91062087,0.073220365
449,1,1,0.01059103012084961,0.013293611,0.61956865,0.3671378
449,1,1,0.0061626434326171875,0.015026043,0.89982015,0.08515385
449,1,1,0.010328233242034912,0.011922545,0.8265521,0.16152547
449,1,2,0.00793832540512085,0.024523892,0.46861696,0.50685924
449,1,1,0.0117110013961792,0.010790328,0.76910603,0.2201038
449,1,1,0.0115928053855896,0.012677669,0.7816547,0.20566766
449,1,1,0.010307073593139648,0.014546979,0.6619391,0.32351395
183,1,1,0.00745663046836853,0.020488279,0.95252407,0.02698767
183,1,1,0.004566565155982971,0.022986995,0.95425403,0.022759048
183,1,1,0.004173308610916138,0.022595216,0.9586663,0.018738532
183,1,1,0.0061891525983810425,0.014829323,0.9458691,0.03930161
183,1,1,0.002862393856048584,0.015819836,0.95466226,0.029517977
183,1,1,0.0031522810459136963,0.016726138,0.9557026,0.027571335
183,1,1,0.0066324323415756226,0.019516429,0.94511706,0.0353666
183,1,1,0.003031700849533081,0.018749395,0.95586425,0.025386399
183,1,1,0.003086283802986145,0.020007268,0.9586424,0.021350408
183,1,1,0.0023711025714874268,0.017004976,0.96158373,0.0214114
183,1,1,0.003422349691390991,0.018305335,0.95362717,0.028067552
183,1,1,0.005317181348800659,0.01874671,0.9418072,0.039446093
183,1,1,0.009543702006340027,0.020989079,0.9431847,0.035826407
183,1,1,0.003884240984916687,0.018004602,0.9482021,0.03379347
183,1,1,0.00741305947303772,0.022190366,0.9405831,0.03722653
183,1,1,0.004504293203353882,0.019652383,0.9471953,0.033152327
183,1,1,0.0058209896087646484,0.020604033,0.9490714,0.03032458
183,1,1,0.0045822858810424805,0.020269591,0.9508564,0.028874036
183,1,1,0.007582351565361023,0.019357208,0.95072377,0.029919056
183,1,1,0.005033597350120544,0.015226062,0.94675493,0.038019005
183,1,1,0.0036003440618515015,0.019964335,0.9553854,0.02465036
183,1,1,0.005273252725601196,0.021577146,0.9403528,0.038070153
183,1,1,0.00618395209312439,0.018605532,0.9369889,0.044405635
183,1,1,0.00353279709815979,0.015245633,0.9452791,0.039475344
183,1,1,0.005217790603637695,0.016426513,0.9481902,0.035383344
183,1,1,0.006885796785354614,0.019542243,0.9345487,0.045909192
183,1,1,0.0038697421550750732,0.013802828,0.9371839,0.049013298
183,1,1,0.004270419478416443,0.011470191,0.95104676,0.037483025
319,1,1,0.011832058429718018,0.018491467,0.636629,0.34487954
319,1,2,0.008077740669250488,0.033713423,0.31632712,0.64995956
319,1,1,0.006907224655151367,0.011783261,0.81473863,0.17347819
319,1,1,0.00666964054107666,0.010290185,0.797537,0.19217287
319,1,1,0.007212191820144653,0.014046161,0.89807564,0.08787823
319,1,2,0.010271906852722168,0.03827637,0.35461205,0.60711163
319,1,2,0.012643218040466309,0.026787993,0.36289388,0.61031824
319,1,1,0.005282789468765259,0.015157396,0.85487604,0.1299666
319,1,1,0.006223708391189575,0.01090379,0.89626986,0.092826426
319,1,1,0.007094323635101318,0.013873169,0.79161304,0.19451396
319,1,1,0.00905299186706543,0.02404575,0.84189844,0.13405584
251,1,0,0.011844635009765625,0.5089161,0.026896179,0.46418783
251,1,2,0.0068073570728302,0.047346994,0.03994219,0.91271085
251,1,2,0.006885141134262085,0.071422555,0.024474546,0.904103
251,1,1,0.009504854679107666,0.024295192,0.77975607,0.19594875
251,1,1,0.007754117250442505,0.022370128,0.9089878,0.06864217
251,1,2,0.01251518726348877,0.017051453,0.4177818,0.5651669
251,1,2,0.00999748706817627,0.17673881,0.015656473,0.8076048
251,1,2,0.006650656461715698,0.038630143,0.018852238,0.9425177
251,1,2,0.004364177584648132,0.036136176,0.015586067,0.94827783
251,1,1,0.01190805435180664,0.019500647,0.7332702,0.24722916
251,1,1,0.012322008609771729,0.018176433,0.8338149,0.14800872
251,1,1,0.016753971576690674,0.013264408,0.614332,0.37240362
251,1,2,0.007744014263153076,0.18755865,0.012531206,0.79991025
251,1,2,0.009000897407531738,0.07489062,0.018787073,0.9063224
251,1,2,0.004267677664756775,0.019428687,0.03307203,0.9474994
251,1,1,0.014080047607421875,0.015134733,0.7610572,0.22380817
251,1,1,0.016953229904174805,0.016722884,0.7353746,0.24790254
251,1,1,0.016299188137054443,0.013291462,0.54454136,0.4421672
251,1,0,0.009743928909301758,0.6494679,0.02181385,0.3287183
251,1,2,0.00825875997543335,0.24041767,0.019546585,0.74003583
251,1,2,0.006707996129989624,0.07376273,0.021736456,0.9045009
251,1,2,0.00814211368560791,0.016111808,0.35866287,0.6252255
251,1,2,0.012569546699523926,0.02245354,0.22462367,0.75292283
201,1,2,0.00911492109298706,0.04007927,0.12804212,0.8318787
201,1,2,0.00830751657485962,0.07019553,0.114484675,0.8153198
201,1,2,0.0068454742431640625,0.05238672,0.08502247,0.8625909
201,1,1,0.01142263412475586,0.018693304,0.80727184,0.17403492
201,1,2,0.012582182884216309,0.06573691,0.09380442,0.84045887
201,1,2,0.005000412464141846,0.032410268,0.096706785,0.87088305
201,1,2,0.007333576679229736,0.046334524,0.14583203,0.80783355
201,1,1,0.010693669319152832,0.013847089,0.5881014,0.39805156
275,1,1,0.014020144939422607,0.022540951,0.7391756,0.23828349
275,1,1,0.008333027362823486,0.018174674,0.86834747,0.113477975
275,1,1,0.010078787803649902,0.020081336,0.6189381,0.36098066
275,1,1,0.012747108936309814,0.021724949,0.7626558,0.21561933
275,1,1,0.013618171215057373,0.021726182,0.5607503,0.41752362
275,1,1,0.0065156519412994385,0.020805912,0.8687576,0.11043658
275,1,1,0.0030025839805603027,0.015068283,0.92626965,0.05866223
275,1,2,0.01785045862197876,0.01629939,0.46745405,0.5162467
275,1,1,0.009829938411712646,0.015958602,0.8243087,0.15973276
133,1,2,0.010857701301574707,0.014529385,0.22913793,0.75633276
133,1,1,0.013148784637451172,0.017032258,0.7086107,0.27435714
133,1,2,0.010768294334411621,0.012071013,0.4842336,0.5036954
133,1,2,0.006000041961669922,0.018079173,0.42001414,0.56190675
133,1,1,0.006452634930610657,0.017133314,0.94840527,0.03446159
133,1,1,0.005611151456832886,0.014355772,0.93632877,0.04931552
295,1,1,0.0065840184688568115,0.015134408,0.92810947,0.0567562
295,1,1,0.00500902533531189,0.021672878,0.93484503,0.043482177
295,1,1,0.008483320474624634,0.020879379,0.94022566,0.038895052
295,1,1,0.004478812217712402,0.022923712,0.9298626,0.047213685
295,1,1,0.0025305747985839844,0.017931039,0.9428169,0.03925217
295,1,1,0.005599319934844971,0.024439221,0.943596,0.03196484
295,1,1,0.006604194641113281,0.020716455,0.92951226,0.04977138
295,1,1,0.01141899824142456,0.10928706,0.77840483,0.11230828
295,1,1,0.003916680812835693,0.028632384,0.9404481,0.030919539
295,1,1,0.016389131546020508,0.059471276,0.7033933,0.23713548
295,1,2,0.012143731117248535,0.22491916,0.32131076,0.45377013
188,2,2,0.008436322212219238,0.025863435,0.3173077,0.65682894
188,2,2,0.010315239429473877,0.059902277,0.07989745,0.8602004
188,2,1,0.010289371013641357,0.0400994,0.6537269,0.30617386
188,2,2,0.010724306106567383,0.04639032,0.26605925,0.68755054
188,2,2,0.004754066467285156,0.021141708,0.05793842,0.92091995
188,2,2,0.006077885627746582,0.019968823,0.04574036,0.93429095
188,2,1,0.008182823657989502,0.032523923,0.7990206,0.16845559
188,2,2,0.0070871710777282715,0.030540422,0.1544439,0.8150158
188,2,2,0.007058203220367432,0.02258599,0.04808925,0.9293248
188,2,2,0.003415614366531372,0.018879995,0.052671112,0.928449
188,2,2,0.006721198558807373,0.027967056,0.08837479,0.88365823
188,2,2,0.007249981164932251,0.01666135,0.13990082,0.843438
188,2,2,0.005301922559738159,0.025128203,0.06461962,0.9102523
189,2,2,0.005898475646972656,0.029147133,0.13461643,0.83623654
189,2,2,0.007951885461807251,0.0342635,0.0882182,0.87751836
189,2,2,0.004621356725692749,0.027821893,0.07828578,0.8938924
189,2,2,0.004424542188644409,0.02786943,0.03935126,0.93277943
189,2,2,0.011309623718261719,0.023157122,0.11676994,0.86007303
189,2,2,0.006010830402374268,0.03388559,0.06891875,0.8971958
189,2,2,0.0036502480506896973,0.023217255,0.045962088,0.9308207
189,2,2,0.012941360473632812,0.07643817,0.14512013,0.7784418
189,2,2,0.011132597923278809,0.19485442,0.28809032,0.51705533
189,2,2,0.007943153381347656,0.039894797,0.1440674,0.8160378
217,2,2,0.00681304931640625,0.032928802,0.03697552,0.93009573
217,2,2,0.007861316204071045,0.15530044,0.021683814,0.82301575
217,2,2,0.011474907398223877,0.035058722,0.13503525,0.8299061
217,2,0,0.00861126184463501,0.774993,0.023132507,0.20187458
217,2,2,0.006136536598205566,0.05515014,0.026327759,0.9185222
217,2,2,0.0041772425174713135,0.024705872,0.032656107,0.9426381
217,2,2,0.00680088996887207,0.02669946,0.051221557,0.9220791
217,2,1,0.012537956237792969,0.25355822,0.40581504,0.34062678
217,2,0,0.0127333402633667,0.5137374,0.021070821,0.4651918
217,2,2,0.005534350872039795,0.036243703,0.08380852,0.87994784
217,2,2,0.011242270469665527,0.16545352,0.37199473,0.46255177
217,2,2,0.007270455360412598,0.22424865,0.046231084,0.72952044
218,2,2,0.008234947919845581,0.020458484,0.039785948,0.9397557
218,2,2,0.0073680877685546875,0.015946431,0.1206035,0.86345017
218,2,2,0.005861103534698486,0.04427173,0.10335318,0.85237515
218,2,2,0.0071457624435424805,0.0689422,0.06927529,0.8617826
218,2,2,0.011124223470687866,0.06275379,0.07407352,0.86317277
218,2,2,0.007267415523529053,0.06374813,0.14131215,0.79493976
252,2,2,0.01388251781463623,0.04087023,0.4681823,0.4909475
252,2,1,0.009725451469421387,0.018331911,0.77779007,0.20387816
252,2,2,0.009585648775100708,0.019007836,0.09329288,0.88769937
252,2,0,0.015118598937988281,0.41180527,0.21454847,0.37364635
252,2,0,0.012854933738708496,0.6982073,0.054715116,0.24707767
252,2,1,0.014084219932556152,0.28104493,0.43851736,0.28043774
252,2,1,0.012636005878448486,0.25770846,0.58437455,0.157917
252,2,1,0.008667230606079102,0.021143377,0.7929179,0.18593878
252,2,1,0.012923896312713623,0.013768542,0.7502448,0.2359867
252,2,2,0.00634998083114624,0.02478831,0.05355453,0.9216572
252,2,2,0.006943106651306152,0.07115666,0.0719696,0.85687387
252,2,2,0.005650192499160767,0.039687704,0.03655358,0.9237588
252,2,2,0.0045864880084991455,0.04345922,0.03492616,0.92161465
252,2,2,0.006367683410644531,0.08361004,0.07840006,0.8379899
252,2,1,0.0069686174392700195,0.015812438,0.82486284,0.15932478
252,2,1,0.0076590776443481445,0.017394107,0.8003894,0.18221666
252,2,2,0.004273444414138794,0.02218573,0.03249454,0.9453198
252,2,2,0.008396655321121216,0.08101533,0.039035577,0.8799491
252,2,2,0.006881356239318848,0.030603193,0.03968367,0.9297132
252,2,2,0.005701512098312378,0.03127667,0.038416352,0.93030703
252,2,2,0.0118846595287323,0.031179724,0.07052746,0.8982929
252,2,2,0.015434980392456055,0.13016485,0.14847218,0.72136307
252,2,1,0.009931564331054688,0.017126756,0.6771594,0.3057139
252,2,1,0.017096638679504395,0.018285505,0.7242509,0.2574637
252,2,2,0.00612911581993103,0.023525849,0.03425886,0.9422153
252,2,2,0.006840169429779053,0.02620629,0.035684656,0.9381092
252,2,2,0.004613399505615234,0.025293427,0.05078252,0.923924
252,2,2,0.003836899995803833,0.024390146,0.044537522,0.9310724
252,2,2,0.010159432888031006,0.019729363,0.2642528,0.71601784
252,2,2,0.011676371097564697,0.03246105,0.1700807,0.79745835
252,2,2,0.005016535520553589,0.026212176,0.040103,0.93368495
252,2,2,0.004089534282684326,0.013462721,0.04863724,0.9379002
252,2,2,0.0025097131729125977,0.015719019,0.03320987,0.95107114
252,2,2,0.006048411130905151,0.013569553,0.11893385,0.86749667
252,2,2,0.007329821586608887,0.020838281,0.12467617,0.85448563
252,2,2,0.007138729095458984,0.027793676,0.09232051,0.8798859
252,2,2,0.007761061191558838,0.05125746,0.20927985,0.73946285
252,2,1,0.017329275608062744,0.09741218,0.49165058,0.4109373
252,2,0,0.01173555850982666,0.6741829,0.02508718,0.30073002
252,2,2,0.00901418924331665,0.14280786,0.04754194,0.8096503
252,2,2,0.006256967782974243,0.07154085,0.049976543,0.87848276
252,2,2,0.008358180522918701,0.05711876,0.13252248,0.81035894
252,2,2,0.010856330394744873,0.35695967,0.058648624,0.5843918
252,2,0,0.015352964401245117,0.682989,0.070842415,0.24616866
252,2,0,0.00804150104522705,0.7275973,0.21653189,0.055870906
252,2,0,0.00793689489364624,0.6918675,0.2712988,0.03683373
240,2,2,0.014279842376708984,0.0771698,0.15258524,0.770245
240,2,2,0.013686895370483398,0.19300349,0.056857057,0.7501395
240,2,2,0.010491788387298584,0.1573027,0.04996924,0.7927281
240,2,2,0.007881104946136475,0.122278824,0.03892063,0.8388006
240,2,2,0.01088714599609375,0.24357864,0.031701326,0.7247202
240,2,2,0.007194578647613525,0.17707019,0.025917782,0.7970121
240,2,2,0.008320033550262451,0.11278731,0.054775365,0.8324373
240,2,2,0.006299406290054321,0.07580847,0.06380351,0.86038816
240,2,2,0.01851511001586914,0.3138968,0.33930913,0.3467941
240,2,2,0.006730914115905762,0.12978064,0.044061203,0.8261582
240,2,0,0.0240592360496521,0.5063205,0.06175022,0.43192932
240,2,2,0.020175576210021973,0.4280768,0.06282301,0.50910026
240,2,2,0.017329037189483643,0.21440463,0.114894345,0.67070115
240,2,2,0.010721385478973389,0.13448693,0.15418363,0.7113296
240,2,2,0.01371157169342041,0.097440615,0.15983972,0.7427197
240,2,2,0.00982135534286499,0.37328246,0.095809795,0.53090775
240,2,0,0.017866969108581543,0.6362441,0.08370673,0.28004915
240,2,2,0.010429024696350098,0.07171427,0.08791333,0.8403725
240,2,2,0.017862558364868164,0.15076497,0.11012906,0.7391061
240,2,0,0.025957763195037842,0.565897,0.14357364,0.29052937
240,2,0,0.017717957496643066,0.41240752,0.19693625,0.39065626
240,2,0,0.018447697162628174,0.48621345,0.3842229,0.12956376
240,2,2,0.023935675621032715,0.28635928,0.27150413,0.44213662
240,2,2,0.01559680700302124,0.12033922,0.17385603,0.7058049
240,2,0,0.02174389362335205,0.59446126,0.23494983,0.17058901
240,2,2,0.014142036437988281,0.3373606,0.19980633,0.46283314
240,2,2,0.016061365604400635,0.083387114,0.17387435,0.7427385
240,2,2,0.007115364074707031,0.3826023,0.040039863,0.5773579
240,2,2,0.006742358207702637,0.327845,0.032439,0.639716
240,2,0,0.017479002475738525,0.7010547,0.087770514,0.21117492
240,2,2,0.019557595252990723,0.25230548,0.27202556,0.47566903
240,2,2,0.013242185115814209,0.087668136,0.20076722,0.71156466
240,2,1,0.01478719711303711,0.36234936,0.53309155,0.10455915
240,2,2,0.012685835361480713,0.094024815,0.16712219,0.7388531
240,2,2,0.013568103313446045,0.2074794,0.21894233,0.57357836
240,2,0,0.011967301368713379,0.47451034,0.07183289,0.45365685
240,2,0,0.012503564357757568,0.53951776,0.0646819,0.39580038
240,2,0,0.012142777442932129,0.49197793,0.055018988,0.45300308
240,2,2,0.011688530445098877,0.087246835,0.15360747,0.7591458
240,2,0,0.008205294609069824,0.5456112,0.085374534,0.36901435
240,2,2,0.016209006309509277,0.32848445,0.26655614,0.4049595
240,2,1,0.015533983707427979,0.15686946,0.56604415,0.27708638
240,2,1,0.013426899909973145,0.18483736,0.50677747,0.3083852
240,2,2,0.013117849826812744,0.4172666,0.11899315,0.46374032
240,2,0,0.014526426792144775,0.4822702,0.096112765,0.42161715
240,2,2,0.008574068546295166,0.16223055,0.037793644,0.7999759
240,2,2,0.016146421432495117,0.077064976,0.17214663,0.75078833
240,2,2,0.016847729682922363,0.07840544,0.30386204,0.61773264
240,2,2,0.010078907012939453,0.21323834,0.123768,0.6629937
240,2,2,0.01776134967803955,0.15052411,0.31329036,0.5361856
240,2,2,0.013758301734924316,0.056600675,0.39787632,0.5455231
240,2,2,0.008801639080047607,0.15659547,0.11027064,0.733134
240,2,2,0.014275729656219482,0.21487336,0.08031069,0.70481604
240,2,2,0.008626282215118408,0.06859603,0.0751336,0.8562704
240,2,2,0.020485341548919678,0.0839834,0.26349795,0.6525187
240,2,2,0.012390315532684326,0.076912224,0.3045779,0.61850995
240,2,2,0.011297225952148438,0.29375386,0.078329094,0.62791705
240,2,2,0.008326292037963867,0.4175655,0.029756986,0.5526776
240,2,1,0.018230080604553223,0.24909511,0.46395925,0.28694564
240,2,1,0.014159798622131348,0.081300005,0.4668842,0.45181584
240,2,2,0.015163779258728027,0.211979,0.33401185,0.45400926
240,2,2,0.026378870010375977,0.2312277,0.37766817,0.3911042
240,2,2,0.01507490873336792,0.07041799,0.27058524,0.65899694
240,2,2,0.01600337028503418,0.08098475,0.31879416,0.60022116
240,2,2,0.012183845043182373,0.07802011,0.07940652,0.84257346
240,2,2,0.008401930332183838,0.09429389,0.13889241,0.76681376
240,2,2,0.008969247341156006,0.124944426,0.053194273,0.8218614
240,2,2,0.011557400226593018,0.16794857,0.04936223,0.7826893
240,2,2,0.020216405391693115,0.41200143,0.14016531,0.44783324
240,2,0,0.01645296812057495,0.5695379,0.18820249,0.24225964
240,2,0,0.017323315143585205,0.65916425,0.2921611,0.04867478
240,2,2,0.008739709854125977,0.09421838,0.06354845,0.8422332
240,2,2,0.00873422622680664,0.088637725,0.07048979,0.84087265
240,2,2,0.007012784481048584,0.22562155,0.049547277,0.7248313
240,2,2,0.0139540433883667,0.36862746,0.09485215,0.5365204
240,2,0,0.014686644077301025,0.5054448,0.0874882,0.40706706
240,2,0,0.015085160732269287,0.8139815,0.12814516,0.057873446
240,2,2,0.011150360107421875,0.049068827,0.102663904,0.8482674
240,2,2,0.00778353214263916,0.058652192,0.08987745,0.8514704
213,2,2,0.0078696608543396,0.028903853,0.273773,0.6973232
213,2,2,0.01990830898284912,0.27713382,0.2039709,0.51889527
213,2,2,0.008500605821609497,0.029577237,0.051601302,0.9188215
213,2,2,0.010588675737380981,0.026526945,0.08534287,0.8881304
213,2,2,0.014122068881988525,0.23427336,0.11281267,0.65291405
213,2,2,0.00841587781906128,0.041243944,0.056775052,0.90198106
213,2,2,0.006645560264587402,0.02524368,0.089055,0.88570136
213,2,2,0.01023787260055542,0.18912756,0.071634755,0.7392378
24,2,2,0.011849820613861084,0.034936037,0.32935584,0.63570815
24,2,1,0.007399499416351318,0.03942834,0.8266558,0.13391592
24,2,0,0.006292566657066345,0.9426233,0.040376257,0.017000524
24,2,0,0.004521220922470093,0.9415095,0.012762298,0.045728408
24,2,2,0.008361846208572388,0.040465254,0.1015767,0.85795814
24,2,2,0.00504109263420105,0.043659564,0.055267207,0.90107334
24,2,0,0.00411243736743927,0.9610795,0.020084817,0.018835766
24,2,0,0.0028236210346221924,0.95150506,0.0141460365,0.034348898
24,2,1,0.012713313102722168,0.18032208,0.5173854,0.3022926
24,2,2,0.00796365737915039,0.107008286,0.093205735,0.79978603
24,2,0,0.004067763686180115,0.95899886,0.017820628,0.023180572
24,2,0,0.0097523033618927,0.8566602,0.014856346,0.1284836
24,2,2,0.00436064600944519,0.018368859,0.08368542,0.89794576
24,2,2,0.00626450777053833,0.037210982,0.023831338,0.93895775
24,2,0,0.009081661701202393,0.71433276,0.017203005,0.2684643
24,2,0,0.0070332735776901245,0.9450489,0.015239703,0.03971142
24,2,2,0.008430242538452148,0.020976443,0.17811581,0.80090785
24,2,2,0.004210144281387329,0.018959483,0.042389255,0.9386514
24,2,2,0.010127335786819458,0.04786476,0.04730381,0.90483147
24,2,2,0.010054230690002441,0.06819427,0.0608683,0.8709376
24,2,1,0.004091814160346985,0.015137454,0.9557315,0.029131163
24,2,1,0.005602329969406128,0.015549625,0.9282084,0.056242034
320,2,2,0.014761149883270264,0.028603774,0.44142395,0.5299724
320,2,1,0.011581063270568848,0.023529978,0.54368836,0.43278176
318,2,2,0.011084377765655518,0.037519604,0.2960667,0.6664137
318,2,1,0.00471419095993042,0.020709485,0.892508,0.08678258
318,2,2,0.01814115047454834,0.26712942,0.20906317,0.5238074
318,2,2,0.010625243186950684,0.088443235,0.40754947,0.5040073
318,2,1,0.014379382133483887,0.14697999,0.58270663,0.2703135
318,2,2,0.01429128646850586,0.0342859,0.2366011,0.7291131
318,2,2,0.01575160026550293,0.40857056,0.06059486,0.5308346
318,2,0,0.00938338041305542,0.53560674,0.045491915,0.41890147
318,2,2,0.016956210136413574,0.39010236,0.19261914,0.4172786
318,2,2,0.01917111873626709,0.02545231,0.27875105,0.69579667
318,2,2,0.010147422552108765,0.09229073,0.032258626,0.8754507
318,2,2,0.006489276885986328,0.047661446,0.0487785,0.9035601
318,2,2,0.01034533977508545,0.017648296,0.45667917,0.5256726
159,2,0,0.01579427719116211,0.5310902,0.09417347,0.37473646
159,2,0,0.011649072170257568,0.68669814,0.04584972,0.2674522
159,2,2,0.0091208815574646,0.17128739,0.029104024,0.7996087
159,2,0,0.012813806533813477,0.5893901,0.033581283,0.37702867
159,2,2,0.008062899112701416,0.17478484,0.015871882,0.80934334
159,2,2,0.004575669765472412,0.03780703,0.02132729,0.9408658
159,2,2,0.006298422813415527,0.056134358,0.023168366,0.92069733
159,2,2,0.008499503135681152,0.09292551,0.018659176,0.8884154
159,2,2,0.004066288471221924,0.028282132,0.022829501,0.9488884
159,2,2,0.005090564489364624,0.07551245,0.01401576,0.9104719
159,2,2,0.0069741904735565186,0.04615155,0.021033203,0.9328154
159,2,2,0.009175717830657959,0.029325752,0.13288142,0.837793
159,2,2,0.0033256709575653076,0.031050783,0.019141914,0.9498074
159,2,2,0.0047845542430877686,0.03334089,0.021182993,0.94547623
159,2,2,0.00436750054359436,0.041858017,0.014732385,0.9434096
159,2,0,0.007125258445739746,0.7048427,0.015935859,0.2792215
159,2,1,0.014743208885192871,0.028157717,0.5391811,0.43266118
159,2,2,0.008036822080612183,0.022483602,0.050244987,0.9272715
159,2,2,0.005629584193229675,0.027326781,0.02533208,0.94734126
159,2,2,0.00669524073600769,0.04184032,0.025912145,0.9322476
159,2,2,0.005101233720779419,0.040681,0.021957785,0.9373613
159,2,2,0.0033001303672790527,0.025034972,0.02251851,0.95244646
159,2,2,0.0061127543449401855,0.03210117,0.026512181,0.94138676
234,2,2,0.0158616304397583,0.04163182,0.14065218,0.81771606
234,2,2,0.014199674129486084,0.043283846,0.2597135,0.6970027
234,2,2,0.01120150089263916,0.15465698,0.24709417,0.59824896
234,2,2,0.00828409194946289,0.02497121,0.10762897,0.8673999
234,2,2,0.006550848484039307,0.031241432,0.15219507,0.8165636
234,2,1,0.010506629943847656,0.23969732,0.5281858,0.23211694
234,2,2,0.012275099754333496,0.2281156,0.37573546,0.39614904
234,2,2,0.00541454553604126,0.035782468,0.116359405,0.8478582
234,2,2,0.012356072664260864,0.049207233,0.08646515,0.8643276
234,2,1,0.010385513305664062,0.16880411,0.48497587,0.34622008
234,2,2,0.016643822193145752,0.17232355,0.18223973,0.6454368
234,2,1,0.010308563709259033,0.03092489,0.835323,0.13375211
234,2,1,0.0077051520347595215,0.03604637,0.7929823,0.17097142
234,2,2,0.013911783695220947,0.039134953,0.28902352,0.6718417
228,2,2,0.005768120288848877,0.046863124,0.02510018,0.9280368
228,2,2,0.006211340427398682,0.028661644,0.039038036,0.9323004
228,2,2,0.0056562721729278564,0.02764519,0.029097633,0.9432572
228,2,2,0.006041735410690308,0.057028975,0.039750427,0.90322065
228,2,2,0.004270434379577637,0.027411303,0.048705257,0.9238835
228,2,2,0.0064664483070373535,0.029813662,0.068704024,0.9014824
228,2,2,0.01086658239364624,0.038871784,0.1704302,0.7906981
142,2,2,0.010472476482391357,0.06349505,0.33925533,0.5972497
142,2,1,0.011954188346862793,0.1624258,0.70217377,0.13540052
142,2,1,0.012164890766143799,0.17302975,0.71250355,0.114466906
142,2,1,0.011674463748931885,0.06937522,0.8456391,0.084985726
142,2,1,0.011049628257751465,0.07860101,0.84677064,0.07462847
26,2,2,0.008926093578338623,0.09589655,0.34259132,0.5615122
26,2,1,0.01151663064956665,0.1066107,0.45325044,0.44013885
26,2,2,0.008406996726989746,0.065437734,0.30786386,0.6266985
26,2,2,0.01219332218170166,0.0949245,0.33119947,0.5738761
26,2,1,0.013423502445220947,0.12906916,0.5555092,0.3154217
26,2,1,0.00767362117767334,0.093478106,0.6697846,0.2367374
75,0,1,0.008053779602050781,0.014682116,0.88368505,0.101632886
75,0,2,0.007499635219573975,0.07576521,0.091913745,0.83232117
75,0,2,0.015443742275238037,0.017123653,0.45042014,0.5324563
75,0,1,0.004966378211975098,0.019516481,0.914729,0.0657547
75,0,1,0.007532656192779541,0.01808487,0.940974,0.040941227
75,0,2,0.008634746074676514,0.027847948,0.09000674,0.8821454
75,0,1,0.008815586566925049,0.02118512,0.81042856,0.16838638
75,0,1,0.01082947850227356,0.019550506,0.8967735,0.083676085
75,0,1,0.006184488534927368,0.019596566,0.95279706,0.027606474
75,0,2,0.010790526866912842,0.01703489,0.3892597,0.5937055
75,0,1,0.015270352363586426,0.023098668,0.71753633,0.25936508
75,0,1,0.009615987539291382,0.019014943,0.84505236,0.13593279
75,0,1,0.007710307836532593,0.017767929,0.9184203,0.06381177
75,0,1,0.004249542951583862,0.022681,0.93530977,0.042009294
75,0,1,0.006077170372009277,0.0256001,0.9417248,0.032675236
75,0,1,0.009861648082733154,0.028113939,0.8922797,0.07960649
75,0,1,0.004729807376861572,0.031436972,0.93346715,0.03509597
75,0,1,0.009038776159286499,0.020375587,0.918093,0.061531466
75,0,2,0.013074398040771484,0.23433961,0.102514625,0.66314584
378,0,0,0.004960685968399048,0.93437904,0.022214217,0.043406814
378,0,0,0.006262883543968201,0.9518318,0.021738721,0.026429525
378,0,0,0.003682449460029602,0.96036524,0.018469108,0.021165729
378,0,0,0.004282087087631226,0.95542145,0.024609054,0.01996969
378,0,0,0.003954082727432251,0.9327107,0.05131443,0.015974896
378,0,0,0.007397830486297607,0.93286264,0.048247963,0.018889459
378,0,0,0.0074342042207717896,0.9482971,0.03337114,0.018331703
378,0,0,0.016859352588653564,0.8437837,0.13237773,0.023838667
378,0,0,0.009096294641494751,0.88992655,0.093736745,0.016336754
378,0,0,0.005941301584243774,0.9292982,0.039910547,0.03079133
378,0,0,0.008973419666290283,0.9086018,0.07067093,0.020727387
378,0,0,0.0029586851596832275,0.93509054,0.045101523,0.019807952
378,0,0,0.012141048908233643,0.8570186,0.11504689,0.027934635
378,0,0,0.008939027786254883,0.85705215,0.11941349,0.023534466
378,0,1,0.005637913942337036,0.054903246,0.863431,0.08166591
378,0,1,0.010729193687438965,0.06527241,0.69235486,0.24237277
51,0,0,0.011654317378997803,0.8140942,0.15601236,0.029893536
51,0,0,0.005904138088226318,0.93801683,0.03879942,0.023183871
51,0,0,0.009744226932525635,0.89050025,0.08444504,0.025054812
51,0,0,0.002088591456413269,0.95947134,0.018298982,0.022229714
51,0,0,0.004616901278495789,0.9489692,0.036942933,0.014087964
51,0,0,0.00858771800994873,0.9273438,0.036756802,0.03589948
51,0,0,0.00828889012336731,0.9414874,0.029281372,0.029231383
51,0,0,0.012643426656723022,0.849959,0.1243382,0.025702829
51,0,0,0.005943000316619873,0.8966523,0.05661109,0.046736747
51,0,0,0.010630249977111816,0.8856373,0.08203323,0.032329623
51,0,0,0.010853469371795654,0.8211076,0.13035688,0.048535608
51,0,0,0.009348392486572266,0.80868596,0.07938602,0.11192804
51,0,0,0.01068270206451416,0.8284743,0.11542596,0.056099933
51,0,2,0.014390408992767334,0.4098808,0.11557753,0.47454175
51,0,1,0.0121229887008667,0.42509916,0.453481,0.12141992
51,0,0,0.01293712854385376,0.7312989,0.16301654,0.10568463
51,0,0,0.011632084846496582,0.7128909,0.13377734,0.15333185
51,0,0,0.018210649490356445,0.59923404,0.13642727,0.26433876
374,0,0,0.006615757942199707,0.9349313,0.028568197,0.03650068
374,0,0,0.00812503695487976,0.93950003,0.02292622,0.037573833
374,0,0,0.005442574620246887,0.9465645,0.026741276,0.026694277
374,0,0,0.006109058856964111,0.9304236,0.04815713,0.02141931
374,0,0,0.006741255521774292,0.92429847,0.02025661,0.055445105
374,0,0,0.004252493381500244,0.9363925,0.019295407,0.044312164
374,0,0,0.004618436098098755,0.9410588,0.026812637,0.032128617
374,0,0,0.0046509504318237305,0.9375849,0.03720271,0.025212446
374,0,0,0.004618704319000244,0.94176126,0.04241338,0.015825542
374,0,0,0.007131367921829224,0.9443573,0.03275534,0.02288741
374,0,0,0.011964023113250732,0.89050055,0.08245623,0.027043294
374,0,0,0.0060645341873168945,0.9218881,0.055770148,0.022341805
374,0,0,0.004862755537033081,0.9384939,0.039541252,0.02196487
374,0,0,0.005321592092514038,0.86145175,0.12041076,0.018137595
374,0,0,0.009221524000167847,0.8623137,0.11319249,0.024493897
374,0,0,0.0033479779958724976,0.9463412,0.03378007,0.01987877
374,0,0,0.008978724479675293,0.7928731,0.17429253,0.0328344
374,0,0,0.007725626230239868,0.93544227,0.045947943,0.018609822
12,0,0,0.0043707191944122314,0.94429207,0.017775208,0.037932806
12,0,0,0.004657074809074402,0.9568121,0.020013794,0.023174195
12,0,0,0.006929636001586914,0.9419246,0.01752458,0.040550947
12,0,0,0.006555229425430298,0.9549743,0.024253521,0.020772293
12,0,0,0.0033298134803771973,0.96081257,0.020967051,0.018220412
12,0,0,0.004397213459014893,0.9577822,0.026073668,0.016144145
12,0,0,0.008041530847549438,0.879812,0.019250404,0.10093763
12,0,0,0.003537192940711975,0.95680535,0.015709763,0.027484983
12,0,0,0.003708451986312866,0.9607493,0.019350106,0.019900648
12,0,0,0.005966559052467346,0.9597374,0.019857008,0.020405544
12,0,0,0.003721103072166443,0.9595542,0.018776061,0.021669762
12,0,0,0.003966987133026123,0.9611746,0.017780386,0.021045074
12,0,0,0.005606710910797119,0.87161267,0.019385662,0.109001756
12,0,0,0.004770219326019287,0.9451028,0.016914014,0.03798331
12,0,0,0.0036362260580062866,0.9577437,0.017816575,0.02443998
12,0,0,0.004974067211151123,0.95699805,0.020041063,0.022961115
12,0,0,0.004406839609146118,0.95754826,0.018612383,0.023839496
12,0,0,0.006202176213264465,0.95569605,0.020876128,0.02342789
12,0,0,0.004682272672653198,0.95171034,0.02743805,0.020851715
12,0,0,0.003893241286277771,0.95632803,0.02368833,0.019983802
12,0,0,0.0037412047386169434,0.95806503,0.02250814,0.019426908
12,0,0,0.0030978918075561523,0.9596243,0.01890653,0.021469343
12,0,0,0.006945580244064331,0.95593077,0.022002669,0.02206665
12,0,0,0.003981083631515503,0.9597292,0.017338617,0.022932304
12,0,0,0.008979454636573792,0.94617975,0.026937855,0.026882458
12,0,0,0.0035110116004943848,0.95631814,0.022638375,0.02104353
12,0,0,0.004310101270675659,0.9531291,0.017592255,0.029278755
12,0,0,0.003930449485778809,0.9535522,0.03091962,0.015528338
12,0,0,0.006662994623184204,0.93832225,0.042499814,0.01917802
12,0,0,0.008296370506286621,0.932359,0.015031512,0.052609626
12,0,0,0.004742518067359924,0.9530511,0.027143253,0.019805765
12,0,0,0.0043234676122665405,0.95213616,0.026564945,0.021298962
12,0,0,0.006578892469406128,0.95255035,0.025641242,0.021808418
12,0,0,0.0029972344636917114,0.9577088,0.023000987,0.01929034
12,0,0,0.0041965097188949585,0.96002394,0.0181086,0.021867624
12,0,0,0.004235014319419861,0.9547768,0.019707318,0.025515974
12,0,0,0.009388789534568787,0.9524849,0.022417422,0.02509778
12,0,0,0.002253025770187378,0.9562878,0.01790427,0.025808023
12,0,0,0.005625292658805847,0.94921833,0.0355156,0.015266148
12,0,0,0.0066613852977752686,0.9307075,0.051153522,0.018139021
12,0,0,0.00931096076965332,0.8436948,0.028291972,0.12801342
12,0,0,0.00850243866443634,0.94739586,0.026046988,0.026557218
12,0,0,0.003308027982711792,0.9541956,0.02806473,0.017739704
12,0,0,0.0032023340463638306,0.9594491,0.022703812,0.017847152
12,0,0,0.00447767972946167,0.9600235,0.02099139,0.018985186
12,0,0,0.004673868417739868,0.9551742,0.022576751,0.022249073
12,0,0,0.00572475790977478,0.95599675,0.019647976,0.02435538
12,0,0,0.00562267005443573,0.95770204,0.01929839,0.02299956
12,0,0,0.005148500204086304,0.94477105,0.019424973,0.03580398
12,0,0,0.007149174809455872,0.9512175,0.0227938,0.025988853
12,0,0,0.00646209716796875,0.9384101,0.044476315,0.017113652
12,0,0,0.0030927807092666626,0.9559788,0.026181977,0.01783929
12,0,0,0.003299310803413391,0.9526442,0.0280751,0.019280806
12,0,0,0.005605444312095642,0.9581948,0.023520056,0.018285228
12,0,0,0.004247799515724182,0.9521163,0.026199974,0.021683803
12,0,0,0.004918321967124939,0.95588976,0.024002632,0.020107662
12,0,0,0.0065777599811553955,0.95684415,0.019864583,0.023291443
12,0,0,0.003285616636276245,0.9567651,0.020095933,0.023139076
12,0,0,0.005881503224372864,0.95614946,0.023393136,0.020457432
12,0,0,0.007526785135269165,0.9328793,0.052365843,0.014755002
12,0,0,0.00479850172996521,0.91592246,0.06513069,0.018946894
12,0,0,0.005151286721229553,0.9438937,0.03527419,0.02083228
12,0,0,0.003721296787261963,0.9538062,0.025858946,0.020334916
12,0,0,0.013997197151184082,0.8296644,0.13915493,0.03118069
12,0,0,0.005591243505477905,0.9284317,0.050082322,0.021486087
98,0,2,0.00987696647644043,0.14592987,0.04568633,0.80838394
98,0,2,0.01150137186050415,0.30847996,0.042720173,0.64879996
98,0,0,0.004649162292480469,0.8822306,0.06274092,0.055028487
98,0,0,0.005133271217346191,0.9263481,0.04068937,0.032962643
98,0,0,0.00609162449836731,0.8495686,0.032808404,0.117623106
98,0,0,0.004088163375854492,0.92950726,0.03236872,0.038124084
98,0,0,0.0042110830545425415,0.94765145,0.03137456,0.02097403
98,0,0,0.006784647703170776,0.88447887,0.020282479,0.095238686
98,0,0,0.005609065294265747,0.94231236,0.020763235,0.03692456
98,0,0,0.005221843719482422,0.9586309,0.017475639,0.023893457
98,0,0,0.004509583115577698,0.95104414,0.02039816,0.028557818
98,0,0,0.0025511085987091064,0.95670414,0.024102814,0.019193197
98,0,0,0.005559593439102173,0.94722897,0.023729637,0.029041372
98,0,0,0.004175692796707153,0.9092902,0.022969777,0.06774019
98,0,0,0.007359102368354797,0.95217705,0.026011318,0.02181172
98,0,0,0.003985285758972168,0.93033636,0.019372836,0.050290875
98,0,0,0.004337579011917114,0.9472417,0.03723056,0.01552779
120,0,0,0.00800412893295288,0.79075396,0.023303919,0.18594225
120,0,0,0.007104367017745972,0.85671675,0.020694125,0.12258914
120,0,0,0.0044880211353302,0.93646425,0.018128118,0.045407653
120,0,0,0.00704154372215271,0.9403157,0.018347653,0.04133662
120,0,0,0.004898101091384888,0.93413025,0.020955982,0.044913802
120,0,0,0.004576623439788818,0.9375573,0.015365485,0.047077384
120,0,0,0.008116811513900757,0.9100696,0.017034402,0.072896056
120,0,0,0.010411232709884644,0.89572215,0.026596991,0.07768093
120,0,0,0.0055792927742004395,0.9449415,0.01829734,0.036761254
120,0,0,0.00873805582523346,0.94633204,0.014583685,0.03908435
120,0,0,0.0030075013637542725,0.9562706,0.017068943,0.026660573
120,0,0,0.004157543182373047,0.95358694,0.017223319,0.029189883
120,0,0,0.007007718086242676,0.87379426,0.01735276,0.10885315
120,0,0,0.0031110644340515137,0.9524155,0.014498657,0.03308587
120,0,0,0.009378105401992798,0.8621167,0.025949419,0.111933984
120,0,0,0.007650971412658691,0.91027176,0.025778541,0.06394975
120,0,0,0.006153717637062073,0.9557388,0.014124812,0.030136421
120,0,0,0.005762666463851929,0.95462286,0.017388675,0.027988493
120,0,0,0.0025572627782821655,0.9603723,0.016863128,0.022764701
120,0,0,0.006137102842330933,0.9384854,0.027958263,0.033556458
120,0,0,0.007107913494110107,0.91649604,0.031421445,0.052082527
120,0,0,0.007142305374145508,0.91958153,0.0298776,0.050540958
120,0,0,0.00885021686553955,0.89556944,0.024305146,0.08012541
120,0,0,0.00406607985496521,0.93568665,0.025008721,0.039304648
120,0,0,0.005204945802688599,0.9497043,0.021553813,0.028741904
120,0,0,0.0056619346141815186,0.9519165,0.023815585,0.024268024
120,0,0,0.005791962146759033,0.9544333,0.019542929,0.02602386
120,0,0,0.005989432334899902,0.89653844,0.025925983,0.07753568
120,0,0,0.0066408514976501465,0.9320075,0.030278713,0.03771379
120,0,0,0.010044783353805542,0.91570807,0.02943074,0.054861203
120,0,0,0.009348690509796143,0.7969147,0.02643527,0.17665003
120,0,0,0.006613373756408691,0.88040704,0.033391126,0.08620189
120,0,0,0.005677849054336548,0.93802124,0.034016382,0.027962515
120,0,0,0.0038597583770751953,0.9428736,0.020355964,0.036770478
120,0,0,0.005180329084396362,0.94689685,0.024285272,0.02881796
120,0,0,0.010379046201705933,0.85845053,0.026094476,0.115454994
120,0,0,0.00880381464958191,0.9227833,0.025442932,0.051773716
120,0,0,0.0062968432903289795,0.9319965,0.031247154,0.03675638
120,0,0,0.012089282274246216,0.844387,0.029501457,0.12611166
120,0,0,0.010592788457870483,0.9041751,0.04226461,0.053560227
120,0,0,0.005401343107223511,0.90183747,0.02726625,0.07089638
120,0,0,0.00903269648551941,0.9024053,0.02604754,0.07154725
120,0,0,0.004741743206977844,0.9500629,0.024149016,0.025788205
120,0,0,0.005461215972900391,0.9103585,0.015413749,0.07422795
120,0,0,0.005371063947677612,0.9313096,0.019545412,0.04914509
120,0,0,0.0061064958572387695,0.9207469,0.020462485,0.05879064
120,0,0,0.010212361812591553,0.8526233,0.029042846,0.118334025
120,0,0,0.013412684202194214,0.8502091,0.024438977,0.12535203
120,0,0,0.006066054105758667,0.92738837,0.023815297,0.048796352
120,0,0,0.004782363772392273,0.9538421,0.019036226,0.027121784
120,0,0,0.004690423607826233,0.9471024,0.018146383,0.03475124
120,0,0,0.008566677570343018,0.9271454,0.018440226,0.054414406
120,0,0,0.0074443519115448,0.9382129,0.0231788,0.03860839
120,0,0,0.006951093673706055,0.8170654,0.025168207,0.15776649
120,0,0,0.004246741533279419,0.9456182,0.01818865,0.036193345
120,0,0,0.003859788179397583,0.9340722,0.0208737,0.045054108
120,0,0,0.005402594804763794,0.9606398,0.021734921,0.017625472
120,0,0,0.007085084915161133,0.95619345,0.024572076,0.019234499
120,0,0,0.004861414432525635,0.9515317,0.025221862,0.023246532
120,0,0,0.004042491316795349,0.9514688,0.024624571,0.023906613
120,0,0,0.012848079204559326,0.84732443,0.029886382,0.12278928
120,0,0,0.004865825176239014,0.9363599,0.021122606,0.042517498
120,0,0,0.008478403091430664,0.8566324,0.1021303,0.041237336
120,0,0,0.003903001546859741,0.9574512,0.02109703,0.021451833
120,0,0,0.0055708736181259155,0.94901097,0.03673934,0.014249802
120,0,0,0.008806124329566956,0.9470185,0.033981793,0.018999767
120,0,0,0.0045723021030426025,0.94793814,0.031940855,0.020121062
120,0,0,0.005077332258224487,0.90380377,0.0209468,0.07524955
120,0,0,0.003798753023147583,0.93592995,0.02807901,0.035991076
120,0,0,0.008686363697052002,0.749842,0.061258737,0.18889934
120,0,0,0.005642592906951904,0.932591,0.034013893,0.033395108
120,0,0,0.00512269139289856,0.9421125,0.034852292,0.02303522
120,0,0,0.006548821926116943,0.9069666,0.0391909,0.05384259
120,0,0,0.010335683822631836,0.90625036,0.03861991,0.055129815
120,0,0,0.009402334690093994,0.91980255,0.04634078,0.033856705
120,0,0,0.005825936794281006,0.9272745,0.027646996,0.045078658
120,0,0,0.009027659893035889,0.902929,0.040049113,0.057021894
123,0,0,0.010604500770568848,0.4760834,0.47132993,0.052586805
123,0,0,0.005310565233230591,0.85360587,0.11871022,0.027683958
123,0,0,0.009783118963241577,0.90347284,0.0780109,0.01851643
123,0,0,0.009965062141418457,0.89059645,0.08598477,0.023418916
123,0,0,0.006101489067077637,0.90038127,0.07361837,0.02600045
123,0,0,0.008267104625701904,0.87092704,0.10936685,0.01970621
123,0,0,0.010228991508483887,0.68553853,0.28392276,0.030538777
123,0,0,0.009721994400024414,0.90206087,0.075499386,0.022439796
123,0,0,0.008487880229949951,0.7421974,0.2356154,0.022187307
123,0,0,0.0075871944427490234,0.64373755,0.33744892,0.018813595
123,0,0,0.008206188678741455,0.7767685,0.20456506,0.018666493
123,0,0,0.006280064582824707,0.8236261,0.1596553,0.016718619
123,0,0,0.006698250770568848,0.72469556,0.25742513,0.017879367
123,0,0,0.0033224821090698242,0.92472595,0.064451165,0.0108229555
123,0,0,0.015751957893371582,0.54156625,0.42375275,0.034681078
123,0,0,0.010911285877227783,0.77912766,0.105449714,0.11542279
123,0,0,0.010594069957733154,0.7924043,0.19282456,0.014771243
123,0,0,0.007862120866775513,0.8643811,0.11993361,0.015685346
123,0,0,0.0073021650314331055,0.9060133,0.06735883,0.026627967
123,0,0,0.010932385921478271,0.65174186,0.29704577,0.051212408
422,0,0,0.004451245069503784,0.94913495,0.02025648,0.030608643
422,0,0,0.005521714687347412,0.92837065,0.017264334,0.054365106
422,0,0,0.006993889808654785,0.93084717,0.017956398,0.051196493
422,0,0,0.005920588970184326,0.89064866,0.02310048,0.08625097
422,0,0,0.004640296101570129,0.95039177,0.024506351,0.025101881
422,0,0,0.006941378116607666,0.93987644,0.030525541,0.029598152
422,0,0,0.011747896671295166,0.86477774,0.120475724,0.01474659
422,0,0,0.005893200635910034,0.90954065,0.07624942,0.014209999
422,0,0,0.0047130286693573,0.94188243,0.039224092,0.018893633
422,0,0,0.00766986608505249,0.9160178,0.047289934,0.03669234
422,0,0,0.007064908742904663,0.93987405,0.03930426,0.020821659
422,0,0,0.005909591913223267,0.9357027,0.04678453,0.01751276
422,0,0,0.003399670124053955,0.9557089,0.029346693,0.014944477
422,0,0,0.012635648250579834,0.9403853,0.032884356,0.02673049
422,0,0,0.003879651427268982,0.9537426,0.030715516,0.015541954
422,0,0,0.004396408796310425,0.9474909,0.021559456,0.0309498
422,0,0,0.004321783781051636,0.94059604,0.015741894,0.043662127
422,0,0,0.003249615430831909,0.94716114,0.013008565,0.039830327
422,0,0,0.007601037621498108,0.951231,0.025878318,0.02289074
422,0,0,0.0060764700174331665,0.9528747,0.024211224,0.02291412
422,0,0,0.00558355450630188,0.94442797,0.028277883,0.027294159
422,0,0,0.004558295011520386,0.9379535,0.02830552,0.03374107
422,0,0,0.005826056003570557,0.9211723,0.06314602,0.015681757
422,0,0,0.005356699228286743,0.9199449,0.045845706,0.034209374
422,0,0,0.007457345724105835,0.8869337,0.076726176,0.036340255
422,0,0,0.007811188697814941,0.914826,0.028566945,0.056607123
422,0,0,0.0068198442459106445,0.92620057,0.04243198,0.031367477
422,0,0,0.004354521632194519,0.9567077,0.024417182,0.018875191
422,0,0,0.004483580589294434,0.9572251,0.027025452,0.015749576
422,0,0,0.0031438320875167847,0.95517635,0.029295765,0.015527983
422,0,0,0.007183820009231567,0.9499554,0.03011173,0.01993293
422,0,0,0.003539249300956726,0.9430802,0.04343145,0.013488444
422,0,0,0.0049646347761154175,0.9480791,0.01785534,0.03406566
422,0,0,0.0035624951124191284,0.9533559,0.016209148,0.030435009
422,0,0,0.005356580018997192,0.9325568,0.028437043,0.03900616
422,0,0,0.009272217750549316,0.49734586,0.48020822,0.022446012
422,0,0,0.013636291027069092,0.7651448,0.1910376,0.043817636
422,0,0,0.011388599872589111,0.7519584,0.20921937,0.038822282
422,0,0,0.010598719120025635,0.71710366,0.22098286,0.061913516
422,0,0,0.012867867946624756,0.667762,0.298277,0.033961084
422,0,1,0.011595606803894043,0.2533933,0.7129071,0.03369969
422,0,2,0.013601303100585938,0.35658017,0.05570231,0.5877176
422,0,0,0.004678159952163696,0.95018715,0.028438006,0.02137489
422,0,0,0.005307227373123169,0.9581925,0.025532156,0.016275376
422,0,0,0.004360020160675049,0.9507188,0.037216466,0.012064724
422,0,0,0.0032749176025390625,0.9547492,0.03311388,0.012137087
422,0,0,0.008192896842956543,0.941239,0.044807967,0.013953085
422,0,0,0.007141739130020142,0.93613946,0.051316585,0.012544018
422,0,0,0.004324197769165039,0.9490471,0.036504433,0.0144485235
422,0,2,0.01100778579711914,0.37098747,0.113789976,0.5152226
422,0,0,0.0070296525955200195,0.9378973,0.04317611,0.018926619
422,0,0,0.004376113414764404,0.9636266,0.019162694,0.0172108
422,0,0,0.0034220367670059204,0.9567937,0.029229634,0.013976838
422,0,0,0.005461782217025757,0.95229846,0.02763406,0.02006751
422,0,0,0.006231725215911865,0.9510756,0.033600383,0.015324027
422,0,0,0.0065565407276153564,0.93285394,0.05557484,0.0115712425
422,0,0,0.007007598876953125,0.9323445,0.053370763,0.0142848585
422,0,0,0.013626515865325928,0.5079169,0.0731421,0.41894102
422,0,0,0.007818013429641724,0.8943751,0.09313689,0.01248818
422,0,0,0.003959730267524719,0.95969445,0.028388074,0.011917544
422,0,0,0.00548727810382843,0.9520934,0.035787612,0.012119044
422,0,0,0.005305767059326172,0.96055824,0.022625765,0.016816057
422,0,0,0.004192233085632324,0.9472859,0.041297656,0.011416585
422,0,0,0.006157547235488892,0.92117405,0.06851331,0.010312672
422,0,0,0.0058793723583221436,0.91708213,0.069196485,0.013721451
422,0,0,0.012834131717681885,0.59319407,0.052224938,0.3545811
422,0,0,0.010258018970489502,0.8327936,0.107524656,0.05968178
422,0,0,0.011071324348449707,0.73787546,0.24907042,0.013054205
422,0,0,0.006051450967788696,0.9210524,0.06670323,0.012244289
422,0,0,0.005743831396102905,0.9482504,0.03739028,0.01435942
422,0,0,0.005939662456512451,0.9361687,0.05186173,0.011969655
422,0,0,0.0033597350120544434,0.9571834,0.025707897,0.017108709
118,0,2,0.018585801124572754,0.06787702,0.32385448,0.60826856
118,0,0,0.012432336807250977,0.5592114,0.14541614,0.29537258
118,0,1,0.01060795783996582,0.25579143,0.37544143,0.36876717
118,0,2,0.006318330764770508,0.06830195,0.17024273,0.76145536
118,0,0,0.007925450801849365,0.82705885,0.033660375,0.13928092
118,0,0,0.010441422462463379,0.9071957,0.08040863,0.012395771
118,0,0,0.009680509567260742,0.9221039,0.06051307,0.01738303
118,0,1,0.009977221488952637,0.31176177,0.57025975,0.11797851
118,0,0,0.006006106734275818,0.94345075,0.03551376,0.02103561
118,0,0,0.0035623162984848022,0.94893664,0.027858408,0.023205036
118,0,0,0.006127685308456421,0.93353885,0.018694086,0.047767024
118,0,0,0.007208108901977539,0.88378173,0.10215234,0.014065981
118,0,0,0.011808454990386963,0.6390046,0.32752302,0.03347241
118,0,0,0.0038085877895355225,0.95052904,0.018384187,0.031086894
118,0,0,0.005635172128677368,0.95066273,0.016442962,0.032894403
118,0,0,0.006161928176879883,0.94463354,0.027341856,0.028024698
118,0,0,0.014120876789093018,0.6546662,0.32795998,0.017373906
118,0,0,0.007941484451293945,0.76337194,0.22285494,0.013773216
118,0,0,0.008624076843261719,0.7460009,0.051314283,0.2026849
118,0,0,0.004502341151237488,0.9520693,0.026095977,0.02183482
118,0,0,0.006307229399681091,0.947476,0.027654087,0.024869913
118,0,0,0.009515881538391113,0.9507314,0.027948432,0.021320254
118,0,0,0.012085586786270142,0.9329567,0.04591635,0.02112714
118,0,1,0.013158977031707764,0.24184653,0.687858,0.07029556
118,0,0,0.007087737321853638,0.9557215,0.01974798,0.024530564
118,0,0,0.005148544907569885,0.95042914,0.026716253,0.02285464
118,0,0,0.004108816385269165,0.9454205,0.025386399,0.029193124
421,0,0,0.008149683475494385,0.7882355,0.042558596,0.16920595
421,0,0,0.008632421493530273,0.94064105,0.03062969,0.02872934
421,0,0,0.006632968783378601,0.9460118,0.032123763,0.021864593
421,0,0,0.007805198431015015,0.9189057,0.06568586,0.015408466
421,0,0,0.006675541400909424,0.9181002,0.060979582,0.020920308
421,0,0,0.0072290897369384766,0.9197639,0.062025405,0.018210633
421,0,0,0.005708366632461548,0.9319852,0.03298669,0.035028066
421,0,0,0.007383137941360474,0.9197139,0.044735316,0.035550907
421,0,0,0.006049484014511108,0.937264,0.041801114,0.020934923
421,0,0,0.0064046382904052734,0.93489605,0.0295685,0.035535485
421,0,0,0.0061647891998291016,0.9330038,0.023556592,0.043439705
421,0,0,0.009562045335769653,0.86879975,0.03175666,0.09944363
421,0,0,0.005403250455856323,0.90634024,0.03291327,0.06074649
421,0,0,0.008900642395019531,0.9262293,0.027477974,0.04629287
421,0,0,0.010104656219482422,0.9278443,0.026936833,0.04521892
421,0,0,0.006968706846237183,0.9083807,0.027764535,0.063854866
421,0,0,0.006470024585723877,0.8205501,0.03912886,0.14032118
421,0,0,0.0051158517599105835,0.9493438,0.018608766,0.032047566
421,0,0,0.0024788230657577515,0.949927,0.036043044,0.0140300365
421,0,0,0.009917110204696655,0.87980926,0.100420326,0.019770432
421,0,0,0.007634788751602173,0.9220319,0.04890971,0.029058373
421,0,0,0.018239259719848633,0.80489635,0.16368227,0.031421445
421,0,0,0.014816462993621826,0.7070288,0.2639645,0.029006764
421,0,0,0.013193786144256592,0.6010819,0.30675215,0.092166014
421,0,0,0.006253659725189209,0.9375267,0.020896848,0.04157651
421,0,0,0.0067924559116363525,0.94634056,0.026013779,0.027645612
421,0,0,0.0033296793699264526,0.94979835,0.03285552,0.017346134
421,0,0,0.006815910339355469,0.91425997,0.046053704,0.03968647
421,0,0,0.009168297052383423,0.8631106,0.06988364,0.06700587
421,0,0,0.007694989442825317,0.917378,0.029013189,0.053608853
421,0,0,0.006395936012268066,0.91910946,0.031130698,0.04975994
421,0,0,0.008577674627304077,0.93892574,0.025270185,0.035804085
421,0,2,0.009663760662078857,0.42878726,0.09329516,0.47791767
421,0,0,0.009333789348602295,0.6859175,0.092828676,0.22125389
421,0,1,0.010835111141204834,0.034800865,0.6876118,0.27758735
421,0,1,0.010030031204223633,0.021714866,0.8846553,0.09362989
421,0,0,0.021507322788238525,0.48760894,0.38750175,0.12488939
421,0,0,0.0035667121410369873,0.95657825,0.02448773,0.018934138
421,0,0,0.0074907392263412476,0.94625366,0.035672322,0.018074034
421,0,0,0.0034970641136169434,0.9568278,0.02863304,0.014539288
421,0,0,0.004086703062057495,0.9431994,0.033463866,0.023336882
421,0,0,0.004784762859344482,0.9539554,0.027925158,0.018119544
421,0,0,0.004289612174034119,0.9531153,0.023353798,0.02353101
421,0,0,0.003935173153877258,0.9485803,0.019081328,0.032338366
421,0,1,0.006703972816467285,0.027696041,0.93373007,0.038573973
421,0,0,0.004669219255447388,0.94810295,0.031929817,0.019967329
421,0,0,0.0021094083786010742,0.9563996,0.026879491,0.016720995
421,0,0,0.004264950752258301,0.95608705,0.023105063,0.02080798
421,0,0,0.006970107555389404,0.95304,0.0241392,0.022820884
421,0,0,0.00466446578502655,0.95575124,0.022305302,0.021943592
421,0,0,0.0042791664600372314,0.9632426,0.019262763,0.017494805
421,0,0,0.0031512826681137085,0.9615883,0.021819744,0.01659204
421,0,2,0.008644044399261475,0.021826224,0.22739172,0.7507822
421,0,0,0.010606139898300171,0.91158277,0.025033824,0.06338352
421,0,0,0.0037838518619537354,0.93701404,0.024558542,0.038427472
421,0,0,0.005061417818069458,0.92020863,0.013804613,0.06598677
421,0,0,0.004486367106437683,0.95474297,0.02356269,0.021694437
421,0,0,0.0040107667446136475,0.95282936,0.029346582,0.017824164
421,0,0,0.00676998496055603,0.9247448,0.055189297,0.020066015
421,0,0,0.005963146686553955,0.88161874,0.08958121,0.028800046
119,0,0,0.010298579931259155,0.87030095,0.07044458,0.05925463
119,0,0,0.013983011245727539,0.82707155,0.09232908,0.0805995
119,0,0,0.00400233268737793,0.9383893,0.026771942,0.034838844
119,0,0,0.006239712238311768,0.92977685,0.03728712,0.03293609
119,0,0,0.023566067218780518,0.8360705,0.11216592,0.05176362
119,0,0,0.01116633415222168,0.7490196,0.22695078,0.024029698
119,0,0,0.010662823915481567,0.911111,0.064706534,0.024182588
119,0,0,0.007562130689620972,0.88315016,0.057526033,0.059323795
119,0,0,0.01111564040184021,0.86214435,0.029567428,0.10828836
119,0,0,0.011664152145385742,0.8355033,0.031408194,0.13308853
119,0,0,0.010576456785202026,0.856681,0.06560329,0.07771579
119,0,0,0.008944928646087646,0.84063256,0.10782846,0.051539123
119,0,0,0.011737167835235596,0.76703054,0.17240879,0.06056072
119,0,0,0.008157163858413696,0.9185676,0.04292715,0.038505483
119,0,0,0.008810043334960938,0.6474807,0.07642895,0.27609038
119,0,0,0.010153740644454956,0.9100485,0.03002357,0.059928097
119,0,0,0.010490864515304565,0.9101706,0.026208533,0.063621044
119,0,0,0.00392422080039978,0.93642193,0.019837683,0.043740418
119,0,0,0.010450541973114014,0.90980345,0.031074386,0.05912231
119,0,0,0.014967918395996094,0.82015157,0.12139608,0.05845249
119,0,0,0.014347195625305176,0.81112504,0.16347058,0.025404472
119,0,0,0.0033228397369384766,0.91656786,0.06535387,0.018078327
119,0,0,0.00655093789100647,0.8950795,0.083871245,0.02104932
119,0,0,0.005858242511749268,0.90920985,0.065688856,0.025101349
119,0,0,0.00855913758277893,0.91673267,0.061974272,0.021293163
119,0,0,0.008298277854919434,0.915016,0.047563434,0.037420653
119,0,0,0.01324397325515747,0.7924269,0.19158068,0.01599247
119,0,0,0.012147277593612671,0.8382965,0.14828458,0.013419012
119,0,0,0.006814509630203247,0.9213424,0.066506386,0.012151333
119,0,0,0.008489608764648438,0.88775086,0.06124334,0.05100582
119,0,0,0.005820423364639282,0.9229648,0.020622512,0.056412697
119,0,0,0.006280094385147095,0.90810776,0.021464577,0.07042783
119,0,0,0.006272643804550171,0.92543626,0.018797759,0.055766053
119,0,0,0.008648961782455444,0.86319256,0.025576182,0.111231394
119,0,0,0.00781676173210144,0.9044053,0.030196542,0.065398306
119,0,0,0.005816370248794556,0.9350542,0.026107708,0.038838122
119,0,0,0.006248980760574341,0.89662874,0.082631126,0.02074017
119,0,0,0.005061447620391846,0.87879425,0.10327072,0.017935092
119,0,0,0.00736314058303833,0.8881632,0.09664001,0.015196983
119,0,0,0.009431600570678711,0.82180494,0.16212867,0.016066544
119,0,0,0.005767405033111572,0.81978893,0.16493854,0.01527265
119,0,0,0.009442299604415894,0.8307186,0.15449004,0.014791428
119,0,0,0.008362352848052979,0.77460486,0.21056776,0.014827528
119,0,0,0.007874548435211182,0.9143445,0.074374825,0.011280748
119,0,0,0.018058359622955322,0.7043471,0.21242723,0.08322589
119,0,0,0.008586645126342773,0.93006676,0.023002088,0.046931192
119,0,0,0.006122469902038574,0.9271812,0.017721772,0.05509707
119,0,0,0.006089359521865845,0.9418463,0.013641872,0.044511918
119,0,0,0.007265925407409668,0.8966777,0.020483239,0.082839146
119,0,0,0.008980989456176758,0.9171745,0.021976722,0.060848862
119,0,0,0.0068780481815338135,0.87937623,0.104801044,0.015822819
119,0,0,0.01244327425956726,0.89361733,0.088459074,0.017923746
119,0,0,0.012615829706192017,0.8438214,0.1385457,0.017633012
119,0,0,0.011267542839050293,0.8212854,0.1592906,0.019424098
119,0,0,0.01425325870513916,0.7803593,0.20585535,0.013785457
119,0,0,0.012067854404449463,0.64175767,0.34302333,0.015218992
119,0,0,0.014784514904022217,0.6266866,0.3589268,0.014386712
119,0,0,0.012295246124267578,0.59307045,0.39116216,0.015767513
119,0,0,0.013329565525054932,0.7500216,0.23672828,0.013250185
119,0,0,0.007921218872070312,0.83027834,0.11622713,0.053494655
119,0,0,0.009960711002349854,0.7461216,0.15750778,0.09637076
119,0,0,0.004883795976638794,0.8941226,0.09489613,0.010981369
119,0,0,0.005693644285202026,0.9431368,0.044423085,0.012440205
119,0,0,0.0029039084911346436,0.959697,0.025522217,0.0147808315
119,0,0,0.004129484295845032,0.956395,0.021070484,0.022534644
119,0,0,0.005322933197021484,0.9365045,0.017401556,0.04609392
119,0,0,0.004869669675827026,0.9366411,0.037659068,0.025699906
119,0,0,0.006432235240936279,0.9406648,0.026888235,0.03244702
119,0,0,0.0054468512535095215,0.8985338,0.08565135,0.015814904
119,0,0,0.003587484359741211,0.921646,0.06160013,0.016753988
119,0,0,0.00965416431427002,0.89807504,0.08469659,0.017228413
119,0,0,0.012932777404785156,0.79377997,0.1922154,0.014004763
119,0,0,0.008886873722076416,0.75091314,0.23821501,0.010871902
119,0,0,0.011139392852783203,0.63715374,0.34583196,0.017014401
119,0,0,0.007097780704498291,0.7882895,0.19710381,0.014606791
119,0,0,0.014162957668304443,0.6118169,0.16078794,0.22739527
119,0,0,0.015462994575500488,0.6368514,0.17694893,0.18619977
119,0,0,0.0059156715869903564,0.9090343,0.0747907,0.016175035
119,0,0,0.00893506407737732,0.9210318,0.058316547,0.020651758
119,0,0,0.0072969794273376465,0.94741046,0.019617653,0.032972034
119,0,0,0.010060280561447144,0.8834657,0.021100134,0.09543424
119,0,0,0.004352569580078125,0.9319974,0.018774943,0.04922774
119,0,0,0.006804287433624268,0.93575436,0.027566288,0.036679387
119,0,0,0.006204724311828613,0.93677586,0.02633646,0.03688769
119,0,0,0.006576746702194214,0.9015369,0.039902195,0.058561057
119,0,0,0.010038256645202637,0.86384714,0.035517808,0.10063506
119,0,0,0.0032686591148376465,0.93034834,0.0212576,0.04839415
119,0,0,0.008350163698196411,0.86579967,0.12050138,0.013698994
119,0,0,0.009225726127624512,0.8106934,0.17413679,0.015169848
119,0,0,0.01639777421951294,0.53524107,0.44653475,0.018224226
119,0,1,0.016808748245239258,0.47768334,0.50101775,0.021298975
119,0,0,0.007666826248168945,0.9018673,0.07349967,0.024633117
119,0,0,0.00834915041923523,0.8991889,0.078852564,0.02195866
119,0,0,0.007451117038726807,0.8494052,0.08050771,0.07008719
119,0,0,0.014906346797943115,0.7709595,0.09825293,0.13078754
119,0,0,0.00854465365409851,0.9127781,0.070501365,0.01672078
119,0,0,0.006850123405456543,0.9194369,0.02145287,0.059110202
102,0,0,0.006164908409118652,0.92807174,0.026227923,0.045700356
102,0,0,0.006517946720123291,0.91538167,0.044396274,0.040222082
102,0,0,0.005560234189033508,0.9479432,0.022359848,0.029696949
102,0,0,0.006767928600311279,0.9336085,0.028794438,0.03759713
102,0,0,0.00556144118309021,0.9306549,0.019802606,0.049542528
102,0,0,0.005414426326751709,0.93020993,0.018141488,0.051648714
102,0,0,0.005296826362609863,0.94724166,0.01977793,0.032980487
102,0,0,0.00394970178604126,0.94564605,0.027956756,0.026397292
102,0,0,0.002460569143295288,0.95017064,0.027618665,0.022210706
102,0,0,0.008411914110183716,0.891302,0.06801162,0.040686447
102,0,0,0.00732913613319397,0.9436747,0.018700318,0.03762507
102,0,0,0.007812559604644775,0.923616,0.032855447,0.043528628
380,0,0,0.004593253135681152,0.9446625,0.035269704,0.020067861
380,0,0,0.008419305086135864,0.8943609,0.08360838,0.022030763
380,0,0,0.004780560731887817,0.9097615,0.07454795,0.015690591
380,0,0,0.00965002179145813,0.93663746,0.043991607,0.019371022
380,0,0,0.006024599075317383,0.9145569,0.06254086,0.022902336
380,0,0,0.005683273077011108,0.90198517,0.076612085,0.021402866
380,0,0,0.004846155643463135,0.9502538,0.029319055,0.020427112
380,0,0,0.005575746297836304,0.9450583,0.031069947,0.023871899
380,0,0,0.01334729790687561,0.88353455,0.088961564,0.02750396
380,0,0,0.005805283784866333,0.9343745,0.040438827,0.025186647
380,0,0,0.004303991794586182,0.943765,0.030056708,0.026178375
380,0,0,0.009847164154052734,0.9145654,0.059322923,0.026111834
380,0,0,0.006776988506317139,0.9359788,0.038771123,0.0252502
380,0,0,0.007587701082229614,0.9343714,0.041650187,0.023978408
380,0,0,0.004326492547988892,0.9368415,0.039231606,0.02392684
380,0,0,0.013900399208068848,0.4376013,0.3946573,0.16774152
380,0,0,0.012299656867980957,0.83172137,0.12619966,0.042079132
380,0,0,0.005745798349380493,0.92278373,0.053582128,0.023634195
380,0,0,0.009406208992004395,0.5141309,0.42530677,0.060562372
366,0,0,0.0072190165519714355,0.80972546,0.014750725,0.1755239
366,0,0,0.0043624043464660645,0.89194864,0.015687786,0.09236377
366,0,0,0.006527334451675415,0.9270286,0.018389566,0.05458194
366,0,0,0.00971442461013794,0.83826226,0.13518801,0.026549887
366,0,0,0.007775843143463135,0.7305435,0.018786581,0.25067005
366,0,0,0.006741166114807129,0.90980077,0.021206189,0.06899307
253,0,2,0.00925704836845398,0.027687233,0.11205812,0.8602547
253,0,1,0.008594274520874023,0.29334486,0.58914113,0.117514074
253,0,2,0.009424984455108643,0.030382726,0.14575726,0.82386017
253,0,2,0.019144177436828613,0.04162284,0.2638354,0.69454175
253,0,1,0.012519419193267822,0.36673567,0.55007875,0.08318562
253,0,0,0.012124836444854736,0.711245,0.25891846,0.029836623
253,0,0,0.007364928722381592,0.7720584,0.21604337,0.01189838
253,0,0,0.007355540990829468,0.8928686,0.08922351,0.017907975
253,0,0,0.009017646312713623,0.515813,0.41612345,0.06806356
253,0,0,0.007689356803894043,0.7908757,0.1479001,0.06122438
253,0,0,0.007933884859085083,0.9062238,0.066317506,0.02745879
253,0,2,0.009468823671340942,0.040756334,0.08805421,0.8711895
253,0,0,0.009732604026794434,0.54913825,0.27716753,0.17369431
253,0,0,0.013471603393554688,0.7232594,0.23961498,0.03712566
253,0,0,0.008324146270751953,0.86986285,0.11683471,0.0133024445
253,0,0,0.007613539695739746,0.8928332,0.09460733,0.012559538
253,0,0,0.004787355661392212,0.8407606,0.14336172,0.015877802
253,0,0,0.008797645568847656,0.85100526,0.053136915,0.095857896
253,0,0,0.009752929210662842,0.54611945,0.07247566,0.3814049
253,0,0,0.01284492015838623,0.73306775,0.20347936,0.06345304
253,0,0,0.009595155715942383,0.90521526,0.07729999,0.01748484
253,0,0,0.007258594036102295,0.82030314,0.1565665,0.023130493
253,0,2,0.013470709323883057,0.0708341,0.12123826,0.8079277
253,0,0,0.007147848606109619,0.83898807,0.050873708,0.11013835
253,0,0,0.006241261959075928,0.9417044,0.04318872,0.015106996
253,0,0,0.004489988088607788,0.9448139,0.042008854,0.013177416
253,0,0,0.006683558225631714,0.91660845,0.03499255,0.048398998
253,0,0,0.004551559686660767,0.9349743,0.044823036,0.020202769
253,0,0,0.007140308618545532,0.9237583,0.057710584,0.018531175
253,0,0,0.006545692682266235,0.9205261,0.057602372,0.021871628
253,0,0,0.006577908992767334,0.9151711,0.069432,0.015396964
253,0,0,0.006995201110839844,0.91049975,0.073693864,0.015806468
253,0,0,0.00733262300491333,0.91020155,0.07539496,0.01440357
253,0,0,0.006834447383880615,0.8927073,0.078520134,0.028772654
253,0,0,0.007044613361358643,0.8791175,0.07632597,0.044556703
253,0,0,0.009638607501983643,0.78006995,0.14049388,0.07943619
253,0,0,0.0061453282833099365,0.9414678,0.042757742,0.015774522
253,0,0,0.007351905107498169,0.9506511,0.034576017,0.014772898
253,0,0,0.005767315626144409,0.9207337,0.038833935,0.040432513
253,0,0,0.007818102836608887,0.89839756,0.07651721,0.025085308
253,0,0,0.009816259145736694,0.9025241,0.07668286,0.02079307
253,0,0,0.016186028718948364,0.88093865,0.10404732,0.015014111
253,0,0,0.0050279200077056885,0.9288714,0.056681655,0.014447043
253,0,0,0.007096052169799805,0.91296244,0.07281839,0.014219258
253,0,0,0.01350906491279602,0.862214,0.121347085,0.016439058
253,0,0,0.0066731274127960205,0.85925883,0.121281,0.019460222
253,0,0,0.007905960083007812,0.8607027,0.118937984,0.020359376
253,0,0,0.0054524242877960205,0.8421675,0.13760409,0.020228507
253,0,2,0.012811839580535889,0.039726917,0.10779328,0.8524798
253,0,0,0.007284581661224365,0.70544946,0.25564128,0.038909327
253,0,0,0.00993359088897705,0.8686273,0.11676513,0.014607613
253,0,0,0.007890194654464722,0.91156006,0.07458592,0.013854163
253,0,0,0.005399137735366821,0.9190537,0.067996815,0.0129495105
253,0,0,0.006126135587692261,0.9254098,0.06037939,0.014210812
253,0,0,0.013305455446243286,0.84910935,0.13645671,0.014434021
253,0,0,0.00620076060295105,0.89617425,0.08826187,0.015563935
253,0,0,0.007189750671386719,0.907405,0.07296798,0.019627193
253,0,0,0.010653644800186157,0.91256094,0.067116685,0.020322457
253,0,0,0.006152033805847168,0.86436516,0.12531531,0.010319579
253,0,0,0.006442815065383911,0.8438816,0.14475212,0.011366281
253,0,0,0.007332921028137207,0.7944544,0.19492204,0.010623677
253,0,0,0.010296046733856201,0.7599193,0.22632919,0.013751573
253,0,2,0.009810268878936768,0.031750124,0.10961994,0.85863006
253,0,0,0.010896623134613037,0.85514265,0.1305477,0.014309688
253,0,0,0.011285275220870972,0.8804523,0.106475286,0.013072562
253,0,0,0.003922224044799805,0.9556163,0.03093537,0.013448466
253,0,0,0.006863266229629517,0.927153,0.055876553,0.01697051
253,0,0,0.006708294153213501,0.83064926,0.15912789,0.010222938
253,0,0,0.013062834739685059,0.80331993,0.1797597,0.01692046
253,0,0,0.005701333284378052,0.9015869,0.0812705,0.017142776
253,0,0,0.009004384279251099,0.85597456,0.13299109,0.0110345045
253,0,0,0.00959274172782898,0.8927031,0.09664667,0.010650255
253,0,0,0.008565962314605713,0.90619093,0.082480825,0.011328291
253,0,0,0.0070303380489349365,0.8985058,0.09084701,0.010647234
253,0,2,0.007869720458984375,0.044080492,0.105008565,0.8509111
253,0,0,0.007205754518508911,0.8742538,0.07693759,0.048808713
253,0,0,0.006151452660560608,0.94650793,0.019991847,0.033500284
253,0,0,0.003848925232887268,0.95265585,0.026148304,0.021195963
253,0,0,0.009544134140014648,0.9091227,0.077282764,0.013594559
253,0,0,0.006447046995162964,0.9301945,0.058131687,0.01167382
253,0,0,0.006077885627746582,0.84779286,0.14042282,0.01178443
253,0,0,0.006785720586776733,0.8653159,0.12284266,0.011841536
253,0,0,0.004955768585205078,0.91301644,0.073933825,0.013049811
253,0,1,0.01126563549041748,0.17434177,0.45330617,0.37235206
253,0,0,0.014404773712158203,0.75711054,0.047164556,0.19572498
253,0,0,0.004743725061416626,0.9416135,0.04330887,0.015077777
253,0,0,0.00665794312953949,0.95045596,0.036647517,0.012896613
253,0,0,0.0035327374935150146,0.9614604,0.024169574,0.014370079
253,0,0,0.004237085580825806,0.91882527,0.068814665,0.012360145
253,0,2,0.01206362247467041,0.03953305,0.13345164,0.8270155
253,0,0,0.007846325635910034,0.88039446,0.08331317,0.036292378
253,0,0,0.010585218667984009,0.92390215,0.06300529,0.0130926
253,0,0,0.0033254921436309814,0.9542833,0.032913335,0.01280338
253,0,2,0.008097529411315918,0.041695125,0.14144804,0.8168569
376,0,0,0.0068898797035217285,0.90897024,0.06906112,0.021968719
376,0,0,0.00926828384399414,0.8471551,0.09727293,0.055571996
376,0,0,0.00908711552619934,0.8778744,0.048469808,0.07365599
376,0,0,0.0037657171487808228,0.9557713,0.025707792,0.01852095
376,0,0,0.005594074726104736,0.9458261,0.028898804,0.025275106
376,0,0,0.002337738871574402,0.95120573,0.018347103,0.030447215
376,0,0,0.004235789179801941,0.9475524,0.022699172,0.029748453
376,0,0,0.00394439697265625,0.95222384,0.019078568,0.028697664
376,0,0,0.007560759782791138,0.9332127,0.01649874,0.050288625
376,0,0,0.005333542823791504,0.94551504,0.027024679,0.027460363
376,0,0,0.0046873390674591064,0.9507775,0.028118022,0.02110452
376,0,0,0.006004884839057922,0.94620615,0.022174984,0.031618856
376,0,0,0.007472574710845947,0.9376822,0.038894266,0.023423651
376,0,0,0.004266828298568726,0.9552854,0.0254512,0.019263513
376,0,0,0.0033783316612243652,0.9571717,0.02585557,0.016972791
376,0,0,0.007754474878311157,0.9130307,0.056966845,0.03000254
376,0,0,0.0038262754678726196,0.948145,0.030716436,0.021138698
376,0,0,0.005800217390060425,0.94924986,0.02884263,0.021907555
55,0,0,0.00910419225692749,0.7184333,0.2617463,0.019820437
55,0,1,0.016608893871307373,0.45355773,0.5263635,0.020078927
55,0,0,0.012723743915557861,0.7514556,0.21475479,0.0337897
55,0,0,0.010531455278396606,0.8935288,0.09139388,0.015077483
55,0,0,0.012761622667312622,0.8660453,0.12174978,0.012205035
55,0,0,0.005983263254165649,0.9299471,0.0498047,0.020248286
55,0,0,0.010750234127044678,0.8490327,0.13809474,0.012872763
55,0,0,0.011813461780548096,0.7097791,0.27721736,0.013003628
55,0,0,0.01627027988433838,0.6531253,0.33424795,0.012626767
55,0,0,0.011672914028167725,0.51927733,0.46862796,0.012094705
55,0,0,0.01111757755279541,0.5696568,0.4181566,0.012186775
55,0,0,0.006686270236968994,0.8008974,0.18653288,0.012569794
55,0,0,0.013711631298065186,0.7413389,0.24182692,0.016834237
55,0,0,0.009750425815582275,0.82607335,0.15891695,0.015009759
55,0,0,0.00943717360496521,0.8669355,0.12011699,0.012947566
55,0,0,0.0074634552001953125,0.8679482,0.120720066,0.011331738
55,0,0,0.006461113691329956,0.8533022,0.13591468,0.010783172
55,0,0,0.00858926773071289,0.74350435,0.24660495,0.009890724
55,0,0,0.009834349155426025,0.74776167,0.24147308,0.010765268
55,0,0,0.008609950542449951,0.90233725,0.08643216,0.011230694
55,0,0,0.011516869068145752,0.88859415,0.09948572,0.011920203
55,0,0,0.004827588796615601,0.9166113,0.07437101,0.00901772
55,0,0,0.008299201726913452,0.9222851,0.06527456,0.012440412
55,0,0,0.008428007364273071,0.8936294,0.09519334,0.011177446
55,0,0,0.011027544736862183,0.8843449,0.1035345,0.012120783
55,0,0,0.009235173463821411,0.83694607,0.14981194,0.01324215
55,0,0,0.008351743221282959,0.90828085,0.07213624,0.019582976
55,0,0,0.015055567026138306,0.87609255,0.10828526,0.015622258
55,0,0,0.005035817623138428,0.92440856,0.06078151,0.014810046
55,0,0,0.009717434644699097,0.94447553,0.042497206,0.013027391
55,0,0,0.006592258810997009,0.9505666,0.036106516,0.013326829
55,0,0,0.007449120283126831,0.92976725,0.056799717,0.013433058
55,0,0,0.005761981010437012,0.9446829,0.04535813,0.0099591045
55,0,0,0.004556059837341309,0.9344992,0.053746197,0.01175464
55,0,0,0.007390767335891724,0.9226121,0.06779588,0.009592124
55,0,0,0.007788747549057007,0.8990403,0.08631543,0.014644325
55,0,0,0.0049621909856796265,0.95623225,0.031636145,0.012131718
55,0,0,0.005672156810760498,0.9398413,0.047506724,0.012652153
55,0,0,0.0033014267683029175,0.9437676,0.043539554,0.01269293
101,0,0,0.010615289211273193,0.82018805,0.1283025,0.05150958
101,0,0,0.009922921657562256,0.80861795,0.11631721,0.07506492
101,0,0,0.005191802978515625,0.9024701,0.05073808,0.046791837
101,0,0,0.009832888841629028,0.88952965,0.087193586,0.02327688
101,0,0,0.0044030845165252686,0.9436397,0.027226884,0.029133461
101,0,0,0.012456536293029785,0.7273402,0.15351786,0.119141966
101,0,0,0.005623340606689453,0.9291394,0.050174803,0.020685976
101,0,0,0.0059739649295806885,0.8893837,0.076112434,0.034503963
101,0,0,0.0065995752811431885,0.92196584,0.032697763,0.045336463
101,0,0,0.006615817546844482,0.881146,0.066855706,0.05199834
101,0,0,0.007425487041473389,0.9205192,0.061342668,0.018138217
101,0,2,0.013491272926330566,0.28931174,0.28963077,0.42105758
101,0,0,0.012496232986450195,0.58881766,0.36829346,0.04288898
44,0,0,0.010119587182998657,0.883308,0.096939124,0.019752908
44,0,0,0.009500205516815186,0.8263442,0.15490682,0.018749034
44,0,0,0.009725302457809448,0.86733544,0.1021247,0.030539889
44,0,0,0.0047428905963897705,0.9468836,0.039625775,0.013490675
44,0,0,0.005689308047294617,0.9441802,0.04198171,0.013838079
44,0,0,0.006505340337753296,0.9349014,0.04829483,0.016803818
44,0,0,0.006804287433624268,0.9091305,0.063472636,0.027396983
44,0,0,0.00367698073387146,0.9334207,0.034358114,0.032221224
44,0,0,0.005202770233154297,0.93285656,0.044528287,0.022615215
44,0,0,0.008323580026626587,0.89695275,0.09002881,0.013018524
44,0,0,0.006177991628646851,0.94442713,0.031163976,0.024408946
44,0,0,0.005746603012084961,0.944018,0.0345903,0.021391766
44,0,0,0.008178174495697021,0.9357522,0.03758626,0.026661629
44,0,0,0.003924638032913208,0.94355243,0.03290162,0.023546051
44,0,0,0.011556029319763184,0.87048227,0.09724752,0.032270346
44,0,0,0.00764116644859314,0.9353086,0.03566403,0.02902752
44,0,0,0.005299925804138184,0.9387021,0.030473243,0.030824773
44,0,0,0.009287923574447632,0.92618734,0.0379526,0.035860196
44,0,0,0.006499350070953369,0.6259655,0.26682153,0.10721304
44,0,0,0.011486947536468506,0.8228984,0.15515442,0.02194736
44,0,0,0.008007675409317017,0.85871005,0.059728257,0.081561826
44,0,0,0.007956117391586304,0.9115049,0.050986096,0.037508976
44,0,0,0.007343024015426636,0.92210966,0.05340023,0.024490306
44,0,0,0.01019299030303955,0.41876394,0.3675414,0.21369475
44,0,0,0.014204800128936768,0.698498,0.26709092,0.03441113
278,1,1,0.00907963514328003,0.014194186,0.8884719,0.09733397
278,1,1,0.009445607662200928,0.024869561,0.8631322,0.11199832
278,1,1,0.00465625524520874,0.014780162,0.9328321,0.052387744
278,1,1,0.0034651458263397217,0.015063318,0.95075536,0.034181353
278,1,1,0.008088111877441406,0.018078318,0.89459985,0.08732194
278,1,1,0.008595943450927734,0.019579722,0.8548099,0.12561044
278,1,1,0.006640642881393433,0.012288649,0.9251347,0.06257668
278,1,1,0.010057568550109863,0.011097687,0.81448627,0.1744161
278,1,1,0.01519930362701416,0.0737097,0.5858618,0.34042844
278,1,1,0.008600205183029175,0.013493378,0.9075197,0.07898695
138,1,1,0.007995307445526123,0.110670134,0.7539269,0.13540307
138,1,1,0.006263285875320435,0.021743758,0.84200764,0.1362487
138,1,1,0.00803685188293457,0.022725642,0.7711987,0.20607576
138,1,1,0.009622335433959961,0.11489204,0.69616914,0.18893889
138,1,2,0.011441409587860107,0.020890323,0.43526384,0.54384583
138,1,1,0.005800604820251465,0.016588895,0.598383,0.38502818
138,1,2,0.009492695331573486,0.029419145,0.20802243,0.7625585
327,1,1,0.007971048355102539,0.01697568,0.9023795,0.08064488
327,1,1,0.007895678281784058,0.016778508,0.9164917,0.06672986
327,1,1,0.0067809224128723145,0.014777358,0.7702309,0.21499175
327,1,1,0.011432349681854248,0.015595025,0.78105474,0.20335026
327,1,1,0.010818302631378174,0.012287477,0.6636038,0.3241088
327,1,1,0.010255575180053711,0.01209219,0.5997741,0.38813376
327,1,2,0.008788466453552246,0.013241949,0.1192873,0.86747086
327,1,2,0.011997520923614502,0.016809763,0.2824503,0.70074004
327,1,2,0.013650357723236084,0.014112471,0.38727885,0.5986088
329,1,1,0.0075722336769104,0.06901755,0.8474561,0.083526514
329,1,1,0.007941216230392456,0.041172616,0.88858086,0.07024653
329,1,1,0.004716008901596069,0.025012346,0.93642896,0.038558774
329,1,1,0.010419905185699463,0.40849158,0.5038997,0.08760882
329,1,1,0.011552155017852783,0.36137635,0.592429,0.046194714
329,1,1,0.010388195514678955,0.11244741,0.74861825,0.1389345
276,1,2,0.007569044828414917,0.036866702,0.0928531,0.87028027
276,1,2,0.008296102285385132,0.05157059,0.0752378,0.8731918
276,1,2,0.007857263088226318,0.060662482,0.09978232,0.83955526
276,1,2,0.014628052711486816,0.07553352,0.31789938,0.60656714
276,1,1,0.019397437572479248,0.040509716,0.63604844,0.32344192
276,1,1,0.011906802654266357,0.060527604,0.54204017,0.39743236
276,1,1,0.013734400272369385,0.09054199,0.45848775,0.45097035
276,1,2,0.007951021194458008,0.044090707,0.3799259,0.57598346
151,2,2,0.006894946098327637,0.015172878,0.14267904,0.8421481
151,2,2,0.007034897804260254,0.016034085,0.06716934,0.9167967
151,2,2,0.010832250118255615,0.01657995,0.12547925,0.8579409
151,2,2,0.006450533866882324,0.04306787,0.09823538,0.8586968
151,2,2,0.008758127689361572,0.041064393,0.111274734,0.8476611
151,2,2,0.005414336919784546,0.030645343,0.108557925,0.86079687
151,2,2,0.005593091249465942,0.024142653,0.1056588,0.8701986
151,2,2,0.00970768928527832,0.03832767,0.25703835,0.704634
151,2,1,0.016923129558563232,0.086932436,0.66137755,0.25169018
151,2,2,0.010162144899368286,0.031184362,0.061352514,0.90746325
151,2,2,0.0056285858154296875,0.016583698,0.07332607,0.9100903
200,2,2,0.020287156105041504,0.20114389,0.04660819,0.752248
200,2,2,0.004832327365875244,0.100321285,0.020040687,0.87963814
200,2,2,0.0030387043952941895,0.021328282,0.0476037,0.931068
200,2,2,0.007161974906921387,0.24118192,0.04530774,0.7135104
200,2,2,0.00631028413772583,0.05953959,0.025102017,0.9153585
297,2,0,0.016543984413146973,0.7256128,0.14832081,0.12606648
297,2,0,0.014851152896881104,0.79913944,0.11713694,0.08372366
297,2,1,0.016118526458740234,0.21119756,0.46487078,0.3239317
297,2,2,0.019895553588867188,0.33901626,0.28123844,0.37974536
297,2,2,0.01819896697998047,0.1669585,0.17551453,0.657527
297,2,2,0.011001229286193848,0.09462375,0.18550768,0.7198687
297,2,2,0.009069979190826416,0.068179786,0.13465829,0.79716206
297,2,2,0.012828409671783447,0.08471273,0.09722452,0.81806284
297,2,2,0.006150394678115845,0.03682137,0.10201796,0.8611607
297,2,2,0.005502939224243164,0.04505723,0.118401036,0.8365418
245,2,2,0.01126757264137268,0.035808686,0.07914137,0.88505006
245,2,2,0.008097529411315918,0.034402214,0.11124839,0.85434943
245,2,2,0.012515068054199219,0.03772661,0.08935616,0.8729173
245,2,2,0.005664169788360596,0.033847198,0.045512863,0.92063993
245,2,2,0.004825025796890259,0.031077046,0.033668946,0.9352541
245,2,2,0.0073677897453308105,0.113201864,0.04274909,0.8440491
245,2,2,0.011248648166656494,0.12850854,0.05063078,0.82086074
245,2,2,0.006360828876495361,0.052410804,0.04045507,0.9071343
245,2,2,0.010849475860595703,0.39849487,0.063486464,0.53801876
245,2,2,0.00835329294204712,0.1261492,0.056374215,0.81747663
245,2,2,0.007846474647521973,0.0752762,0.1234985,0.8012253
245,2,2,0.006963968276977539,0.08647921,0.1113659,0.80215496
245,2,2,0.009195208549499512,0.10246036,0.102880485,0.7946592
150,2,2,0.0061692893505096436,0.031191776,0.047660105,0.92114824
150,2,2,0.006567835807800293,0.04451836,0.11092394,0.84455776
150,2,1,0.009133756160736084,0.20569927,0.7039886,0.090312146
150,2,2,0.007253289222717285,0.034204412,0.053434946,0.91236067
150,2,2,0.0043020546436309814,0.019931888,0.04518665,0.9348815
150,2,2,0.008757293224334717,0.016831348,0.37294284,0.6102259
150,2,2,0.005876064300537109,0.017355334,0.06864041,0.9140043
150,2,2,0.008218884468078613,0.01828969,0.10078214,0.8809282
160,2,2,0.008656859397888184,0.027857848,0.18907547,0.7830667
160,2,2,0.003904283046722412,0.017772615,0.07017282,0.9120546
160,2,2,0.004857197403907776,0.02510497,0.030106181,0.944789
160,2,2,0.006973579525947571,0.02339699,0.031734336,0.9448687
160,2,2,0.006143257021903992,0.027922895,0.026409166,0.945668
160,2,2,0.0033468008041381836,0.028326055,0.024348425,0.9473256
160,2,2,0.0064585208892822266,0.035958875,0.079308026,0.8847331
160,2,2,0.006949245929718018,0.027327836,0.052333973,0.9203383
160,2,2,0.0032729804515838623,0.028037015,0.023838473,0.9481246
160,2,2,0.003527700901031494,0.024839975,0.018860148,0.95629996
160,2,2,0.005162060260772705,0.044793718,0.060528036,0.89467835
160,2,2,0.0036084651947021484,0.04286369,0.03351634,0.92362005
160,2,2,0.007744938135147095,0.12460729,0.0236758,0.85171705
149,2,2,0.008755683898925781,0.20078455,0.34329295,0.45592254
149,2,2,0.005776762962341309,0.013778642,0.15597361,0.8302479
149,2,1,0.012482702732086182,0.23700096,0.58731,0.17568909
149,2,2,0.00960993766784668,0.026516372,0.21322404,0.7602597
149,2,1,0.011945128440856934,0.12272191,0.57437277,0.30290535
149,2,2,0.012421250343322754,0.032944296,0.13320093,0.83385485
149,2,2,0.009066671133041382,0.022040457,0.11117153,0.8667882
149,2,2,0.007175922393798828,0.01836473,0.31399208,0.66764325
149,2,2,0.006493270397186279,0.018901672,0.10957724,0.8715213
149,2,2,0.005913883447647095,0.027819958,0.098135896,0.8740442
149,2,2,0.009287714958190918,0.014561351,0.3161231,0.66931564
149,2,2,0.0038433074951171875,0.026263498,0.114258684,0.85947794
149,2,2,0.00686490535736084,0.020437941,0.24411635,0.73544586
149,2,1,0.011650681495666504,0.017908437,0.8135448,0.16854684
187,2,2,0.005291074514389038,0.09902261,0.036554065,0.8644234
187,2,2,0.0061431825160980225,0.03689688,0.058091898,0.9050113
187,2,0,0.005675196647644043,0.9050464,0.024309468,0.070644245
187,2,2,0.007441073656082153,0.06483404,0.052282922,0.8828831
187,2,2,0.005301475524902344,0.03919414,0.03050333,0.9303026
187,2,2,0.012729942798614502,0.3645482,0.118318506,0.51713336
187,2,0,0.009958624839782715,0.7486927,0.029658718,0.22164877
187,2,1,0.02066904306411743,0.032150634,0.5794264,0.38842306
187,2,2,0.009167850017547607,0.039805967,0.03690144,0.9232927
187,2,2,0.010559618473052979,0.060383927,0.07208663,0.8675295
187,2,2,0.01015007495880127,0.04247502,0.23047377,0.7270513
187,2,0,0.006115913391113281,0.8823923,0.034154788,0.08345297
187,2,0,0.00828009843826294,0.5597124,0.027515262,0.41277236
187,2,2,0.012986600399017334,0.06433062,0.11589096,0.81977844
