parcel_id,truth,pred,epistemic,prob_0,prob_1,prob_2
435,0,0,0.0,0.90474576,0.030577563,0.06467685
435,0,0,0.0,0.90673965,0.020413032,0.07284739
435,0,0,5.960464477539063e-08,0.88887423,0.030018521,0.08110725
435,0,0,0.0,0.88593864,0.04607635,0.067985065
435,0,0,0.0,0.9420108,0.022078566,0.035910737
435,0,0,0.0,0.8779783,0.029189868,0.09283185
435,0,0,0.0,0.8780045,0.030085143,0.091910414
435,0,0,5.960464477539063e-08,0.90064675,0.03810205,0.06125114
435,0,0,5.960464477539063e-08,0.90709203,0.031340867,0.061567113
435,0,0,0.0,0.9345659,0.023333339,0.04210083
435,0,0,0.0,0.90984005,0.048143607,0.042016435
435,0,0,0.0,0.90648705,0.049894467,0.043618552
435,0,0,0.0,0.8941951,0.05125476,0.054550275
435,0,0,0.0,0.8860416,0.049713515,0.064245075
435,0,0,0.0,0.79880255,0.04876772,0.15242977
435,0,0,0.0,0.7769184,0.0680315,0.15505025
435,0,0,0.0,0.7704046,0.056132212,0.17346336
435,0,0,0.0,0.8417904,0.051669225,0.10654044
435,0,0,0.0,0.8951553,0.041587505,0.06325739
435,0,0,0.0,0.93360084,0.026298504,0.04010074
435,0,0,0.0,0.9455944,0.019794775,0.03461097
435,0,0,0.0,0.954599,0.023156123,0.022244968
435,0,0,0.0,0.961568,0.01670797,0.02172413
435,0,0,0.0,0.8836617,0.05894591,0.05739247
435,0,0,2.9802322387695312e-08,0.89075804,0.05284705,0.056394894
435,0,0,0.0,0.8435106,0.053943112,0.10254636
435,0,0,1.7881393432617188e-07,0.78192574,0.049632654,0.16844167
435,0,0,0.0,0.8699465,0.054866333,0.075187415
435,0,0,0.0,0.92439806,0.03582086,0.03978115
435,0,0,0.0,0.9477224,0.024928553,0.02734921
435,0,0,0.0,0.9664265,0.014960484,0.0186131
435,0,0,0.0,0.958581,0.025937852,0.015481413
435,0,0,0.0,0.93892294,0.037272144,0.023805067
435,0,0,0.0,0.8968773,0.065752536,0.037370324
435,0,0,0.0,0.91019744,0.044360418,0.045442134
435,0,0,0.0,0.7332947,0.055676036,0.21102941
435,0,0,0.0,0.79464597,0.038307145,0.16704698
435,0,0,0.0,0.82740366,0.063584656,0.109011784
435,0,0,0.0,0.89319235,0.05294719,0.05386054
435,0,0,0.0,0.9216519,0.04587211,0.03247611
435,0,0,0.0,0.9267393,0.05033893,0.02292189
435,0,0,5.960464477539063e-08,0.9604422,0.023374084,0.016183715
435,0,0,0.0,0.9362698,0.04115017,0.022580126
435,0,0,0.0,0.9201116,0.04595993,0.033928532
435,0,0,0.0,0.9007007,0.05755572,0.04174366
435,0,0,0.0,0.6533066,0.118471384,0.22822206
435,0,0,0.0,0.7313601,0.045619,0.22302106
435,0,0,0.0,0.8093205,0.04569994,0.14497966
435,0,0,0.0,0.8890238,0.040920064,0.070056334
435,0,0,0.0,0.9208373,0.034653,0.0445097
435,0,0,0.0,0.90164006,0.065015115,0.033344977
435,0,0,0.0,0.9062862,0.059585188,0.03412881
435,0,0,0.0,0.93654746,0.03606859,0.027384039
435,0,0,0.0,0.8878164,0.07354758,0.03863602
435,0,0,0.0,0.5725432,0.18422636,0.24323052
435,0,0,0.0,0.78350586,0.040249884,0.17624451
435,0,0,0.0,0.85787916,0.039889943,0.10223111
435,0,0,1.1920928955078125e-07,0.85766906,0.072581105,0.06974976
435,0,0,0.0,0.8916475,0.05447912,0.053873308
435,0,0,0.0,0.88395745,0.06989927,0.04614344
435,0,0,8.940696716308594e-08,0.93953955,0.03506766,0.025392765
435,0,0,0.0,0.86992407,0.08687735,0.043198776
435,0,0,0.0,0.7444354,0.15409392,0.10147074
435,0,2,0.0,0.021449301,0.4427844,0.53576636
435,0,0,0.0,0.8465609,0.031181136,0.12225816
435,0,0,0.0,0.88449425,0.053343005,0.06216282
435,0,0,0.0,0.8583609,0.08405651,0.057582818
435,0,0,0.0,0.8723713,0.06949181,0.058136966
435,0,0,2.9802322387695312e-08,0.8834812,0.06968244,0.04683634
435,0,0,0.0,0.8872653,0.07576543,0.036969237
435,0,0,5.960464477539063e-08,0.7653915,0.14484167,0.089766845
435,0,1,0.0,0.20498161,0.43573314,0.3592852
435,0,1,0.0,0.016345074,0.53489107,0.44876385
435,0,0,0.0,0.8017723,0.063393235,0.13483444
435,0,0,0.0,0.8414995,0.08550305,0.07299753
435,0,0,0.0,0.8476772,0.076499686,0.07582333
435,0,0,0.0,0.8369116,0.0791356,0.08395277
435,0,0,0.0,0.82493776,0.08822842,0.08683408
435,0,0,0.0,0.8051643,0.12588362,0.06895228
435,0,0,0.0,0.45390987,0.36605284,0.18003745
435,0,1,0.0,0.016544102,0.50534004,0.47811604
435,0,0,0.0,0.65950817,0.07694192,0.26354998
435,0,0,0.0,0.78351253,0.067957886,0.14852963
435,0,0,0.0,0.7864642,0.08474014,0.1287957
435,0,0,5.960464477539063e-08,0.7843136,0.08145207,0.13423434
435,0,0,0.0,0.7902864,0.079162605,0.13055111
435,0,0,0.0,0.73634315,0.15691423,0.10674262
435,0,2,0.0,0.30566165,0.24361607,0.4507224
435,0,2,0.0,0.009873378,0.4469473,0.5431793
256,0,1,0.0,0.30505198,0.35219347,0.34275463
256,0,0,0.0,0.459563,0.34177005,0.19866692
256,0,2,0.0,0.22721988,0.17400102,0.59877926
256,0,0,0.0,0.7008554,0.17547429,0.12367046
256,0,0,0.0,0.7210274,0.20209837,0.07687446
256,0,2,0.0,0.14198777,0.38805914,0.46995333
256,0,2,0.0,0.2263402,0.089370266,0.68428963
256,0,0,0.0,0.60164225,0.11975498,0.27860287
256,0,0,0.0,0.7928471,0.047438268,0.1597147
256,0,0,0.0,0.6917997,0.1151314,0.19306898
256,0,2,0.0,0.21420585,0.37155694,0.41423732
256,0,2,0.0,0.18844377,0.26498684,0.54656947
256,0,2,0.0,0.036687348,0.47167203,0.4916407
256,0,0,0.0,0.6502879,0.11948879,0.23022334
256,0,0,5.960464477539063e-08,0.66560847,0.10644431,0.22794722
256,0,0,0.0,0.64059734,0.10827393,0.25112885
256,0,0,0.0,0.5552913,0.11816109,0.32654774
256,0,0,0.0,0.53633606,0.24726851,0.21639547
256,0,2,0.0,0.1320879,0.32367507,0.5442371
256,0,2,0.0,0.07988537,0.06271957,0.8573952
256,0,2,0.0,0.1333184,0.14957833,0.7171034
256,0,2,0.0,0.34311008,0.112587236,0.5443027
256,0,0,0.0,0.62187266,0.15550627,0.22262114
256,0,1,1.1920928955078125e-07,0.27911332,0.42633992,0.29454675
256,0,2,0.0,0.3589413,0.24471217,0.39634657
256,0,2,5.960464477539063e-08,0.053799823,0.34163862,0.6045616
256,0,2,0.0,0.056862183,0.10337536,0.8397626
256,0,2,0.0,0.022947427,0.037894946,0.93915766
256,0,2,0.0,0.10142696,0.36823907,0.530334
256,0,1,0.0,0.17625292,0.51352,0.31022716
256,0,1,0.0,0.09272536,0.67518026,0.23209447
256,0,1,0.0,0.028025892,0.49255943,0.47941476
256,0,1,0.0,0.018734502,0.8730693,0.1081962
256,0,1,0.0,0.07786615,0.51135296,0.41078097
256,0,2,0.0,0.010413547,0.40360928,0.5859773
352,0,2,0.0,0.37194905,0.07205794,0.555993
352,0,0,0.0,0.8499331,0.08190495,0.068162024
352,0,0,0.0,0.52660877,0.19770539,0.27568594
352,0,2,0.0,0.29659513,0.27267137,0.43073347
352,0,0,0.0,0.89775604,0.029843524,0.072400615
352,0,0,0.0,0.86166394,0.036017805,0.10231831
352,0,0,0.0,0.87615395,0.04855783,0.07528846
352,0,0,0.0,0.67048633,0.21832722,0.11118656
352,0,0,0.0,0.6886401,0.21046548,0.100894466
352,0,0,0.0,0.8724365,0.028775975,0.09878763
352,0,0,0.0,0.8975679,0.051016606,0.051415447
352,0,0,0.0,0.873106,0.06245174,0.0644424
352,0,0,0.0,0.8805768,0.044940226,0.074483015
352,0,0,0.0,0.9161247,0.035276886,0.04859854
352,0,0,0.0,0.9045372,0.052615747,0.042847198
352,0,0,0.0,0.8709556,0.08704831,0.041996136
352,0,0,0.0,0.8634853,0.087206714,0.049308162
352,0,0,0.0,0.689755,0.061454877,0.24879019
352,0,0,0.0,0.87493277,0.052982453,0.07208493
352,0,0,0.0,0.9247756,0.038372677,0.03685181
352,0,0,0.0,0.9357893,0.028136248,0.036074456
352,0,0,0.0,0.9204926,0.020683551,0.05882387
352,0,0,0.0,0.9209778,0.018159602,0.060862705
352,0,0,0.0,0.90582097,0.028031226,0.06614775
352,0,0,0.0,0.91265965,0.040677477,0.046663072
352,0,0,0.0,0.95526934,0.016902326,0.027828448
352,0,0,0.0,0.92732805,0.043649398,0.029022744
352,0,0,0.0,0.7956104,0.075460956,0.12892883
352,0,0,0.0,0.82044804,0.058218792,0.121333204
352,0,0,2.9802322387695312e-08,0.88923025,0.053078484,0.05769128
352,0,0,0.0,0.9373208,0.029743815,0.03293536
352,0,0,1.4901161193847656e-08,0.9452202,0.0217007,0.033079088
352,0,0,5.960464477539063e-08,0.93808424,0.023710258,0.03820543
352,0,0,0.0,0.9300613,0.031814434,0.038124446
352,0,0,5.960464477539063e-08,0.9495931,0.021921782,0.028484957
352,0,0,0.0,0.937406,0.02303695,0.039557036
352,0,0,0.0,0.9450908,0.022224298,0.032685023
352,0,0,0.0,0.8431359,0.05271865,0.10414551
352,0,0,5.960464477539063e-08,0.9368946,0.022464355,0.04064103
352,0,0,0.0,0.9495773,0.025895366,0.024527399
352,0,0,0.0,0.9250033,0.038462657,0.036534272
352,0,0,0.0,0.95212793,0.026027888,0.02184422
352,0,0,0.0,0.926592,0.041097295,0.03231077
352,0,0,5.960464477539063e-08,0.9005853,0.05118735,0.04822739
352,0,0,0.0,0.8746921,0.04928087,0.076027155
352,0,0,0.0,0.68665636,0.061124895,0.2522189
352,0,0,0.0,0.77577347,0.04254346,0.18168312
352,0,0,0.0,0.8256859,0.04802333,0.12629074
352,0,0,8.940696716308594e-08,0.8821985,0.05904372,0.058757734
352,0,0,8.940696716308594e-08,0.8845188,0.056361273,0.059119783
352,0,0,0.0,0.8055363,0.046840467,0.14762335
352,0,2,0.0,0.27449602,0.15084234,0.5746617
352,0,0,0.0,0.7079725,0.047602292,0.2444253
66,0,0,0.0,0.8144418,0.06915088,0.11640746
66,0,0,0.0,0.7511422,0.020262195,0.22859564
66,0,2,0.0,0.06399197,0.007866881,0.92814124
66,0,1,0.0,0.1835876,0.70588696,0.11052548
66,0,0,0.0,0.8790898,0.070051,0.05085929
66,0,0,0.0,0.87562793,0.026315702,0.09805649
66,0,0,0.0,0.74724746,0.22054403,0.03220863
66,0,0,5.960464477539063e-08,0.9109255,0.046933554,0.042140838
66,0,0,0.0,0.6491537,0.02453187,0.32631457
66,0,0,0.0,0.7833004,0.1727999,0.043899804
66,0,0,0.0,0.9539959,0.026089326,0.019914836
66,0,0,0.0,0.92223364,0.03963202,0.03813442
66,0,0,0.0,0.9191824,0.048013344,0.032804288
23,0,0,0.0,0.5055672,0.24778573,0.24664716
23,0,1,0.0,0.13119748,0.5136843,0.35511833
23,0,0,0.0,0.82868963,0.08277789,0.088532545
23,0,0,0.0,0.74281514,0.12466139,0.1325236
23,0,0,0.0,0.5847678,0.21288264,0.20234966
23,0,0,0.0,0.3518582,0.31114304,0.3369988
23,0,0,0.0,0.91814625,0.030271305,0.05158256
23,0,0,0.0,0.85060346,0.07504861,0.07434794
23,0,0,0.0,0.5933677,0.23327884,0.1733535
23,0,0,5.960464477539063e-08,0.7872681,0.059129614,0.15360229
23,0,0,0.0,0.7049231,0.1356918,0.1593853
23,0,0,0.0,0.64720917,0.12303621,0.2297548
23,0,0,0.0,0.94585663,0.015216402,0.03892707
23,0,0,0.0,0.8283221,0.035101727,0.13657625
23,0,0,0.0,0.8066317,0.048794404,0.14457384
23,0,0,0.0,0.7515825,0.0546643,0.19375329
23,0,0,0.0,0.7796795,0.05915908,0.16116147
23,0,0,0.0,0.8292889,0.03744936,0.13326176
23,0,0,0.0,0.8373575,0.038476188,0.124166384
23,0,0,0.0,0.8639841,0.02897312,0.10704304
23,0,0,0.0,0.85809296,0.041780386,0.10012663
23,0,0,0.0,0.81545174,0.04719796,0.1373504
23,0,0,5.960464477539063e-08,0.8022244,0.029040733,0.16873488
255,0,2,0.0,0.09470823,0.22121577,0.6840761
255,0,2,0.0,0.17928423,0.31152213,0.5091937
255,0,2,0.0,0.09404692,0.25680953,0.64914364
255,0,2,0.0,0.09613981,0.24837554,0.6554847
255,0,2,0.0,0.19098353,0.28072664,0.52828985
255,0,2,0.0,0.20415717,0.1476827,0.64816034
255,0,2,0.0,0.10834528,0.42317438,0.46848056
255,0,2,0.0,0.4001404,0.16702333,0.43283632
255,0,2,0.0,0.29205576,0.20241272,0.5055316
255,0,2,0.0,0.23558654,0.11630463,0.64810896
255,0,2,1.7881393432617188e-07,0.21861948,0.15190358,0.62947696
255,0,1,0.0,0.096838646,0.50357985,0.39958152
255,0,2,0.0,0.28933406,0.1321843,0.5784818
255,0,0,0.0,0.4426894,0.27678657,0.28052413
255,0,0,0.0,0.78581333,0.08017279,0.13401389
255,0,0,0.0,0.40776977,0.19803606,0.3941942
255,0,0,0.0,0.7779979,0.07609935,0.1459029
255,0,1,0.0,0.29256988,0.37348133,0.33394885
255,0,1,0.0,0.23135531,0.5901974,0.17844741
255,0,1,0.0,0.08945003,0.61959434,0.2909557
255,0,2,0.0,0.19325785,0.026463851,0.7802784
255,0,0,0.0,0.6800399,0.035257775,0.28470257
255,0,0,0.0,0.73025244,0.02518579,0.24456173
255,0,0,0.0,0.6988727,0.075285465,0.22584184
255,0,2,0.0,0.31735817,0.3059931,0.37664875
255,0,1,0.0,0.04908969,0.67582715,0.2750832
255,0,0,0.0,0.6301901,0.015868424,0.35394156
255,0,2,5.960464477539063e-08,0.16791023,0.017693384,0.81439644
255,0,2,0.0,0.045607038,0.15977022,0.79462296
436,0,0,0.0,0.61113524,0.11872989,0.2701349
436,0,0,0.0,0.68042564,0.10630858,0.21326584
436,0,0,0.0,0.69908327,0.10869851,0.19221835
436,0,0,0.0,0.7070943,0.120227724,0.17267804
436,0,0,0.0,0.72409534,0.1093034,0.16660137
436,0,0,0.0,0.6439276,0.12747781,0.2285948
436,0,2,0.0,0.19744112,0.29301608,0.5095429
436,0,2,0.0,0.009166373,0.43899834,0.55183536
436,0,0,0.0,0.6287792,0.14143099,0.22978987
436,0,0,0.0,0.68300754,0.10481779,0.21217477
436,0,0,0.0,0.72393036,0.14666285,0.12940693
436,0,0,0.0,0.6877827,0.14811645,0.16410096
436,0,0,0.0,0.8159658,0.08467751,0.099356726
436,0,0,0.0,0.69373816,0.11419764,0.19206423
436,0,2,0.0,0.32530487,0.207784,0.46691114
436,0,0,0.0,0.7954028,0.06749939,0.13709779
436,0,0,0.0,0.8333778,0.06520889,0.10141351
436,0,0,0.0,0.8379679,0.07257766,0.08945476
436,0,0,0.0,0.82002676,0.08846093,0.09151235
436,0,0,5.960464477539063e-08,0.8422328,0.0792975,0.0784697
436,0,0,0.0,0.6560007,0.17272902,0.17127031
436,0,2,0.0,0.3871177,0.16527511,0.44760728
436,0,0,0.0,0.86108744,0.058442637,0.08046989
436,0,0,0.0,0.8562129,0.06971675,0.07407029
436,0,0,0.0,0.88291967,0.06363632,0.05344398
436,0,0,5.960464477539063e-08,0.9224245,0.033245903,0.04432964
436,0,0,0.0,0.86947584,0.07394064,0.056583688
436,0,0,1.1920928955078125e-07,0.64427257,0.19745591,0.15827158
436,0,0,0.0,0.4292408,0.27583548,0.29492366
436,0,0,0.0,0.8782899,0.06970488,0.052005325
436,0,0,0.0,0.8716726,0.08201514,0.046312425
436,0,0,0.0,0.8872716,0.08103231,0.031696126
436,0,0,2.9802322387695312e-08,0.91023314,0.059136294,0.030630581
436,0,0,0.0,0.8991694,0.061755303,0.039075457
436,0,0,0.0,0.81411135,0.1093784,0.076510355
436,0,0,0.0,0.6020522,0.2705716,0.1273763
436,0,1,0.0,0.39362985,0.47454843,0.13182181
436,0,2,0.0,0.061287966,0.45776042,0.48095158
436,0,2,0.0,0.025354503,0.3390801,0.6355653
436,0,2,0.0,0.015429567,0.33337596,0.6511946
436,0,2,0.0,0.0074371397,0.28570628,0.7068567
436,0,2,0.0,0.0072038765,0.34801427,0.6447818
436,0,0,2.9802322387695312e-08,0.88899845,0.066025876,0.044975758
436,0,0,0.0,0.86559165,0.08902628,0.0453821
436,0,0,2.9802322387695312e-08,0.88816607,0.080389775,0.03144416
436,0,0,0.0,0.9033798,0.062712446,0.033907827
436,0,0,0.0,0.88061756,0.07830731,0.041075185
436,0,0,0.0,0.85321945,0.10442822,0.042352382
436,0,0,0.0,0.7602677,0.16260126,0.07713115
436,0,0,0.0,0.7183286,0.20069225,0.0809793
436,0,0,0.0,0.75946164,0.15240593,0.08813244
436,0,0,5.960464477539063e-08,0.62790185,0.24843241,0.123665765
436,0,1,0.0,0.30175662,0.4357848,0.2624588
436,0,0,0.0,0.43426162,0.3019736,0.26376474
436,0,1,0.0,0.2707229,0.51849085,0.21078621
436,0,2,0.0,0.050789382,0.47172618,0.47748467
436,0,2,0.0,0.01243265,0.035410468,0.95215696
436,0,0,0.0,0.9260969,0.038520053,0.03538313
436,0,0,0.0,0.82738876,0.13187276,0.040738564
436,0,0,0.0,0.9052052,0.05696892,0.03782597
436,0,0,0.0,0.91381025,0.04974274,0.036447108
436,0,0,0.0,0.9171511,0.051707797,0.031141158
436,0,0,0.0,0.90676534,0.045841925,0.047392745
436,0,0,0.0,0.8906713,0.058327064,0.05100165
436,0,0,0.0,0.8559784,0.078554325,0.065467335
436,0,0,2.9802322387695312e-08,0.864266,0.08678364,0.048950423
436,0,0,0.0,0.8868284,0.073917866,0.03925392
436,0,0,0.0,0.8187076,0.11888843,0.062404066
436,0,0,0.0,0.7145535,0.18486607,0.100580454
436,0,0,0.0,0.8372155,0.097733535,0.06505117
436,0,0,0.0,0.7966161,0.08938688,0.11399724
436,0,0,5.960464477539063e-08,0.5664725,0.044930883,0.38859656
436,0,0,0.0,0.8188262,0.020352272,0.16082163
436,0,0,5.960464477539063e-08,0.8390509,0.026209528,0.1347395
436,0,0,2.9802322387695312e-08,0.8855364,0.05002461,0.064438984
436,0,0,0.0,0.86368287,0.076301716,0.06001539
436,0,0,0.0,0.93542814,0.024274025,0.040297907
436,0,0,0.0,0.89538825,0.03469202,0.06991991
436,0,0,0.0,0.8353366,0.03616875,0.1284949
436,0,0,0.0,0.86699593,0.041228272,0.09177597
436,0,0,5.960464477539063e-08,0.7191046,0.16323881,0.117656715
436,0,0,0.0,0.6522965,0.18895307,0.15875044
436,0,0,0.0,0.58098245,0.21383168,0.205186
436,0,0,0.0,0.69378054,0.1454997,0.16071984
436,0,0,0.0,0.7386707,0.13772553,0.12360393
436,0,0,0.0,0.76302695,0.06630634,0.17066672
436,0,2,0.0,0.13469544,0.025178542,0.8401261
437,0,0,0.0,0.46944004,0.3259795,0.20458046
437,0,0,1.1920928955078125e-07,0.4296084,0.32423282,0.2461589
437,0,0,5.960464477539063e-08,0.7844248,0.13017195,0.08540338
437,0,0,0.0,0.92646235,0.038652096,0.034885664
437,0,2,0.0,0.23477416,0.22740485,0.53782105
437,0,0,0.0,0.8564296,0.081219114,0.06235142
437,0,0,0.0,0.95293134,0.023746328,0.023322437
437,0,0,0.0,0.96375984,0.017088357,0.019151948
437,0,0,0.0,0.8148961,0.08959312,0.095510684
437,0,0,5.960464477539063e-08,0.93149817,0.035606783,0.032895014
437,0,0,0.0,0.9515461,0.023682863,0.024771081
437,0,2,0.0,0.05052645,0.06708677,0.88238674
437,0,0,0.0,0.93328995,0.01874242,0.04796767
437,0,0,0.0,0.933526,0.027948318,0.038525824
437,0,0,2.9802322387695312e-08,0.93590564,0.031306304,0.03278807
437,0,0,0.0,0.94537663,0.025666233,0.028957179
437,0,0,0.0,0.55350614,0.028702578,0.41779137
437,0,0,0.0,0.91322345,0.028400822,0.058375645
437,0,0,0.0,0.91761637,0.03253835,0.049845446
437,0,0,0.0,0.94031394,0.026808707,0.03287741
437,0,0,0.0,0.9447033,0.026939742,0.02835711
437,0,0,5.960464477539063e-08,0.93071043,0.031175703,0.038113933
437,0,0,0.0,0.93300056,0.032762118,0.034237474
437,0,0,0.0,0.94226074,0.02655866,0.031180749
437,0,0,0.0,0.9387226,0.030754132,0.030523287
437,0,0,0.0,0.94089127,0.027526684,0.0315821
437,0,2,0.0,0.39604092,0.019454885,0.58450437
437,0,0,0.0,0.911972,0.02637474,0.061653435
437,0,0,0.0,0.92295647,0.023884606,0.053159103
437,0,0,0.0,0.9395706,0.029635252,0.030794302
437,0,0,0.0,0.95949787,0.023070209,0.01743202
437,0,0,0.0,0.9531534,0.026554598,0.020292096
437,0,0,0.0,0.9520931,0.027654136,0.020252902
437,0,0,0.0,0.95875686,0.0215051,0.019738147
437,0,0,0.0,0.94325686,0.02593107,0.030812126
437,0,0,0.0,0.9502923,0.0239225,0.025785346
437,0,0,0.0,0.60015017,0.01330901,0.3865409
437,0,0,0.0,0.91017336,0.025404671,0.064422116
437,0,0,0.0,0.92482084,0.022908615,0.052270755
437,0,0,2.9802322387695312e-08,0.9395776,0.02823112,0.032191392
437,0,0,0.0,0.95470387,0.02188858,0.02340778
437,0,0,1.4901161193847656e-08,0.95564127,0.021576416,0.022782408
437,0,0,0.0,0.96047133,0.020876884,0.01865186
437,0,0,0.0,0.9687596,0.016413813,0.0148267
437,0,0,0.0,0.9565308,0.020080296,0.023388952
437,0,0,0.0,0.9597398,0.015014605,0.02524572
437,0,0,0.0,0.7516362,0.026900033,0.2214639
437,0,0,0.0,0.91736954,0.03184281,0.050787713
437,0,0,0.0,0.93318987,0.028328624,0.038481463
437,0,0,0.0,0.94213873,0.025192454,0.032669026
437,0,0,0.0,0.94968116,0.016908878,0.03341011
437,0,0,4.470348358154297e-08,0.9487806,0.021309806,0.02990952
437,0,0,0.0,0.9596712,0.017115114,0.023213755
437,0,0,5.960464477539063e-08,0.9643271,0.016260738,0.019412162
437,0,0,4.470348358154297e-08,0.95899886,0.017656738,0.023344379
437,0,0,0.0,0.9592172,0.016648842,0.024134062
437,0,2,0.0,0.08073207,0.011933403,0.9073345
437,0,0,0.0,0.79996455,0.012011116,0.18802443
437,0,0,0.0,0.93195003,0.02018792,0.047862086
437,0,0,0.0,0.9417109,0.026694959,0.031594288
437,0,0,2.9802322387695312e-08,0.94377816,0.033763137,0.022458706
437,0,0,0.0,0.94882065,0.028632533,0.022546772
437,0,0,0.0,0.9616794,0.017739085,0.020581596
437,0,0,0.0,0.96937287,0.013030044,0.017597213
437,0,0,0.0,0.95944756,0.017358156,0.02319431
437,0,0,4.470348358154297e-08,0.95918864,0.01895457,0.021856634
437,0,0,0.0,0.9539775,0.017937092,0.028085567
437,0,0,0.0,0.5397798,0.007200648,0.45301962
437,0,2,0.0,0.46628222,0.007108493,0.5266094
437,0,0,0.0,0.79059184,0.007288182,0.20212011
437,0,0,0.0,0.918561,0.009278396,0.072160736
437,0,0,0.0,0.93936026,0.008731992,0.051907737
437,0,0,0.0,0.94821876,0.008339959,0.043441392
437,0,0,0.0,0.93599427,0.011006107,0.052999664
437,0,0,0.0,0.90781784,0.011955724,0.080226585
437,0,0,0.0,0.5019186,0.004268339,0.4938131
437,0,2,0.0,0.14840427,0.0052127037,0.8463831
224,0,2,0.0,0.12267642,0.017216144,0.8601075
224,0,2,0.0,0.33089182,0.017584875,0.65152335
224,0,0,0.0,0.8568739,0.026685381,0.1164408
224,0,0,0.0,0.8569771,0.032572404,0.11045059
224,0,0,0.0,0.85208076,0.018756416,0.12916292
224,0,0,0.0,0.92782587,0.006354947,0.06581935
224,0,0,0.0,0.7846174,0.0141184,0.2012644
224,0,0,0.0,0.9239074,0.020584036,0.055508632
224,0,0,0.0,0.8821997,0.030291274,0.08750905
224,0,0,2.9802322387695312e-08,0.8949095,0.019400686,0.08568981
224,0,0,0.0,0.9599599,0.008703185,0.031337112
224,0,0,5.960464477539063e-08,0.9186789,0.014013174,0.06730794
224,0,0,0.0,0.9082446,0.021491481,0.070264004
224,0,0,0.0,0.90467024,0.024358511,0.07097132
224,0,0,0.0,0.918133,0.0094349,0.072432145
224,0,0,0.0,0.94937134,0.014043731,0.036585018
224,0,0,2.9802322387695312e-08,0.9301982,0.015829375,0.053972427
224,0,0,0.0,0.9349338,0.013135466,0.051930737
224,0,2,0.0,0.028857198,0.040146913,0.93099594
224,0,0,2.9802322387695312e-08,0.88744754,0.023234764,0.08931767
224,0,0,0.0,0.93533623,0.01225641,0.052407358
224,0,0,0.0,0.9409739,0.011007639,0.04801852
224,0,0,0.0,0.9246253,0.023736915,0.051637866
224,0,0,0.0,0.63727903,0.021258371,0.34146267
224,0,0,0.0,0.8302375,0.015468714,0.15429385
434,0,0,0.0,0.67015934,0.03728007,0.29256073
434,0,0,0.0,0.7554764,0.032232236,0.2122914
434,0,0,0.0,0.7890524,0.06110919,0.1498386
434,0,0,0.0,0.7649833,0.06928601,0.1657308
434,0,0,0.0,0.7738554,0.08425648,0.14188816
434,0,0,0.0,0.78938717,0.11586883,0.09474406
434,0,0,0.0,0.8782625,0.05522227,0.06651525
434,0,0,0.0,0.83017087,0.04755299,0.122276194
434,0,0,0.0,0.78757536,0.06639571,0.14602895
434,0,0,0.0,0.62034696,0.15367924,0.22597384
434,0,0,0.0,0.559576,0.18530259,0.2551216
434,0,0,0.0,0.5765386,0.15398656,0.26947474
434,0,0,0.0,0.6817828,0.038459934,0.27975747
434,0,0,0.0,0.77051896,0.028061476,0.20141964
434,0,0,0.0,0.8685922,0.031602945,0.09980509
434,0,0,0.0,0.8708186,0.052222222,0.07695931
434,0,0,5.960464477539063e-08,0.8354126,0.06358695,0.101000436
434,0,0,0.0,0.7754108,0.11023749,0.1143518
434,0,0,0.0,0.83662933,0.08268223,0.0806885
434,0,0,0.0,0.8321533,0.060531978,0.107314825
434,0,0,0.0,0.8620882,0.055204324,0.0827076
434,0,0,0.0,0.7117887,0.13517343,0.1530379
434,0,0,0.0,0.6329084,0.18113333,0.18595842
434,0,0,0.0,0.721508,0.10606303,0.17242907
434,0,0,0.0,0.52442914,0.04842768,0.42714313
434,0,0,0.0,0.6277643,0.037867457,0.33436823
434,0,0,0.0,0.8519494,0.037417248,0.11063336
434,0,0,0.0,0.86817276,0.055499725,0.076327555
434,0,0,5.960464477539063e-08,0.8772194,0.05372512,0.069055535
434,0,0,0.0,0.84385127,0.07264169,0.08350708
434,0,0,0.0,0.83308554,0.08638609,0.08052841
434,0,0,5.960464477539063e-08,0.864495,0.047120243,0.08838481
434,0,0,5.960464477539063e-08,0.8705203,0.04803053,0.08144918
434,0,0,0.0,0.85850924,0.054565314,0.08692547
434,0,0,0.0,0.8660813,0.04827841,0.08564051
434,0,0,0.0,0.8808085,0.04236129,0.07683029
434,0,2,5.960464477539063e-08,0.08690658,0.060997773,0.8520957
434,0,2,0.0,0.12863855,0.049979903,0.8213817
434,0,0,0.0,0.8548503,0.028278276,0.116871595
434,0,0,0.0,0.9073042,0.034230765,0.058465034
434,0,0,0.0,0.8951759,0.048128065,0.05669628
434,0,0,0.0,0.87487334,0.058880497,0.06624622
434,0,0,0.0,0.81257635,0.099762104,0.08766162
434,0,0,0.0,0.8267962,0.08205391,0.09114999
434,0,0,0.0,0.84847546,0.048831675,0.102692984
434,0,0,0.0,0.8724513,0.03962399,0.08792477
434,0,0,0.0,0.8852954,0.040038697,0.07466602
434,0,0,0.0,0.8718941,0.04705418,0.08105184
434,0,2,0.0,0.05951197,0.035703164,0.90478486
434,0,0,0.0,0.82457256,0.0366547,0.13877292
434,0,0,0.0,0.9153592,0.031034218,0.053606704
434,0,0,0.0,0.9018125,0.039558038,0.05862965
434,0,0,0.0,0.8943419,0.052610192,0.053047992
434,0,0,0.0,0.87547874,0.064461164,0.060060326
434,0,0,0.0,0.869312,0.07480607,0.055881966
434,0,0,0.0,0.87294674,0.058299508,0.06875377
434,0,0,0.0,0.8441867,0.054302312,0.10151117
434,0,0,0.0,0.8564707,0.059630763,0.083898544
434,0,0,0.0,0.77693856,0.09487201,0.12818955
434,0,2,5.960464477539063e-08,0.014263384,0.108473375,0.8772633
434,0,0,0.0,0.7337515,0.0475026,0.2187461
434,0,0,0.0,0.88766587,0.03765583,0.0746785
434,0,0,0.0,0.9146137,0.032621875,0.052764457
434,0,0,0.0,0.9199047,0.036599997,0.043495346
434,0,0,0.0,0.9204737,0.04236932,0.037157003
434,0,0,0.0,0.8742062,0.0707132,0.05508061
434,0,0,5.960464477539063e-08,0.8209863,0.08031322,0.09870065
434,0,0,0.0,0.8657813,0.05295284,0.08126601
434,0,0,0.0,0.8509741,0.058578737,0.0904473
434,0,0,5.960464477539063e-08,0.8496763,0.071367234,0.07895644
434,0,2,0.0,0.00924032,0.035060074,0.95569986
434,0,2,0.0,0.3204859,0.10535412,0.57416004
434,0,0,0.0,0.59023696,0.07775006,0.33201313
434,0,0,0.0,0.8090386,0.04864085,0.14232059
434,0,0,0.0,0.89214057,0.027513916,0.0803456
434,0,0,0.0,0.9147773,0.026817184,0.0584056
434,0,0,0.0,0.9168921,0.028719472,0.054388423
434,0,0,0.0,0.89304155,0.027766244,0.07919228
434,0,0,0.0,0.8900754,0.028287811,0.08163688
434,0,0,0.0,0.8967156,0.02525492,0.07802964
434,0,0,0.0,0.9087276,0.027954575,0.063318074
434,0,2,0.0,0.012525089,0.0194232,0.9680519
434,0,2,0.0,0.030021649,0.013517063,0.9564613
434,0,2,0.0,0.024571188,0.021766212,0.9536628
434,0,2,0.0,0.11130657,0.014927798,0.8737656
434,0,2,0.0,0.074202485,0.017704187,0.9080935
434,0,2,0.0,0.1751925,0.017603466,0.80720425
434,0,2,0.0,0.46890286,0.016883846,0.5142133
434,0,0,0.0,0.6797449,0.02493345,0.29532167
25,0,1,0.0,0.14880142,0.52029395,0.3309047
25,0,2,0.0,0.17068139,0.26003644,0.56928235
25,0,0,0.0,0.9274283,0.046795897,0.025775965
25,0,0,0.0,0.93986034,0.03882742,0.021312306
25,0,0,0.0,0.8496515,0.105798475,0.044550024
25,0,0,0.0,0.8062692,0.1377974,0.055933546
25,0,2,0.0,0.06162409,0.42248353,0.51589245
25,0,2,0.0,0.09479347,0.34022978,0.56497675
25,0,2,0.0,0.3167472,0.16311587,0.52013695
25,0,0,2.9802322387695312e-08,0.93202615,0.021519225,0.04645466
25,0,0,1.4901161193847656e-08,0.96253496,0.017447462,0.020017674
25,0,0,0.0,0.9597859,0.024128567,0.016085515
25,0,0,0.0,0.9281251,0.051473144,0.020401832
25,0,2,0.0,0.087927684,0.41992256,0.49214983
25,0,0,0.0,0.6874248,0.14627482,0.16630037
25,0,0,0.0,0.8565664,0.035014845,0.10841872
25,0,0,5.960464477539063e-08,0.95964736,0.016670967,0.023681581
25,0,0,0.0,0.96326107,0.0186363,0.018102808
25,0,0,4.470348358154297e-08,0.9672667,0.019028267,0.013705077
25,0,0,2.9802322387695312e-08,0.92790043,0.051031817,0.021067645
25,0,0,0.0,0.74179596,0.17082024,0.08738392
25,0,0,0.0,0.93207973,0.028461095,0.0394593
25,0,0,2.9802322387695312e-08,0.9628301,0.015940996,0.021228872
25,0,0,0.0,0.96257454,0.018440573,0.018984875
25,0,0,0.0,0.9646892,0.020025464,0.015285436
25,0,0,0.0,0.94736576,0.036945824,0.015688436
25,0,0,0.0,0.95840704,0.024956878,0.01663609
25,0,0,0.0,0.8676387,0.0595938,0.07276758
25,0,0,0.0,0.9473289,0.024008652,0.028662443
25,0,0,0.0,0.974276,0.013860433,0.011863476
25,0,0,0.0,0.9629988,0.023492832,0.01350848
25,0,0,0.0,0.9604473,0.022694789,0.016858038
25,0,0,0.0,0.952096,0.034807537,0.01309654
25,0,0,0.0,0.9663949,0.019764598,0.0138406
25,0,0,0.0,0.86525935,0.07182481,0.06291587
25,0,0,0.0,0.9385487,0.041497573,0.019953776
25,0,0,0.0,0.95347166,0.027625384,0.018903038
25,0,0,0.0,0.95989186,0.02251822,0.017590066
25,0,0,0.0,0.9618254,0.021863665,0.01631109
25,0,0,5.960464477539063e-08,0.953652,0.033014417,0.013333478
25,0,0,0.0,0.9629416,0.020367282,0.016691152
25,0,0,0.0,0.7957897,0.12224591,0.081964456
25,0,0,0.0,0.93307155,0.042959183,0.023969382
25,0,0,0.0,0.9493991,0.031419016,0.019181943
25,0,0,1.4901161193847656e-08,0.96884316,0.016411396,0.014745556
25,0,0,0.0,0.96049595,0.017111026,0.022393119
25,0,0,1.4901161193847656e-08,0.9522706,0.023845864,0.023883529
25,0,0,0.0,0.91358083,0.026895968,0.059523266
111,0,0,0.0,0.75670063,0.062247667,0.18105175
111,0,0,0.0,0.86914223,0.061059643,0.069798134
111,0,0,0.0,0.88432163,0.06491638,0.050762013
111,0,0,2.9802322387695312e-08,0.87737626,0.049983382,0.07264055
111,0,2,0.0,0.12795974,0.07540017,0.7966401
111,0,0,0.0,0.90046203,0.059453133,0.040084958
111,0,0,0.0,0.9209095,0.044603396,0.034487195
111,0,0,0.0,0.9321303,0.03887681,0.028992958
111,0,0,0.0,0.8818466,0.06583154,0.052321862
111,0,0,0.0,0.63900393,0.20881882,0.15217726
111,0,0,0.0,0.9388881,0.037166476,0.023945656
111,0,0,0.0,0.94861406,0.027416138,0.023970023
111,0,0,5.960464477539063e-08,0.94008315,0.036272638,0.023644166
111,0,0,0.0,0.90519726,0.057831667,0.036971085
111,0,0,0.0,0.6583448,0.21912628,0.12252904
111,0,0,2.9802322387695312e-08,0.94864196,0.031266704,0.020091316
111,0,0,5.960464477539063e-08,0.9644972,0.01956908,0.0159337
111,0,0,0.0,0.9478341,0.027669692,0.02449628
111,0,0,0.0,0.89677167,0.056973077,0.046255387
111,0,0,0.0,0.7321629,0.10009367,0.16774361
111,0,0,0.0,0.9033504,0.055532284,0.041117366
111,0,0,0.0,0.93297684,0.0374016,0.029621517
111,0,0,0.0,0.9302804,0.03730862,0.032410946
111,0,0,0.0,0.82309145,0.09713858,0.07977019
111,0,0,0.0,0.84828347,0.08938004,0.062336538
34,0,0,0.0,0.93977994,0.027442763,0.032777425
34,0,0,0.0,0.92396164,0.03459295,0.041445624
34,0,0,0.0,0.9237262,0.0402343,0.036039557
34,0,0,8.940696716308594e-08,0.9230673,0.036148474,0.04078421
34,0,0,0.0,0.9133105,0.033913314,0.05277622
34,0,0,0.0,0.846069,0.023024827,0.1309063
34,0,2,2.9802322387695312e-08,0.09577431,0.018192345,0.88603324
34,0,0,2.9802322387695312e-08,0.9434607,0.025615059,0.0309242
34,0,0,0.0,0.9366102,0.03009874,0.033290993
34,0,0,0.0,0.9381,0.03160599,0.030294186
34,0,0,0.0,0.93878126,0.02991618,0.03130263
34,0,0,0.0,0.94908607,0.020014806,0.030899147
34,0,0,4.470348358154297e-08,0.95502776,0.011482345,0.033489775
34,0,2,0.0,0.12093736,0.039140914,0.8399219
34,0,0,0.0,0.9497265,0.023036433,0.02723713
34,0,0,0.0,0.9526287,0.021646306,0.025725003
34,0,0,0.0,0.9349903,0.022661082,0.04234873
34,0,0,0.0,0.93154705,0.023303462,0.045149654
34,0,0,0.0,0.9584479,0.013726044,0.027826171
34,0,0,0.0,0.9288606,0.009871256,0.06126829
34,0,0,0.0,0.96244866,0.01938039,0.018171009
34,0,0,0.0,0.9587946,0.01658883,0.024616612
34,0,0,5.960464477539063e-08,0.9603379,0.01536424,0.024297932
34,0,0,0.0,0.95314497,0.01522122,0.03163394
34,0,0,1.4901161193847656e-08,0.9575268,0.019632632,0.022840476
34,0,0,0.0,0.9677891,0.012047742,0.020163283
34,0,0,0.0,0.8134943,0.02892941,0.1575764
34,0,0,0.0,0.9626621,0.015295783,0.022042228
34,0,0,0.0,0.9551487,0.020276468,0.024575014
34,0,0,0.0,0.96817774,0.013593301,0.018229093
34,0,0,0.0,0.9736247,0.010980558,0.015394725
34,0,0,1.4901161193847656e-08,0.9739992,0.0128133055,0.013187555
34,0,0,0.0,0.97286147,0.013442514,0.01369612
34,0,2,0.0,0.2917391,0.03832286,0.6699382
34,0,0,0.0,0.96678776,0.014093427,0.019118935
34,0,0,0.0,0.9681436,0.014950144,0.01690629
34,0,0,0.0,0.9716649,0.011920698,0.01641433
34,0,0,0.0,0.9718365,0.013926371,0.014237168
34,0,0,0.0,0.97220266,0.012994677,0.014802611
34,0,0,5.960464477539063e-08,0.9701378,0.013162878,0.016699312
34,0,2,0.0,0.104388975,0.020820428,0.8747906
34,0,0,0.0,0.971303,0.015015715,0.01368144
34,0,0,0.0,0.9699702,0.014889622,0.01514022
34,0,0,0.0,0.97364795,0.01418355,0.012168687
34,0,0,0.0,0.97475284,0.014163336,0.011083779
34,0,0,0.0,0.9600086,0.020213846,0.01977773
34,0,0,0.0,0.95962334,0.018706534,0.021670269
34,0,2,0.0,0.15542015,0.01567331,0.8289067
34,0,0,0.0,0.97198105,0.013836647,0.014182373
34,0,0,0.0,0.97425807,0.012891136,0.0128508145
34,0,0,0.0,0.97196776,0.012921317,0.01511098
34,0,0,0.0,0.96666425,0.017863866,0.015471922
34,0,0,0.0,0.9505411,0.029553628,0.01990547
34,0,0,0.0,0.93668395,0.025637519,0.037678637
34,0,0,0.0,0.96731466,0.017404063,0.01528137
34,0,0,2.9802322387695312e-08,0.9673792,0.016244609,0.016376076
34,0,0,0.0,0.9738713,0.012000177,0.014128645
34,0,0,0.0,0.9622278,0.021408837,0.016363494
34,0,0,0.0,0.9441405,0.034309268,0.021550402
34,0,0,0.0,0.87407935,0.024228888,0.10169191
34,0,0,1.4901161193847656e-08,0.9677793,0.015515696,0.016705016
34,0,0,0.0,0.96714604,0.014552231,0.018301705
34,0,0,0.0,0.973138,0.014037725,0.012824344
34,0,0,0.0,0.9745022,0.013401925,0.012095898
34,0,0,0.0,0.97360885,0.013800361,0.012590916
34,0,0,4.470348358154297e-08,0.95644784,0.023427183,0.020125004
34,0,0,0.0,0.7815844,0.0164591,0.20195657
34,0,0,0.0,0.9656005,0.016680835,0.01771867
34,0,0,1.4901161193847656e-08,0.9674799,0.013638067,0.018882092
34,0,0,0.0,0.97509575,0.011276182,0.013628148
34,0,0,0.0,0.9765268,0.012074772,0.0113985315
34,0,0,0.0,0.97594154,0.012038542,0.012020004
34,0,0,2.9802322387695312e-08,0.95393014,0.020581214,0.025488565
34,0,2,0.0,0.2573103,0.029679112,0.71301085
34,0,0,0.0,0.9408537,0.030900275,0.028246121
34,0,0,0.0,0.9418589,0.024870161,0.033270963
34,0,0,0.0,0.96066105,0.01629806,0.023040872
34,0,0,0.0,0.96661437,0.015903717,0.017482063
34,0,0,5.960464477539063e-08,0.9689018,0.0153756505,0.015722534
34,0,0,0.0,0.94752985,0.029003486,0.023466839
34,0,2,0.0,0.17175727,0.037749194,0.7904936
34,0,0,0.0,0.9319763,0.03839782,0.029626053
34,0,0,5.960464477539063e-08,0.94044363,0.030998133,0.02855831
34,0,0,0.0,0.9389844,0.032409463,0.02860627
34,0,0,0.0,0.9512024,0.027293874,0.021503946
34,0,0,0.0,0.92067426,0.05539768,0.023928238
34,0,0,0.0,0.77754843,0.12173728,0.100714386
34,0,2,0.0,0.005773809,0.30097583,0.6932504
34,0,0,0.0,0.8742434,0.05984543,0.065911315
34,0,0,0.0,0.90011305,0.044561643,0.05532557
34,0,0,0.0,0.904604,0.034903977,0.06049211
34,0,0,0.0,0.9054274,0.041766606,0.052806176
34,0,1,0.0,0.36012462,0.40675113,0.2331244
34,0,1,0.0,0.026734633,0.56367064,0.40959483
34,0,0,0.0,0.8593124,0.07542408,0.065263554
34,0,1,0.0,0.07847327,0.5652739,0.35625288
34,0,1,0.0,0.008595524,0.6065094,0.38489518
96,0,0,0.0,0.8832613,0.08387639,0.032862294
96,0,0,0.0,0.89392525,0.070742965,0.035331804
96,0,0,0.0,0.85494345,0.10672766,0.038328808
96,0,0,2.9802322387695312e-08,0.9349047,0.04228253,0.022812633
96,0,0,0.0,0.93909276,0.038450815,0.022456607
96,0,0,0.0,0.86724627,0.096632935,0.036120888
96,0,0,0.0,0.81130004,0.13967535,0.049024716
96,0,0,0.0,0.9059488,0.056893032,0.037158243
96,0,1,0.0,0.21939111,0.53059804,0.25001097
96,0,0,0.0,0.9584482,0.025857016,0.015694894
96,0,0,0.0,0.9551868,0.030545833,0.0142675135
96,0,0,5.960464477539063e-08,0.93584174,0.046522006,0.017636232
96,0,0,0.0,0.9211222,0.05329404,0.02558367
96,0,0,0.0,0.92234933,0.048454855,0.029196
96,0,2,0.0,0.14009646,0.015196576,0.844707
96,0,0,0.0,0.93972224,0.021662366,0.03861539
96,0,0,0.0,0.94937605,0.035493538,0.015130525
96,0,0,0.0,0.9372059,0.042390067,0.020404112
96,0,0,0.0,0.9369523,0.039123792,0.02392396
96,0,0,0.0,0.88141966,0.05948432,0.059096225
96,0,2,0.0,0.13803092,0.046426073,0.8155431
96,0,2,0.0,0.22515205,0.04906761,0.7257805
96,0,0,0.0,0.91245884,0.045946114,0.041595105
96,0,2,0.0,0.35159403,0.073708534,0.57469743
96,0,2,0.0,0.027826618,0.017784083,0.9543895
348,0,0,0.0,0.743823,0.023515834,0.23266137
348,0,0,0.0,0.8524651,0.021067725,0.12646718
348,0,0,0.0,0.78791696,0.042770393,0.16931264
348,0,0,0.0,0.7037016,0.04807542,0.24822302
348,0,0,0.0,0.77681845,0.040272422,0.18290904
348,0,0,0.0,0.77486616,0.023124032,0.2020099
348,0,0,0.0,0.87109274,0.029796189,0.09911133
348,0,0,0.0,0.8239399,0.055103008,0.12095705
348,0,0,5.960464477539063e-08,0.8361182,0.060014535,0.10386719
348,0,0,0.0,0.83989334,0.040329866,0.119776875
348,0,0,0.0,0.5999587,0.06477596,0.33526534
348,0,0,0.0,0.8996234,0.027198348,0.073178306
348,0,0,0.0,0.8898978,0.045636155,0.06446628
348,0,0,0.0,0.88893896,0.05250825,0.058552932
348,0,0,0.0,0.8926102,0.056232486,0.051157422
348,0,0,0.0,0.9193649,0.03942058,0.04121469
348,0,0,1.1920928955078125e-07,0.853272,0.07654055,0.070187494
348,0,0,5.960464477539063e-08,0.80015856,0.0767755,0.12306598
348,0,0,1.1920928955078125e-07,0.89657515,0.042531054,0.060893763
348,0,2,0.0,0.3231204,0.06260004,0.6142795
348,0,0,0.0,0.8540201,0.030083386,0.11589654
348,0,0,0.0,0.8049198,0.07438052,0.12069994
348,0,0,0.0,0.8737322,0.058754724,0.06751307
348,0,0,0.0,0.93374777,0.014565769,0.05168647
348,0,0,5.960464477539063e-08,0.9024212,0.01817717,0.07940158
348,0,0,0.0,0.80653477,0.035710927,0.15775451
348,0,0,0.0,0.8817372,0.042404734,0.0758583
348,0,0,0.0,0.9223613,0.03671584,0.04092306
348,0,0,0.0,0.9373069,0.042223193,0.020469941
348,0,0,0.0,0.9509744,0.028402265,0.020623319
348,0,0,0.0,0.9268436,0.03860646,0.034550086
348,0,0,0.0,0.8656236,0.07462049,0.059755962
348,0,0,5.960464477539063e-08,0.89841515,0.037815332,0.06376948
348,0,2,0.0,0.22032249,0.0802836,0.6993939
348,0,0,0.0,0.77429056,0.050077964,0.17563155
348,0,0,0.0,0.752944,0.09169991,0.15535621
348,0,0,0.0,0.82961315,0.060558565,0.1098283
348,0,0,0.0,0.8827491,0.02781729,0.08943368
348,0,0,0.0,0.900597,0.021500373,0.07790275
348,0,0,0.0,0.92883587,0.02429864,0.046865556
348,0,0,0.0,0.9529137,0.0143948905,0.032691374
348,0,0,0.0,0.94988906,0.019856775,0.030254263
348,0,0,0.0,0.94308996,0.028832933,0.028077196
348,0,0,0.0,0.94695044,0.027342247,0.02570726
348,0,0,0.0,0.9362607,0.03475392,0.028985374
348,0,0,0.0,0.91565275,0.041453272,0.042894043
348,0,0,0.0,0.89500445,0.038329486,0.066666216
348,0,2,1.1920928955078125e-07,0.19447327,0.047318827,0.7582079
348,0,0,0.0,0.67794037,0.080863506,0.24119627
348,0,0,0.0,0.7215222,0.07512227,0.20335557
348,0,0,0.0,0.7850199,0.057635862,0.15734443
348,0,0,0.0,0.88956267,0.024501514,0.085936025
348,0,0,0.0,0.9230265,0.021647478,0.05532606
348,0,0,0.0,0.95216197,0.02120846,0.026629696
348,0,0,0.0,0.9589157,0.014601366,0.026483037
348,0,0,0.0,0.9671835,0.012768702,0.020047862
348,0,0,0.0,0.94020617,0.032723043,0.027070755
348,0,0,2.9802322387695312e-08,0.9372773,0.036101695,0.026621124
348,0,0,0.0,0.93076694,0.039315004,0.029918186
348,0,0,0.0,0.92772436,0.03301086,0.039264895
348,0,0,0.0,0.8172332,0.065170035,0.11759669
348,0,0,0.0,0.8127057,0.044419546,0.14287487
348,0,0,0.0,0.68227863,0.12280125,0.19492021
348,0,0,0.0,0.7639237,0.073206246,0.1628702
348,0,0,0.0,0.84670454,0.039065674,0.114229806
348,0,0,2.9802322387695312e-08,0.91310424,0.026270932,0.06062468
348,0,0,0.0,0.9492903,0.018808104,0.031901713
348,0,0,7.450580596923828e-08,0.94565254,0.022192063,0.032155342
348,0,0,0.0,0.95646536,0.021523485,0.0220113
348,0,0,0.0,0.9600825,0.016861094,0.023056556
348,0,0,0.0,0.9647436,0.015279053,0.019977538
348,0,0,4.470348358154297e-08,0.9517895,0.02436968,0.023840962
348,0,0,0.0,0.9097871,0.03893009,0.051282935
348,0,0,0.0,0.7822757,0.064965345,0.15275905
348,0,0,0.0,0.8158774,0.046210334,0.13791236
348,0,0,0.0,0.7728689,0.0873189,0.13981223
348,0,0,0.0,0.80285364,0.06470087,0.13244562
348,0,0,0.0,0.83042806,0.036288165,0.13328403
348,0,0,0.0,0.8615695,0.043430537,0.09499997
348,0,0,0.0,0.8991809,0.042636886,0.05818231
348,0,0,0.0,0.9168119,0.04049869,0.042689577
348,0,0,0.0,0.93161386,0.030136537,0.03824956
348,0,0,0.0,0.9305955,0.027155133,0.042249225
348,0,0,0.0,0.9568959,0.018372783,0.024731379
348,0,0,0.0,0.9445343,0.027178962,0.02828686
348,0,0,0.0,0.9134116,0.031259876,0.055328686
348,0,0,0.0,0.8157236,0.034639865,0.14963648
348,0,0,0.0,0.68090945,0.060522035,0.25856864
348,0,0,0.0,0.69108737,0.100851364,0.20806126
348,0,0,0.0,0.6927239,0.09682691,0.21044926
348,0,0,0.0,0.791944,0.05890934,0.14914677
348,0,0,0.0,0.82238495,0.045645863,0.13196923
348,0,0,0.0,0.7989554,0.06797135,0.13307342
348,0,0,0.0,0.87004375,0.050685786,0.07927067
348,0,0,0.0,0.87882966,0.055720493,0.06545
348,0,0,0.0,0.86375827,0.055236027,0.08100562
348,0,0,0.0,0.9205304,0.03499829,0.044471364
348,0,0,0.0,0.87198216,0.05844027,0.06957774
348,0,0,0.0,0.8889151,0.04423861,0.06684637
348,0,0,0.0,0.8625092,0.032894183,0.10459663
348,0,2,0.0,0.45619485,0.075977445,0.4678278
348,0,0,0.0,0.74718326,0.063712135,0.18910475
348,0,0,1.7881393432617188e-07,0.6878668,0.082492605,0.22964053
348,0,0,0.0,0.6428147,0.12706691,0.23011853
348,0,0,0.0,0.7755512,0.076669075,0.14777984
348,0,0,0.0,0.82007635,0.082072005,0.09785172
348,0,0,0.0,0.8044033,0.08275627,0.112840734
348,0,0,0.0,0.8152818,0.09753044,0.0871878
348,0,0,0.0,0.8156767,0.09681625,0.087507136
348,0,0,0.0,0.82160866,0.08942229,0.088969156
348,0,0,0.0,0.79849833,0.09463478,0.10686686
348,0,0,0.0,0.90506047,0.036006264,0.058933306
348,0,0,8.940696716308594e-08,0.8691733,0.03527091,0.095555805
348,0,2,5.960464477539063e-08,0.40653968,0.06908449,0.52437586
348,0,0,0.0,0.72857153,0.063896805,0.20753182
348,0,0,0.0,0.64317125,0.073309086,0.28351966
348,0,0,0.0,0.5882007,0.14081842,0.27098095
348,0,0,0.0,0.71249306,0.10077967,0.18672729
348,0,0,0.0,0.78489465,0.070226796,0.14487854
348,0,0,0.0,0.8069568,0.078954116,0.11408914
348,0,0,0.0,0.7593369,0.13609895,0.10456427
348,0,0,0.0,0.85974306,0.07903003,0.061227035
348,0,0,0.0,0.8723931,0.06968309,0.057923835
348,0,0,0.0,0.7665205,0.12324274,0.110236995
348,0,0,0.0,0.8636584,0.054639764,0.081701845
348,0,0,0.0,0.86672884,0.033030935,0.10024042
348,0,0,0.0,0.6348941,0.07831569,0.28679016
348,0,0,0.0,0.5465703,0.08434107,0.3690887
348,0,0,0.0,0.7001663,0.079427294,0.22040646
348,0,0,0.0,0.7571835,0.07369042,0.1691261
348,0,0,0.0,0.7335292,0.10113147,0.1653394
348,0,0,0.0,0.766994,0.10847881,0.124527246
348,0,0,5.960464477539063e-08,0.82603884,0.07877402,0.09518733
348,0,0,0.0,0.88280404,0.05700898,0.060187086
348,0,0,0.0,0.8987341,0.050966665,0.050299246
348,0,0,0.0,0.8981252,0.050208587,0.051666338
348,0,0,0.0,0.8479839,0.06983159,0.08218471
348,0,0,0.0,0.76636887,0.07421124,0.15941994
348,0,0,5.960464477539063e-08,0.477108,0.1394146,0.3834775
348,0,0,0.0,0.5486908,0.09775062,0.35355863
348,0,0,0.0,0.6460499,0.103479765,0.25047037
348,0,0,0.0,0.61205435,0.10386218,0.28408363
348,0,0,0.0,0.63365835,0.1536494,0.2126924
348,0,0,0.0,0.7708879,0.08833909,0.1407731
348,0,0,0.0,0.8663522,0.053490702,0.08015716
348,0,0,0.0,0.84407234,0.055203956,0.10072377
348,0,0,5.960464477539063e-08,0.8621145,0.05279869,0.08508679
348,0,0,0.0,0.8019805,0.082397036,0.115622535
348,0,0,5.960464477539063e-08,0.7156369,0.1050989,0.17926422
348,0,0,0.0,0.70980614,0.08601638,0.20417748
257,0,2,0.0,0.25242808,0.15516725,0.5924047
257,0,0,0.0,0.7888794,0.15646061,0.05466022
257,0,0,0.0,0.81696045,0.1513972,0.03164248
257,0,1,0.0,0.14753976,0.5357566,0.3167038
257,0,2,0.0,0.023206407,0.39535263,0.58144104
257,0,1,1.1920928955078125e-07,0.3053886,0.42307135,0.27154014
257,0,0,0.0,0.659318,0.25569272,0.084989496
257,0,0,0.0,0.66929734,0.23270799,0.097994745
257,0,2,5.960464477539063e-08,0.13915671,0.41484264,0.44600084
257,0,2,0.0,0.0867119,0.103273146,0.8100151
257,0,2,0.0,0.20136444,0.06581229,0.7328234
257,0,0,0.0,0.47220135,0.37644264,0.15135615
257,0,2,0.0,0.38544425,0.20134464,0.41321117
257,0,2,0.0,0.42390677,0.13919626,0.43689713
257,0,2,0.0,0.05771932,0.18501927,0.7572614
257,0,1,0.0,0.16469035,0.4413154,0.3939942
257,0,0,0.0,0.61187345,0.23167045,0.15645632
257,0,0,0.0,0.5616205,0.2302672,0.20811234
257,0,0,0.0,0.47605106,0.22417958,0.29976946
257,0,2,0.0,0.011749077,0.19477789,0.793473
257,0,2,0.0,0.018237632,0.061806828,0.9199556
257,0,2,0.0,0.38030633,0.18037705,0.43931672
257,0,0,0.0,0.40982193,0.23789537,0.35228285
257,0,2,0.0,0.18516266,0.11656716,0.69827026
257,0,2,0.0,0.08091621,0.050621115,0.8684627
139,0,0,0.0,0.66351676,0.010292471,0.32619077
139,0,0,0.0,0.72399765,0.014308855,0.26169354
139,0,0,2.9802322387695312e-08,0.94167185,0.027438516,0.030889668
139,0,0,0.0,0.6606372,0.013469951,0.32589298
139,0,0,0.0,0.8254299,0.027269106,0.1473011
139,0,0,0.0,0.95991653,0.020028105,0.020055383
139,0,0,5.960464477539063e-08,0.71467173,0.014682291,0.27064607
139,0,0,0.0,0.9636842,0.013589976,0.02272588
139,0,0,0.0,0.95892006,0.017385475,0.023694474
139,0,0,0.0,0.9415452,0.022130292,0.036324684
139,0,0,2.9802322387695312e-08,0.96133345,0.010948941,0.027717521
139,0,0,0.0,0.9207286,0.009997634,0.06927384
139,0,0,0.0,0.954134,0.018550197,0.027315833
139,0,0,7.450580596923828e-08,0.96117896,0.01382361,0.024997497
139,0,0,0.0,0.9521374,0.017568506,0.030294128
139,0,0,0.0,0.94546604,0.007936706,0.046597414
139,0,0,0.0,0.9708747,0.010434504,0.01869091
139,0,0,0.0,0.9534664,0.0113564525,0.03517716
139,0,0,0.0,0.95454,0.015353905,0.030106174
139,0,0,0.0,0.95848083,0.013842877,0.027676355
139,0,0,0.0,0.9518572,0.021679068,0.026463818
139,0,0,0.0,0.8690474,0.057210673,0.07374207
139,0,0,0.0,0.9584962,0.008076096,0.033427656
139,0,0,0.0,0.9595561,0.014192825,0.026251176
139,0,0,0.0,0.96828955,0.0123093575,0.019401157
139,0,0,0.0,0.95784104,0.016208613,0.025950389
139,0,0,0.0,0.95674366,0.016404456,0.026851885
139,0,0,1.4901161193847656e-08,0.95875186,0.017554823,0.023693344
139,0,0,0.0,0.9268016,0.022075018,0.051123515
139,0,0,0.0,0.9334078,0.03343726,0.03315517
139,0,0,0.0,0.9530674,0.012513227,0.03441946
139,0,0,4.470348358154297e-08,0.9663574,0.008819251,0.024823261
139,0,0,1.4901161193847656e-08,0.9680304,0.01219357,0.019776052
139,0,0,0.0,0.9581634,0.020336092,0.021500599
139,0,0,0.0,0.95715946,0.020846296,0.021994315
139,0,0,0.0,0.9349599,0.035050746,0.029989313
139,0,0,0.0,0.9229647,0.04414633,0.032888997
139,0,0,0.0,0.93025535,0.03383112,0.03591368
139,0,0,0.0,0.9376025,0.03195621,0.030441394
139,0,0,2.9802322387695312e-08,0.9402291,0.026611904,0.033159044
139,0,0,0.0,0.9480954,0.018838758,0.033066116
139,0,0,8.940696716308594e-08,0.91187304,0.031430773,0.056696188
139,0,0,0.0,0.8824096,0.048464548,0.06912591
139,0,0,2.9802322387695312e-08,0.9410805,0.02623045,0.032689106
139,0,0,0.0,0.9584886,0.021913437,0.019598179
139,0,0,0.0,0.9388115,0.036811516,0.02437713
139,0,0,1.4901161193847656e-08,0.9474012,0.027035873,0.025562951
139,0,0,0.0,0.9665138,0.014548117,0.018938083
139,0,0,5.960464477539063e-08,0.9561468,0.016612632,0.02724061
139,0,0,0.0,0.93464035,0.028929627,0.036430053
139,0,0,2.9802322387695312e-08,0.9191462,0.040113494,0.040740322
139,0,0,2.9802322387695312e-08,0.9441835,0.02357041,0.03224613
139,0,0,0.0,0.9342137,0.026493609,0.0392927
139,0,0,0.0,0.94161505,0.020672094,0.037713114
139,0,0,0.0,0.92224306,0.03379433,0.043962732
139,0,0,5.960464477539063e-08,0.9175667,0.034020465,0.048412826
139,0,0,0.0,0.93459606,0.030000614,0.035403416
139,0,0,0.0,0.94412136,0.024244694,0.03163407
139,0,0,2.9802322387695312e-08,0.86836165,0.028951595,0.102686815
139,0,0,0.0,0.90107507,0.02263334,0.07629163
139,0,0,0.0,0.90559447,0.024197023,0.07020854
139,0,2,0.0,0.22376634,0.32181135,0.45442247
440,0,0,0.0,0.93132627,0.046613548,0.022060223
440,0,0,2.9802322387695312e-08,0.9309813,0.044761006,0.024257788
440,0,0,0.0,0.7855736,0.06399406,0.15043235
440,0,0,0.0,0.93668854,0.03586106,0.027450582
440,0,0,0.0,0.96029913,0.022086738,0.017614214
440,0,0,0.0,0.93050665,0.037340418,0.032153156
440,0,2,0.0,0.14239722,0.04414349,0.8134595
440,0,0,0.0,0.9557684,0.024864802,0.01936692
440,0,0,0.0,0.93065065,0.04556088,0.023788601
440,0,0,0.0,0.7517992,0.069977924,0.17822273
440,0,0,5.960464477539063e-08,0.9423382,0.038604427,0.019057373
440,0,0,0.0,0.9462709,0.0372178,0.016511364
440,0,0,0.0,0.9206485,0.05199953,0.027352106
440,0,0,0.0,0.9240264,0.044842437,0.031131351
440,0,0,2.9802322387695312e-08,0.93117195,0.05077369,0.018054275
440,0,0,0.0,0.94069916,0.041436773,0.017864188
440,0,0,5.960464477539063e-08,0.9412424,0.041425083,0.017332483
440,0,0,0.0,0.9377508,0.042826045,0.019423274
440,0,0,0.0,0.9392218,0.041744873,0.01903333
440,0,0,0.0,0.9458423,0.035523195,0.01863462
440,0,0,1.4901161193847656e-08,0.95093834,0.029084587,0.01997699
440,0,0,4.470348358154297e-08,0.9494507,0.030007388,0.020541936
440,0,0,0.0,0.94947475,0.028280709,0.022244565
440,0,0,0.0,0.95406926,0.024480147,0.021450678
440,0,0,0.0,0.9527362,0.029686548,0.017577246
440,0,0,0.0,0.944262,0.020150783,0.035587296
440,0,0,0.0,0.95045626,0.027075674,0.022468152
440,0,0,0.0,0.9695101,0.015447706,0.0150422305
440,0,0,0.0,0.9735393,0.0140831815,0.012377721
440,0,0,0.0,0.9609404,0.020520682,0.018539092
440,0,0,0.0,0.95807856,0.020648219,0.02127325
440,0,0,1.4901161193847656e-08,0.9448826,0.0355277,0.019589685
440,0,0,0.0,0.94231313,0.031256862,0.026430186
440,0,0,0.0,0.8974681,0.027244177,0.075287886
440,0,0,0.0,0.94532204,0.020986088,0.03369217
440,0,0,4.470348358154297e-08,0.96448344,0.018718358,0.016798193
440,0,0,0.0,0.95470047,0.023093518,0.022206355
440,0,0,0.0,0.95255756,0.024146838,0.02329578
440,0,0,0.0,0.9519993,0.023842003,0.024158817
440,0,0,0.0,0.95295566,0.024236297,0.022808217
440,0,0,1.4901161193847656e-08,0.95093864,0.03031177,0.018749494
440,0,0,1.4901161193847656e-08,0.9558374,0.029693501,0.014469042
440,0,0,5.960464477539063e-08,0.93573624,0.04023131,0.02403232
440,0,0,0.0,0.93696684,0.022249721,0.040783625
440,0,2,0.0,0.3013695,0.042119663,0.65651083
440,0,0,1.4901161193847656e-08,0.94549465,0.030461192,0.02404423
440,0,0,0.0,0.9606008,0.021761531,0.01763788
440,0,0,2.9802322387695312e-08,0.95172364,0.026250357,0.022025894
440,0,0,0.0,0.9500252,0.026116217,0.023858711
440,0,0,0.0,0.9429619,0.030493207,0.026545065
440,0,0,0.0,0.94419193,0.032187335,0.023620829
440,0,0,0.0,0.948561,0.0301364,0.021302683
440,0,0,0.0,0.9689288,0.018971927,0.0120994635
440,0,0,0.0,0.9607599,0.021113167,0.018127004
440,0,0,0.0,0.92565113,0.009464027,0.06488499
440,0,0,0.0,0.9342108,0.026910989,0.038878303
440,0,0,0.0,0.9591087,0.022177888,0.018713467
440,0,0,0.0,0.9490475,0.026945215,0.024007346
440,0,0,2.9802322387695312e-08,0.9441244,0.029690009,0.026185524
440,0,0,0.0,0.9282981,0.03724244,0.034459505
440,0,0,0.0,0.9409399,0.032078456,0.026981736
440,0,0,0.0,0.9531007,0.02618056,0.02071882
440,0,0,0.0,0.9641706,0.021036446,0.014792994
440,0,0,0.0,0.95561355,0.021511454,0.022875056
440,0,0,0.0,0.92953146,0.011157524,0.059311014
440,0,2,0.0,0.36153468,0.008822785,0.6296426
440,0,0,5.960464477539063e-08,0.751473,0.010064897,0.23846212
440,0,0,0.0,0.92829865,0.013133655,0.058567774
440,0,0,0.0,0.9533849,0.020140331,0.026474766
440,0,0,0.0,0.94562453,0.022916006,0.031459585
440,0,0,0.0,0.9198352,0.03267946,0.047485456
440,0,0,0.0,0.9275007,0.033999007,0.038500424
440,0,0,2.9802322387695312e-08,0.9354564,0.03524474,0.029298944
440,0,0,0.0,0.9487014,0.028756853,0.022541758
440,0,0,0.0,0.9564829,0.016172137,0.027345037
440,0,0,0.0,0.84873295,0.01004091,0.14122629
440,0,2,0.0,0.32262912,0.0055621555,0.67180884
440,0,0,0.0,0.5657878,0.007361063,0.42685133
440,0,0,0.0,0.8664462,0.018872576,0.11468129
440,0,0,0.0,0.9251428,0.025086738,0.049770605
440,0,0,0.0,0.9351439,0.0235029,0.041353337
440,0,0,0.0,0.9257961,0.015519603,0.0586845
440,0,2,0.0,0.2264421,0.013811756,0.7597462
440,0,2,0.0,0.44599423,0.011831297,0.5421746
440,0,2,0.0,0.14273451,0.0077527966,0.84951276
440,0,2,0.0,0.06550527,0.011192582,0.92330223
36,0,1,0.0,0.3070457,0.42497015,0.26798427
36,0,0,0.0,0.6490743,0.19364992,0.15727586
36,0,0,0.0,0.4778094,0.329947,0.19224377
36,0,0,0.0,0.37075838,0.29369825,0.3355433
36,0,2,0.0,0.09278901,0.371515,0.53569597
36,0,0,0.0,0.57911295,0.23881704,0.18207006
36,0,0,0.0,0.79546183,0.12500489,0.079533294
36,0,0,0.0,0.930514,0.039182108,0.030303998
36,0,0,0.0,0.9413449,0.034521177,0.024133814
36,0,0,0.0,0.9182951,0.04784169,0.033863407
36,0,0,0.0,0.8377776,0.08457572,0.07764682
36,0,0,0.0,0.9443261,0.027382119,0.028291939
36,0,0,0.0,0.94689363,0.031489518,0.021616932
36,0,0,0.0,0.94586986,0.032493107,0.02163709
36,0,0,0.0,0.94185567,0.032266896,0.025877487
36,0,0,0.0,0.9567167,0.026257029,0.01702625
36,0,0,0.0,0.9523293,0.025565712,0.022105007
36,0,0,0.0,0.96495265,0.019287406,0.015760042
36,0,0,0.0,0.9622594,0.02178922,0.015951397
36,0,0,0.0,0.9572831,0.024523582,0.018193517
36,0,0,0.0,0.9536047,0.029153159,0.017242195
36,0,0,0.0,0.950819,0.028775467,0.020405583
36,0,0,0.0,0.9585155,0.0172195,0.024265055
36,0,0,0.0,0.95656544,0.018066822,0.025367854
36,0,0,1.4901161193847656e-08,0.9551012,0.023930913,0.020967895
36,0,0,1.4901161193847656e-08,0.9613482,0.020772742,0.017879179
36,0,0,0.0,0.9632377,0.02125378,0.015508669
36,0,0,0.0,0.95079195,0.030816764,0.018391231
36,0,0,0.0,0.9565357,0.024298407,0.019165948
36,0,0,0.0,0.9465829,0.025295028,0.028122157
36,0,0,0.0,0.95842993,0.019506712,0.02206358
36,0,0,0.0,0.9503317,0.024394061,0.02527439
36,0,0,0.0,0.9709711,0.013661739,0.015367257
36,0,0,0.0,0.9701978,0.01507805,0.014724295
36,0,0,0.0,0.9540226,0.026400968,0.019576514
36,0,0,0.0,0.9574265,0.024655262,0.017918311
36,0,0,0.0,0.9467655,0.02488471,0.028349947
36,0,0,1.4901161193847656e-08,0.9607193,0.018844826,0.020435942
36,0,0,0.0,0.96041447,0.01728369,0.022301981
36,0,0,8.940696716308594e-08,0.9729505,0.011908977,0.015140486
36,0,0,1.4901161193847656e-08,0.96771675,0.014562796,0.017720418
36,0,0,0.0,0.96362543,0.019220792,0.017153913
36,0,0,0.0,0.9607983,0.0210289,0.018172879
36,0,0,0.0,0.95228714,0.019353779,0.028359072
36,0,0,0.0,0.9691986,0.015968414,0.014833008
36,0,0,0.0,0.9645104,0.01733975,0.01815006
36,0,0,0.0,0.9688188,0.013184362,0.017996892
36,0,0,0.0,0.9717383,0.012223842,0.01603787
36,0,0,0.0,0.9722103,0.013854995,0.01393476
36,0,0,0.0,0.97209173,0.013576569,0.014331812
36,0,0,2.9802322387695312e-08,0.96108687,0.017859248,0.021053918
36,0,0,0.0,0.9670004,0.01764875,0.015350832
36,0,0,0.0,0.9659554,0.017064923,0.016979842
36,0,0,0.0,0.9736815,0.013150093,0.0131683275
36,0,0,5.960464477539063e-08,0.97556037,0.01154153,0.012898009
36,0,0,2.9802322387695312e-08,0.96532506,0.014729815,0.019945186
36,0,0,0.0,0.9692898,0.012592825,0.018117568
36,0,0,7.450580596923828e-08,0.9555905,0.01745778,0.026951788
36,0,0,4.470348358154297e-08,0.9616634,0.017131565,0.021204995
36,0,0,2.9802322387695312e-08,0.9620939,0.01322768,0.024678344
36,0,0,5.960464477539063e-08,0.9696905,0.013534199,0.016775155
36,0,0,0.0,0.9587917,0.020306865,0.020901617
36,0,0,7.450580596923828e-08,0.9541332,0.022434052,0.023432696
36,0,0,0.0,0.95338064,0.021672575,0.0249468
36,0,0,0.0,0.9653531,0.0137852,0.020861873
36,0,0,0.0,0.9652686,0.013270278,0.021461247
36,0,0,0.0,0.96007913,0.0134899365,0.02643117
36,0,0,0.0,0.9643938,0.0131906625,0.022415584
36,0,0,0.0,0.9551364,0.019574655,0.025288908
36,0,0,0.0,0.95080554,0.024176627,0.025017928
36,0,0,0.0,0.9471168,0.02547843,0.027404852
36,0,0,0.0,0.9123742,0.02080488,0.06682107
36,0,0,0.0,0.95647997,0.01817755,0.025342707
36,0,0,0.0,0.96480936,0.014173808,0.021017
36,0,0,0.0,0.96935284,0.011820549,0.018826572
36,0,0,0.0,0.96519274,0.012364501,0.022443049
36,0,0,1.4901161193847656e-08,0.9697343,0.013307881,0.016957803
36,0,0,0.0,0.97108597,0.011818746,0.017095366
36,0,2,0.0,0.34771854,0.0056112995,0.6466702
36,0,0,0.0,0.68772984,0.0092813745,0.3029889
36,0,0,5.960464477539063e-08,0.8937422,0.0055921692,0.10066558
36,0,0,0.0,0.95043135,0.006476645,0.04309215
36,0,0,0.0,0.95888054,0.0056249117,0.035494484
36,0,0,0.0,0.97433084,0.0065748896,0.01909436
36,0,0,7.450580596923828e-08,0.96381015,0.009566176,0.026623588
36,0,0,0.0,0.5381557,0.00521516,0.45662925
36,0,0,0.0,0.6602519,0.004631396,0.3351168
36,0,0,0.0,0.5921648,0.005154217,0.402681
36,0,2,0.0,0.46888638,0.006008606,0.5251051
350,0,0,0.0,0.9202847,0.018669741,0.061045624
350,0,0,0.0,0.8964452,0.019594477,0.08396044
350,0,0,0.0,0.92668056,0.025504643,0.04781478
350,0,0,0.0,0.9627668,0.014422154,0.022811193
350,0,0,0.0,0.94301796,0.010730234,0.046251867
350,0,0,0.0,0.94036865,0.011906451,0.047725134
350,0,0,0.0,0.9644007,0.00925139,0.026348092
350,0,0,0.0,0.94403595,0.009330216,0.046633966
350,0,0,0.0,0.94662803,0.0107988715,0.042573188
350,0,0,2.9802322387695312e-08,0.8971739,0.012407864,0.09041826
350,0,0,0.0,0.64354193,0.019304583,0.3371536
350,0,0,0.0,0.93787783,0.016425345,0.045696855
350,0,0,0.0,0.94970703,0.014634056,0.03565899
350,0,0,0.0,0.9524308,0.01159417,0.03597508
350,0,0,0.0,0.9546403,0.011448825,0.033910938
350,0,0,0.0,0.95443344,0.008161533,0.037405178
350,0,0,0.0,0.89417785,0.009086062,0.09673611
350,0,0,2.9802322387695312e-08,0.8958761,0.012890711,0.09123326
350,0,0,0.0,0.9339653,0.011242739,0.054791965
350,0,0,2.9802322387695312e-08,0.95779634,0.0076774615,0.034526248
350,0,0,0.0,0.9566249,0.006654432,0.036720913
125,0,0,0.0,0.8775716,0.09725921,0.025169268
125,0,0,0.0,0.9178272,0.0643734,0.017799491
125,0,0,0.0,0.9259273,0.05275251,0.021320293
125,0,0,0.0,0.8608012,0.09909786,0.04010102
125,0,0,0.0,0.7761087,0.17897785,0.04491374
125,0,2,0.0,0.01172084,0.072215274,0.9160639
125,0,1,0.0,0.14377713,0.47254854,0.38367444
125,0,0,0.0,0.7393695,0.18523061,0.07539997
125,0,0,0.0,0.9047285,0.06327401,0.031997573
125,0,0,0.0,0.9251484,0.056107745,0.018743908
125,0,0,0.0,0.91362303,0.06728386,0.01909317
125,0,0,0.0,0.91683304,0.05556019,0.027606841
125,0,0,0.0,0.89124733,0.0759976,0.0327552
125,0,0,5.960464477539063e-08,0.88676757,0.06384573,0.049386647
125,0,2,0.0,0.100755736,0.17642818,0.7228161
125,0,0,0.0,0.5429134,0.24657409,0.21051262
125,0,0,0.0,0.8791166,0.088343486,0.03254007
125,0,0,0.0,0.94766897,0.035095345,0.017235857
125,0,0,0.0,0.930778,0.053436052,0.01578604
125,0,0,0.0,0.93613005,0.047836285,0.016033802
125,0,0,0.0,0.9239665,0.056417335,0.019616265
125,0,0,2.9802322387695312e-08,0.90552545,0.069140136,0.025334531
125,0,0,0.0,0.8816305,0.09154654,0.026823055
125,0,0,0.0,0.92649835,0.049008153,0.024493698
125,0,0,0.0,0.53786373,0.06919098,0.3929453
125,0,0,8.940696716308594e-08,0.86348075,0.10966903,0.026850209
125,0,0,0.0,0.9037893,0.080737665,0.01547314
125,0,0,0.0,0.9154005,0.065228745,0.019370878
125,0,0,0.0,0.87489146,0.102448456,0.022660224
125,0,0,0.0,0.9353084,0.047400124,0.017291555
125,0,0,0.0,0.94377756,0.038077436,0.018144991
125,0,0,0.0,0.93097657,0.047394425,0.021629019
125,0,0,0.0,0.92041767,0.054189395,0.025393112
125,0,0,0.0,0.9433708,0.030974684,0.02565472
125,0,0,0.0,0.77529097,0.13969164,0.08501762
125,0,0,5.960464477539063e-08,0.91425633,0.055808246,0.029935496
125,0,0,0.0,0.9370698,0.044148162,0.018782146
125,0,0,0.0,0.9132194,0.0666028,0.02017797
125,0,0,0.0,0.9030203,0.07050824,0.026471624
125,0,0,0.0,0.9424648,0.03718492,0.020350423
125,0,0,5.960464477539063e-08,0.9604552,0.022757055,0.016787782
125,0,0,0.0,0.95359004,0.026869752,0.01954027
125,0,0,5.960464477539063e-08,0.93645114,0.036387708,0.027161194
125,0,0,5.960464477539063e-08,0.944615,0.03241526,0.022969667
125,0,0,0.0,0.96270597,0.018172411,0.019121628
125,0,0,0.0,0.8798995,0.07766876,0.04243174
125,0,0,5.960464477539063e-08,0.90181404,0.070501655,0.027684238
125,0,0,0.0,0.93848324,0.040051855,0.02146519
125,0,0,0.0,0.9157619,0.058608547,0.025629794
125,0,0,0.0,0.9057795,0.067909315,0.02631125
125,0,0,0.0,0.9382977,0.040901776,0.020800555
125,0,0,4.470348358154297e-08,0.94523674,0.034831088,0.019932145
125,0,0,0.0,0.93440217,0.04361512,0.021982843
125,0,0,0.0,0.90973103,0.062839635,0.027429268
125,0,0,0.0,0.91551054,0.06382157,0.020667985
125,0,0,0.0,0.9420682,0.041791037,0.016140882
125,0,0,0.0,0.9684792,0.016404627,0.01511624
125,0,0,2.9802322387695312e-08,0.8878818,0.080217615,0.031900734
125,0,0,0.0,0.8848019,0.085542865,0.02965533
125,0,0,0.0,0.8879801,0.08108123,0.03093874
125,0,0,0.0,0.9070331,0.06912865,0.023838343
125,0,0,0.0,0.89164275,0.075874686,0.032482557
125,0,0,0.0,0.9103261,0.06435182,0.025321983
125,0,0,0.0,0.9311153,0.04530613,0.023578594
125,0,0,0.0,0.9173426,0.060737643,0.021919947
125,0,0,0.0,0.88773316,0.08613914,0.026127715
125,0,0,0.0,0.8911672,0.08761078,0.021222064
125,0,0,0.0,0.93209976,0.054776654,0.013123658
125,0,0,0.0,0.9588877,0.026698632,0.014413753
125,0,0,0.0,0.96888447,0.012604678,0.018511057
125,0,0,0.0,0.6811727,0.27429676,0.044530634
125,0,0,0.0,0.8458604,0.115792,0.03834776
125,0,0,0.0,0.8500321,0.114668824,0.035299253
125,0,0,0.0,0.8628792,0.096449144,0.040671688
125,0,0,0.0,0.88691,0.07742979,0.03566022
125,0,0,5.960464477539063e-08,0.8807341,0.08147431,0.037791565
125,0,0,0.0,0.8625759,0.103160635,0.034263484
125,0,0,5.960464477539063e-08,0.8465454,0.12090305,0.03255155
125,0,0,0.0,0.8512645,0.11286742,0.035868138
125,0,0,5.960464477539063e-08,0.8850647,0.08795276,0.02698263
125,0,0,0.0,0.70003426,0.24783379,0.052132033
125,0,0,5.960464477539063e-08,0.7799069,0.17198351,0.048109572
441,0,1,0.0,0.3810855,0.50192004,0.116994575
441,0,0,5.960464477539063e-08,0.6822217,0.1979159,0.11986251
441,0,0,0.0,0.7656737,0.15515687,0.07916966
441,0,0,0.0,0.8742103,0.079931706,0.045858104
441,0,0,0.0,0.913991,0.054619722,0.031389456
441,0,0,0.0,0.7302948,0.16898763,0.10071762
441,0,0,0.0,0.7813335,0.15423593,0.06443059
441,0,0,0.0,0.88740253,0.07104525,0.0415524
441,0,0,1.4901161193847656e-08,0.9534031,0.02163167,0.02496528
441,0,0,0.0,0.9143238,0.052788544,0.03288786
441,0,0,0.0,0.9287519,0.045724735,0.025523549
441,0,0,2.9802322387695312e-08,0.94067687,0.037597116,0.02172602
441,0,0,1.4901161193847656e-08,0.9652874,0.017885532,0.016827093
441,0,0,0.0,0.95657784,0.022635449,0.020786693
441,0,0,0.0,0.9436292,0.033689752,0.022681227
441,0,2,0.0,0.049390085,0.42588183,0.52472824
441,0,0,0.0,0.8856793,0.049793255,0.06452749
441,0,0,0.0,0.91915506,0.045905743,0.034939352
441,0,0,0.0,0.9612795,0.016577428,0.022143155
441,0,0,0.0,0.9584485,0.016853608,0.024698092
441,0,0,1.4901161193847656e-08,0.9597722,0.01922756,0.021000221
441,0,0,0.0,0.96363974,0.016959183,0.019401105
441,0,0,1.4901161193847656e-08,0.97054625,0.012198891,0.01725491
441,0,0,0.0,0.97264004,0.012096286,0.015263818
441,0,0,5.960464477539063e-08,0.9625975,0.017655812,0.019746803
441,0,0,4.470348358154297e-08,0.94940853,0.027692072,0.022899486
441,0,0,0.0,0.64213794,0.1851911,0.172671
441,0,0,0.0,0.9078121,0.04959842,0.042589687
441,0,0,0.0,0.9535867,0.020406473,0.026006915
441,0,0,0.0,0.96182156,0.015019832,0.023158768
441,0,0,0.0,0.95922726,0.016099442,0.024673402
441,0,0,2.9802322387695312e-08,0.97037184,0.013252978,0.016375164
441,0,0,1.4901161193847656e-08,0.9642689,0.014369298,0.02136188
441,0,0,4.470348358154297e-08,0.95946425,0.020579755,0.01995599
441,0,0,0.0,0.95957416,0.020719487,0.019706361
441,0,0,0.0,0.9541121,0.02351002,0.022377929
441,0,0,0.0,0.95870405,0.021742914,0.01955314
441,0,0,0.0,0.8310385,0.093651906,0.07530962
441,0,0,0.0,0.8903599,0.067748725,0.041891403
441,0,0,0.0,0.9128685,0.048138566,0.038993068
441,0,0,0.0,0.93268985,0.032156546,0.035153694
441,0,0,7.450580596923828e-08,0.945739,0.02806997,0.026190905
441,0,0,0.0,0.9641215,0.020529598,0.015349038
441,0,0,0.0,0.9597625,0.022035718,0.018201942
441,0,0,0.0,0.96008736,0.024363274,0.015549344
441,0,0,0.0,0.951517,0.028653286,0.01982989
441,0,0,0.0,0.9459328,0.031495962,0.022571202
441,0,0,0.0,0.7701542,0.10865111,0.12119478
441,0,0,0.0,0.9070648,0.050403006,0.042532343
441,0,0,0.0,0.93698215,0.0363136,0.026704406
441,0,0,0.0,0.9408221,0.034268957,0.024909
441,0,0,0.0,0.9475094,0.03020246,0.022288138
441,0,0,0.0,0.960148,0.023009613,0.016842524
441,0,0,0.0,0.9606201,0.023493525,0.015886435
441,0,0,0.0,0.9497882,0.03111307,0.019098634
441,0,0,0.0,0.95001113,0.029411795,0.020577263
441,0,0,0.0,0.95137626,0.026434073,0.022189735
441,0,0,2.9802322387695312e-08,0.88757765,0.05235769,0.06006459
441,0,0,0.0,0.9285146,0.03821577,0.033269703
441,0,0,0.0,0.9403545,0.03653389,0.023111783
441,0,0,5.960464477539063e-08,0.9323312,0.04401322,0.023655605
441,0,0,0.0,0.9510714,0.030059094,0.018869588
441,0,0,0.0,0.95331436,0.029285401,0.017400412
441,0,0,0.0,0.94050515,0.037150502,0.022344366
441,0,0,0.0,0.93268526,0.04342495,0.023889868
441,0,0,0.0,0.9454014,0.02727668,0.02732189
441,0,0,0.0,0.94851416,0.028301382,0.023184475
441,0,0,0.0,0.9253807,0.036326528,0.03829291
441,0,0,0.0,0.91845095,0.046917297,0.03463178
441,0,0,0.0,0.916659,0.053593684,0.029747332
441,0,0,0.0,0.93397474,0.039706927,0.026318444
441,0,0,1.1920928955078125e-07,0.922585,0.040984787,0.036430165
441,0,0,0.0,0.93619263,0.04018174,0.023625756
441,0,0,0.0,0.93491757,0.041912645,0.023169896
441,0,0,0.0,0.93179655,0.044085577,0.024117962
441,0,0,2.9802322387695312e-08,0.9430506,0.028549908,0.02839946
441,0,0,0.0,0.94045776,0.031280838,0.028261514
441,0,0,0.0,0.6993751,0.0988421,0.20178275
441,0,0,0.0,0.8565771,0.083790354,0.059632584
441,0,0,0.0,0.8876362,0.06866218,0.043701764
441,0,0,0.0,0.88087386,0.08339107,0.035735074
441,0,0,0.0,0.9133515,0.057006083,0.029642535
441,0,0,8.940696716308594e-08,0.9046656,0.06190956,0.03342483
441,0,0,0.0,0.9313851,0.04515349,0.023461401
441,0,0,5.960464477539063e-08,0.9157888,0.057953976,0.026257148
441,0,0,0.0,0.93220806,0.045171298,0.022620775
441,0,0,5.960464477539063e-08,0.9541866,0.022442743,0.02337062
441,0,0,0.0,0.9451348,0.025477331,0.029387828
441,0,0,0.0,0.79575706,0.0967808,0.10746223
441,0,0,0.0,0.84826034,0.10204066,0.049699236
441,0,0,0.0,0.88841057,0.07348816,0.038101446
441,0,0,1.4901161193847656e-07,0.89039665,0.07196516,0.037638173
441,0,0,0.0,0.8755322,0.074566685,0.049901247
441,0,0,0.0,0.8934061,0.063911445,0.042682514
441,0,0,5.960464477539063e-08,0.93161124,0.040025365,0.028363312
441,0,0,0.0,0.94828236,0.031314246,0.020403402
441,0,0,0.0,0.9514932,0.028856179,0.019650834
441,0,0,0.0,0.9577303,0.019542499,0.0227272
441,0,2,5.960464477539063e-08,0.40284252,0.040391814,0.5567658
441,0,0,0.0,0.8941614,0.045199428,0.060639244
441,0,0,0.0,0.92807907,0.03574696,0.036174096
441,0,0,2.9802322387695312e-08,0.9167723,0.048888642,0.034338985
441,0,0,0.0,0.92060125,0.053140175,0.026258733
441,0,0,0.0,0.94036484,0.03704069,0.02259458
441,0,0,0.0,0.94908905,0.031910267,0.019000627
441,0,0,0.0,0.9498607,0.032675195,0.017464308
441,0,0,0.0,0.94896334,0.027551293,0.02348542
441,0,0,0.0,0.9454328,0.02348396,0.0310833
441,0,0,2.9802322387695312e-08,0.91438985,0.02216462,0.06344569
441,0,0,0.0,0.93166363,0.020062657,0.04827376
441,0,0,0.0,0.95529765,0.010988262,0.03371418
441,0,0,0.0,0.9435387,0.027070988,0.029390408
441,0,0,0.0,0.94176304,0.025474038,0.03276297
441,0,0,0.0,0.95857334,0.02087459,0.020552244
441,0,0,2.9802322387695312e-08,0.95016146,0.02973495,0.020103544
441,0,0,0.0,0.93537486,0.0324389,0.032186214
441,0,2,0.0,0.22841604,0.0070460984,0.76453793
441,0,0,0.0,0.6457899,0.0075399745,0.3466701
441,0,0,0.0,0.8796119,0.012315668,0.10807248
441,0,0,0.0,0.91451836,0.02262105,0.06286081
313,1,2,0.0,0.009985419,0.26074344,0.72927135
313,1,1,2.9802322387695312e-08,0.0047890237,0.8188263,0.1763847
313,1,1,0.0,0.005754108,0.82628834,0.16795768
313,1,1,0.0,0.005739631,0.90468323,0.08957714
313,1,2,0.0,0.008763506,0.3516339,0.6396026
313,1,1,2.9802322387695312e-08,0.0046435716,0.88362175,0.11173465
313,1,1,0.0,0.008750278,0.853714,0.13753588
313,1,2,0.0,0.010005293,0.29173705,0.69825774
313,1,1,0.0,0.005406719,0.65088135,0.34371197
301,1,1,0.0,0.0037810388,0.7575755,0.23864347
301,1,1,0.0,0.004582072,0.95857525,0.036842864
301,1,1,0.0,0.00440403,0.9614593,0.034136754
301,1,2,0.0,0.011443237,0.3596246,0.6289323
301,1,1,0.0,0.014547131,0.6740599,0.31139305
301,1,1,0.0,0.009926712,0.8983397,0.0917337
301,1,1,0.0,0.0058597885,0.94788986,0.04625027
301,1,0,0.0,0.5051863,0.14876111,0.34605268
301,1,0,0.0,0.41759166,0.26761833,0.31479004
112,1,2,0.0,0.17723073,0.2285042,0.5942652
112,1,0,0.0,0.36965093,0.26864278,0.36170632
112,1,0,0.0,0.76669735,0.13206708,0.101235636
112,1,1,0.0,0.0072412607,0.53247225,0.4602866
112,1,1,0.0,0.027364284,0.70355177,0.26908395
112,1,2,5.960464477539063e-08,0.12949942,0.42089987,0.44960076
112,1,0,0.0,0.82697004,0.09598634,0.0770438
112,1,1,0.0,0.007101341,0.5477918,0.44510698
112,1,1,0.0,0.00530019,0.90063477,0.09406513
112,1,1,0.0,0.08189327,0.77669543,0.14141138
112,1,1,0.0,0.0061325254,0.5977443,0.3961232
112,1,0,0.0,0.73743576,0.15593258,0.10663177
450,1,1,0.0,0.0036170774,0.95587736,0.04050563
450,1,1,0.0,0.004001064,0.95999736,0.036001623
450,1,1,0.0,0.0033385807,0.96976006,0.026901336
450,1,1,0.0,0.0039301855,0.9747601,0.02130973
450,1,1,0.0,0.0033897462,0.9700727,0.026537785
450,1,1,0.0,0.0050734254,0.9675488,0.027377855
450,1,1,0.0,0.0058506867,0.97105443,0.023094885
450,1,1,0.0,0.004096167,0.97567904,0.02022485
450,1,1,1.4901161193847656e-08,0.004160323,0.9538642,0.041975487
450,1,1,0.0,0.004702791,0.95594513,0.039352242
450,1,1,4.470348358154297e-08,0.0054255156,0.96663916,0.027935287
132,1,2,0.0,0.008447484,0.07487128,0.9166813
132,1,2,0.0,0.009322171,0.07526698,0.91541094
132,1,1,0.0,0.0037880375,0.87743187,0.118780375
132,1,1,0.0,0.0085198665,0.82298094,0.16849926
132,1,2,0.0,0.005564792,0.4109249,0.58351046
132,1,1,0.0,0.0034663263,0.961484,0.03504983
132,1,1,2.9802322387695312e-08,0.012233172,0.9350744,0.052692465
132,1,1,0.0,0.004266882,0.77368355,0.22204968
132,1,1,0.0,0.0031503448,0.9674274,0.029422406
132,1,1,0.0,0.014374739,0.91348505,0.072140396
132,1,1,0.0,0.0039072577,0.9131843,0.08290856
132,1,1,0.0,0.0035535041,0.95982707,0.03661954
132,1,1,0.0,0.0095342435,0.8407955,0.14967027
132,1,1,0.0,0.045580752,0.6860759,0.2683433
132,1,1,0.0,0.13238776,0.7161424,0.15146992
132,1,0,0.0,0.40208367,0.3952918,0.20262468
300,1,1,0.0,0.0033227196,0.9099275,0.08674979
300,1,1,0.0,0.00788481,0.956915,0.03520029
300,1,1,0.0,0.009198328,0.9396071,0.051194645
300,1,1,0.0,0.0033774597,0.8406901,0.1559326
300,1,1,2.9802322387695312e-08,0.0038098255,0.9453422,0.050848026
300,1,1,0.0,0.0035067748,0.948666,0.047827262
300,1,1,0.0,0.004239398,0.65518385,0.34057674
300,1,1,2.9802322387695312e-08,0.0031500743,0.8857657,0.111084245
300,1,1,0.0,0.003936688,0.9551793,0.040884245
300,1,1,0.0,0.003557022,0.9380974,0.05834552
300,1,1,0.0,0.0068972493,0.503856,0.48924688
300,1,1,0.0,0.0040080356,0.95805967,0.037932422
300,1,1,0.0,0.004325148,0.96748745,0.028187525
147,1,1,8.940696716308594e-08,0.003435268,0.92384017,0.07272452
147,1,1,0.0,0.0032713367,0.9393041,0.05742463
147,1,1,0.0,0.0028563517,0.8761931,0.120950714
147,1,1,0.0,0.002558168,0.9237919,0.073650055
147,1,1,0.0,0.0036315615,0.9067587,0.089609824
147,1,1,0.0,0.0053311363,0.8469244,0.14774446
147,1,2,0.0,0.004964549,0.30576897,0.68926656
147,1,2,0.0,0.0074632545,0.098746724,0.8937902
147,1,1,0.0,0.005134123,0.9492788,0.045587342
147,1,1,0.0,0.004173895,0.9676156,0.028210558
147,1,1,0.0,0.003133819,0.950616,0.046250354
147,1,1,5.960464477539063e-08,0.0036093656,0.9433142,0.053076334
147,1,1,0.0,0.0062072547,0.94207054,0.05172221
147,1,1,2.9802322387695312e-08,0.0046309475,0.92819357,0.06717562
147,1,1,2.9802322387695312e-08,0.004394485,0.8985769,0.09702859
147,1,1,0.0,0.0035637773,0.9214059,0.07503039
147,1,1,0.0,0.0040998505,0.8894949,0.10640529
147,1,1,0.0,0.00582985,0.8385907,0.15557952
147,1,1,0.0,0.0074646566,0.54073864,0.4517968
147,1,1,2.9802322387695312e-08,0.007775858,0.862425,0.12979914
147,1,1,0.0,0.016240511,0.9513303,0.03242919
147,1,1,0.0,0.0077615962,0.9673729,0.024865568
147,1,1,0.0,0.005495719,0.9632253,0.03127921
147,1,1,0.0,0.0072894744,0.96307135,0.029639404
147,1,1,1.4901161193847656e-08,0.00761331,0.9642202,0.028166456
147,1,1,0.0,0.004386168,0.95065594,0.044958062
147,1,1,0.0,0.0044205626,0.94624054,0.04933904
147,1,1,5.960464477539063e-08,0.0037835566,0.959271,0.036945418
147,1,1,0.0,0.0034883143,0.9478149,0.04869692
147,1,1,0.0,0.004785189,0.92941535,0.06579949
147,1,1,5.960464477539063e-08,0.00885991,0.7474028,0.24373728
147,1,1,0.0,0.008975485,0.76493853,0.22608596
147,1,1,0.0,0.011708808,0.94884735,0.039443903
147,1,1,4.470348358154297e-08,0.006232126,0.96045136,0.033316553
147,1,1,0.0,0.0034775524,0.9728123,0.02371019
147,1,1,0.0,0.0045346213,0.9681817,0.027283842
147,1,1,0.0,0.005359801,0.9648923,0.029748006
147,1,1,0.0,0.0052424367,0.9674763,0.027281402
147,1,1,0.0,0.0036114901,0.97217786,0.024210734
147,1,1,0.0,0.0032625103,0.9691948,0.027542789
147,1,1,0.0,0.0047668787,0.95389724,0.041335996
147,1,1,0.0,0.004408463,0.9467687,0.048823047
147,1,1,0.0,0.023455104,0.7199712,0.2565739
147,1,1,0.0,0.005166395,0.8164353,0.17839842
147,1,1,0.0,0.0085107265,0.9549577,0.03653156
147,1,1,0.0,0.0063124774,0.9561209,0.037566703
147,1,1,0.0,0.0073230388,0.9655122,0.027164923
147,1,1,0.0,0.0077361935,0.96142864,0.030835401
147,1,1,0.0,0.0067681614,0.9564651,0.036766805
147,1,1,0.0,0.009090786,0.9576374,0.033271804
147,1,1,0.0,0.0045433394,0.96570164,0.02975524
147,1,1,0.0,0.008437299,0.96270716,0.028855676
147,1,1,0.0,0.008274268,0.95722485,0.034501076
147,1,1,7.450580596923828e-08,0.004212237,0.95901227,0.036775492
147,1,1,0.0,0.0034343447,0.90896946,0.087596186
147,1,1,0.0,0.0048419554,0.954896,0.04026237
147,1,1,7.450580596923828e-08,0.0050648684,0.96358705,0.03134812
147,1,1,0.0,0.004625556,0.96604174,0.029332716
147,1,1,0.0,0.011582598,0.948146,0.04027152
147,1,1,0.0,0.014444397,0.9352743,0.05028134
147,1,1,0.0,0.0056010294,0.97232914,0.022069983
147,1,1,0.0,0.0043415795,0.97741747,0.018241066
147,1,1,0.0,0.0057846336,0.9519195,0.0422961
147,1,1,0.0,0.009833919,0.9619486,0.028217703
147,1,1,0.0,0.006667439,0.9616849,0.031647794
147,1,1,2.9802322387695312e-08,0.0036786383,0.91422814,0.08209323
147,1,1,0.0,0.0055199675,0.96340865,0.031071525
147,1,1,0.0,0.003806902,0.96253103,0.033662245
147,1,1,0.0,0.008853545,0.95972556,0.031421047
147,1,1,0.0,0.019087672,0.9414458,0.039466564
147,1,1,0.0,0.020216241,0.92425627,0.055527665
147,1,1,0.0,0.01060042,0.9351603,0.05423931
147,1,1,0.0,0.007241547,0.95442194,0.03833662
147,1,1,0.0,0.005400973,0.9654314,0.02916785
147,1,1,0.0,0.009266604,0.95765024,0.033083305
147,1,1,2.9802322387695312e-08,0.010725845,0.92687476,0.06239941
147,1,1,0.0,0.0058961944,0.9517155,0.042388357
147,1,1,0.0,0.0075849267,0.9438507,0.048564512
147,1,1,0.0,0.009101196,0.945519,0.045380063
147,1,1,0.0,0.00874875,0.9532266,0.03802469
147,1,1,0.0,0.011631558,0.9423014,0.046067234
147,1,1,5.960464477539063e-08,0.014186174,0.95038277,0.035431072
147,1,1,0.0,0.006470073,0.9578639,0.03566603
147,1,1,0.0,0.004924513,0.9677731,0.027302548
147,1,1,0.0,0.009474412,0.9593364,0.031189375
147,1,1,0.0,0.0075653894,0.8401408,0.15229402
147,1,1,0.0,0.017515048,0.570669,0.41181594
305,1,1,0.0,0.0043260353,0.8854851,0.11018886
305,1,1,0.0,0.004490363,0.8859996,0.109510146
305,1,1,0.0,0.0031587894,0.890644,0.106197365
305,1,1,0.0,0.0029883152,0.93666,0.060351744
305,1,1,0.0,0.002740904,0.9382744,0.05898471
305,1,1,0.0,0.003923501,0.9686042,0.02747236
305,1,1,0.0,0.00441685,0.8006803,0.19490294
305,1,1,8.940696716308594e-08,0.0045734523,0.82568616,0.16974053
305,1,1,0.0,0.008488185,0.9134332,0.07807862
19,1,1,0.0,0.007012095,0.93466467,0.058323514
19,1,1,0.0,0.0047900216,0.967517,0.027693002
19,1,1,0.0,0.003895651,0.9212084,0.07489596
19,1,1,0.0,0.0031803504,0.9648533,0.031966574
19,1,1,0.0,0.0034396218,0.970222,0.02633853
19,1,1,0.0,0.004243799,0.9581011,0.037655227
19,1,1,4.470348358154297e-08,0.004656649,0.96260136,0.032741956
19,1,1,0.0,0.0036876425,0.961445,0.034867413
19,1,1,0.0,0.0038179057,0.96330273,0.032879464
19,1,1,0.0,0.0032305445,0.9151012,0.081668325
19,1,1,0.0,0.003795796,0.96668005,0.029524155
19,1,1,0.0,0.0032621464,0.9736999,0.023037879
19,1,1,0.0,0.0030425577,0.96291363,0.03404391
19,1,1,0.0,0.0031056143,0.9669381,0.029956307
19,1,1,0.0,0.003093244,0.97016305,0.026743865
19,1,1,0.0,0.0036996151,0.96970886,0.02659159
19,1,1,0.0,0.0041523664,0.9708919,0.024955848
19,1,1,0.0,0.006017609,0.6618819,0.33210066
19,1,1,4.470348358154297e-08,0.0047133625,0.9756037,0.019682888
19,1,1,0.0,0.004308401,0.9655003,0.030191379
19,1,1,0.0,0.0044495417,0.9685395,0.027011048
19,1,1,0.0,0.003870462,0.9708329,0.02529691
220,1,1,0.0,0.023393609,0.93062776,0.045978718
220,1,1,0.0,0.006867097,0.9105139,0.08261917
220,1,1,0.0,0.0070579313,0.92856705,0.06437514
220,1,1,0.0,0.0031488847,0.9333721,0.06347925
220,1,1,0.0,0.004517903,0.9300994,0.06538279
220,1,1,2.9802322387695312e-08,0.013705384,0.9517872,0.034507394
220,1,1,0.0,0.015593509,0.75031126,0.2340954
220,1,1,0.0,0.008990109,0.7705698,0.22044021
220,1,1,0.0,0.013842422,0.9042297,0.08192793
220,1,1,2.9802322387695312e-08,0.027668169,0.9375918,0.034740075
220,1,1,0.0,0.09947419,0.46477345,0.43575242
303,1,1,0.0,0.0035425478,0.93511194,0.061345685
303,1,1,0.0,0.0033822448,0.9019048,0.094712995
303,1,1,5.960464477539063e-08,0.004671933,0.7352606,0.2600675
65,1,1,0.0,0.00606828,0.5180486,0.47588322
65,1,1,0.0,0.0051397225,0.97680515,0.0180553
65,1,1,0.0,0.0043209284,0.941769,0.053910155
65,1,1,0.0,0.0051989937,0.952063,0.042737998
65,1,1,0.0,0.0056368783,0.82665837,0.16770475
65,1,1,0.0,0.005103571,0.8987676,0.09612892
65,1,1,0.0,0.0058420473,0.981779,0.012379179
65,1,1,0.0,0.0050516245,0.9812075,0.013740864
65,1,1,4.470348358154297e-08,0.003987581,0.9757282,0.02028423
65,1,1,0.0,0.00491283,0.97737837,0.01770877
65,1,1,5.960464477539063e-08,0.0055974303,0.9820143,0.012388243
65,1,1,0.0,0.00485495,0.96770966,0.02743548
65,1,1,0.0,0.004372113,0.9778303,0.017797701
65,1,2,0.0,0.11524524,0.40849572,0.4762592
65,1,1,6.705522537231445e-08,0.00799545,0.9786917,0.013312768
65,1,1,0.0,0.0076877624,0.9798994,0.0124128405
65,1,1,0.0,0.0064438838,0.9780857,0.015470603
65,1,0,0.0,0.8242075,0.14032249,0.03547006
65,1,1,0.0,0.20826715,0.75038594,0.041346848
65,1,1,0.0,0.0071079643,0.96199584,0.030896267
302,1,1,0.0,0.0038342543,0.9641811,0.031984664
302,1,1,0.0,0.004455983,0.9428803,0.052663814
302,1,1,0.0,0.007351094,0.6126154,0.38003355
302,1,1,0.0,0.0026567501,0.9612093,0.03613404
302,1,1,0.0,0.0034869509,0.9485551,0.047957912
302,1,1,0.0,0.0055688513,0.5143798,0.4800515
302,1,1,0.0,0.0038232764,0.866829,0.12934798
302,1,1,0.0,0.0029973488,0.87126535,0.1257374
302,1,2,0.0,0.011113606,0.33852822,0.6503583
148,1,1,0.0,0.006783055,0.54559326,0.44762373
148,1,1,2.9802322387695312e-08,0.0053934967,0.84845024,0.14615622
148,1,1,0.0,0.0030275125,0.92754334,0.06942917
148,1,1,2.9802322387695312e-08,0.0032165064,0.9327683,0.064015225
148,1,1,0.0,0.0058857505,0.8199915,0.17412287
148,1,2,0.0,0.012740743,0.07058807,0.9166712
148,1,1,0.0,0.003209751,0.9200516,0.07673878
148,1,1,0.0,0.0042180577,0.9417583,0.054023836
148,1,1,0.0,0.0044072084,0.9643187,0.031274132
148,1,1,0.0,0.004205522,0.9631234,0.032671273
148,1,1,0.0,0.00823325,0.9518204,0.039946467
148,1,1,0.0,0.0067154174,0.62651104,0.3667736
148,1,2,0.0,0.0050254725,0.44159484,0.5533798
148,1,1,0.0,0.0057499805,0.9443814,0.04986866
148,1,1,0.0,0.0061122095,0.96244955,0.03143835
148,1,1,0.0,0.009619244,0.9672241,0.023156848
148,1,1,0.0,0.0077795372,0.9665646,0.025655918
148,1,1,0.0,0.0040336354,0.9678315,0.02813504
148,1,1,0.0,0.0039721997,0.8088489,0.1871791
148,1,1,5.960464477539063e-08,0.0068721618,0.9544222,0.038705666
148,1,1,0.0,0.008920122,0.9662155,0.02486444
148,1,1,0.0,0.009097522,0.96807134,0.022831155
148,1,1,1.4901161193847656e-08,0.011477177,0.9646832,0.023839723
148,1,1,0.0,0.0055845934,0.96330833,0.0311072
148,1,2,0.0,0.023813648,0.092256546,0.8839299
148,1,1,0.0,0.004392248,0.9341707,0.061437253
148,1,1,0.0,0.013055344,0.957708,0.029236713
148,1,1,0.0,0.010871653,0.9617455,0.027382966
148,1,1,0.0,0.0066920184,0.95052207,0.042785928
148,1,1,0.0,0.007126688,0.9584903,0.034383163
148,1,1,0.0,0.004401645,0.94476706,0.05083142
148,1,1,0.0,0.0073749647,0.84700775,0.14561737
148,1,1,0.0,0.0057614474,0.95804614,0.03619243
148,1,1,0.0,0.012756737,0.96091,0.026333269
148,1,1,0.0,0.009123052,0.95789635,0.032980543
148,1,1,0.0,0.007897237,0.94657385,0.045529034
148,1,1,0.0,0.007063652,0.9564009,0.036535632
148,1,1,0.0,0.005027292,0.8038902,0.19108258
148,1,1,0.0,0.0045428975,0.92527527,0.0701819
148,1,1,5.960464477539063e-08,0.009780225,0.96201247,0.028207283
148,1,1,0.0,0.0055751055,0.9602481,0.03417687
148,1,1,1.4901161193847656e-08,0.0071936673,0.95686686,0.03593941
148,1,1,0.0,0.007314645,0.950781,0.041904468
148,1,1,1.4901161193847656e-08,0.005598639,0.9564353,0.03796613
148,1,1,0.0,0.0055202153,0.9568352,0.03764458
203,1,1,0.0,0.006830133,0.95055145,0.04261841
203,1,1,0.0,0.007825762,0.94685227,0.045322042
203,1,1,5.960464477539063e-08,0.009075749,0.7141324,0.27679184
203,1,1,5.960464477539063e-08,0.006551924,0.95978373,0.033664316
203,1,1,0.0,0.004982768,0.94627875,0.048738513
203,1,1,0.0,0.004996494,0.92851025,0.066493325
203,1,1,0.0,0.0059127323,0.6647029,0.3293844
203,1,2,0.0,0.013134213,0.41330716,0.57355875
203,1,1,0.0,0.0060446425,0.9076151,0.08634038
203,1,1,0.0,0.003923856,0.6693755,0.3267008
333,1,2,0.0,0.02003845,0.024717445,0.95524424
333,1,2,0.0,0.017348822,0.040822588,0.9418287
333,1,2,0.0,0.028078616,0.02550426,0.9464172
333,1,2,0.0,0.008885303,0.04539589,0.9457189
333,1,2,0.0,0.013202229,0.035708062,0.9510898
258,1,1,0.0,0.0026595185,0.8788252,0.11851529
258,1,2,0.0,0.022654919,0.018712433,0.95863265
258,1,1,0.0,0.03315371,0.63344496,0.33340144
258,1,1,1.4901161193847656e-08,0.0057488154,0.9408599,0.053391293
258,1,1,0.0,0.003894635,0.9541322,0.041973364
258,1,1,0.0,0.008652987,0.745648,0.24569899
258,1,1,0.0,0.00897977,0.8760152,0.115005255
258,1,2,0.0,0.100751825,0.44804126,0.45120695
258,1,2,0.0,0.014483676,0.25419083,0.7313255
258,1,2,0.0,0.015808247,0.3315497,0.6526421
296,1,1,0.0,0.00813733,0.8699824,0.12188036
296,1,1,0.0,0.008756918,0.813101,0.17814218
296,1,1,0.0,0.015372447,0.9450485,0.039579082
296,1,1,5.960464477539063e-08,0.014773932,0.92897433,0.056251675
296,1,1,0.0,0.005573808,0.8971662,0.097260155
296,1,1,0.0,0.0074847587,0.64187306,0.3506422
296,1,1,0.0,0.014999098,0.94630766,0.0386933
296,1,1,0.0,0.009678676,0.9536386,0.03668278
296,1,1,0.0,0.004285535,0.9578649,0.03784961
296,1,1,0.0,0.015775273,0.9014298,0.082795
296,1,1,0.0,0.015820116,0.9448873,0.039292645
296,1,1,0.0,0.004939585,0.93969303,0.055367548
296,1,1,0.0,0.010082743,0.8936016,0.09631578
296,1,1,0.0,0.008023903,0.9390389,0.05293723
296,1,1,0.0,0.0054427753,0.9322335,0.0623237
296,1,1,0.0,0.012465138,0.93056697,0.05696804
296,1,1,0.0,0.0058186054,0.9581414,0.036040224
296,1,1,0.0,0.0049498375,0.90437794,0.0906724
296,1,1,0.0,0.0058508986,0.9594593,0.03469014
296,1,1,0.0,0.004758183,0.9467373,0.048504706
296,1,1,0.0,0.00855914,0.91403073,0.07741033
296,1,1,0.0,0.0069229105,0.96766895,0.02540819
296,1,1,0.0,0.0047588884,0.9571605,0.038080603
296,1,1,0.0,0.006875951,0.93734497,0.055779137
296,1,1,0.0,0.0082090795,0.93729365,0.054497316
296,1,1,4.470348358154297e-08,0.009199433,0.97370636,0.017094145
451,1,1,0.0,0.0036669672,0.9545712,0.041761853
451,1,1,0.0,0.00785819,0.9219609,0.070181064
451,1,1,0.0,0.0038260485,0.8437292,0.15244476
451,1,1,0.0,0.0034658783,0.97408813,0.022445962
451,1,1,0.0,0.0031345407,0.9699516,0.026914004
451,1,1,0.0,0.0028427178,0.9483938,0.04876341
451,1,1,0.0,0.0033045583,0.9704708,0.026224604
451,1,1,4.470348358154297e-08,0.0036089509,0.97611296,0.020277986
451,1,1,0.0,0.002657959,0.9668762,0.030465884
451,1,1,0.0,0.003182034,0.9690666,0.027751511
451,1,1,0.0,0.004236884,0.9703125,0.025450751
451,1,1,0.0,0.003541597,0.9542852,0.04217322
453,1,1,0.0,0.006531402,0.95591164,0.037557103
453,1,1,0.0,0.0058396184,0.96857506,0.025585415
453,1,1,2.9802322387695312e-08,0.006669397,0.9718563,0.021474339
453,1,1,7.450580596923828e-08,0.0060391366,0.9710285,0.022932272
453,1,1,0.0,0.0042550587,0.9735404,0.02220464
453,1,1,0.0,0.0048780907,0.9776231,0.017498828
453,1,1,5.960464477539063e-08,0.003289386,0.97717303,0.019537508
453,1,1,0.0,0.0045804363,0.9778582,0.017561395
453,1,1,0.0,0.0036022335,0.97233015,0.02406759
453,1,1,0.0,0.0030781317,0.96212816,0.034793813
453,1,1,0.0,0.0049219914,0.9671722,0.027905725
453,1,1,0.0,0.0048851017,0.95322895,0.041885972
453,1,1,0.0,0.007209443,0.8389044,0.15388626
453,1,1,0.0,0.0747174,0.7451545,0.18012822
453,1,1,0.0,0.07776685,0.6529708,0.26926234
454,1,1,0.0,0.0035909114,0.951384,0.045025125
454,1,1,0.0,0.004123055,0.94707644,0.04880061
454,1,1,0.0,0.0048434953,0.95436233,0.04079419
454,1,1,0.0,0.0052094287,0.9591608,0.03562984
454,1,1,0.0,0.0065823835,0.9256391,0.06777859
454,1,1,0.0,0.006473665,0.9405999,0.05292655
454,1,1,0.0,0.003733934,0.94993365,0.046332404
454,1,1,0.0,0.0027518955,0.94749445,0.04975382
454,1,1,0.0,0.0023916897,0.9205638,0.077044554
454,1,1,0.0,0.005310438,0.9527783,0.041911434
454,1,1,7.450580596923828e-08,0.0048300633,0.9600336,0.035136327
454,1,1,0.0,0.004866129,0.84211165,0.15302229
454,1,1,4.470348358154297e-08,0.0043056984,0.9572149,0.03847938
454,1,1,0.0,0.003739884,0.9513341,0.044926055
454,1,1,0.0,0.015400157,0.73845196,0.2461479
454,1,1,0.0,0.114043,0.775405,0.110552125
454,1,1,0.0,0.0039065927,0.9697901,0.026303396
454,1,1,1.4901161193847656e-08,0.0033622524,0.95655197,0.040085748
454,1,1,0.0,0.029548028,0.8593379,0.111114204
454,1,1,0.0,0.01305801,0.5296419,0.45730025
153,1,1,0.0,0.006085539,0.9473033,0.04661139
153,1,1,0.0,0.0073123192,0.9442415,0.048446305
153,1,1,0.0,0.0049270163,0.9647722,0.030300954
153,1,1,0.0,0.0069906483,0.9667985,0.026210964
153,1,1,0.0,0.006113976,0.964027,0.02985914
153,1,1,0.0,0.0076933955,0.9452611,0.04704563
153,1,1,1.4901161193847656e-08,0.005098217,0.93984264,0.055059154
153,1,1,0.0,0.005027733,0.96153456,0.03343788
153,1,1,0.0,0.0064549027,0.965209,0.028336134
153,1,1,0.0,0.0064372653,0.9329195,0.06064339
153,1,1,5.960464477539063e-08,0.006660127,0.92630523,0.06703466
153,1,1,0.0,0.007218445,0.9401264,0.052655365
246,2,2,5.960464477539063e-08,0.013694155,0.068962224,0.9173436
246,2,2,0.0,0.05979507,0.06484903,0.8753559
246,2,2,0.0,0.08878358,0.009961056,0.90125555
246,2,2,0.0,0.062584236,0.019337848,0.91807795
246,2,2,0.0,0.010511365,0.066288814,0.92319983
246,2,2,0.0,0.011680636,0.48808858,0.5002309
246,2,2,0.0,0.07321281,0.02074663,0.90604055
246,2,2,0.0,0.30013138,0.009044781,0.690824
246,2,2,0.0,0.2528359,0.010310057,0.73685426
246,2,2,0.0,0.045927484,0.0126143955,0.94145817
163,2,2,5.960464477539063e-08,0.013078554,0.11554479,0.87137663
163,2,2,4.470348358154297e-08,0.014706458,0.026566576,0.958727
163,2,2,0.0,0.027838448,0.032574475,0.93958706
163,2,2,2.9802322387695312e-08,0.009898428,0.08744242,0.90265906
163,2,2,0.0,0.013539106,0.059004012,0.9274569
349,2,2,0.0,0.037095618,0.023739852,0.9391646
349,2,2,0.0,0.018824028,0.027515516,0.9536606
349,2,2,0.0,0.03229237,0.028438222,0.9392695
349,2,2,2.9802322387695312e-08,0.044569455,0.02887761,0.92655295
349,2,2,0.0,0.057932727,0.030268693,0.9117986
349,2,2,2.9802322387695312e-08,0.059763316,0.033370472,0.90686625
349,2,2,0.0,0.045046404,0.027557798,0.9273958
349,2,2,0.0,0.01665032,0.02965256,0.9536973
349,2,2,0.0,0.022609184,0.028852122,0.9485388
349,2,2,0.0,0.028466953,0.029427836,0.94210535
349,2,2,0.0,0.04269196,0.02966939,0.92763877
349,2,2,0.0,0.050024755,0.03449648,0.9154788
349,2,2,0.0,0.06696304,0.035365798,0.89767116
349,2,2,0.0,0.053200502,0.031005634,0.9157939
349,2,2,0.0,0.022980327,0.035047587,0.94197226
349,2,2,0.0,0.03685722,0.027029512,0.9361134
349,2,2,0.0,0.048820034,0.026545603,0.9246344
349,2,2,0.0,0.05289798,0.030751586,0.91635054
349,2,2,0.0,0.067283,0.03598784,0.8967294
349,2,2,0.0,0.050995033,0.026350347,0.9226547
349,2,2,2.9802322387695312e-08,0.023405688,0.03174598,0.94484824
349,2,2,0.0,0.020150807,0.0313275,0.9485218
349,2,2,0.0,0.03259368,0.031915545,0.9354907
349,2,2,0.0,0.055094443,0.023973841,0.9209318
349,2,2,0.0,0.044687912,0.02178802,0.93352413
196,2,2,0.0,0.021424325,0.24825943,0.7303163
196,2,2,0.0,0.041941144,0.17729558,0.7807633
196,2,2,0.0,0.01901302,0.09851619,0.88247097
196,2,2,0.0,0.03486549,0.15903032,0.8061042
196,2,2,0.0,0.06311533,0.08151249,0.85537237
196,2,2,0.0,0.029957816,0.032121833,0.9379206
196,2,2,5.960464477539063e-08,0.0280288,0.36461243,0.60735875
196,2,2,0.0,0.061029207,0.18209653,0.75687444
196,2,2,0.0,0.026266955,0.045743205,0.92798996
204,2,2,5.960464477539063e-08,0.21410562,0.00857962,0.7773149
204,2,2,0.0,0.034678794,0.048427135,0.916894
204,2,2,0.0,0.010625784,0.08750167,0.90187263
204,2,2,8.940696716308594e-08,0.012298145,0.123323195,0.86437863
204,2,2,0.0,0.007297237,0.20454484,0.78815794
164,2,2,5.960464477539063e-08,0.01623568,0.07251645,0.9112478
164,2,2,0.0,0.007553526,0.13425507,0.85819155
164,2,2,0.0,0.022319337,0.23788112,0.73979956
164,2,2,0.0,0.013760718,0.24358147,0.7426581
164,2,2,0.0,0.00960963,0.4939847,0.49640563
273,2,2,2.9802322387695312e-08,0.009556104,0.06788934,0.92255455
273,2,2,0.0,0.009430772,0.26643944,0.72412986
273,2,2,0.0,0.013519274,0.04763676,0.9388442
273,2,2,0.0,0.021900158,0.08611637,0.8919835
273,2,2,0.0,0.010076614,0.06821583,0.9217076
273,2,2,0.0,0.06180223,0.2423914,0.69580644
273,2,2,0.0,0.24759085,0.11166938,0.64073986
273,2,2,0.0,0.12987049,0.25007594,0.6200537
137,2,2,5.960464477539063e-08,0.018216172,0.24575031,0.7360337
137,2,2,0.0,0.012688979,0.17169729,0.8156138
137,2,2,0.0,0.023670353,0.31552202,0.66080767
137,2,2,0.0,0.023095028,0.47190472,0.5050005
137,2,2,0.0,0.013337892,0.30651733,0.6801447
137,2,2,0.0,0.03274961,0.27636135,0.690889
137,2,2,0.0,0.0765686,0.15138392,0.7720476
137,2,2,0.0,0.050200205,0.1997278,0.750072
137,2,1,0.0,0.050674282,0.79571074,0.15361497
137,2,1,0.0,0.06999977,0.8277127,0.10228772
137,2,1,0.0,0.071596,0.6396051,0.28879905
137,2,1,0.0,0.051178005,0.71513015,0.23369193
137,2,1,0.0,0.026882377,0.7951876,0.17793012
137,2,1,0.0,0.032085966,0.8088705,0.1590436
137,2,1,0.0,0.055866074,0.789211,0.15492299
137,2,1,0.0,0.070012435,0.7660863,0.16390136
137,2,1,0.0,0.067707635,0.80397666,0.12831578
137,2,1,0.0,0.037305027,0.84795564,0.114739485
137,2,1,0.0,0.04996164,0.87421644,0.07582201
137,2,1,0.0,0.04395367,0.83379084,0.122255504
137,2,1,0.0,0.036913037,0.86386865,0.099218525
137,2,1,0.0,0.032224875,0.8361673,0.13160804
137,2,1,0.0,0.033760995,0.8476941,0.11854488
137,2,1,0.0,0.035044815,0.8682175,0.096737705
137,2,1,0.0,0.06159351,0.7891284,0.14927828
137,2,1,0.0,0.060745493,0.76469046,0.17456424
137,2,1,0.0,0.055958677,0.79465765,0.14938386
137,2,1,0.0,0.055092104,0.8318707,0.11303732
137,2,1,0.0,0.07533442,0.8217544,0.10291132
137,2,1,0.0,0.07448964,0.8142319,0.11127855
137,2,1,0.0,0.054641027,0.8313856,0.11397341
137,2,1,0.0,0.058083434,0.8193807,0.12253594
137,2,1,0.0,0.050835807,0.8479567,0.101207644
137,2,1,2.9802322387695312e-08,0.042044535,0.8584158,0.09953969
137,2,1,0.0,0.057689082,0.8061914,0.13611972
137,2,1,0.0,0.13103248,0.7646011,0.10436653
137,2,1,0.0,0.07782301,0.791837,0.13034013
137,2,1,0.0,0.107740425,0.7923999,0.09985967
137,2,1,0.0,0.08555419,0.78175634,0.13268961
137,2,1,0.0,0.121530585,0.75945616,0.119013436
137,2,1,0.0,0.11119541,0.78592354,0.10288102
137,2,1,0.0,0.059151933,0.82307523,0.11777296
137,2,1,0.0,0.027061654,0.8696557,0.10328263
137,2,1,0.0,0.033528738,0.84024775,0.12622349
137,2,1,5.960464477539063e-08,0.0293409,0.8607908,0.10986838
137,2,1,0.0,0.10034996,0.7496111,0.150039
137,2,1,0.0,0.15640296,0.74656254,0.09703474
137,2,1,0.0,0.12921485,0.7827698,0.0880154
137,2,1,0.0,0.25418735,0.65068877,0.09512399
137,2,1,0.0,0.12402076,0.77472824,0.101251036
137,2,1,0.0,0.07422085,0.848719,0.0770602
137,2,1,0.0,0.048906676,0.833561,0.117532365
137,2,1,0.0,0.040211517,0.832077,0.1277116
137,2,1,0.0,0.023480622,0.8669118,0.10960773
137,2,1,0.0,0.030133074,0.85772294,0.112144016
137,2,1,0.0,0.07930474,0.81801695,0.10267857
137,2,1,0.0,0.0706876,0.82495344,0.104359016
137,2,1,0.0,0.08646239,0.83045954,0.0830782
137,2,1,0.0,0.11380804,0.79210514,0.09408691
137,2,1,0.0,0.08871085,0.82027817,0.09101108
137,2,1,0.0,0.08530774,0.7774263,0.13726607
137,2,1,0.0,0.05472203,0.81906456,0.12621357
137,2,1,0.0,0.030027814,0.8628697,0.107102625
137,2,1,5.960464477539063e-08,0.04575732,0.8741705,0.08007211
137,2,1,0.0,0.06407318,0.82979923,0.106127694
137,2,1,0.0,0.078198686,0.83122057,0.09058094
137,2,1,5.960464477539063e-08,0.0843919,0.8187796,0.09682848
137,2,1,2.9802322387695312e-08,0.046365507,0.8637292,0.08990534
137,2,1,0.0,0.047039676,0.82870924,0.124251045
137,2,1,0.0,0.047854535,0.8499723,0.10217328
137,2,1,0.0,0.037823495,0.8430936,0.11908296
137,2,1,0.0,0.07613392,0.7956137,0.12825246
137,2,1,0.0,0.11393333,0.75646055,0.12960605
137,2,1,0.0,0.08973436,0.7266604,0.18360524
137,2,1,0.0,0.07638951,0.8001325,0.12347801
137,2,1,0.0,0.047213953,0.8212868,0.13149928
137,2,1,0.0,0.03699927,0.8085794,0.15442152
137,2,1,0.0,0.027448142,0.8308444,0.14170752
137,2,1,0.0,0.012949702,0.84931755,0.13773279
137,2,1,0.0,0.021660738,0.8184888,0.1598505
137,2,1,5.960464477539063e-08,0.06354323,0.70428336,0.23217338
137,2,1,0.0,0.07624993,0.6684561,0.2552941
232,2,2,0.0,0.021486528,0.29435527,0.6841582
232,2,2,0.0,0.008353185,0.09340886,0.8982381
232,2,2,1.1920928955078125e-07,0.08175151,0.34117344,0.57707524
232,2,2,0.0,0.12552778,0.35035133,0.52412087
232,2,1,0.0,0.010043927,0.5171769,0.47277924
232,2,2,0.0,0.011864941,0.09439831,0.8937369
232,2,2,8.940696716308594e-08,0.014368543,0.074380174,0.91125125
232,2,2,0.0,0.32122684,0.23803855,0.4407347
232,2,2,0.0,0.029317021,0.28141546,0.6892676
232,2,2,0.0,0.024429271,0.19532691,0.7802439
232,2,1,0.0,0.005327342,0.5504434,0.44422925
232,2,2,0.0,0.009608585,0.16877733,0.82161427
232,2,2,0.0,0.32744357,0.08563396,0.5869226
232,2,2,0.0,0.060460936,0.12850961,0.8110296
232,2,2,0.0,0.04277478,0.13155255,0.8256727
232,2,2,0.0,0.011530858,0.13012703,0.8583423
232,2,2,2.9802322387695312e-08,0.009394287,0.10096962,0.88963616
232,2,1,0.0,0.013830592,0.4948209,0.49134845
232,2,2,0.0,0.32396704,0.08211191,0.5939212
232,2,2,0.0,0.115808725,0.08611157,0.79807985
232,2,2,0.0,0.051511694,0.0676196,0.8808688
232,2,2,0.0,0.0069616614,0.06503832,0.9279999
232,2,2,2.9802322387695312e-08,0.019029673,0.06829624,0.9126741
232,2,2,0.0,0.016610764,0.029575853,0.95381355
232,2,2,0.0,0.02150984,0.019042218,0.95944804
67,2,2,2.9802322387695312e-08,0.027642816,0.013982564,0.95837456
67,2,2,0.0,0.02573578,0.013361846,0.9609024
67,2,2,0.0,0.013447214,0.013647896,0.9729051
67,2,2,0.0,0.018205145,0.021495879,0.96029913
67,2,2,0.0,0.012101564,0.03612075,0.95177794
67,2,2,0.0,0.009915859,0.28906804,0.701016
67,2,2,2.9802322387695312e-08,0.018843092,0.01882583,0.96233106
67,2,2,0.0,0.006961648,0.04562582,0.9474126
67,2,2,0.0,0.07023168,0.094400495,0.8353678
67,2,2,0.0,0.024484565,0.10909912,0.8664164
67,2,1,0.0,0.035265904,0.50408405,0.46065003
67,2,2,0.0,0.18630326,0.026549203,0.78714764
67,2,2,0.0,0.008657453,0.035346225,0.9559965
67,2,2,0.0,0.010456649,0.16745962,0.8220839
67,2,2,5.960464477539063e-08,0.08278458,0.115833215,0.80138224
67,2,2,0.0,0.024761414,0.17099147,0.8042473
67,2,2,0.0,0.45317507,0.02071929,0.5261057
67,2,2,0.0,0.040826563,0.024809139,0.9343644
67,2,2,5.960464477539063e-08,0.061200608,0.03586862,0.90293086
67,2,2,5.960464477539063e-08,0.037709024,0.13996637,0.82232475
67,2,2,5.960464477539063e-08,0.01684637,0.4703708,0.512783
67,2,0,0.0,0.7894021,0.033838734,0.17675924
67,2,0,5.960464477539063e-08,0.49306798,0.10301948,0.40391257
82,2,2,0.0,0.14233388,0.10705971,0.75060654
82,2,2,0.0,0.069836065,0.023266967,0.906897
82,2,2,0.0,0.4587426,0.026540142,0.5147174
82,2,2,0.0,0.36629996,0.062077776,0.5716225
82,2,0,0.0,0.8223061,0.024023157,0.15367094
345,2,2,0.0,0.012404936,0.13554277,0.8520523
345,2,2,0.0,0.011862151,0.1086328,0.87950516
345,2,2,0.0,0.011882136,0.10602721,0.88209075
345,2,2,0.0,0.009810656,0.090320654,0.8998689
345,2,2,0.0,0.008572885,0.185743,0.80568427
345,2,2,0.0,0.010095631,0.16563717,0.8242674
345,2,2,5.960464477539063e-08,0.020077458,0.10197749,0.87794507
345,2,2,0.0,0.015757885,0.09875841,0.88548386
345,2,2,0.0,0.011447996,0.05144803,0.9371042
345,2,2,0.0,0.00874933,0.07347494,0.91777575
345,2,2,0.0,0.008173684,0.11398199,0.87784445
345,2,2,0.0,0.007940749,0.2723347,0.7197247
345,2,1,0.0,0.013160136,0.58717835,0.39966163
345,2,2,0.0,0.006640498,0.25553977,0.7378198
345,2,2,0.0,0.0069701546,0.16622151,0.82680845
284,2,1,0.0,0.007121813,0.6440234,0.34885493
284,2,2,0.0,0.010090341,0.16415127,0.8257586
284,2,2,0.0,0.006336655,0.20385674,0.78980666
284,2,2,0.0,0.0060053635,0.23661679,0.757378
284,2,2,0.0,0.010360388,0.17083108,0.8188087
284,2,1,0.0,0.011616964,0.51880896,0.4695741
284,2,2,0.0,0.010324722,0.255675,0.7340003
284,2,2,8.940696716308594e-08,0.010997032,0.14326628,0.8457367
284,2,2,0.0,0.010822094,0.09066821,0.8985099
284,2,2,5.960464477539063e-08,0.016794125,0.11533881,0.8678672
284,2,2,0.0,0.023511704,0.2674389,0.7090494
284,2,2,0.0,0.030850675,0.1991799,0.76996946
284,2,2,0.0,0.024734285,0.13411215,0.84115356
284,2,2,0.0,0.03746226,0.160632,0.8019058
284,2,2,0.0,0.027805042,0.14319658,0.82899857
284,2,2,0.0,0.017659904,0.12119905,0.8611412
284,2,2,0.0,0.014899565,0.09840867,0.886692
43,2,2,0.0,0.073346235,0.42446548,0.50218827
43,2,1,0.0,0.061438676,0.5160614,0.42249995
43,2,1,0.0,0.050805286,0.4845577,0.4646371
43,2,1,0.0,0.21679401,0.53719264,0.24601345
43,2,1,0.0,0.15363853,0.71352905,0.13283248
43,2,1,0.0,0.1989845,0.6144595,0.18655615
43,2,1,0.0,0.08945476,0.69274986,0.2177955
43,2,1,5.960464477539063e-08,0.094482765,0.7517286,0.15378869
43,2,1,0.0,0.06788895,0.74893904,0.183172
43,2,1,0.0,0.02061999,0.7386052,0.24077481
43,2,1,0.0,0.021176986,0.75099593,0.22782722
43,2,1,0.0,0.012157505,0.7843918,0.20345068
43,2,1,0.0,0.010067249,0.86520493,0.124727905
43,2,1,0.0,0.16126923,0.7447135,0.09401735
43,2,1,0.0,0.20710753,0.71533775,0.07755485
43,2,1,5.960464477539063e-08,0.15234886,0.7728034,0.07484778
43,2,1,0.0,0.054985184,0.85078394,0.09423086
43,2,1,0.0,0.06648725,0.84133834,0.092174366
43,2,1,0.0,0.03826534,0.85224193,0.10949281
43,2,1,0.0,0.03134869,0.81842804,0.15022345
43,2,1,0.0,0.074639395,0.8157121,0.10964861
43,2,1,0.0,0.14315236,0.7707425,0.08610524
43,2,1,0.0,0.23120211,0.66955817,0.099239685
43,2,1,0.0,0.14211799,0.75729626,0.10058576
43,2,1,5.960464477539063e-08,0.108417995,0.8184692,0.073112875
43,2,1,2.9802322387695312e-08,0.06393704,0.8627464,0.073316604
43,2,1,0.0,0.07905626,0.8212322,0.09971159
43,2,1,0.0,0.053439267,0.8324571,0.114103615
43,2,1,0.0,0.07310662,0.80526876,0.12162483
43,2,1,0.0,0.08710384,0.79143536,0.12146092
43,2,1,0.0,0.13146588,0.749845,0.11868907
43,2,1,0.0,0.2138846,0.6760434,0.11007217
43,2,1,0.0,0.27086353,0.63922715,0.08990937
43,2,1,0.0,0.13498195,0.78958464,0.07543348
43,2,1,0.0,0.10416992,0.8215634,0.074266694
43,2,1,0.0,0.098336264,0.7765072,0.12515664
43,2,1,0.0,0.09659612,0.7827716,0.120632485
43,2,1,0.0,0.06622323,0.835249,0.098527856
43,2,1,0.0,0.06428945,0.85069555,0.08501519
43,2,1,0.0,0.055444136,0.8339768,0.110579066
43,2,1,0.0,0.117868744,0.74374884,0.13838248
43,2,1,0.0,0.22611988,0.67203057,0.10184969
43,2,1,0.0,0.16741969,0.74868196,0.08389851
43,2,1,0.0,0.09383037,0.81294173,0.09322805
43,2,1,0.0,0.05959419,0.82929707,0.1111088
43,2,1,0.0,0.038339958,0.86148876,0.10017136
43,2,1,0.0,0.058628045,0.80575323,0.13561878
43,2,1,0.0,0.07036449,0.79119253,0.138443
43,2,1,0.0,0.08005831,0.82611936,0.09382245
43,2,1,0.0,0.12237667,0.7547014,0.12292203
43,2,1,0.0,0.16011648,0.72699577,0.112887815
43,2,1,0.0,0.13682818,0.77545303,0.08771886
43,2,1,0.0,0.057301365,0.8352076,0.10749103
43,2,1,0.0,0.042022537,0.8454267,0.11255087
43,2,1,0.0,0.035447765,0.86099094,0.10356141
43,2,1,0.0,0.040880017,0.8537044,0.10541576
43,2,1,0.0,0.025966061,0.8609275,0.11310657
43,2,1,0.0,0.049854644,0.8958983,0.054247096
43,2,1,0.0,0.04440989,0.8790933,0.07649693
43,2,1,0.0,0.0982783,0.78311265,0.1186091
43,2,1,0.0,0.06628309,0.8557029,0.07801412
43,2,1,0.0,0.060034286,0.8447553,0.095210455
43,2,1,0.0,0.052151453,0.81562245,0.1322262
43,2,1,0.0,0.054971226,0.8130102,0.13201869
43,2,1,0.0,0.054913275,0.80683523,0.13825154
43,2,1,0.0,0.035962235,0.8327717,0.13126606
43,2,1,0.0,0.109150894,0.79627395,0.09457519
43,2,1,5.960464477539063e-08,0.1298817,0.7425958,0.12752254
43,2,1,1.1920928955078125e-07,0.1750851,0.7204471,0.104467876
43,2,1,0.0,0.113149405,0.69876,0.18809061
43,2,1,0.0,0.10521783,0.7449476,0.14983456
43,2,1,0.0,0.083906904,0.7377605,0.17833276
43,2,1,0.0,0.082423426,0.7108709,0.20670581
43,2,1,0.0,0.118746445,0.71448576,0.16676793
43,2,1,0.0,0.13737476,0.65336853,0.20925689
43,2,1,0.0,0.07395993,0.72800297,0.19803706
43,2,1,0.0,0.037865207,0.68384695,0.27828795
43,2,1,0.0,0.029000666,0.72667855,0.24432093
43,2,1,0.0,0.048188645,0.7437679,0.2080435
43,2,1,0.0,0.02357739,0.5179886,0.4584341
43,2,1,0.0,0.03473874,0.798266,0.16699533
43,2,1,5.960464477539063e-08,0.0221173,0.8103109,0.16757181
43,2,2,0.0,0.012711312,0.4357596,0.55152905
241,2,2,0.0,0.21112221,0.028029896,0.76084805
241,2,2,0.0,0.06746036,0.037350524,0.89518934
241,2,2,5.960464477539063e-08,0.21970797,0.018590549,0.76170164
241,2,2,0.0,0.0638979,0.020463383,0.91563886
241,2,2,0.0,0.033616394,0.16440852,0.80197525
241,2,2,0.0,0.059140667,0.099289276,0.8415701
241,2,2,0.0,0.08392471,0.014297649,0.9017777
241,2,2,0.0,0.059240084,0.014088166,0.9266719
241,2,2,2.9802322387695312e-08,0.042550884,0.030379215,0.92706984
241,2,2,0.0,0.04734437,0.013018258,0.93963736
241,2,0,0.0,0.50737506,0.015273197,0.47735173
241,2,2,0.0,0.09628866,0.036715634,0.8669959
241,2,2,0.0,0.04276968,0.04448671,0.91274375
241,2,2,0.0,0.047044933,0.095770136,0.857185
241,2,2,0.0,0.06793757,0.020683369,0.91137904
241,2,0,0.0,0.6372297,0.03581517,0.32695535
241,2,2,0.0,0.19618528,0.059866592,0.74394816
241,2,2,0.0,0.20031571,0.06848669,0.7311977
241,2,0,0.0,0.5518631,0.07696491,0.371172
241,2,2,0.0,0.013965133,0.040232114,0.94580275
241,2,0,0.0,0.75375986,0.013879104,0.23236114
241,2,0,0.0,0.85284966,0.03624177,0.11090858
241,2,0,5.960464477539063e-08,0.8385778,0.03923992,0.12218213
241,2,0,0.0,0.8052902,0.0523679,0.14234199
241,2,2,0.0,0.03075812,0.40109637,0.5681457
241,2,0,0.0,0.8036728,0.026187116,0.17014016
241,2,0,0.0,0.8298717,0.026684262,0.14344414
241,2,0,0.0,0.54080844,0.12936641,0.32982516
241,2,2,0.0,0.16458805,0.37560987,0.4598022
241,2,2,0.0,0.008235512,0.28479,0.70697445
161,2,0,0.0,0.48684904,0.033333465,0.47981745
161,2,0,0.0,0.5241479,0.022172945,0.45367926
161,2,2,0.0,0.09714056,0.044788796,0.8580708
161,2,2,0.0,0.056352,0.033934124,0.90971386
161,2,2,5.960464477539063e-08,0.08387032,0.023354929,0.89277476
161,2,2,0.0,0.22485787,0.084944844,0.6901974
161,2,0,0.0,0.58637047,0.023912748,0.3897169
161,2,2,0.0,0.068305194,0.035837434,0.89585745
161,2,2,1.1920928955078125e-07,0.017500972,0.07472253,0.90777653
161,2,2,0.0,0.015683373,0.03396787,0.95034885
161,2,2,0.0,0.017682966,0.022475237,0.9598417
161,2,2,0.0,0.021288335,0.022924252,0.9557876
161,2,2,0.0,0.012596747,0.05086083,0.9365425
161,2,2,0.0,0.009884127,0.09002476,0.9000912
161,2,2,0.0,0.014869777,0.04943894,0.93569136
161,2,2,0.0,0.0104278885,0.044057652,0.9455147
161,2,2,0.0,0.016392749,0.020706741,0.96290064
161,2,2,0.0,0.011350097,0.03472386,0.9539261
306,2,2,0.0,0.007469417,0.39127132,0.60125935
306,2,2,0.0,0.00853763,0.27441272,0.7170498
306,2,2,0.0,0.008555129,0.24316381,0.7482811
306,2,2,0.0,0.010448778,0.21094397,0.7786073
306,2,2,0.0,0.008907481,0.41891572,0.572177
272,2,2,0.0,0.010319623,0.0536385,0.93604195
272,2,2,0.0,0.024017854,0.047719195,0.9282629
272,2,2,1.4901161193847656e-08,0.023892386,0.020337937,0.9557697
272,2,2,0.0,0.018296156,0.027567964,0.95413595
285,2,2,0.0,0.010193202,0.09007054,0.8997364
285,2,2,0.0,0.013853627,0.2942021,0.6919444
285,2,2,0.0,0.01617547,0.21791008,0.76591456
285,2,2,5.960464477539063e-08,0.018376334,0.27523127,0.70639247
285,2,2,0.0,0.023599735,0.30348885,0.6729117
285,2,2,0.0,0.028537488,0.17731692,0.7941457
285,2,2,0.0,0.013039839,0.298782,0.68817824
285,2,2,0.0,0.026698569,0.25747874,0.7158228
285,2,2,0.0,0.028049476,0.2560184,0.7159322
285,2,2,0.0,0.023505015,0.28378272,0.6927123
285,2,2,0.0,0.052081034,0.2361062,0.7118128
285,2,2,0.0,0.027164023,0.14328265,0.82955354
285,2,2,0.0,0.023490379,0.17900524,0.79750454
285,2,2,0.0,0.023340099,0.22929014,0.7473699
285,2,2,0.0,0.020512385,0.41308317,0.5664046
285,2,2,0.0,0.035747908,0.32798195,0.63627017
285,2,2,0.0,0.020809723,0.31670877,0.66248155
277,2,1,0.0,0.006943126,0.6838384,0.30921856
277,2,1,0.0,0.009105941,0.57986695,0.4110272
277,2,1,0.0,0.010570317,0.6072263,0.3822034
277,2,1,0.0,0.014134972,0.50390947,0.48195577
83,2,2,5.960464477539063e-08,0.013813877,0.17504956,0.81113666
83,2,1,0.0,0.008399261,0.8045374,0.1870633
83,2,2,0.0,0.025187105,0.24286187,0.73195124
83,2,2,0.0,0.032306176,0.27169544,0.69599855
83,2,2,0.0,0.014415655,0.11108144,0.87450314
83,2,1,5.960464477539063e-08,0.0023281835,0.8744452,0.12322658
83,2,2,0.0,0.0165858,0.21608323,0.76733106
83,2,2,0.0,0.018221827,0.44273522,0.53904295
83,2,2,0.0,0.026102547,0.1465064,0.8273911
83,2,2,0.0,0.010156067,0.14032912,0.849515
83,2,2,0.0,0.013970074,0.18950249,0.7965275
83,2,2,0.0,0.03375399,0.046503685,0.9197423
307,2,2,0.0,0.015415101,0.46760628,0.5169787
307,2,2,0.0,0.012167666,0.2688711,0.7189614
307,2,1,0.0,0.010931705,0.51517564,0.47389275
307,2,2,0.0,0.015183539,0.20325999,0.78155655
307,2,1,0.0,0.009352246,0.65909415,0.33155355
307,2,2,0.0,0.015325555,0.11339024,0.8712845
307,2,2,0.0,0.0073787463,0.41762146,0.5749998
32,0,1,0.0,0.0057904953,0.79673713,0.19747259
32,0,1,0.0,0.0076228785,0.5739118,0.41846547
32,0,1,0.0,0.0071979635,0.5938468,0.3989554
32,0,1,5.960464477539063e-08,0.0104902135,0.5773541,0.41215572
32,0,1,0.0,0.019125564,0.64669776,0.33417684
32,0,1,0.0,0.010518353,0.53472435,0.45475733
32,0,2,0.0,0.011408036,0.4288111,0.5597809
32,0,1,0.0,0.12951839,0.6017174,0.26876426
32,0,1,0.0,0.042500556,0.79737675,0.16012277
32,0,1,0.0,0.04924549,0.7504906,0.20026404
32,0,1,0.0,0.10193778,0.6479592,0.25010315
32,0,2,0.0,0.29868585,0.2968555,0.40445873
32,0,2,0.0,0.03267431,0.3897297,0.5775962
32,0,2,0.0,0.0093434695,0.26152483,0.72913176
32,0,0,5.960464477539063e-08,0.79688036,0.13077414,0.07234554
32,0,0,0.0,0.7316442,0.19033077,0.07802515
32,0,0,8.940696716308594e-08,0.86035293,0.083375104,0.05627201
32,0,0,0.0,0.8332779,0.07430228,0.092419825
32,0,0,0.0,0.75213826,0.08681872,0.16104303
32,0,2,0.0,0.057973996,0.37688613,0.56514007
32,0,2,0.0,0.013301733,0.19768201,0.78901625
32,0,2,0.0,0.009103188,0.13029827,0.86059856
32,0,2,0.0,0.008897242,0.04222419,0.94887877
32,0,2,0.0,0.009812209,0.03994183,0.950246
32,0,2,0.0,0.009239191,0.046712853,0.94404805
32,0,2,0.0,0.013079184,0.05832677,0.92859405
32,0,0,0.0,0.7949442,0.12670495,0.07835093
32,0,0,0.0,0.7763247,0.12137862,0.10229684
32,0,0,0.0,0.7968504,0.1108101,0.092339575
32,0,0,0.0,0.8352489,0.091617465,0.07313381
32,0,0,0.0,0.7252452,0.13979355,0.13496138
32,0,0,0.0,0.4057909,0.28824264,0.30596656
32,0,2,0.0,0.253853,0.2275951,0.51855195
32,0,2,0.0,0.022659818,0.13114882,0.84619147
32,0,2,0.0,0.07121408,0.12890063,0.79988533
32,0,2,0.0,0.07564222,0.13036042,0.7939974
32,0,2,1.1920928955078125e-07,0.3428777,0.21499793,0.44212434
32,0,2,0.0,0.25318038,0.034412917,0.7124067
32,0,0,0.0,0.7399742,0.16400447,0.096021265
32,0,0,0.0,0.47997114,0.24066588,0.27936304
32,0,0,0.0,0.5211758,0.2236778,0.2551464
32,0,0,1.1920928955078125e-07,0.7575726,0.11144784,0.13097954
32,0,0,0.0,0.74081177,0.10823256,0.15095583
32,0,0,0.0,0.5614451,0.1769201,0.26163483
32,0,0,0.0,0.55432564,0.17198071,0.27369377
32,0,0,0.0,0.66358376,0.18467572,0.15174067
32,0,2,0.0,0.27902102,0.084717594,0.6362615
32,0,2,0.0,0.36089426,0.07930152,0.55980426
32,0,0,5.960464477539063e-08,0.8005168,0.07594498,0.123538226
32,0,2,0.0,0.4567686,0.04440012,0.49883136
32,0,0,5.960464477539063e-08,0.57880074,0.19684686,0.22435242
32,0,0,0.0,0.40524146,0.24763228,0.34712645
32,0,0,0.0,0.5083561,0.27368537,0.21795861
32,0,0,0.0,0.6776453,0.19242732,0.12992732
32,0,0,0.0,0.7889056,0.11615903,0.09493555
32,0,0,0.0,0.52194667,0.22278374,0.25526968
32,0,0,0.0,0.6778852,0.13224497,0.18986998
32,0,0,0.0,0.765773,0.074387364,0.15983972
32,0,0,0.0,0.6549884,0.108795084,0.23621659
32,0,0,0.0,0.76112187,0.058917657,0.17996064
32,0,0,0.0,0.85089695,0.052027445,0.097075656
32,0,0,0.0,0.4391644,0.14407107,0.41676474
32,0,0,0.0,0.8052954,0.07774172,0.11696302
32,0,2,0.0,0.36560246,0.24582817,0.38856944
32,0,0,0.0,0.39390048,0.23172574,0.3743739
32,0,0,0.0,0.47198156,0.14615907,0.38185954
32,0,0,0.0,0.73133624,0.10558011,0.16308364
32,0,0,5.960464477539063e-08,0.82874507,0.07281808,0.0984369
32,0,0,0.0,0.8416292,0.035972554,0.12239844
32,0,0,0.0,0.8882675,0.029094838,0.08263792
32,0,0,0.0,0.758995,0.05114712,0.18985803
32,0,0,0.0,0.7107052,0.049364492,0.23993039
32,0,0,0.0,0.81469536,0.07010113,0.11520361
32,0,0,0.0,0.5330769,0.14915228,0.317771
32,0,0,0.0,0.79070425,0.07118588,0.13810992
32,0,0,0.0,0.45530564,0.15396102,0.39073342
32,0,2,0.0,0.40667245,0.1488013,0.44452643
32,0,2,0.0,0.24367724,0.16959168,0.5867312
32,0,0,0.0,0.61376435,0.09997537,0.28626028
32,0,0,0.0,0.856266,0.029252626,0.11448148
32,0,0,0.0,0.7665579,0.032138526,0.20130365
32,0,0,0.0,0.8148808,0.024921713,0.16019754
32,0,0,0.0,0.7086172,0.03470634,0.25667655
32,0,0,0.0,0.51736504,0.08760113,0.39503384
32,0,0,0.0,0.6367287,0.13824591,0.22502546
32,0,2,0.0,0.21677162,0.17150608,0.61172247
32,0,0,0.0,0.835259,0.07914973,0.085591316
32,0,0,0.0,0.8386302,0.059450097,0.10191984
32,0,0,0.0,0.7688151,0.080724195,0.15046085
32,0,0,0.0,0.51194,0.13859658,0.34946343
32,0,0,0.0,0.5638343,0.10891762,0.32724807
32,0,2,0.0,0.40848216,0.04996625,0.5415516
32,0,2,0.0,0.27808195,0.12330882,0.59860927
32,0,2,5.960464477539063e-08,0.4336713,0.022259718,0.54406905
32,0,2,0.0,0.40502954,0.034098625,0.56087184
32,0,2,5.960464477539063e-08,0.11099016,0.09312413,0.7958857
32,0,2,0.0,0.33565265,0.21169616,0.45265132
32,0,2,0.0,0.19071169,0.23823397,0.5710544
32,0,0,0.0,0.72457993,0.068207,0.20721316
32,0,2,5.960464477539063e-08,0.42580616,0.10335911,0.47083482
32,0,2,0.0,0.25141272,0.16096382,0.58762354
32,0,2,0.0,0.2690479,0.07045627,0.66049594
32,0,2,0.0,0.27428624,0.018321024,0.7073927
32,0,2,0.0,0.36049518,0.025816852,0.61368793
32,0,0,0.0,0.5961512,0.05128219,0.35256657
32,0,2,0.0,0.33896288,0.114306085,0.546731
32,0,0,0.0,0.6149927,0.13300152,0.25200593
32,0,0,0.0,0.60910994,0.13401733,0.2568728
32,0,0,0.0,0.8437709,0.060291342,0.09593787
32,0,0,5.960464477539063e-08,0.84971154,0.062223762,0.08806473
32,0,0,0.0,0.8299098,0.053466745,0.11662345
32,0,2,0.0,0.25877178,0.087565005,0.65366334
32,0,2,0.0,0.08034007,0.07719605,0.84246397
32,0,0,0.0,0.8006207,0.11368968,0.085689574
32,0,0,0.0,0.5878462,0.10159589,0.31055796
32,0,2,0.0,0.06389533,0.09607265,0.84003204
124,0,0,0.0,0.8531956,0.11295749,0.03384685
124,0,0,0.0,0.9309931,0.04171448,0.027292488
124,0,0,0.0,0.9408136,0.031372923,0.027813597
124,0,0,0.0,0.89629745,0.05354967,0.050153
124,0,0,0.0,0.89367926,0.05028329,0.05603745
124,0,0,0.0,0.9406787,0.025430426,0.033890974
124,0,0,0.0,0.94152427,0.022833584,0.035642225
124,0,0,0.0,0.9037223,0.048928007,0.047349647
124,0,0,0.0,0.87154144,0.07327303,0.05518557
124,0,0,5.960464477539063e-08,0.95026886,0.018546442,0.031184593
124,0,0,0.0,0.93017673,0.021932414,0.047890946
124,0,0,0.0,0.9149362,0.025864637,0.05919919
124,0,0,0.0,0.9088269,0.03970914,0.051464163
124,0,0,0.0,0.92788565,0.031315576,0.040798802
124,0,0,0.0,0.9667152,0.009493601,0.023791302
124,0,0,0.0,0.9546261,0.013854275,0.0315197
124,0,0,0.0,0.9446234,0.018675525,0.036701143
124,0,0,0.0,0.9586282,0.016810838,0.024561148
124,0,0,0.0,0.96064043,0.019525658,0.019834042
124,0,0,5.960464477539063e-08,0.92417395,0.03647234,0.03935363
124,0,0,8.940696716308594e-08,0.9649107,0.012304151,0.022785092
124,0,0,0.0,0.9646931,0.011702506,0.02360458
124,0,0,0.0,0.9573574,0.019804249,0.022838369
124,0,0,0.0,0.962068,0.019267939,0.018663976
124,0,0,0.0,0.934502,0.034282308,0.031215783
124,0,0,0.0,0.900777,0.048166923,0.051056188
124,0,0,0.0,0.91979563,0.03395911,0.046245173
124,0,0,5.960464477539063e-08,0.94016004,0.01849915,0.041340906
124,0,0,0.0,0.9510417,0.018488793,0.030469554
124,0,0,0.0,0.9522766,0.027909,0.019814465
124,0,0,0.0,0.9416513,0.032484286,0.025864594
124,0,0,2.9802322387695312e-08,0.9221258,0.04258058,0.03529358
124,0,0,0.0,0.9099278,0.045153406,0.044918902
124,0,0,0.0,0.93623894,0.039969645,0.023791488
124,0,0,0.0,0.9402499,0.03325436,0.026495827
124,0,0,0.0,0.9540182,0.018337032,0.027644826
124,0,0,0.0,0.93710446,0.032821845,0.030073797
124,0,0,0.0,0.93351746,0.039004188,0.027478537
124,0,0,0.0,0.9080511,0.051750924,0.040197954
124,0,0,0.0,0.86799,0.07610708,0.05590295
124,0,0,0.0,0.82860583,0.09892078,0.072473444
124,0,0,0.0,0.9376821,0.01703792,0.04528013
124,0,0,0.0,0.9605137,0.013550828,0.025935495
124,0,0,0.0,0.9249515,0.041109513,0.03393927
124,0,0,0.0,0.91359663,0.044078812,0.042324755
124,0,1,0.0,0.27617693,0.5023296,0.22149351
124,0,0,2.9802322387695312e-08,0.87190074,0.05831645,0.069782875
432,0,2,0.0,0.30530766,0.027813084,0.6668793
432,0,2,5.960464477539063e-08,0.14428698,0.041384652,0.8143284
432,0,0,0.0,0.7279857,0.036268823,0.2357456
432,0,0,0.0,0.9269805,0.015922338,0.05709745
432,0,0,0.0,0.93612015,0.02404532,0.03983467
432,0,0,0.0,0.89819926,0.039434988,0.062365796
432,0,0,0.0,0.87078434,0.042985022,0.08623065
432,0,0,0.0,0.89636326,0.026495246,0.07714162
432,0,0,0.0,0.92007405,0.023954278,0.05597165
432,0,0,0.0,0.93817997,0.028373431,0.033446655
432,0,0,0.0,0.93535745,0.018985234,0.045657378
432,0,0,0.0,0.8614435,0.028696371,0.10986025
432,0,2,0.0,0.08306431,0.019772524,0.89716333
432,0,0,5.960464477539063e-08,0.49822903,0.055681065,0.44609004
432,0,0,0.0,0.7228493,0.046922892,0.23022783
432,0,0,5.960464477539063e-08,0.787873,0.04726271,0.16486435
432,0,0,0.0,0.930254,0.030978309,0.038767867
432,0,0,0.0,0.9181019,0.042100135,0.03979792
432,0,0,0.0,0.86428255,0.07377745,0.061940122
432,0,0,0.0,0.8930861,0.04669117,0.060223002
432,0,0,0.0,0.93946713,0.02398945,0.03654366
432,0,0,0.0,0.9374771,0.029445775,0.03307721
432,0,0,0.0,0.9278146,0.035632115,0.036553368
432,0,0,0.0,0.92776006,0.025889589,0.04635049
432,0,0,0.0,0.832797,0.031966995,0.13523604
432,0,2,0.0,0.27558368,0.038913716,0.6855026
432,0,0,0.0,0.723847,0.08929404,0.18685903
432,0,0,0.0,0.79355526,0.06514165,0.1413032
432,0,0,0.0,0.9223749,0.033163086,0.044462014
432,0,0,0.0,0.8898158,0.055840943,0.05434327
432,0,0,0.0,0.9182315,0.04409815,0.037670355
432,0,0,0.0,0.9259812,0.028646326,0.045372654
432,0,0,0.0,0.9419808,0.032543547,0.025475822
432,0,0,0.0,0.9254634,0.04179285,0.032743786
432,0,0,0.0,0.9285651,0.04016296,0.03127215
432,0,0,5.960464477539063e-08,0.92598265,0.04250191,0.03151534
432,0,0,0.0,0.8940449,0.046812803,0.059142597
432,0,0,0.0,0.88432276,0.029091634,0.0865856
432,0,0,0.0,0.57520056,0.033803824,0.39099577
432,0,0,0.0,0.68708354,0.11309916,0.19981736
432,0,0,0.0,0.74280584,0.08907097,0.16812329
432,0,0,2.9802322387695312e-08,0.93505585,0.036521215,0.028422877
432,0,0,0.0,0.9389049,0.03220694,0.028888242
432,0,0,0.0,0.91442126,0.038140174,0.04743853
432,0,0,0.0,0.94538087,0.02331535,0.03130384
432,0,0,0.0,0.92317486,0.039950375,0.036874842
432,0,0,2.9802322387695312e-08,0.9425933,0.03022206,0.027184663
432,0,0,0.0,0.9414673,0.032591023,0.025941804
432,0,0,0.0,0.94096535,0.0353483,0.023686595
432,0,0,0.0,0.922227,0.0373216,0.040451452
432,0,0,0.0,0.90282243,0.032532748,0.064645104
432,0,0,0.0,0.7883806,0.03288762,0.17873183
432,0,0,0.0,0.65639144,0.10356262,0.24004604
432,0,0,5.960464477539063e-08,0.77229744,0.077855565,0.14984699
432,0,0,0.0,0.91729635,0.04313342,0.039570376
432,0,0,2.9802322387695312e-08,0.9262831,0.049020123,0.024696749
432,0,0,4.470348358154297e-08,0.94559115,0.030596504,0.023812378
432,0,0,0.0,0.94161046,0.028972358,0.029417306
432,0,0,2.9802322387695312e-08,0.9425283,0.03224193,0.02522968
432,0,0,2.9802322387695312e-08,0.9173071,0.053621326,0.02907152
432,0,0,0.0,0.90659004,0.064957686,0.028452352
432,0,0,0.0,0.9108965,0.059209954,0.029893529
432,0,0,0.0,0.9154963,0.04750765,0.03699626
432,0,0,0.0,0.90291125,0.035819437,0.0612695
432,0,0,0.0,0.79065084,0.05101515,0.15833415
432,0,2,0.0,0.016728522,0.017416323,0.96585524
432,0,2,0.0,0.30442446,0.10295859,0.592617
432,0,0,5.960464477539063e-08,0.80996823,0.048823226,0.14120853
432,0,0,0.0,0.8968731,0.039589286,0.0635377
432,0,0,0.0,0.93255705,0.03140454,0.036038578
432,0,0,0.0,0.95006835,0.01833679,0.031594943
432,0,0,0.0,0.9473324,0.023070065,0.029597545
432,0,0,0.0,0.955174,0.023066612,0.021759383
432,0,0,0.0,0.9498387,0.027852563,0.02230884
432,0,0,0.0,0.9448271,0.03193391,0.02323903
432,0,0,0.0,0.91057825,0.055847723,0.03357414
432,0,0,2.9802322387695312e-08,0.910752,0.054183956,0.03506408
432,0,0,8.940696716308594e-08,0.9024992,0.042673334,0.05482752
432,0,0,0.0,0.83066463,0.048528686,0.120806895
432,0,2,0.0,0.025629856,0.019629331,0.95474094
432,0,2,1.1920928955078125e-07,0.118950605,0.07021869,0.8108308
432,0,0,0.0,0.8538732,0.02784365,0.1182831
432,0,0,2.9802322387695312e-08,0.9085915,0.028492136,0.06291644
432,0,0,0.0,0.9381376,0.019321064,0.042541366
432,0,0,0.0,0.9331688,0.026687112,0.04014412
432,0,0,0.0,0.94200385,0.022150408,0.03584586
432,0,0,0.0,0.92335606,0.02878941,0.047854673
432,0,0,0.0,0.9325337,0.025216112,0.0422502
432,0,0,2.9802322387695312e-08,0.91576785,0.042335827,0.0418963
432,0,0,0.0,0.9154835,0.046304893,0.038211923
432,0,0,0.0,0.89827484,0.05152867,0.050196603
432,0,0,0.0,0.8844795,0.048893772,0.06662686
432,0,0,0.0,0.7041878,0.06460119,0.23121108
432,0,2,0.0,0.018317223,0.05389417,0.92778873
432,0,0,0.0,0.9289036,0.02802467,0.043071844
432,0,0,0.0,0.9014354,0.038484823,0.060080014
432,0,0,0.0,0.83932394,0.036830552,0.12384569
432,0,0,0.0,0.5523285,0.09056427,0.35710728
432,0,2,0.0,0.010534858,0.03251439,0.9569509
2,0,1,0.0,0.06365304,0.84734553,0.08900155
2,0,1,0.0,0.17016852,0.6541245,0.17570712
2,0,1,0.0,0.058037173,0.8116122,0.13035078
2,0,1,2.9802322387695312e-08,0.033823434,0.9044878,0.06168879
2,0,1,0.0,0.0033948186,0.9826459,0.013959295
2,0,1,7.450580596923828e-08,0.0075324993,0.945121,0.047346495
2,0,1,5.960464477539063e-08,0.4026117,0.5367565,0.060631827
2,0,0,0.0,0.8536677,0.09380735,0.052525114
2,0,0,0.0,0.6309019,0.28889313,0.08020513
2,0,1,0.0,0.124598995,0.82293326,0.052467868
2,0,1,0.0,0.0040304707,0.9833951,0.012574452
2,0,1,0.0,0.009394869,0.9481918,0.042413395
2,0,1,5.960464477539063e-08,0.39949432,0.4635306,0.13697512
2,0,0,0.0,0.87822205,0.046850465,0.07492747
2,0,0,0.0,0.82763004,0.13385943,0.038510844
2,0,1,0.0,0.18872628,0.775313,0.035960812
2,0,1,0.0,0.0028486138,0.97793907,0.019212447
2,0,1,0.0,0.0059723943,0.9669518,0.027075866
2,0,0,0.0,0.5022811,0.35440713,0.14331184
2,0,0,0.0,0.8125333,0.14469089,0.042776037
2,0,0,0.0,0.8675308,0.08724555,0.045223888
2,0,0,0.0,0.71588933,0.2321744,0.051936343
2,0,1,0.0,0.0067100045,0.9689116,0.024378361
2,0,1,2.9802322387695312e-08,0.026748208,0.9466049,0.026646812
2,0,0,0.0,0.87257856,0.061314292,0.06610734
2,0,0,2.9802322387695312e-08,0.90220565,0.05476112,0.0430332
2,0,0,5.960464477539063e-08,0.84652156,0.10728211,0.046196353
2,0,0,0.0,0.70896727,0.2080851,0.08294771
2,0,0,0.0,0.6565984,0.179651,0.16375074
433,0,2,1.1920928955078125e-07,0.13988519,0.16649275,0.6936221
433,0,0,1.1920928955078125e-07,0.6960227,0.0910402,0.2129371
433,0,0,0.0,0.84469765,0.06361339,0.09168901
433,0,0,0.0,0.8255506,0.05786757,0.116581745
433,0,0,0.0,0.82060355,0.06225969,0.117136836
433,0,0,0.0,0.8721019,0.04687394,0.081024274
433,0,0,0.0,0.8708129,0.053792406,0.07539484
433,0,0,5.960464477539063e-08,0.8375868,0.09351904,0.06889415
433,0,0,0.0,0.80268633,0.11330217,0.08401158
433,0,0,0.0,0.8511991,0.055207312,0.0935938
433,0,0,0.0,0.5639169,0.108490504,0.32759267
433,0,0,0.0,0.88843954,0.041393977,0.070166625
433,0,0,0.0,0.7868399,0.12921104,0.08394921
433,0,0,0.0,0.7726307,0.12857087,0.09879851
433,0,0,0.0,0.8639041,0.05369116,0.08240494
433,0,0,0.0,0.9136873,0.033679098,0.05263379
433,0,0,0.0,0.8953719,0.04640921,0.058218945
433,0,0,0.0,0.85822445,0.08778437,0.053991336
433,0,0,0.0,0.82294935,0.10993603,0.06711472
433,0,0,0.0,0.83009547,0.058855306,0.11104938
433,0,0,0.0,0.5637631,0.01666444,0.4195726
433,0,0,0.0,0.86208165,0.03474005,0.1031783
433,0,0,0.0,0.8503861,0.0909096,0.058704305
433,0,0,1.1920928955078125e-07,0.8413855,0.099120356,0.059494082
433,0,0,0.0,0.8684679,0.06829849,0.06323352
433,0,0,0.0,0.90025616,0.04595502,0.053789012
433,0,0,0.0,0.9225174,0.038594946,0.038887758
433,0,0,0.0,0.9155116,0.049261425,0.03522711
433,0,0,0.0,0.8606558,0.08515807,0.05418636
433,0,0,5.960464477539063e-08,0.8104708,0.084111124,0.10541808
433,0,2,5.960464477539063e-08,0.3360813,0.090744406,0.5731744
433,0,0,5.960464477539063e-08,0.6846805,0.009615278,0.30570415
433,0,0,0.0,0.80990434,0.041679423,0.14841628
433,0,0,0.0,0.8140707,0.08707695,0.09885259
433,0,0,0.0,0.8381576,0.090475485,0.07136713
433,0,0,0.0,0.8233952,0.10608241,0.07052243
433,0,0,0.0,0.8577728,0.08484929,0.057378158
433,0,0,0.0,0.8906857,0.057781197,0.051533177
433,0,0,0.0,0.8929066,0.05803944,0.049054097
433,0,0,0.0,0.8896418,0.060305014,0.050053254
433,0,0,0.0,0.85716385,0.07109732,0.07173886
433,0,0,0.0,0.59737617,0.07251982,0.33010402
433,0,0,2.9802322387695312e-08,0.84411925,0.013808048,0.14207272
433,0,0,0.0,0.7521305,0.021809563,0.22606008
433,0,0,0.0,0.7148314,0.059430584,0.22573811
433,0,0,0.0,0.77128994,0.090449534,0.1382606
433,0,0,0.0,0.9073446,0.046573352,0.046082117
433,0,0,5.960464477539063e-08,0.87213194,0.06298516,0.064882845
433,0,0,0.0,0.8171038,0.092463136,0.09043317
433,0,0,0.0,0.8746158,0.063740276,0.06164409
433,0,0,0.0,0.86848074,0.08073825,0.05078117
433,0,0,0.0,0.90612036,0.049402226,0.044477507
433,0,0,0.0,0.90470886,0.04419669,0.051094547
433,0,0,0.0,0.6383819,0.06593434,0.29568386
433,0,2,0.0,0.31284162,0.018595226,0.6685633
433,0,2,0.0,0.11069679,0.029900828,0.8594026
433,0,0,0.0,0.64776736,0.04655184,0.3056809
433,0,0,0.0,0.8051452,0.0351107,0.15974432
433,0,0,0.0,0.8591642,0.054056305,0.0867796
433,0,0,5.960464477539063e-08,0.87402743,0.047302797,0.07866995
433,0,0,0.0,0.83062375,0.07583927,0.093537025
433,0,0,0.0,0.88011706,0.043240152,0.07664292
433,0,0,0.0,0.9024791,0.04328982,0.054231178
433,0,0,0.0,0.913301,0.040193517,0.04650556
433,0,0,0.0,0.9175152,0.02554641,0.056938507
433,0,0,0.0,0.75046664,0.053275276,0.19625822
439,0,0,0.0,0.93631315,0.023506306,0.040180735
439,0,0,2.9802322387695312e-08,0.8891279,0.026158493,0.08471359
439,0,0,0.0,0.8999729,0.014826941,0.08520025
439,0,0,1.4901161193847656e-08,0.9605829,0.02178241,0.017634727
439,0,0,0.0,0.9424831,0.027867002,0.029650107
439,0,0,2.9802322387695312e-08,0.93036807,0.025694765,0.043937165
439,0,0,2.9802322387695312e-08,0.94729626,0.019246269,0.033457413
439,0,0,0.0,0.951853,0.025220184,0.022926958
439,0,0,0.0,0.95475876,0.014251513,0.03098982
439,0,0,0.0,0.93843794,0.030566141,0.030996012
439,0,0,0.0,0.94036156,0.028128097,0.031510428
439,0,0,0.0,0.94330275,0.025464663,0.031232726
439,0,0,0.0,0.95182556,0.025394589,0.02277992
439,0,0,0.0,0.95785147,0.02225604,0.019892557
439,0,0,0.0,0.9630348,0.021107817,0.015857479
439,0,0,0.0,0.9751234,0.013272519,0.011604136
439,0,0,0.0,0.9746781,0.01133917,0.013982844
439,0,0,0.0,0.97409344,0.0142330965,0.011673698
439,0,0,0.0,0.959025,0.017644139,0.023330808
439,0,0,7.450580596923828e-08,0.9510423,0.02176674,0.027190862
439,0,0,0.0,0.9534093,0.025053589,0.021537077
439,0,0,4.470348358154297e-08,0.9634773,0.011868585,0.024654044
439,0,0,0.0,0.95867634,0.018995214,0.022328481
439,0,0,0.0,0.9654384,0.017547073,0.017014628
439,0,0,0.0,0.96297425,0.01756096,0.019464862
439,0,0,0.0,0.9510346,0.025057985,0.023907442
439,0,0,0.0,0.97365564,0.013895931,0.012448589
439,0,0,0.0,0.9736186,0.012292365,0.014089119
439,0,0,4.470348358154297e-08,0.96815795,0.016452342,0.01538966
439,0,0,0.0,0.967025,0.014061923,0.01891318
439,0,0,0.0,0.9606757,0.019019585,0.020304697
439,0,0,0.0,0.96330684,0.01793936,0.01875396
439,0,0,0.0,0.9652229,0.016040387,0.018736772
439,0,0,0.0,0.960165,0.018890629,0.02094448
439,0,0,0.0,0.97038454,0.013866271,0.015749305
439,0,0,0.0,0.97319716,0.01395433,0.012848528
439,0,0,0.0,0.96360105,0.01797871,0.018420462
439,0,0,5.960464477539063e-08,0.9646078,0.019148542,0.016243694
439,0,0,0.0,0.9601469,0.018128324,0.021725042
439,0,0,1.4901161193847656e-08,0.96648425,0.018625127,0.014890673
439,0,0,0.0,0.9589872,0.017450955,0.023561932
439,0,0,0.0,0.97436196,0.011240718,0.014397383
439,0,0,7.450580596923828e-08,0.9692156,0.014493776,0.01629067
439,0,0,2.9802322387695312e-08,0.9674746,0.016882164,0.01564316
439,0,0,0.0,0.966649,0.013544574,0.019806525
439,0,0,0.0,0.96765137,0.013821295,0.018527424
439,0,0,4.470348358154297e-08,0.96179986,0.018281408,0.019918816
439,0,0,0.0,0.9519373,0.020365901,0.027696813
439,0,0,0.0,0.95471096,0.01918375,0.026105324
439,0,0,0.0,0.96950454,0.017924285,0.012571251
439,0,0,0.0,0.967539,0.012938142,0.019522898
439,0,0,4.470348358154297e-08,0.9703031,0.0111212935,0.018575508
439,0,0,0.0,0.97416115,0.01122022,0.014618852
439,0,0,4.470348358154297e-08,0.97284526,0.011346011,0.015808603
439,0,0,5.960464477539063e-08,0.967148,0.0116165485,0.021235418
439,0,0,0.0,0.9654356,0.0121212285,0.02244328
439,0,0,0.0,0.96203053,0.014257367,0.023712203
439,0,0,0.0,0.94846207,0.01769995,0.03383804
439,0,0,5.960464477539063e-08,0.97144043,0.012265887,0.016293483
439,0,0,0.0,0.9685578,0.014471919,0.016970389
439,0,0,0.0,0.9685759,0.014108442,0.01731568
439,0,0,0.0,0.9710574,0.013148582,0.015794082
439,0,0,0.0,0.97179216,0.011184056,0.017023798
439,0,0,0.0,0.97293484,0.010927285,0.016137727
439,0,0,0.0,0.96855277,0.009865383,0.021581946
439,0,0,0.0,0.9575212,0.013068038,0.029410806
439,0,0,0.0,0.9591198,0.014248728,0.026631584
439,0,0,0.0,0.91467804,0.018407874,0.06691417
439,0,0,1.4901161193847656e-08,0.958995,0.0123642655,0.028640753
439,0,0,0.0,0.96436995,0.013481421,0.022148635
439,0,0,0.0,0.9714543,0.012793482,0.015752206
439,0,0,0.0,0.9640061,0.016147217,0.019846734
439,0,0,0.0,0.97359896,0.008427958,0.01797306
439,0,0,1.4901161193847656e-08,0.9775419,0.010439954,0.012018049
439,0,0,4.470348358154297e-08,0.9750511,0.012521924,0.012426919
439,0,0,0.0,0.96684474,0.01299407,0.020161312
439,0,0,0.0,0.9568357,0.016062513,0.027101973
439,0,0,0.0,0.9598021,0.018266577,0.021931259
439,0,0,0.0,0.949449,0.014287937,0.03626322
439,0,0,0.0,0.96803766,0.011565865,0.02039672
439,0,0,0.0,0.97154635,0.014084753,0.014368845
439,0,0,0.0,0.96733373,0.015156543,0.017509896
439,0,0,0.0,0.96522623,0.015073953,0.019699952
439,0,0,0.0,0.9791774,0.010643122,0.010179693
439,0,0,0.0,0.978105,0.011121945,0.010773228
439,0,0,0.0,0.9715133,0.01447702,0.014009746
439,0,0,0.0,0.97064596,0.010467933,0.018886166
439,0,0,0.0,0.96369284,0.0129166655,0.02339051
439,0,0,0.0,0.95163643,0.018657314,0.029706338
439,0,0,0.0,0.9528703,0.016228931,0.03090082
439,0,0,0.0,0.9673666,0.013126731,0.019506712
439,0,0,4.470348358154297e-08,0.9701429,0.013661629,0.016195396
439,0,0,0.0,0.9654646,0.015157525,0.019378154
439,0,0,1.4901161193847656e-08,0.9559375,0.0146692125,0.029393267
439,0,0,0.0,0.9773368,0.010007026,0.012656154
439,0,0,0.0,0.97359765,0.014406442,0.011995892
439,0,0,1.4901161193847656e-08,0.97207224,0.011569974,0.01635783
439,0,0,0.0,0.96329457,0.011935326,0.024770243
439,0,0,4.470348358154297e-08,0.96796435,0.012074162,0.019961527
439,0,0,0.0,0.9562897,0.017390871,0.026319606
439,0,0,0.0,0.95520633,0.01733655,0.027457286
439,0,0,0.0,0.9658341,0.015592267,0.018573746
439,0,0,0.0,0.9624636,0.016849006,0.020687418
439,0,0,0.0,0.96083087,0.015955415,0.023213822
439,0,0,0.0,0.96753174,0.013909826,0.018558426
439,0,0,0.0,0.9710079,0.015209314,0.013782854
439,0,0,0.0,0.96407604,0.015499051,0.020425169
439,0,0,0.0,0.950055,0.019238813,0.030706221
439,0,0,0.0,0.9574839,0.0139238415,0.02859232
439,0,0,0.0,0.9539873,0.014867486,0.031145258
439,0,0,2.9802322387695312e-08,0.94415724,0.01823039,0.037612375
439,0,0,0.0,0.9619562,0.015098008,0.022945907
439,0,0,0.0,0.94402504,0.019591104,0.036384057
439,0,0,0.0,0.96227324,0.017479364,0.020247499
439,0,0,0.0,0.960227,0.017859744,0.021913256
439,0,0,5.960464477539063e-08,0.9652168,0.0118617,0.022921406
439,0,0,0.0,0.9437065,0.018307343,0.03798638
439,0,0,0.0,0.9310408,0.015993515,0.052965872
439,0,0,0.0,0.95083064,0.0114190355,0.037750427
439,0,0,0.0,0.9197884,0.016101478,0.06411017
439,0,0,2.9802322387695312e-08,0.9109165,0.022432616,0.06665096
439,0,0,0.0,0.9549866,0.016854629,0.028159045
439,0,0,0.0,0.9225174,0.027367035,0.050115682
439,0,0,0.0,0.9220604,0.01557964,0.062360056
439,0,0,2.9802322387695312e-08,0.9072434,0.01699627,0.07576041
439,0,0,0.0,0.901433,0.017510321,0.08105677
439,0,0,0.0,0.91224474,0.013710352,0.074045144
439,0,0,5.960464477539063e-08,0.9128748,0.017293755,0.06983137
439,0,0,5.960464477539063e-08,0.9218771,0.024271013,0.05385181
439,0,0,0.0,0.882294,0.021819344,0.09588668
439,0,0,0.0,0.8683229,0.027157955,0.1045192
439,0,0,0.0,0.94471645,0.018902473,0.036381066
439,0,0,2.9802322387695312e-08,0.9238068,0.025504753,0.050688494
439,0,0,0.0,0.90405315,0.030752731,0.06519422
439,0,0,0.0,0.8956594,0.022426207,0.08191467
439,0,0,0.0,0.90022844,0.018160943,0.081610866
439,0,0,0.0,0.9101429,0.017213073,0.07264414
439,0,0,0.0,0.8577284,0.02075549,0.12151619
439,0,0,0.0,0.79481405,0.04130016,0.16388595
439,0,0,5.960464477539063e-08,0.7358343,0.04575671,0.21840912
439,0,0,0.0,0.83107346,0.0337686,0.13515803
439,0,0,0.0,0.9454355,0.023274612,0.03128999
439,0,0,0.0,0.8518232,0.054616768,0.09356007
439,0,0,0.0,0.84287465,0.049920812,0.10720451
37,0,1,0.0,0.22484148,0.68239564,0.092762955
37,0,0,0.0,0.7876123,0.1451256,0.06726217
37,0,0,0.0,0.8359474,0.11111874,0.052933894
37,0,0,0.0,0.75893736,0.15594582,0.08511697
37,0,0,0.0,0.78909254,0.10999119,0.10091645
37,0,0,0.0,0.8344451,0.082097605,0.08345732
37,0,0,0.0,0.47019598,0.3842721,0.14553207
37,0,0,0.0,0.8525428,0.08849688,0.058960386
37,0,0,2.9802322387695312e-08,0.9130756,0.057568625,0.029355712
37,0,0,0.0,0.9054552,0.05146431,0.043080553
37,0,0,0.0,0.8664541,0.07368886,0.059857246
37,0,0,0.0,0.8461004,0.08808404,0.06581551
37,0,0,0.0,0.89174175,0.06870396,0.039554432
37,0,0,0.0,0.91072,0.04429148,0.04498853
37,0,0,0.0,0.9081402,0.043253765,0.04860635
37,0,0,0.0,0.89397144,0.043019615,0.06300899
37,0,0,0.0,0.72387516,0.2148751,0.06124977
37,0,0,0.0,0.80622435,0.14522947,0.048546206
37,0,0,0.0,0.77544826,0.17045085,0.054101005
37,0,0,0.0,0.70168495,0.24232605,0.05598913
37,0,0,0.0,0.8480164,0.10585171,0.046131924
37,0,0,0.0,0.89418465,0.06836704,0.037448358
37,0,0,2.9802322387695312e-08,0.92584914,0.05067769,0.02347328
37,0,0,2.9802322387695312e-08,0.925199,0.047841314,0.026959782
37,0,0,0.0,0.92971706,0.04504315,0.025239896
37,0,0,0.0,0.89011675,0.072787076,0.03709637
37,0,0,0.0,0.90871906,0.059787642,0.03149347
37,0,0,0.0,0.89369494,0.059931256,0.04637387
37,0,0,0.0,0.8704919,0.04248474,0.08702343
37,0,0,0.0,0.5758844,0.38574535,0.038370274
37,0,0,0.0,0.7530014,0.20291638,0.04408234
37,0,0,0.0,0.8197804,0.13520074,0.045019038
37,0,0,0.0,0.87743473,0.089809224,0.03275616
37,0,0,2.9802322387695312e-08,0.9270893,0.05249675,0.020414079
37,0,0,0.0,0.90420026,0.070213266,0.02558656
37,0,0,5.960464477539063e-08,0.92262954,0.0495956,0.027774896
37,0,0,0.0,0.9308826,0.0396541,0.029463507
37,0,0,0.0,0.92344993,0.04742988,0.029120412
37,0,0,0.0,0.934687,0.04296698,0.022346098
37,0,0,0.0,0.92656624,0.05008869,0.023345115
37,0,0,0.0,0.9023304,0.060907733,0.03676219
37,0,0,0.0,0.9115533,0.043362036,0.045084797
37,0,0,0.0,0.8704047,0.037691835,0.091903575
37,0,1,0.0,0.44494876,0.5080967,0.046954587
37,0,0,0.0,0.6874605,0.24615626,0.06638332
37,0,0,0.0,0.8507502,0.09019549,0.059054278
37,0,0,0.0,0.90978533,0.05784998,0.03236494
37,0,0,0.0,0.9362103,0.04764947,0.016140327
37,0,0,8.940696716308594e-08,0.9218984,0.05296965,0.025131892
37,0,0,0.0,0.93851286,0.036717124,0.024770124
37,0,0,0.0,0.92540926,0.03653641,0.03805433
37,0,0,2.9802322387695312e-08,0.93867743,0.026519774,0.034802724
37,0,0,2.9802322387695312e-08,0.947537,0.025974017,0.026488911
37,0,0,0.0,0.9460344,0.028221315,0.025744507
37,0,0,0.0,0.94153017,0.031869017,0.026601031
37,0,0,2.9802322387695312e-08,0.9344965,0.028088734,0.037414767
37,0,0,0.0,0.9219989,0.021422481,0.05657867
37,0,0,5.960464477539063e-08,0.55530286,0.33578858,0.108908676
37,0,0,0.0,0.6894689,0.23640265,0.0741284
37,0,0,0.0,0.86860937,0.08446533,0.046925567
37,0,0,0.0,0.9084006,0.059185248,0.03241436
37,0,0,2.9802322387695312e-08,0.9289709,0.049237378,0.021791754
37,0,0,0.0,0.934321,0.038398605,0.02728051
37,0,0,0.0,0.929228,0.03887045,0.03190167
37,0,0,0.0,0.91534245,0.04249423,0.042163372
37,0,0,0.0,0.92129606,0.042149954,0.036554143
37,0,0,0.0,0.9322157,0.037973005,0.029811459
37,0,0,0.0,0.9545698,0.020829378,0.024600795
37,0,0,0.0,0.95053816,0.026145715,0.023316177
37,0,0,0.0,0.9366627,0.019857429,0.04347995
37,0,0,0.0,0.94741285,0.0148855895,0.03770165
37,0,0,0.0,0.63930756,0.11549235,0.24520016
37,0,0,0.0,0.73595005,0.090384066,0.173666
37,0,0,0.0,0.8827534,0.032654878,0.08459181
37,0,0,0.0,0.9437442,0.032122724,0.024133192
37,0,0,0.0,0.9265543,0.054098204,0.019347504
37,0,0,0.0,0.94699425,0.02695414,0.02605156
37,0,0,0.0,0.93104756,0.04038592,0.028566625
37,0,0,2.9802322387695312e-08,0.9320494,0.042492773,0.025457852
37,0,0,0.0,0.9423361,0.03553967,0.022124473
37,0,0,0.0,0.9484196,0.025067873,0.026512692
37,0,0,0.0,0.95527554,0.019061808,0.025662702
37,0,0,0.0,0.956738,0.016448844,0.026813323
37,0,0,0.0,0.9449196,0.01487152,0.040208977
37,0,0,0.0,0.9448472,0.013420675,0.041732144
37,0,0,0.0,0.94138914,0.016300127,0.042310987
37,0,0,0.0,0.93604845,0.03367509,0.030276654
37,0,0,0.0,0.93383986,0.044892285,0.021267962
37,0,0,2.9802322387695312e-08,0.94290984,0.03483576,0.022254342
37,0,0,0.0,0.92377144,0.05234915,0.023879522
37,0,0,0.0,0.93317944,0.04474847,0.022072207
37,0,0,0.0,0.9505791,0.028687814,0.020733194
37,0,0,0.0,0.950019,0.020806417,0.02917461
37,0,0,4.470348358154297e-08,0.9568621,0.01857535,0.024562588
37,0,0,0.0,0.96277213,0.012590718,0.024637269
37,0,0,0.0,0.93727034,0.011361529,0.051368278
37,0,0,0.0,0.9503044,0.024608046,0.025087707
37,0,0,0.0,0.94961494,0.024705688,0.025679436
37,0,0,0.0,0.9197308,0.052101716,0.0281676
37,0,0,0.0,0.8905159,0.069368474,0.040115673
37,0,0,0.0,0.9148025,0.05218078,0.033016928
37,0,0,0.0,0.9460393,0.031602234,0.022358494
37,0,0,0.0,0.9298683,0.037039667,0.033092152
37,0,0,0.0,0.958396,0.019624637,0.021979496
37,0,0,0.0,0.9658765,0.012158752,0.021964978
37,0,0,0.0,0.95224226,0.011920419,0.035837386
37,0,0,0.0,0.95001996,0.016312202,0.033668
37,0,0,0.0,0.94051576,0.019943317,0.03954093
37,0,0,0.0,0.8909692,0.058559604,0.05047145
37,0,0,0.0,0.87588805,0.06493371,0.0591782
37,0,0,0.0,0.86930716,0.07548435,0.055208642
37,0,0,2.9802322387695312e-08,0.91142803,0.046313647,0.04225841
37,0,0,0.0,0.92325926,0.04028443,0.03645636
37,0,0,0.0,0.9247646,0.040232472,0.035003122
37,0,0,0.0,0.938446,0.027023751,0.03453042
37,0,0,0.0,0.9534992,0.016693955,0.029806882
37,0,0,0.0,0.95472825,0.020816114,0.024455676
37,0,0,0.0,0.9296957,0.020418176,0.049886294
37,0,0,0.0,0.9238218,0.02274358,0.05343472
37,0,0,0.0,0.8788869,0.053087432,0.06802568
37,0,0,0.0,0.8676644,0.053034592,0.07930118
37,0,0,0.0,0.85308737,0.059846617,0.08706616
37,0,0,0.0,0.8229294,0.05910448,0.11796631
37,0,0,0.0,0.89028496,0.04298213,0.06673307
37,0,0,0.0,0.8785034,0.05502168,0.066475
37,0,0,0.0,0.88354146,0.048540108,0.06791856
37,0,0,8.940696716308594e-08,0.9187647,0.0285401,0.052695114
37,0,0,0.0,0.9521042,0.020292351,0.027603472
37,0,0,0.0,0.932157,0.027006187,0.04083698
37,0,0,0.0,0.9155001,0.024538659,0.05996133
37,0,0,0.0,0.87328047,0.04685709,0.07986263
37,0,0,0.0,0.83503973,0.049534947,0.11542543
37,0,0,0.0,0.8657131,0.033766847,0.10052031
37,0,0,0.0,0.8892378,0.026597004,0.08416534
37,0,0,0.0,0.9274598,0.021611646,0.050928667
37,0,0,0.0,0.8986817,0.05512232,0.046196025
37,0,0,0.0,0.86862856,0.054469105,0.07690245
37,0,0,0.0,0.8793091,0.027821993,0.09286888
37,0,0,0.0,0.903029,0.05842195,0.038549133
37,0,0,0.0,0.92065054,0.036977,0.042372573
37,0,0,0.0,0.90695536,0.032979824,0.060064808
37,0,0,0.0,0.87885827,0.032550704,0.08859111
37,0,0,0.0,0.8547443,0.047280684,0.09797501
37,0,0,0.0,0.872884,0.057538148,0.069578
37,0,0,0.0,0.9281702,0.035558537,0.036271244
37,0,0,0.0,0.9565994,0.022348639,0.021051995
37,0,0,2.9802322387695312e-08,0.948013,0.029661214,0.02232569
37,0,0,0.0,0.9354684,0.038352087,0.026179507
37,0,0,0.0,0.91759056,0.04318109,0.039228536
37,0,0,0.0,0.8641744,0.071278945,0.064546645
37,0,1,0.0,0.2419843,0.4032011,0.3548147
37,0,1,0.0,0.21471691,0.4735644,0.3117187
37,0,0,0.0,0.70178163,0.13711916,0.16109937
37,0,0,0.0,0.83564675,0.079245314,0.08510796
37,0,0,0.0,0.8427834,0.050297186,0.106919415
37,0,0,0.0,0.8689069,0.043161586,0.08793171
37,0,0,2.9802322387695312e-08,0.8771473,0.05131378,0.071538955
37,0,0,0.0,0.90296805,0.043771464,0.05326053
37,0,0,0.0,0.9120723,0.04809277,0.03983501
37,0,0,0.0,0.93120474,0.041391224,0.027404156
37,0,0,0.0,0.9524817,0.029430179,0.018088277
37,0,0,0.0,0.9361269,0.04074596,0.023127208
37,0,0,0.0,0.8829346,0.08419973,0.032865796
37,0,0,0.0,0.88925797,0.064484775,0.046257336
37,0,0,0.0,0.41969964,0.20794152,0.3723589
37,0,0,0.0,0.46044403,0.18789151,0.35166448
37,0,0,0.0,0.6005933,0.11070515,0.2887015
37,0,0,0.0,0.7431812,0.058517832,0.19830108
37,0,0,0.0,0.7654433,0.053149678,0.18140708
37,0,0,0.0,0.6475418,0.1028536,0.24960463
37,0,0,0.0,0.6992657,0.089786276,0.21094805
37,0,0,0.0,0.8560268,0.04492281,0.09905034
37,0,0,0.0,0.9033924,0.036662705,0.05994502
37,0,0,0.0,0.9025513,0.039957028,0.05749167
37,0,0,0.0,0.91826254,0.043924313,0.03781335
37,0,0,0.0,0.907119,0.05954257,0.033338547
37,0,0,0.0,0.8992572,0.05900895,0.041733973
37,0,0,0.0,0.88734925,0.063538,0.049112983
37,0,0,5.960464477539063e-08,0.76950306,0.06140019,0.16909674
37,0,0,0.0,0.7453851,0.06787895,0.18673609
37,0,0,0.0,0.8484564,0.048524696,0.103019014
37,0,0,0.0,0.8200221,0.066183716,0.113794126
37,0,0,0.0,0.83305085,0.06423331,0.102715984
37,0,0,0.0,0.7577659,0.11791349,0.124320626
438,0,0,0.0,0.93312943,0.034129977,0.03274063
438,0,0,0.0,0.93242085,0.028542414,0.03903688
438,0,0,0.0,0.8915316,0.03687465,0.07159395
438,0,0,0.0,0.91620344,0.046552096,0.037244614
438,0,0,0.0,0.93224967,0.036709692,0.031040575
438,0,0,0.0,0.92763627,0.034243133,0.03812074
438,0,0,0.0,0.8737568,0.076281115,0.04996206
438,0,0,0.0,0.91562134,0.045581244,0.038797475
438,0,0,0.0,0.9345261,0.040390074,0.02508385
438,0,0,0.0,0.9534359,0.024179809,0.022384597
438,0,0,2.9802322387695312e-08,0.9651027,0.010739658,0.024157744
438,0,0,0.0,0.89069563,0.047718056,0.061586462
438,0,0,0.0,0.9367112,0.032831296,0.030457582
438,0,0,0.0,0.9355621,0.042339817,0.022098256
438,0,0,0.0,0.92269766,0.052875128,0.024427146
438,0,0,0.0,0.8988242,0.06763553,0.03354025
438,0,0,0.0,0.9353514,0.030118385,0.03453024
438,0,0,5.960464477539063e-08,0.90986747,0.057211503,0.032920983
438,0,0,0.0,0.93502086,0.03469767,0.030281441
438,0,0,0.0,0.94068587,0.029348575,0.029965594
438,0,0,5.960464477539063e-08,0.95910895,0.022210658,0.018680321
438,0,0,0.0,0.95352846,0.021183427,0.025288124
438,0,0,1.4901161193847656e-08,0.9497968,0.02267401,0.02752925
438,0,0,0.0,0.91771996,0.035739463,0.046540607
438,0,0,0.0,0.93786454,0.029303828,0.03283176
438,0,0,0.0,0.94058484,0.028332163,0.0310831
438,0,0,0.0,0.9536265,0.022984887,0.023388801
438,0,0,0.0,0.93578905,0.03511178,0.029099418
438,0,0,0.0,0.9243126,0.04005976,0.035627853
438,0,0,0.0,0.94546646,0.026992328,0.027541317
438,0,0,0.0,0.9523535,0.019082276,0.028564287
438,0,0,0.0,0.9653697,0.016592747,0.018037615
438,0,0,0.0,0.9639079,0.019966858,0.01612535
438,0,0,0.0,0.9593206,0.020273056,0.020406384
438,0,0,0.0,0.9274273,0.022672733,0.049900107
438,0,0,7.450580596923828e-08,0.9578005,0.012162758,0.030036649
438,0,0,0.0,0.96463686,0.011282684,0.024080494
438,0,0,0.0,0.9453022,0.023402462,0.031295616
438,0,0,0.0,0.96905625,0.014000384,0.016943544
438,0,0,0.0,0.9281177,0.03054994,0.04133239
438,0,0,0.0,0.96459675,0.013218204,0.022185126
438,0,0,4.470348358154297e-08,0.9707462,0.009471196,0.019782579
438,0,0,0.0,0.96765167,0.014695172,0.017653126
438,0,0,1.4901161193847656e-08,0.969648,0.014943408,0.015408664
438,0,0,0.0,0.96125746,0.0133653255,0.025377447
438,0,0,0.0,0.90765417,0.033075225,0.059270684
438,0,0,0.0,0.9542366,0.013142408,0.032620974
438,0,0,0.0,0.96087515,0.011896247,0.02722865
438,0,0,0.0,0.96888214,0.011665212,0.019452712
438,0,0,0.0,0.9658405,0.013341282,0.020818159
438,0,0,0.0,0.91966194,0.030865448,0.04947276
438,0,0,4.470348358154297e-08,0.9667074,0.0105732,0.022719324
438,0,0,0.0,0.9725981,0.008652442,0.01874958
438,0,0,0.0,0.9754696,0.009000428,0.01552996
438,0,0,0.0,0.97267884,0.012174212,0.015147042
438,0,0,0.0,0.9620952,0.01920222,0.018702727
438,0,0,0.0,0.9422455,0.012461858,0.04529287
438,0,0,0.0,0.93887997,0.016198484,0.04492175
438,0,0,0.0,0.93575776,0.0168602,0.047382224
438,0,0,0.0,0.93898624,0.024536543,0.036477253
438,0,0,0.0,0.939438,0.026388854,0.034173254
438,0,0,0.0,0.94697905,0.02462974,0.028391344
438,0,0,2.9802322387695312e-08,0.9641366,0.012908771,0.022954628
438,0,0,0.0,0.95788056,0.025695868,0.016423553
438,0,0,1.4901161193847656e-08,0.96101683,0.021075306,0.017907916
438,0,0,0.0,0.9579692,0.023235107,0.018795725
438,0,0,0.0,0.9639806,0.016328288,0.019691208
438,0,0,0.0,0.9348671,0.025320305,0.03981273
438,0,0,0.0,0.92410856,0.029342202,0.046549264
438,0,0,0.0,0.9122905,0.030601135,0.057108488
438,0,0,2.9802322387695312e-08,0.9314443,0.027068123,0.04148753
438,0,0,0.0,0.9202522,0.03413486,0.045613043
438,0,0,0.0,0.9415292,0.03041635,0.028054575
438,0,0,0.0,0.95501935,0.017621925,0.027358731
438,0,0,0.0,0.93482745,0.038259547,0.026913153
438,0,0,0.0,0.95513004,0.022756828,0.022113146
438,0,0,0.0,0.9496702,0.028170252,0.022159547
438,0,0,5.960464477539063e-08,0.9553534,0.020857407,0.023789208
438,0,0,0.0,0.9483945,0.029696949,0.021908578
438,0,0,0.0,0.9195042,0.037818544,0.042677388
438,0,0,0.0,0.9131923,0.035865508,0.050942298
438,0,0,7.450580596923828e-08,0.94584,0.020437941,0.03372196
438,0,0,0.0,0.917873,0.046050463,0.036076687
438,0,0,0.0,0.9025054,0.054572847,0.042921998
438,0,0,0.0,0.9060723,0.058162462,0.035765197
438,0,0,2.9802322387695312e-08,0.9417944,0.025801223,0.03240435
438,0,0,0.0,0.96500885,0.014095591,0.020895494
438,0,0,0.0,0.9559161,0.0152781345,0.028805902
438,0,0,0.0,0.9552898,0.016854452,0.027855989
438,0,0,0.0,0.9180016,0.041148663,0.040849898
438,0,0,0.0,0.9273631,0.02935442,0.043282535
438,0,0,0.0,0.9387532,0.024753883,0.036493026
438,0,0,0.0,0.9575496,0.012053827,0.030396653
438,0,0,0.0,0.9038906,0.04650035,0.04960918
438,0,0,0.0,0.9044525,0.052679766,0.042867694
438,0,0,0.0,0.95177376,0.022172758,0.026053572
438,0,0,0.0,0.9163829,0.052383646,0.03123353
438,0,0,0.0,0.94051886,0.031828377,0.027652975
438,0,0,0.0,0.95448893,0.021122593,0.024388535
438,0,0,0.0,0.93517935,0.022125829,0.042694893
438,0,0,0.0,0.9050441,0.050859895,0.044096142
438,0,0,0.0,0.912694,0.0429671,0.044339217
438,0,0,2.9802322387695312e-08,0.9594485,0.012568643,0.027982809
438,0,0,0.0,0.9328267,0.026880352,0.04029307
438,0,0,0.0,0.9188896,0.03726734,0.043843165
438,0,0,0.0,0.9160611,0.04979216,0.034146663
438,0,0,0.0,0.9238124,0.04946907,0.026718685
438,0,0,0.0,0.95997804,0.021652395,0.01836967
438,0,0,0.0,0.9515657,0.026299309,0.022135094
438,0,0,8.940696716308594e-08,0.9288541,0.027722592,0.043423217
438,0,0,0.0,0.85928816,0.06643507,0.074277
438,0,0,0.0,0.8344965,0.08100672,0.08449682
438,0,0,0.0,0.9007854,0.039060283,0.06015451
438,0,0,8.940696716308594e-08,0.8993022,0.04741381,0.053283952
438,0,0,0.0,0.9093199,0.02261775,0.06806262
438,0,0,0.0,0.90793705,0.0548035,0.03725968
438,0,0,0.0,0.9228311,0.04930409,0.02786474
438,0,0,0.0,0.9528765,0.02527892,0.021844741
438,0,0,0.0,0.94249654,0.032676406,0.024827223
438,0,0,0.0,0.90300477,0.054744408,0.042250935
438,0,0,0.0,0.9017244,0.06063668,0.03763897
438,0,0,0.0,0.8302002,0.083518885,0.08628103
438,0,0,0.0,0.8441834,0.075487554,0.080329075
438,0,0,0.0,0.85743386,0.07499386,0.06757236
438,0,0,0.0,0.8876163,0.062392402,0.04999112
438,0,0,0.0,0.867632,0.07577437,0.056593645
438,0,0,0.0,0.8808675,0.07357363,0.045558948
438,0,0,0.0,0.9245616,0.049198832,0.026239647
438,0,0,0.0,0.95071554,0.029278776,0.020005703
438,0,0,0.0,0.95809364,0.02483654,0.01707005
438,0,0,0.0,0.8946463,0.06392411,0.04142963
438,0,0,0.0,0.8692675,0.08270517,0.04802738
438,0,0,2.9802322387695312e-08,0.8938976,0.059915844,0.046186708
438,0,0,2.9802322387695312e-08,0.91166544,0.045565475,0.04276911
438,0,0,0.0,0.9698137,0.010933743,0.019252516
438,0,0,0.0,0.96745837,0.011454597,0.021087058
438,0,0,0.0,0.9165698,0.055976067,0.027454281
438,0,0,0.0,0.90449584,0.060448933,0.035055224
438,0,0,2.9802322387695312e-08,0.9341795,0.04063259,0.025187908
438,0,0,0.0,0.93988955,0.04002958,0.020080857
438,0,0,0.0,0.9509095,0.031547893,0.017542748
438,0,0,0.0,0.7934064,0.111999676,0.094594
438,0,0,0.0,0.8221137,0.11389406,0.063992225
438,0,0,0.0,0.8754172,0.07515092,0.049432024
438,0,0,0.0,0.944448,0.031008637,0.024543481
438,0,0,0.0,0.95045656,0.025542092,0.024001492
438,0,0,0.0,0.9450221,0.034085985,0.020892097
438,0,0,0.0,0.9145099,0.0516588,0.033831444
438,0,0,5.960464477539063e-08,0.91042536,0.051312204,0.038262364
438,0,0,0.0,0.912786,0.058068756,0.029145481
438,0,0,0.0,0.91392934,0.053289972,0.03278074
438,0,0,0.0,0.9364933,0.040146988,0.023359744
438,0,0,0.0,0.8688383,0.06197829,0.069183566
438,0,0,0.0,0.9379083,0.027539268,0.03455248
438,0,0,0.0,0.9445878,0.02133327,0.03407903
438,0,0,0.0,0.9090228,0.04609473,0.044882663
438,0,0,2.9802322387695312e-08,0.9217083,0.043572027,0.03471958
438,0,0,0.0,0.9305262,0.03645312,0.033020902
438,0,0,8.940696716308594e-08,0.9243589,0.041278653,0.034362357
438,0,0,0.0,0.87531143,0.068717204,0.055971477
304,1,1,0.0,0.003180499,0.97058827,0.026231268
304,1,1,4.470348358154297e-08,0.0032366659,0.9726755,0.02408777
304,1,1,0.0,0.0029388815,0.970191,0.026870226
304,1,1,0.0,0.0038240713,0.9428687,0.05330746
304,1,1,0.0,0.0034101994,0.96858734,0.028002571
304,1,1,0.0,0.004346916,0.94150275,0.054150365
304,1,1,0.0,0.0037889224,0.9361049,0.060106177
304,1,1,0.0,0.0038825197,0.9207954,0.07532235
304,1,1,0.0,0.0032722463,0.9685947,0.028133089
304,1,1,0.0,0.0036615524,0.95148903,0.04484944
304,1,1,0.0,0.0033690732,0.9455962,0.051034696
304,1,1,0.0,0.0037123528,0.96483606,0.031451713
304,1,1,0.0,0.003476286,0.9549126,0.04161115
304,1,1,1.4901161193847656e-08,0.0036382207,0.9622082,0.034153625
304,1,1,0.0,0.005042645,0.97833675,0.016620683
304,1,1,0.0,0.0037328675,0.9749761,0.021291176
304,1,1,0.0,0.0042085955,0.9724306,0.023360875
304,1,1,0.0,0.0028556096,0.9645716,0.032572936
304,1,1,0.0,0.017575217,0.95443535,0.027989488
304,1,1,0.0,0.010753258,0.95739746,0.03184955
304,1,1,0.0,0.019708654,0.92685425,0.053437266
304,1,1,0.0,0.0044007367,0.9455358,0.05006359
452,1,1,5.960464477539063e-08,0.00312427,0.89148253,0.105393164
452,1,1,0.0,0.0032680065,0.9634829,0.03324925
452,1,1,0.0,0.0028115588,0.9518715,0.045316976
452,1,1,0.0,0.0035854038,0.95374775,0.04266701
452,1,1,0.0,0.0033323525,0.951877,0.04479069
452,1,1,0.0,0.0028393704,0.94582266,0.051338
452,1,1,0.0,0.0029593196,0.95488936,0.04215135
452,1,1,0.0,0.0032717409,0.96624374,0.03048482
452,1,1,0.0,0.004793803,0.8875295,0.10767677
452,1,1,0.0,0.0029366652,0.97591347,0.02115001
452,1,1,0.0,0.0026937255,0.9707574,0.0265489
452,1,1,5.960464477539063e-08,0.006761026,0.6919298,0.3013092
452,1,1,0.0,0.0041143275,0.9308888,0.064996906
452,1,1,0.0,0.0033905641,0.9655888,0.031020772
452,1,1,0.0,0.016686967,0.68664753,0.29666558
452,1,1,0.0,0.006331901,0.80588686,0.18778126
140,1,0,0.0,0.8065659,0.06518096,0.12825313
140,1,0,5.960464477539063e-08,0.6920392,0.09734567,0.21061516
140,1,0,5.960464477539063e-08,0.51008415,0.15207879,0.3378371
140,1,2,0.0,0.14346308,0.30746824,0.54906875
140,1,2,0.0,0.075250305,0.44171456,0.4830353
140,1,2,0.0,0.2784085,0.18961391,0.53197765
140,1,0,0.0,0.71688986,0.06669553,0.21641481
140,1,0,0.0,0.7208055,0.07280766,0.20638692
140,1,2,0.0,0.40938234,0.13609263,0.4545251
140,1,1,0.0,0.052241325,0.4786885,0.46907023
140,1,1,0.0,0.03362211,0.562647,0.40373093
15,1,1,0.0,0.0038000862,0.95866936,0.03753075
15,1,1,0.0,0.0038920394,0.96262944,0.033478692
15,1,1,0.0,0.0041440544,0.9714223,0.024433732
15,1,1,0.0,0.004827224,0.9731537,0.022019122
15,1,1,2.9802322387695312e-08,0.003845568,0.95607966,0.040074714
15,1,1,0.0,0.0048541706,0.9582616,0.036884245
15,1,1,0.0,0.005109066,0.97081006,0.024080982
15,1,1,0.0,0.004857699,0.9780655,0.017076978
15,1,1,0.0,0.008292458,0.9756846,0.016023079
15,1,1,0.0,0.015086163,0.9698801,0.015033913
15,1,1,0.0,0.01831555,0.9688349,0.012849576
15,1,1,0.0,0.013014768,0.9741777,0.012807521
15,1,1,0.0,0.004431603,0.98067564,0.014892944
15,1,1,0.0,0.008698937,0.9799205,0.011380668
15,1,1,0.0,0.009735831,0.9804455,0.009818738
15,1,1,0.0,0.012852867,0.97653395,0.010613095
15,1,1,0.0,0.015556063,0.9748487,0.0095953625
15,1,1,0.0,0.023172135,0.96648043,0.0103474585
15,1,1,1.4901161193847656e-08,0.007975443,0.9820808,0.009943662
15,1,1,0.0,0.0072296266,0.9749011,0.017869327
15,1,1,0.0,0.0047919247,0.9801296,0.015078584
15,1,1,0.0,0.004716571,0.9819699,0.01331351
15,1,1,0.0,0.006627873,0.9835243,0.009847856
15,1,1,0.0,0.0061662113,0.98339957,0.010434225
15,1,1,7.450580596923828e-09,0.008438699,0.9823651,0.009196284
15,1,1,0.0,0.01076879,0.9798584,0.009372952
15,1,1,0.0,0.00992047,0.97345674,0.016622871
15,1,1,0.0,0.009692388,0.9791623,0.0111454325
15,1,1,0.0,0.00730653,0.98056406,0.012129491
15,1,1,0.0,0.007925715,0.9798392,0.012235236
15,1,1,0.0,0.0064086844,0.9806232,0.012968351
15,1,1,0.0,0.008816198,0.9801696,0.011014229
15,1,1,0.0,0.010079295,0.9798776,0.0100430455
15,1,1,0.0,0.0065849675,0.978754,0.014661282
15,1,1,0.0,0.006104063,0.97908056,0.014815506
15,1,1,0.0,0.006476453,0.98229086,0.011232708
15,1,1,0.0,0.006751835,0.98236465,0.010883505
15,1,1,0.0,0.0071393987,0.9810909,0.011769756
314,1,1,0.0,0.0037487661,0.9085483,0.087703094
314,1,1,0.0,0.0039292914,0.8045504,0.19152038
314,1,1,0.0,0.004042986,0.79837763,0.19757943
314,1,1,0.0,0.0048346394,0.84540975,0.14975569
314,1,1,0.0,0.004970369,0.8782477,0.11678208
314,1,1,0.0,0.0045188405,0.79817474,0.19730651
314,1,1,0.0,0.0042477488,0.6579622,0.3377902
314,1,1,0.0,0.0043625226,0.8610322,0.13460529
314,1,1,0.0,0.005720303,0.6918601,0.30241972
334,1,2,0.0,0.003749054,0.36386758,0.6323834
334,1,2,0.0,0.0034702688,0.38260052,0.6139293
334,1,1,0.0,0.0039555724,0.5081511,0.4878934
334,1,1,0.0,0.003000911,0.76419586,0.23280336
334,1,1,0.0,0.0024001268,0.8793894,0.1182104
334,1,1,0.0,0.0023088343,0.84403074,0.15366058
334,1,1,0.0,0.002319004,0.8462009,0.15148032
334,1,1,5.960464477539063e-08,0.0038258515,0.6868907,0.3092834
334,1,2,0.0,0.005505098,0.43776256,0.5567325
334,1,1,0.0,0.009326382,0.794632,0.19604169
334,1,1,0.0,0.0055285366,0.87037414,0.12409733
334,1,1,0.0,0.0023606932,0.93344086,0.064198464
334,1,1,0.0,0.002300796,0.93112946,0.066569895
334,1,1,2.9802322387695312e-08,0.0025427947,0.9068131,0.09064413
334,1,1,0.0,0.0025251873,0.87582177,0.12165304
334,1,1,0.0,0.0063605215,0.86739916,0.12624052
334,1,1,0.0,0.008059696,0.8867645,0.10517586
84,2,1,0.0,0.0058812755,0.8075925,0.18652633
84,2,2,0.0,0.004876291,0.46940348,0.52572024
84,2,1,0.0,0.005942748,0.7799749,0.21408252
84,2,1,0.0,0.00502652,0.68936473,0.30560884
84,2,2,0.0,0.016640073,0.33058795,0.65277207
84,2,2,0.0,0.011176593,0.28939596,0.6994276
84,2,2,0.0,0.01180837,0.043164037,0.94502753
84,2,2,0.0,0.010938885,0.033858784,0.9552025
271,2,2,0.0,0.010432921,0.06353137,0.9260358
271,2,2,0.0,0.031092905,0.064973295,0.90393394
271,2,2,0.0,0.04036823,0.079771824,0.87986
271,2,2,0.0,0.024846246,0.07624633,0.8989076
332,2,2,2.9802322387695312e-08,0.079016425,0.02041057,0.90057296
332,2,2,5.960464477539063e-08,0.10801094,0.015981304,0.8760077
332,2,2,8.940696716308594e-08,0.045877624,0.016902445,0.9372198
332,2,2,0.0,0.039821822,0.023203038,0.9369754
332,2,2,0.0,0.07992882,0.020702392,0.8993688
332,2,2,0.0,0.080452316,0.019120969,0.90042686
332,2,2,0.0,0.04559783,0.015972381,0.9384299
332,2,2,0.0,0.037792105,0.02433872,0.9378692
332,2,2,0.0,0.0046682474,0.45866168,0.5366701
332,2,2,0.0,0.017826969,0.09440207,0.8877712
332,2,2,8.940696716308594e-08,0.014859329,0.060450226,0.9246904
332,2,2,0.0,0.03472056,0.025730062,0.93954945
332,2,2,5.960464477539063e-08,0.035178613,0.025710955,0.9391104
332,2,2,0.0,0.026642451,0.02890116,0.94445646
332,2,2,0.0,0.021299371,0.10915329,0.8695475
332,2,2,0.0,0.012584025,0.11565526,0.8717609
332,2,2,0.0,0.014977151,0.06485406,0.9201689
332,2,2,0.0,0.0145624485,0.100165404,0.88527215
206,2,2,0.0,0.013460429,0.026246246,0.96029335
206,2,2,0.0,0.0072976057,0.07750113,0.91520125
206,2,1,0.0,0.038855366,0.5762028,0.38494182
206,2,2,0.0,0.046239607,0.38245544,0.571305
206,2,1,0.0,0.029709505,0.524484,0.44580656
206,2,1,0.0,0.0069414414,0.642048,0.35101062
206,2,1,0.0,0.018527698,0.8240177,0.15745462
206,2,1,0.0,0.040273268,0.66022426,0.2995026
206,2,2,0.0,0.01049189,0.08085375,0.90865433
206,2,2,0.0,0.009548616,0.085943714,0.90450776
206,2,2,5.960464477539063e-08,0.080325305,0.17039432,0.74928045
206,2,2,0.0,0.05686492,0.015187848,0.92794746
206,2,2,0.0,0.015740125,0.09954017,0.88471985
206,2,2,8.940696716308594e-08,0.012078712,0.061259627,0.9266617
206,2,2,0.0,0.16452958,0.06474622,0.7707243
206,2,2,0.0,0.025759852,0.1902648,0.78397536
206,2,2,0.0,0.06899368,0.3456547,0.58535165
206,2,2,0.0,0.020707812,0.29916736,0.6801248
206,2,2,0.0,0.025582334,0.18722355,0.7871942
206,2,1,0.0,0.021774402,0.8175427,0.16068287
206,2,1,0.0,0.017788596,0.69117725,0.29103425
206,2,2,0.0,0.36815524,0.18275215,0.44909284
233,2,2,0.0,0.015636753,0.25971553,0.7246478
233,2,2,0.0,0.015350311,0.39705428,0.5875955
233,2,2,0.0,0.015407591,0.19377682,0.7908157
233,2,2,2.9802322387695312e-08,0.012361488,0.059695713,0.9279429
233,2,2,0.0,0.012544556,0.09142405,0.8960315
233,2,2,0.0,0.042860173,0.0679024,0.8892375
233,2,2,0.0,0.029960565,0.10494737,0.8650923
233,2,2,0.0,0.021889301,0.15494612,0.8231646
233,2,2,0.0,0.018112695,0.3118837,0.67000365
233,2,2,0.0,0.0142191015,0.031627946,0.954153
233,2,2,1.1920928955078125e-07,0.052716702,0.09820349,0.8490798
233,2,2,0.0,0.05700304,0.06737414,0.8756229
233,2,2,0.0,0.037266828,0.1657751,0.79695815
233,2,2,0.0,0.014154194,0.37339956,0.61244625
233,2,2,0.0,0.012266554,0.44694993,0.54078364
233,2,2,0.0,0.010169936,0.36886725,0.6209629
233,2,2,0.0,0.06989954,0.15717782,0.77292264
233,2,2,0.0,0.049211256,0.11110303,0.8396856
233,2,2,0.0,0.03227138,0.21025708,0.75747156
233,2,2,0.0,0.011856508,0.34506744,0.6430762
233,2,2,0.0,0.00976508,0.45836648,0.5318685
233,2,1,0.0,0.0090714395,0.5389539,0.45197472
233,2,2,0.0,0.015662141,0.4826951,0.5016428
233,2,1,0.0,0.029534947,0.5696832,0.40078193
233,2,1,0.0,0.046689525,0.59317124,0.36013937
233,2,2,0.0,0.08748574,0.19514656,0.7173678
233,2,2,0.0,0.02919916,0.23550567,0.73529536
233,2,2,0.0,0.016576376,0.37241444,0.6110093
233,2,2,0.0,0.012148633,0.49341154,0.49444005
233,2,2,0.0,0.010285348,0.45738706,0.5323277
233,2,1,0.0,0.009611675,0.5495557,0.4408327
233,2,1,0.0,0.012819722,0.5486692,0.43851116
233,2,2,0.0,0.014778506,0.39315417,0.59206754
233,2,1,0.0,0.023047365,0.59654164,0.38041106
233,2,1,0.0,0.036224008,0.58429074,0.37948537
233,2,2,1.1920928955078125e-07,0.05185531,0.3112256,0.63691914
233,2,2,0.0,0.034696743,0.40284622,0.562457
233,2,2,0.0,0.020033186,0.4709895,0.5089774
233,2,1,5.960464477539063e-08,0.010141389,0.54916245,0.4406962
233,2,2,0.0,0.011278952,0.4059236,0.5827975
233,2,1,0.0,0.011131352,0.58659303,0.40227565
233,2,2,0.0,0.010897162,0.42930606,0.5597968
233,2,2,0.0,0.011922625,0.4554716,0.53260595
233,2,1,0.0,0.010541863,0.5965194,0.39293882
233,2,1,0.0,0.081205696,0.58371747,0.33507687
233,2,2,0.0,0.069220625,0.2674135,0.66336596
233,2,2,0.0,0.06539,0.30067992,0.6339302
233,2,2,0.0,0.020675251,0.31727636,0.6620484
233,2,2,0.0,0.021647342,0.23877937,0.7395734
233,2,2,0.0,0.038211223,0.2124747,0.7493143
233,2,2,0.0,0.10276737,0.2924621,0.6047706
233,2,2,0.0,0.036141858,0.4047337,0.5591245
233,2,2,0.0,0.009290247,0.27773014,0.7129798
233,2,2,0.0,0.01351694,0.3083362,0.6781469
233,2,2,5.960464477539063e-08,0.023322098,0.35460287,0.62207496
233,2,2,0.0,0.012048747,0.40119705,0.5867544
233,2,2,0.0,0.025006056,0.41563365,0.5593603
233,2,2,0.0,0.06595998,0.3256088,0.6084313
233,2,2,0.0,0.09061125,0.30276352,0.6066253
233,2,2,0.0,0.030938186,0.32258892,0.646473
233,2,2,0.0,0.009772943,0.35520223,0.63502496
233,2,2,0.0,0.011682775,0.34519795,0.64311934
233,2,2,0.0,0.027833086,0.4612608,0.51090616
233,2,1,0.0,0.02116909,0.5599687,0.4188623
233,2,1,0.0,0.033207946,0.5598695,0.40692243
233,2,1,0.0,0.02644868,0.58277947,0.390772
233,2,1,0.0,0.019294525,0.60306704,0.37763846
202,2,2,0.0,0.0053400304,0.37641144,0.61824864
202,2,2,0.0,0.0072300783,0.2561368,0.7366333
202,2,2,0.0,0.008385534,0.03902145,0.95259297
202,2,2,0.0,0.00828152,0.19346812,0.7982505
202,2,2,0.0,0.013263377,0.123184636,0.86355215
202,2,2,0.0,0.013001514,0.15000553,0.83699316
202,2,2,0.0,0.008465004,0.033292722,0.9582424
202,2,2,0.0,0.007867049,0.20475009,0.7873831
202,2,2,0.0,0.007109659,0.24145222,0.75143826
202,2,2,0.0,0.008205205,0.2276519,0.76414305
202,2,2,0.0,0.020100122,0.3442,0.6357
202,2,2,0.0,0.00821527,0.09959529,0.89218944
202,2,2,2.9802322387695312e-08,0.008858972,0.09173176,0.89940935
202,2,2,0.0,0.0054705613,0.08341459,0.91111493
202,2,2,0.0,0.0056175133,0.07582566,0.9185571
202,2,2,0.0,0.0063047553,0.34432244,0.6493729
202,2,2,0.0,0.011125335,0.16877785,0.82009697
202,2,2,0.0,0.017637191,0.2703078,0.71205497
202,2,2,0.0,0.03261915,0.30398995,0.6633911
202,2,2,0.0,0.025566055,0.0815736,0.8928604
202,2,2,0.0,0.031759966,0.18350302,0.78473717
202,2,0,0.0,0.43376064,0.1377398,0.42849955
214,2,2,0.0,0.020486575,0.027888566,0.9516249
214,2,2,0.0,0.03558957,0.016406208,0.9480043
214,2,2,0.0,0.015253189,0.045108408,0.9396386
214,2,2,0.0,0.01783173,0.04010676,0.9420616
214,2,2,2.9802322387695312e-08,0.02646188,0.033249095,0.9402891
214,2,2,4.470348358154297e-08,0.023897074,0.014284981,0.961818
214,2,2,0.0,0.03288248,0.031436116,0.93568146
214,2,2,0.0,0.018031167,0.060659006,0.92130995
214,2,2,0.0,0.031016672,0.086738005,0.8822455
214,2,2,0.0,0.10634934,0.10012975,0.7935209
214,2,2,0.0,0.016730413,0.14519241,0.8380772
214,2,2,0.0,0.08156885,0.10059595,0.8178353
214,2,2,0.0,0.25597206,0.21423762,0.5297904
214,2,2,0.0,0.08293618,0.010725165,0.90633863
214,2,2,0.0,0.028949669,0.019879721,0.9511708
214,2,2,2.9802322387695312e-08,0.019548707,0.033387464,0.94706386
214,2,2,0.0,0.015938511,0.11856497,0.8654967
214,2,2,0.0,0.019397318,0.11028011,0.8703227
214,2,2,0.0,0.008353428,0.11432197,0.8773247
214,2,2,0.0,0.009748945,0.13740201,0.85284907
214,2,1,0.0,0.016177852,0.57176423,0.41205797
214,2,2,0.0,0.08019237,0.011699766,0.9081079
214,2,2,5.960464477539063e-08,0.26130944,0.0137639195,0.72492665
214,2,2,0.0,0.018491063,0.022736512,0.95877266
214,2,2,0.0,0.012798247,0.031394165,0.95580775
214,2,2,0.0,0.011798886,0.07835667,0.9098445
214,2,2,0.0,0.008093995,0.07715587,0.9147502
214,2,2,0.0,0.0073459325,0.085320145,0.9073339
214,2,2,0.0,0.013931744,0.19982572,0.7862426
214,2,2,0.0,0.08072603,0.016258573,0.9030153
214,2,2,0.0,0.4142268,0.027741192,0.558032
214,2,2,0.0,0.2583277,0.03728615,0.70438623
214,2,2,0.0,0.021573601,0.064704835,0.9137216
214,2,2,0.0,0.014926758,0.12037065,0.86470264
214,2,2,0.0,0.011824766,0.08767506,0.90050024
214,2,2,0.0,0.006736135,0.07822513,0.91503876
214,2,2,0.0,0.00693334,0.1195213,0.87354565
214,2,2,0.0,0.20230865,0.034301046,0.7633905
214,2,2,0.0,0.25556374,0.04901969,0.6954165
214,2,2,2.9802322387695312e-08,0.0541888,0.046284895,0.8995263
214,2,2,0.0,0.028178986,0.04954656,0.92227453
214,2,2,0.0,0.02604074,0.033698652,0.9402609
214,2,2,0.0,0.010121911,0.07180929,0.9180689
214,2,2,0.0,0.045466498,0.01831781,0.9362158
214,2,2,0.0,0.023778435,0.01913345,0.95708823
214,2,2,0.0,0.0077445833,0.10882092,0.88343465
361,2,1,0.0,0.008281662,0.71947134,0.27224708
361,2,1,0.0,0.0076716025,0.7384848,0.25384375
361,2,2,0.0,0.039541807,0.3291378,0.6313205
361,2,2,0.0,0.00758356,0.44018075,0.5522359
361,2,2,0.0,0.0076142973,0.48703265,0.5053531
361,2,2,1.4901161193847656e-07,0.036645032,0.089378975,0.87397593
361,2,2,0.0,0.24408896,0.08482439,0.6710868
361,2,1,0.0,0.0075605316,0.8864803,0.1059594
361,2,2,0.0,0.016175492,0.15039785,0.8334266
361,2,2,0.0,0.027819432,0.235634,0.73654664
362,2,2,0.0,0.007045036,0.46493834,0.5280167
362,2,1,0.0,0.05356393,0.7836776,0.16275853
362,2,2,0.0,0.017058862,0.34522343,0.63771784
362,2,2,0.0,0.022489054,0.3470877,0.6304231
362,2,2,0.0,0.015391341,0.21853845,0.7660703
362,2,2,0.0,0.030501679,0.44790778,0.52159065
362,2,2,0.0,0.016386982,0.43994072,0.5436723
362,2,2,5.960464477539063e-08,0.042079914,0.3930531,0.56486696
362,2,0,0.0,0.5091047,0.12641537,0.36448002
362,2,1,0.0,0.027276421,0.5423603,0.43036327
362,2,1,0.0,0.032419592,0.5395549,0.42802557
360,2,2,0.0,0.012821263,0.37447798,0.612701
360,2,1,0.0,0.007256397,0.51890737,0.47383624
360,2,1,0.0,0.010210349,0.50099164,0.48879814
360,2,2,0.0,0.008401335,0.40979248,0.5818063
360,2,2,0.0,0.02659356,0.16292968,0.81047684
360,2,2,0.0,0.023780119,0.33184993,0.6443699
360,2,1,0.0,0.0076375552,0.6103891,0.38197345
360,2,2,0.0,0.007988502,0.47548077,0.5165308
360,2,2,0.0,0.040632635,0.22344358,0.7359239
360,2,2,5.960464477539063e-08,0.05621821,0.43002805,0.5137537
360,2,1,0.0,0.0055651693,0.84732634,0.14710864
360,2,2,0.0,0.0162997,0.22430253,0.75939786
